,inter_metric,motifs,motif_metric
0,0.04117445361146349,"[[np.int64(0)], [np.int64(1)], [np.int64(2), 3, 6, 7], [4], [5]]",[0.04087706 0.05551131 0.27061919 0.04087706 0.05551131]
1,0.06081645290961368,"[[np.int64(0)], [np.int64(1), 5], [np.int64(2), 3, 7], [4], [6]]",[0.04087706 0.13341475 0.18194732 0.04087706 0.04663773]
2,0.060816452909613794,"[[np.int64(0)], [np.int64(1), 5], [np.int64(2)], [np.int64(3), 6, 7], [np.int64(4)]]",[0.04087706 0.13341475 0.04663773 0.18194732 0.04087706]
3,0.06081645290961407,"[[np.int64(0)], [np.int64(1), 5], [np.int64(2), 6, 7], [np.int64(3)], [np.int64(4)]]",[0.04087706 0.13341475 0.18194732 0.04663773 0.04087706]
4,0.06081645290961418,"[[np.int64(0)], [np.int64(1), 5], [np.int64(2), 3, 6], [4], [7]]",[0.04087706 0.13341475 0.18194732 0.04087706 0.04663773]
5,0.06450975291822808,"[[np.int64(0)], [np.int64(1), 5], [np.int64(2), 6], [np.int64(3), 7], [np.int64(4)]]",[0.04087706 0.13341475 0.11244588 0.11244588 0.04087706]
6,0.06581538341950682,"[[np.int64(0)], [np.int64(1), 5], [np.int64(2), 7], [np.int64(3), 6], [np.int64(4)]]",[0.04087706 0.13341475 0.11179306 0.11179306 0.04087706]
7,0.07135946284639638,"[[np.int64(0)], [np.int64(1)], [np.int64(2), 3, 4, 7], [5], [6]]",[0.04087706 0.05551131 0.23467351 0.05551131 0.04663773]
8,0.07135946284639644,"[[np.int64(0), 3, 6, 7], [np.int64(1)], [np.int64(2)], [4], [5]]",[0.23467351 0.05551131 0.04663773 0.04087706 0.05551131]
9,0.07135946284639672,"[[np.int64(0), 2, 6, 7], [np.int64(1)], [3], [4], [5]]",[0.23467351 0.05551131 0.04663773 0.04087706 0.05551131]
10,0.07135946284639694,"[[np.int64(0)], [np.int64(1)], [np.int64(2), 3, 4, 6], [5], [7]]",[0.04087706 0.05551131 0.23467351 0.05551131 0.04663773]
11,0.07298248754104891,"[[np.int64(0), 5], [np.int64(1)], [np.int64(2), 3, 7], [4], [6]]",[0.10661447 0.05551131 0.18194732 0.04087706 0.04663773]
12,0.07298248754104897,"[[np.int64(0)], [np.int64(1), 4], [np.int64(2), 3, 7], [5], [6]]",[0.04087706 0.10661447 0.18194732 0.05551131 0.04663773]
13,0.07298248754104897,"[[np.int64(0)], [np.int64(1), 4], [np.int64(2)], [np.int64(3), 6, 7], [5]]",[0.04087706 0.10661447 0.04663773 0.18194732 0.05551131]
14,0.07298248754104897,"[[np.int64(0), 5], [np.int64(1)], [np.int64(2)], [np.int64(3), 6, 7], [np.int64(4)]]",[0.10661447 0.05551131 0.04663773 0.18194732 0.04087706]
15,0.07298248754104919,"[[np.int64(0), 5], [np.int64(1)], [np.int64(2), 6, 7], [np.int64(3)], [np.int64(4)]]",[0.10661447 0.05551131 0.18194732 0.04663773 0.04087706]
16,0.07298248754104925,"[[np.int64(0)], [np.int64(1), 4], [np.int64(2), 6, 7], [np.int64(3)], [5]]",[0.04087706 0.10661447 0.18194732 0.04663773 0.05551131]
17,0.07298248754104936,"[[np.int64(0)], [np.int64(1), 4], [np.int64(2), 3, 6], [5], [7]]",[0.04087706 0.10661447 0.18194732 0.05551131 0.04663773]
18,0.07298248754104936,"[[np.int64(0), 5], [np.int64(1)], [np.int64(2), 3, 6], [4], [7]]",[0.10661447 0.05551131 0.18194732 0.04087706 0.04663773]
19,0.07445411886489417,"[[np.int64(0), 4], [np.int64(1)], [np.int64(2), 3, 7], [5], [6]]",[0.09050859 0.05551131 0.18194732 0.05551131 0.04663773]
20,0.07445411886489423,"[[np.int64(0), 4], [np.int64(1)], [np.int64(2)], [np.int64(3), 6, 7], [5]]",[0.09050859 0.05551131 0.04663773 0.18194732 0.05551131]
21,0.07445411886489445,"[[np.int64(0), 4], [np.int64(1)], [np.int64(2), 6, 7], [np.int64(3)], [5]]",[0.09050859 0.05551131 0.18194732 0.04663773 0.05551131]
22,0.07445411886489456,"[[np.int64(0), 4], [np.int64(1)], [np.int64(2), 3, 6], [5], [7]]",[0.09050859 0.05551131 0.18194732 0.05551131 0.04663773]
23,0.07482895444053128,"[[np.int64(0)], [np.int64(1)], [np.int64(2), 6, 7], [np.int64(3), 4], [5]]",[0.04087706 0.05551131 0.18194732 0.09589443 0.05551131]
24,0.07482895444053128,"[[np.int64(0), 7], [np.int64(1)], [np.int64(2), 3, 6], [4], [5]]",[0.09589443 0.05551131 0.18194732 0.04087706 0.05551131]
25,0.07482895444053139,"[[np.int64(0), 6], [np.int64(1)], [np.int64(2), 3, 7], [4], [5]]",[0.09589443 0.05551131 0.18194732 0.04087706 0.05551131]
26,0.07482895444053145,"[[np.int64(0)], [np.int64(1)], [np.int64(2), 4], [np.int64(3), 6, 7], [5]]",[0.04087706 0.05551131 0.09589443 0.18194732 0.05551131]
27,0.07492569921387127,"[[np.int64(0), 4], [np.int64(1), 5], [np.int64(2)], [np.int64(3), 7], [6]]",[0.09050859 0.13341475 0.04663773 0.11244588 0.04663773]
28,0.0749256992138716,"[[np.int64(0), 4], [np.int64(1), 5], [np.int64(2), 6], [np.int64(3)], [7]]",[0.09050859 0.13341475 0.11244588 0.04663773 0.04663773]
29,0.07530053478950832,"[[np.int64(0)], [np.int64(1), 5], [np.int64(2), 6], [np.int64(3), 4], [7]]",[0.04087706 0.13341475 0.11244588 0.09589443 0.04663773]
30,0.07530053478950832,"[[np.int64(0), 7], [np.int64(1), 5], [np.int64(2), 6], [np.int64(3)], [np.int64(4)]]",[0.09589443 0.13341475 0.11244588 0.04663773 0.04087706]
31,0.07530053478950843,"[[np.int64(0), 6], [np.int64(1), 5], [np.int64(2)], [np.int64(3), 7], [np.int64(4)]]",[0.09589443 0.13341475 0.04663773 0.11244588 0.04087706]
32,0.07530053478950849,"[[np.int64(0)], [np.int64(1), 5], [np.int64(2), 4], [np.int64(3), 7], [6]]",[0.04087706 0.13341475 0.09589443 0.11244588 0.04663773]
33,0.0755785144645107,"[[np.int64(0), 4], [np.int64(1), 5], [np.int64(2), 7], [np.int64(3)], [6]]",[0.09050859 0.13341475 0.11179306 0.04663773 0.04663773]
34,0.07557851446451086,"[[np.int64(0), 4], [np.int64(1), 5], [np.int64(2)], [np.int64(3), 6], [7]]",[0.09050859 0.13341475 0.04663773 0.11179306 0.04663773]
35,0.07595335004014747,"[[np.int64(0)], [np.int64(1), 5], [np.int64(2), 7], [np.int64(3), 4], [6]]",[0.04087706 0.13341475 0.11179306 0.09589443 0.04663773]
36,0.07595335004014753,"[[np.int64(0), 7], [np.int64(1), 5], [np.int64(2)], [np.int64(3), 6], [np.int64(4)]]",[0.09589443 0.13341475 0.04663773 0.11179306 0.04087706]
37,0.07595335004014797,"[[np.int64(0), 6], [np.int64(1), 5], [np.int64(2), 7], [np.int64(3)], [np.int64(4)]]",[0.09589443 0.13341475 0.11179306 0.04663773 0.04087706]
38,0.07595335004014808,"[[np.int64(0)], [np.int64(1), 5], [np.int64(2), 4], [np.int64(3), 6], [7]]",[0.04087706 0.13341475 0.09589443 0.11179306 0.04663773]
39,0.0766757875496632,"[[np.int64(0), 5], [np.int64(1)], [np.int64(2), 6], [np.int64(3), 7], [np.int64(4)]]",[0.10661447 0.05551131 0.11244588 0.11244588 0.04087706]
40,0.07667578754966325,"[[np.int64(0)], [np.int64(1), 4], [np.int64(2), 6], [np.int64(3), 7], [5]]",[0.04087706 0.10661447 0.11244588 0.11244588 0.05551131]
41,0.077981418050942,"[[np.int64(0), 5], [np.int64(1)], [np.int64(2), 7], [np.int64(3), 6], [np.int64(4)]]",[0.10661447 0.05551131 0.11179306 0.11179306 0.04087706]
42,0.07798141805094205,"[[np.int64(0)], [np.int64(1), 4], [np.int64(2), 7], [np.int64(3), 6], [5]]",[0.04087706 0.10661447 0.11179306 0.11179306 0.05551131]
43,0.07814741887350846,"[[np.int64(0), 4], [np.int64(1)], [np.int64(2), 6], [np.int64(3), 7], [5]]",[0.09050859 0.05551131 0.11244588 0.11244588 0.05551131]
44,0.078631525723944,"[[np.int64(0)], [np.int64(1), 4, 5], [np.int64(2)], [np.int64(3), 7], [6]]",[0.04087706 0.17934046 0.04663773 0.11244588 0.04663773]
45,0.078631525723944,"[[np.int64(0), np.int64(1), 5], [2], [3, 7], [4], [6]]",[0.17934046 0.04663773 0.11244588 0.04087706 0.04663773]
46,0.07863152572394433,"[[np.int64(0), np.int64(1), 5], [2, 6], [3], [4], [7]]",[0.17934046 0.11244588 0.04663773 0.04087706 0.04663773]
47,0.07863152572394438,"[[np.int64(0)], [np.int64(1), 4, 5], [np.int64(2), 6], [np.int64(3)], [7]]",[0.04087706 0.17934046 0.11244588 0.04663773 0.04663773]
48,0.07928434097458348,"[[np.int64(0)], [np.int64(1), 4, 5], [np.int64(2), 7], [np.int64(3)], [6]]",[0.04087706 0.17934046 0.11179306 0.04663773 0.04663773]
49,0.07928434097458353,"[[np.int64(0), np.int64(1), 5], [2, 7], [3], [4], [6]]",[0.17934046 0.11179306 0.04663773 0.04087706 0.04663773]
50,0.07928434097458364,"[[np.int64(0), np.int64(1), 5], [2], [3, 6], [4], [7]]",[0.17934046 0.04663773 0.11179306 0.04087706 0.04663773]
51,0.0792843409745837,"[[np.int64(0)], [np.int64(1), 4, 5], [np.int64(2)], [np.int64(3), 6], [7]]",[0.04087706 0.17934046 0.04663773 0.11179306 0.04663773]
52,0.07945304937478725,"[[np.int64(0), 4], [np.int64(1)], [np.int64(2), 7], [np.int64(3), 6], [5]]",[0.09050859 0.05551131 0.11179306 0.11179306 0.05551131]
53,0.08021068027326628,"[[np.int64(0), 3, 7], [np.int64(1), 5], [np.int64(2)], [4], [6]]",[0.15679243 0.13341475 0.04663773 0.04087706 0.04663773]
54,0.08021068027326633,"[[np.int64(0)], [np.int64(1), 5], [np.int64(2)], [np.int64(3), 4, 7], [6]]",[0.04087706 0.13341475 0.04663773 0.15679243 0.04663773]
55,0.08021068027326728,"[[np.int64(0), 2, 6], [np.int64(1), 5], [3], [4], [7]]",[0.15679243 0.13341475 0.04663773 0.04087706 0.04663773]
56,0.08021068027326728,"[[np.int64(0)], [np.int64(1), 5], [np.int64(2), 4, 6], [np.int64(3)], [7]]",[0.04087706 0.13341475 0.15679243 0.04663773 0.04663773]
57,0.08086349552390593,"[[np.int64(0), 2, 7], [np.int64(1), 5], [3], [4], [6]]",[0.15613961 0.13341475 0.04663773 0.04087706 0.04663773]
58,0.08086349552390609,"[[np.int64(0)], [np.int64(1), 5], [np.int64(2)], [np.int64(3), 4, 6], [7]]",[0.04087706 0.13341475 0.04663773 0.15613961 0.04663773]
59,0.08086349552390626,"[[np.int64(0)], [np.int64(1), 5], [np.int64(2), 4, 7], [np.int64(3)], [6]]",[0.04087706 0.13341475 0.15613961 0.04663773 0.04663773]
60,0.08086349552390643,"[[np.int64(0), 3, 6], [np.int64(1), 5], [np.int64(2)], [4], [7]]",[0.15613961 0.13341475 0.04663773 0.04087706 0.04663773]
61,0.08174520140153502,"[[np.int64(0), 6, 7], [np.int64(1), 5], [np.int64(2)], [np.int64(3)], [np.int64(4)]]",[0.15525791 0.13341475 0.04663773 0.04663773 0.04087706]
62,0.08174520140153518,"[[np.int64(0)], [np.int64(1), 5], [np.int64(2), 3, 4], [6], [7]]",[0.04087706 0.13341475 0.15525791 0.04663773 0.04663773]
63,0.08330212916262525,"[[np.int64(0)], [np.int64(1), 6], [np.int64(2), 3, 7], [4], [5]]",[0.04087706 0.1020555  0.18194732 0.04087706 0.05551131]
64,0.0833021291626253,"[[np.int64(0)], [np.int64(1)], [np.int64(2), 5], [np.int64(3), 6, 7], [np.int64(4)]]",[0.04087706 0.05551131 0.1020555  0.18194732 0.04087706]
65,0.0833021291626258,"[[np.int64(0)], [np.int64(1)], [np.int64(2), 6, 7], [np.int64(3), 5], [np.int64(4)]]",[0.04087706 0.05551131 0.18194732 0.1020555  0.04087706]
66,0.08330212916262592,"[[np.int64(0)], [np.int64(1), 7], [np.int64(2), 3, 6], [4], [5]]",[0.04087706 0.1020555  0.18194732 0.04087706 0.05551131]
67,0.08343239993290352,"[[np.int64(0), 3, 7], [np.int64(1)], [np.int64(2), 6], [4], [5]]",[0.15679243 0.05551131 0.11244588 0.04087706 0.05551131]
68,0.08343239993290358,"[[np.int64(0)], [np.int64(1)], [np.int64(2), 6], [np.int64(3), 4, 7], [5]]",[0.04087706 0.05551131 0.11244588 0.15679243 0.05551131]
69,0.08343239993290413,"[[np.int64(0)], [np.int64(1)], [np.int64(2), 4, 6], [np.int64(3), 7], [5]]",[0.04087706 0.05551131 0.15679243 0.11244588 0.05551131]
70,0.08343239993290424,"[[np.int64(0), 2, 6], [np.int64(1)], [3, 7], [4], [5]]",[0.15679243 0.05551131 0.11244588 0.04087706 0.05551131]
71,0.08399882587613022,"[[np.int64(0), np.int64(1), 4, 5], [2], [3], [6], [7]]",[0.23402064 0.04663773 0.04663773 0.04663773 0.04663773]
72,0.08464924540804775,"[[np.int64(0), 2, 3, 7], [np.int64(1)], [4], [5], [6]]",[0.22138373 0.05551131 0.04087706 0.05551131 0.04663773]
73,0.0846492454080478,"[[np.int64(0)], [np.int64(1)], [np.int64(2)], [np.int64(3), 4, 6, 7], [5]]",[0.04087706 0.05551131 0.04663773 0.22138373 0.05551131]
74,0.08464924540804852,"[[np.int64(0)], [np.int64(1)], [np.int64(2), 4, 6, 7], [np.int64(3)], [5]]",[0.04087706 0.05551131 0.22138373 0.04663773 0.05551131]
75,0.08464924540804869,"[[np.int64(0), 2, 3, 6], [np.int64(1)], [4], [5], [7]]",[0.22138373 0.05551131 0.04087706 0.05551131 0.04663773]
76,0.08473803043418249,"[[np.int64(0), 2, 7], [np.int64(1)], [3, 6], [4], [5]]",[0.15613961 0.05551131 0.11179306 0.04087706 0.05551131]
77,0.0847380304341826,"[[np.int64(0)], [np.int64(1)], [np.int64(2), 7], [np.int64(3), 4, 6], [5]]",[0.04087706 0.05551131 0.11179306 0.15613961 0.05551131]
78,0.08473803043418282,"[[np.int64(0)], [np.int64(1)], [np.int64(2), 4, 7], [np.int64(3), 6], [5]]",[0.04087706 0.05551131 0.15613961 0.11179306 0.05551131]
79,0.08473803043418288,"[[np.int64(0), 3, 6], [np.int64(1)], [np.int64(2), 7], [4], [5]]",[0.15613961 0.05551131 0.11179306 0.04087706 0.05551131]
80,0.08562010252146113,"[[np.int64(0), 5], [np.int64(1), 4], [np.int64(2)], [np.int64(3), 7], [6]]",[0.10661447 0.10661447 0.04663773 0.11244588 0.04663773]
81,0.08562010252146152,"[[np.int64(0), 5], [np.int64(1), 4], [np.int64(2), 6], [np.int64(3)], [7]]",[0.10661447 0.10661447 0.11244588 0.04663773 0.04663773]
82,0.08609131666078818,"[[np.int64(0), 7], [np.int64(1), 5], [np.int64(2)], [np.int64(3), 4], [6]]",[0.09589443 0.13341475 0.04663773 0.09589443 0.04663773]
83,0.08609131666078862,"[[np.int64(0), 7], [np.int64(1), 5], [np.int64(2), 4], [np.int64(3)], [6]]",[0.09589443 0.13341475 0.09589443 0.04663773 0.04663773]
84,0.08609131666078867,"[[np.int64(0), 6], [np.int64(1), 5], [np.int64(2)], [np.int64(3), 4], [7]]",[0.09589443 0.13341475 0.04663773 0.09589443 0.04663773]
85,0.08609131666078912,"[[np.int64(0), 6], [np.int64(1), 5], [np.int64(2), 4], [np.int64(3)], [7]]",[0.09589443 0.13341475 0.09589443 0.04663773 0.04663773]
86,0.08627291777210072,"[[np.int64(0), 5], [np.int64(1), 4], [np.int64(2), 7], [np.int64(3)], [6]]",[0.10661447 0.10661447 0.11179306 0.04663773 0.04663773]
87,0.08627291777210083,"[[np.int64(0), 5], [np.int64(1), 4], [np.int64(2)], [np.int64(3), 6], [7]]",[0.10661447 0.10661447 0.04663773 0.11179306 0.04663773]
88,0.08660190795280576,"[[np.int64(0)], [np.int64(1)], [np.int64(2), 3, 7], [4], [5, 6]]",[0.04087706 0.05551131 0.18194732 0.04087706 0.09875572]
89,0.08660190795280576,"[[np.int64(0)], [np.int64(1), 2], [3, 6, 7], [4], [5]]",[0.04087706 0.09875572 0.18194732 0.04087706 0.05551131]
90,0.08660190795280626,"[[np.int64(0)], [np.int64(1), 3], [np.int64(2), 6, 7], [4], [5]]",[0.04087706 0.09875572 0.18194732 0.04087706 0.05551131]
91,0.08660190795280626,"[[np.int64(0)], [np.int64(1)], [np.int64(2), 3, 6], [4], [5, 7]]",[0.04087706 0.05551131 0.18194732 0.04087706 0.09875572]
92,0.08678898324120804,"[[np.int64(0)], [np.int64(1)], [np.int64(2), 3, 5, 7], [4], [6]]",[0.04087706 0.05551131 0.23387824 0.04087706 0.04663773]
93,0.0867889832412082,"[[np.int64(0)], [np.int64(1), 3, 6, 7], [np.int64(2)], [4], [5]]",[0.04087706 0.23387824 0.04663773 0.04087706 0.05551131]
94,0.08678898324120826,"[[np.int64(0)], [np.int64(1), 2, 6, 7], [3], [4], [5]]",[0.04087706 0.23387824 0.04663773 0.04087706 0.05551131]
95,0.08678898324120837,"[[np.int64(0)], [np.int64(1)], [np.int64(2), 3, 5, 6], [4], [7]]",[0.04087706 0.05551131 0.23387824 0.04087706 0.04663773]
96,0.08716702594598369,"[[np.int64(0)], [np.int64(1), 2, 5], [3, 7], [4], [6]]",[0.04087706 0.17656562 0.11244588 0.04087706 0.04663773]
97,0.0871670259459838,"[[np.int64(0)], [np.int64(1), 5, 6], [np.int64(2)], [np.int64(3), 7], [np.int64(4)]]",[0.04087706 0.17656562 0.04663773 0.11244588 0.04087706]
98,0.08716702594598447,"[[np.int64(0)], [np.int64(1), 3, 5], [np.int64(2), 6], [4], [7]]",[0.04087706 0.17656562 0.11244588 0.04087706 0.04663773]
99,0.08716702594598452,"[[np.int64(0)], [np.int64(1), 5, 7], [np.int64(2), 6], [np.int64(3)], [np.int64(4)]]",[0.04087706 0.17656562 0.11244588 0.04663773 0.04087706]
100,0.0874665694209435,"[[np.int64(0), 7], [np.int64(1), 4], [np.int64(2), 6], [np.int64(3)], [5]]",[0.09589443 0.10661447 0.11244588 0.04663773 0.05551131]
101,0.08746656942094355,"[[np.int64(0), 5], [np.int64(1)], [np.int64(2), 6], [np.int64(3), 4], [7]]",[0.10661447 0.05551131 0.11244588 0.09589443 0.04663773]
102,0.08746656942094361,"[[np.int64(0), 5], [np.int64(1)], [np.int64(2), 4], [np.int64(3), 7], [6]]",[0.10661447 0.05551131 0.09589443 0.11244588 0.04663773]
103,0.08746656942094361,"[[np.int64(0), 6], [np.int64(1), 4], [np.int64(2)], [np.int64(3), 7], [5]]",[0.09589443 0.10661447 0.04663773 0.11244588 0.05551131]
104,0.08781984119662328,"[[np.int64(0)], [np.int64(1), 5, 6], [np.int64(2), 7], [np.int64(3)], [np.int64(4)]]",[0.04087706 0.17656562 0.11179306 0.04663773 0.04087706]
105,0.08781984119662334,"[[np.int64(0)], [np.int64(1), 2, 5], [3, 6], [4], [7]]",[0.04087706 0.17656562 0.11179306 0.04087706 0.04663773]
106,0.08781984119662367,"[[np.int64(0)], [np.int64(1), 3, 5], [np.int64(2), 7], [4], [6]]",[0.04087706 0.17656562 0.11179306 0.04087706 0.04663773]
107,0.08781984119662378,"[[np.int64(0)], [np.int64(1), 5, 7], [np.int64(2)], [np.int64(3), 6], [np.int64(4)]]",[0.04087706 0.17656562 0.04663773 0.11179306 0.04087706]
108,0.08811873700218276,"[[np.int64(0)], [np.int64(1)], [np.int64(2), 3, 7], [4, 6], [5]]",[0.04087706 0.05551131 0.18194732 0.08260464 0.05551131]
109,0.08811873700218292,"[[np.int64(0), 2], [np.int64(1)], [3, 6, 7], [4], [5]]",[0.08260464 0.05551131 0.18194732 0.04087706 0.05551131]
110,0.08811873700218298,"[[np.int64(0), 3], [np.int64(1)], [np.int64(2), 6, 7], [4], [5]]",[0.08260464 0.05551131 0.18194732 0.04087706 0.05551131]
111,0.08811873700218298,"[[np.int64(0)], [np.int64(1)], [np.int64(2), 3, 6], [4, 7], [5]]",[0.04087706 0.05551131 0.18194732 0.08260464 0.05551131]
112,0.0881193846715827,"[[np.int64(0), 5], [np.int64(1)], [np.int64(2), 7], [np.int64(3), 4], [6]]",[0.10661447 0.05551131 0.11179306 0.09589443 0.04663773]
113,0.08811938467158276,"[[np.int64(0), 7], [np.int64(1), 4], [np.int64(2)], [np.int64(3), 6], [5]]",[0.09589443 0.10661447 0.04663773 0.11179306 0.05551131]
114,0.08811938467158315,"[[np.int64(0), 6], [np.int64(1), 4], [np.int64(2), 7], [np.int64(3)], [5]]",[0.09589443 0.10661447 0.11179306 0.04663773 0.05551131]
115,0.08811938467158326,"[[np.int64(0), 5], [np.int64(1)], [np.int64(2), 4], [np.int64(3), 6], [7]]",[0.10661447 0.05551131 0.09589443 0.11179306 0.04663773]
116,0.08838604935234229,"[[np.int64(0)], [np.int64(1)], [np.int64(2), 3, 7], [4, 5], [6]]",[0.04087706 0.05551131 0.18194732 0.09121091 0.04663773]
117,0.08838604935234229,"[[np.int64(0), np.int64(1)], [2, 3, 7], [4], [5], [6]]",[0.09121091 0.18194732 0.04087706 0.05551131 0.04663773]
118,0.08838604935234229,"[[np.int64(0)], [np.int64(1)], [np.int64(2)], [np.int64(3), 6, 7], [np.int64(4), 5]]",[0.04087706 0.05551131 0.04663773 0.18194732 0.09121091]
119,0.08838604935234234,"[[np.int64(0), np.int64(1)], [2], [3, 6, 7], [4], [5]]",[0.09121091 0.04663773 0.18194732 0.04087706 0.05551131]
120,0.08838604935234257,"[[np.int64(0)], [np.int64(1)], [np.int64(2), 6, 7], [np.int64(3)], [np.int64(4), 5]]",[0.04087706 0.05551131 0.18194732 0.04663773 0.09121091]
121,0.08838604935234257,"[[np.int64(0), np.int64(1)], [2, 6, 7], [3], [4], [5]]",[0.09121091 0.18194732 0.04663773 0.04087706 0.05551131]
122,0.08838604935234268,"[[np.int64(0)], [np.int64(1)], [np.int64(2), 3, 6], [4, 5], [7]]",[0.04087706 0.05551131 0.18194732 0.09121091 0.04663773]
123,0.08838604935234279,"[[np.int64(0), np.int64(1)], [2, 3, 6], [4], [5], [7]]",[0.09121091 0.18194732 0.04087706 0.05551131 0.04663773]
124,0.08859031735115974,"[[np.int64(0)], [np.int64(1), 5], [np.int64(2)], [np.int64(3), 7], [np.int64(4), 6]]",[0.04087706 0.13341475 0.04663773 0.11244588 0.08260464]
125,0.08859031735115985,"[[np.int64(0), 2], [np.int64(1), 5], [3, 7], [4], [6]]",[0.08260464 0.13341475 0.11244588 0.04087706 0.04663773]
126,0.08859031735115996,"[[np.int64(0)], [np.int64(1), 5], [np.int64(2), 6], [np.int64(3)], [np.int64(4), 7]]",[0.04087706 0.13341475 0.11244588 0.04663773 0.08260464]
127,0.08859031735116002,"[[np.int64(0), 3], [np.int64(1), 5], [np.int64(2), 6], [4], [7]]",[0.08260464 0.13341475 0.11244588 0.04087706 0.04663773]
128,0.08924313260179922,"[[np.int64(0)], [np.int64(1), 5], [np.int64(2), 7], [np.int64(3)], [np.int64(4), 6]]",[0.04087706 0.13341475 0.11179306 0.04663773 0.08260464]
129,0.08924313260179922,"[[np.int64(0), 3], [np.int64(1), 5], [np.int64(2), 7], [4], [6]]",[0.08260464 0.13341475 0.11179306 0.04087706 0.04663773]
130,0.08924313260179928,"[[np.int64(0)], [np.int64(1), 5], [np.int64(2)], [np.int64(3), 6], [np.int64(4), 7]]",[0.04087706 0.13341475 0.04663773 0.11179306 0.08260464]
131,0.08924313260179945,"[[np.int64(0), 2], [np.int64(1), 5], [3, 6], [4], [7]]",[0.08260464 0.13341475 0.11179306 0.04087706 0.04663773]
132,0.08931303632042542,"[[np.int64(0), 7], [np.int64(1)], [np.int64(2), 6], [np.int64(3), 4], [5]]",[0.09589443 0.05551131 0.11244588 0.09589443 0.05551131]
133,0.08931303632042603,"[[np.int64(0), 6], [np.int64(1)], [np.int64(2), 4], [np.int64(3), 7], [5]]",[0.09589443 0.05551131 0.09589443 0.11244588 0.05551131]
134,0.08942230759522418,"[[np.int64(0), 7], [np.int64(1), 4, 5], [np.int64(2)], [np.int64(3)], [6]]",[0.09589443 0.17934046 0.04663773 0.04663773 0.04663773]
135,0.08942230759522429,"[[np.int64(0), np.int64(1), 5], [2], [3, 4], [6], [7]]",[0.17934046 0.04663773 0.09589443 0.04663773 0.04663773]
136,0.08942230759522468,"[[np.int64(0), 6], [np.int64(1), 4, 5], [np.int64(2)], [np.int64(3)], [7]]",[0.09589443 0.17934046 0.04663773 0.04663773 0.04663773]
137,0.08942230759522474,"[[np.int64(0), np.int64(1), 5], [2, 4], [3], [6], [7]]",[0.17934046 0.09589443 0.04663773 0.04663773 0.04663773]
138,0.0897500029037912,"[[np.int64(0), 4], [np.int64(1), 5], [np.int64(2)], [np.int64(3)], [6, 7]]",[0.09050859 0.13341475 0.04663773 0.04663773 0.09762157]
139,0.08975000290379126,"[[np.int64(0), 4], [np.int64(1), 5], [np.int64(2), 3], [6], [7]]",[0.09050859 0.13341475 0.09762157 0.04663773 0.04663773]
140,0.08996585157106518,"[[np.int64(0), 7], [np.int64(1)], [np.int64(2), 4], [np.int64(3), 6], [5]]",[0.09589443 0.05551131 0.09589443 0.11179306 0.05551131]
141,0.08996585157106518,"[[np.int64(0), 6], [np.int64(1)], [np.int64(2), 7], [np.int64(3), 4], [5]]",[0.09589443 0.05551131 0.11179306 0.09589443 0.05551131]
142,0.09008876203138849,"[[np.int64(0)], [np.int64(1), 2, 3, 7], [4], [5], [6]]",[0.04087706 0.23057846 0.04087706 0.05551131 0.04663773]
143,0.09008876203138855,"[[np.int64(0)], [np.int64(1)], [np.int64(2), 5, 6, 7], [np.int64(3)], [np.int64(4)]]",[0.04087706 0.05551131 0.23057846 0.04663773 0.04087706]
144,0.09008876203138871,"[[np.int64(0)], [np.int64(1)], [np.int64(2)], [np.int64(3), 5, 6, 7], [np.int64(4)]]",[0.04087706 0.05551131 0.04663773 0.23057846 0.04087706]
145,0.09008876203138877,"[[np.int64(0)], [np.int64(1), 2, 3, 6], [4], [5], [7]]",[0.04087706 0.23057846 0.04087706 0.05551131 0.04663773]
146,0.09012483847942798,"[[np.int64(0), 7], [np.int64(1), 5], [np.int64(2), 3], [4], [6]]",[0.09589443 0.13341475 0.09762157 0.04087706 0.04663773]
147,0.09012483847942804,"[[np.int64(0)], [np.int64(1), 5], [np.int64(2)], [np.int64(3), 4], [6, 7]]",[0.04087706 0.13341475 0.04663773 0.09589443 0.09762157]
148,0.09012483847942843,"[[np.int64(0)], [np.int64(1), 5], [np.int64(2), 4], [np.int64(3)], [6, 7]]",[0.04087706 0.13341475 0.09589443 0.04663773 0.09762157]
149,0.09012483847942848,"[[np.int64(0), 6], [np.int64(1), 5], [np.int64(2), 3], [4], [7]]",[0.09589443 0.13341475 0.09762157 0.04087706 0.04663773]
150,0.09037885463441175,"[[np.int64(0), 3, 4, 7], [np.int64(1)], [np.int64(2)], [5], [6]]",[0.20989345 0.05551131 0.04663773 0.05551131 0.04663773]
151,0.09037885463441325,"[[np.int64(0), 2, 4, 6], [np.int64(1)], [3], [5], [7]]",[0.20989345 0.05551131 0.04663773 0.05551131 0.04663773]
152,0.09038874560562099,"[[np.int64(0)], [np.int64(1)], [np.int64(2), 5, 6], [np.int64(3), 7], [np.int64(4)]]",[0.04087706 0.05551131 0.16447033 0.11244588 0.04087706]
153,0.09038874560562099,"[[np.int64(0)], [np.int64(1), 2, 6], [3, 7], [4], [5]]",[0.04087706 0.16447033 0.11244588 0.04087706 0.05551131]
154,0.09038874560562138,"[[np.int64(0)], [np.int64(1), 3, 7], [np.int64(2), 6], [4], [5]]",[0.04087706 0.16447033 0.11244588 0.04087706 0.05551131]
155,0.09038874560562143,"[[np.int64(0)], [np.int64(1)], [np.int64(2), 6], [np.int64(3), 5, 7], [np.int64(4)]]",[0.04087706 0.05551131 0.11244588 0.16447033 0.04087706]
156,0.09062662656890969,"[[np.int64(0), 4, 7], [np.int64(1), 5], [np.int64(2)], [np.int64(3)], [6]]",[0.14061581 0.13341475 0.04663773 0.04663773 0.04663773]
157,0.09062662656890985,"[[np.int64(0), 3, 4], [np.int64(1), 5], [np.int64(2)], [6], [7]]",[0.14061581 0.13341475 0.04663773 0.04663773 0.04663773]
158,0.09062662656891035,"[[np.int64(0), 4, 6], [np.int64(1), 5], [np.int64(2)], [np.int64(3)], [7]]",[0.14061581 0.13341475 0.04663773 0.04663773 0.04663773]
159,0.0906266265689104,"[[np.int64(0), 2, 4], [np.int64(1), 5], [3], [6], [7]]",[0.14061581 0.13341475 0.04663773 0.04663773 0.04663773]
160,0.09065388002456648,"[[np.int64(0)], [np.int64(1), 2, 5, 6], [3], [4], [7]]",[0.04087706 0.23888692 0.04663773 0.04087706 0.04663773]
161,0.09065388002456698,"[[np.int64(0)], [np.int64(1), 3, 5, 7], [np.int64(2)], [4], [6]]",[0.04087706 0.23888692 0.04663773 0.04087706 0.04663773]
162,0.090859885855325,"[[np.int64(0), 5, 7], [np.int64(1)], [np.int64(2), 6], [np.int64(3)], [np.int64(4)]]",[0.15823852 0.05551131 0.11244588 0.04663773 0.04087706]
163,0.090859885855325,"[[np.int64(0), 5, 6], [np.int64(1)], [np.int64(2)], [np.int64(3), 7], [np.int64(4)]]",[0.15823852 0.05551131 0.04663773 0.11244588 0.04087706]
164,0.09085988585532506,"[[np.int64(0)], [np.int64(1), 2, 4], [3, 7], [5], [6]]",[0.04087706 0.15823852 0.11244588 0.05551131 0.04663773]
165,0.09085988585532517,"[[np.int64(0)], [np.int64(1), 3, 4], [np.int64(2), 6], [5], [7]]",[0.04087706 0.15823852 0.11244588 0.05551131 0.04663773]
166,0.09103166988505185,"[[np.int64(0), 2, 4, 7], [np.int64(1)], [3], [5], [6]]",[0.20924064 0.05551131 0.04663773 0.05551131 0.04663773]
167,0.09103166988505201,"[[np.int64(0), 3, 4, 6], [np.int64(1)], [np.int64(2)], [5], [7]]",[0.20924064 0.05551131 0.04663773 0.05551131 0.04663773]
168,0.09130669527520607,"[[np.int64(0)], [np.int64(1), 2, 5, 7], [3], [4], [6]]",[0.04087706 0.2382341  0.04663773 0.04087706 0.04663773]
169,0.0913066952752063,"[[np.int64(0)], [np.int64(1), 3, 5, 6], [np.int64(2)], [4], [7]]",[0.04087706 0.2382341  0.04663773 0.04087706 0.04663773]
170,0.09151270110596432,"[[np.int64(0), 5, 7], [np.int64(1)], [np.int64(2)], [np.int64(3), 6], [np.int64(4)]]",[0.15823852 0.05551131 0.04663773 0.11179306 0.04087706]
171,0.09151270110596432,"[[np.int64(0)], [np.int64(1), 3, 4], [np.int64(2), 7], [5], [6]]",[0.04087706 0.15823852 0.11179306 0.05551131 0.04663773]
172,0.09151270110596454,"[[np.int64(0), 5, 6], [np.int64(1)], [np.int64(2), 7], [np.int64(3)], [np.int64(4)]]",[0.15823852 0.05551131 0.11179306 0.04663773 0.04087706]
173,0.09151270110596471,"[[np.int64(0)], [np.int64(1), 2, 4], [3, 6], [5], [7]]",[0.04087706 0.15823852 0.11179306 0.05551131 0.04663773]
174,0.09169437610689996,"[[np.int64(0)], [np.int64(1)], [np.int64(2), 5, 7], [np.int64(3), 6], [np.int64(4)]]",[0.04087706 0.05551131 0.16381751 0.11179306 0.04087706]
175,0.09169437610690001,"[[np.int64(0)], [np.int64(1), 3, 6], [np.int64(2), 7], [4], [5]]",[0.04087706 0.16381751 0.11179306 0.04087706 0.05551131]
176,0.09169437610690012,"[[np.int64(0)], [np.int64(1)], [np.int64(2), 7], [np.int64(3), 5, 6], [np.int64(4)]]",[0.04087706 0.05551131 0.11179306 0.16381751 0.04087706]
177,0.09169437610690012,"[[np.int64(0)], [np.int64(1), 2, 7], [3, 6], [4], [5]]",[0.04087706 0.16381751 0.11179306 0.04087706 0.05551131]
178,0.09207934936095663,"[[np.int64(0), np.int64(1)], [2, 6], [3, 7], [4], [5]]",[0.09121091 0.11244588 0.11244588 0.04087706 0.05551131]
179,0.09207934936095663,"[[np.int64(0)], [np.int64(1)], [np.int64(2), 6], [np.int64(3), 7], [np.int64(4), 5]]",[0.04087706 0.05551131 0.11244588 0.11244588 0.09121091]
180,0.09226919167922443,"[[np.int64(0), 4, 5], [np.int64(1)], [np.int64(2)], [np.int64(3), 7], [6]]",[0.15106855 0.05551131 0.04663773 0.11244588 0.04663773]
181,0.09226919167922454,"[[np.int64(0), np.int64(1), 4], [2], [3, 7], [5], [6]]",[0.15106855 0.04663773 0.11244588 0.05551131 0.04663773]
182,0.09226919167922476,"[[np.int64(0), np.int64(1), 4], [2, 6], [3], [5], [7]]",[0.15106855 0.11244588 0.04663773 0.05551131 0.04663773]
183,0.09226919167922476,"[[np.int64(0), 4, 5], [np.int64(1)], [np.int64(2), 6], [np.int64(3)], [7]]",[0.15106855 0.05551131 0.11244588 0.04663773 0.04663773]
184,0.09237671490470145,"[[np.int64(0), 3, 7], [np.int64(1), 4], [np.int64(2)], [5], [6]]",[0.15679243 0.10661447 0.04663773 0.05551131 0.04663773]
185,0.0923767149047015,"[[np.int64(0), 5], [np.int64(1)], [np.int64(2)], [np.int64(3), 4, 7], [6]]",[0.10661447 0.05551131 0.04663773 0.15679243 0.04663773]
186,0.0923767149047024,"[[np.int64(0), 5], [np.int64(1)], [np.int64(2), 4, 6], [np.int64(3)], [7]]",[0.10661447 0.05551131 0.15679243 0.04663773 0.04663773]
187,0.0923767149047024,"[[np.int64(0), 2, 6], [np.int64(1), 4], [3], [5], [7]]",[0.15679243 0.10661447 0.04663773 0.05551131 0.04663773]
188,0.09290916167380703,"[[np.int64(0), np.int64(1), 5, 7], [2], [3], [4], [6]]",[0.23087097 0.04663773 0.04663773 0.04087706 0.04663773]
189,0.09290916167380714,"[[np.int64(0), np.int64(1), 5, 6], [2], [3], [4], [7]]",[0.23087097 0.04663773 0.04663773 0.04087706 0.04663773]
190,0.09290916167380714,"[[np.int64(0)], [np.int64(1), 3, 4, 5], [np.int64(2)], [6], [7]]",[0.04087706 0.23087097 0.04663773 0.04663773 0.04663773]
191,0.09290916167380714,"[[np.int64(0)], [np.int64(1), 2, 4, 5], [3], [6], [7]]",[0.04087706 0.23087097 0.04663773 0.04663773 0.04663773]
192,0.09292200692986391,"[[np.int64(0), 4, 5], [np.int64(1)], [np.int64(2), 7], [np.int64(3)], [6]]",[0.15106855 0.05551131 0.11179306 0.04663773 0.04663773]
193,0.09292200692986397,"[[np.int64(0), np.int64(1), 4], [2, 7], [3], [5], [6]]",[0.15106855 0.11179306 0.04663773 0.05551131 0.04663773]
194,0.09292200692986402,"[[np.int64(0), 4, 5], [np.int64(1)], [np.int64(2)], [np.int64(3), 6], [7]]",[0.15106855 0.05551131 0.04663773 0.11179306 0.04663773]
195,0.09292200692986413,"[[np.int64(0), np.int64(1), 4], [2], [3, 6], [5], [7]]",[0.15106855 0.04663773 0.11179306 0.05551131 0.04663773]
196,0.0930295301553411,"[[np.int64(0), 2, 7], [np.int64(1), 4], [3], [5], [6]]",[0.15613961 0.10661447 0.04663773 0.05551131 0.04663773]
197,0.09302953015534127,"[[np.int64(0), 5], [np.int64(1)], [np.int64(2)], [np.int64(3), 4, 6], [7]]",[0.10661447 0.05551131 0.04663773 0.15613961 0.04663773]
198,0.09302953015534143,"[[np.int64(0), 5], [np.int64(1)], [np.int64(2), 4, 7], [np.int64(3)], [6]]",[0.10661447 0.05551131 0.15613961 0.04663773 0.04663773]
199,0.0930295301553416,"[[np.int64(0), 3, 6], [np.int64(1), 4], [np.int64(2)], [5], [7]]",[0.15613961 0.10661447 0.04663773 0.05551131 0.04663773]
200,0.09338497986223543,"[[np.int64(0)], [np.int64(1)], [np.int64(2), 7], [np.int64(3), 6], [np.int64(4), 5]]",[0.04087706 0.05551131 0.11179306 0.11179306 0.09121091]
201,0.09338497986223548,"[[np.int64(0), np.int64(1)], [2, 7], [3, 6], [4], [5]]",[0.09121091 0.11179306 0.11179306 0.04087706 0.05551131]
202,0.09345582941386404,"[[np.int64(0), np.int64(1), 5], [2], [3], [4], [6, 7]]",[0.17934046 0.04663773 0.04663773 0.04087706 0.09762157]
203,0.09345582941386404,"[[np.int64(0)], [np.int64(1), 4, 5], [np.int64(2)], [np.int64(3)], [6, 7]]",[0.04087706 0.17934046 0.04663773 0.04663773 0.09762157]
204,0.0934558294138641,"[[np.int64(0), np.int64(1), 5], [2, 3], [4], [6], [7]]",[0.17934046 0.09762157 0.04087706 0.04663773 0.04663773]
205,0.0934558294138641,"[[np.int64(0)], [np.int64(1), 4, 5], [np.int64(2), 3], [6], [7]]",[0.04087706 0.17934046 0.09762157 0.04663773 0.04663773]
206,0.09384834622854704,"[[np.int64(0), 4, 7], [np.int64(1)], [np.int64(2), 6], [np.int64(3)], [5]]",[0.14061581 0.05551131 0.11244588 0.04663773 0.05551131]
207,0.09384834622854715,"[[np.int64(0), 3, 4], [np.int64(1)], [np.int64(2), 6], [5], [7]]",[0.14061581 0.05551131 0.11244588 0.05551131 0.04663773]
208,0.09384834622854726,"[[np.int64(0), 4, 6], [np.int64(1)], [np.int64(2)], [np.int64(3), 7], [5]]",[0.14061581 0.05551131 0.04663773 0.11244588 0.05551131]
209,0.09384834622854737,"[[np.int64(0), 2, 4], [np.int64(1)], [3, 7], [5], [6]]",[0.14061581 0.05551131 0.11244588 0.05551131 0.04663773]
210,0.09391123603297025,"[[np.int64(0), 6, 7], [np.int64(1), 4], [np.int64(2)], [np.int64(3)], [5]]",[0.15525791 0.10661447 0.04663773 0.04663773 0.05551131]
211,0.09391123603297036,"[[np.int64(0), 5], [np.int64(1)], [np.int64(2), 3, 4], [6], [7]]",[0.10661447 0.05551131 0.15525791 0.04663773 0.04663773]
212,0.09415836029806784,"[[np.int64(0)], [np.int64(1), 5], [np.int64(2), 3], [4], [6, 7]]",[0.04087706 0.13341475 0.09762157 0.04087706 0.09762157]
213,0.09422318180418393,"[[np.int64(0), 6], [np.int64(1)], [np.int64(2)], [np.int64(3), 4, 7], [5]]",[0.09589443 0.05551131 0.04663773 0.15679243 0.05551131]
214,0.09422318180418399,"[[np.int64(0), 3, 7], [np.int64(1)], [np.int64(2), 4], [5], [6]]",[0.15679243 0.05551131 0.09589443 0.05551131 0.04663773]
215,0.09422318180418437,"[[np.int64(0), 7], [np.int64(1)], [np.int64(2), 4, 6], [np.int64(3)], [5]]",[0.09589443 0.05551131 0.15679243 0.04663773 0.05551131]
216,0.09422318180418443,"[[np.int64(0), 2, 6], [np.int64(1)], [3, 4], [5], [7]]",[0.15679243 0.05551131 0.09589443 0.05551131 0.04663773]
217,0.0945011614791863,"[[np.int64(0), 4, 7], [np.int64(1)], [np.int64(2)], [np.int64(3), 6], [5]]",[0.14061581 0.05551131 0.04663773 0.11179306 0.05551131]
218,0.0945011614791863,"[[np.int64(0), 3, 4], [np.int64(1)], [np.int64(2), 7], [5], [6]]",[0.14061581 0.05551131 0.11179306 0.05551131 0.04663773]
219,0.0945011614791868,"[[np.int64(0), 4, 6], [np.int64(1)], [np.int64(2), 7], [np.int64(3)], [5]]",[0.14061581 0.05551131 0.11179306 0.04663773 0.05551131]
220,0.09450116147918697,"[[np.int64(0), 2, 4], [np.int64(1)], [3, 6], [5], [7]]",[0.14061581 0.05551131 0.11179306 0.05551131 0.04663773]
221,0.09487599705482319,"[[np.int64(0), 7], [np.int64(1)], [np.int64(2)], [np.int64(3), 4, 6], [5]]",[0.09589443 0.05551131 0.04663773 0.15613961 0.05551131]
222,0.09487599705482319,"[[np.int64(0), 2, 7], [np.int64(1)], [3, 4], [5], [6]]",[0.15613961 0.05551131 0.09589443 0.05551131 0.04663773]
223,0.09487599705482391,"[[np.int64(0), 6], [np.int64(1)], [np.int64(2), 4, 7], [np.int64(3)], [5]]",[0.09589443 0.05551131 0.15613961 0.04663773 0.05551131]
224,0.09487599705482408,"[[np.int64(0), 3, 6], [np.int64(1)], [np.int64(2), 4], [5], [7]]",[0.15613961 0.05551131 0.09589443 0.05551131 0.04663773]
225,0.09575770293245223,"[[np.int64(0), 6, 7], [np.int64(1)], [np.int64(2)], [np.int64(3), 4], [5]]",[0.15525791 0.05551131 0.04663773 0.09589443 0.05551131]
226,0.09575770293245234,"[[np.int64(0), 7], [np.int64(1)], [np.int64(2), 3, 4], [5], [6]]",[0.09589443 0.05551131 0.15525791 0.05551131 0.04663773]
227,0.09575770293245267,"[[np.int64(0), 6, 7], [np.int64(1)], [np.int64(2), 4], [np.int64(3)], [5]]",[0.15525791 0.05551131 0.09589443 0.04663773 0.05551131]
228,0.09575770293245284,"[[np.int64(0), 6], [np.int64(1)], [np.int64(2), 3, 4], [5], [7]]",[0.09589443 0.05551131 0.15525791 0.05551131 0.04663773]
229,0.09586356898328435,"[[np.int64(0), 3, 5, 7], [np.int64(1)], [np.int64(2)], [4], [6]]",[0.21904298 0.05551131 0.04663773 0.04087706 0.04663773]
230,0.09586356898328441,"[[np.int64(0)], [np.int64(1), 3, 4, 7], [np.int64(2)], [5], [6]]",[0.04087706 0.21904298 0.04663773 0.05551131 0.04663773]
231,0.09586356898328485,"[[np.int64(0), 2, 5, 6], [np.int64(1)], [3], [4], [7]]",[0.21904298 0.05551131 0.04663773 0.04087706 0.04663773]
232,0.09586356898328491,"[[np.int64(0)], [np.int64(1), 2, 4, 6], [3], [5], [7]]",[0.04087706 0.21904298 0.04663773 0.05551131 0.04663773]
233,0.09593974414303746,"[[np.int64(0), 5], [np.int64(1), 6], [np.int64(2)], [np.int64(3), 7], [np.int64(4)]]",[0.10661447 0.1020555  0.04663773 0.11244588 0.04087706]
234,0.09593974414303752,"[[np.int64(0)], [np.int64(1), 4], [np.int64(2), 5], [np.int64(3), 7], [6]]",[0.04087706 0.10661447 0.1020555  0.11244588 0.04663773]
235,0.09593974414303802,"[[np.int64(0), 5], [np.int64(1), 7], [np.int64(2), 6], [np.int64(3)], [np.int64(4)]]",[0.10661447 0.1020555  0.11244588 0.04663773 0.04087706]
236,0.09593974414303813,"[[np.int64(0)], [np.int64(1), 4], [np.int64(2), 6], [np.int64(3), 5], [7]]",[0.04087706 0.10661447 0.11244588 0.1020555  0.04663773]
237,0.09651638423392372,"[[np.int64(0), 2, 5, 7], [np.int64(1)], [3], [4], [6]]",[0.21839017 0.05551131 0.04663773 0.04087706 0.04663773]
238,0.09651638423392395,"[[np.int64(0)], [np.int64(1), 3, 4, 6], [np.int64(2)], [5], [7]]",[0.04087706 0.21839017 0.04663773 0.05551131 0.04663773]
239,0.09651638423392417,"[[np.int64(0)], [np.int64(1), 2, 4, 7], [3], [5], [6]]",[0.04087706 0.21839017 0.04663773 0.05551131 0.04663773]
240,0.09651638423392428,"[[np.int64(0), 3, 5, 6], [np.int64(1)], [np.int64(2)], [4], [7]]",[0.21839017 0.05551131 0.04663773 0.04087706 0.04663773]
241,0.096592559393677,"[[np.int64(0), 5], [np.int64(1), 6], [np.int64(2), 7], [np.int64(3)], [np.int64(4)]]",[0.10661447 0.1020555  0.11179306 0.04663773 0.04087706]
242,0.09659255939367711,"[[np.int64(0)], [np.int64(1), 4], [np.int64(2), 5], [np.int64(3), 6], [7]]",[0.04087706 0.10661447 0.1020555  0.11179306 0.04663773]
243,0.09659255939367728,"[[np.int64(0)], [np.int64(1), 4], [np.int64(2), 7], [np.int64(3), 5], [6]]",[0.04087706 0.10661447 0.11179306 0.1020555  0.04663773]
244,0.09659255939367734,"[[np.int64(0), 5], [np.int64(1), 7], [np.int64(2)], [np.int64(3), 6], [np.int64(4)]]",[0.10661447 0.1020555  0.04663773 0.11179306 0.04087706]
245,0.09741137546688267,"[[np.int64(0), 4], [np.int64(1)], [np.int64(2), 5], [np.int64(3), 7], [6]]",[0.09050859 0.05551131 0.1020555  0.11244588 0.04663773]
246,0.09741137546688272,"[[np.int64(0), 4], [np.int64(1), 6], [np.int64(2)], [np.int64(3), 7], [5]]",[0.09050859 0.1020555  0.04663773 0.11244588 0.05551131]
247,0.09741137546688333,"[[np.int64(0), 4], [np.int64(1)], [np.int64(2), 6], [np.int64(3), 5], [7]]",[0.09050859 0.05551131 0.11244588 0.1020555  0.04663773]
248,0.09741137546688333,"[[np.int64(0), 4], [np.int64(1), 7], [np.int64(2), 6], [np.int64(3)], [5]]",[0.09050859 0.1020555  0.11244588 0.04663773 0.05551131]
249,0.09758297224162715,"[[np.int64(0), 4], [np.int64(1), 2, 5], [3], [6], [7]]",[0.09050859 0.17656562 0.04663773 0.04663773 0.04663773]
250,0.09758297224162726,"[[np.int64(0), 4], [np.int64(1), 5, 6], [np.int64(2)], [np.int64(3)], [7]]",[0.09050859 0.17656562 0.04663773 0.04663773 0.04663773]
251,0.09758297224162765,"[[np.int64(0), 4], [np.int64(1), 5, 7], [np.int64(2)], [np.int64(3)], [6]]",[0.09050859 0.17656562 0.04663773 0.04663773 0.04663773]
252,0.09758297224162765,"[[np.int64(0), 4], [np.int64(1), 3, 5], [np.int64(2)], [6], [7]]",[0.09050859 0.17656562 0.04663773 0.04663773 0.04663773]
253,0.09778621104251989,"[[np.int64(0), 6], [np.int64(1)], [np.int64(2), 5], [np.int64(3), 7], [np.int64(4)]]",[0.09589443 0.05551131 0.1020555  0.11244588 0.04087706]
254,0.09778621104252,"[[np.int64(0)], [np.int64(1), 6], [np.int64(2), 4], [np.int64(3), 7], [5]]",[0.04087706 0.1020555  0.09589443 0.11244588 0.05551131]
255,0.09778621104252005,"[[np.int64(0), 7], [np.int64(1)], [np.int64(2), 6], [np.int64(3), 5], [np.int64(4)]]",[0.09589443 0.05551131 0.11244588 0.1020555  0.04087706]
256,0.09778621104252017,"[[np.int64(0)], [np.int64(1), 7], [np.int64(2), 6], [np.int64(3), 4], [5]]",[0.04087706 0.1020555  0.11244588 0.09589443 0.05551131]
257,0.09795780781726388,"[[np.int64(0), 7], [np.int64(1), 2, 5], [3], [4], [6]]",[0.09589443 0.17656562 0.04663773 0.04087706 0.04663773]
258,0.09795780781726399,"[[np.int64(0)], [np.int64(1), 2, 5], [3, 4], [6], [7]]",[0.04087706 0.17656562 0.09589443 0.04663773 0.04663773]
259,0.09795780781726399,"[[np.int64(0), 7], [np.int64(1), 5, 6], [np.int64(2)], [np.int64(3)], [np.int64(4)]]",[0.09589443 0.17656562 0.04663773 0.04663773 0.04087706]
260,0.0979578078172641,"[[np.int64(0)], [np.int64(1), 5, 6], [np.int64(2)], [np.int64(3), 4], [7]]",[0.04087706 0.17656562 0.04663773 0.09589443 0.04663773]
261,0.09795780781726438,"[[np.int64(0), 6], [np.int64(1), 2, 5], [3], [4], [7]]",[0.09589443 0.17656562 0.04663773 0.04087706 0.04663773]
262,0.09795780781726438,"[[np.int64(0), 7], [np.int64(1), 3, 5], [np.int64(2)], [4], [6]]",[0.09589443 0.17656562 0.04663773 0.04087706 0.04663773]
263,0.09795780781726443,"[[np.int64(0)], [np.int64(1), 5, 7], [np.int64(2)], [np.int64(3), 4], [6]]",[0.04087706 0.17656562 0.04663773 0.09589443 0.04663773]
264,0.09795780781726449,"[[np.int64(0)], [np.int64(1), 5, 6], [np.int64(2), 4], [np.int64(3)], [7]]",[0.04087706 0.17656562 0.09589443 0.04663773 0.04663773]
265,0.09795780781726482,"[[np.int64(0)], [np.int64(1), 5, 7], [np.int64(2), 4], [np.int64(3)], [6]]",[0.04087706 0.17656562 0.09589443 0.04663773 0.04663773]
266,0.09795780781726482,"[[np.int64(0), 6], [np.int64(1), 5, 7], [np.int64(2)], [np.int64(3)], [np.int64(4)]]",[0.09589443 0.17656562 0.04663773 0.04663773 0.04087706]
267,0.09795780781726487,"[[np.int64(0), 6], [np.int64(1), 3, 5], [np.int64(2)], [4], [7]]",[0.09589443 0.17656562 0.04663773 0.04087706 0.04663773]
268,0.09795780781726487,"[[np.int64(0)], [np.int64(1), 3, 5], [np.int64(2), 4], [6], [7]]",[0.04087706 0.17656562 0.09589443 0.04663773 0.04663773]
269,0.09806419071752226,"[[np.int64(0), 4], [np.int64(1), 6], [np.int64(2), 7], [np.int64(3)], [5]]",[0.09050859 0.1020555  0.11179306 0.04663773 0.05551131]
270,0.09806419071752231,"[[np.int64(0), 4], [np.int64(1)], [np.int64(2), 5], [np.int64(3), 6], [7]]",[0.09050859 0.05551131 0.1020555  0.11179306 0.04663773]
271,0.09806419071752248,"[[np.int64(0), 4], [np.int64(1)], [np.int64(2), 7], [np.int64(3), 5], [6]]",[0.09050859 0.05551131 0.11179306 0.1020555  0.04663773]
272,0.09806419071752259,"[[np.int64(0), 4], [np.int64(1), 7], [np.int64(2)], [np.int64(3), 6], [5]]",[0.09050859 0.1020555  0.04663773 0.11179306 0.05551131]
273,0.09843902629315898,"[[np.int64(0), 7], [np.int64(1)], [np.int64(2), 5], [np.int64(3), 6], [np.int64(4)]]",[0.09589443 0.05551131 0.1020555  0.11179306 0.04087706]
274,0.09843902629315904,"[[np.int64(0)], [np.int64(1), 6], [np.int64(2), 7], [np.int64(3), 4], [5]]",[0.04087706 0.1020555  0.11179306 0.09589443 0.05551131]
275,0.0984390262931597,"[[np.int64(0), 6], [np.int64(1)], [np.int64(2), 7], [np.int64(3), 5], [np.int64(4)]]",[0.09589443 0.05551131 0.11179306 0.1020555  0.04087706]
276,0.09843902629315981,"[[np.int64(0)], [np.int64(1), 7], [np.int64(2), 4], [np.int64(3), 6], [5]]",[0.04087706 0.1020555  0.09589443 0.11179306 0.05551131]
277,0.09923952293321792,"[[np.int64(0), 5], [np.int64(1), 2], [3, 7], [4], [6]]",[0.10661447 0.09875572 0.11244588 0.04087706 0.04663773]
278,0.09923952293321803,"[[np.int64(0)], [np.int64(1), 4], [np.int64(2)], [np.int64(3), 7], [5, 6]]",[0.04087706 0.10661447 0.04663773 0.11244588 0.09875572]
279,0.09923952293321842,"[[np.int64(0), 5], [np.int64(1), 3], [np.int64(2), 6], [4], [7]]",[0.10661447 0.09875572 0.11244588 0.04087706 0.04663773]
280,0.09923952293321847,"[[np.int64(0)], [np.int64(1), 4], [np.int64(2), 6], [np.int64(3)], [5, 7]]",[0.04087706 0.10661447 0.11244588 0.04663773 0.09875572]
281,0.0993330605774192,"[[np.int64(0), 5], [np.int64(1), 2, 6], [3], [4], [7]]",[0.10661447 0.16447033 0.04663773 0.04087706 0.04663773]
282,0.0993330605774192,"[[np.int64(0)], [np.int64(1), 4], [np.int64(2), 5, 6], [np.int64(3)], [7]]",[0.04087706 0.10661447 0.16447033 0.04663773 0.04663773]
283,0.09933306057741931,"[[np.int64(0), 5], [np.int64(1), 3, 7], [np.int64(2)], [4], [6]]",[0.10661447 0.16447033 0.04663773 0.04087706 0.04663773]
284,0.09933306057741936,"[[np.int64(0)], [np.int64(1), 4], [np.int64(2)], [np.int64(3), 5, 7], [6]]",[0.04087706 0.10661447 0.04663773 0.16447033 0.04663773]
285,0.09938109922243993,"[[np.int64(0), 7], [np.int64(1), 5], [np.int64(2)], [np.int64(3)], [np.int64(4), 6]]",[0.09589443 0.13341475 0.04663773 0.04663773 0.08260464]
286,0.0993810992224401,"[[np.int64(0), 2], [np.int64(1), 5], [3, 4], [6], [7]]",[0.08260464 0.13341475 0.09589443 0.04663773 0.04663773]
287,0.09938109922244032,"[[np.int64(0), 6], [np.int64(1), 5], [np.int64(2)], [np.int64(3)], [np.int64(4), 7]]",[0.09589443 0.13341475 0.04663773 0.04663773 0.08260464]
288,0.09938109922244037,"[[np.int64(0), 3], [np.int64(1), 5], [np.int64(2), 4], [6], [7]]",[0.08260464 0.13341475 0.09589443 0.04663773 0.04663773]
289,0.09979122475109203,"[[np.int64(0), 6, 7], [np.int64(1)], [np.int64(2), 3], [4], [5]]",[0.15525791 0.05551131 0.09762157 0.04087706 0.05551131]
290,0.09979122475109214,"[[np.int64(0)], [np.int64(1)], [np.int64(2), 3, 4], [5], [6, 7]]",[0.04087706 0.05551131 0.15525791 0.05551131 0.09762157]
291,0.09980420082712294,"[[np.int64(0), 5, 7], [np.int64(1), 4], [np.int64(2)], [np.int64(3)], [6]]",[0.15823852 0.10661447 0.04663773 0.04663773 0.04663773]
292,0.0998042008271231,"[[np.int64(0), 5], [np.int64(1), 3, 4], [np.int64(2)], [6], [7]]",[0.10661447 0.15823852 0.04663773 0.04663773 0.04663773]
293,0.09980420082712332,"[[np.int64(0), 5], [np.int64(1), 2, 4], [3], [6], [7]]",[0.10661447 0.15823852 0.04663773 0.04663773 0.04663773]
294,0.09980420082712332,"[[np.int64(0), 5, 6], [np.int64(1), 4], [np.int64(2)], [np.int64(3)], [7]]",[0.15823852 0.10661447 0.04663773 0.04663773 0.04663773]
295,0.09989233818385751,"[[np.int64(0)], [np.int64(1), 4], [np.int64(2), 7], [np.int64(3)], [5, 6]]",[0.04087706 0.10661447 0.11179306 0.04663773 0.09875572]
296,0.09989233818385757,"[[np.int64(0), 5], [np.int64(1), 3], [np.int64(2), 7], [4], [6]]",[0.10661447 0.09875572 0.11179306 0.04087706 0.04663773]
297,0.09989233818385757,"[[np.int64(0), 5], [np.int64(1), 2], [3, 6], [4], [7]]",[0.10661447 0.09875572 0.11179306 0.04087706 0.04663773]
298,0.09989233818385779,"[[np.int64(0)], [np.int64(1), 4], [np.int64(2)], [np.int64(3), 6], [5, 7]]",[0.04087706 0.10661447 0.04663773 0.11179306 0.09875572]
299,0.09998587582805857,"[[np.int64(0)], [np.int64(1), 4], [np.int64(2), 5, 7], [np.int64(3)], [6]]",[0.04087706 0.10661447 0.16381751 0.04663773 0.04663773]
300,0.09998587582805868,"[[np.int64(0), 5], [np.int64(1), 2, 7], [3], [4], [6]]",[0.10661447 0.16381751 0.04663773 0.04087706 0.04663773]
301,0.09998587582805873,"[[np.int64(0), 5], [np.int64(1), 3, 6], [np.int64(2)], [4], [7]]",[0.10661447 0.16381751 0.04663773 0.04087706 0.04663773]
302,0.0999858758280589,"[[np.int64(0)], [np.int64(1), 4], [np.int64(2)], [np.int64(3), 5, 6], [7]]",[0.04087706 0.10661447 0.04663773 0.16381751 0.04663773]
303,0.10044440621138123,"[[np.int64(0), 5], [np.int64(1), 4], [np.int64(2)], [np.int64(3)], [6, 7]]",[0.10661447 0.10661447 0.04663773 0.04663773 0.09762157]
304,0.10044440621138129,"[[np.int64(0), 5], [np.int64(1), 4], [np.int64(2), 3], [6], [7]]",[0.10661447 0.10661447 0.09762157 0.04663773 0.04663773]
305,0.10069786890173327,"[[np.int64(0), 5, 6, 7], [np.int64(1)], [np.int64(2)], [np.int64(3)], [np.int64(4)]]",[0.21420868 0.05551131 0.04663773 0.04663773 0.04087706]
306,0.10069786890173343,"[[np.int64(0)], [np.int64(1), 2, 3, 4], [5], [6], [7]]",[0.04087706 0.21420868 0.05551131 0.04663773 0.04663773]
307,0.10071115425706312,"[[np.int64(0), 4], [np.int64(1), 2], [3, 7], [5], [6]]",[0.09050859 0.09875572 0.11244588 0.05551131 0.04663773]
308,0.10071115425706323,"[[np.int64(0), 4], [np.int64(1)], [np.int64(2)], [np.int64(3), 7], [5, 6]]",[0.09050859 0.05551131 0.04663773 0.11244588 0.09875572]
309,0.10071115425706367,"[[np.int64(0), 4], [np.int64(1)], [np.int64(2), 6], [np.int64(3)], [5, 7]]",[0.09050859 0.05551131 0.11244588 0.04663773 0.09875572]
310,0.10071115425706373,"[[np.int64(0), 4], [np.int64(1), 3], [np.int64(2), 6], [5], [7]]",[0.09050859 0.09875572 0.11244588 0.05551131 0.04663773]
311,0.10075635198259492,"[[np.int64(0), 5], [np.int64(1)], [np.int64(2)], [np.int64(3), 7], [np.int64(4), 6]]",[0.10661447 0.05551131 0.04663773 0.11244588 0.08260464]
312,0.10075635198259508,"[[np.int64(0), 5], [np.int64(1)], [np.int64(2), 6], [np.int64(3)], [np.int64(4), 7]]",[0.10661447 0.05551131 0.11244588 0.04663773 0.08260464]
313,0.10075635198259514,"[[np.int64(0), 2], [np.int64(1), 4], [3, 7], [5], [6]]",[0.08260464 0.10661447 0.11244588 0.05551131 0.04663773]
314,0.10075635198259525,"[[np.int64(0), 3], [np.int64(1), 4], [np.int64(2), 6], [5], [7]]",[0.08260464 0.10661447 0.11244588 0.05551131 0.04663773]
315,0.10080469190126445,"[[np.int64(0), 4], [np.int64(1), 2, 6], [3], [5], [7]]",[0.09050859 0.16447033 0.04663773 0.05551131 0.04663773]
316,0.10080469190126451,"[[np.int64(0), 4], [np.int64(1)], [np.int64(2), 5, 6], [np.int64(3)], [7]]",[0.09050859 0.05551131 0.16447033 0.04663773 0.04663773]
317,0.10080469190126462,"[[np.int64(0), 4], [np.int64(1), 3, 7], [np.int64(2)], [5], [6]]",[0.09050859 0.16447033 0.04663773 0.05551131 0.04663773]
318,0.10080469190126462,"[[np.int64(0), 4], [np.int64(1)], [np.int64(2)], [np.int64(3), 5, 7], [6]]",[0.09050859 0.05551131 0.04663773 0.16447033 0.04663773]
319,0.10084988962679597,"[[np.int64(0), 2, 5], [np.int64(1)], [3, 7], [4], [6]]",[0.14824852 0.05551131 0.11244588 0.04087706 0.04663773]
320,0.10084988962679597,"[[np.int64(0)], [np.int64(1), 4, 6], [np.int64(2)], [np.int64(3), 7], [5]]",[0.04087706 0.14824852 0.04663773 0.11244588 0.05551131]
321,0.10084988962679642,"[[np.int64(0), 3, 5], [np.int64(1)], [np.int64(2), 6], [4], [7]]",[0.14824852 0.05551131 0.11244588 0.04087706 0.04663773]
322,0.10084988962679647,"[[np.int64(0)], [np.int64(1), 4, 7], [np.int64(2), 6], [np.int64(3)], [5]]",[0.04087706 0.14824852 0.11244588 0.04663773 0.05551131]
323,0.10108598983270034,"[[np.int64(0), 7], [np.int64(1), 3], [np.int64(2), 6], [4], [5]]",[0.09589443 0.09875572 0.11244588 0.04087706 0.05551131]
324,0.1010859898327004,"[[np.int64(0), 6], [np.int64(1), 2], [3, 7], [4], [5]]",[0.09589443 0.09875572 0.11244588 0.04087706 0.05551131]
325,0.1010859898327004,"[[np.int64(0)], [np.int64(1)], [np.int64(2), 6], [np.int64(3), 4], [5, 7]]",[0.04087706 0.05551131 0.11244588 0.09589443 0.09875572]
326,0.10108598983270045,"[[np.int64(0)], [np.int64(1)], [np.int64(2), 4], [np.int64(3), 7], [5, 6]]",[0.04087706 0.05551131 0.09589443 0.11244588 0.09875572]
327,0.10117952747690112,"[[np.int64(0), 7], [np.int64(1)], [np.int64(2), 5, 6], [np.int64(3)], [np.int64(4)]]",[0.09589443 0.05551131 0.16447033 0.04663773 0.04087706]
328,0.10117952747690118,"[[np.int64(0), 7], [np.int64(1), 2, 6], [3], [4], [5]]",[0.09589443 0.16447033 0.04663773 0.04087706 0.05551131]
329,0.10117952747690123,"[[np.int64(0)], [np.int64(1)], [np.int64(2), 5, 6], [np.int64(3), 4], [7]]",[0.04087706 0.05551131 0.16447033 0.09589443 0.04663773]
330,0.10117952747690129,"[[np.int64(0)], [np.int64(1), 2, 6], [3, 4], [5], [7]]",[0.04087706 0.16447033 0.09589443 0.05551131 0.04663773]
331,0.10117952747690173,"[[np.int64(0), 6], [np.int64(1)], [np.int64(2)], [np.int64(3), 5, 7], [np.int64(4)]]",[0.09589443 0.05551131 0.04663773 0.16447033 0.04087706]
332,0.10117952747690173,"[[np.int64(0), 6], [np.int64(1), 3, 7], [np.int64(2)], [4], [5]]",[0.09589443 0.16447033 0.04663773 0.04087706 0.05551131]
333,0.10117952747690184,"[[np.int64(0)], [np.int64(1), 3, 7], [np.int64(2), 4], [5], [6]]",[0.04087706 0.16447033 0.09589443 0.05551131 0.04663773]
334,0.10117952747690184,"[[np.int64(0)], [np.int64(1)], [np.int64(2), 4], [np.int64(3), 5, 7], [6]]",[0.04087706 0.05551131 0.09589443 0.16447033 0.04663773]
335,0.10136396950770277,"[[np.int64(0), 4], [np.int64(1)], [np.int64(2), 7], [np.int64(3)], [5, 6]]",[0.09050859 0.05551131 0.11179306 0.04663773 0.09875572]
336,0.10136396950770282,"[[np.int64(0), 4], [np.int64(1), 2], [3, 6], [5], [7]]",[0.09050859 0.09875572 0.11179306 0.05551131 0.04663773]
337,0.10136396950770288,"[[np.int64(0), 4], [np.int64(1), 3], [np.int64(2), 7], [5], [6]]",[0.09050859 0.09875572 0.11179306 0.05551131 0.04663773]
338,0.10136396950770299,"[[np.int64(0), 4], [np.int64(1)], [np.int64(2)], [np.int64(3), 6], [5, 7]]",[0.09050859 0.05551131 0.04663773 0.11179306 0.09875572]
339,0.10140916723323445,"[[np.int64(0), 5], [np.int64(1)], [np.int64(2), 7], [np.int64(3)], [np.int64(4), 6]]",[0.10661447 0.05551131 0.11179306 0.04663773 0.08260464]
340,0.10140916723323445,"[[np.int64(0), 3], [np.int64(1), 4], [np.int64(2), 7], [5], [6]]",[0.08260464 0.10661447 0.11179306 0.05551131 0.04663773]
341,0.10140916723323445,"[[np.int64(0), 5], [np.int64(1)], [np.int64(2)], [np.int64(3), 6], [np.int64(4), 7]]",[0.10661447 0.05551131 0.04663773 0.11179306 0.08260464]
342,0.10140916723323473,"[[np.int64(0), 2], [np.int64(1), 4], [3, 6], [5], [7]]",[0.08260464 0.10661447 0.11179306 0.05551131 0.04663773]
343,0.10145750715190383,"[[np.int64(0), 4], [np.int64(1), 2, 7], [3], [5], [6]]",[0.09050859 0.16381751 0.04663773 0.05551131 0.04663773]
344,0.10145750715190383,"[[np.int64(0), 4], [np.int64(1)], [np.int64(2), 5, 7], [np.int64(3)], [6]]",[0.09050859 0.05551131 0.16381751 0.04663773 0.04663773]
345,0.10145750715190399,"[[np.int64(0), 4], [np.int64(1), 3, 6], [np.int64(2)], [5], [7]]",[0.09050859 0.16381751 0.04663773 0.05551131 0.04663773]
346,0.1014575071519041,"[[np.int64(0), 4], [np.int64(1)], [np.int64(2)], [np.int64(3), 5, 6], [7]]",[0.09050859 0.05551131 0.04663773 0.16381751 0.04663773]
347,0.10150270487743551,"[[np.int64(0)], [np.int64(1), 4, 6], [np.int64(2), 7], [np.int64(3)], [5]]",[0.04087706 0.14824852 0.11179306 0.04663773 0.05551131]
348,0.10150270487743562,"[[np.int64(0), 3, 5], [np.int64(1)], [np.int64(2), 7], [4], [6]]",[0.14824852 0.05551131 0.11179306 0.04087706 0.04663773]
349,0.10150270487743562,"[[np.int64(0), 2, 5], [np.int64(1)], [3, 6], [4], [7]]",[0.14824852 0.05551131 0.11179306 0.04087706 0.04663773]
350,0.10150270487743573,"[[np.int64(0)], [np.int64(1), 4, 7], [np.int64(2)], [np.int64(3), 6], [5]]",[0.04087706 0.14824852 0.04663773 0.11179306 0.05551131]
351,0.10165066772660497,"[[np.int64(0), 5, 7], [np.int64(1)], [np.int64(2)], [np.int64(3), 4], [6]]",[0.15823852 0.05551131 0.04663773 0.09589443 0.04663773]
352,0.10165066772660503,"[[np.int64(0), 7], [np.int64(1), 3, 4], [np.int64(2)], [5], [6]]",[0.09589443 0.15823852 0.04663773 0.05551131 0.04663773]
353,0.10165066772660525,"[[np.int64(0), 7], [np.int64(1), 2, 4], [3], [5], [6]]",[0.09589443 0.15823852 0.04663773 0.05551131 0.04663773]
354,0.1016506677266053,"[[np.int64(0), 5, 6], [np.int64(1)], [np.int64(2)], [np.int64(3), 4], [7]]",[0.15823852 0.05551131 0.04663773 0.09589443 0.04663773]
355,0.10165066772660541,"[[np.int64(0), 5, 7], [np.int64(1)], [np.int64(2), 4], [np.int64(3)], [6]]",[0.15823852 0.05551131 0.09589443 0.04663773 0.04663773]
356,0.10165066772660553,"[[np.int64(0), 6], [np.int64(1), 3, 4], [np.int64(2)], [5], [7]]",[0.09589443 0.15823852 0.04663773 0.05551131 0.04663773]
357,0.10165066772660575,"[[np.int64(0), 6], [np.int64(1), 2, 4], [3], [5], [7]]",[0.09589443 0.15823852 0.04663773 0.05551131 0.04663773]
358,0.10165066772660575,"[[np.int64(0), 5, 6], [np.int64(1)], [np.int64(2), 4], [np.int64(3)], [7]]",[0.15823852 0.05551131 0.09589443 0.04663773 0.04663773]
359,0.10173880508333955,"[[np.int64(0)], [np.int64(1)], [np.int64(2), 7], [np.int64(3), 4], [5, 6]]",[0.04087706 0.05551131 0.11179306 0.09589443 0.09875572]
360,0.10173880508333955,"[[np.int64(0), 7], [np.int64(1), 2], [3, 6], [4], [5]]",[0.09589443 0.09875572 0.11179306 0.04087706 0.05551131]
361,0.10173880508334004,"[[np.int64(0), 6], [np.int64(1), 3], [np.int64(2), 7], [4], [5]]",[0.09589443 0.09875572 0.11179306 0.04087706 0.05551131]
362,0.10173880508334021,"[[np.int64(0)], [np.int64(1)], [np.int64(2), 4], [np.int64(3), 6], [5, 7]]",[0.04087706 0.05551131 0.09589443 0.11179306 0.09875572]
363,0.1018323427275406,"[[np.int64(0)], [np.int64(1)], [np.int64(2), 5, 7], [np.int64(3), 4], [6]]",[0.04087706 0.05551131 0.16381751 0.09589443 0.04663773]
364,0.10183234272754071,"[[np.int64(0), 7], [np.int64(1), 3, 6], [np.int64(2)], [4], [5]]",[0.09589443 0.16381751 0.04663773 0.04087706 0.05551131]
365,0.10183234272754071,"[[np.int64(0)], [np.int64(1), 2, 7], [3, 4], [5], [6]]",[0.04087706 0.16381751 0.09589443 0.05551131 0.04663773]
366,0.10183234272754077,"[[np.int64(0), 7], [np.int64(1)], [np.int64(2)], [np.int64(3), 5, 6], [np.int64(4)]]",[0.09589443 0.05551131 0.04663773 0.16381751 0.04087706]
367,0.10183234272754099,"[[np.int64(0), 6], [np.int64(1)], [np.int64(2), 5, 7], [np.int64(3)], [np.int64(4)]]",[0.09589443 0.05551131 0.16381751 0.04663773 0.04087706]
368,0.10183234272754116,"[[np.int64(0), 6], [np.int64(1), 2, 7], [3], [4], [5]]",[0.09589443 0.16381751 0.04663773 0.04087706 0.05551131]
369,0.10183234272754121,"[[np.int64(0)], [np.int64(1), 3, 6], [np.int64(2), 4], [5], [7]]",[0.04087706 0.16381751 0.09589443 0.05551131 0.04663773]
370,0.10183234272754133,"[[np.int64(0)], [np.int64(1)], [np.int64(2), 4], [np.int64(3), 5, 6], [7]]",[0.04087706 0.05551131 0.09589443 0.16381751 0.04663773]
371,0.10199132963590374,"[[np.int64(0)], [np.int64(1), 2, 5], [3], [4], [6, 7]]",[0.04087706 0.17656562 0.04663773 0.04087706 0.09762157]
372,0.10199132963590385,"[[np.int64(0)], [np.int64(1), 5, 6], [np.int64(2), 3], [4], [7]]",[0.04087706 0.17656562 0.09762157 0.04087706 0.04663773]
373,0.10199132963590424,"[[np.int64(0)], [np.int64(1), 5, 7], [np.int64(2), 3], [4], [6]]",[0.04087706 0.17656562 0.09762157 0.04087706 0.04663773]
374,0.10199132963590424,"[[np.int64(0)], [np.int64(1), 3, 5], [np.int64(2)], [4], [6, 7]]",[0.04087706 0.17656562 0.04663773 0.04087706 0.09762157]
375,0.10229087311086316,"[[np.int64(0), 7], [np.int64(1), 4], [np.int64(2), 3], [5], [6]]",[0.09589443 0.10661447 0.09762157 0.05551131 0.04663773]
376,0.10229087311086321,"[[np.int64(0), 5], [np.int64(1)], [np.int64(2)], [np.int64(3), 4], [6, 7]]",[0.10661447 0.05551131 0.04663773 0.09589443 0.09762157]
377,0.10229087311086366,"[[np.int64(0), 5], [np.int64(1)], [np.int64(2), 4], [np.int64(3)], [6, 7]]",[0.10661447 0.05551131 0.09589443 0.04663773 0.09762157]
378,0.10229087311086377,"[[np.int64(0), 6], [np.int64(1), 4], [np.int64(2), 3], [5], [7]]",[0.09589443 0.10661447 0.09762157 0.05551131 0.04663773]
379,0.10269635652627773,"[[np.int64(0)], [np.int64(1)], [np.int64(2), 5], [np.int64(3), 4, 7], [6]]",[0.04087706 0.05551131 0.1020555  0.15679243 0.04663773]
380,0.10269635652627779,"[[np.int64(0), 3, 7], [np.int64(1)], [np.int64(2), 5], [4], [6]]",[0.15679243 0.05551131 0.1020555  0.04087706 0.04663773]
381,0.10269635652627779,"[[np.int64(0)], [np.int64(1), 6], [np.int64(2)], [np.int64(3), 4, 7], [5]]",[0.04087706 0.1020555  0.04663773 0.15679243 0.05551131]
382,0.10269635652627784,"[[np.int64(0), 3, 7], [np.int64(1), 6], [np.int64(2)], [4], [5]]",[0.15679243 0.1020555  0.04663773 0.04087706 0.05551131]
383,0.10269635652627901,"[[np.int64(0)], [np.int64(1)], [np.int64(2), 4, 6], [np.int64(3), 5], [7]]",[0.04087706 0.05551131 0.15679243 0.1020555  0.04663773]
384,0.10269635652627901,"[[np.int64(0), 2, 6], [np.int64(1), 7], [3], [4], [5]]",[0.15679243 0.1020555  0.04663773 0.04087706 0.05551131]
385,0.10269635652627901,"[[np.int64(0)], [np.int64(1), 7], [np.int64(2), 4, 6], [np.int64(3)], [5]]",[0.04087706 0.1020555  0.15679243 0.04663773 0.05551131]
386,0.10269635652627901,"[[np.int64(0), 2, 6], [np.int64(1)], [3, 5], [4], [7]]",[0.15679243 0.05551131 0.1020555  0.04087706 0.04663773]
387,0.10271209015687588,"[[np.int64(0), np.int64(1), 5], [2], [3], [4, 7], [6]]",[0.17934046 0.04663773 0.04663773 0.08260464 0.04663773]
388,0.10271209015687599,"[[np.int64(0), 3], [np.int64(1), 4, 5], [np.int64(2)], [6], [7]]",[0.08260464 0.17934046 0.04663773 0.04663773 0.04663773]
389,0.10271209015687605,"[[np.int64(0), np.int64(1), 5], [2], [3], [4, 6], [7]]",[0.17934046 0.04663773 0.04663773 0.08260464 0.04663773]
390,0.10271209015687616,"[[np.int64(0), 2], [np.int64(1), 4, 5], [3], [6], [7]]",[0.08260464 0.17934046 0.04663773 0.04663773 0.04663773]
391,0.10287013123223682,"[[np.int64(0), 7], [np.int64(1)], [np.int64(2), 6], [np.int64(3)], [np.int64(4), 5]]",[0.09589443 0.05551131 0.11244588 0.04663773 0.09121091]
392,0.10287013123223693,"[[np.int64(0), np.int64(1)], [2, 6], [3, 4], [5], [7]]",[0.09121091 0.11244588 0.09589443 0.05551131 0.04663773]
393,0.10287013123223698,"[[np.int64(0), np.int64(1)], [2, 4], [3, 7], [5], [6]]",[0.09121091 0.09589443 0.11244588 0.05551131 0.04663773]
394,0.10287013123223698,"[[np.int64(0), 6], [np.int64(1)], [np.int64(2)], [np.int64(3), 7], [np.int64(4), 5]]",[0.09589443 0.05551131 0.04663773 0.11244588 0.09121091]
395,0.10296366887643793,"[[np.int64(0)], [np.int64(1)], [np.int64(2), 4, 5], [np.int64(3), 7], [6]]",[0.04087706 0.05551131 0.14613474 0.11244588 0.04663773]
396,0.10296366887643799,"[[np.int64(0), np.int64(1), 6], [2], [3, 7], [4], [5]]",[0.14613474 0.04663773 0.11244588 0.04087706 0.05551131]
397,0.10296366887643804,"[[np.int64(0), np.int64(1), 7], [2, 6], [3], [4], [5]]",[0.14613474 0.11244588 0.04663773 0.04087706 0.05551131]
398,0.10296366887643815,"[[np.int64(0)], [np.int64(1)], [np.int64(2), 6], [np.int64(3), 4, 5], [7]]",[0.04087706 0.05551131 0.11244588 0.14613474 0.04663773]
399,0.10334917177691749,"[[np.int64(0), 2, 7], [np.int64(1), 6], [3], [4], [5]]",[0.15613961 0.1020555  0.04663773 0.04087706 0.05551131]
400,0.10334917177691755,"[[np.int64(0)], [np.int64(1)], [np.int64(2), 5], [np.int64(3), 4, 6], [7]]",[0.04087706 0.05551131 0.1020555  0.15613961 0.04663773]
401,0.10334917177691771,"[[np.int64(0), 2, 7], [np.int64(1)], [3, 5], [4], [6]]",[0.15613961 0.05551131 0.1020555  0.04087706 0.04663773]
402,0.10334917177691783,"[[np.int64(0)], [np.int64(1), 7], [np.int64(2)], [np.int64(3), 4, 6], [5]]",[0.04087706 0.1020555  0.04663773 0.15613961 0.05551131]
403,0.10334917177691783,"[[np.int64(0)], [np.int64(1), 6], [np.int64(2), 4, 7], [np.int64(3)], [5]]",[0.04087706 0.1020555  0.15613961 0.04663773 0.05551131]
404,0.10334917177691788,"[[np.int64(0), 3, 6], [np.int64(1)], [np.int64(2), 5], [4], [7]]",[0.15613961 0.05551131 0.1020555  0.04087706 0.04663773]
405,0.10334917177691805,"[[np.int64(0)], [np.int64(1)], [np.int64(2), 4, 7], [np.int64(3), 5], [6]]",[0.04087706 0.05551131 0.15613961 0.1020555  0.04663773]
406,0.10334917177691816,"[[np.int64(0), 3, 6], [np.int64(1), 7], [np.int64(2)], [4], [5]]",[0.15613961 0.1020555  0.04663773 0.04087706 0.05551131]
407,0.10341462104107968,"[[np.int64(0)], [np.int64(1), 5], [np.int64(2), 3], [4, 7], [6]]",[0.04087706 0.13341475 0.09762157 0.08260464 0.04663773]
408,0.10341462104107974,"[[np.int64(0), 3], [np.int64(1), 5], [np.int64(2)], [4], [6, 7]]",[0.08260464 0.13341475 0.04663773 0.04087706 0.09762157]
409,0.10341462104107985,"[[np.int64(0)], [np.int64(1), 5], [np.int64(2), 3], [4, 6], [7]]",[0.04087706 0.13341475 0.09762157 0.08260464 0.04663773]
410,0.10341462104107985,"[[np.int64(0), 2], [np.int64(1), 5], [3], [4], [6, 7]]",[0.08260464 0.13341475 0.04663773 0.04087706 0.09762157]
411,0.10352294648287608,"[[np.int64(0), 7], [np.int64(1)], [np.int64(2)], [np.int64(3), 6], [np.int64(4), 5]]",[0.09589443 0.05551131 0.04663773 0.11179306 0.09121091]
412,0.10352294648287608,"[[np.int64(0), np.int64(1)], [2, 7], [3, 4], [5], [6]]",[0.09121091 0.11179306 0.09589443 0.05551131 0.04663773]
413,0.10352294648287647,"[[np.int64(0), 6], [np.int64(1)], [np.int64(2), 7], [np.int64(3)], [np.int64(4), 5]]",[0.09589443 0.05551131 0.11179306 0.04663773 0.09121091]
414,0.10352294648287669,"[[np.int64(0), np.int64(1)], [2, 4], [3, 6], [5], [7]]",[0.09121091 0.09589443 0.11179306 0.05551131 0.04663773]
415,0.10361648412707725,"[[np.int64(0)], [np.int64(1)], [np.int64(2), 7], [np.int64(3), 4, 5], [6]]",[0.04087706 0.05551131 0.11179306 0.14613474 0.04663773]
416,0.10361648412707736,"[[np.int64(0), np.int64(1), 7], [2], [3, 6], [4], [5]]",[0.14613474 0.04663773 0.11179306 0.04087706 0.05551131]
417,0.10361648412707741,"[[np.int64(0), np.int64(1), 6], [2, 7], [3], [4], [5]]",[0.14613474 0.11179306 0.04663773 0.04087706 0.05551131]
418,0.10361648412707758,"[[np.int64(0)], [np.int64(1)], [np.int64(2), 4, 5], [np.int64(3), 6], [7]]",[0.04087706 0.05551131 0.14613474 0.11179306 0.04663773]
419,0.10423087765454647,"[[np.int64(0), 6, 7], [np.int64(1)], [np.int64(2), 5], [np.int64(3)], [np.int64(4)]]",[0.15525791 0.05551131 0.1020555  0.04663773 0.04087706]
420,0.1042308776545467,"[[np.int64(0)], [np.int64(1), 6], [np.int64(2), 3, 4], [5], [7]]",[0.04087706 0.1020555  0.15525791 0.05551131 0.04663773]
421,0.1042308776545468,"[[np.int64(0), 6, 7], [np.int64(1)], [np.int64(2)], [np.int64(3), 5], [np.int64(4)]]",[0.15525791 0.05551131 0.04663773 0.1020555  0.04087706]
422,0.10423087765454697,"[[np.int64(0)], [np.int64(1), 7], [np.int64(2), 3, 4], [5], [6]]",[0.04087706 0.1020555  0.15525791 0.05551131 0.04663773]
423,0.1052031583243323,"[[np.int64(0), 4, 6, 7], [np.int64(1)], [np.int64(2)], [np.int64(3)], [5]]",[0.19506915 0.05551131 0.04663773 0.04663773 0.05551131]
424,0.10520315832433252,"[[np.int64(0), 2, 3, 4], [np.int64(1)], [5], [6], [7]]",[0.19506915 0.05551131 0.05551131 0.04663773 0.04663773]
425,0.10547818371448658,"[[np.int64(0)], [np.int64(1), 2, 3, 5], [4], [6], [7]]",[0.04087706 0.22406261 0.04087706 0.04663773 0.04663773]
426,0.10547818371448664,"[[np.int64(0)], [np.int64(1), 5, 6, 7], [np.int64(2)], [np.int64(3)], [np.int64(4)]]",[0.04087706 0.22406261 0.04663773 0.04663773 0.04087706]
427,0.10568418954524472,"[[np.int64(0), 5, 7], [np.int64(1)], [np.int64(2), 3], [4], [6]]",[0.15823852 0.05551131 0.09762157 0.04087706 0.04663773]
428,0.10568418954524489,"[[np.int64(0)], [np.int64(1), 3, 4], [np.int64(2)], [5], [6, 7]]",[0.04087706 0.15823852 0.04663773 0.05551131 0.09762157]
429,0.10568418954524511,"[[np.int64(0), 5, 6], [np.int64(1)], [np.int64(2), 3], [4], [7]]",[0.15823852 0.05551131 0.09762157 0.04087706 0.04663773]
430,0.10568418954524511,"[[np.int64(0)], [np.int64(1), 2, 4], [3], [5], [6, 7]]",[0.04087706 0.15823852 0.04663773 0.05551131 0.09762157]
431,0.10599613531645824,"[[np.int64(0), 3, 7], [np.int64(1), 2], [4], [5], [6]]",[0.15679243 0.09875572 0.04087706 0.05551131 0.04663773]
432,0.10599613531645835,"[[np.int64(0), 3, 7], [np.int64(1)], [np.int64(2)], [4], [5, 6]]",[0.15679243 0.05551131 0.04663773 0.04087706 0.09875572]
433,0.10599613531645835,"[[np.int64(0)], [np.int64(1)], [np.int64(2)], [np.int64(3), 4, 7], [5, 6]]",[0.04087706 0.05551131 0.04663773 0.15679243 0.09875572]
434,0.10599613531645835,"[[np.int64(0)], [np.int64(1), 2], [3, 4, 7], [5], [6]]",[0.04087706 0.09875572 0.15679243 0.05551131 0.04663773]
435,0.10599613531645935,"[[np.int64(0)], [np.int64(1), 3], [np.int64(2), 4, 6], [5], [7]]",[0.04087706 0.09875572 0.15679243 0.05551131 0.04663773]
436,0.10599613531645935,"[[np.int64(0)], [np.int64(1)], [np.int64(2), 4, 6], [np.int64(3)], [5, 7]]",[0.04087706 0.05551131 0.15679243 0.04663773 0.09875572]
437,0.1059961353164594,"[[np.int64(0), 2, 6], [np.int64(1)], [3], [4], [5, 7]]",[0.15679243 0.05551131 0.04663773 0.04087706 0.09875572]
438,0.1059961353164594,"[[np.int64(0), 2, 6], [np.int64(1), 3], [4], [5], [7]]",[0.15679243 0.09875572 0.04087706 0.05551131 0.04663773]
439,0.1061989442354585,"[[np.int64(0), np.int64(1), np.int64(2), 5], [3], [4], [6], [7]]",[0.21758118 0.04663773 0.04087706 0.04663773 0.04663773]
440,0.10619894423545856,"[[np.int64(0)], [np.int64(1), 4, 5, 6], [np.int64(2)], [np.int64(3)], [7]]",[0.04087706 0.21758118 0.04663773 0.04663773 0.04663773]
441,0.10619894423545878,"[[np.int64(0)], [np.int64(1), 4, 5, 7], [np.int64(2)], [np.int64(3)], [6]]",[0.04087706 0.21758118 0.04663773 0.04663773 0.04663773]
442,0.10619894423545884,"[[np.int64(0), np.int64(1), 3, 5], [2], [4], [6], [7]]",[0.21758118 0.04663773 0.04087706 0.04663773 0.04663773]
443,0.1062593857646138,"[[np.int64(0)], [np.int64(1), 6], [np.int64(2), 5], [np.int64(3), 7], [np.int64(4)]]",[0.04087706 0.1020555  0.1020555  0.11244588 0.04087706]
444,0.10625938576461469,"[[np.int64(0)], [np.int64(1), 7], [np.int64(2), 6], [np.int64(3), 5], [np.int64(4)]]",[0.04087706 0.1020555  0.11244588 0.1020555  0.04087706]
445,0.10632439492950302,"[[np.int64(0), 5], [np.int64(1)], [np.int64(2), 3], [4], [6, 7]]",[0.10661447 0.05551131 0.09762157 0.04087706 0.09762157]
446,0.10632439492950302,"[[np.int64(0)], [np.int64(1), 4], [np.int64(2), 3], [5], [6, 7]]",[0.04087706 0.10661447 0.09762157 0.05551131 0.09762157]
447,0.10664895056709794,"[[np.int64(0), 2, 7], [np.int64(1)], [3], [4], [5, 6]]",[0.15613961 0.05551131 0.04663773 0.04087706 0.09875572]
448,0.10664895056709806,"[[np.int64(0)], [np.int64(1), 2], [3, 4, 6], [5], [7]]",[0.04087706 0.09875572 0.15613961 0.05551131 0.04663773]
449,0.10664895056709806,"[[np.int64(0), 2, 7], [np.int64(1), 3], [4], [5], [6]]",[0.15613961 0.09875572 0.04087706 0.05551131 0.04663773]
450,0.10664895056709822,"[[np.int64(0)], [np.int64(1)], [np.int64(2)], [np.int64(3), 4, 6], [5, 7]]",[0.04087706 0.05551131 0.04663773 0.15613961 0.09875572]
451,0.10664895056709828,"[[np.int64(0)], [np.int64(1)], [np.int64(2), 4, 7], [np.int64(3)], [5, 6]]",[0.04087706 0.05551131 0.15613961 0.04663773 0.09875572]
452,0.10664895056709839,"[[np.int64(0), 3, 6], [np.int64(1), 2], [4], [5], [7]]",[0.15613961 0.09875572 0.04087706 0.05551131 0.04663773]
453,0.10664895056709844,"[[np.int64(0)], [np.int64(1), 3], [np.int64(2), 4, 7], [5], [6]]",[0.04087706 0.09875572 0.15613961 0.05551131 0.04663773]
454,0.10664895056709855,"[[np.int64(0), 3, 6], [np.int64(1)], [np.int64(2)], [4], [5, 7]]",[0.15613961 0.05551131 0.04663773 0.04087706 0.09875572]
455,0.10673052601431765,"[[np.int64(0), 7], [np.int64(1), 4], [np.int64(2), 5], [np.int64(3)], [6]]",[0.09589443 0.10661447 0.1020555  0.04663773 0.04663773]
456,0.10673052601431782,"[[np.int64(0), 5], [np.int64(1), 6], [np.int64(2)], [np.int64(3), 4], [7]]",[0.10661447 0.1020555  0.04663773 0.09589443 0.04663773]
457,0.10673052601431787,"[[np.int64(0), 7], [np.int64(1), 4], [np.int64(2)], [np.int64(3), 5], [6]]",[0.09589443 0.10661447 0.04663773 0.1020555  0.04663773]
458,0.10673052601431804,"[[np.int64(0), 5], [np.int64(1), 7], [np.int64(2)], [np.int64(3), 4], [6]]",[0.10661447 0.1020555  0.04663773 0.09589443 0.04663773]
459,0.1067305260143181,"[[np.int64(0), 6], [np.int64(1), 4], [np.int64(2), 5], [np.int64(3)], [7]]",[0.09589443 0.10661447 0.1020555  0.04663773 0.04663773]
460,0.1067305260143182,"[[np.int64(0), 5], [np.int64(1), 6], [np.int64(2), 4], [np.int64(3)], [7]]",[0.10661447 0.1020555  0.09589443 0.04663773 0.04663773]
461,0.10673052601431843,"[[np.int64(0), 6], [np.int64(1), 4], [np.int64(2)], [np.int64(3), 5], [7]]",[0.09589443 0.10661447 0.04663773 0.1020555  0.04663773]
462,0.10673052601431843,"[[np.int64(0), 5], [np.int64(1), 7], [np.int64(2), 4], [np.int64(3)], [6]]",[0.10661447 0.1020555  0.09589443 0.04663773 0.04663773]
463,0.10691220101525362,"[[np.int64(0)], [np.int64(1), 6], [np.int64(2), 7], [np.int64(3), 5], [np.int64(4)]]",[0.04087706 0.1020555  0.11179306 0.1020555  0.04087706]
464,0.10691220101525367,"[[np.int64(0)], [np.int64(1), 7], [np.int64(2), 5], [np.int64(3), 6], [np.int64(4)]]",[0.04087706 0.1020555  0.1020555  0.11179306 0.04087706]
465,0.10709349536914442,"[[np.int64(0), 4, 5], [np.int64(1)], [np.int64(2)], [np.int64(3)], [6, 7]]",[0.15106855 0.05551131 0.04663773 0.04663773 0.09762157]
466,0.10709349536914448,"[[np.int64(0), np.int64(1), 4], [2], [3], [5], [6, 7]]",[0.15106855 0.04663773 0.04663773 0.05551131 0.09762157]
467,0.10709349536914448,"[[np.int64(0), 4, 5], [np.int64(1)], [np.int64(2), 3], [6], [7]]",[0.15106855 0.05551131 0.09762157 0.04663773 0.04663773]
468,0.10709349536914453,"[[np.int64(0), np.int64(1), 4], [2, 3], [5], [6], [7]]",[0.15106855 0.09762157 0.05551131 0.04663773 0.04663773]
469,0.10751296436583524,"[[np.int64(0), 3, 7], [np.int64(1)], [np.int64(2)], [4, 6], [5]]",[0.15679243 0.05551131 0.04663773 0.08260464 0.05551131]
470,0.10751296436583546,"[[np.int64(0), 2], [np.int64(1)], [3, 4, 7], [5], [6]]",[0.08260464 0.05551131 0.15679243 0.05551131 0.04663773]
471,0.10751296436583613,"[[np.int64(0), 2, 6], [np.int64(1)], [3], [4, 7], [5]]",[0.15679243 0.05551131 0.04663773 0.08260464 0.05551131]
472,0.10751296436583618,"[[np.int64(0), 3], [np.int64(1)], [np.int64(2), 4, 6], [5], [7]]",[0.08260464 0.05551131 0.15679243 0.05551131 0.04663773]
473,0.10753065644472704,"[[np.int64(0), 6, 7], [np.int64(1), 2], [3], [4], [5]]",[0.15525791 0.09875572 0.04663773 0.04087706 0.05551131]
474,0.10753065644472715,"[[np.int64(0), 6, 7], [np.int64(1), 3], [np.int64(2)], [4], [5]]",[0.15525791 0.09875572 0.04663773 0.04087706 0.05551131]
475,0.1075306564447272,"[[np.int64(0)], [np.int64(1)], [np.int64(2), 3, 4], [5, 6], [7]]",[0.04087706 0.05551131 0.15525791 0.09875572 0.04663773]
476,0.10753065644472731,"[[np.int64(0)], [np.int64(1)], [np.int64(2), 3, 4], [5, 7], [6]]",[0.04087706 0.05551131 0.15525791 0.09875572 0.04663773]
477,0.10778027671599483,"[[np.int64(0), 3, 7], [np.int64(1)], [np.int64(2)], [4, 5], [6]]",[0.15679243 0.05551131 0.04663773 0.09121091 0.04663773]
478,0.10778027671599488,"[[np.int64(0), np.int64(1)], [2], [3, 4, 7], [5], [6]]",[0.09121091 0.04663773 0.15679243 0.05551131 0.04663773]
479,0.10778027671599577,"[[np.int64(0), np.int64(1)], [2, 4, 6], [3], [5], [7]]",[0.09121091 0.15679243 0.04663773 0.05551131 0.04663773]
480,0.10778027671599583,"[[np.int64(0), 2, 6], [np.int64(1)], [3], [4, 5], [7]]",[0.15679243 0.05551131 0.04663773 0.09121091 0.04663773]
481,0.10779602625334822,"[[np.int64(0), 4], [np.int64(1)], [np.int64(2), 3], [5], [6, 7]]",[0.09050859 0.05551131 0.09762157 0.05551131 0.09762157]
482,0.10806365667846418,"[[np.int64(0), np.int64(1), 4, 7], [2], [3], [5], [6]]",[0.20108223 0.04663773 0.04663773 0.05551131 0.04663773]
483,0.10806365667846429,"[[np.int64(0), 3, 4, 5], [np.int64(1)], [np.int64(2)], [6], [7]]",[0.20108223 0.05551131 0.04663773 0.04663773 0.04663773]
484,0.10806365667846457,"[[np.int64(0), np.int64(1), 4, 6], [2], [3], [5], [7]]",[0.20108223 0.04663773 0.04663773 0.05551131 0.04663773]
485,0.10806365667846457,"[[np.int64(0), 2, 4, 5], [np.int64(1)], [3], [6], [7]]",[0.20108223 0.05551131 0.04663773 0.04663773 0.04663773]
486,0.108165779616475,"[[np.int64(0), 2, 7], [np.int64(1)], [3], [4, 6], [5]]",[0.15613961 0.05551131 0.04663773 0.08260464 0.05551131]
487,0.10816577961647517,"[[np.int64(0), 2], [np.int64(1)], [3, 4, 6], [5], [7]]",[0.08260464 0.05551131 0.15613961 0.05551131 0.04663773]
488,0.10816577961647522,"[[np.int64(0), 3], [np.int64(1)], [np.int64(2), 4, 7], [5], [6]]",[0.08260464 0.05551131 0.15613961 0.05551131 0.04663773]
489,0.10816577961647522,"[[np.int64(0), 3, 6], [np.int64(1)], [np.int64(2)], [4, 7], [5]]",[0.15613961 0.05551131 0.04663773 0.08260464 0.05551131]
490,0.10832476652483813,"[[np.int64(0)], [np.int64(1), 5], [np.int64(2)], [np.int64(3)], [np.int64(4), 6, 7]]",[0.04087706 0.13341475 0.04663773 0.04663773 0.12867834]
491,0.1083247665248383,"[[np.int64(0), 2, 3], [np.int64(1), 5], [4], [6], [7]]",[0.12867834 0.13341475 0.04087706 0.04663773 0.04663773]
492,0.10843309196663442,"[[np.int64(0), 2, 7], [np.int64(1)], [3], [4, 5], [6]]",[0.15613961 0.05551131 0.04663773 0.09121091 0.04663773]
493,0.1084330919666347,"[[np.int64(0), np.int64(1)], [2], [3, 4, 6], [5], [7]]",[0.09121091 0.04663773 0.15613961 0.05551131 0.04663773]
494,0.10843309196663486,"[[np.int64(0), np.int64(1)], [2, 4, 7], [3], [5], [6]]",[0.09121091 0.15613961 0.04663773 0.05551131 0.04663773]
495,0.10843309196663498,"[[np.int64(0), 3, 6], [np.int64(1)], [np.int64(2)], [4, 5], [7]]",[0.15613961 0.05551131 0.04663773 0.09121091 0.04663773]
496,0.10857699291379963,"[[np.int64(0), 7], [np.int64(1)], [np.int64(2), 5], [np.int64(3), 4], [6]]",[0.09589443 0.05551131 0.1020555  0.09589443 0.04663773]
497,0.10857699291379974,"[[np.int64(0), 7], [np.int64(1), 6], [np.int64(2)], [np.int64(3), 4], [5]]",[0.09589443 0.1020555  0.04663773 0.09589443 0.05551131]
498,0.10857699291380013,"[[np.int64(0), 7], [np.int64(1), 6], [np.int64(2), 4], [np.int64(3)], [5]]",[0.09589443 0.1020555  0.09589443 0.04663773 0.05551131]
499,0.10857699291380013,"[[np.int64(0), 6], [np.int64(1)], [np.int64(2), 5], [np.int64(3), 4], [7]]",[0.09589443 0.05551131 0.1020555  0.09589443 0.04663773]
500,0.10857699291380041,"[[np.int64(0), 6], [np.int64(1), 7], [np.int64(2)], [np.int64(3), 4], [5]]",[0.09589443 0.1020555  0.04663773 0.09589443 0.05551131]
501,0.10857699291380041,"[[np.int64(0), 7], [np.int64(1)], [np.int64(2), 4], [np.int64(3), 5], [6]]",[0.09589443 0.05551131 0.09589443 0.1020555  0.04663773]
502,0.10857699291380091,"[[np.int64(0), 6], [np.int64(1)], [np.int64(2), 4], [np.int64(3), 5], [7]]",[0.09589443 0.05551131 0.09589443 0.1020555  0.04663773]
503,0.10857699291380091,"[[np.int64(0), 6], [np.int64(1), 7], [np.int64(2), 4], [np.int64(3)], [5]]",[0.09589443 0.1020555  0.09589443 0.04663773 0.05551131]
504,0.1086726499184667,"[[np.int64(0), 4, 7], [np.int64(1)], [np.int64(2), 3], [5], [6]]",[0.14061581 0.05551131 0.09762157 0.05551131 0.04663773]
505,0.10867264991846681,"[[np.int64(0), 3, 4], [np.int64(1)], [np.int64(2)], [5], [6, 7]]",[0.14061581 0.05551131 0.04663773 0.05551131 0.09762157]
506,0.10867264991846742,"[[np.int64(0), 2, 4], [np.int64(1)], [3], [5], [6, 7]]",[0.14061581 0.05551131 0.04663773 0.05551131 0.09762157]
507,0.10867264991846742,"[[np.int64(0), 4, 6], [np.int64(1)], [np.int64(2), 3], [5], [7]]",[0.14061581 0.05551131 0.09762157 0.05551131 0.04663773]
508,0.10931479784426357,"[[np.int64(0), 6, 7], [np.int64(1)], [np.int64(2)], [np.int64(3)], [np.int64(4), 5]]",[0.15525791 0.05551131 0.04663773 0.04663773 0.09121091]
509,0.10931479784426373,"[[np.int64(0), np.int64(1)], [2, 3, 4], [5], [6], [7]]",[0.09121091 0.15525791 0.05551131 0.04663773 0.04663773]
510,0.1095018731326658,"[[np.int64(0), np.int64(1), 6, 7], [2], [3], [4], [5]]",[0.20540468 0.04663773 0.04663773 0.04087706 0.05551131]
511,0.1095018731326659,"[[np.int64(0)], [np.int64(1)], [np.int64(2), 3, 4, 5], [6], [7]]",[0.04087706 0.05551131 0.20540468 0.04663773 0.04663773]
512,0.10965270219899559,"[[np.int64(0)], [np.int64(1), 3, 7], [np.int64(2), 5], [4], [6]]",[0.04087706 0.16447033 0.1020555  0.04087706 0.04663773]
513,0.1096527021989957,"[[np.int64(0)], [np.int64(1), 6], [np.int64(2)], [np.int64(3), 5, 7], [np.int64(4)]]",[0.04087706 0.1020555  0.04663773 0.16447033 0.04087706]
514,0.10965270219899576,"[[np.int64(0)], [np.int64(1), 7], [np.int64(2), 5, 6], [np.int64(3)], [np.int64(4)]]",[0.04087706 0.1020555  0.16447033 0.04663773 0.04087706]
515,0.10965270219899587,"[[np.int64(0)], [np.int64(1), 2, 6], [3, 5], [4], [7]]",[0.04087706 0.16447033 0.1020555  0.04087706 0.04663773]
516,0.10979420459859424,"[[np.int64(0), 2, 5], [np.int64(1), 4], [3], [6], [7]]",[0.14824852 0.10661447 0.04663773 0.04663773 0.04663773]
517,0.10979420459859424,"[[np.int64(0), 5], [np.int64(1), 4, 6], [np.int64(2)], [np.int64(3)], [7]]",[0.10661447 0.14824852 0.04663773 0.04663773 0.04663773]
518,0.10979420459859429,"[[np.int64(0), 5], [np.int64(1), 4, 7], [np.int64(2)], [np.int64(3)], [6]]",[0.10661447 0.14824852 0.04663773 0.04663773 0.04663773]
519,0.10979420459859435,"[[np.int64(0), 3, 5], [np.int64(1), 4], [np.int64(2)], [6], [7]]",[0.14824852 0.10661447 0.04663773 0.04663773 0.04663773]
520,0.11003030480449821,"[[np.int64(0), 7], [np.int64(1), 4], [np.int64(2)], [np.int64(3)], [5, 6]]",[0.09589443 0.10661447 0.04663773 0.04663773 0.09875572]
521,0.11003030480449821,"[[np.int64(0), 5], [np.int64(1), 2], [3, 4], [6], [7]]",[0.10661447 0.09875572 0.09589443 0.04663773 0.04663773]
522,0.11003030480449882,"[[np.int64(0), 6], [np.int64(1), 4], [np.int64(2)], [np.int64(3)], [5, 7]]",[0.09589443 0.10661447 0.04663773 0.04663773 0.09875572]
523,0.11003030480449882,"[[np.int64(0), 5], [np.int64(1), 3], [np.int64(2), 4], [6], [7]]",[0.10661447 0.09875572 0.09589443 0.04663773 0.04663773]
524,0.11012384244869927,"[[np.int64(0), 5, 7], [np.int64(1), 6], [np.int64(2)], [np.int64(3)], [np.int64(4)]]",[0.15823852 0.1020555  0.04663773 0.04663773 0.04087706]
525,0.11012384244869938,"[[np.int64(0)], [np.int64(1), 3, 4], [np.int64(2), 5], [6], [7]]",[0.04087706 0.15823852 0.1020555  0.04663773 0.04663773]
526,0.11012384244869983,"[[np.int64(0), 5, 6], [np.int64(1), 7], [np.int64(2)], [np.int64(3)], [np.int64(4)]]",[0.15823852 0.1020555  0.04663773 0.04663773 0.04087706]
527,0.11012384244869994,"[[np.int64(0)], [np.int64(1), 2, 4], [3, 5], [6], [7]]",[0.04087706 0.15823852 0.1020555  0.04663773 0.04663773]
528,0.11030551744963485,"[[np.int64(0)], [np.int64(1), 6], [np.int64(2), 5, 7], [np.int64(3)], [np.int64(4)]]",[0.04087706 0.1020555  0.16381751 0.04663773 0.04087706]
529,0.11030551744963502,"[[np.int64(0)], [np.int64(1), 3, 6], [np.int64(2), 5], [4], [7]]",[0.04087706 0.16381751 0.1020555  0.04087706 0.04663773]
530,0.11030551744963524,"[[np.int64(0)], [np.int64(1), 2, 7], [3, 5], [4], [6]]",[0.04087706 0.16381751 0.1020555  0.04087706 0.04663773]
531,0.1103055174496354,"[[np.int64(0)], [np.int64(1), 7], [np.int64(2)], [np.int64(3), 5, 6], [np.int64(4)]]",[0.04087706 0.1020555  0.04663773 0.16381751 0.04087706]
532,0.11076404783295746,"[[np.int64(0)], [np.int64(1), 4], [np.int64(2), 5], [np.int64(3)], [6, 7]]",[0.04087706 0.10661447 0.1020555  0.04663773 0.09762157]
533,0.11076404783295757,"[[np.int64(0), 5], [np.int64(1), 6], [np.int64(2), 3], [4], [7]]",[0.10661447 0.1020555  0.09762157 0.04087706 0.04663773]
534,0.11076404783295779,"[[np.int64(0), 5], [np.int64(1), 7], [np.int64(2), 3], [4], [6]]",[0.10661447 0.1020555  0.09762157 0.04087706 0.04663773]
535,0.11076404783295785,"[[np.int64(0)], [np.int64(1), 4], [np.int64(2)], [np.int64(3), 5], [6, 7]]",[0.04087706 0.10661447 0.04663773 0.1020555  0.09762157]
536,0.1108575854771588,"[[np.int64(0)], [np.int64(1), 4], [np.int64(2), 3, 5], [6], [7]]",[0.04087706 0.10661447 0.1529458  0.04663773 0.04663773]
537,0.1108575854771588,"[[np.int64(0), 5], [np.int64(1), 6, 7], [np.int64(2)], [np.int64(3)], [np.int64(4)]]",[0.10661447 0.1529458  0.04663773 0.04663773 0.04087706]
538,0.11107599360417125,"[[np.int64(0)], [np.int64(1)], [np.int64(2), 5], [np.int64(3), 7], [np.int64(4), 6]]",[0.04087706 0.05551131 0.1020555  0.11244588 0.08260464]
539,0.11107599360417136,"[[np.int64(0), 2], [np.int64(1), 6], [3, 7], [4], [5]]",[0.08260464 0.1020555  0.11244588 0.04087706 0.05551131]
540,0.11107599360417175,"[[np.int64(0)], [np.int64(1)], [np.int64(2), 6], [np.int64(3), 5], [np.int64(4), 7]]",[0.04087706 0.05551131 0.11244588 0.1020555  0.08260464]
541,0.11107599360417181,"[[np.int64(0), 3], [np.int64(1), 7], [np.int64(2), 6], [4], [5]]",[0.08260464 0.1020555  0.11244588 0.04087706 0.05551131]
542,0.11124759037891557,"[[np.int64(0)], [np.int64(1), 2, 5], [3], [4, 7], [6]]",[0.04087706 0.17656562 0.04663773 0.08260464 0.04663773]
543,0.11124759037891563,"[[np.int64(0)], [np.int64(1), 5, 6], [np.int64(2)], [np.int64(3)], [np.int64(4), 7]]",[0.04087706 0.17656562 0.04663773 0.04663773 0.08260464]
544,0.11124759037891568,"[[np.int64(0), 3], [np.int64(1), 2, 5], [4], [6], [7]]",[0.08260464 0.17656562 0.04087706 0.04663773 0.04663773]
545,0.11124759037891574,"[[np.int64(0)], [np.int64(1), 2, 5], [3], [4, 6], [7]]",[0.04087706 0.17656562 0.04663773 0.08260464 0.04663773]
546,0.11124759037891574,"[[np.int64(0), 3], [np.int64(1), 5, 6], [np.int64(2)], [4], [7]]",[0.08260464 0.17656562 0.04663773 0.04087706 0.04663773]
547,0.1112475903789159,"[[np.int64(0), 2], [np.int64(1), 5, 6], [3], [4], [7]]",[0.08260464 0.17656562 0.04663773 0.04087706 0.04663773]
548,0.11124759037891607,"[[np.int64(0)], [np.int64(1), 3, 5], [np.int64(2)], [4, 7], [6]]",[0.04087706 0.17656562 0.04663773 0.08260464 0.04663773]
549,0.11124759037891613,"[[np.int64(0), 3], [np.int64(1), 5, 7], [np.int64(2)], [4], [6]]",[0.08260464 0.17656562 0.04663773 0.04087706 0.04663773]
550,0.11124759037891618,"[[np.int64(0)], [np.int64(1), 5, 7], [np.int64(2)], [np.int64(3)], [np.int64(4), 6]]",[0.04087706 0.17656562 0.04663773 0.04663773 0.08260464]
551,0.11124759037891624,"[[np.int64(0)], [np.int64(1), 3, 5], [np.int64(2)], [4, 6], [7]]",[0.04087706 0.17656562 0.04663773 0.08260464 0.04663773]
552,0.1112475903789163,"[[np.int64(0), 2], [np.int64(1), 3, 5], [4], [6], [7]]",[0.08260464 0.17656562 0.04087706 0.04663773 0.04663773]
553,0.1112475903789163,"[[np.int64(0), 2], [np.int64(1), 5, 7], [3], [4], [6]]",[0.08260464 0.17656562 0.04663773 0.04087706 0.04663773]
554,0.11126713079457773,"[[np.int64(0)], [np.int64(1)], [np.int64(2)], [np.int64(3), 4, 5, 7], [6]]",[0.04087706 0.05551131 0.04663773 0.20363942 0.04663773]
555,0.11126713079457773,"[[np.int64(0), np.int64(1), 3, 7], [2], [4], [5], [6]]",[0.20363942 0.04663773 0.04087706 0.05551131 0.04663773]
556,0.11126713079457817,"[[np.int64(0)], [np.int64(1)], [np.int64(2), 4, 5, 6], [np.int64(3)], [7]]",[0.04087706 0.05551131 0.20363942 0.04663773 0.04663773]
557,0.11126713079457823,"[[np.int64(0), np.int64(1), np.int64(2), 6], [3], [4], [5], [7]]",[0.20363942 0.04663773 0.04087706 0.05551131 0.04663773]
558,0.11134330595433078,"[[np.int64(0), np.int64(1)], [2, 5], [3, 7], [4], [6]]",[0.09121091 0.1020555  0.11244588 0.04087706 0.04663773]
559,0.1113433059543309,"[[np.int64(0)], [np.int64(1), 6], [np.int64(2)], [np.int64(3), 7], [np.int64(4), 5]]",[0.04087706 0.1020555  0.04663773 0.11244588 0.09121091]
560,0.11134330595433145,"[[np.int64(0), np.int64(1)], [2, 6], [3, 5], [4], [7]]",[0.09121091 0.11244588 0.1020555  0.04087706 0.04663773]
561,0.11134330595433145,"[[np.int64(0)], [np.int64(1), 7], [np.int64(2), 6], [np.int64(3)], [np.int64(4), 5]]",[0.04087706 0.1020555  0.11244588 0.04663773 0.09121091]
562,0.11136343546864452,"[[np.int64(0), 4, 5, 7], [np.int64(1)], [np.int64(2)], [np.int64(3)], [6]]",[0.19778245 0.05551131 0.04663773 0.04663773 0.04663773]
563,0.11136343546864474,"[[np.int64(0), np.int64(1), 3, 4], [2], [5], [6], [7]]",[0.19778245 0.04663773 0.05551131 0.04663773 0.04663773]
564,0.11136343546864502,"[[np.int64(0), 4, 5, 6], [np.int64(1)], [np.int64(2)], [np.int64(3)], [7]]",[0.19778245 0.05551131 0.04663773 0.04663773 0.04663773]
565,0.11136343546864519,"[[np.int64(0), np.int64(1), np.int64(2), 4], [3], [5], [6], [7]]",[0.19778245 0.04663773 0.05551131 0.04663773 0.04663773]
566,0.11153314827259897,"[[np.int64(0), np.int64(1), 4], [2, 5], [3], [6], [7]]",[0.15106855 0.1020555  0.04663773 0.04663773 0.04663773]
567,0.11153314827259903,"[[np.int64(0), 4, 5], [np.int64(1), 6], [np.int64(2)], [np.int64(3)], [7]]",[0.15106855 0.1020555  0.04663773 0.04663773 0.04663773]
568,0.11153314827259925,"[[np.int64(0), 4, 5], [np.int64(1), 7], [np.int64(2)], [np.int64(3)], [6]]",[0.15106855 0.1020555  0.04663773 0.04663773 0.04663773]
569,0.1115331482725993,"[[np.int64(0), np.int64(1), 4], [2], [3, 5], [6], [7]]",[0.15106855 0.04663773 0.1020555  0.04663773 0.04663773]
570,0.11164067149807616,"[[np.int64(0), 7], [np.int64(1), 4, 6], [np.int64(2)], [np.int64(3)], [5]]",[0.09589443 0.14824852 0.04663773 0.04663773 0.05551131]
571,0.11164067149807616,"[[np.int64(0), 2, 5], [np.int64(1)], [3, 4], [6], [7]]",[0.14824852 0.05551131 0.09589443 0.04663773 0.04663773]
572,0.11164067149807672,"[[np.int64(0), 6], [np.int64(1), 4, 7], [np.int64(2)], [np.int64(3)], [5]]",[0.09589443 0.14824852 0.04663773 0.04663773 0.05551131]
573,0.11164067149807683,"[[np.int64(0), 3, 5], [np.int64(1)], [np.int64(2), 4], [6], [7]]",[0.14824852 0.05551131 0.09589443 0.04663773 0.04663773]
574,0.11172880885481073,"[[np.int64(0)], [np.int64(1)], [np.int64(2), 5], [np.int64(3), 6], [np.int64(4), 7]]",[0.04087706 0.05551131 0.1020555  0.11179306 0.08260464]
575,0.11172880885481079,"[[np.int64(0), 3], [np.int64(1), 6], [np.int64(2), 7], [4], [5]]",[0.08260464 0.1020555  0.11179306 0.04087706 0.05551131]
576,0.11172880885481107,"[[np.int64(0)], [np.int64(1)], [np.int64(2), 7], [np.int64(3), 5], [np.int64(4), 6]]",[0.04087706 0.05551131 0.11179306 0.1020555  0.08260464]
577,0.11172880885481118,"[[np.int64(0), 2], [np.int64(1), 7], [3, 6], [4], [5]]",[0.08260464 0.1020555  0.11179306 0.04087706 0.05551131]
578,0.11187677170398014,"[[np.int64(0), 7], [np.int64(1), 2], [3, 4], [5], [6]]",[0.09589443 0.09875572 0.09589443 0.05551131 0.04663773]
579,0.11187677170398025,"[[np.int64(0), 7], [np.int64(1)], [np.int64(2)], [np.int64(3), 4], [5, 6]]",[0.09589443 0.05551131 0.04663773 0.09589443 0.09875572]
580,0.11187677170398064,"[[np.int64(0), 6], [np.int64(1), 2], [3, 4], [5], [7]]",[0.09589443 0.09875572 0.09589443 0.05551131 0.04663773]
581,0.11187677170398064,"[[np.int64(0), 7], [np.int64(1)], [np.int64(2), 4], [np.int64(3)], [5, 6]]",[0.09589443 0.05551131 0.09589443 0.04663773 0.09875572]
582,0.11187677170398075,"[[np.int64(0), 6], [np.int64(1)], [np.int64(2)], [np.int64(3), 4], [5, 7]]",[0.09589443 0.05551131 0.04663773 0.09589443 0.09875572]
583,0.1118767717039808,"[[np.int64(0), 7], [np.int64(1), 3], [np.int64(2), 4], [5], [6]]",[0.09589443 0.09875572 0.09589443 0.05551131 0.04663773]
584,0.11187677170398125,"[[np.int64(0), 6], [np.int64(1)], [np.int64(2), 4], [np.int64(3)], [5, 7]]",[0.09589443 0.05551131 0.09589443 0.04663773 0.09875572]
585,0.1118767717039813,"[[np.int64(0), 6], [np.int64(1), 3], [np.int64(2), 4], [5], [7]]",[0.09589443 0.09875572 0.09589443 0.05551131 0.04663773]
586,0.11191994604521716,"[[np.int64(0), np.int64(1), np.int64(2), 7], [3], [4], [5], [6]]",[0.20298661 0.04663773 0.04087706 0.05551131 0.04663773]
587,0.11191994604521738,"[[np.int64(0)], [np.int64(1)], [np.int64(2), 4, 5, 7], [np.int64(3)], [6]]",[0.04087706 0.05551131 0.20298661 0.04663773 0.04663773]
588,0.11191994604521743,"[[np.int64(0)], [np.int64(1)], [np.int64(2)], [np.int64(3), 4, 5, 6], [7]]",[0.04087706 0.05551131 0.04663773 0.20298661 0.04663773]
589,0.11191994604521754,"[[np.int64(0), np.int64(1), 3, 6], [2], [4], [5], [7]]",[0.20298661 0.04663773 0.04087706 0.05551131 0.04663773]
590,0.11199612120497032,"[[np.int64(0)], [np.int64(1), 6], [np.int64(2), 7], [np.int64(3)], [np.int64(4), 5]]",[0.04087706 0.1020555  0.11179306 0.04663773 0.09121091]
591,0.11199612120497043,"[[np.int64(0), np.int64(1)], [2, 5], [3, 6], [4], [7]]",[0.09121091 0.1020555  0.11179306 0.04087706 0.04663773]
592,0.11199612120497066,"[[np.int64(0), np.int64(1)], [2, 7], [3, 5], [4], [6]]",[0.09121091 0.11179306 0.1020555  0.04087706 0.04663773]
593,0.11199612120497071,"[[np.int64(0)], [np.int64(1), 7], [np.int64(2)], [np.int64(3), 6], [np.int64(4), 5]]",[0.04087706 0.1020555  0.04663773 0.11179306 0.09121091]
594,0.11223567915680271,"[[np.int64(0), 4], [np.int64(1)], [np.int64(2), 5], [np.int64(3)], [6, 7]]",[0.09050859 0.05551131 0.1020555  0.04663773 0.09762157]
595,0.11223567915680283,"[[np.int64(0), 4], [np.int64(1), 6], [np.int64(2), 3], [5], [7]]",[0.09050859 0.1020555  0.09762157 0.05551131 0.04663773]
596,0.11223567915680305,"[[np.int64(0), 4], [np.int64(1)], [np.int64(2)], [np.int64(3), 5], [6, 7]]",[0.09050859 0.05551131 0.04663773 0.1020555  0.09762157]
597,0.1122356791568031,"[[np.int64(0), 4], [np.int64(1), 7], [np.int64(2), 3], [5], [6]]",[0.09050859 0.1020555  0.09762157 0.05551131 0.04663773]
598,0.112329216801004,"[[np.int64(0), 4], [np.int64(1)], [np.int64(2), 3, 5], [6], [7]]",[0.09050859 0.05551131 0.1529458  0.04663773 0.04663773]
599,0.11232921680100405,"[[np.int64(0), 4], [np.int64(1), 6, 7], [np.int64(2)], [np.int64(3)], [5]]",[0.09050859 0.1529458  0.04663773 0.04663773 0.05551131]
600,0.11261051473243949,"[[np.int64(0), 7], [np.int64(1), 6], [np.int64(2), 3], [4], [5]]",[0.09589443 0.1020555  0.09762157 0.04087706 0.05551131]
601,0.11261051473243949,"[[np.int64(0)], [np.int64(1)], [np.int64(2), 5], [np.int64(3), 4], [6, 7]]",[0.04087706 0.05551131 0.1020555  0.09589443 0.09762157]
602,0.11261051473244021,"[[np.int64(0), 6], [np.int64(1), 7], [np.int64(2), 3], [4], [5]]",[0.09589443 0.1020555  0.09762157 0.04087706 0.05551131]
603,0.11261051473244027,"[[np.int64(0)], [np.int64(1)], [np.int64(2), 4], [np.int64(3), 5], [6, 7]]",[0.04087706 0.05551131 0.09589443 0.1020555  0.09762157]
604,0.11267088178409157,"[[np.int64(0), 3], [np.int64(1), 5], [np.int64(2)], [4, 7], [6]]",[0.08260464 0.13341475 0.04663773 0.08260464 0.04663773]
605,0.11267088178409174,"[[np.int64(0), 3], [np.int64(1), 5], [np.int64(2)], [4, 6], [7]]",[0.08260464 0.13341475 0.04663773 0.08260464 0.04663773]
606,0.11267088178409179,"[[np.int64(0), 2], [np.int64(1), 5], [3], [4, 7], [6]]",[0.08260464 0.13341475 0.04663773 0.08260464 0.04663773]
607,0.1126708817840919,"[[np.int64(0), 2], [np.int64(1), 5], [3], [4, 6], [7]]",[0.08260464 0.13341475 0.04663773 0.08260464 0.04663773]
608,0.11270405237664066,"[[np.int64(0), 7], [np.int64(1)], [np.int64(2), 3, 5], [4], [6]]",[0.09589443 0.05551131 0.1529458  0.04087706 0.04663773]
609,0.11270405237664083,"[[np.int64(0)], [np.int64(1), 6, 7], [np.int64(2)], [np.int64(3), 4], [5]]",[0.04087706 0.1529458  0.04663773 0.09589443 0.05551131]
610,0.11270405237664122,"[[np.int64(0), 6], [np.int64(1)], [np.int64(2), 3, 5], [4], [7]]",[0.09589443 0.05551131 0.1529458  0.04087706 0.04663773]
611,0.11270405237664127,"[[np.int64(0)], [np.int64(1), 6, 7], [np.int64(2), 4], [np.int64(3)], [5]]",[0.04087706 0.1529458  0.09589443 0.04663773 0.05551131]
612,0.11285894334497476,"[[np.int64(0)], [np.int64(1), 2], [3, 7], [4], [5, 6]]",[0.04087706 0.09875572 0.11244588 0.04087706 0.09875572]
613,0.11285894334497543,"[[np.int64(0)], [np.int64(1), 3], [np.int64(2), 6], [4], [5, 7]]",[0.04087706 0.09875572 0.11244588 0.04087706 0.09875572]
614,0.1129524809891761,"[[np.int64(0)], [np.int64(1), 2], [3, 5, 7], [4], [6]]",[0.04087706 0.09875572 0.16447033 0.04087706 0.04663773]
615,0.11295248098917615,"[[np.int64(0)], [np.int64(1), 3], [np.int64(2), 5, 6], [4], [7]]",[0.04087706 0.09875572 0.16447033 0.04087706 0.04663773]
616,0.11295248098917621,"[[np.int64(0)], [np.int64(1), 3, 7], [np.int64(2)], [4], [5, 6]]",[0.04087706 0.16447033 0.04663773 0.04087706 0.09875572]
617,0.11295248098917621,"[[np.int64(0)], [np.int64(1), 2, 6], [3], [4], [5, 7]]",[0.04087706 0.16447033 0.04663773 0.04087706 0.09875572]
618,0.11311230282192114,"[[np.int64(0), 4, 7], [np.int64(1)], [np.int64(2), 5], [np.int64(3)], [6]]",[0.14061581 0.05551131 0.1020555  0.04663773 0.04663773]
619,0.1131123028219212,"[[np.int64(0), 4, 7], [np.int64(1), 6], [np.int64(2)], [np.int64(3)], [5]]",[0.14061581 0.1020555  0.04663773 0.04663773 0.05551131]
620,0.1131123028219213,"[[np.int64(0), 3, 4], [np.int64(1)], [np.int64(2), 5], [6], [7]]",[0.14061581 0.05551131 0.1020555  0.04663773 0.04663773]
621,0.11311230282192136,"[[np.int64(0), 3, 4], [np.int64(1), 6], [np.int64(2)], [5], [7]]",[0.14061581 0.1020555  0.04663773 0.05551131 0.04663773]
622,0.11311230282192153,"[[np.int64(0), 4, 7], [np.int64(1)], [np.int64(2)], [np.int64(3), 5], [6]]",[0.14061581 0.05551131 0.04663773 0.1020555  0.04663773]
623,0.11311230282192158,"[[np.int64(0), 3, 4], [np.int64(1), 7], [np.int64(2)], [5], [6]]",[0.14061581 0.1020555  0.04663773 0.05551131 0.04663773]
624,0.11311230282192186,"[[np.int64(0), 4, 6], [np.int64(1)], [np.int64(2), 5], [np.int64(3)], [7]]",[0.14061581 0.05551131 0.1020555  0.04663773 0.04663773]
625,0.11311230282192203,"[[np.int64(0), 2, 4], [np.int64(1), 6], [3], [5], [7]]",[0.14061581 0.1020555  0.04663773 0.05551131 0.04663773]
626,0.11311230282192214,"[[np.int64(0), 4, 6], [np.int64(1), 7], [np.int64(2)], [np.int64(3)], [5]]",[0.14061581 0.1020555  0.04663773 0.04663773 0.05551131]
627,0.11311230282192214,"[[np.int64(0), 4, 6], [np.int64(1)], [np.int64(2)], [np.int64(3), 5], [7]]",[0.14061581 0.05551131 0.04663773 0.1020555  0.04663773]
628,0.1131123028219222,"[[np.int64(0), 2, 4], [np.int64(1), 7], [3], [5], [6]]",[0.14061581 0.1020555  0.04663773 0.05551131 0.04663773]
629,0.11311230282192225,"[[np.int64(0), 2, 4], [np.int64(1)], [3, 5], [6], [7]]",[0.14061581 0.05551131 0.1020555  0.04663773 0.04663773]
630,0.11342362123887967,"[[np.int64(0), 5, 7], [np.int64(1), 2], [3], [4], [6]]",[0.15823852 0.09875572 0.04663773 0.04087706 0.04663773]
631,0.11342362123887983,"[[np.int64(0), 5, 7], [np.int64(1), 3], [np.int64(2)], [4], [6]]",[0.15823852 0.09875572 0.04663773 0.04087706 0.04663773]
632,0.11342362123887995,"[[np.int64(0)], [np.int64(1), 3, 4], [np.int64(2)], [5, 6], [7]]",[0.04087706 0.15823852 0.04663773 0.09875572 0.04663773]
633,0.11342362123888,"[[np.int64(0)], [np.int64(1), 3, 4], [np.int64(2)], [5, 7], [6]]",[0.04087706 0.15823852 0.04663773 0.09875572 0.04663773]
634,0.11342362123888006,"[[np.int64(0), 5, 6], [np.int64(1), 2], [3], [4], [7]]",[0.15823852 0.09875572 0.04663773 0.04087706 0.04663773]
635,0.11342362123888017,"[[np.int64(0)], [np.int64(1), 2, 4], [3], [5, 6], [7]]",[0.04087706 0.15823852 0.04663773 0.09875572 0.04663773]
636,0.11342362123888022,"[[np.int64(0), 5, 6], [np.int64(1), 3], [np.int64(2)], [4], [7]]",[0.15823852 0.09875572 0.04663773 0.04087706 0.04663773]
637,0.11342362123888028,"[[np.int64(0)], [np.int64(1), 2, 4], [3], [5, 7], [6]]",[0.04087706 0.15823852 0.04663773 0.09875572 0.04663773]
638,0.11351175859561446,"[[np.int64(0)], [np.int64(1), 3], [np.int64(2), 7], [4], [5, 6]]",[0.04087706 0.09875572 0.11179306 0.04087706 0.09875572]
639,0.11351175859561452,"[[np.int64(0)], [np.int64(1), 2], [3, 6], [4], [5, 7]]",[0.04087706 0.09875572 0.11179306 0.04087706 0.09875572]
640,0.11360529623981552,"[[np.int64(0)], [np.int64(1), 3], [np.int64(2), 5, 7], [4], [6]]",[0.04087706 0.09875572 0.16381751 0.04087706 0.04663773]
641,0.11360529623981552,"[[np.int64(0)], [np.int64(1), 2, 7], [3], [4], [5, 6]]",[0.04087706 0.16381751 0.04663773 0.04087706 0.09875572]
642,0.11360529623981558,"[[np.int64(0)], [np.int64(1), 2], [3, 5, 6], [4], [7]]",[0.04087706 0.09875572 0.16381751 0.04087706 0.04663773]
643,0.11360529623981569,"[[np.int64(0)], [np.int64(1), 3, 6], [np.int64(2)], [4], [5, 7]]",[0.04087706 0.16381751 0.04663773 0.04087706 0.09875572]
644,0.11375445074771795,"[[np.int64(0), np.int64(1), 7], [2], [3, 4], [5], [6]]",[0.14613474 0.04663773 0.09589443 0.05551131 0.04663773]
645,0.11375445074771795,"[[np.int64(0), 7], [np.int64(1)], [np.int64(2)], [np.int64(3), 4, 5], [6]]",[0.09589443 0.05551131 0.04663773 0.14613474 0.04663773]
646,0.11375445074771812,"[[np.int64(0), 7], [np.int64(1)], [np.int64(2), 4, 5], [np.int64(3)], [6]]",[0.09589443 0.05551131 0.14613474 0.04663773 0.04663773]
647,0.11375445074771817,"[[np.int64(0), np.int64(1), 6], [2], [3, 4], [5], [7]]",[0.14613474 0.04663773 0.09589443 0.05551131 0.04663773]
648,0.1137544507477184,"[[np.int64(0), np.int64(1), 7], [2, 4], [3], [5], [6]]",[0.14613474 0.09589443 0.04663773 0.05551131 0.04663773]
649,0.11375445074771845,"[[np.int64(0), 6], [np.int64(1)], [np.int64(2)], [np.int64(3), 4, 5], [7]]",[0.09589443 0.05551131 0.04663773 0.14613474 0.04663773]
650,0.11375445074771862,"[[np.int64(0), 6], [np.int64(1)], [np.int64(2), 4, 5], [np.int64(3)], [7]]",[0.09589443 0.05551131 0.14613474 0.04663773 0.04663773]
651,0.11375445074771867,"[[np.int64(0), np.int64(1), 6], [2, 4], [3], [5], [7]]",[0.14613474 0.09589443 0.04663773 0.05551131 0.04663773]
652,0.11406382662313796,"[[np.int64(0), 5], [np.int64(1), 2], [3], [4], [6, 7]]",[0.10661447 0.09875572 0.04663773 0.04087706 0.09762157]
653,0.11406382662313802,"[[np.int64(0)], [np.int64(1), 4], [np.int64(2), 3], [5, 6], [7]]",[0.04087706 0.10661447 0.09762157 0.09875572 0.04663773]
654,0.11406382662313813,"[[np.int64(0), 5], [np.int64(1), 3], [np.int64(2)], [4], [6, 7]]",[0.10661447 0.09875572 0.04663773 0.04087706 0.09762157]
655,0.11406382662313819,"[[np.int64(0)], [np.int64(1), 4], [np.int64(2), 3], [5, 7], [6]]",[0.04087706 0.10661447 0.09762157 0.09875572 0.04663773]
656,0.11437577239435182,"[[np.int64(0)], [np.int64(1), 2], [3, 7], [4, 6], [5]]",[0.04087706 0.09875572 0.11244588 0.08260464 0.05551131]
657,0.11437577239435187,"[[np.int64(0), 2], [np.int64(1)], [3, 7], [4], [5, 6]]",[0.08260464 0.05551131 0.11244588 0.04087706 0.09875572]
658,0.11437577239435215,"[[np.int64(0), 3], [np.int64(1)], [np.int64(2), 6], [4], [5, 7]]",[0.08260464 0.05551131 0.11244588 0.04087706 0.09875572]
659,0.11437577239435215,"[[np.int64(0)], [np.int64(1), 3], [np.int64(2), 6], [4, 7], [5]]",[0.04087706 0.09875572 0.11244588 0.08260464 0.05551131]
660,0.11446931003855287,"[[np.int64(0)], [np.int64(1)], [np.int64(2), 5, 6], [np.int64(3)], [np.int64(4), 7]]",[0.04087706 0.05551131 0.16447033 0.04663773 0.08260464]
661,0.11446931003855287,"[[np.int64(0)], [np.int64(1), 2, 6], [3], [4, 7], [5]]",[0.04087706 0.16447033 0.04663773 0.08260464 0.05551131]
662,0.11446931003855293,"[[np.int64(0), 3], [np.int64(1)], [np.int64(2), 5, 6], [4], [7]]",[0.08260464 0.05551131 0.16447033 0.04087706 0.04663773]
663,0.11446931003855293,"[[np.int64(0), 3], [np.int64(1), 2, 6], [4], [5], [7]]",[0.08260464 0.16447033 0.04087706 0.05551131 0.04663773]
664,0.11446931003855315,"[[np.int64(0)], [np.int64(1)], [np.int64(2)], [np.int64(3), 5, 7], [np.int64(4), 6]]",[0.04087706 0.05551131 0.04663773 0.16447033 0.08260464]
665,0.11446931003855315,"[[np.int64(0)], [np.int64(1), 3, 7], [np.int64(2)], [4, 6], [5]]",[0.04087706 0.16447033 0.04663773 0.08260464 0.05551131]
666,0.11446931003855321,"[[np.int64(0), 2], [np.int64(1)], [3, 5, 7], [4], [6]]",[0.08260464 0.05551131 0.16447033 0.04087706 0.04663773]
667,0.11446931003855321,"[[np.int64(0), 2], [np.int64(1), 3, 7], [4], [5], [6]]",[0.08260464 0.16447033 0.04087706 0.05551131 0.04663773]
668,0.11464308474451129,"[[np.int64(0)], [np.int64(1), 2], [3, 7], [4, 5], [6]]",[0.04087706 0.09875572 0.11244588 0.09121091 0.04663773]
669,0.11464308474451135,"[[np.int64(0), np.int64(1)], [2], [3, 7], [4], [5, 6]]",[0.09121091 0.04663773 0.11244588 0.04087706 0.09875572]
670,0.11464308474451179,"[[np.int64(0)], [np.int64(1), 3], [np.int64(2), 6], [4, 5], [7]]",[0.04087706 0.09875572 0.11244588 0.09121091 0.04663773]
671,0.11464308474451179,"[[np.int64(0), np.int64(1)], [2, 6], [3], [4], [5, 7]]",[0.09121091 0.11244588 0.04663773 0.04087706 0.09875572]
672,0.11473662238871257,"[[np.int64(0)], [np.int64(1), 2, 6], [3], [4, 5], [7]]",[0.04087706 0.16447033 0.04663773 0.09121091 0.04663773]
673,0.11473662238871263,"[[np.int64(0), np.int64(1)], [2, 5, 6], [3], [4], [7]]",[0.09121091 0.16447033 0.04663773 0.04087706 0.04663773]
674,0.11473662238871274,"[[np.int64(0), np.int64(1)], [2], [3, 5, 7], [4], [6]]",[0.09121091 0.04663773 0.16447033 0.04087706 0.04663773]
675,0.11473662238871274,"[[np.int64(0)], [np.int64(1), 3, 7], [np.int64(2)], [4, 5], [6]]",[0.04087706 0.16447033 0.04663773 0.09121091 0.04663773]
676,0.11483292706277942,"[[np.int64(0), 4, 5], [np.int64(1), 2], [3], [6], [7]]",[0.15106855 0.09875572 0.04663773 0.04663773 0.04663773]
677,0.11483292706277953,"[[np.int64(0), np.int64(1), 4], [2], [3], [5, 6], [7]]",[0.15106855 0.04663773 0.04663773 0.09875572 0.04663773]
678,0.11483292706277959,"[[np.int64(0), 4, 5], [np.int64(1), 3], [np.int64(2)], [6], [7]]",[0.15106855 0.09875572 0.04663773 0.04663773 0.04663773]
679,0.11483292706277964,"[[np.int64(0), np.int64(1), 4], [2], [3], [5, 7], [6]]",[0.15106855 0.04663773 0.04663773 0.09875572 0.04663773]
680,0.11494045028825672,"[[np.int64(0), 5, 7], [np.int64(1)], [np.int64(2)], [np.int64(3)], [np.int64(4), 6]]",[0.15823852 0.05551131 0.04663773 0.04663773 0.08260464]
681,0.11494045028825695,"[[np.int64(0), 5, 6], [np.int64(1)], [np.int64(2)], [np.int64(3)], [np.int64(4), 7]]",[0.15823852 0.05551131 0.04663773 0.04663773 0.08260464]
682,0.114940450288257,"[[np.int64(0), 2], [np.int64(1), 3, 4], [5], [6], [7]]",[0.08260464 0.15823852 0.05551131 0.04663773 0.04663773]
683,0.11494045028825711,"[[np.int64(0), 3], [np.int64(1), 2, 4], [5], [6], [7]]",[0.08260464 0.15823852 0.05551131 0.04663773 0.04663773]
684,0.11502858764499124,"[[np.int64(0)], [np.int64(1), 2], [3, 6], [4, 7], [5]]",[0.04087706 0.09875572 0.11179306 0.08260464 0.05551131]
685,0.11502858764499124,"[[np.int64(0), 3], [np.int64(1)], [np.int64(2), 7], [4], [5, 6]]",[0.08260464 0.05551131 0.11179306 0.04087706 0.09875572]
686,0.11502858764499146,"[[np.int64(0)], [np.int64(1), 3], [np.int64(2), 7], [4, 6], [5]]",[0.04087706 0.09875572 0.11179306 0.08260464 0.05551131]
687,0.11502858764499158,"[[np.int64(0), 2], [np.int64(1)], [3, 6], [4], [5, 7]]",[0.08260464 0.05551131 0.11179306 0.04087706 0.09875572]
688,0.1151221252891923,"[[np.int64(0), 3], [np.int64(1)], [np.int64(2), 5, 7], [4], [6]]",[0.08260464 0.05551131 0.16381751 0.04087706 0.04663773]
689,0.11512212528919236,"[[np.int64(0)], [np.int64(1)], [np.int64(2), 5, 7], [np.int64(3)], [np.int64(4), 6]]",[0.04087706 0.05551131 0.16381751 0.04663773 0.08260464]
690,0.11512212528919241,"[[np.int64(0), 3], [np.int64(1), 2, 7], [4], [5], [6]]",[0.08260464 0.16381751 0.04087706 0.05551131 0.04663773]
691,0.11512212528919241,"[[np.int64(0)], [np.int64(1), 3, 6], [np.int64(2)], [4, 7], [5]]",[0.04087706 0.16381751 0.04663773 0.08260464 0.05551131]
692,0.11512212528919247,"[[np.int64(0)], [np.int64(1)], [np.int64(2)], [np.int64(3), 5, 6], [np.int64(4), 7]]",[0.04087706 0.05551131 0.04663773 0.16381751 0.08260464]
693,0.11512212528919252,"[[np.int64(0)], [np.int64(1), 2, 7], [3], [4, 6], [5]]",[0.04087706 0.16381751 0.04663773 0.08260464 0.05551131]
694,0.11512212528919258,"[[np.int64(0), 2], [np.int64(1), 3, 6], [4], [5], [7]]",[0.08260464 0.16381751 0.04087706 0.05551131 0.04663773]
695,0.11512212528919274,"[[np.int64(0), 2], [np.int64(1)], [3, 5, 6], [4], [7]]",[0.08260464 0.05551131 0.16381751 0.04087706 0.04663773]
696,0.11529589999515089,"[[np.int64(0), np.int64(1)], [2, 7], [3], [4], [5, 6]]",[0.09121091 0.11179306 0.04663773 0.04087706 0.09875572]
697,0.11529589999515094,"[[np.int64(0)], [np.int64(1), 2], [3, 6], [4, 5], [7]]",[0.04087706 0.09875572 0.11179306 0.09121091 0.04663773]
698,0.115295899995151,"[[np.int64(0)], [np.int64(1), 3], [np.int64(2), 7], [4, 5], [6]]",[0.04087706 0.09875572 0.11179306 0.09121091 0.04663773]
699,0.11529589999515111,"[[np.int64(0), np.int64(1)], [2], [3, 6], [4], [5, 7]]",[0.09121091 0.04663773 0.11179306 0.04087706 0.09875572]
700,0.11538943763935194,"[[np.int64(0), np.int64(1)], [2, 5, 7], [3], [4], [6]]",[0.09121091 0.16381751 0.04663773 0.04087706 0.04663773]
701,0.11538943763935205,"[[np.int64(0)], [np.int64(1), 2, 7], [3], [4, 5], [6]]",[0.04087706 0.16381751 0.04663773 0.09121091 0.04663773]
702,0.11538943763935211,"[[np.int64(0)], [np.int64(1), 3, 6], [np.int64(2)], [4, 5], [7]]",[0.04087706 0.16381751 0.04663773 0.09121091 0.04663773]
703,0.11538943763935222,"[[np.int64(0), np.int64(1)], [2], [3, 5, 6], [4], [7]]",[0.09121091 0.04663773 0.16381751 0.04087706 0.04663773]
704,0.11553545794698317,"[[np.int64(0), 4], [np.int64(1), 2], [3], [5], [6, 7]]",[0.09050859 0.09875572 0.04663773 0.05551131 0.09762157]
705,0.11553545794698333,"[[np.int64(0), 4], [np.int64(1)], [np.int64(2), 3], [5, 6], [7]]",[0.09050859 0.05551131 0.09762157 0.09875572 0.04663773]
706,0.11553545794698339,"[[np.int64(0), 4], [np.int64(1)], [np.int64(2), 3], [5, 7], [6]]",[0.09050859 0.05551131 0.09762157 0.09875572 0.04663773]
707,0.11553545794698339,"[[np.int64(0), 4], [np.int64(1), 3], [np.int64(2)], [5], [6, 7]]",[0.09050859 0.09875572 0.04663773 0.05551131 0.09762157]
708,0.11558065567251485,"[[np.int64(0), 5], [np.int64(1)], [np.int64(2), 3], [4, 7], [6]]",[0.10661447 0.05551131 0.09762157 0.08260464 0.04663773]
709,0.11558065567251491,"[[np.int64(0), 3], [np.int64(1), 4], [np.int64(2)], [5], [6, 7]]",[0.08260464 0.10661447 0.04663773 0.05551131 0.09762157]
710,0.11558065567251502,"[[np.int64(0), 5], [np.int64(1)], [np.int64(2), 3], [4, 6], [7]]",[0.10661447 0.05551131 0.09762157 0.08260464 0.04663773]
711,0.11558065567251508,"[[np.int64(0), 2], [np.int64(1), 4], [3], [5], [6, 7]]",[0.08260464 0.10661447 0.04663773 0.05551131 0.09762157]
712,0.11567419331671602,"[[np.int64(0)], [np.int64(1), 4, 6], [np.int64(2), 3], [5], [7]]",[0.04087706 0.14824852 0.09762157 0.05551131 0.04663773]
713,0.11567419331671602,"[[np.int64(0), 2, 5], [np.int64(1)], [3], [4], [6, 7]]",[0.14824852 0.05551131 0.04663773 0.04087706 0.09762157]
714,0.11567419331671619,"[[np.int64(0), 3, 5], [np.int64(1)], [np.int64(2)], [4], [6, 7]]",[0.14824852 0.05551131 0.04663773 0.04087706 0.09762157]
715,0.11567419331671625,"[[np.int64(0)], [np.int64(1), 4, 7], [np.int64(2), 3], [5], [6]]",[0.04087706 0.14824852 0.09762157 0.05551131 0.04663773]
716,0.11589260144372882,"[[np.int64(0), 2], [np.int64(1)], [3, 7], [4, 6], [5]]",[0.08260464 0.05551131 0.11244588 0.08260464 0.05551131]
717,0.11589260144372898,"[[np.int64(0), 3], [np.int64(1)], [np.int64(2), 6], [4, 7], [5]]",[0.08260464 0.05551131 0.11244588 0.08260464 0.05551131]
718,0.11591029352261994,"[[np.int64(0)], [np.int64(1), 2], [3, 4], [5], [6, 7]]",[0.04087706 0.09875572 0.09589443 0.05551131 0.09762157]
719,0.11591029352262,"[[np.int64(0), 7], [np.int64(1)], [np.int64(2), 3], [4], [5, 6]]",[0.09589443 0.05551131 0.09762157 0.04087706 0.09875572]
720,0.11591029352262056,"[[np.int64(0), 6], [np.int64(1)], [np.int64(2), 3], [4], [5, 7]]",[0.09589443 0.05551131 0.09762157 0.04087706 0.09875572]
721,0.11591029352262061,"[[np.int64(0)], [np.int64(1), 3], [np.int64(2), 4], [5], [6, 7]]",[0.04087706 0.09875572 0.09589443 0.05551131 0.09762157]
722,0.11615991379388835,"[[np.int64(0), np.int64(1)], [2], [3, 7], [4, 6], [5]]",[0.09121091 0.04663773 0.11244588 0.08260464 0.05551131]
723,0.1161599137938884,"[[np.int64(0), 2], [np.int64(1)], [3, 7], [4, 5], [6]]",[0.08260464 0.05551131 0.11244588 0.09121091 0.04663773]
724,0.11615991379388857,"[[np.int64(0), np.int64(1)], [2, 6], [3], [4, 7], [5]]",[0.09121091 0.11244588 0.04663773 0.08260464 0.05551131]
725,0.11615991379388863,"[[np.int64(0), 3], [np.int64(1)], [np.int64(2), 6], [4, 5], [7]]",[0.08260464 0.05551131 0.11244588 0.09121091 0.04663773]
726,0.1164120816121017,"[[np.int64(0), 4, 7], [np.int64(1), 2], [3], [5], [6]]",[0.14061581 0.09875572 0.04663773 0.05551131 0.04663773]
727,0.1164120816121017,"[[np.int64(0), 4, 7], [np.int64(1)], [np.int64(2)], [np.int64(3)], [5, 6]]",[0.14061581 0.05551131 0.04663773 0.04663773 0.09875572]
728,0.11641208161210181,"[[np.int64(0), 3, 4], [np.int64(1), 2], [5], [6], [7]]",[0.14061581 0.09875572 0.05551131 0.04663773 0.04663773]
729,0.11641208161210187,"[[np.int64(0), 3, 4], [np.int64(1)], [np.int64(2)], [5, 6], [7]]",[0.14061581 0.05551131 0.04663773 0.09875572 0.04663773]
730,0.11641208161210187,"[[np.int64(0), 4, 7], [np.int64(1), 3], [np.int64(2)], [5], [6]]",[0.14061581 0.09875572 0.04663773 0.05551131 0.04663773]
731,0.11641208161210198,"[[np.int64(0), 3, 4], [np.int64(1)], [np.int64(2)], [5, 7], [6]]",[0.14061581 0.05551131 0.04663773 0.09875572 0.04663773]
732,0.11641208161210231,"[[np.int64(0), 4, 6], [np.int64(1), 2], [3], [5], [7]]",[0.14061581 0.09875572 0.04663773 0.05551131 0.04663773]
733,0.11641208161210242,"[[np.int64(0), 2, 4], [np.int64(1)], [3], [5, 6], [7]]",[0.14061581 0.05551131 0.04663773 0.09875572 0.04663773]
734,0.11641208161210248,"[[np.int64(0), 4, 6], [np.int64(1)], [np.int64(2)], [np.int64(3)], [5, 7]]",[0.14061581 0.05551131 0.04663773 0.04663773 0.09875572]
735,0.11641208161210248,"[[np.int64(0), 4, 6], [np.int64(1), 3], [np.int64(2)], [5], [7]]",[0.14061581 0.09875572 0.04663773 0.05551131 0.04663773]
736,0.11641208161210259,"[[np.int64(0), 2, 4], [np.int64(1), 3], [5], [6], [7]]",[0.14061581 0.09875572 0.05551131 0.04663773 0.04663773]
737,0.11641208161210259,"[[np.int64(0), 2, 4], [np.int64(1)], [3], [5, 7], [6]]",[0.14061581 0.05551131 0.04663773 0.09875572 0.04663773]
738,0.11642722614404788,"[[np.int64(0), np.int64(1)], [2], [3, 7], [4, 5], [6]]",[0.09121091 0.04663773 0.11244588 0.09121091 0.04663773]
739,0.11642722614404827,"[[np.int64(0), np.int64(1)], [2, 6], [3], [4, 5], [7]]",[0.09121091 0.11244588 0.04663773 0.09121091 0.04663773]
740,0.11654541669436824,"[[np.int64(0), 3], [np.int64(1)], [np.int64(2), 7], [4, 6], [5]]",[0.08260464 0.05551131 0.11179306 0.08260464 0.05551131]
741,0.11654541669436835,"[[np.int64(0), 2], [np.int64(1)], [3, 6], [4, 7], [5]]",[0.08260464 0.05551131 0.11179306 0.08260464 0.05551131]
742,0.11667533206025726,"[[np.int64(0), 4], [np.int64(1), 6], [np.int64(2), 5], [np.int64(3)], [7]]",[0.09050859 0.1020555  0.1020555  0.04663773 0.04663773]
743,0.11667533206025749,"[[np.int64(0), 4], [np.int64(1), 7], [np.int64(2), 5], [np.int64(3)], [6]]",[0.09050859 0.1020555  0.1020555  0.04663773 0.04663773]
744,0.1166753320602576,"[[np.int64(0), 4], [np.int64(1), 6], [np.int64(2)], [np.int64(3), 5], [7]]",[0.09050859 0.1020555  0.04663773 0.1020555  0.04663773]
745,0.11667533206025782,"[[np.int64(0), 4], [np.int64(1), 7], [np.int64(2)], [np.int64(3), 5], [6]]",[0.09050859 0.1020555  0.04663773 0.1020555  0.04663773]
746,0.11673757419528052,"[[np.int64(0)], [np.int64(1)], [np.int64(2), 3, 5], [4], [6, 7]]",[0.04087706 0.05551131 0.1529458  0.04087706 0.09762157]
747,0.11673757419528058,"[[np.int64(0)], [np.int64(1), 6, 7], [np.int64(2), 3], [4], [5]]",[0.04087706 0.1529458  0.09762157 0.04087706 0.05551131]
748,0.11681272904452777,"[[np.int64(0), 3], [np.int64(1)], [np.int64(2), 7], [4, 5], [6]]",[0.08260464 0.05551131 0.11179306 0.09121091 0.04663773]
749,0.11681272904452783,"[[np.int64(0), np.int64(1)], [2], [3, 6], [4, 7], [5]]",[0.09121091 0.04663773 0.11179306 0.08260464 0.05551131]
750,0.11681272904452789,"[[np.int64(0), np.int64(1)], [2, 7], [3], [4, 6], [5]]",[0.09121091 0.11179306 0.04663773 0.08260464 0.05551131]
751,0.116812729044528,"[[np.int64(0), 2], [np.int64(1)], [3, 6], [4, 5], [7]]",[0.08260464 0.05551131 0.11179306 0.09121091 0.04663773]
752,0.11705016763589393,"[[np.int64(0), 7], [np.int64(1), 6], [np.int64(2), 5], [np.int64(3)], [np.int64(4)]]",[0.09589443 0.1020555  0.1020555  0.04663773 0.04087706]
753,0.11705016763589399,"[[np.int64(0)], [np.int64(1), 6], [np.int64(2), 5], [np.int64(3), 4], [7]]",[0.04087706 0.1020555  0.1020555  0.09589443 0.04663773]
754,0.11705016763589426,"[[np.int64(0), 7], [np.int64(1), 6], [np.int64(2)], [np.int64(3), 5], [np.int64(4)]]",[0.09589443 0.1020555  0.04663773 0.1020555  0.04087706]
755,0.11705016763589432,"[[np.int64(0)], [np.int64(1), 7], [np.int64(2), 5], [np.int64(3), 4], [6]]",[0.04087706 0.1020555  0.1020555  0.09589443 0.04663773]
756,0.11705016763589465,"[[np.int64(0), 6], [np.int64(1), 7], [np.int64(2), 5], [np.int64(3)], [np.int64(4)]]",[0.09589443 0.1020555  0.1020555  0.04663773 0.04087706]
757,0.11705016763589482,"[[np.int64(0)], [np.int64(1), 6], [np.int64(2), 4], [np.int64(3), 5], [7]]",[0.04087706 0.1020555  0.09589443 0.1020555  0.04663773]
758,0.11705016763589499,"[[np.int64(0), 6], [np.int64(1), 7], [np.int64(2)], [np.int64(3), 5], [np.int64(4)]]",[0.09589443 0.1020555  0.04663773 0.1020555  0.04087706]
759,0.11705016763589504,"[[np.int64(0)], [np.int64(1), 7], [np.int64(2), 4], [np.int64(3), 5], [6]]",[0.04087706 0.1020555  0.09589443 0.1020555  0.04663773]
760,0.11708004139468742,"[[np.int64(0), np.int64(1)], [2, 7], [3], [4, 5], [6]]",[0.09121091 0.11179306 0.04663773 0.09121091 0.04663773]
761,0.11708004139468753,"[[np.int64(0), np.int64(1)], [2], [3, 6], [4, 5], [7]]",[0.09121091 0.04663773 0.11179306 0.09121091 0.04663773]
762,0.11742712257199694,"[[np.int64(0), 7], [np.int64(1)], [np.int64(2), 3], [4, 6], [5]]",[0.09589443 0.05551131 0.09762157 0.08260464 0.05551131]
763,0.11742712257199711,"[[np.int64(0), 2], [np.int64(1)], [3, 4], [5], [6, 7]]",[0.08260464 0.05551131 0.09589443 0.05551131 0.09762157]
764,0.11742712257199728,"[[np.int64(0), 6], [np.int64(1)], [np.int64(2), 3], [4, 7], [5]]",[0.09589443 0.05551131 0.09762157 0.08260464 0.05551131]
765,0.11742712257199739,"[[np.int64(0), 3], [np.int64(1)], [np.int64(2), 4], [5], [6, 7]]",[0.08260464 0.05551131 0.09589443 0.05551131 0.09762157]
766,0.11745714305751959,"[[np.int64(0), 5], [np.int64(1), 2, 3], [4], [6], [7]]",[0.10661447 0.14634624 0.04087706 0.04663773 0.04663773]
767,0.11745714305751964,"[[np.int64(0)], [np.int64(1), 4], [np.int64(2)], [np.int64(3)], [5, 6, 7]]",[0.04087706 0.10661447 0.04663773 0.04663773 0.14634624]
768,0.11769443492215653,"[[np.int64(0), 7], [np.int64(1)], [np.int64(2), 3], [4, 5], [6]]",[0.09589443 0.05551131 0.09762157 0.09121091 0.04663773]
769,0.11769443492215659,"[[np.int64(0), np.int64(1)], [2], [3, 4], [5], [6, 7]]",[0.09121091 0.04663773 0.09589443 0.05551131 0.09762157]
770,0.11769443492215703,"[[np.int64(0), np.int64(1)], [2, 4], [3], [5], [6, 7]]",[0.09121091 0.09589443 0.04663773 0.05551131 0.09762157]
771,0.11769443492215703,"[[np.int64(0), 6], [np.int64(1)], [np.int64(2), 3], [4, 5], [7]]",[0.09589443 0.05551131 0.09762157 0.09121091 0.04663773]
772,0.11778797256635776,"[[np.int64(0), np.int64(1), 7], [2, 3], [4], [5], [6]]",[0.14613474 0.09762157 0.04087706 0.05551131 0.04663773]
773,0.11778797256635781,"[[np.int64(0)], [np.int64(1)], [np.int64(2)], [np.int64(3), 4, 5], [6, 7]]",[0.04087706 0.05551131 0.04663773 0.14613474 0.09762157]
774,0.11778797256635798,"[[np.int64(0)], [np.int64(1)], [np.int64(2), 4, 5], [np.int64(3)], [6, 7]]",[0.04087706 0.05551131 0.14613474 0.04663773 0.09762157]
775,0.11778797256635803,"[[np.int64(0), np.int64(1), 6], [2, 3], [4], [5], [7]]",[0.14613474 0.09762157 0.04087706 0.05551131 0.04663773]
776,0.11892877438136484,"[[np.int64(0), 4], [np.int64(1)], [np.int64(2)], [np.int64(3)], [5, 6, 7]]",[0.09050859 0.05551131 0.04663773 0.04663773 0.14634624]
777,0.11892877438136484,"[[np.int64(0), 4], [np.int64(1), 2, 3], [5], [6], [7]]",[0.09050859 0.14634624 0.05551131 0.04663773 0.04663773]
778,0.11930360995700151,"[[np.int64(0), 7], [np.int64(1), 2, 3], [4], [5], [6]]",[0.09589443 0.14634624 0.04087706 0.05551131 0.04663773]
779,0.11930360995700162,"[[np.int64(0)], [np.int64(1)], [np.int64(2)], [np.int64(3), 4], [5, 6, 7]]",[0.04087706 0.05551131 0.04663773 0.09589443 0.14634624]
780,0.11930360995700207,"[[np.int64(0), 6], [np.int64(1), 2, 3], [4], [5], [7]]",[0.09589443 0.14634624 0.04087706 0.05551131 0.04663773]
781,0.11930360995700207,"[[np.int64(0)], [np.int64(1)], [np.int64(2), 4], [np.int64(3)], [5, 6, 7]]",[0.04087706 0.05551131 0.09589443 0.04663773 0.14634624]
782,0.1195532302282698,"[[np.int64(0)], [np.int64(1)], [np.int64(2)], [np.int64(3), 7], [np.int64(4), 5, 6]]",[0.04087706 0.05551131 0.04663773 0.11244588 0.12954517]
783,0.11955323022826986,"[[np.int64(0), np.int64(1), np.int64(2)], [3, 7], [4], [5], [6]]",[0.12954517 0.11244588 0.04087706 0.05551131 0.04663773]
784,0.11955323022827014,"[[np.int64(0)], [np.int64(1)], [np.int64(2), 6], [np.int64(3)], [np.int64(4), 5, 7]]",[0.04087706 0.05551131 0.11244588 0.04663773 0.12954517]
785,0.11955323022827019,"[[np.int64(0), np.int64(1), 3], [2, 6], [4], [5], [7]]",[0.12954517 0.11244588 0.04087706 0.05551131 0.04663773]
786,0.11997511085043788,"[[np.int64(0), 4], [np.int64(1), 3], [np.int64(2), 5], [6], [7]]",[0.09050859 0.09875572 0.1020555  0.04663773 0.04663773]
787,0.11997511085043794,"[[np.int64(0), 4], [np.int64(1), 6], [np.int64(2)], [np.int64(3)], [5, 7]]",[0.09050859 0.1020555  0.04663773 0.04663773 0.09875572]
788,0.119975110850438,"[[np.int64(0), 4], [np.int64(1), 2], [3, 5], [6], [7]]",[0.09050859 0.09875572 0.1020555  0.04663773 0.04663773]
789,0.11997511085043805,"[[np.int64(0), 4], [np.int64(1), 7], [np.int64(2)], [np.int64(3)], [5, 6]]",[0.09050859 0.1020555  0.04663773 0.04663773 0.09875572]
790,0.1200203085759694,"[[np.int64(0), 3], [np.int64(1), 4], [np.int64(2), 5], [6], [7]]",[0.08260464 0.10661447 0.1020555  0.04663773 0.04663773]
791,0.12002030857596946,"[[np.int64(0), 5], [np.int64(1), 6], [np.int64(2)], [np.int64(3)], [np.int64(4), 7]]",[0.10661447 0.1020555  0.04663773 0.04663773 0.08260464]
792,0.12002030857596979,"[[np.int64(0), 5], [np.int64(1), 7], [np.int64(2)], [np.int64(3)], [np.int64(4), 6]]",[0.10661447 0.1020555  0.04663773 0.04663773 0.08260464]
793,0.1200203085759699,"[[np.int64(0), 2], [np.int64(1), 4], [3, 5], [6], [7]]",[0.08260464 0.10661447 0.1020555  0.04663773 0.04663773]
794,0.12011384622017052,"[[np.int64(0)], [np.int64(1), 4, 6], [np.int64(2), 5], [np.int64(3)], [7]]",[0.04087706 0.14824852 0.1020555  0.04663773 0.04663773]
795,0.12011384622017052,"[[np.int64(0), 2, 5], [np.int64(1), 6], [3], [4], [7]]",[0.14824852 0.1020555  0.04663773 0.04087706 0.04663773]
796,0.12011384622017063,"[[np.int64(0)], [np.int64(1), 4, 7], [np.int64(2), 5], [np.int64(3)], [6]]",[0.04087706 0.14824852 0.1020555  0.04663773 0.04663773]
797,0.12011384622017068,"[[np.int64(0), 3, 5], [np.int64(1), 6], [np.int64(2)], [4], [7]]",[0.14824852 0.1020555  0.04663773 0.04087706 0.04663773]
798,0.1201138462201708,"[[np.int64(0), 2, 5], [np.int64(1), 7], [3], [4], [6]]",[0.14824852 0.1020555  0.04663773 0.04087706 0.04663773]
799,0.12011384622017085,"[[np.int64(0)], [np.int64(1), 4, 6], [np.int64(2)], [np.int64(3), 5], [7]]",[0.04087706 0.14824852 0.04663773 0.1020555  0.04663773]
800,0.1201138462201709,"[[np.int64(0)], [np.int64(1), 4, 7], [np.int64(2)], [np.int64(3), 5], [6]]",[0.04087706 0.14824852 0.04663773 0.1020555  0.04663773]
801,0.12011384622017096,"[[np.int64(0), 3, 5], [np.int64(1), 7], [np.int64(2)], [4], [6]]",[0.14824852 0.1020555  0.04663773 0.04087706 0.04663773]
802,0.12020604547890934,"[[np.int64(0)], [np.int64(1)], [np.int64(2), 7], [np.int64(3)], [np.int64(4), 5, 6]]",[0.04087706 0.05551131 0.11179306 0.04663773 0.12954517]
803,0.1202060454789094,"[[np.int64(0)], [np.int64(1)], [np.int64(2)], [np.int64(3), 6], [np.int64(4), 5, 7]]",[0.04087706 0.05551131 0.04663773 0.11179306 0.12954517]
804,0.12020604547890945,"[[np.int64(0), np.int64(1), 3], [2, 7], [4], [5], [6]]",[0.12954517 0.11179306 0.04087706 0.05551131 0.04663773]
805,0.1202060454789095,"[[np.int64(0), np.int64(1), np.int64(2)], [3, 6], [4], [5], [7]]",[0.12954517 0.11179306 0.04087706 0.05551131 0.04663773]
806,0.12034994642607455,"[[np.int64(0), 7], [np.int64(1), 3], [np.int64(2), 5], [4], [6]]",[0.09589443 0.09875572 0.1020555  0.04087706 0.04663773]
807,0.12034994642607472,"[[np.int64(0), 7], [np.int64(1), 2], [3, 5], [4], [6]]",[0.09589443 0.09875572 0.1020555  0.04087706 0.04663773]
808,0.12034994642607472,"[[np.int64(0)], [np.int64(1), 6], [np.int64(2)], [np.int64(3), 4], [5, 7]]",[0.04087706 0.1020555  0.04663773 0.09589443 0.09875572]
809,0.12034994642607488,"[[np.int64(0)], [np.int64(1), 7], [np.int64(2)], [np.int64(3), 4], [5, 6]]",[0.04087706 0.1020555  0.04663773 0.09589443 0.09875572]
810,0.12034994642607505,"[[np.int64(0), 6], [np.int64(1), 3], [np.int64(2), 5], [4], [7]]",[0.09589443 0.09875572 0.1020555  0.04087706 0.04663773]
811,0.12034994642607516,"[[np.int64(0)], [np.int64(1), 6], [np.int64(2), 4], [np.int64(3)], [5, 7]]",[0.04087706 0.1020555  0.09589443 0.04663773 0.09875572]
812,0.12034994642607522,"[[np.int64(0), 6], [np.int64(1), 2], [3, 5], [4], [7]]",[0.09589443 0.09875572 0.1020555  0.04087706 0.04663773]
813,0.12034994642607527,"[[np.int64(0)], [np.int64(1), 7], [np.int64(2), 4], [np.int64(3)], [5, 6]]",[0.04087706 0.1020555  0.09589443 0.04663773 0.09875572]
814,0.12049080115627336,"[[np.int64(0), 5], [np.int64(1)], [np.int64(2)], [np.int64(3)], [np.int64(4), 6, 7]]",[0.10661447 0.05551131 0.04663773 0.04663773 0.12867834]
815,0.12049080115627353,"[[np.int64(0), 2, 3], [np.int64(1), 4], [5], [6], [7]]",[0.12867834 0.10661447 0.05551131 0.04663773 0.04663773]
816,0.12067787644467565,"[[np.int64(0), 2, 3, 5], [np.int64(1)], [4], [6], [7]]",[0.19422868 0.05551131 0.04087706 0.04663773 0.04663773]
817,0.12067787644467565,"[[np.int64(0)], [np.int64(1), 4, 6, 7], [np.int64(2)], [np.int64(3)], [5]]",[0.04087706 0.19422868 0.04663773 0.04663773 0.05551131]
818,0.12117722709873507,"[[np.int64(0)], [np.int64(1), 6, 7], [np.int64(2), 5], [np.int64(3)], [np.int64(4)]]",[0.04087706 0.1529458  0.1020555  0.04663773 0.04087706]
819,0.12117722709873507,"[[np.int64(0)], [np.int64(1), 6], [np.int64(2), 3, 5], [4], [7]]",[0.04087706 0.1020555  0.1529458  0.04087706 0.04663773]
820,0.12117722709873535,"[[np.int64(0)], [np.int64(1), 7], [np.int64(2), 3, 5], [4], [6]]",[0.04087706 0.1020555  0.1529458  0.04087706 0.04663773]
821,0.12117722709873541,"[[np.int64(0)], [np.int64(1), 6, 7], [np.int64(2)], [np.int64(3), 5], [np.int64(4)]]",[0.04087706 0.1529458  0.04663773 0.1020555  0.04087706]
822,0.12172795674079634,"[[np.int64(0)], [np.int64(1)], [np.int64(2), 3], [4, 5], [6, 7]]",[0.04087706 0.05551131 0.09762157 0.09121091 0.09762157]
823,0.12172795674079634,"[[np.int64(0), np.int64(1)], [2, 3], [4], [5], [6, 7]]",[0.09121091 0.09762157 0.04087706 0.05551131 0.09762157]
824,0.12186677547545138,"[[np.int64(0), 7], [np.int64(1)], [np.int64(2), 5], [np.int64(3)], [np.int64(4), 6]]",[0.09589443 0.05551131 0.1020555  0.04663773 0.08260464]
825,0.1218667754754516,"[[np.int64(0), 2], [np.int64(1), 6], [3, 4], [5], [7]]",[0.08260464 0.1020555  0.09589443 0.05551131 0.04663773]
826,0.12186677547545172,"[[np.int64(0), 7], [np.int64(1)], [np.int64(2)], [np.int64(3), 5], [np.int64(4), 6]]",[0.09589443 0.05551131 0.04663773 0.1020555  0.08260464]
827,0.12186677547545177,"[[np.int64(0), 6], [np.int64(1)], [np.int64(2), 5], [np.int64(3)], [np.int64(4), 7]]",[0.09589443 0.05551131 0.1020555  0.04663773 0.08260464]
828,0.12186677547545194,"[[np.int64(0), 3], [np.int64(1), 6], [np.int64(2), 4], [5], [7]]",[0.08260464 0.1020555  0.09589443 0.05551131 0.04663773]
829,0.12186677547545194,"[[np.int64(0), 2], [np.int64(1), 7], [3, 4], [5], [6]]",[0.08260464 0.1020555  0.09589443 0.05551131 0.04663773]
830,0.12186677547545205,"[[np.int64(0), 6], [np.int64(1)], [np.int64(2)], [np.int64(3), 5], [np.int64(4), 7]]",[0.09589443 0.05551131 0.04663773 0.1020555  0.08260464]
831,0.12186677547545222,"[[np.int64(0), 3], [np.int64(1), 7], [np.int64(2), 4], [5], [6]]",[0.08260464 0.1020555  0.09589443 0.05551131 0.04663773]
832,0.12213408782561097,"[[np.int64(0), 7], [np.int64(1), 6], [np.int64(2)], [np.int64(3)], [np.int64(4), 5]]",[0.09589443 0.1020555  0.04663773 0.04663773 0.09121091]
833,0.12213408782561103,"[[np.int64(0), np.int64(1)], [2, 5], [3, 4], [6], [7]]",[0.09121091 0.1020555  0.09589443 0.04663773 0.04663773]
834,0.12213408782561175,"[[np.int64(0), 6], [np.int64(1), 7], [np.int64(2)], [np.int64(3)], [np.int64(4), 5]]",[0.09589443 0.1020555  0.04663773 0.04663773 0.09121091]
835,0.12213408782561186,"[[np.int64(0), np.int64(1)], [2, 4], [3, 5], [6], [7]]",[0.09121091 0.09589443 0.1020555  0.04663773 0.04663773]
836,0.1222276254698122,"[[np.int64(0), np.int64(1), 7], [2, 5], [3], [4], [6]]",[0.14613474 0.1020555  0.04663773 0.04087706 0.04663773]
837,0.12222762546981242,"[[np.int64(0)], [np.int64(1), 6], [np.int64(2)], [np.int64(3), 4, 5], [7]]",[0.04087706 0.1020555  0.04663773 0.14613474 0.04663773]
838,0.12222762546981247,"[[np.int64(0), np.int64(1), 6], [2, 5], [3], [4], [7]]",[0.14613474 0.1020555  0.04663773 0.04087706 0.04663773]
839,0.12222762546981247,"[[np.int64(0)], [np.int64(1), 6], [np.int64(2), 4, 5], [np.int64(3)], [7]]",[0.04087706 0.1020555  0.14613474 0.04663773 0.04663773]
840,0.12222762546981258,"[[np.int64(0), np.int64(1), 7], [2], [3, 5], [4], [6]]",[0.14613474 0.04663773 0.1020555  0.04087706 0.04663773]
841,0.12222762546981264,"[[np.int64(0)], [np.int64(1), 7], [np.int64(2)], [np.int64(3), 4, 5], [6]]",[0.04087706 0.1020555  0.04663773 0.14613474 0.04663773]
842,0.12222762546981275,"[[np.int64(0)], [np.int64(1), 7], [np.int64(2), 4, 5], [np.int64(3)], [6]]",[0.04087706 0.1020555  0.14613474 0.04663773 0.04663773]
843,0.1222276254698128,"[[np.int64(0), np.int64(1), 6], [2], [3, 5], [4], [7]]",[0.14613474 0.04663773 0.1020555  0.04087706 0.04663773]
844,0.12327488964061822,"[[np.int64(0), 4], [np.int64(1), 2], [3], [5, 6], [7]]",[0.09050859 0.09875572 0.04663773 0.09875572 0.04663773]
845,0.12327488964061833,"[[np.int64(0), 4], [np.int64(1), 2], [3], [5, 7], [6]]",[0.09050859 0.09875572 0.04663773 0.09875572 0.04663773]
846,0.12327488964061845,"[[np.int64(0), 4], [np.int64(1), 3], [np.int64(2)], [5, 6], [7]]",[0.09050859 0.09875572 0.04663773 0.09875572 0.04663773]
847,0.1232748896406185,"[[np.int64(0), 4], [np.int64(1), 3], [np.int64(2)], [5, 7], [6]]",[0.09050859 0.09875572 0.04663773 0.09875572 0.04663773]
848,0.1233200873661498,"[[np.int64(0), 5], [np.int64(1), 2], [3], [4, 7], [6]]",[0.10661447 0.09875572 0.04663773 0.08260464 0.04663773]
849,0.12332008736614997,"[[np.int64(0), 3], [np.int64(1), 4], [np.int64(2)], [5, 6], [7]]",[0.08260464 0.10661447 0.04663773 0.09875572 0.04663773]
850,0.12332008736614997,"[[np.int64(0), 5], [np.int64(1), 2], [3], [4, 6], [7]]",[0.10661447 0.09875572 0.04663773 0.08260464 0.04663773]
851,0.12332008736614997,"[[np.int64(0), 5], [np.int64(1), 3], [np.int64(2)], [4, 7], [6]]",[0.10661447 0.09875572 0.04663773 0.08260464 0.04663773]
852,0.12332008736615008,"[[np.int64(0), 3], [np.int64(1), 4], [np.int64(2)], [5, 7], [6]]",[0.08260464 0.10661447 0.04663773 0.09875572 0.04663773]
853,0.12332008736615013,"[[np.int64(0), 5], [np.int64(1), 3], [np.int64(2)], [4, 6], [7]]",[0.10661447 0.09875572 0.04663773 0.08260464 0.04663773]
854,0.12332008736615013,"[[np.int64(0), 2], [np.int64(1), 4], [3], [5, 6], [7]]",[0.08260464 0.10661447 0.04663773 0.09875572 0.04663773]
855,0.12332008736615024,"[[np.int64(0), 2], [np.int64(1), 4], [3], [5, 7], [6]]",[0.08260464 0.10661447 0.04663773 0.09875572 0.04663773]
856,0.12333713177564137,"[[np.int64(0)], [np.int64(1)], [np.int64(2), 3], [4], [5, 6, 7]]",[0.04087706 0.05551131 0.09762157 0.04087706 0.14634624]
857,0.12333713177564137,"[[np.int64(0)], [np.int64(1), 2, 3], [4], [5], [6, 7]]",[0.04087706 0.14634624 0.04087706 0.05551131 0.09762157]
858,0.12341362501035114,"[[np.int64(0), 3, 5], [np.int64(1), 2], [4], [6], [7]]",[0.14824852 0.09875572 0.04087706 0.04663773 0.04663773]
859,0.12341362501035119,"[[np.int64(0)], [np.int64(1), 4, 6], [np.int64(2)], [np.int64(3)], [5, 7]]",[0.04087706 0.14824852 0.04663773 0.04663773 0.09875572]
860,0.12341362501035119,"[[np.int64(0)], [np.int64(1), 4, 7], [np.int64(2)], [np.int64(3)], [5, 6]]",[0.04087706 0.14824852 0.04663773 0.04663773 0.09875572]
861,0.12341362501035119,"[[np.int64(0), 2, 5], [np.int64(1), 3], [4], [6], [7]]",[0.14824852 0.09875572 0.04087706 0.04663773 0.04663773]
862,0.12364972521625495,"[[np.int64(0), 7], [np.int64(1), 2], [3], [4], [5, 6]]",[0.09589443 0.09875572 0.04663773 0.04087706 0.09875572]
863,0.123649725216255,"[[np.int64(0)], [np.int64(1), 2], [3, 4], [5, 6], [7]]",[0.04087706 0.09875572 0.09589443 0.09875572 0.04663773]
864,0.12364972521625511,"[[np.int64(0), 7], [np.int64(1), 3], [np.int64(2)], [4], [5, 6]]",[0.09589443 0.09875572 0.04663773 0.04087706 0.09875572]
865,0.12364972521625511,"[[np.int64(0)], [np.int64(1), 2], [3, 4], [5, 7], [6]]",[0.04087706 0.09875572 0.09589443 0.09875572 0.04663773]
866,0.12364972521625556,"[[np.int64(0), 6], [np.int64(1), 2], [3], [4], [5, 7]]",[0.09589443 0.09875572 0.04663773 0.04087706 0.09875572]
867,0.12364972521625567,"[[np.int64(0)], [np.int64(1), 3], [np.int64(2), 4], [5, 6], [7]]",[0.04087706 0.09875572 0.09589443 0.09875572 0.04663773]
868,0.12364972521625572,"[[np.int64(0), 6], [np.int64(1), 3], [np.int64(2)], [4], [5, 7]]",[0.09589443 0.09875572 0.04663773 0.04087706 0.09875572]
869,0.12364972521625578,"[[np.int64(0)], [np.int64(1), 3], [np.int64(2), 4], [5, 7], [6]]",[0.04087706 0.09875572 0.09589443 0.09875572 0.04663773]
870,0.12438346824471441,"[[np.int64(0)], [np.int64(1), 3], [np.int64(2), 5], [4], [6, 7]]",[0.04087706 0.09875572 0.1020555  0.04087706 0.09762157]
871,0.12438346824471452,"[[np.int64(0)], [np.int64(1), 6], [np.int64(2), 3], [4], [5, 7]]",[0.04087706 0.1020555  0.09762157 0.04087706 0.09875572]
872,0.12438346824471452,"[[np.int64(0)], [np.int64(1), 2], [3, 5], [4], [6, 7]]",[0.04087706 0.09875572 0.1020555  0.04087706 0.09762157]
873,0.12438346824471463,"[[np.int64(0)], [np.int64(1), 7], [np.int64(2), 3], [4], [5, 6]]",[0.04087706 0.1020555  0.09762157 0.04087706 0.09875572]
874,0.1249304540597278,"[[np.int64(0), 2, 5], [np.int64(1)], [3], [4, 7], [6]]",[0.14824852 0.05551131 0.04663773 0.08260464 0.04663773]
875,0.12493045405972797,"[[np.int64(0), 3], [np.int64(1), 4, 6], [np.int64(2)], [5], [7]]",[0.08260464 0.14824852 0.04663773 0.05551131 0.04663773]
876,0.12493045405972802,"[[np.int64(0), 3], [np.int64(1), 4, 7], [np.int64(2)], [5], [6]]",[0.08260464 0.14824852 0.04663773 0.05551131 0.04663773]
877,0.12493045405972802,"[[np.int64(0), 3, 5], [np.int64(1)], [np.int64(2)], [4, 7], [6]]",[0.14824852 0.05551131 0.04663773 0.08260464 0.04663773]
878,0.12493045405972802,"[[np.int64(0), 2, 5], [np.int64(1)], [3], [4, 6], [7]]",[0.14824852 0.05551131 0.04663773 0.08260464 0.04663773]
879,0.12493045405972808,"[[np.int64(0), 2], [np.int64(1), 4, 6], [3], [5], [7]]",[0.08260464 0.14824852 0.04663773 0.05551131 0.04663773]
880,0.12493045405972814,"[[np.int64(0), 3, 5], [np.int64(1)], [np.int64(2)], [4, 6], [7]]",[0.14824852 0.05551131 0.04663773 0.08260464 0.04663773]
881,0.12493045405972825,"[[np.int64(0), 2], [np.int64(1), 4, 7], [3], [5], [6]]",[0.08260464 0.14824852 0.04663773 0.05551131 0.04663773]
882,0.12516655426563184,"[[np.int64(0), 7], [np.int64(1), 2], [3], [4, 6], [5]]",[0.09589443 0.09875572 0.04663773 0.08260464 0.05551131]
883,0.12516655426563206,"[[np.int64(0), 7], [np.int64(1), 3], [np.int64(2)], [4, 6], [5]]",[0.09589443 0.09875572 0.04663773 0.08260464 0.05551131]
884,0.1251665542656321,"[[np.int64(0), 2], [np.int64(1)], [3, 4], [5, 6], [7]]",[0.08260464 0.05551131 0.09589443 0.09875572 0.04663773]
885,0.12516655426563222,"[[np.int64(0), 2], [np.int64(1)], [3, 4], [5, 7], [6]]",[0.08260464 0.05551131 0.09589443 0.09875572 0.04663773]
886,0.12516655426563228,"[[np.int64(0), 6], [np.int64(1), 2], [3], [4, 7], [5]]",[0.09589443 0.09875572 0.04663773 0.08260464 0.05551131]
887,0.1251665542656324,"[[np.int64(0), 6], [np.int64(1), 3], [np.int64(2)], [4, 7], [5]]",[0.09589443 0.09875572 0.04663773 0.08260464 0.05551131]
888,0.12516655426563245,"[[np.int64(0), 3], [np.int64(1)], [np.int64(2), 4], [5, 6], [7]]",[0.08260464 0.05551131 0.09589443 0.09875572 0.04663773]
889,0.12516655426563256,"[[np.int64(0), 3], [np.int64(1)], [np.int64(2), 4], [5, 7], [6]]",[0.08260464 0.05551131 0.09589443 0.09875572 0.04663773]
890,0.12543386661579142,"[[np.int64(0), 7], [np.int64(1), 2], [3], [4, 5], [6]]",[0.09589443 0.09875572 0.04663773 0.09121091 0.04663773]
891,0.1254338666157916,"[[np.int64(0), np.int64(1)], [2], [3, 4], [5, 6], [7]]",[0.09121091 0.04663773 0.09589443 0.09875572 0.04663773]
892,0.12543386661579164,"[[np.int64(0), 7], [np.int64(1), 3], [np.int64(2)], [4, 5], [6]]",[0.09589443 0.09875572 0.04663773 0.09121091 0.04663773]
893,0.1254338666157917,"[[np.int64(0), np.int64(1)], [2], [3, 4], [5, 7], [6]]",[0.09121091 0.04663773 0.09589443 0.09875572 0.04663773]
894,0.12543386661579198,"[[np.int64(0), 6], [np.int64(1), 2], [3], [4, 5], [7]]",[0.09589443 0.09875572 0.04663773 0.09121091 0.04663773]
895,0.1254338666157921,"[[np.int64(0), np.int64(1)], [2, 4], [3], [5, 6], [7]]",[0.09121091 0.09589443 0.04663773 0.09875572 0.04663773]
896,0.12543386661579214,"[[np.int64(0), 6], [np.int64(1), 3], [np.int64(2)], [4, 5], [7]]",[0.09589443 0.09875572 0.04663773 0.09121091 0.04663773]
897,0.1254338666157922,"[[np.int64(0), np.int64(1)], [2, 4], [3], [5, 7], [6]]",[0.09121091 0.09589443 0.04663773 0.09875572 0.04663773]
898,0.12552740425999281,"[[np.int64(0)], [np.int64(1), 2], [3, 4, 5], [6], [7]]",[0.04087706 0.09875572 0.14613474 0.04663773 0.04663773]
899,0.12552740425999281,"[[np.int64(0), np.int64(1), 7], [2], [3], [4], [5, 6]]",[0.14613474 0.04663773 0.04663773 0.04087706 0.09875572]
900,0.12552740425999315,"[[np.int64(0), np.int64(1), 6], [2], [3], [4], [5, 7]]",[0.14613474 0.04663773 0.04663773 0.04087706 0.09875572]
901,0.12552740425999315,"[[np.int64(0)], [np.int64(1), 3], [np.int64(2), 4, 5], [6], [7]]",[0.04087706 0.09875572 0.14613474 0.04663773 0.04663773]
902,0.1259002972940912,"[[np.int64(0), 3], [np.int64(1)], [np.int64(2), 5], [4], [6, 7]]",[0.08260464 0.05551131 0.1020555  0.04087706 0.09762157]
903,0.12590029729409125,"[[np.int64(0)], [np.int64(1), 6], [np.int64(2), 3], [4, 7], [5]]",[0.04087706 0.1020555  0.09762157 0.08260464 0.05551131]
904,0.12590029729409158,"[[np.int64(0)], [np.int64(1), 7], [np.int64(2), 3], [4, 6], [5]]",[0.04087706 0.1020555  0.09762157 0.08260464 0.05551131]
905,0.12590029729409163,"[[np.int64(0), 2], [np.int64(1)], [3, 5], [4], [6, 7]]",[0.08260464 0.05551131 0.1020555  0.04087706 0.09762157]
906,0.12599383493829241,"[[np.int64(0)], [np.int64(1)], [np.int64(2), 3, 5], [4, 7], [6]]",[0.04087706 0.05551131 0.1529458  0.08260464 0.04663773]
907,0.12599383493829253,"[[np.int64(0)], [np.int64(1)], [np.int64(2), 3, 5], [4, 6], [7]]",[0.04087706 0.05551131 0.1529458  0.08260464 0.04663773]
908,0.12599383493829253,"[[np.int64(0), 3], [np.int64(1), 6, 7], [np.int64(2)], [4], [5]]",[0.08260464 0.1529458  0.04663773 0.04087706 0.05551131]
909,0.1259938349382927,"[[np.int64(0), 2], [np.int64(1), 6, 7], [3], [4], [5]]",[0.08260464 0.1529458  0.04663773 0.04087706 0.05551131]
910,0.12616760964425083,"[[np.int64(0), np.int64(1)], [2, 5], [3], [4], [6, 7]]",[0.09121091 0.1020555  0.04663773 0.04087706 0.09762157]
911,0.12616760964425094,"[[np.int64(0)], [np.int64(1), 6], [np.int64(2), 3], [4, 5], [7]]",[0.04087706 0.1020555  0.09762157 0.09121091 0.04663773]
912,0.12616760964425117,"[[np.int64(0), np.int64(1)], [2], [3, 5], [4], [6, 7]]",[0.09121091 0.04663773 0.1020555  0.04087706 0.09762157]
913,0.12616760964425117,"[[np.int64(0)], [np.int64(1), 7], [np.int64(2), 3], [4, 5], [6]]",[0.04087706 0.1020555  0.09762157 0.09121091 0.04663773]
914,0.1262611472884521,"[[np.int64(0), np.int64(1)], [2, 3, 5], [4], [6], [7]]",[0.09121091 0.1529458  0.04087706 0.04663773 0.04663773]
915,0.12626114728845217,"[[np.int64(0)], [np.int64(1), 6, 7], [np.int64(2)], [np.int64(3)], [np.int64(4), 5]]",[0.04087706 0.1529458  0.04663773 0.04663773 0.09121091]
916,0.12637078987439515,"[[np.int64(0)], [np.int64(1)], [np.int64(2), 3], [4, 6, 7], [5]]",[0.04087706 0.05551131 0.09762157 0.12867834 0.05551131]
917,0.12637078987439526,"[[np.int64(0), 2, 3], [np.int64(1)], [4], [5], [6, 7]]",[0.12867834 0.05551131 0.04087706 0.05551131 0.09762157]
918,0.12704423330936976,"[[np.int64(0), np.int64(1), 7], [2], [3], [4, 6], [5]]",[0.14613474 0.04663773 0.04663773 0.08260464 0.05551131]
919,0.12704423330936987,"[[np.int64(0), np.int64(1), 6], [2], [3], [4, 7], [5]]",[0.14613474 0.04663773 0.04663773 0.08260464 0.05551131]
920,0.12704423330936992,"[[np.int64(0), 3], [np.int64(1)], [np.int64(2), 4, 5], [6], [7]]",[0.08260464 0.05551131 0.14613474 0.04663773 0.04663773]
921,0.12704423330936992,"[[np.int64(0), 2], [np.int64(1)], [3, 4, 5], [6], [7]]",[0.08260464 0.05551131 0.14613474 0.04663773 0.04663773]
922,0.12731154565952935,"[[np.int64(0), np.int64(1), 7], [2], [3], [4, 5], [6]]",[0.14613474 0.04663773 0.04663773 0.09121091 0.04663773]
923,0.12731154565952946,"[[np.int64(0), np.int64(1)], [2], [3, 4, 5], [6], [7]]",[0.09121091 0.04663773 0.14613474 0.04663773 0.04663773]
924,0.12731154565952957,"[[np.int64(0), np.int64(1), 6], [2], [3], [4, 5], [7]]",[0.14613474 0.04663773 0.04663773 0.09121091 0.04663773]
925,0.12731154565952957,"[[np.int64(0), np.int64(1)], [2, 4, 5], [3], [6], [7]]",[0.09121091 0.14613474 0.04663773 0.04663773 0.04663773]
926,0.1292000760842717,"[[np.int64(0), 3], [np.int64(1), 2], [4], [5], [6, 7]]",[0.08260464 0.09875572 0.04087706 0.05551131 0.09762157]
927,0.1292000760842717,"[[np.int64(0)], [np.int64(1)], [np.int64(2), 3], [4, 7], [5, 6]]",[0.04087706 0.05551131 0.09762157 0.08260464 0.09875572]
928,0.12920007608427198,"[[np.int64(0)], [np.int64(1)], [np.int64(2), 3], [4, 6], [5, 7]]",[0.04087706 0.05551131 0.09762157 0.08260464 0.09875572]
929,0.12920007608427203,"[[np.int64(0), 2], [np.int64(1), 3], [4], [5], [6, 7]]",[0.08260464 0.09875572 0.04087706 0.05551131 0.09762157]
930,0.12946738843443129,"[[np.int64(0)], [np.int64(1), 2], [3], [4, 5], [6, 7]]",[0.04087706 0.09875572 0.04663773 0.09121091 0.09762157]
931,0.1294673884344314,"[[np.int64(0), np.int64(1)], [2, 3], [4], [5, 6], [7]]",[0.09121091 0.09762157 0.04087706 0.09875572 0.04663773]
932,0.1294673884344315,"[[np.int64(0)], [np.int64(1), 3], [np.int64(2)], [4, 5], [6, 7]]",[0.04087706 0.09875572 0.04663773 0.09121091 0.09762157]
933,0.12946738843443156,"[[np.int64(0), np.int64(1)], [2, 3], [4], [5, 7], [6]]",[0.09121091 0.09762157 0.04087706 0.09875572 0.04663773]
934,0.13033995019754563,"[[np.int64(0)], [np.int64(1), 6], [np.int64(2), 5], [np.int64(3)], [np.int64(4), 7]]",[0.04087706 0.1020555  0.1020555  0.04663773 0.08260464]
935,0.13033995019754574,"[[np.int64(0), 3], [np.int64(1), 6], [np.int64(2), 5], [4], [7]]",[0.08260464 0.1020555  0.1020555  0.04087706 0.04663773]
936,0.13033995019754596,"[[np.int64(0), 3], [np.int64(1), 7], [np.int64(2), 5], [4], [6]]",[0.08260464 0.1020555  0.1020555  0.04087706 0.04663773]
937,0.13033995019754596,"[[np.int64(0)], [np.int64(1), 6], [np.int64(2)], [np.int64(3), 5], [np.int64(4), 7]]",[0.04087706 0.1020555  0.04663773 0.1020555  0.08260464]
938,0.13033995019754607,"[[np.int64(0)], [np.int64(1), 7], [np.int64(2), 5], [np.int64(3)], [np.int64(4), 6]]",[0.04087706 0.1020555  0.1020555  0.04663773 0.08260464]
939,0.13033995019754618,"[[np.int64(0), 2], [np.int64(1), 6], [3, 5], [4], [7]]",[0.08260464 0.1020555  0.1020555  0.04087706 0.04663773]
940,0.13033995019754635,"[[np.int64(0)], [np.int64(1), 7], [np.int64(2)], [np.int64(3), 5], [np.int64(4), 6]]",[0.04087706 0.1020555  0.04663773 0.1020555  0.08260464]
941,0.13033995019754646,"[[np.int64(0), 2], [np.int64(1), 7], [3, 5], [4], [6]]",[0.08260464 0.1020555  0.1020555  0.04087706 0.04663773]
942,0.13034401209954993,"[[np.int64(0), 7], [np.int64(1)], [np.int64(2)], [np.int64(3)], [np.int64(4), 5, 6]]",[0.09589443 0.05551131 0.04663773 0.04663773 0.12954517]
943,0.1303440120995501,"[[np.int64(0), np.int64(1), np.int64(2)], [3, 4], [5], [6], [7]]",[0.12954517 0.09589443 0.05551131 0.04663773 0.04663773]
944,0.13034401209955043,"[[np.int64(0), 6], [np.int64(1)], [np.int64(2)], [np.int64(3)], [np.int64(4), 5, 7]]",[0.09589443 0.05551131 0.04663773 0.04663773 0.12954517]
945,0.13034401209955054,"[[np.int64(0), np.int64(1), 3], [2, 4], [5], [6], [7]]",[0.12954517 0.09589443 0.05551131 0.04663773 0.04663773]
946,0.13081044277784964,"[[np.int64(0)], [np.int64(1)], [np.int64(2), 5], [np.int64(3)], [np.int64(4), 6, 7]]",[0.04087706 0.05551131 0.1020555  0.04663773 0.12867834]
947,0.1308104427778498,"[[np.int64(0), 2, 3], [np.int64(1), 6], [4], [5], [7]]",[0.12867834 0.1020555  0.04087706 0.05551131 0.04663773]
948,0.13081044277784992,"[[np.int64(0)], [np.int64(1)], [np.int64(2)], [np.int64(3), 5], [np.int64(4), 6, 7]]",[0.04087706 0.05551131 0.04663773 0.1020555  0.12867834]
949,0.13081044277785003,"[[np.int64(0), 2, 3], [np.int64(1), 7], [4], [5], [6]]",[0.12867834 0.1020555  0.04087706 0.05551131 0.04663773]
950,0.13098421748380829,"[[np.int64(0), np.int64(1)], [2, 3], [4, 7], [5], [6]]",[0.09121091 0.09762157 0.08260464 0.05551131 0.04663773]
951,0.13098421748380829,"[[np.int64(0), 3], [np.int64(1)], [np.int64(2)], [4, 5], [6, 7]]",[0.08260464 0.05551131 0.04663773 0.09121091 0.09762157]
952,0.1309842174838084,"[[np.int64(0), np.int64(1)], [2, 3], [4, 6], [5], [7]]",[0.09121091 0.09762157 0.08260464 0.05551131 0.04663773]
953,0.13098421748380845,"[[np.int64(0), 2], [np.int64(1)], [3], [4, 5], [6, 7]]",[0.08260464 0.05551131 0.04663773 0.09121091 0.09762157]
954,0.13107656346927637,"[[np.int64(0)], [np.int64(1), 2], [3], [4], [5, 6, 7]]",[0.04087706 0.09875572 0.04663773 0.04087706 0.14634624]
955,0.13107656346927637,"[[np.int64(0)], [np.int64(1), 2, 3], [4], [5, 6], [7]]",[0.04087706 0.14634624 0.04087706 0.09875572 0.04663773]
956,0.13107656346927654,"[[np.int64(0)], [np.int64(1), 2, 3], [4], [5, 7], [6]]",[0.04087706 0.14634624 0.04087706 0.09875572 0.04663773]
957,0.13107656346927654,"[[np.int64(0)], [np.int64(1), 3], [np.int64(2)], [4], [5, 6, 7]]",[0.04087706 0.09875572 0.04663773 0.04087706 0.14634624]
958,0.13125152983396793,"[[np.int64(0), np.int64(1)], [2], [3], [4, 5], [6, 7]]",[0.09121091 0.04663773 0.04663773 0.09121091 0.09762157]
959,0.13125152983396798,"[[np.int64(0), np.int64(1)], [2, 3], [4, 5], [6], [7]]",[0.09121091 0.09762157 0.09121091 0.04663773 0.04663773]
960,0.13259339251865332,"[[np.int64(0), 3], [np.int64(1)], [np.int64(2)], [4], [5, 6, 7]]",[0.08260464 0.05551131 0.04663773 0.04087706 0.14634624]
961,0.13259339251865332,"[[np.int64(0)], [np.int64(1), 2, 3], [4, 7], [5], [6]]",[0.04087706 0.14634624 0.08260464 0.05551131 0.04663773]
962,0.13259339251865343,"[[np.int64(0)], [np.int64(1), 2, 3], [4, 6], [5], [7]]",[0.04087706 0.14634624 0.08260464 0.05551131 0.04663773]
963,0.13259339251865349,"[[np.int64(0), 2], [np.int64(1)], [3], [4], [5, 6, 7]]",[0.08260464 0.05551131 0.04663773 0.04087706 0.14634624]
964,0.13286070486881296,"[[np.int64(0)], [np.int64(1), 2, 3], [4, 5], [6], [7]]",[0.04087706 0.14634624 0.09121091 0.04663773 0.04663773]
965,0.13286070486881296,"[[np.int64(0), np.int64(1)], [2], [3], [4], [5, 6, 7]]",[0.09121091 0.04663773 0.04663773 0.04087706 0.14634624]
966,0.13363972898772625,"[[np.int64(0)], [np.int64(1), 3], [np.int64(2), 5], [4, 7], [6]]",[0.04087706 0.09875572 0.1020555  0.08260464 0.04663773]
967,0.1336397289877264,"[[np.int64(0), 3], [np.int64(1), 6], [np.int64(2)], [4], [5, 7]]",[0.08260464 0.1020555  0.04663773 0.04087706 0.09875572]
968,0.1336397289877264,"[[np.int64(0)], [np.int64(1), 2], [3, 5], [4, 7], [6]]",[0.04087706 0.09875572 0.1020555  0.08260464 0.04663773]
969,0.1336397289877264,"[[np.int64(0)], [np.int64(1), 3], [np.int64(2), 5], [4, 6], [7]]",[0.04087706 0.09875572 0.1020555  0.08260464 0.04663773]
970,0.13363972898772652,"[[np.int64(0), 3], [np.int64(1), 7], [np.int64(2)], [4], [5, 6]]",[0.08260464 0.1020555  0.04663773 0.04087706 0.09875572]
971,0.13363972898772658,"[[np.int64(0)], [np.int64(1), 2], [3, 5], [4, 6], [7]]",[0.04087706 0.09875572 0.1020555  0.08260464 0.04663773]
972,0.13363972898772658,"[[np.int64(0), 2], [np.int64(1), 6], [3], [4], [5, 7]]",[0.08260464 0.1020555  0.04663773 0.04087706 0.09875572]
973,0.1336397289877267,"[[np.int64(0), 2], [np.int64(1), 7], [3], [4], [5, 6]]",[0.08260464 0.1020555  0.04663773 0.04087706 0.09875572]
974,0.1341102215680301,"[[np.int64(0)], [np.int64(1), 2], [3], [4, 6, 7], [5]]",[0.04087706 0.09875572 0.04663773 0.12867834 0.05551131]
975,0.13411022156803026,"[[np.int64(0), 2, 3], [np.int64(1)], [4], [5, 6], [7]]",[0.12867834 0.05551131 0.04087706 0.09875572 0.04663773]
976,0.13411022156803032,"[[np.int64(0)], [np.int64(1), 3], [np.int64(2)], [4, 6, 7], [5]]",[0.04087706 0.09875572 0.04663773 0.12867834 0.05551131]
977,0.13411022156803043,"[[np.int64(0), 2, 3], [np.int64(1)], [4], [5, 7], [6]]",[0.12867834 0.05551131 0.04087706 0.09875572 0.04663773]
978,0.13437753391818985,"[[np.int64(0)], [np.int64(1)], [np.int64(2), 3], [4, 5, 7], [6]]",[0.04087706 0.05551131 0.09762157 0.12954517 0.04663773]
979,0.13437753391818985,"[[np.int64(0), np.int64(1), np.int64(2)], [3], [4], [5], [6, 7]]",[0.12954517 0.04663773 0.04087706 0.05551131 0.09762157]
980,0.1343775339181899,"[[np.int64(0)], [np.int64(1)], [np.int64(2), 3], [4, 5, 6], [7]]",[0.04087706 0.05551131 0.09762157 0.12954517 0.04663773]
981,0.1343775339181899,"[[np.int64(0), np.int64(1), 3], [2], [4], [5], [6, 7]]",[0.12954517 0.04663773 0.04087706 0.05551131 0.09762157]
982,0.13515655803710303,"[[np.int64(0), 3], [np.int64(1)], [np.int64(2), 5], [4, 7], [6]]",[0.08260464 0.05551131 0.1020555  0.08260464 0.04663773]
983,0.1351565580371032,"[[np.int64(0), 3], [np.int64(1)], [np.int64(2), 5], [4, 6], [7]]",[0.08260464 0.05551131 0.1020555  0.08260464 0.04663773]
984,0.1351565580371032,"[[np.int64(0), 3], [np.int64(1), 6], [np.int64(2)], [4, 7], [5]]",[0.08260464 0.1020555  0.04663773 0.08260464 0.05551131]
985,0.13515655803710336,"[[np.int64(0), 2], [np.int64(1), 6], [3], [4, 7], [5]]",[0.08260464 0.1020555  0.04663773 0.08260464 0.05551131]
986,0.13515655803710347,"[[np.int64(0), 3], [np.int64(1), 7], [np.int64(2)], [4, 6], [5]]",[0.08260464 0.1020555  0.04663773 0.08260464 0.05551131]
987,0.13515655803710352,"[[np.int64(0), 2], [np.int64(1)], [3, 5], [4, 7], [6]]",[0.08260464 0.05551131 0.1020555  0.08260464 0.04663773]
988,0.1351565580371037,"[[np.int64(0), 2], [np.int64(1), 7], [3], [4, 6], [5]]",[0.08260464 0.1020555  0.04663773 0.08260464 0.05551131]
989,0.1351565580371037,"[[np.int64(0), 2], [np.int64(1)], [3, 5], [4, 6], [7]]",[0.08260464 0.05551131 0.1020555  0.08260464 0.04663773]
990,0.13542387038726267,"[[np.int64(0), np.int64(1)], [2, 5], [3], [4, 7], [6]]",[0.09121091 0.1020555  0.04663773 0.08260464 0.04663773]
991,0.13542387038726283,"[[np.int64(0), 3], [np.int64(1), 6], [np.int64(2)], [4, 5], [7]]",[0.08260464 0.1020555  0.04663773 0.09121091 0.04663773]
992,0.1354238703872629,"[[np.int64(0), np.int64(1)], [2, 5], [3], [4, 6], [7]]",[0.09121091 0.1020555  0.04663773 0.08260464 0.04663773]
993,0.13542387038726295,"[[np.int64(0), 2], [np.int64(1), 6], [3], [4, 5], [7]]",[0.08260464 0.1020555  0.04663773 0.09121091 0.04663773]
994,0.135423870387263,"[[np.int64(0), np.int64(1)], [2], [3, 5], [4, 7], [6]]",[0.09121091 0.04663773 0.1020555  0.08260464 0.04663773]
995,0.13542387038726306,"[[np.int64(0), 3], [np.int64(1), 7], [np.int64(2)], [4, 5], [6]]",[0.08260464 0.1020555  0.04663773 0.09121091 0.04663773]
996,0.13542387038726317,"[[np.int64(0), np.int64(1)], [2], [3, 5], [4, 6], [7]]",[0.09121091 0.04663773 0.1020555  0.08260464 0.04663773]
997,0.13542387038726322,"[[np.int64(0), 2], [np.int64(1), 7], [3], [4, 5], [6]]",[0.08260464 0.1020555  0.04663773 0.09121091 0.04663773]
998,0.1356270506174071,"[[np.int64(0), 3], [np.int64(1)], [np.int64(2)], [4, 6, 7], [5]]",[0.08260464 0.05551131 0.04663773 0.12867834 0.05551131]
999,0.1356270506174071,"[[np.int64(0), 2, 3], [np.int64(1)], [4, 7], [5], [6]]",[0.12867834 0.05551131 0.08260464 0.05551131 0.04663773]
1000,0.1356270506174072,"[[np.int64(0), 2], [np.int64(1)], [3], [4, 6, 7], [5]]",[0.08260464 0.05551131 0.04663773 0.12867834 0.05551131]
1001,0.13562705061740726,"[[np.int64(0), 2, 3], [np.int64(1)], [4, 6], [5], [7]]",[0.12867834 0.05551131 0.08260464 0.05551131 0.04663773]
1002,0.13589436296756674,"[[np.int64(0), np.int64(1)], [2], [3], [4, 6, 7], [5]]",[0.09121091 0.04663773 0.04663773 0.12867834 0.05551131]
1003,0.13589436296756685,"[[np.int64(0), 2, 3], [np.int64(1)], [4, 5], [6], [7]]",[0.12867834 0.05551131 0.09121091 0.04663773 0.04663773]
1004,0.13693950777790664,"[[np.int64(0)], [np.int64(1), 2], [3], [4, 7], [5, 6]]",[0.04087706 0.09875572 0.04663773 0.08260464 0.09875572]
1005,0.1369395077779067,"[[np.int64(0), 3], [np.int64(1), 2], [4], [5, 6], [7]]",[0.08260464 0.09875572 0.04087706 0.09875572 0.04663773]
1006,0.1369395077779068,"[[np.int64(0), 3], [np.int64(1), 2], [4], [5, 7], [6]]",[0.08260464 0.09875572 0.04087706 0.09875572 0.04663773]
1007,0.1369395077779068,"[[np.int64(0)], [np.int64(1), 3], [np.int64(2)], [4, 7], [5, 6]]",[0.04087706 0.09875572 0.04663773 0.08260464 0.09875572]
1008,0.13693950777790692,"[[np.int64(0)], [np.int64(1), 2], [3], [4, 6], [5, 7]]",[0.04087706 0.09875572 0.04663773 0.08260464 0.09875572]
1009,0.13693950777790703,"[[np.int64(0), 2], [np.int64(1), 3], [4], [5, 6], [7]]",[0.08260464 0.09875572 0.04087706 0.09875572 0.04663773]
1010,0.1369395077779071,"[[np.int64(0)], [np.int64(1), 3], [np.int64(2)], [4, 6], [5, 7]]",[0.04087706 0.09875572 0.04663773 0.08260464 0.09875572]
1011,0.13693950777790714,"[[np.int64(0), 2], [np.int64(1), 3], [4], [5, 7], [6]]",[0.08260464 0.09875572 0.04087706 0.09875572 0.04663773]
1012,0.13845633682728353,"[[np.int64(0), 3], [np.int64(1), 2], [4, 7], [5], [6]]",[0.08260464 0.09875572 0.08260464 0.05551131 0.04663773]
1013,0.13845633682728364,"[[np.int64(0), 3], [np.int64(1)], [np.int64(2)], [4, 7], [5, 6]]",[0.08260464 0.05551131 0.04663773 0.08260464 0.09875572]
1014,0.1384563368272837,"[[np.int64(0), 3], [np.int64(1), 2], [4, 6], [5], [7]]",[0.08260464 0.09875572 0.08260464 0.05551131 0.04663773]
1015,0.1384563368272838,"[[np.int64(0), 2], [np.int64(1)], [3], [4, 7], [5, 6]]",[0.08260464 0.05551131 0.04663773 0.08260464 0.09875572]
1016,0.13845633682728387,"[[np.int64(0), 3], [np.int64(1)], [np.int64(2)], [4, 6], [5, 7]]",[0.08260464 0.05551131 0.04663773 0.08260464 0.09875572]
1017,0.13845633682728387,"[[np.int64(0), 2], [np.int64(1), 3], [4, 7], [5], [6]]",[0.08260464 0.09875572 0.08260464 0.05551131 0.04663773]
1018,0.13845633682728398,"[[np.int64(0), 2], [np.int64(1), 3], [4, 6], [5], [7]]",[0.08260464 0.09875572 0.08260464 0.05551131 0.04663773]
1019,0.13845633682728398,"[[np.int64(0), 2], [np.int64(1)], [3], [4, 6], [5, 7]]",[0.08260464 0.05551131 0.04663773 0.08260464 0.09875572]
1020,0.13872364917744318,"[[np.int64(0), np.int64(1)], [2], [3], [4, 7], [5, 6]]",[0.09121091 0.04663773 0.04663773 0.08260464 0.09875572]
1021,0.13872364917744323,"[[np.int64(0), 3], [np.int64(1), 2], [4, 5], [6], [7]]",[0.08260464 0.09875572 0.09121091 0.04663773 0.04663773]
1022,0.1387236491774435,"[[np.int64(0), np.int64(1)], [2], [3], [4, 6], [5, 7]]",[0.09121091 0.04663773 0.04663773 0.08260464 0.09875572]
1023,0.13872364917744356,"[[np.int64(0), 2], [np.int64(1), 3], [4, 5], [6], [7]]",[0.08260464 0.09875572 0.09121091 0.04663773 0.04663773]
1024,0.13881718682164434,"[[np.int64(0)], [np.int64(1), 6], [np.int64(2)], [np.int64(3)], [np.int64(4), 5, 7]]",[0.04087706 0.1020555  0.04663773 0.04663773 0.12954517]
1025,0.1388171868216444,"[[np.int64(0), np.int64(1), 3], [2, 5], [4], [6], [7]]",[0.12954517 0.1020555  0.04087706 0.04663773 0.04663773]
1026,0.13881718682164462,"[[np.int64(0)], [np.int64(1), 7], [np.int64(2)], [np.int64(3)], [np.int64(4), 5, 6]]",[0.04087706 0.1020555  0.04663773 0.04663773 0.12954517]
1027,0.13881718682164468,"[[np.int64(0), np.int64(1), np.int64(2)], [3, 5], [4], [6], [7]]",[0.12954517 0.1020555  0.04087706 0.04663773 0.04663773]
1028,0.1421169656118248,"[[np.int64(0)], [np.int64(1), 2], [3], [4, 5, 7], [6]]",[0.04087706 0.09875572 0.04663773 0.12954517 0.04663773]
1029,0.1421169656118248,"[[np.int64(0)], [np.int64(1), 2], [3], [4, 5, 6], [7]]",[0.04087706 0.09875572 0.04663773 0.12954517 0.04663773]
1030,0.1421169656118249,"[[np.int64(0), np.int64(1), np.int64(2)], [3], [4], [5, 6], [7]]",[0.12954517 0.04663773 0.04087706 0.09875572 0.04663773]
1031,0.14211696561182496,"[[np.int64(0)], [np.int64(1), 3], [np.int64(2)], [4, 5, 7], [6]]",[0.04087706 0.09875572 0.04663773 0.12954517 0.04663773]
1032,0.14211696561182496,"[[np.int64(0), np.int64(1), 3], [2], [4], [5, 6], [7]]",[0.12954517 0.04663773 0.04087706 0.09875572 0.04663773]
1033,0.14211696561182502,"[[np.int64(0)], [np.int64(1), 3], [np.int64(2)], [4, 5, 6], [7]]",[0.04087706 0.09875572 0.04663773 0.12954517 0.04663773]
1034,0.14211696561182502,"[[np.int64(0), np.int64(1), np.int64(2)], [3], [4], [5, 7], [6]]",[0.12954517 0.04663773 0.04087706 0.09875572 0.04663773]
1035,0.14211696561182502,"[[np.int64(0), np.int64(1), 3], [2], [4], [5, 7], [6]]",[0.12954517 0.04663773 0.04087706 0.09875572 0.04663773]
1036,0.14268099583632976,"[[np.int64(0)], [np.int64(1)], [np.int64(2)], [np.int64(3)], [np.int64(4), 5, 6, 7]]",[0.04087706 0.05551131 0.04663773 0.04663773 0.17222556]
1037,0.14268099583632993,"[[np.int64(0), np.int64(1), np.int64(2), np.int64(3)], [4], [5], [6], [7]]",[0.17222556 0.04087706 0.05551131 0.04663773 0.04663773]
1038,0.14363379466120174,"[[np.int64(0), np.int64(1), np.int64(2)], [3], [4, 7], [5], [6]]",[0.12954517 0.04663773 0.08260464 0.05551131 0.04663773]
1039,0.14363379466120174,"[[np.int64(0), np.int64(1), 3], [2], [4, 7], [5], [6]]",[0.12954517 0.04663773 0.08260464 0.05551131 0.04663773]
1040,0.14363379466120174,"[[np.int64(0), 3], [np.int64(1)], [np.int64(2)], [4, 5, 6], [7]]",[0.08260464 0.05551131 0.04663773 0.12954517 0.04663773]
1041,0.14363379466120174,"[[np.int64(0), 3], [np.int64(1)], [np.int64(2)], [4, 5, 7], [6]]",[0.08260464 0.05551131 0.04663773 0.12954517 0.04663773]
1042,0.14363379466120185,"[[np.int64(0), np.int64(1), np.int64(2)], [3], [4, 6], [5], [7]]",[0.12954517 0.04663773 0.08260464 0.05551131 0.04663773]
1043,0.1436337946612019,"[[np.int64(0), 2], [np.int64(1)], [3], [4, 5, 7], [6]]",[0.08260464 0.05551131 0.04663773 0.12954517 0.04663773]
1044,0.1436337946612019,"[[np.int64(0), np.int64(1), 3], [2], [4, 6], [5], [7]]",[0.12954517 0.04663773 0.08260464 0.05551131 0.04663773]
1045,0.1436337946612019,"[[np.int64(0), 2], [np.int64(1)], [3], [4, 5, 6], [7]]",[0.08260464 0.05551131 0.04663773 0.12954517 0.04663773]
1046,0.14390110701136138,"[[np.int64(0), np.int64(1)], [2], [3], [4, 5, 7], [6]]",[0.09121091 0.04663773 0.04663773 0.12954517 0.04663773]
1047,0.14390110701136144,"[[np.int64(0), np.int64(1)], [2], [3], [4, 5, 6], [7]]",[0.09121091 0.04663773 0.04663773 0.12954517 0.04663773]
1048,0.14390110701136144,"[[np.int64(0), np.int64(1), 3], [2], [4, 5], [6], [7]]",[0.12954517 0.04663773 0.09121091 0.04663773 0.04663773]
1049,0.14390110701136144,"[[np.int64(0), np.int64(1), np.int64(2)], [3], [4, 5], [6], [7]]",[0.12954517 0.04663773 0.09121091 0.04663773 0.04663773]
