,inter_metric,motifs,motif_metric
0,0.01878231500265304,"[[np.int64(0)], [np.int64(1), 5], [np.int64(2), 3, 6, 7], [4]]",[0.04087706 0.13341475 0.27061919 0.04087706]
1,0.0309483496340881,"[[np.int64(0), 5], [np.int64(1)], [np.int64(2), 3, 6, 7], [4]]",[0.10661447 0.05551131 0.27061919 0.04087706]
2,0.030948349634088212,"[[np.int64(0)], [np.int64(1), 4], [np.int64(2), 3, 6, 7], [5]]",[0.04087706 0.10661447 0.27061919 0.05551131]
3,0.032419980957933414,"[[np.int64(0), 4], [np.int64(1)], [np.int64(2), 3, 6, 7], [5]]",[0.09050859 0.05551131 0.27061919 0.05551131]
4,0.03423547042319408,"[[np.int64(0), 2, 3, 6, 7], [np.int64(1)], [4], [5]]",[0.31843523 0.05551131 0.04087706 0.05551131]
5,0.03423547042319408,"[[np.int64(0)], [np.int64(1)], [np.int64(2), 3, 4, 6, 7], [5]]",[0.04087706 0.05551131 0.31843523 0.05551131]
6,0.04635191144538148,"[[np.int64(0)], [np.int64(1)], [np.int64(2), 3, 6, 7], [4, 5]]",[0.04087706 0.05551131 0.27061919 0.09121091]
7,0.04635191144538153,"[[np.int64(0), np.int64(1)], [2, 3, 6, 7], [4], [5]]",[0.09121091 0.27061919 0.04087706 0.05551131]
8,0.04814816176862868,"[[np.int64(0)], [np.int64(1)], [np.int64(2), 3, 5, 6, 7], [4]]",[0.04087706 0.05551131 0.31915679 0.04087706]
9,0.048148161768628794,"[[np.int64(0)], [np.int64(1), 2, 3, 6, 7], [4], [5]]",[0.04087706 0.31915679 0.04087706 0.05551131]
10,0.048967324237585874,"[[np.int64(0)], [np.int64(1), 5], [np.int64(2), 3, 4, 7], [6]]",[0.04087706 0.13341475 0.23467351 0.04663773]
11,0.048967324237585874,"[[np.int64(0), 3, 6, 7], [np.int64(1), 5], [np.int64(2)], [4]]",[0.23467351 0.13341475 0.04663773 0.04087706]
12,0.04896732423758626,"[[np.int64(0), 2, 6, 7], [np.int64(1), 5], [3], [4]]",[0.23467351 0.13341475 0.04663773 0.04087706]
13,0.048967324237586485,"[[np.int64(0)], [np.int64(1), 5], [np.int64(2), 3, 4, 6], [7]]",[0.04087706 0.13341475 0.23467351 0.04663773]
14,0.05206198025608366,"[[np.int64(0), 4], [np.int64(1), 5], [np.int64(2), 3, 7], [6]]",[0.09050859 0.13341475 0.18194732 0.04663773]
15,0.05206198025608372,"[[np.int64(0), 4], [np.int64(1), 5], [np.int64(2)], [np.int64(3), 6, 7]]",[0.09050859 0.13341475 0.04663773 0.18194732]
16,0.05206198025608394,"[[np.int64(0), 4], [np.int64(1), 5], [np.int64(2), 6, 7], [np.int64(3)]]",[0.09050859 0.13341475 0.18194732 0.04663773]
17,0.05206198025608405,"[[np.int64(0), 4], [np.int64(1), 5], [np.int64(2), 3, 6], [7]]",[0.09050859 0.13341475 0.18194732 0.04663773]
18,0.05243681583172072,"[[np.int64(0), 7], [np.int64(1), 5], [np.int64(2), 3, 6], [4]]",[0.09589443 0.13341475 0.18194732 0.04087706]
19,0.05243681583172077,"[[np.int64(0)], [np.int64(1), 5], [np.int64(2), 6, 7], [np.int64(3), 4]]",[0.04087706 0.13341475 0.18194732 0.09589443]
20,0.05243681583172077,"[[np.int64(0), 6], [np.int64(1), 5], [np.int64(2), 3, 7], [4]]",[0.09589443 0.13341475 0.18194732 0.04087706]
21,0.052436815831720884,"[[np.int64(0)], [np.int64(1), 5], [np.int64(2), 4], [np.int64(3), 6, 7]]",[0.04087706 0.13341475 0.09589443 0.18194732]
22,0.055755280264698004,"[[np.int64(0), 4], [np.int64(1), 5], [np.int64(2), 6], [np.int64(3), 7]]",[0.09050859 0.13341475 0.11244588 0.11244588]
23,0.05576780676615645,"[[np.int64(0)], [np.int64(1), 4, 5], [np.int64(2), 3, 7], [6]]",[0.04087706 0.17934046 0.18194732 0.04663773]
24,0.05576780676615645,"[[np.int64(0), np.int64(1), 5], [2, 3, 7], [4], [6]]",[0.17934046 0.18194732 0.04087706 0.04663773]
25,0.0557678067661565,"[[np.int64(0), np.int64(1), 5], [2], [3, 6, 7], [4]]",[0.17934046 0.04663773 0.18194732 0.04087706]
26,0.05576780676615656,"[[np.int64(0)], [np.int64(1), 4, 5], [np.int64(2)], [np.int64(3), 6, 7]]",[0.04087706 0.17934046 0.04663773 0.18194732]
27,0.055767806766156724,"[[np.int64(0), np.int64(1), 5], [2, 6, 7], [3], [4]]",[0.17934046 0.18194732 0.04663773 0.04087706]
28,0.05576780676615678,"[[np.int64(0)], [np.int64(1), 4, 5], [np.int64(2), 6, 7], [np.int64(3)]]",[0.04087706 0.17934046 0.18194732 0.04663773]
29,0.055767806766156836,"[[np.int64(0), np.int64(1), 5], [2, 3, 6], [4], [7]]",[0.17934046 0.18194732 0.04087706 0.04663773]
30,0.05576780676615689,"[[np.int64(0)], [np.int64(1), 4, 5], [np.int64(2), 3, 6], [7]]",[0.04087706 0.17934046 0.18194732 0.04663773]
31,0.05706091076597675,"[[np.int64(0), 4], [np.int64(1), 5], [np.int64(2), 7], [np.int64(3), 6]]",[0.09050859 0.13341475 0.11179306 0.11179306]
32,0.05946110677477068,"[[np.int64(0), np.int64(1), 5], [2, 6], [3, 7], [4]]",[0.17934046 0.11244588 0.11244588 0.04087706]
33,0.05946110677477079,"[[np.int64(0)], [np.int64(1), 4, 5], [np.int64(2), 6], [np.int64(3), 7]]",[0.04087706 0.17934046 0.11244588 0.11244588]
34,0.06076673727604953,"[[np.int64(0)], [np.int64(1), 4, 5], [np.int64(2), 7], [np.int64(3), 6]]",[0.04087706 0.17934046 0.11179306 0.11179306]
35,0.06076673727604953,"[[np.int64(0), np.int64(1), 5], [2, 7], [3, 6], [4]]",[0.17934046 0.11179306 0.11179306 0.04087706]
36,0.061040261324093015,"[[np.int64(0), 3, 7], [np.int64(1), 5], [np.int64(2), 6], [4]]",[0.15679243 0.13341475 0.11244588 0.04087706]
37,0.06104026132409307,"[[np.int64(0)], [np.int64(1), 5], [np.int64(2), 6], [np.int64(3), 4, 7]]",[0.04087706 0.13341475 0.11244588 0.15679243]
38,0.06104026132409368,"[[np.int64(0), 2, 6], [np.int64(1), 5], [3, 7], [4]]",[0.15679243 0.13341475 0.11244588 0.04087706]
39,0.06104026132409368,"[[np.int64(0)], [np.int64(1), 5], [np.int64(2), 4, 6], [np.int64(3), 7]]",[0.04087706 0.13341475 0.15679243 0.11244588]
40,0.06113335886902105,"[[np.int64(0), 5], [np.int64(1)], [np.int64(2), 3, 4, 7], [6]]",[0.10661447 0.05551131 0.23467351 0.04663773]
41,0.06113335886902116,"[[np.int64(0), 3, 6, 7], [np.int64(1), 4], [np.int64(2)], [5]]",[0.23467351 0.10661447 0.04663773 0.05551131]
42,0.06113335886902155,"[[np.int64(0), 2, 6, 7], [np.int64(1), 4], [3], [5]]",[0.23467351 0.10661447 0.04663773 0.05551131]
43,0.06113335886902166,"[[np.int64(0), 5], [np.int64(1)], [np.int64(2), 3, 4, 6], [7]]",[0.10661447 0.05551131 0.23467351 0.04663773]
44,0.06225710679923724,"[[np.int64(0), 2, 3, 7], [np.int64(1), 5], [4], [6]]",[0.22138373 0.13341475 0.04087706 0.04663773]
45,0.062257106799237294,"[[np.int64(0)], [np.int64(1), 5], [np.int64(2)], [np.int64(3), 4, 6, 7]]",[0.04087706 0.13341475 0.04663773 0.22138373]
46,0.06225710679923796,"[[np.int64(0)], [np.int64(1), 5], [np.int64(2), 4, 6, 7], [np.int64(3)]]",[0.04087706 0.13341475 0.22138373 0.04663773]
47,0.06225710679923818,"[[np.int64(0), 2, 3, 6], [np.int64(1), 5], [4], [7]]",[0.22138373 0.13341475 0.04087706 0.04663773]
48,0.06234589182537198,"[[np.int64(0), 2, 7], [np.int64(1), 5], [3, 6], [4]]",[0.15613961 0.13341475 0.11179306 0.04087706]
49,0.06234589182537198,"[[np.int64(0)], [np.int64(1), 5], [np.int64(2), 7], [np.int64(3), 4, 6]]",[0.04087706 0.13341475 0.11179306 0.15613961]
50,0.06234589182537231,"[[np.int64(0), 3, 6], [np.int64(1), 5], [np.int64(2), 7], [4]]",[0.15613961 0.13341475 0.11179306 0.04087706]
51,0.06234589182537231,"[[np.int64(0)], [np.int64(1), 5], [np.int64(2), 4, 7], [np.int64(3), 6]]",[0.04087706 0.13341475 0.15613961 0.11179306]
52,0.06275638356367363,"[[np.int64(0), 5], [np.int64(1), 4], [np.int64(2), 3, 7], [6]]",[0.10661447 0.10661447 0.18194732 0.04663773]
53,0.06275638356367369,"[[np.int64(0), 5], [np.int64(1), 4], [np.int64(2)], [np.int64(3), 6, 7]]",[0.10661447 0.10661447 0.04663773 0.18194732]
54,0.0627563835636738,"[[np.int64(0), 5], [np.int64(1), 4], [np.int64(2), 6, 7], [np.int64(3)]]",[0.10661447 0.10661447 0.18194732 0.04663773]
55,0.06275638356367402,"[[np.int64(0), 5], [np.int64(1), 4], [np.int64(2), 3, 6], [7]]",[0.10661447 0.10661447 0.18194732 0.04663773]
56,0.06297982576850347,"[[np.int64(0), 6], [np.int64(1)], [np.int64(2), 3, 4, 7], [5]]",[0.09589443 0.05551131 0.23467351 0.05551131]
57,0.06297982576850347,"[[np.int64(0), 2, 6, 7], [np.int64(1)], [3, 4], [5]]",[0.23467351 0.05551131 0.09589443 0.05551131]
58,0.06297982576850353,"[[np.int64(0), 7], [np.int64(1)], [np.int64(2), 3, 4, 6], [5]]",[0.09589443 0.05551131 0.23467351 0.05551131]
59,0.06297982576850358,"[[np.int64(0), 3, 6, 7], [np.int64(1)], [np.int64(2), 4], [5]]",[0.23467351 0.05551131 0.09589443 0.05551131]
60,0.06404564408248975,"[[np.int64(0), 3, 4, 6, 7], [np.int64(1)], [np.int64(2)], [5]]",[0.28286439 0.05551131 0.04663773 0.05551131]
61,0.0640456440824898,"[[np.int64(0), 2, 3, 4, 7], [np.int64(1)], [5], [6]]",[0.28286439 0.05551131 0.05551131 0.04663773]
62,0.06404564408249064,"[[np.int64(0), 2, 4, 6, 7], [np.int64(1)], [3], [5]]",[0.28286439 0.05551131 0.04663773 0.05551131]
63,0.06404564408249092,"[[np.int64(0), 2, 3, 4, 6], [np.int64(1)], [5], [7]]",[0.28286439 0.05551131 0.05551131 0.04663773]
64,0.06430330698819614,"[[np.int64(0)], [np.int64(1), 2, 5], [3, 6, 7], [4]]",[0.04087706 0.17656562 0.18194732 0.04087706]
65,0.0643033069881962,"[[np.int64(0)], [np.int64(1), 5, 6], [np.int64(2), 3, 7], [4]]",[0.04087706 0.17656562 0.18194732 0.04087706]
66,0.06430330698819686,"[[np.int64(0)], [np.int64(1), 3, 5], [np.int64(2), 6, 7], [4]]",[0.04087706 0.17656562 0.18194732 0.04087706]
67,0.06430330698819703,"[[np.int64(0)], [np.int64(1), 5, 7], [np.int64(2), 3, 6], [4]]",[0.04087706 0.17656562 0.18194732 0.04087706]
68,0.06460285046315584,"[[np.int64(0), 5], [np.int64(1)], [np.int64(2), 6, 7], [np.int64(3), 4]]",[0.10661447 0.05551131 0.18194732 0.09589443]
69,0.06460285046315595,"[[np.int64(0), 7], [np.int64(1), 4], [np.int64(2), 3, 6], [5]]",[0.09589443 0.10661447 0.18194732 0.05551131]
70,0.06460285046315606,"[[np.int64(0), 6], [np.int64(1), 4], [np.int64(2), 3, 7], [5]]",[0.09589443 0.10661447 0.18194732 0.05551131]
71,0.06460285046315617,"[[np.int64(0), 5], [np.int64(1)], [np.int64(2), 4], [np.int64(3), 6, 7]]",[0.10661447 0.05551131 0.09589443 0.18194732]
72,0.06482840692695657,"[[np.int64(0), np.int64(1), 4, 5], [2], [3, 7], [6]]",[0.23402064 0.04663773 0.11244588 0.04663773]
73,0.0648284069269569,"[[np.int64(0), np.int64(1), 4, 5], [2, 6], [3], [7]]",[0.23402064 0.11244588 0.04663773 0.04663773]
74,0.06548122217759611,"[[np.int64(0), np.int64(1), 4, 5], [2, 7], [3], [6]]",[0.23402064 0.11179306 0.04663773 0.04663773]
75,0.06548122217759622,"[[np.int64(0), np.int64(1), 4, 5], [2], [3, 6], [7]]",[0.23402064 0.04663773 0.11179306 0.04663773]
76,0.0657265983933722,"[[np.int64(0)], [np.int64(1), 5], [np.int64(2), 3, 7], [4, 6]]",[0.04087706 0.13341475 0.18194732 0.08260464]
77,0.06572659839337236,"[[np.int64(0), 2], [np.int64(1), 5], [3, 6, 7], [4]]",[0.08260464 0.13341475 0.18194732 0.04087706]
78,0.06572659839337242,"[[np.int64(0), 3], [np.int64(1), 5], [np.int64(2), 6, 7], [4]]",[0.08260464 0.13341475 0.18194732 0.04087706]
79,0.06572659839337247,"[[np.int64(0)], [np.int64(1), 5], [np.int64(2), 3, 6], [4, 7]]",[0.04087706 0.13341475 0.18194732 0.08260464]
80,0.06644968357228792,"[[np.int64(0), 5], [np.int64(1), 4], [np.int64(2), 6], [np.int64(3), 7]]",[0.10661447 0.10661447 0.11244588 0.11244588]
81,0.06692089771161491,"[[np.int64(0), 7], [np.int64(1), 5], [np.int64(2), 6], [np.int64(3), 4]]",[0.09589443 0.13341475 0.11244588 0.09589443]
82,0.06692089771161547,"[[np.int64(0), 6], [np.int64(1), 5], [np.int64(2), 4], [np.int64(3), 7]]",[0.09589443 0.13341475 0.09589443 0.11244588]
83,0.06757371296225462,"[[np.int64(0), 6], [np.int64(1), 5], [np.int64(2), 7], [np.int64(3), 4]]",[0.09589443 0.13341475 0.11179306 0.09589443]
84,0.06757371296225462,"[[np.int64(0), 7], [np.int64(1), 5], [np.int64(2), 4], [np.int64(3), 6]]",[0.09589443 0.13341475 0.09589443 0.11179306]
85,0.06775531407356677,"[[np.int64(0), 5], [np.int64(1), 4], [np.int64(2), 7], [np.int64(3), 6]]",[0.10661447 0.10661447 0.11179306 0.11179306]
86,0.06798671602560119,"[[np.int64(0), 3, 4, 7], [np.int64(1), 5], [np.int64(2)], [6]]",[0.20989345 0.13341475 0.04663773 0.04663773]
87,0.06798671602560269,"[[np.int64(0), 2, 4, 6], [np.int64(1), 5], [3], [7]]",[0.20989345 0.13341475 0.04663773 0.04663773]
88,0.0679961668975374,"[[np.int64(0), 5, 6], [np.int64(1)], [np.int64(2), 3, 7], [4]]",[0.15823852 0.05551131 0.18194732 0.04087706]
89,0.06799616689753751,"[[np.int64(0), 5, 7], [np.int64(1)], [np.int64(2), 3, 6], [4]]",[0.15823852 0.05551131 0.18194732 0.04087706]
90,0.06799616689753757,"[[np.int64(0)], [np.int64(1), 2, 4], [3, 6, 7], [5]]",[0.04087706 0.15823852 0.18194732 0.05551131]
91,0.06799616689753762,"[[np.int64(0)], [np.int64(1), 3, 4], [np.int64(2), 6, 7], [5]]",[0.04087706 0.15823852 0.18194732 0.05551131]
92,0.06801352938198535,"[[np.int64(0), 3, 5, 6, 7], [np.int64(1)], [np.int64(2)], [4]]",[0.29353075 0.05551131 0.04663773 0.04087706]
93,0.06801352938198535,"[[np.int64(0)], [np.int64(1), 2, 3, 4, 7], [5], [6]]",[0.04087706 0.29353075 0.05551131 0.04663773]
94,0.06801352938198546,"[[np.int64(0), 2, 5, 6, 7], [np.int64(1)], [3], [4]]",[0.29353075 0.05551131 0.04663773 0.04087706]
95,0.0680135293819858,"[[np.int64(0)], [np.int64(1), 2, 3, 4, 6], [5], [7]]",[0.04087706 0.29353075 0.05551131 0.04663773]
96,0.06863953127624128,"[[np.int64(0), 2, 4, 7], [np.int64(1), 5], [3], [6]]",[0.20924064 0.13341475 0.04663773 0.04663773]
97,0.06863953127624145,"[[np.int64(0), 3, 4, 6], [np.int64(1), 5], [np.int64(2)], [7]]",[0.20924064 0.13341475 0.04663773 0.04663773]
98,0.06940547272143682,"[[np.int64(0), 4, 5], [np.int64(1)], [np.int64(2), 3, 7], [6]]",[0.15106855 0.05551131 0.18194732 0.04663773]
99,0.06940547272143688,"[[np.int64(0), 4, 5], [np.int64(1)], [np.int64(2)], [np.int64(3), 6, 7]]",[0.15106855 0.05551131 0.04663773 0.18194732]
100,0.06940547272143693,"[[np.int64(0), np.int64(1), 4], [2, 3, 7], [5], [6]]",[0.15106855 0.18194732 0.05551131 0.04663773]
101,0.06940547272143704,"[[np.int64(0), np.int64(1), 4], [2], [3, 6, 7], [5]]",[0.15106855 0.04663773 0.18194732 0.05551131]
102,0.0694054727214371,"[[np.int64(0), 4, 5], [np.int64(1)], [np.int64(2), 6, 7], [np.int64(3)]]",[0.15106855 0.05551131 0.18194732 0.04663773]
103,0.06940547272143721,"[[np.int64(0), np.int64(1), 4], [2, 6, 7], [3], [5]]",[0.15106855 0.18194732 0.04663773 0.05551131]
104,0.06940547272143732,"[[np.int64(0), np.int64(1), 4], [2, 3, 6], [5], [7]]",[0.15106855 0.18194732 0.05551131 0.04663773]
105,0.06940547272143732,"[[np.int64(0), 4, 5], [np.int64(1)], [np.int64(2), 3, 6], [7]]",[0.15106855 0.05551131 0.18194732 0.04663773]
106,0.07025188864605092,"[[np.int64(0), 7], [np.int64(1), 4, 5], [np.int64(2), 6], [np.int64(3)]]",[0.09589443 0.17934046 0.11244588 0.04663773]
107,0.07025188864605098,"[[np.int64(0), np.int64(1), 5], [2, 6], [3, 4], [7]]",[0.17934046 0.11244588 0.09589443 0.04663773]
108,0.07025188864605114,"[[np.int64(0), np.int64(1), 5], [2, 4], [3, 7], [6]]",[0.17934046 0.09589443 0.11244588 0.04663773]
109,0.07025188864605114,"[[np.int64(0), 6], [np.int64(1), 4, 5], [np.int64(2)], [np.int64(3), 7]]",[0.09589443 0.17934046 0.04663773 0.11244588]
110,0.07090470389669024,"[[np.int64(0), 7], [np.int64(1), 4, 5], [np.int64(2)], [np.int64(3), 6]]",[0.09589443 0.17934046 0.04663773 0.11179306]
111,0.07090470389669024,"[[np.int64(0), np.int64(1), 5], [2, 7], [3, 4], [6]]",[0.17934046 0.11179306 0.09589443 0.04663773]
112,0.07090470389669057,"[[np.int64(0), 6], [np.int64(1), 4, 5], [np.int64(2), 7], [np.int64(3)]]",[0.09589443 0.17934046 0.11179306 0.04663773]
113,0.07090470389669074,"[[np.int64(0), np.int64(1), 5], [2, 4], [3, 6], [7]]",[0.17934046 0.09589443 0.11179306 0.04663773]
114,0.07098462727075949,"[[np.int64(0), 3, 4], [np.int64(1)], [np.int64(2), 6, 7], [5]]",[0.14061581 0.05551131 0.18194732 0.05551131]
115,0.0709846272707596,"[[np.int64(0), 4, 7], [np.int64(1)], [np.int64(2), 3, 6], [5]]",[0.14061581 0.05551131 0.18194732 0.05551131]
116,0.07098462727075966,"[[np.int64(0), 4, 6], [np.int64(1)], [np.int64(2), 3, 7], [5]]",[0.14061581 0.05551131 0.18194732 0.05551131]
117,0.07098462727075988,"[[np.int64(0), 2, 4], [np.int64(1)], [3, 6, 7], [5]]",[0.14061581 0.05551131 0.18194732 0.05551131]
118,0.07120843568523844,"[[np.int64(0), 3, 4, 7], [np.int64(1)], [np.int64(2), 6], [5]]",[0.20989345 0.05551131 0.11244588 0.05551131]
119,0.07120843568523966,"[[np.int64(0), 2, 4, 6], [np.int64(1)], [3, 7], [5]]",[0.20989345 0.05551131 0.11244588 0.05551131]
120,0.07127701514536167,"[[np.int64(0)], [np.int64(1), 2, 5, 6, 7], [3], [4]]",[0.04087706 0.30490151 0.04663773 0.04087706]
121,0.07127701514536178,"[[np.int64(0)], [np.int64(1), 2, 3, 5, 7], [4], [6]]",[0.04087706 0.30490151 0.04087706 0.04663773]
122,0.07127701514536183,"[[np.int64(0)], [np.int64(1), 2, 3, 5, 6], [4], [7]]",[0.04087706 0.30490151 0.04087706 0.04663773]
123,0.071277015145362,"[[np.int64(0)], [np.int64(1), 3, 5, 6, 7], [np.int64(2)], [4]]",[0.04087706 0.30490151 0.04663773 0.04087706]
124,0.07145300049059733,"[[np.int64(0), 3, 6, 7], [np.int64(1)], [np.int64(2), 5], [4]]",[0.23467351 0.05551131 0.1020555  0.04087706]
125,0.07145300049059744,"[[np.int64(0)], [np.int64(1), 6], [np.int64(2), 3, 4, 7], [5]]",[0.04087706 0.1020555  0.23467351 0.05551131]
126,0.071453000490598,"[[np.int64(0), 2, 6, 7], [np.int64(1)], [3, 5], [4]]",[0.23467351 0.05551131 0.1020555  0.04087706]
127,0.07145300049059822,"[[np.int64(0)], [np.int64(1), 7], [np.int64(2), 3, 4, 6], [5]]",[0.04087706 0.1020555  0.23467351 0.05551131]
128,0.07145620761973642,"[[np.int64(0), 4, 7], [np.int64(1), 5], [np.int64(2), 6], [np.int64(3)]]",[0.14061581 0.13341475 0.11244588 0.04663773]
129,0.07145620761973664,"[[np.int64(0), 3, 4], [np.int64(1), 5], [np.int64(2), 6], [7]]",[0.14061581 0.13341475 0.11244588 0.04663773]
130,0.07145620761973681,"[[np.int64(0), 4, 6], [np.int64(1), 5], [np.int64(2)], [np.int64(3), 7]]",[0.14061581 0.13341475 0.04663773 0.11244588]
131,0.07145620761973692,"[[np.int64(0), 2, 4], [np.int64(1), 5], [3, 7], [6]]",[0.14061581 0.13341475 0.11244588 0.04663773]
132,0.07148346107539294,"[[np.int64(0)], [np.int64(1), 2, 5, 6], [3, 7], [4]]",[0.04087706 0.23888692 0.11244588 0.04087706]
133,0.07148346107539372,"[[np.int64(0)], [np.int64(1), 3, 5, 7], [np.int64(2), 6], [4]]",[0.04087706 0.23888692 0.11244588 0.04087706]
134,0.07183104319537342,"[[np.int64(0), 3, 7], [np.int64(1), 5], [np.int64(2), 4], [6]]",[0.15679243 0.13341475 0.09589443 0.04663773]
135,0.07183104319537342,"[[np.int64(0), 6], [np.int64(1), 5], [np.int64(2)], [np.int64(3), 4, 7]]",[0.09589443 0.13341475 0.04663773 0.15679243]
136,0.07183104319537387,"[[np.int64(0), 7], [np.int64(1), 5], [np.int64(2), 4, 6], [np.int64(3)]]",[0.09589443 0.13341475 0.15679243 0.04663773]
137,0.07183104319537387,"[[np.int64(0), 2, 6], [np.int64(1), 5], [3, 4], [7]]",[0.15679243 0.13341475 0.09589443 0.04663773]
138,0.07210902287037574,"[[np.int64(0), 4, 7], [np.int64(1), 5], [np.int64(2)], [np.int64(3), 6]]",[0.14061581 0.13341475 0.04663773 0.11179306]
139,0.0721090228703758,"[[np.int64(0), 3, 4], [np.int64(1), 5], [np.int64(2), 7], [6]]",[0.14061581 0.13341475 0.11179306 0.04663773]
140,0.0721090228703763,"[[np.int64(0), 4, 6], [np.int64(1), 5], [np.int64(2), 7], [np.int64(3)]]",[0.14061581 0.13341475 0.11179306 0.04663773]
141,0.07210902287037652,"[[np.int64(0), 2, 4], [np.int64(1), 5], [3, 6], [7]]",[0.14061581 0.13341475 0.11179306 0.04663773]
142,0.07248385844601263,"[[np.int64(0), 2, 7], [np.int64(1), 5], [3, 4], [6]]",[0.15613961 0.13341475 0.09589443 0.04663773]
143,0.07248385844601268,"[[np.int64(0), 7], [np.int64(1), 5], [np.int64(2)], [np.int64(3), 4, 6]]",[0.09589443 0.13341475 0.04663773 0.15613961]
144,0.07248385844601335,"[[np.int64(0), 6], [np.int64(1), 5], [np.int64(2), 4, 7], [np.int64(3)]]",[0.09589443 0.13341475 0.15613961 0.04663773]
145,0.07248385844601357,"[[np.int64(0), 3, 6], [np.int64(1), 5], [np.int64(2), 4], [7]]",[0.15613961 0.13341475 0.09589443 0.04663773]
146,0.0725140661865179,"[[np.int64(0), 2, 4, 7], [np.int64(1)], [3, 6], [5]]",[0.20924064 0.05551131 0.11179306 0.05551131]
147,0.07251406618651801,"[[np.int64(0), 3, 4, 6], [np.int64(1)], [np.int64(2), 7], [5]]",[0.20924064 0.05551131 0.11179306 0.05551131]
148,0.07278909157667213,"[[np.int64(0)], [np.int64(1), 2, 5, 7], [3, 6], [4]]",[0.04087706 0.2382341  0.11179306 0.04087706]
149,0.07278909157667224,"[[np.int64(0)], [np.int64(1), 3, 5, 6], [np.int64(2), 7], [4]]",[0.04087706 0.2382341  0.11179306 0.04087706]
150,0.07307602518524992,"[[np.int64(0), 5], [np.int64(1), 6], [np.int64(2), 3, 7], [4]]",[0.10661447 0.1020555  0.18194732 0.04087706]
151,0.07307602518524997,"[[np.int64(0)], [np.int64(1), 4], [np.int64(2), 5], [np.int64(3), 6, 7]]",[0.04087706 0.10661447 0.1020555  0.18194732]
152,0.07307602518525047,"[[np.int64(0)], [np.int64(1), 4], [np.int64(2), 6, 7], [np.int64(3), 5]]",[0.04087706 0.10661447 0.18194732 0.1020555 ]
153,0.07307602518525058,"[[np.int64(0), 5], [np.int64(1), 7], [np.int64(2), 3, 6], [4]]",[0.10661447 0.1020555  0.18194732 0.04087706]
154,0.07309877273005116,"[[np.int64(0), 4, 5], [np.int64(1)], [np.int64(2), 6], [np.int64(3), 7]]",[0.15106855 0.05551131 0.11244588 0.11244588]
155,0.07309877273005128,"[[np.int64(0), np.int64(1), 4], [2, 6], [3, 7], [5]]",[0.15106855 0.11244588 0.11244588 0.05551131]
156,0.07320629595552819,"[[np.int64(0), 5], [np.int64(1)], [np.int64(2), 6], [np.int64(3), 4, 7]]",[0.10661447 0.05551131 0.11244588 0.15679243]
157,0.0732062959555283,"[[np.int64(0), 3, 7], [np.int64(1), 4], [np.int64(2), 6], [5]]",[0.15679243 0.10661447 0.11244588 0.05551131]
158,0.0732062959555288,"[[np.int64(0), 5], [np.int64(1)], [np.int64(2), 4, 6], [np.int64(3), 7]]",[0.10661447 0.05551131 0.15679243 0.11244588]
159,0.07320629595552886,"[[np.int64(0), 2, 6], [np.int64(1), 4], [3, 7], [5]]",[0.15679243 0.10661447 0.11244588 0.05551131]
160,0.07336556432364172,"[[np.int64(0), 6, 7], [np.int64(1), 5], [np.int64(2)], [np.int64(3), 4]]",[0.15525791 0.13341475 0.04663773 0.09589443]
161,0.07336556432364177,"[[np.int64(0), 7], [np.int64(1), 5], [np.int64(2), 3, 4], [6]]",[0.09589443 0.13341475 0.15525791 0.04663773]
162,0.07336556432364211,"[[np.int64(0), 6, 7], [np.int64(1), 5], [np.int64(2), 4], [np.int64(3)]]",[0.15525791 0.13341475 0.09589443 0.04663773]
163,0.07336556432364227,"[[np.int64(0), 6], [np.int64(1), 5], [np.int64(2), 3, 4], [7]]",[0.09589443 0.13341475 0.15525791 0.04663773]
164,0.07373874272463354,"[[np.int64(0), np.int64(1), 5, 6], [2], [3, 7], [4]]",[0.23087097 0.04663773 0.11244588 0.04087706]
165,0.07373874272463354,"[[np.int64(0)], [np.int64(1), 2, 4, 5], [3, 7], [6]]",[0.04087706 0.23087097 0.11244588 0.04663773]
166,0.07373874272463377,"[[np.int64(0), np.int64(1), 5, 7], [2, 6], [3], [4]]",[0.23087097 0.11244588 0.04663773 0.04087706]
167,0.07373874272463388,"[[np.int64(0)], [np.int64(1), 3, 4, 5], [np.int64(2), 6], [7]]",[0.04087706 0.23087097 0.11244588 0.04663773]
168,0.07439155797527303,"[[np.int64(0)], [np.int64(1), 3, 4, 5], [np.int64(2), 7], [6]]",[0.04087706 0.23087097 0.11179306 0.04663773]
169,0.07439155797527308,"[[np.int64(0), np.int64(1), 5, 6], [2, 7], [3], [4]]",[0.23087097 0.11179306 0.04663773 0.04087706]
170,0.07439155797527308,"[[np.int64(0), np.int64(1), 5, 7], [2], [3, 6], [4]]",[0.23087097 0.04663773 0.11179306 0.04087706]
171,0.07439155797527319,"[[np.int64(0)], [np.int64(1), 2, 4, 5], [3, 6], [7]]",[0.04087706 0.23087097 0.11179306 0.04663773]
172,0.07440440323132996,"[[np.int64(0), 4, 5], [np.int64(1)], [np.int64(2), 7], [np.int64(3), 6]]",[0.15106855 0.05551131 0.11179306 0.11179306]
173,0.07440440323133002,"[[np.int64(0), np.int64(1), 4], [2, 7], [3, 6], [5]]",[0.15106855 0.11179306 0.11179306 0.05551131]
174,0.07442314143067241,"[[np.int64(0), 2, 3, 7], [np.int64(1), 4], [5], [6]]",[0.22138373 0.10661447 0.05551131 0.04663773]
175,0.07442314143067247,"[[np.int64(0), 5], [np.int64(1)], [np.int64(2)], [np.int64(3), 4, 6, 7]]",[0.10661447 0.05551131 0.04663773 0.22138373]
176,0.07442314143067313,"[[np.int64(0), 5], [np.int64(1)], [np.int64(2), 4, 6, 7], [np.int64(3)]]",[0.10661447 0.05551131 0.22138373 0.04663773]
177,0.07442314143067336,"[[np.int64(0), 2, 3, 6], [np.int64(1), 4], [5], [7]]",[0.22138373 0.10661447 0.05551131 0.04663773]
178,0.07451192645680715,"[[np.int64(0), 2, 7], [np.int64(1), 4], [3, 6], [5]]",[0.15613961 0.10661447 0.11179306 0.05551131]
179,0.07451192645680715,"[[np.int64(0), 5], [np.int64(1)], [np.int64(2), 7], [np.int64(3), 4, 6]]",[0.10661447 0.05551131 0.11179306 0.15613961]
180,0.07451192645680754,"[[np.int64(0), 5], [np.int64(1)], [np.int64(2), 4, 7], [np.int64(3), 6]]",[0.10661447 0.05551131 0.15613961 0.11179306]
181,0.0745119264568076,"[[np.int64(0), 3, 6], [np.int64(1), 4], [np.int64(2), 7], [5]]",[0.15613961 0.10661447 0.11179306 0.05551131]
182,0.07454765650909517,"[[np.int64(0), 4], [np.int64(1)], [np.int64(2), 5], [np.int64(3), 6, 7]]",[0.09050859 0.05551131 0.1020555  0.18194732]
183,0.07454765650909517,"[[np.int64(0), 4], [np.int64(1), 6], [np.int64(2), 3, 7], [5]]",[0.09050859 0.1020555  0.18194732 0.05551131]
184,0.07454765650909567,"[[np.int64(0), 4], [np.int64(1)], [np.int64(2), 6, 7], [np.int64(3), 5]]",[0.09050859 0.05551131 0.18194732 0.1020555 ]
185,0.0745476565090959,"[[np.int64(0), 4], [np.int64(1), 7], [np.int64(2), 3, 6], [5]]",[0.09050859 0.1020555  0.18194732 0.05551131]
186,0.07475277928077784,"[[np.int64(0), 3, 6, 7], [np.int64(1), 2], [4], [5]]",[0.23467351 0.09875572 0.04087706 0.05551131]
187,0.07475277928077789,"[[np.int64(0)], [np.int64(1)], [np.int64(2), 3, 4, 7], [5, 6]]",[0.04087706 0.05551131 0.23467351 0.09875572]
188,0.07475277928077834,"[[np.int64(0), 2, 6, 7], [np.int64(1), 3], [4], [5]]",[0.23467351 0.09875572 0.04087706 0.05551131]
189,0.07475277928077856,"[[np.int64(0)], [np.int64(1)], [np.int64(2), 3, 4, 6], [5, 7]]",[0.04087706 0.05551131 0.23467351 0.09875572]
190,0.07516203412980899,"[[np.int64(0), 3, 7], [np.int64(1), 4, 5], [np.int64(2)], [6]]",[0.15679243 0.17934046 0.04663773 0.04663773]
191,0.07516203412980904,"[[np.int64(0), np.int64(1), 5], [2], [3, 4, 7], [6]]",[0.17934046 0.04663773 0.15679243 0.04663773]
192,0.07516203412980993,"[[np.int64(0), 2, 6], [np.int64(1), 4, 5], [3], [7]]",[0.15679243 0.17934046 0.04663773 0.04663773]
193,0.07516203412980993,"[[np.int64(0), np.int64(1), 5], [2, 4, 6], [3], [7]]",[0.17934046 0.15679243 0.04663773 0.04663773]
194,0.07581484938044863,"[[np.int64(0), 2, 7], [np.int64(1), 4, 5], [3], [6]]",[0.15613961 0.17934046 0.04663773 0.04663773]
195,0.0758148493804488,"[[np.int64(0), np.int64(1), 5], [2], [3, 4, 6], [7]]",[0.17934046 0.04663773 0.15613961 0.04663773]
196,0.07581484938044897,"[[np.int64(0), np.int64(1), 5], [2, 4, 7], [3], [6]]",[0.17934046 0.15613961 0.04663773 0.04663773]
197,0.07581484938044913,"[[np.int64(0), 3, 6], [np.int64(1), 4, 5], [np.int64(2)], [7]]",[0.15613961 0.17934046 0.04663773 0.04663773]
198,0.07637580397543042,"[[np.int64(0)], [np.int64(1), 4], [np.int64(2), 3, 7], [5, 6]]",[0.04087706 0.10661447 0.18194732 0.09875572]
199,0.07637580397543042,"[[np.int64(0), 5], [np.int64(1), 2], [3, 6, 7], [4]]",[0.10661447 0.09875572 0.18194732 0.04087706]
200,0.07637580397543081,"[[np.int64(0), 5], [np.int64(1), 3], [np.int64(2), 6, 7], [4]]",[0.10661447 0.09875572 0.18194732 0.04087706]
201,0.07637580397543098,"[[np.int64(0)], [np.int64(1), 4], [np.int64(2), 3, 6], [5, 7]]",[0.04087706 0.10661447 0.18194732 0.09875572]
202,0.07653692068031442,"[[np.int64(0), 3, 6, 7], [np.int64(1)], [np.int64(2)], [4, 5]]",[0.23467351 0.05551131 0.04663773 0.09121091]
203,0.07653692068031448,"[[np.int64(0), np.int64(1)], [2, 3, 4, 7], [5], [6]]",[0.09121091 0.23467351 0.05551131 0.04663773]
204,0.07653692068031481,"[[np.int64(0), 2, 6, 7], [np.int64(1)], [3], [4, 5]]",[0.23467351 0.05551131 0.04663773 0.09121091]
205,0.07653692068031503,"[[np.int64(0), np.int64(1)], [2, 3, 4, 6], [5], [7]]",[0.09121091 0.23467351 0.05551131 0.04663773]
206,0.07656287926383276,"[[np.int64(0)], [np.int64(1), 4], [np.int64(2), 3, 5, 7], [6]]",[0.04087706 0.10661447 0.23387824 0.04663773]
207,0.07656287926383282,"[[np.int64(0), 5], [np.int64(1), 3, 6, 7], [np.int64(2)], [4]]",[0.10661447 0.23387824 0.04663773 0.04087706]
208,0.07656287926383287,"[[np.int64(0), 5], [np.int64(1), 2, 6, 7], [3], [4]]",[0.10661447 0.23387824 0.04663773 0.04087706]
209,0.07656287926383304,"[[np.int64(0)], [np.int64(1), 4], [np.int64(2), 3, 5, 6], [7]]",[0.04087706 0.10661447 0.23387824 0.04663773]
210,0.07669315003411109,"[[np.int64(0), 3, 5, 7], [np.int64(1)], [np.int64(2), 6], [4]]",[0.21904298 0.05551131 0.11244588 0.04087706]
211,0.07669315003411115,"[[np.int64(0)], [np.int64(1), 3, 4, 7], [np.int64(2), 6], [5]]",[0.04087706 0.21904298 0.11244588 0.05551131]
212,0.07669315003411126,"[[np.int64(0)], [np.int64(1), 2, 4, 6], [3, 7], [5]]",[0.04087706 0.21904298 0.11244588 0.05551131]
213,0.07669315003411126,"[[np.int64(0), 2, 5, 6], [np.int64(1)], [3, 7], [4]]",[0.21904298 0.05551131 0.11244588 0.04087706]
214,0.07669655525807773,"[[np.int64(0), 6, 7], [np.int64(1), 4, 5], [np.int64(2)], [np.int64(3)]]",[0.15525791 0.17934046 0.04663773 0.04663773]
215,0.07669655525807789,"[[np.int64(0), np.int64(1), 5], [2, 3, 4], [6], [7]]",[0.17934046 0.15525791 0.04663773 0.04663773]
216,0.07739908614228153,"[[np.int64(0), 6, 7], [np.int64(1), 5], [np.int64(2), 3], [4]]",[0.15525791 0.13341475 0.09762157 0.04087706]
217,0.07739908614228164,"[[np.int64(0)], [np.int64(1), 5], [np.int64(2), 3, 4], [6, 7]]",[0.04087706 0.13341475 0.15525791 0.09762157]
218,0.07784743529927568,"[[np.int64(0), 4], [np.int64(1)], [np.int64(2), 3, 7], [5, 6]]",[0.09050859 0.05551131 0.18194732 0.09875572]
219,0.07784743529927568,"[[np.int64(0), 4], [np.int64(1), 2], [3, 6, 7], [5]]",[0.09050859 0.09875572 0.18194732 0.05551131]
220,0.07784743529927601,"[[np.int64(0), 4], [np.int64(1), 3], [np.int64(2), 6, 7], [5]]",[0.09050859 0.09875572 0.18194732 0.05551131]
221,0.07784743529927618,"[[np.int64(0), 4], [np.int64(1)], [np.int64(2), 3, 6], [5, 7]]",[0.09050859 0.05551131 0.18194732 0.09875572]
222,0.07789263302480737,"[[np.int64(0), 5], [np.int64(1)], [np.int64(2), 3, 7], [4, 6]]",[0.10661447 0.05551131 0.18194732 0.08260464]
223,0.07789263302480753,"[[np.int64(0), 2], [np.int64(1), 4], [3, 6, 7], [5]]",[0.08260464 0.10661447 0.18194732 0.05551131]
224,0.07789263302480764,"[[np.int64(0), 3], [np.int64(1), 4], [np.int64(2), 6, 7], [5]]",[0.08260464 0.10661447 0.18194732 0.05551131]
225,0.07789263302480764,"[[np.int64(0), 5], [np.int64(1)], [np.int64(2), 3, 6], [4, 7]]",[0.10661447 0.05551131 0.18194732 0.08260464]
226,0.07798617066900837,"[[np.int64(0)], [np.int64(1), 4, 6], [np.int64(2), 3, 7], [5]]",[0.04087706 0.14824852 0.18194732 0.05551131]
227,0.07798617066900848,"[[np.int64(0), 2, 5], [np.int64(1)], [3, 6, 7], [4]]",[0.14824852 0.05551131 0.18194732 0.04087706]
228,0.07798617066900887,"[[np.int64(0), 3, 5], [np.int64(1)], [np.int64(2), 6, 7], [4]]",[0.14824852 0.05551131 0.18194732 0.04087706]
229,0.07798617066900904,"[[np.int64(0)], [np.int64(1), 4, 7], [np.int64(2), 3, 6], [5]]",[0.04087706 0.14824852 0.18194732 0.05551131]
230,0.07799878053538972,"[[np.int64(0), 2, 5, 7], [np.int64(1)], [3, 6], [4]]",[0.21839017 0.05551131 0.11179306 0.04087706]
231,0.07799878053538989,"[[np.int64(0)], [np.int64(1), 3, 4, 6], [np.int64(2), 7], [5]]",[0.04087706 0.21839017 0.11179306 0.05551131]
232,0.07799878053539022,"[[np.int64(0)], [np.int64(1), 2, 4, 7], [3, 6], [5]]",[0.04087706 0.21839017 0.11179306 0.05551131]
233,0.07799878053539028,"[[np.int64(0), 3, 5, 6], [np.int64(1)], [np.int64(2), 7], [4]]",[0.21839017 0.05551131 0.11179306 0.04087706]
234,0.0780035331534562,"[[np.int64(0), 2, 3, 5, 7], [np.int64(1)], [4], [6]]",[0.28354075 0.05551131 0.04087706 0.04663773]
235,0.07800353315345643,"[[np.int64(0)], [np.int64(1), 3, 4, 6, 7], [np.int64(2)], [5]]",[0.04087706 0.28354075 0.04663773 0.05551131]
236,0.07800353315345687,"[[np.int64(0)], [np.int64(1), 2, 4, 6, 7], [3], [5]]",[0.04087706 0.28354075 0.04663773 0.05551131]
237,0.07800353315345704,"[[np.int64(0), 2, 3, 5, 6], [np.int64(1)], [4], [7]]",[0.28354075 0.05551131 0.04087706 0.04663773]
238,0.07803451058767796,"[[np.int64(0), 4], [np.int64(1)], [np.int64(2), 3, 5, 7], [6]]",[0.09050859 0.05551131 0.23387824 0.04663773]
239,0.07803451058767819,"[[np.int64(0), 4], [np.int64(1), 2, 6, 7], [3], [5]]",[0.09050859 0.23387824 0.04663773 0.05551131]
240,0.07803451058767819,"[[np.int64(0), 4], [np.int64(1), 3, 6, 7], [np.int64(2)], [5]]",[0.09050859 0.23387824 0.04663773 0.05551131]
241,0.0780345105876783,"[[np.int64(0), 4], [np.int64(1)], [np.int64(2), 3, 5, 6], [7]]",[0.09050859 0.05551131 0.23387824 0.04663773]
242,0.07840934616331496,"[[np.int64(0), 7], [np.int64(1)], [np.int64(2), 3, 5, 6], [4]]",[0.09589443 0.05551131 0.23387824 0.04087706]
243,0.07840934616331496,"[[np.int64(0)], [np.int64(1), 2, 6, 7], [3, 4], [5]]",[0.04087706 0.23387824 0.09589443 0.05551131]
244,0.07840934616331519,"[[np.int64(0), 6], [np.int64(1)], [np.int64(2), 3, 5, 7], [4]]",[0.09589443 0.05551131 0.23387824 0.04087706]
245,0.0784093461633153,"[[np.int64(0)], [np.int64(1), 3, 6, 7], [np.int64(2), 4], [5]]",[0.04087706 0.23387824 0.09589443 0.05551131]
246,0.07841255329245356,"[[np.int64(0), 4], [np.int64(1), 2, 5], [3, 7], [6]]",[0.09050859 0.17656562 0.11244588 0.04663773]
247,0.07841255329245367,"[[np.int64(0), 4], [np.int64(1), 5, 6], [np.int64(2)], [np.int64(3), 7]]",[0.09050859 0.17656562 0.04663773 0.11244588]
248,0.07841255329245439,"[[np.int64(0), 4], [np.int64(1), 5, 7], [np.int64(2), 6], [np.int64(3)]]",[0.09050859 0.17656562 0.11244588 0.04663773]
249,0.07841255329245439,"[[np.int64(0), 4], [np.int64(1), 3, 5], [np.int64(2), 6], [7]]",[0.09050859 0.17656562 0.11244588 0.04663773]
250,0.07878738886809078,"[[np.int64(0), 6], [np.int64(1), 2, 5], [3, 7], [4]]",[0.09589443 0.17656562 0.11244588 0.04087706]
251,0.07878738886809089,"[[np.int64(0)], [np.int64(1), 5, 6], [np.int64(2), 4], [np.int64(3), 7]]",[0.04087706 0.17656562 0.09589443 0.11244588]
252,0.07878738886809106,"[[np.int64(0), 7], [np.int64(1), 3, 5], [np.int64(2), 6], [4]]",[0.09589443 0.17656562 0.11244588 0.04087706]
253,0.07878738886809122,"[[np.int64(0)], [np.int64(1), 5, 7], [np.int64(2), 6], [np.int64(3), 4]]",[0.04087706 0.17656562 0.11244588 0.09589443]
254,0.07906536854309315,"[[np.int64(0), 4], [np.int64(1), 5, 6], [np.int64(2), 7], [np.int64(3)]]",[0.09050859 0.17656562 0.11179306 0.04663773]
255,0.0790653685430932,"[[np.int64(0), 4], [np.int64(1), 2, 5], [3, 6], [7]]",[0.09050859 0.17656562 0.11179306 0.04663773]
256,0.0790653685430936,"[[np.int64(0), 4], [np.int64(1), 3, 5], [np.int64(2), 7], [6]]",[0.09050859 0.17656562 0.11179306 0.04663773]
257,0.0790653685430937,"[[np.int64(0), 4], [np.int64(1), 5, 7], [np.int64(2)], [np.int64(3), 6]]",[0.09050859 0.17656562 0.04663773 0.11179306]
258,0.07944020411872993,"[[np.int64(0), 7], [np.int64(1), 2, 5], [3, 6], [4]]",[0.09589443 0.17656562 0.11179306 0.04087706]
259,0.07944020411872998,"[[np.int64(0)], [np.int64(1), 5, 6], [np.int64(2), 7], [np.int64(3), 4]]",[0.04087706 0.17656562 0.11179306 0.09589443]
260,0.07944020411873076,"[[np.int64(0), 6], [np.int64(1), 3, 5], [np.int64(2), 7], [4]]",[0.09589443 0.17656562 0.11179306 0.04087706]
261,0.07944020411873093,"[[np.int64(0)], [np.int64(1), 5, 7], [np.int64(2), 4], [np.int64(3), 6]]",[0.04087706 0.17656562 0.09589443 0.11179306]
262,0.07965271061687668,"[[np.int64(0), np.int64(1), 4, 5], [2], [3], [6, 7]]",[0.23402064 0.04663773 0.04663773 0.09762157]
263,0.07965271061687668,"[[np.int64(0), np.int64(1), 4, 5], [2, 3], [6], [7]]",[0.23402064 0.09762157 0.04663773 0.04663773]
264,0.07986265805401316,"[[np.int64(0), 5], [np.int64(1), 2, 3, 7], [4], [6]]",[0.10661447 0.23057846 0.04087706 0.04663773]
265,0.07986265805401321,"[[np.int64(0)], [np.int64(1), 4], [np.int64(2), 5, 6, 7], [np.int64(3)]]",[0.04087706 0.10661447 0.23057846 0.04663773]
266,0.07986265805401344,"[[np.int64(0), 5], [np.int64(1), 2, 3, 6], [4], [7]]",[0.10661447 0.23057846 0.04087706 0.04663773]
267,0.07986265805401344,"[[np.int64(0)], [np.int64(1), 4], [np.int64(2)], [np.int64(3), 5, 6, 7]]",[0.04087706 0.10661447 0.04663773 0.23057846]
268,0.07996290833876912,"[[np.int64(0), 3, 7], [np.int64(1)], [np.int64(2), 4, 6], [5]]",[0.15679243 0.05551131 0.15679243 0.05551131]
269,0.07996290833876918,"[[np.int64(0), 2, 6], [np.int64(1)], [3, 4, 7], [5]]",[0.15679243 0.05551131 0.15679243 0.05551131]
270,0.08000641227444932,"[[np.int64(0), 7], [np.int64(1)], [np.int64(2), 3, 6], [4, 5]]",[0.09589443 0.05551131 0.18194732 0.09121091]
271,0.08000641227444938,"[[np.int64(0), 6], [np.int64(1)], [np.int64(2), 3, 7], [4, 5]]",[0.09589443 0.05551131 0.18194732 0.09121091]
272,0.08000641227444938,"[[np.int64(0), np.int64(1)], [2, 6, 7], [3, 4], [5]]",[0.09121091 0.18194732 0.09589443 0.05551131]
273,0.08000641227444943,"[[np.int64(0), np.int64(1)], [2, 4], [3, 6, 7], [5]]",[0.09121091 0.09589443 0.18194732 0.05551131]
274,0.08009994991865038,"[[np.int64(0), np.int64(1), 6], [2, 3, 7], [4], [5]]",[0.14613474 0.18194732 0.04087706 0.05551131]
275,0.08009994991865044,"[[np.int64(0)], [np.int64(1)], [np.int64(2), 4, 5], [np.int64(3), 6, 7]]",[0.04087706 0.05551131 0.14613474 0.18194732]
276,0.08009994991865049,"[[np.int64(0)], [np.int64(1)], [np.int64(2), 6, 7], [np.int64(3), 4, 5]]",[0.04087706 0.05551131 0.18194732 0.14613474]
277,0.0800999499186506,"[[np.int64(0), np.int64(1), 7], [2, 3, 6], [4], [5]]",[0.14613474 0.18194732 0.04087706 0.05551131]
278,0.08011731240309822,"[[np.int64(0)], [np.int64(1)], [np.int64(2), 3, 4, 5, 7], [6]]",[0.04087706 0.05551131 0.28142697 0.04663773]
279,0.08011731240309827,"[[np.int64(0), np.int64(1), 3, 6, 7], [2], [4], [5]]",[0.28142697 0.04663773 0.04087706 0.05551131]
280,0.0801173124030985,"[[np.int64(0), np.int64(1), np.int64(2), 6, 7], [3], [4], [5]]",[0.28142697 0.04663773 0.04087706 0.05551131]
281,0.08011731240309866,"[[np.int64(0)], [np.int64(1)], [np.int64(2), 3, 4, 5, 6], [7]]",[0.04087706 0.05551131 0.28142697 0.04663773]
282,0.08016264162824566,"[[np.int64(0), 5], [np.int64(1), 2, 6], [3, 7], [4]]",[0.10661447 0.16447033 0.11244588 0.04087706]
283,0.08016264162824571,"[[np.int64(0)], [np.int64(1), 4], [np.int64(2), 5, 6], [np.int64(3), 7]]",[0.04087706 0.10661447 0.16447033 0.11244588]
284,0.0801626416282461,"[[np.int64(0), 5], [np.int64(1), 3, 7], [np.int64(2), 6], [4]]",[0.10661447 0.16447033 0.11244588 0.04087706]
285,0.08016264162824616,"[[np.int64(0)], [np.int64(1), 4], [np.int64(2), 6], [np.int64(3), 5, 7]]",[0.04087706 0.10661447 0.11244588 0.16447033]
286,0.08063378187794967,"[[np.int64(0), 5, 6], [np.int64(1), 4], [np.int64(2)], [np.int64(3), 7]]",[0.15823852 0.10661447 0.04663773 0.11244588]
287,0.08063378187794973,"[[np.int64(0), 5], [np.int64(1), 2, 4], [3, 7], [6]]",[0.10661447 0.15823852 0.11244588 0.04663773]
288,0.08063378187794973,"[[np.int64(0), 5, 7], [np.int64(1), 4], [np.int64(2), 6], [np.int64(3)]]",[0.15823852 0.10661447 0.11244588 0.04663773]
289,0.08063378187794984,"[[np.int64(0), 5], [np.int64(1), 3, 4], [np.int64(2), 6], [7]]",[0.10661447 0.15823852 0.11244588 0.04663773]
290,0.0812685388400477,"[[np.int64(0), 2, 7], [np.int64(1)], [3, 4, 6], [5]]",[0.15613961 0.05551131 0.15613961 0.05551131]
291,0.08126853884004837,"[[np.int64(0), 3, 6], [np.int64(1)], [np.int64(2), 4, 7], [5]]",[0.15613961 0.05551131 0.15613961 0.05551131]
292,0.08128659712858899,"[[np.int64(0), 5], [np.int64(1), 3, 4], [np.int64(2), 7], [6]]",[0.10661447 0.15823852 0.11179306 0.04663773]
293,0.08128659712858904,"[[np.int64(0), 5, 7], [np.int64(1), 4], [np.int64(2)], [np.int64(3), 6]]",[0.15823852 0.10661447 0.04663773 0.11179306]
294,0.08128659712858921,"[[np.int64(0), 5, 6], [np.int64(1), 4], [np.int64(2), 7], [np.int64(3)]]",[0.15823852 0.10661447 0.11179306 0.04663773]
295,0.08128659712858938,"[[np.int64(0), 5], [np.int64(1), 2, 4], [3, 6], [7]]",[0.10661447 0.15823852 0.11179306 0.04663773]
296,0.08133428937785847,"[[np.int64(0), 4], [np.int64(1)], [np.int64(2), 5, 6, 7], [np.int64(3)]]",[0.09050859 0.05551131 0.23057846 0.04663773]
297,0.08133428937785847,"[[np.int64(0), 4], [np.int64(1), 2, 3, 7], [5], [6]]",[0.09050859 0.23057846 0.05551131 0.04663773]
298,0.08133428937785864,"[[np.int64(0), 4], [np.int64(1)], [np.int64(2)], [np.int64(3), 5, 6, 7]]",[0.09050859 0.05551131 0.04663773 0.23057846]
299,0.08133428937785864,"[[np.int64(0), 4], [np.int64(1), 2, 3, 6], [5], [7]]",[0.09050859 0.23057846 0.05551131 0.04663773]
300,0.08146827212952468,"[[np.int64(0), 5], [np.int64(1), 3, 6], [np.int64(2), 7], [4]]",[0.10661447 0.16381751 0.11179306 0.04087706]
301,0.08146827212952468,"[[np.int64(0)], [np.int64(1), 4], [np.int64(2), 5, 7], [np.int64(3), 6]]",[0.04087706 0.10661447 0.16381751 0.11179306]
302,0.08146827212952473,"[[np.int64(0), 5], [np.int64(1), 2, 7], [3, 6], [4]]",[0.10661447 0.16381751 0.11179306 0.04087706]
303,0.08146827212952479,"[[np.int64(0)], [np.int64(1), 4], [np.int64(2), 7], [np.int64(3), 5, 6]]",[0.04087706 0.10661447 0.11179306 0.16381751]
304,0.08163427295209086,"[[np.int64(0), 4], [np.int64(1), 2, 6], [3, 7], [5]]",[0.09050859 0.16447033 0.11244588 0.05551131]
305,0.08163427295209091,"[[np.int64(0), 4], [np.int64(1)], [np.int64(2), 5, 6], [np.int64(3), 7]]",[0.09050859 0.05551131 0.16447033 0.11244588]
306,0.0816342729520913,"[[np.int64(0), 4], [np.int64(1), 3, 7], [np.int64(2), 6], [5]]",[0.09050859 0.16447033 0.11244588 0.05551131]
307,0.08163427295209136,"[[np.int64(0), 4], [np.int64(1)], [np.int64(2), 6], [np.int64(3), 5, 7]]",[0.09050859 0.05551131 0.11244588 0.16447033]
308,0.08170912495349525,"[[np.int64(0)], [np.int64(1)], [np.int64(2), 5, 6, 7], [np.int64(3), 4]]",[0.04087706 0.05551131 0.23057846 0.09589443]
309,0.08170912495349536,"[[np.int64(0), 7], [np.int64(1), 2, 3, 6], [4], [5]]",[0.09589443 0.23057846 0.04087706 0.05551131]
310,0.08170912495349558,"[[np.int64(0), 6], [np.int64(1), 2, 3, 7], [4], [5]]",[0.09589443 0.23057846 0.04087706 0.05551131]
311,0.08170912495349586,"[[np.int64(0)], [np.int64(1)], [np.int64(2), 4], [np.int64(3), 5, 6, 7]]",[0.04087706 0.05551131 0.09589443 0.23057846]
312,0.0818994073710364,"[[np.int64(0), 4], [np.int64(1), 2, 5, 6], [3], [7]]",[0.09050859 0.23888692 0.04663773 0.04663773]
313,0.0818994073710369,"[[np.int64(0), 4], [np.int64(1), 3, 5, 7], [np.int64(2)], [6]]",[0.09050859 0.23888692 0.04663773 0.04663773]
314,0.08213574228697473,"[[np.int64(0), np.int64(1), 3, 5, 7], [2], [4], [6]]",[0.28828211 0.04663773 0.04087706 0.04663773]
315,0.08213574228697479,"[[np.int64(0)], [np.int64(1), 2, 4, 5, 6], [3], [7]]",[0.04087706 0.28828211 0.04663773 0.04663773]
316,0.08213574228697479,"[[np.int64(0), np.int64(1), np.int64(2), 5, 6], [3], [4], [7]]",[0.28828211 0.04663773 0.04087706 0.04663773]
317,0.08213574228697479,"[[np.int64(0)], [np.int64(1), 3, 4, 5, 7], [np.int64(2)], [6]]",[0.04087706 0.28828211 0.04663773 0.04663773]
318,0.08227424294667313,"[[np.int64(0)], [np.int64(1), 2, 5, 6], [3, 4], [7]]",[0.04087706 0.23888692 0.09589443 0.04663773]
319,0.08227424294667313,"[[np.int64(0), 7], [np.int64(1), 2, 5, 6], [3], [4]]",[0.09589443 0.23888692 0.04663773 0.04087706]
320,0.08227424294667407,"[[np.int64(0), 6], [np.int64(1), 3, 5, 7], [np.int64(2)], [4]]",[0.09589443 0.23888692 0.04663773 0.04087706]
321,0.08227424294667413,"[[np.int64(0)], [np.int64(1), 3, 5, 7], [np.int64(2), 4], [6]]",[0.04087706 0.23888692 0.09589443 0.04663773]
322,0.08248024877743171,"[[np.int64(0), 7], [np.int64(1), 3, 4], [np.int64(2), 6], [5]]",[0.09589443 0.15823852 0.11244588 0.05551131]
323,0.08248024877743171,"[[np.int64(0), 5, 7], [np.int64(1)], [np.int64(2), 6], [np.int64(3), 4]]",[0.15823852 0.05551131 0.11244588 0.09589443]
324,0.08248024877743215,"[[np.int64(0), 6], [np.int64(1), 2, 4], [3, 7], [5]]",[0.09589443 0.15823852 0.11244588 0.05551131]
325,0.08248024877743221,"[[np.int64(0), 5, 6], [np.int64(1)], [np.int64(2), 4], [np.int64(3), 7]]",[0.15823852 0.05551131 0.09589443 0.11244588]
326,0.08255222262167594,"[[np.int64(0), 4], [np.int64(1), 2, 5, 7], [3], [6]]",[0.09050859 0.2382341  0.04663773 0.04663773]
327,0.08255222262167616,"[[np.int64(0), 4], [np.int64(1), 3, 5, 6], [np.int64(2)], [7]]",[0.09050859 0.2382341  0.04663773 0.04663773]
328,0.08278855753761383,"[[np.int64(0), np.int64(1), np.int64(2), 5, 7], [3], [4], [6]]",[0.2876293  0.04663773 0.04087706 0.04663773]
329,0.08278855753761416,"[[np.int64(0)], [np.int64(1), 3, 4, 5, 6], [np.int64(2)], [7]]",[0.04087706 0.2876293  0.04663773 0.04663773]
330,0.08278855753761422,"[[np.int64(0)], [np.int64(1), 2, 4, 5, 7], [3], [6]]",[0.04087706 0.2876293  0.04663773 0.04663773]
331,0.08278855753761444,"[[np.int64(0), np.int64(1), 3, 5, 6], [2], [4], [7]]",[0.2876293  0.04663773 0.04087706 0.04663773]
332,0.08281101971552168,"[[np.int64(0), 4, 6, 7], [np.int64(1), 5], [np.int64(2)], [np.int64(3)]]",[0.19506915 0.13341475 0.04663773 0.04663773]
333,0.08281101971552202,"[[np.int64(0), 2, 3, 4], [np.int64(1), 5], [6], [7]]",[0.19506915 0.13341475 0.04663773 0.04663773]
334,0.08292705819731278,"[[np.int64(0)], [np.int64(1), 2, 5, 7], [3, 4], [6]]",[0.04087706 0.2382341  0.09589443 0.04663773]
335,0.08292705819731289,"[[np.int64(0), 7], [np.int64(1), 3, 5, 6], [np.int64(2)], [4]]",[0.09589443 0.2382341  0.04663773 0.04087706]
336,0.08292705819731316,"[[np.int64(0), 6], [np.int64(1), 2, 5, 7], [3], [4]]",[0.09589443 0.2382341  0.04663773 0.04087706]
337,0.08292705819731339,"[[np.int64(0)], [np.int64(1), 3, 5, 6], [np.int64(2), 4], [7]]",[0.04087706 0.2382341  0.09589443 0.04663773]
338,0.08293990345336988,"[[np.int64(0), 4], [np.int64(1), 3, 6], [np.int64(2), 7], [5]]",[0.09050859 0.16381751 0.11179306 0.05551131]
339,0.08293990345336988,"[[np.int64(0), 4], [np.int64(1)], [np.int64(2), 5, 7], [np.int64(3), 6]]",[0.09050859 0.05551131 0.16381751 0.11179306]
340,0.08293990345336993,"[[np.int64(0), 4], [np.int64(1), 2, 7], [3, 6], [5]]",[0.09050859 0.16381751 0.11179306 0.05551131]
341,0.08293990345336999,"[[np.int64(0), 4], [np.int64(1)], [np.int64(2), 7], [np.int64(3), 5, 6]]",[0.09050859 0.05551131 0.11179306 0.16381751]
342,0.08303195059530583,"[[np.int64(0), 6, 7], [np.int64(1)], [np.int64(2), 3, 4], [5]]",[0.15525791 0.05551131 0.15525791 0.05551131]
343,0.08313306402807125,"[[np.int64(0), 5, 6], [np.int64(1)], [np.int64(2), 7], [np.int64(3), 4]]",[0.15823852 0.05551131 0.11179306 0.09589443]
344,0.0831330640280713,"[[np.int64(0), 7], [np.int64(1), 2, 4], [3, 6], [5]]",[0.09589443 0.15823852 0.11179306 0.05551131]
345,0.08313306402807147,"[[np.int64(0), 6], [np.int64(1), 3, 4], [np.int64(2), 7], [5]]",[0.09589443 0.15823852 0.11179306 0.05551131]
346,0.08313306402807147,"[[np.int64(0), 5, 7], [np.int64(1)], [np.int64(2), 4], [np.int64(3), 6]]",[0.15823852 0.05551131 0.09589443 0.11179306]
347,0.0835416712077025,"[[np.int64(0), 2], [np.int64(1), 4, 5], [3, 7], [6]]",[0.08260464 0.17934046 0.11244588 0.04663773]
348,0.0835416712077025,"[[np.int64(0), np.int64(1), 5], [2], [3, 7], [4, 6]]",[0.17934046 0.04663773 0.11244588 0.08260464]
349,0.08354167120770262,"[[np.int64(0), np.int64(1), 5], [2, 6], [3], [4, 7]]",[0.17934046 0.11244588 0.04663773 0.08260464]
350,0.08354167120770273,"[[np.int64(0), 3], [np.int64(1), 4, 5], [np.int64(2), 6], [7]]",[0.08260464 0.17934046 0.11244588 0.04663773]
351,0.08367026341524297,"[[np.int64(0), np.int64(1), 5, 6, 7], [2], [3], [4]]",[0.28674759 0.04663773 0.04663773 0.04087706]
352,0.08367026341524314,"[[np.int64(0)], [np.int64(1), 2, 3, 4, 5], [6], [7]]",[0.04087706 0.28674759 0.04663773 0.04663773]
353,0.08369753435184868,"[[np.int64(0), 3, 7], [np.int64(1), 2, 5], [4], [6]]",[0.15679243 0.17656562 0.04087706 0.04663773]
354,0.08369753435184868,"[[np.int64(0)], [np.int64(1), 2, 5], [3, 4, 7], [6]]",[0.04087706 0.17656562 0.15679243 0.04663773]
355,0.08369753435184873,"[[np.int64(0), 3, 7], [np.int64(1), 5, 6], [np.int64(2)], [4]]",[0.15679243 0.17656562 0.04663773 0.04087706]
356,0.08369753435184879,"[[np.int64(0)], [np.int64(1), 5, 6], [np.int64(2)], [np.int64(3), 4, 7]]",[0.04087706 0.17656562 0.04663773 0.15679243]
357,0.08369753435185007,"[[np.int64(0)], [np.int64(1), 5, 7], [np.int64(2), 4, 6], [np.int64(3)]]",[0.04087706 0.17656562 0.15679243 0.04663773]
358,0.08369753435185007,"[[np.int64(0), 2, 6], [np.int64(1), 5, 7], [3], [4]]",[0.15679243 0.17656562 0.04663773 0.04087706]
359,0.08369753435185007,"[[np.int64(0)], [np.int64(1), 3, 5], [np.int64(2), 4, 6], [7]]",[0.04087706 0.17656562 0.15679243 0.04663773]
360,0.08369753435185007,"[[np.int64(0), 2, 6], [np.int64(1), 3, 5], [4], [7]]",[0.15679243 0.17656562 0.04087706 0.04663773]
361,0.08401618836057795,"[[np.int64(0), np.int64(1), 4, 5, 7], [2], [3], [6]]",[0.280641   0.04663773 0.04663773 0.04663773]
362,0.08401618836057817,"[[np.int64(0), np.int64(1), 3, 4, 5], [2], [6], [7]]",[0.280641   0.04663773 0.04663773 0.04663773]
363,0.08401618836057823,"[[np.int64(0), np.int64(1), 4, 5, 6], [2], [3], [7]]",[0.280641   0.04663773 0.04663773 0.04663773]
364,0.08401618836057823,"[[np.int64(0), np.int64(1), np.int64(2), 4, 5], [3], [6], [7]]",[0.280641   0.04663773 0.04663773 0.04663773]
365,0.08419448645834188,"[[np.int64(0), 3], [np.int64(1), 4, 5], [np.int64(2), 7], [6]]",[0.08260464 0.17934046 0.11179306 0.04663773]
366,0.08419448645834193,"[[np.int64(0), np.int64(1), 5], [2], [3, 6], [4, 7]]",[0.17934046 0.04663773 0.11179306 0.08260464]
367,0.08419448645834199,"[[np.int64(0), np.int64(1), 5], [2, 7], [3], [4, 6]]",[0.17934046 0.11179306 0.04663773 0.08260464]
368,0.08419448645834221,"[[np.int64(0), 2], [np.int64(1), 4, 5], [3, 6], [7]]",[0.08260464 0.17934046 0.11179306 0.04663773]
369,0.08435034960248838,"[[np.int64(0), 2, 7], [np.int64(1), 5, 6], [3], [4]]",[0.15613961 0.17656562 0.04663773 0.04087706]
370,0.0843503496024885,"[[np.int64(0)], [np.int64(1), 2, 5], [3, 4, 6], [7]]",[0.04087706 0.17656562 0.15613961 0.04663773]
371,0.08435034960248872,"[[np.int64(0)], [np.int64(1), 5, 6], [np.int64(2), 4, 7], [np.int64(3)]]",[0.04087706 0.17656562 0.15613961 0.04663773]
372,0.08435034960248877,"[[np.int64(0), 2, 7], [np.int64(1), 3, 5], [4], [6]]",[0.15613961 0.17656562 0.04087706 0.04663773]
373,0.08435034960248883,"[[np.int64(0), 3, 6], [np.int64(1), 2, 5], [4], [7]]",[0.15613961 0.17656562 0.04087706 0.04663773]
374,0.08435034960248894,"[[np.int64(0)], [np.int64(1), 5, 7], [np.int64(2)], [np.int64(3), 4, 6]]",[0.04087706 0.17656562 0.04663773 0.15613961]
375,0.0843503496024891,"[[np.int64(0)], [np.int64(1), 3, 5], [np.int64(2), 4, 7], [6]]",[0.04087706 0.17656562 0.15613961 0.04663773]
376,0.08435034960248922,"[[np.int64(0), 3, 6], [np.int64(1), 5, 7], [np.int64(2)], [4]]",[0.15613961 0.17656562 0.04663773 0.04087706]
377,0.08452952459591373,"[[np.int64(0), 7], [np.int64(1), 2, 4, 5], [3], [6]]",[0.09589443 0.23087097 0.04663773 0.04663773]
378,0.08452952459591373,"[[np.int64(0), np.int64(1), 5, 7], [2], [3, 4], [6]]",[0.23087097 0.04663773 0.09589443 0.04663773]
379,0.08452952459591373,"[[np.int64(0), 7], [np.int64(1), 3, 4, 5], [np.int64(2)], [6]]",[0.09589443 0.23087097 0.04663773 0.04663773]
380,0.08452952459591384,"[[np.int64(0), np.int64(1), 5, 6], [2], [3, 4], [7]]",[0.23087097 0.04663773 0.09589443 0.04663773]
381,0.08452952459591417,"[[np.int64(0), np.int64(1), 5, 7], [2, 4], [3], [6]]",[0.23087097 0.09589443 0.04663773 0.04663773]
382,0.08452952459591417,"[[np.int64(0), 6], [np.int64(1), 3, 4, 5], [np.int64(2)], [7]]",[0.09589443 0.23087097 0.04663773 0.04663773]
383,0.08452952459591417,"[[np.int64(0), 6], [np.int64(1), 2, 4, 5], [3], [7]]",[0.09589443 0.23087097 0.04663773 0.04663773]
384,0.08452952459591423,"[[np.int64(0), np.int64(1), 5, 6], [2, 4], [3], [7]]",[0.23087097 0.09589443 0.04663773 0.04663773]
385,0.08474278305224875,"[[np.int64(0)], [np.int64(1)], [np.int64(2), 5], [np.int64(3), 4, 6, 7]]",[0.04087706 0.05551131 0.1020555  0.22138373]
386,0.08474278305224875,"[[np.int64(0), 2, 3, 7], [np.int64(1), 6], [4], [5]]",[0.22138373 0.1020555  0.04087706 0.05551131]
387,0.08474278305224975,"[[np.int64(0)], [np.int64(1)], [np.int64(2), 4, 6, 7], [np.int64(3), 5]]",[0.04087706 0.05551131 0.22138373 0.1020555 ]
388,0.08474278305224991,"[[np.int64(0), 2, 3, 6], [np.int64(1), 7], [4], [5]]",[0.22138373 0.1020555  0.04087706 0.05551131]
389,0.08507619233597069,"[[np.int64(0), 7], [np.int64(1), 4, 5], [np.int64(2), 3], [6]]",[0.09589443 0.17934046 0.09762157 0.04663773]
390,0.08507619233597075,"[[np.int64(0), np.int64(1), 5], [2], [3, 4], [6, 7]]",[0.17934046 0.04663773 0.09589443 0.09762157]
391,0.08507619233597113,"[[np.int64(0), 6], [np.int64(1), 4, 5], [np.int64(2), 3], [7]]",[0.09589443 0.17934046 0.09762157 0.04663773]
392,0.08507619233597119,"[[np.int64(0), np.int64(1), 5], [2, 4], [3], [6, 7]]",[0.17934046 0.09589443 0.04663773 0.09762157]
393,0.08512082575702473,"[[np.int64(0), 3, 7], [np.int64(1), 5], [np.int64(2)], [4, 6]]",[0.15679243 0.13341475 0.04663773 0.08260464]
394,0.08512082575702484,"[[np.int64(0), 2], [np.int64(1), 5], [3, 4, 7], [6]]",[0.08260464 0.13341475 0.15679243 0.04663773]
395,0.08512082575702562,"[[np.int64(0), 2, 6], [np.int64(1), 5], [3], [4, 7]]",[0.15679243 0.13341475 0.04663773 0.08260464]
396,0.08512082575702562,"[[np.int64(0), 3], [np.int64(1), 5], [np.int64(2), 4, 6], [7]]",[0.08260464 0.13341475 0.15679243 0.04663773]
397,0.08523205548011742,"[[np.int64(0), 6, 7], [np.int64(1), 2, 5], [3], [4]]",[0.15525791 0.17656562 0.04663773 0.04087706]
398,0.08523205548011764,"[[np.int64(0)], [np.int64(1), 5, 6], [np.int64(2), 3, 4], [7]]",[0.04087706 0.17656562 0.15525791 0.04663773]
399,0.08523205548011792,"[[np.int64(0), 6, 7], [np.int64(1), 3, 5], [np.int64(2)], [4]]",[0.15525791 0.17656562 0.04663773 0.04087706]
400,0.08523205548011803,"[[np.int64(0)], [np.int64(1), 5, 7], [np.int64(2), 3, 4], [6]]",[0.04087706 0.17656562 0.15525791 0.04663773]
401,0.08540388764453771,"[[np.int64(0), 4], [np.int64(1), 5], [np.int64(2), 3], [6, 7]]",[0.09050859 0.13341475 0.09762157 0.09762157]
402,0.08563746500590902,"[[np.int64(0), 3, 5, 7], [np.int64(1), 4], [np.int64(2)], [6]]",[0.21904298 0.10661447 0.04663773 0.04663773]
403,0.08563746500590907,"[[np.int64(0), 5], [np.int64(1), 3, 4, 7], [np.int64(2)], [6]]",[0.10661447 0.21904298 0.04663773 0.04663773]
404,0.08563746500590952,"[[np.int64(0), 2, 5, 6], [np.int64(1), 4], [3], [7]]",[0.21904298 0.10661447 0.04663773 0.04663773]
405,0.08563746500590957,"[[np.int64(0), 5], [np.int64(1), 2, 4, 6], [3], [7]]",[0.10661447 0.21904298 0.04663773 0.04663773]
406,0.08577364100766438,"[[np.int64(0), 2, 7], [np.int64(1), 5], [3], [4, 6]]",[0.15613961 0.13341475 0.04663773 0.08260464]
407,0.0857736410076646,"[[np.int64(0), 2], [np.int64(1), 5], [3, 4, 6], [7]]",[0.08260464 0.13341475 0.15613961 0.04663773]
408,0.08577364100766471,"[[np.int64(0), 3], [np.int64(1), 5], [np.int64(2), 4, 7], [6]]",[0.08260464 0.13341475 0.15613961 0.04663773]
409,0.08577364100766471,"[[np.int64(0), 3, 6], [np.int64(1), 5], [np.int64(2)], [4, 7]]",[0.15613961 0.13341475 0.04663773 0.08260464]
410,0.0862805113096562,"[[np.int64(0), 4, 7], [np.int64(1), 5], [np.int64(2), 3], [6]]",[0.14061581 0.13341475 0.09762157 0.04663773]
411,0.0862805113096563,"[[np.int64(0), 3, 4], [np.int64(1), 5], [np.int64(2)], [6, 7]]",[0.14061581 0.13341475 0.04663773 0.09762157]
412,0.0862805113096568,"[[np.int64(0), 4, 6], [np.int64(1), 5], [np.int64(2), 3], [7]]",[0.14061581 0.13341475 0.09762157 0.04663773]
413,0.08628051130965686,"[[np.int64(0), 2, 4], [np.int64(1), 5], [3], [6, 7]]",[0.14061581 0.13341475 0.04663773 0.09762157]
414,0.08629028025654839,"[[np.int64(0), 2, 5, 7], [np.int64(1), 4], [3], [6]]",[0.21839017 0.10661447 0.04663773 0.04663773]
415,0.08629028025654856,"[[np.int64(0), 5], [np.int64(1), 3, 4, 6], [np.int64(2)], [7]]",[0.10661447 0.21839017 0.04663773 0.04663773]
416,0.08629028025654883,"[[np.int64(0), 5], [np.int64(1), 2, 4, 7], [3], [6]]",[0.10661447 0.21839017 0.04663773 0.04663773]
417,0.086290280256549,"[[np.int64(0), 3, 5, 6], [np.int64(1), 4], [np.int64(2)], [7]]",[0.21839017 0.10661447 0.04663773 0.04663773]
418,0.08688252088540904,"[[np.int64(0)], [np.int64(1), 6], [np.int64(2), 3, 5, 7], [4]]",[0.04087706 0.1020555  0.23387824 0.04087706]
419,0.0868825208854091,"[[np.int64(0)], [np.int64(1), 3, 6, 7], [np.int64(2), 5], [4]]",[0.04087706 0.23387824 0.1020555  0.04087706]
420,0.08688252088540949,"[[np.int64(0)], [np.int64(1), 2, 6, 7], [3, 5], [4]]",[0.04087706 0.23387824 0.1020555  0.04087706]
421,0.0868825208854096,"[[np.int64(0)], [np.int64(1), 7], [np.int64(2), 3, 5, 6], [4]]",[0.04087706 0.1020555  0.23387824 0.04087706]
422,0.08691925401148592,"[[np.int64(0), 3, 7], [np.int64(1)], [np.int64(2), 5, 6], [4]]",[0.15679243 0.05551131 0.16447033 0.04087706]
423,0.08691925401148598,"[[np.int64(0)], [np.int64(1)], [np.int64(2), 5, 6], [np.int64(3), 4, 7]]",[0.04087706 0.05551131 0.16447033 0.15679243]
424,0.08691925401148604,"[[np.int64(0), 3, 7], [np.int64(1), 2, 6], [4], [5]]",[0.15679243 0.16447033 0.04087706 0.05551131]
425,0.08691925401148604,"[[np.int64(0)], [np.int64(1), 2, 6], [3, 4, 7], [5]]",[0.04087706 0.16447033 0.15679243 0.05551131]
426,0.08691925401148698,"[[np.int64(0)], [np.int64(1), 3, 7], [np.int64(2), 4, 6], [5]]",[0.04087706 0.16447033 0.15679243 0.05551131]
427,0.08691925401148703,"[[np.int64(0), 2, 6], [np.int64(1), 3, 7], [4], [5]]",[0.15679243 0.16447033 0.04087706 0.05551131]
428,0.08691925401148703,"[[np.int64(0)], [np.int64(1)], [np.int64(2), 4, 6], [np.int64(3), 5, 7]]",[0.04087706 0.05551131 0.15679243 0.16447033]
429,0.08691925401148703,"[[np.int64(0), 2, 6], [np.int64(1)], [3, 5, 7], [4]]",[0.15679243 0.05551131 0.16447033 0.04087706]
430,0.08702852528628491,"[[np.int64(0), np.int64(1), np.int64(2), 5], [3, 7], [4], [6]]",[0.21758118 0.11244588 0.04087706 0.04663773]
431,0.08702852528628496,"[[np.int64(0)], [np.int64(1), 4, 5, 6], [np.int64(2)], [np.int64(3), 7]]",[0.04087706 0.21758118 0.04663773 0.11244588]
432,0.08702852528628552,"[[np.int64(0)], [np.int64(1), 4, 5, 7], [np.int64(2), 6], [np.int64(3)]]",[0.04087706 0.21758118 0.11244588 0.04663773]
433,0.08702852528628557,"[[np.int64(0), np.int64(1), 3, 5], [2, 6], [4], [7]]",[0.21758118 0.11244588 0.04087706 0.04663773]
434,0.08739039426119005,"[[np.int64(0), 5, 6], [np.int64(1)], [np.int64(2)], [np.int64(3), 4, 7]]",[0.15823852 0.05551131 0.04663773 0.15679243]
435,0.08739039426119011,"[[np.int64(0), 3, 7], [np.int64(1), 2, 4], [5], [6]]",[0.15679243 0.15823852 0.05551131 0.04663773]
436,0.08739039426119061,"[[np.int64(0), 5, 7], [np.int64(1)], [np.int64(2), 4, 6], [np.int64(3)]]",[0.15823852 0.05551131 0.15679243 0.04663773]
437,0.08739039426119083,"[[np.int64(0), 2, 6], [np.int64(1), 3, 4], [5], [7]]",[0.15679243 0.15823852 0.05551131 0.04663773]
438,0.08748393190539144,"[[np.int64(0), 6], [np.int64(1), 3, 4, 7], [np.int64(2)], [5]]",[0.09589443 0.21904298 0.04663773 0.05551131]
439,0.0874839319053915,"[[np.int64(0), 7], [np.int64(1), 2, 4, 6], [3], [5]]",[0.09589443 0.21904298 0.04663773 0.05551131]
440,0.0874839319053915,"[[np.int64(0), 3, 5, 7], [np.int64(1)], [np.int64(2), 4], [6]]",[0.21904298 0.05551131 0.09589443 0.04663773]
441,0.08748393190539155,"[[np.int64(0), 2, 5, 6], [np.int64(1)], [3, 4], [7]]",[0.21904298 0.05551131 0.09589443 0.04663773]
442,0.0875601070651445,"[[np.int64(0), 6], [np.int64(1), 4], [np.int64(2), 5], [np.int64(3), 7]]",[0.09589443 0.10661447 0.1020555  0.11244588]
443,0.08756010706514461,"[[np.int64(0), 5], [np.int64(1), 6], [np.int64(2), 4], [np.int64(3), 7]]",[0.10661447 0.1020555  0.09589443 0.11244588]
444,0.08756010706514472,"[[np.int64(0), 7], [np.int64(1), 4], [np.int64(2), 6], [np.int64(3), 5]]",[0.09589443 0.10661447 0.11244588 0.1020555 ]
445,0.08756010706514483,"[[np.int64(0), 5], [np.int64(1), 7], [np.int64(2), 6], [np.int64(3), 4]]",[0.10661447 0.1020555  0.11244588 0.09589443]
446,0.0876813405369245,"[[np.int64(0), np.int64(1), np.int64(2), 5], [3, 6], [4], [7]]",[0.21758118 0.11179306 0.04087706 0.04663773]
447,0.0876813405369245,"[[np.int64(0)], [np.int64(1), 4, 5, 6], [np.int64(2), 7], [np.int64(3)]]",[0.04087706 0.21758118 0.11179306 0.04663773]
448,0.08768134053692478,"[[np.int64(0), np.int64(1), 3, 5], [2, 7], [4], [6]]",[0.21758118 0.11179306 0.04087706 0.04663773]
449,0.08768134053692483,"[[np.int64(0)], [np.int64(1), 4, 5, 7], [np.int64(2)], [np.int64(3), 6]]",[0.04087706 0.21758118 0.04663773 0.11179306]
450,0.08804256184242926,"[[np.int64(0), 2, 3, 7], [np.int64(1)], [4], [5, 6]]",[0.22138373 0.05551131 0.04087706 0.09875572]
451,0.08804256184242926,"[[np.int64(0)], [np.int64(1), 2], [3, 4, 6, 7], [5]]",[0.04087706 0.09875572 0.22138373 0.05551131]
452,0.08804256184243009,"[[np.int64(0)], [np.int64(1), 3], [np.int64(2), 4, 6, 7], [5]]",[0.04087706 0.09875572 0.22138373 0.05551131]
453,0.08804256184243031,"[[np.int64(0), 2, 3, 6], [np.int64(1)], [4], [5, 7]]",[0.22138373 0.05551131 0.04087706 0.09875572]
454,0.08804320951182942,"[[np.int64(0), 5, 7], [np.int64(1)], [np.int64(2)], [np.int64(3), 4, 6]]",[0.15823852 0.05551131 0.04663773 0.15613961]
455,0.08804320951182953,"[[np.int64(0), 2, 7], [np.int64(1), 3, 4], [5], [6]]",[0.15613961 0.15823852 0.05551131 0.04663773]
456,0.08804320951182998,"[[np.int64(0), 5, 6], [np.int64(1)], [np.int64(2), 4, 7], [np.int64(3)]]",[0.15823852 0.05551131 0.15613961 0.04663773]
457,0.0880432095118302,"[[np.int64(0), 3, 6], [np.int64(1), 2, 4], [5], [7]]",[0.15613961 0.15823852 0.05551131 0.04663773]
458,0.08813674715603037,"[[np.int64(0), 2, 5, 7], [np.int64(1)], [3, 4], [6]]",[0.21839017 0.05551131 0.09589443 0.04663773]
459,0.08813674715603059,"[[np.int64(0), 7], [np.int64(1), 3, 4, 6], [np.int64(2)], [5]]",[0.09589443 0.21839017 0.04663773 0.05551131]
460,0.08813674715603131,"[[np.int64(0), 6], [np.int64(1), 2, 4, 7], [3], [5]]",[0.09589443 0.21839017 0.04663773 0.05551131]
461,0.08813674715603143,"[[np.int64(0), 3, 5, 6], [np.int64(1)], [np.int64(2), 4], [7]]",[0.21839017 0.05551131 0.09589443 0.04663773]
462,0.08821292231578376,"[[np.int64(0), 5], [np.int64(1), 6], [np.int64(2), 7], [np.int64(3), 4]]",[0.10661447 0.1020555  0.11179306 0.09589443]
463,0.08821292231578376,"[[np.int64(0), 7], [np.int64(1), 4], [np.int64(2), 5], [np.int64(3), 6]]",[0.09589443 0.10661447 0.1020555  0.11179306]
464,0.08821292231578437,"[[np.int64(0), 6], [np.int64(1), 4], [np.int64(2), 7], [np.int64(3), 5]]",[0.09589443 0.10661447 0.11179306 0.1020555 ]
465,0.08821292231578454,"[[np.int64(0), 5], [np.int64(1), 7], [np.int64(2), 4], [np.int64(3), 6]]",[0.10661447 0.1020555  0.09589443 0.11179306]
466,0.08822488451276511,"[[np.int64(0)], [np.int64(1)], [np.int64(2), 5, 7], [np.int64(3), 4, 6]]",[0.04087706 0.05551131 0.16381751 0.15613961]
467,0.08822488451276517,"[[np.int64(0)], [np.int64(1), 2, 7], [3, 4, 6], [5]]",[0.04087706 0.16381751 0.15613961 0.05551131]
468,0.08822488451276517,"[[np.int64(0), 2, 7], [np.int64(1), 3, 6], [4], [5]]",[0.15613961 0.16381751 0.04087706 0.05551131]
469,0.08822488451276522,"[[np.int64(0), 2, 7], [np.int64(1)], [3, 5, 6], [4]]",[0.15613961 0.05551131 0.16381751 0.04087706]
470,0.08822488451276544,"[[np.int64(0), 3, 6], [np.int64(1)], [np.int64(2), 5, 7], [4]]",[0.15613961 0.05551131 0.16381751 0.04087706]
471,0.0882248845127655,"[[np.int64(0), 3, 6], [np.int64(1), 2, 7], [4], [5]]",[0.15613961 0.16381751 0.04087706 0.05551131]
472,0.08822488451276556,"[[np.int64(0)], [np.int64(1)], [np.int64(2), 4, 7], [np.int64(3), 5, 6]]",[0.04087706 0.05551131 0.15613961 0.16381751]
473,0.08822488451276556,"[[np.int64(0)], [np.int64(1), 3, 6], [np.int64(2), 4, 7], [5]]",[0.04087706 0.16381751 0.15613961 0.05551131]
474,0.08847958699654329,"[[np.int64(0)], [np.int64(1), 6], [np.int64(2), 3, 7], [4, 5]]",[0.04087706 0.1020555  0.18194732 0.09121091]
475,0.08847958699654335,"[[np.int64(0), np.int64(1)], [2, 5], [3, 6, 7], [4]]",[0.09121091 0.1020555  0.18194732 0.04087706]
476,0.08847958699654385,"[[np.int64(0), np.int64(1)], [2, 6, 7], [3, 5], [4]]",[0.09121091 0.18194732 0.1020555  0.04087706]
477,0.08847958699654401,"[[np.int64(0)], [np.int64(1), 7], [np.int64(2), 3, 6], [4, 5]]",[0.04087706 0.1020555  0.18194732 0.09121091]
478,0.08856304641455348,"[[np.int64(0), np.int64(1), 5, 7], [2, 3], [4], [6]]",[0.23087097 0.09762157 0.04087706 0.04663773]
479,0.08856304641455359,"[[np.int64(0)], [np.int64(1), 3, 4, 5], [np.int64(2)], [6, 7]]",[0.04087706 0.23087097 0.04663773 0.09762157]
480,0.08856304641455359,"[[np.int64(0)], [np.int64(1), 2, 4, 5], [3], [6, 7]]",[0.04087706 0.23087097 0.04663773 0.09762157]
481,0.08856304641455359,"[[np.int64(0), np.int64(1), 5, 6], [2, 3], [4], [7]]",[0.23087097 0.09762157 0.04087706 0.04663773]
482,0.08860985776682162,"[[np.int64(0), 3, 7], [np.int64(1)], [np.int64(2), 6], [4, 5]]",[0.15679243 0.05551131 0.11244588 0.09121091]
483,0.08860985776682162,"[[np.int64(0), np.int64(1)], [2, 6], [3, 4, 7], [5]]",[0.09121091 0.11244588 0.15679243 0.05551131]
484,0.08860985776682223,"[[np.int64(0), np.int64(1)], [2, 4, 6], [3, 7], [5]]",[0.09121091 0.15679243 0.11244588 0.05551131]
485,0.08860985776682223,"[[np.int64(0), 2, 6], [np.int64(1)], [3, 7], [4, 5]]",[0.15679243 0.05551131 0.11244588 0.09121091]
486,0.08881706256953725,"[[np.int64(0), 3, 4, 5, 7], [np.int64(1)], [np.int64(2)], [6]]",[0.26696655 0.05551131 0.04663773 0.04663773]
487,0.08881706256953731,"[[np.int64(0), np.int64(1), 3, 4, 7], [2], [5], [6]]",[0.26696655 0.04663773 0.05551131 0.04663773]
488,0.08881706256953836,"[[np.int64(0), 2, 4, 5, 6], [np.int64(1)], [3], [7]]",[0.26696655 0.05551131 0.04663773 0.04663773]
489,0.08881706256953842,"[[np.int64(0), np.int64(1), np.int64(2), 4, 6], [3], [5], [7]]",[0.26696655 0.04663773 0.05551131 0.04663773]
490,0.08889323772929097,"[[np.int64(0), 2, 4, 5], [np.int64(1)], [3, 7], [6]]",[0.20108223 0.05551131 0.11244588 0.04663773]
491,0.08889323772929097,"[[np.int64(0), np.int64(1), 4, 7], [2, 6], [3], [5]]",[0.20108223 0.11244588 0.04663773 0.05551131]
492,0.08889323772929097,"[[np.int64(0), np.int64(1), 4, 6], [2], [3, 7], [5]]",[0.20108223 0.04663773 0.11244588 0.05551131]
493,0.08889323772929103,"[[np.int64(0), 3, 4, 5], [np.int64(1)], [np.int64(2), 6], [7]]",[0.20108223 0.05551131 0.11244588 0.04663773]
494,0.08892491538945857,"[[np.int64(0), 6, 7], [np.int64(1), 3, 4], [np.int64(2)], [5]]",[0.15525791 0.15823852 0.04663773 0.05551131]
495,0.08892491538945857,"[[np.int64(0), 5, 7], [np.int64(1)], [np.int64(2), 3, 4], [6]]",[0.15823852 0.05551131 0.15525791 0.04663773]
496,0.08892491538945885,"[[np.int64(0), 6, 7], [np.int64(1), 2, 4], [3], [5]]",[0.15525791 0.15823852 0.04663773 0.05551131]
497,0.08892491538945896,"[[np.int64(0), 5, 6], [np.int64(1)], [np.int64(2), 3, 4], [7]]",[0.15823852 0.05551131 0.15525791 0.04663773]
498,0.0891097141546105,"[[np.int64(0)], [np.int64(1), 4, 5], [np.int64(2), 3], [6, 7]]",[0.04087706 0.17934046 0.09762157 0.09762157]
499,0.0891097141546105,"[[np.int64(0), np.int64(1), 5], [2, 3], [4], [6, 7]]",[0.17934046 0.09762157 0.04087706 0.09762157]
500,0.08946987782017707,"[[np.int64(0), 2, 4, 5, 7], [np.int64(1)], [3], [6]]",[0.26631373 0.05551131 0.04663773 0.04663773]
501,0.08946987782017723,"[[np.int64(0), np.int64(1), np.int64(2), 4, 7], [3], [5], [6]]",[0.26631373 0.04663773 0.05551131 0.04663773]
502,0.0894698778201774,"[[np.int64(0), np.int64(1), 3, 4, 6], [2], [5], [7]]",[0.26631373 0.04663773 0.05551131 0.04663773]
503,0.0894698778201774,"[[np.int64(0), 3, 4, 5, 6], [np.int64(1)], [np.int64(2)], [7]]",[0.26631373 0.05551131 0.04663773 0.04663773]
504,0.08954605297993024,"[[np.int64(0), np.int64(1), 4, 7], [2], [3, 6], [5]]",[0.20108223 0.04663773 0.11179306 0.05551131]
505,0.08954605297993024,"[[np.int64(0), 3, 4, 5], [np.int64(1)], [np.int64(2), 7], [6]]",[0.20108223 0.05551131 0.11179306 0.04663773]
506,0.08954605297993046,"[[np.int64(0), np.int64(1), 4, 6], [2, 7], [3], [5]]",[0.20108223 0.11179306 0.04663773 0.05551131]
507,0.08954605297993068,"[[np.int64(0), 2, 4, 5], [np.int64(1)], [3, 6], [7]]",[0.20108223 0.05551131 0.11179306 0.04663773]
508,0.0895593908918062,"[[np.int64(0), 2, 3, 7], [np.int64(1)], [4, 6], [5]]",[0.22138373 0.05551131 0.08260464 0.05551131]
509,0.08955939089180642,"[[np.int64(0), 2], [np.int64(1)], [3, 4, 6, 7], [5]]",[0.08260464 0.05551131 0.22138373 0.05551131]
510,0.08955939089180692,"[[np.int64(0), 3], [np.int64(1)], [np.int64(2), 4, 6, 7], [5]]",[0.08260464 0.05551131 0.22138373 0.05551131]
511,0.08955939089180698,"[[np.int64(0), 2, 3, 6], [np.int64(1)], [4, 7], [5]]",[0.22138373 0.05551131 0.08260464 0.05551131]
512,0.08956512077371664,"[[np.int64(0), 6, 7], [np.int64(1), 4], [np.int64(2), 3], [5]]",[0.15525791 0.10661447 0.09762157 0.05551131]
513,0.08956512077371681,"[[np.int64(0), 5], [np.int64(1)], [np.int64(2), 3, 4], [6, 7]]",[0.10661447 0.05551131 0.15525791 0.09762157]
514,0.08957817073937052,"[[np.int64(0), 7], [np.int64(1), 2, 5], [3, 4], [6]]",[0.09589443 0.17656562 0.09589443 0.04663773]
515,0.08957817073937069,"[[np.int64(0), 7], [np.int64(1), 5, 6], [np.int64(2)], [np.int64(3), 4]]",[0.09589443 0.17656562 0.04663773 0.09589443]
516,0.08957817073937108,"[[np.int64(0), 6], [np.int64(1), 2, 5], [3, 4], [7]]",[0.09589443 0.17656562 0.09589443 0.04663773]
517,0.08957817073937108,"[[np.int64(0), 7], [np.int64(1), 5, 6], [np.int64(2), 4], [np.int64(3)]]",[0.09589443 0.17656562 0.09589443 0.04663773]
518,0.08957817073937147,"[[np.int64(0), 7], [np.int64(1), 3, 5], [np.int64(2), 4], [6]]",[0.09589443 0.17656562 0.09589443 0.04663773]
519,0.08957817073937152,"[[np.int64(0), 6], [np.int64(1), 5, 7], [np.int64(2)], [np.int64(3), 4]]",[0.09589443 0.17656562 0.04663773 0.09589443]
520,0.08957817073937197,"[[np.int64(0), 6], [np.int64(1), 5, 7], [np.int64(2), 4], [np.int64(3)]]",[0.09589443 0.17656562 0.09589443 0.04663773]
521,0.08957817073937197,"[[np.int64(0), 6], [np.int64(1), 3, 5], [np.int64(2), 4], [7]]",[0.09589443 0.17656562 0.09589443 0.04663773]
522,0.08982670324196579,"[[np.int64(0), 2, 3, 7], [np.int64(1)], [4, 5], [6]]",[0.22138373 0.05551131 0.09121091 0.04663773]
523,0.08982670324196596,"[[np.int64(0), np.int64(1)], [2], [3, 4, 6, 7], [5]]",[0.09121091 0.04663773 0.22138373 0.05551131]
524,0.08982670324196657,"[[np.int64(0), np.int64(1)], [2, 4, 6, 7], [3], [5]]",[0.09121091 0.22138373 0.04663773 0.05551131]
525,0.08982670324196668,"[[np.int64(0), 2, 3, 6], [np.int64(1)], [4, 5], [7]]",[0.22138373 0.05551131 0.09121091 0.04663773]
526,0.08991548826810047,"[[np.int64(0), 2, 7], [np.int64(1)], [3, 6], [4, 5]]",[0.15613961 0.05551131 0.11179306 0.09121091]
527,0.08991548826810059,"[[np.int64(0), np.int64(1)], [2, 7], [3, 4, 6], [5]]",[0.09121091 0.11179306 0.15613961 0.05551131]
528,0.08991548826810092,"[[np.int64(0), 3, 6], [np.int64(1)], [np.int64(2), 7], [4, 5]]",[0.15613961 0.05551131 0.11179306 0.09121091]
529,0.08991548826810092,"[[np.int64(0), np.int64(1)], [2, 4, 7], [3, 6], [5]]",[0.09121091 0.15613961 0.11179306 0.05551131]
530,0.09047176492435799,"[[np.int64(0), 5, 6, 7], [np.int64(1), 4], [np.int64(2)], [np.int64(3)]]",[0.21420868 0.10661447 0.04663773 0.04663773]
531,0.0904717649243581,"[[np.int64(0), 5], [np.int64(1), 2, 3, 4], [6], [7]]",[0.10661447 0.21420868 0.04663773 0.04663773]
532,0.09047239227861265,"[[np.int64(0), 3, 4, 7], [np.int64(1)], [np.int64(2), 5], [6]]",[0.20989345 0.05551131 0.1020555  0.04663773]
533,0.0904723922786127,"[[np.int64(0), 3, 4, 7], [np.int64(1), 6], [np.int64(2)], [5]]",[0.20989345 0.1020555  0.04663773 0.05551131]
534,0.09047239227861448,"[[np.int64(0), 2, 4, 6], [np.int64(1), 7], [3], [5]]",[0.20989345 0.1020555  0.04663773 0.05551131]
535,0.09047239227861453,"[[np.int64(0), 2, 4, 6], [np.int64(1)], [3, 5], [7]]",[0.20989345 0.05551131 0.1020555  0.04663773]
536,0.09062378564942064,"[[np.int64(0), 5], [np.int64(1), 4, 6], [np.int64(2)], [np.int64(3), 7]]",[0.10661447 0.14824852 0.04663773 0.11244588]
537,0.0906237856494207,"[[np.int64(0), 2, 5], [np.int64(1), 4], [3, 7], [6]]",[0.14824852 0.10661447 0.11244588 0.04663773]
538,0.09062378564942103,"[[np.int64(0), 5], [np.int64(1), 4, 7], [np.int64(2), 6], [np.int64(3)]]",[0.10661447 0.14824852 0.11244588 0.04663773]
539,0.09062378564942114,"[[np.int64(0), 3, 5], [np.int64(1), 4], [np.int64(2), 6], [7]]",[0.14824852 0.10661447 0.11244588 0.04663773]
540,0.09095342349952579,"[[np.int64(0), 7], [np.int64(1), 4], [np.int64(2), 5, 6], [np.int64(3)]]",[0.09589443 0.10661447 0.16447033 0.04663773]
541,0.0909534234995259,"[[np.int64(0), 5], [np.int64(1), 2, 6], [3, 4], [7]]",[0.10661447 0.16447033 0.09589443 0.04663773]
542,0.0909534234995264,"[[np.int64(0), 6], [np.int64(1), 4], [np.int64(2)], [np.int64(3), 5, 7]]",[0.09589443 0.10661447 0.04663773 0.16447033]
543,0.09095342349952651,"[[np.int64(0), 5], [np.int64(1), 3, 7], [np.int64(2), 4], [6]]",[0.10661447 0.16447033 0.09589443 0.04663773]
544,0.09112520752925285,"[[np.int64(0), 2, 4, 7], [np.int64(1), 6], [3], [5]]",[0.20924064 0.1020555  0.04663773 0.05551131]
545,0.0911252075292529,"[[np.int64(0), 3, 4, 6], [np.int64(1)], [np.int64(2), 5], [7]]",[0.20924064 0.05551131 0.1020555  0.04663773]
546,0.09112520752925307,"[[np.int64(0), 2, 4, 7], [np.int64(1)], [3, 5], [6]]",[0.20924064 0.05551131 0.1020555  0.04663773]
547,0.09112520752925324,"[[np.int64(0), 3, 4, 6], [np.int64(1), 7], [np.int64(2)], [5]]",[0.20924064 0.1020555  0.04663773 0.05551131]
548,0.09127660090006018,"[[np.int64(0), 5], [np.int64(1), 4, 6], [np.int64(2), 7], [np.int64(3)]]",[0.10661447 0.14824852 0.11179306 0.04663773]
549,0.09127660090006029,"[[np.int64(0), 2, 5], [np.int64(1), 4], [3, 6], [7]]",[0.14824852 0.10661447 0.11179306 0.04663773]
550,0.09127660090006035,"[[np.int64(0), 3, 5], [np.int64(1), 4], [np.int64(2), 7], [6]]",[0.14824852 0.10661447 0.11179306 0.04663773]
551,0.09127660090006035,"[[np.int64(0), 5], [np.int64(1), 4, 7], [np.int64(2)], [np.int64(3), 6]]",[0.10661447 0.14824852 0.04663773 0.11179306]
552,0.09160623875016533,"[[np.int64(0), 5], [np.int64(1), 2, 7], [3, 4], [6]]",[0.10661447 0.16381751 0.09589443 0.04663773]
553,0.09160623875016544,"[[np.int64(0), 7], [np.int64(1), 4], [np.int64(2)], [np.int64(3), 5, 6]]",[0.09589443 0.10661447 0.04663773 0.16381751]
554,0.09160623875016566,"[[np.int64(0), 6], [np.int64(1), 4], [np.int64(2), 5, 7], [np.int64(3)]]",[0.09589443 0.10661447 0.16381751 0.04663773]
555,0.09160623875016588,"[[np.int64(0), 5], [np.int64(1), 3, 6], [np.int64(2), 4], [7]]",[0.10661447 0.16381751 0.09589443 0.04663773]
556,0.0916991287249665,"[[np.int64(0)], [np.int64(1)], [np.int64(2), 3, 5, 7], [4, 6]]",[0.04087706 0.05551131 0.23387824 0.08260464]
557,0.09169912872496666,"[[np.int64(0), 3], [np.int64(1), 2, 6, 7], [4], [5]]",[0.08260464 0.23387824 0.04087706 0.05551131]
558,0.09169912872496666,"[[np.int64(0)], [np.int64(1)], [np.int64(2), 3, 5, 6], [4, 7]]",[0.04087706 0.05551131 0.23387824 0.08260464]
559,0.09169912872496672,"[[np.int64(0), 2], [np.int64(1), 3, 6, 7], [4], [5]]",[0.08260464 0.23387824 0.04087706 0.05551131]
560,0.0917793657867238,"[[np.int64(0), np.int64(1)], [2, 3, 7], [4], [5, 6]]",[0.09121091 0.18194732 0.04087706 0.09875572]
561,0.0917793657867238,"[[np.int64(0)], [np.int64(1), 2], [3, 6, 7], [4, 5]]",[0.04087706 0.09875572 0.18194732 0.09121091]
562,0.09177936578672419,"[[np.int64(0)], [np.int64(1), 3], [np.int64(2), 6, 7], [4, 5]]",[0.04087706 0.09875572 0.18194732 0.09121091]
563,0.09177936578672435,"[[np.int64(0), np.int64(1)], [2, 3, 6], [4], [5, 7]]",[0.09121091 0.18194732 0.04087706 0.09875572]
564,0.09196644107512608,"[[np.int64(0), np.int64(1)], [2, 3, 5, 7], [4], [6]]",[0.09121091 0.23387824 0.04087706 0.04663773]
565,0.09196644107512619,"[[np.int64(0)], [np.int64(1), 3, 6, 7], [np.int64(2)], [4, 5]]",[0.04087706 0.23387824 0.04663773 0.09121091]
566,0.09196644107512625,"[[np.int64(0)], [np.int64(1), 2, 6, 7], [3], [4, 5]]",[0.04087706 0.23387824 0.04663773 0.09121091]
567,0.09196644107512641,"[[np.int64(0), np.int64(1)], [2, 3, 5, 6], [4], [7]]",[0.09121091 0.23387824 0.04087706 0.04663773]
568,0.09207717142974214,"[[np.int64(0)], [np.int64(1), 2, 5], [3, 7], [4, 6]]",[0.04087706 0.17656562 0.11244588 0.08260464]
569,0.09207717142974237,"[[np.int64(0), 2], [np.int64(1), 5, 6], [3, 7], [4]]",[0.08260464 0.17656562 0.11244588 0.04087706]
570,0.09207717142974281,"[[np.int64(0)], [np.int64(1), 3, 5], [np.int64(2), 6], [4, 7]]",[0.04087706 0.17656562 0.11244588 0.08260464]
571,0.09207717142974287,"[[np.int64(0), 3], [np.int64(1), 5, 7], [np.int64(2), 6], [4]]",[0.08260464 0.17656562 0.11244588 0.04087706]
572,0.09209671184540447,"[[np.int64(0)], [np.int64(1)], [np.int64(2), 6], [np.int64(3), 4, 5, 7]]",[0.04087706 0.05551131 0.11244588 0.20363942]
573,0.09209671184540447,"[[np.int64(0), np.int64(1), 3, 7], [2, 6], [4], [5]]",[0.20363942 0.11244588 0.04087706 0.05551131]
574,0.09209671184540458,"[[np.int64(0)], [np.int64(1)], [np.int64(2), 4, 5, 6], [np.int64(3), 7]]",[0.04087706 0.05551131 0.20363942 0.11244588]
575,0.09209671184540469,"[[np.int64(0), np.int64(1), np.int64(2), 6], [3, 7], [4], [5]]",[0.20363942 0.11244588 0.04087706 0.05551131]
576,0.09219301651947126,"[[np.int64(0), 4, 5, 7], [np.int64(1)], [np.int64(2), 6], [np.int64(3)]]",[0.19778245 0.05551131 0.11244588 0.04663773]
577,0.09219301651947143,"[[np.int64(0), 4, 5, 6], [np.int64(1)], [np.int64(2)], [np.int64(3), 7]]",[0.19778245 0.05551131 0.04663773 0.11244588]
578,0.09219301651947148,"[[np.int64(0), np.int64(1), 3, 4], [2, 6], [5], [7]]",[0.19778245 0.11244588 0.05551131 0.04663773]
579,0.09219301651947165,"[[np.int64(0), np.int64(1), np.int64(2), 4], [3, 7], [5], [6]]",[0.19778245 0.11244588 0.05551131 0.04663773]
580,0.09231823182383991,"[[np.int64(0), 5, 6, 7], [np.int64(1)], [np.int64(2)], [np.int64(3), 4]]",[0.21420868 0.05551131 0.04663773 0.09589443]
581,0.09231823182384002,"[[np.int64(0), 7], [np.int64(1), 2, 3, 4], [5], [6]]",[0.09589443 0.21420868 0.05551131 0.04663773]
582,0.09231823182384041,"[[np.int64(0), 5, 6, 7], [np.int64(1)], [np.int64(2), 4], [np.int64(3)]]",[0.21420868 0.05551131 0.09589443 0.04663773]
583,0.09231823182384064,"[[np.int64(0), 6], [np.int64(1), 2, 3, 4], [5], [7]]",[0.09589443 0.21420868 0.05551131 0.04663773]
584,0.09236272932342537,"[[np.int64(0), 4, 5], [np.int64(1), 6], [np.int64(2)], [np.int64(3), 7]]",[0.15106855 0.1020555  0.04663773 0.11244588]
585,0.09236272932342537,"[[np.int64(0), np.int64(1), 4], [2, 5], [3, 7], [6]]",[0.15106855 0.1020555  0.11244588 0.04663773]
586,0.09236272932342598,"[[np.int64(0), 4, 5], [np.int64(1), 7], [np.int64(2), 6], [np.int64(3)]]",[0.15106855 0.1020555  0.11244588 0.04663773]
587,0.09236272932342604,"[[np.int64(0), np.int64(1), 4], [2, 6], [3, 5], [7]]",[0.15106855 0.11244588 0.1020555  0.04663773]
588,0.09247025254890245,"[[np.int64(0), 3, 7], [np.int64(1), 4], [np.int64(2), 5], [6]]",[0.15679243 0.10661447 0.1020555  0.04663773]
589,0.09247025254890257,"[[np.int64(0), 5], [np.int64(1), 6], [np.int64(2)], [np.int64(3), 4, 7]]",[0.10661447 0.1020555  0.04663773 0.15679243]
590,0.09247025254890362,"[[np.int64(0), 5], [np.int64(1), 7], [np.int64(2), 4, 6], [np.int64(3)]]",[0.10661447 0.1020555  0.15679243 0.04663773]
591,0.09247025254890379,"[[np.int64(0), 2, 6], [np.int64(1), 4], [3, 5], [7]]",[0.15679243 0.10661447 0.1020555  0.04663773]
592,0.09272998668038168,"[[np.int64(0), 3], [np.int64(1), 5, 6], [np.int64(2), 7], [4]]",[0.08260464 0.17656562 0.11179306 0.04087706]
593,0.09272998668038168,"[[np.int64(0)], [np.int64(1), 2, 5], [3, 6], [4, 7]]",[0.04087706 0.17656562 0.11179306 0.08260464]
594,0.09272998668038213,"[[np.int64(0)], [np.int64(1), 3, 5], [np.int64(2), 7], [4, 6]]",[0.04087706 0.17656562 0.11179306 0.08260464]
595,0.09272998668038229,"[[np.int64(0), 2], [np.int64(1), 5, 7], [3, 6], [4]]",[0.08260464 0.17656562 0.11179306 0.04087706]
596,0.09279989039900777,"[[np.int64(0), 7], [np.int64(1), 2, 6], [3, 4], [5]]",[0.09589443 0.16447033 0.09589443 0.05551131]
597,0.09279989039900782,"[[np.int64(0), 7], [np.int64(1)], [np.int64(2), 5, 6], [np.int64(3), 4]]",[0.09589443 0.05551131 0.16447033 0.09589443]
598,0.09279989039900893,"[[np.int64(0), 6], [np.int64(1), 3, 7], [np.int64(2), 4], [5]]",[0.09589443 0.16447033 0.09589443 0.05551131]
599,0.09279989039900893,"[[np.int64(0), 6], [np.int64(1)], [np.int64(2), 4], [np.int64(3), 5, 7]]",[0.09589443 0.05551131 0.09589443 0.16447033]
600,0.09284583177011058,"[[np.int64(0), 4, 5, 7], [np.int64(1)], [np.int64(2)], [np.int64(3), 6]]",[0.19778245 0.05551131 0.04663773 0.11179306]
601,0.09284583177011063,"[[np.int64(0), np.int64(1), 3, 4], [2, 7], [5], [6]]",[0.19778245 0.11179306 0.05551131 0.04663773]
602,0.09284583177011096,"[[np.int64(0), 4, 5, 6], [np.int64(1)], [np.int64(2), 7], [np.int64(3)]]",[0.19778245 0.05551131 0.11179306 0.04663773]
603,0.09284583177011124,"[[np.int64(0), np.int64(1), np.int64(2), 4], [3, 6], [5], [7]]",[0.19778245 0.11179306 0.05551131 0.04663773]
604,0.09301554457406486,"[[np.int64(0), 4, 5], [np.int64(1), 6], [np.int64(2), 7], [np.int64(3)]]",[0.15106855 0.1020555  0.11179306 0.04663773]
605,0.09301554457406502,"[[np.int64(0), np.int64(1), 4], [2, 5], [3, 6], [7]]",[0.15106855 0.1020555  0.11179306 0.04663773]
606,0.09301554457406525,"[[np.int64(0), 4, 5], [np.int64(1), 7], [np.int64(2)], [np.int64(3), 6]]",[0.15106855 0.1020555  0.04663773 0.11179306]
607,0.09301554457406525,"[[np.int64(0), np.int64(1), 4], [2, 7], [3, 5], [6]]",[0.15106855 0.11179306 0.1020555  0.04663773]
608,0.09312306779954238,"[[np.int64(0), 2, 7], [np.int64(1), 4], [3, 5], [6]]",[0.15613961 0.10661447 0.1020555  0.04663773]
609,0.09312306779954244,"[[np.int64(0), 5], [np.int64(1), 6], [np.int64(2), 4, 7], [np.int64(3)]]",[0.10661447 0.1020555  0.15613961 0.04663773]
610,0.09312306779954249,"[[np.int64(0), 5], [np.int64(1), 7], [np.int64(2)], [np.int64(3), 4, 6]]",[0.10661447 0.1020555  0.04663773 0.15613961]
611,0.09312306779954255,"[[np.int64(0), 3, 6], [np.int64(1), 4], [np.int64(2), 5], [7]]",[0.15613961 0.10661447 0.1020555  0.04663773]
612,0.0932368569823736,"[[np.int64(0), 4], [np.int64(1), 2, 5], [3], [6, 7]]",[0.09050859 0.17656562 0.04663773 0.09762157]
613,0.09323685698237377,"[[np.int64(0), 4], [np.int64(1), 5, 6], [np.int64(2), 3], [7]]",[0.09050859 0.17656562 0.09762157 0.04663773]
614,0.0932368569823741,"[[np.int64(0), 4], [np.int64(1), 3, 5], [np.int64(2)], [6, 7]]",[0.09050859 0.17656562 0.04663773 0.09762157]
615,0.09323685698237416,"[[np.int64(0), 4], [np.int64(1), 5, 7], [np.int64(2), 3], [6]]",[0.09050859 0.17656562 0.09762157 0.04663773]
616,0.09329619483610069,"[[np.int64(0), np.int64(1)], [2, 3, 7], [4, 6], [5]]",[0.09121091 0.18194732 0.08260464 0.05551131]
617,0.09329619483610097,"[[np.int64(0), 3], [np.int64(1)], [np.int64(2), 6, 7], [4, 5]]",[0.08260464 0.05551131 0.18194732 0.09121091]
618,0.09329619483610097,"[[np.int64(0), 2], [np.int64(1)], [3, 6, 7], [4, 5]]",[0.08260464 0.05551131 0.18194732 0.09121091]
619,0.09329619483610108,"[[np.int64(0), np.int64(1)], [2, 3, 6], [4, 7], [5]]",[0.09121091 0.18194732 0.08260464 0.05551131]
620,0.09340234234668321,"[[np.int64(0), np.int64(1), np.int64(2), 7], [3, 6], [4], [5]]",[0.20298661 0.11179306 0.04087706 0.05551131]
621,0.09340234234668332,"[[np.int64(0)], [np.int64(1)], [np.int64(2), 7], [np.int64(3), 4, 5, 6]]",[0.04087706 0.05551131 0.11179306 0.20298661]
622,0.09340234234668343,"[[np.int64(0)], [np.int64(1)], [np.int64(2), 4, 5, 7], [np.int64(3), 6]]",[0.04087706 0.05551131 0.20298661 0.11179306]
623,0.09340234234668354,"[[np.int64(0), np.int64(1), 3, 6], [2, 7], [4], [5]]",[0.20298661 0.11179306 0.04087706 0.05551131]
624,0.0934527056496477,"[[np.int64(0), 6], [np.int64(1)], [np.int64(2), 5, 7], [np.int64(3), 4]]",[0.09589443 0.05551131 0.16381751 0.09589443]
625,0.0934527056496478,"[[np.int64(0), 7], [np.int64(1), 3, 6], [np.int64(2), 4], [5]]",[0.09589443 0.16381751 0.09589443 0.05551131]
626,0.0934527056496478,"[[np.int64(0), 6], [np.int64(1), 2, 7], [3, 4], [5]]",[0.09589443 0.16381751 0.09589443 0.05551131]
627,0.09345270564964792,"[[np.int64(0), 7], [np.int64(1)], [np.int64(2), 4], [np.int64(3), 5, 6]]",[0.09589443 0.05551131 0.09589443 0.16381751]
628,0.09348207846577,"[[np.int64(0)], [np.int64(1), 2, 3, 7], [4], [5, 6]]",[0.04087706 0.23057846 0.04087706 0.09875572]
629,0.09348207846577017,"[[np.int64(0)], [np.int64(1), 2], [3, 5, 6, 7], [4]]",[0.04087706 0.09875572 0.23057846 0.04087706]
630,0.09348207846577017,"[[np.int64(0)], [np.int64(1), 3], [np.int64(2), 5, 6, 7], [4]]",[0.04087706 0.09875572 0.23057846 0.04087706]
631,0.09348207846577034,"[[np.int64(0)], [np.int64(1), 2, 3, 6], [4], [5, 7]]",[0.04087706 0.23057846 0.04087706 0.09875572]
632,0.09350046283491831,"[[np.int64(0), 2], [np.int64(1), 5], [3, 7], [4, 6]]",[0.08260464 0.13341475 0.11244588 0.08260464]
633,0.09350046283491831,"[[np.int64(0), 3], [np.int64(1), 5], [np.int64(2), 6], [4, 7]]",[0.08260464 0.13341475 0.11244588 0.08260464]
634,0.09356350718626033,"[[np.int64(0), np.int64(1)], [2, 3, 7], [4, 5], [6]]",[0.09121091 0.18194732 0.09121091 0.04663773]
635,0.09356350718626039,"[[np.int64(0), np.int64(1)], [2], [3, 6, 7], [4, 5]]",[0.09121091 0.04663773 0.18194732 0.09121091]
636,0.09356350718626061,"[[np.int64(0), np.int64(1)], [2, 6, 7], [3], [4, 5]]",[0.09121091 0.18194732 0.04663773 0.09121091]
637,0.09356350718626077,"[[np.int64(0), np.int64(1)], [2, 3, 6], [4, 5], [7]]",[0.09121091 0.18194732 0.09121091 0.04663773]
638,0.09361169255801044,"[[np.int64(0)], [np.int64(1), 2, 5], [3, 4], [6, 7]]",[0.04087706 0.17656562 0.09589443 0.09762157]
639,0.0936116925580105,"[[np.int64(0), 7], [np.int64(1), 5, 6], [np.int64(2), 3], [4]]",[0.09589443 0.17656562 0.09762157 0.04087706]
640,0.09361169255801133,"[[np.int64(0)], [np.int64(1), 3, 5], [np.int64(2), 4], [6, 7]]",[0.04087706 0.17656562 0.09589443 0.09762157]
641,0.09361169255801138,"[[np.int64(0), 6], [np.int64(1), 5, 7], [np.int64(2), 3], [4]]",[0.09589443 0.17656562 0.09762157 0.04087706]
642,0.09377217106879321,"[[np.int64(0), 3, 4, 7], [np.int64(1), 2], [5], [6]]",[0.20989345 0.09875572 0.05551131 0.04663773]
643,0.09377217106879326,"[[np.int64(0), 3, 4, 7], [np.int64(1)], [np.int64(2)], [5, 6]]",[0.20989345 0.05551131 0.04663773 0.09875572]
644,0.09377217106879487,"[[np.int64(0), 2, 4, 6], [np.int64(1)], [3], [5, 7]]",[0.20989345 0.05551131 0.04663773 0.09875572]
645,0.09377217106879493,"[[np.int64(0), 2, 4, 6], [np.int64(1), 3], [5], [7]]",[0.20989345 0.09875572 0.05551131 0.04663773]
646,0.09387559968420378,"[[np.int64(0)], [np.int64(1), 3, 7], [np.int64(2), 5, 6], [4]]",[0.04087706 0.16447033 0.16447033 0.04087706]
647,0.09387559968420389,"[[np.int64(0)], [np.int64(1), 2, 6], [3, 5, 7], [4]]",[0.04087706 0.16447033 0.16447033 0.04087706]
648,0.09394188387274827,"[[np.int64(0), 4, 7], [np.int64(1)], [np.int64(2), 6], [np.int64(3), 5]]",[0.14061581 0.05551131 0.11244588 0.1020555 ]
649,0.09394188387274827,"[[np.int64(0), 4, 6], [np.int64(1)], [np.int64(2), 5], [np.int64(3), 7]]",[0.14061581 0.05551131 0.1020555  0.11244588]
650,0.09394188387274832,"[[np.int64(0), 3, 4], [np.int64(1), 7], [np.int64(2), 6], [5]]",[0.14061581 0.1020555  0.11244588 0.05551131]
651,0.09394188387274843,"[[np.int64(0), 2, 4], [np.int64(1), 6], [3, 7], [5]]",[0.14061581 0.1020555  0.11244588 0.05551131]
652,0.09400477367717114,"[[np.int64(0), 6, 7], [np.int64(1), 4], [np.int64(2), 5], [np.int64(3)]]",[0.15525791 0.10661447 0.1020555  0.04663773]
653,0.09400477367717136,"[[np.int64(0), 5], [np.int64(1), 6], [np.int64(2), 3, 4], [7]]",[0.10661447 0.1020555  0.15525791 0.04663773]
654,0.09400477367717147,"[[np.int64(0), 6, 7], [np.int64(1), 4], [np.int64(2)], [np.int64(3), 5]]",[0.15525791 0.10661447 0.04663773 0.1020555 ]
655,0.09400477367717164,"[[np.int64(0), 5], [np.int64(1), 7], [np.int64(2), 3, 4], [6]]",[0.10661447 0.1020555  0.15525791 0.04663773]
656,0.09411348064749209,"[[np.int64(0), 4, 7], [np.int64(1), 2, 5], [3], [6]]",[0.14061581 0.17656562 0.04663773 0.04663773]
657,0.0941134806474922,"[[np.int64(0), 4, 7], [np.int64(1), 5, 6], [np.int64(2)], [np.int64(3)]]",[0.14061581 0.17656562 0.04663773 0.04663773]
658,0.09411348064749225,"[[np.int64(0), 3, 4], [np.int64(1), 2, 5], [6], [7]]",[0.14061581 0.17656562 0.04663773 0.04663773]
659,0.09411348064749231,"[[np.int64(0), 3, 4], [np.int64(1), 5, 6], [np.int64(2)], [7]]",[0.14061581 0.17656562 0.04663773 0.04663773]
660,0.09411348064749259,"[[np.int64(0), 4, 7], [np.int64(1), 3, 5], [np.int64(2)], [6]]",[0.14061581 0.17656562 0.04663773 0.04663773]
661,0.0941134806474927,"[[np.int64(0), 3, 4], [np.int64(1), 5, 7], [np.int64(2)], [6]]",[0.14061581 0.17656562 0.04663773 0.04663773]
662,0.09411348064749275,"[[np.int64(0), 4, 6], [np.int64(1), 2, 5], [3], [7]]",[0.14061581 0.17656562 0.04663773 0.04663773]
663,0.09411348064749292,"[[np.int64(0), 2, 4], [np.int64(1), 5, 6], [3], [7]]",[0.14061581 0.17656562 0.04663773 0.04663773]
664,0.0941134806474932,"[[np.int64(0), 4, 6], [np.int64(1), 5, 7], [np.int64(2)], [np.int64(3)]]",[0.14061581 0.17656562 0.04663773 0.04663773]
665,0.0941134806474932,"[[np.int64(0), 4, 6], [np.int64(1), 3, 5], [np.int64(2)], [7]]",[0.14061581 0.17656562 0.04663773 0.04663773]
666,0.09411348064749331,"[[np.int64(0), 2, 4], [np.int64(1), 3, 5], [6], [7]]",[0.14061581 0.17656562 0.04663773 0.04663773]
667,0.09411348064749331,"[[np.int64(0), 2, 4], [np.int64(1), 5, 7], [3], [6]]",[0.14061581 0.17656562 0.04663773 0.04663773]
668,0.09415327808555762,"[[np.int64(0), 3], [np.int64(1), 5], [np.int64(2), 7], [4, 6]]",[0.08260464 0.13341475 0.11179306 0.08260464]
669,0.09415327808555785,"[[np.int64(0), 2], [np.int64(1), 5], [3, 6], [4, 7]]",[0.08260464 0.13341475 0.11179306 0.08260464]
670,0.09425320228970646,"[[np.int64(0), 5, 6], [np.int64(1), 2], [3, 7], [4]]",[0.15823852 0.09875572 0.11244588 0.04087706]
671,0.09425320228970657,"[[np.int64(0)], [np.int64(1), 2, 4], [3, 7], [5, 6]]",[0.04087706 0.15823852 0.11244588 0.09875572]
672,0.09425320228970663,"[[np.int64(0), 5, 7], [np.int64(1), 3], [np.int64(2), 6], [4]]",[0.15823852 0.09875572 0.11244588 0.04087706]
673,0.09425320228970674,"[[np.int64(0)], [np.int64(1), 3, 4], [np.int64(2), 6], [5, 7]]",[0.04087706 0.15823852 0.11244588 0.09875572]
674,0.09431671944838488,"[[np.int64(0), 6], [np.int64(1)], [np.int64(2), 5], [np.int64(3), 4, 7]]",[0.09589443 0.05551131 0.1020555  0.15679243]
675,0.09431671944838493,"[[np.int64(0), 3, 7], [np.int64(1), 6], [np.int64(2), 4], [5]]",[0.15679243 0.1020555  0.09589443 0.05551131]
676,0.0943167194483856,"[[np.int64(0), 7], [np.int64(1)], [np.int64(2), 4, 6], [np.int64(3), 5]]",[0.09589443 0.05551131 0.15679243 0.1020555 ]
677,0.09431671944838566,"[[np.int64(0), 2, 6], [np.int64(1), 7], [3, 4], [5]]",[0.15679243 0.1020555  0.09589443 0.05551131]
678,0.09434673993390746,"[[np.int64(0), 5, 7], [np.int64(1), 2, 6], [3], [4]]",[0.15823852 0.16447033 0.04663773 0.04087706]
679,0.09434673993390758,"[[np.int64(0)], [np.int64(1), 3, 4], [np.int64(2), 5, 6], [7]]",[0.04087706 0.15823852 0.16447033 0.04663773]
680,0.09434673993390791,"[[np.int64(0), 5, 6], [np.int64(1), 3, 7], [np.int64(2)], [4]]",[0.15823852 0.16447033 0.04663773 0.04087706]
681,0.09434673993390796,"[[np.int64(0)], [np.int64(1), 2, 4], [3, 5, 7], [6]]",[0.04087706 0.15823852 0.16447033 0.04663773]
682,0.0944249863194333,"[[np.int64(0), 2, 4, 7], [np.int64(1)], [3], [5, 6]]",[0.20924064 0.05551131 0.04663773 0.09875572]
683,0.09442498631943341,"[[np.int64(0), 2, 4, 7], [np.int64(1), 3], [5], [6]]",[0.20924064 0.09875572 0.05551131 0.04663773]
684,0.09442498631943347,"[[np.int64(0), 3, 4, 6], [np.int64(1), 2], [5], [7]]",[0.20924064 0.09875572 0.05551131 0.04663773]
685,0.09442498631943358,"[[np.int64(0), 3, 4, 6], [np.int64(1)], [np.int64(2)], [5, 7]]",[0.20924064 0.05551131 0.04663773 0.09875572]
686,0.09458403179854474,"[[np.int64(0), 7], [np.int64(1)], [np.int64(2), 6], [np.int64(3), 4, 5]]",[0.09589443 0.05551131 0.11244588 0.14613474]
687,0.0945840317985448,"[[np.int64(0), np.int64(1), 7], [2, 6], [3, 4], [5]]",[0.14613474 0.11244588 0.09589443 0.05551131]
688,0.09458403179854502,"[[np.int64(0), 6], [np.int64(1)], [np.int64(2), 4, 5], [np.int64(3), 7]]",[0.09589443 0.05551131 0.14613474 0.11244588]
689,0.09458403179854508,"[[np.int64(0), np.int64(1), 6], [2, 4], [3, 7], [5]]",[0.14613474 0.09589443 0.11244588 0.05551131]
690,0.0945946991233872,"[[np.int64(0), 4, 7], [np.int64(1)], [np.int64(2), 5], [np.int64(3), 6]]",[0.14061581 0.05551131 0.1020555  0.11179306]
691,0.0945946991233873,"[[np.int64(0), 3, 4], [np.int64(1), 6], [np.int64(2), 7], [5]]",[0.14061581 0.1020555  0.11179306 0.05551131]
692,0.09459469912338808,"[[np.int64(0), 4, 6], [np.int64(1)], [np.int64(2), 7], [np.int64(3), 5]]",[0.14061581 0.05551131 0.11179306 0.1020555 ]
693,0.09459469912338825,"[[np.int64(0), 2, 4], [np.int64(1), 7], [3, 6], [5]]",[0.14061581 0.1020555  0.11179306 0.05551131]
694,0.09481788018361126,"[[np.int64(0), 5, 7], [np.int64(1), 3, 4], [np.int64(2)], [6]]",[0.15823852 0.15823852 0.04663773 0.04663773]
695,0.09481788018361154,"[[np.int64(0), 5, 7], [np.int64(1), 2, 4], [3], [6]]",[0.15823852 0.15823852 0.04663773 0.04663773]
696,0.09481788018361165,"[[np.int64(0), 5, 6], [np.int64(1), 3, 4], [np.int64(2)], [7]]",[0.15823852 0.15823852 0.04663773 0.04663773]
697,0.09481788018361192,"[[np.int64(0), 5, 6], [np.int64(1), 2, 4], [3], [7]]",[0.15823852 0.15823852 0.04663773 0.04663773]
698,0.09490601754034578,"[[np.int64(0), 5, 7], [np.int64(1), 2], [3, 6], [4]]",[0.15823852 0.09875572 0.11179306 0.04087706]
699,0.09490601754034583,"[[np.int64(0)], [np.int64(1), 3, 4], [np.int64(2), 7], [5, 6]]",[0.04087706 0.15823852 0.11179306 0.09875572]
700,0.09490601754034622,"[[np.int64(0), 5, 6], [np.int64(1), 3], [np.int64(2), 7], [4]]",[0.15823852 0.09875572 0.11179306 0.04087706]
701,0.09490601754034633,"[[np.int64(0)], [np.int64(1), 2, 4], [3, 6], [5, 7]]",[0.04087706 0.15823852 0.11179306 0.09875572]
702,0.09496953469902414,"[[np.int64(0), 7], [np.int64(1)], [np.int64(2), 5], [np.int64(3), 4, 6]]",[0.09589443 0.05551131 0.1020555  0.15613961]
703,0.09496953469902425,"[[np.int64(0), 2, 7], [np.int64(1), 6], [3, 4], [5]]",[0.15613961 0.1020555  0.09589443 0.05551131]
704,0.09496953469902514,"[[np.int64(0), 6], [np.int64(1)], [np.int64(2), 4, 7], [np.int64(3), 5]]",[0.09589443 0.05551131 0.15613961 0.1020555 ]
705,0.09496953469902536,"[[np.int64(0), 3, 6], [np.int64(1), 7], [np.int64(2), 4], [5]]",[0.15613961 0.1020555  0.09589443 0.05551131]
706,0.09499890751514695,"[[np.int64(0), 3], [np.int64(1)], [np.int64(2), 5, 6, 7], [4]]",[0.08260464 0.05551131 0.23057846 0.04087706]
707,0.094998907515147,"[[np.int64(0)], [np.int64(1), 2, 3, 7], [4, 6], [5]]",[0.04087706 0.23057846 0.08260464 0.05551131]
708,0.09499890751514706,"[[np.int64(0)], [np.int64(1), 2, 3, 6], [4, 7], [5]]",[0.04087706 0.23057846 0.08260464 0.05551131]
709,0.09499890751514728,"[[np.int64(0), 2], [np.int64(1)], [3, 5, 6, 7], [4]]",[0.08260464 0.05551131 0.23057846 0.04087706]
710,0.09499955518454689,"[[np.int64(0)], [np.int64(1), 3, 4], [np.int64(2), 5, 7], [6]]",[0.04087706 0.15823852 0.16381751 0.04663773]
711,0.09499955518454695,"[[np.int64(0), 5, 7], [np.int64(1), 3, 6], [np.int64(2)], [4]]",[0.15823852 0.16381751 0.04663773 0.04087706]
712,0.09499955518454722,"[[np.int64(0), 5, 6], [np.int64(1), 2, 7], [3], [4]]",[0.15823852 0.16381751 0.04663773 0.04087706]
713,0.09499955518454745,"[[np.int64(0)], [np.int64(1), 2, 4], [3, 5, 6], [7]]",[0.04087706 0.15823852 0.16381751 0.04663773]
714,0.09503498396318644,"[[np.int64(0), 7], [np.int64(1), 5], [np.int64(2), 3], [4, 6]]",[0.09589443 0.13341475 0.09762157 0.08260464]
715,0.09503498396318655,"[[np.int64(0), 2], [np.int64(1), 5], [3, 4], [6, 7]]",[0.08260464 0.13341475 0.09589443 0.09762157]
716,0.09503498396318677,"[[np.int64(0), 6], [np.int64(1), 5], [np.int64(2), 3], [4, 7]]",[0.09589443 0.13341475 0.09762157 0.08260464]
717,0.09503498396318683,"[[np.int64(0), 3], [np.int64(1), 5], [np.int64(2), 4], [6, 7]]",[0.08260464 0.13341475 0.09589443 0.09762157]
718,0.09518123018548252,"[[np.int64(0)], [np.int64(1), 3, 6], [np.int64(2), 5, 7], [4]]",[0.04087706 0.16381751 0.16381751 0.04087706]
719,0.0951812301854828,"[[np.int64(0)], [np.int64(1), 2, 7], [3, 5, 6], [4]]",[0.04087706 0.16381751 0.16381751 0.04087706]
720,0.09523684704918417,"[[np.int64(0), 7], [np.int64(1)], [np.int64(2), 4, 5], [np.int64(3), 6]]",[0.09589443 0.05551131 0.14613474 0.11179306]
721,0.09523684704918423,"[[np.int64(0), np.int64(1), 6], [2, 7], [3, 4], [5]]",[0.14613474 0.11179306 0.09589443 0.05551131]
722,0.09523684704918439,"[[np.int64(0), 6], [np.int64(1)], [np.int64(2), 7], [np.int64(3), 4, 5]]",[0.09589443 0.05551131 0.11179306 0.14613474]
723,0.09523684704918445,"[[np.int64(0), np.int64(1), 7], [2, 4], [3, 6], [5]]",[0.14613474 0.09589443 0.11179306 0.05551131]
724,0.09526621986530659,"[[np.int64(0), np.int64(1)], [2, 5, 6, 7], [3], [4]]",[0.09121091 0.23057846 0.04663773 0.04087706]
725,0.09526621986530659,"[[np.int64(0)], [np.int64(1), 2, 3, 7], [4, 5], [6]]",[0.04087706 0.23057846 0.09121091 0.04663773]
726,0.09526621986530676,"[[np.int64(0)], [np.int64(1), 2, 3, 6], [4, 5], [7]]",[0.04087706 0.23057846 0.09121091 0.04663773]
727,0.09526621986530676,"[[np.int64(0), np.int64(1)], [2], [3, 5, 6, 7], [4]]",[0.09121091 0.04663773 0.23057846 0.04087706]
728,0.09545808556786939,"[[np.int64(0), 5, 7], [np.int64(1), 4], [np.int64(2), 3], [6]]",[0.15823852 0.10661447 0.09762157 0.04663773]
729,0.09545808556786956,"[[np.int64(0), 5], [np.int64(1), 3, 4], [np.int64(2)], [6, 7]]",[0.10661447 0.15823852 0.04663773 0.09762157]
730,0.09545808556786978,"[[np.int64(0), 5], [np.int64(1), 2, 4], [3], [6, 7]]",[0.10661447 0.15823852 0.04663773 0.09762157]
731,0.09545808556786978,"[[np.int64(0), 5, 6], [np.int64(1), 4], [np.int64(2), 3], [7]]",[0.15823852 0.10661447 0.09762157 0.04663773]
732,0.09556402550832471,"[[np.int64(0)], [np.int64(1), 2, 5, 6], [3], [4, 7]]",[0.04087706 0.23888692 0.04663773 0.08260464]
733,0.09556402550832488,"[[np.int64(0), 3], [np.int64(1), 2, 5, 6], [4], [7]]",[0.08260464 0.23888692 0.04087706 0.04663773]
734,0.09556402550832543,"[[np.int64(0)], [np.int64(1), 3, 5, 7], [np.int64(2)], [4, 6]]",[0.04087706 0.23888692 0.04663773 0.08260464]
735,0.09556402550832555,"[[np.int64(0), 2], [np.int64(1), 3, 5, 7], [4], [6]]",[0.08260464 0.23888692 0.04087706 0.04663773]
736,0.09556620343953903,"[[np.int64(0)], [np.int64(1), 2, 6], [3, 7], [4, 5]]",[0.04087706 0.16447033 0.11244588 0.09121091]
737,0.09556620343953903,"[[np.int64(0), np.int64(1)], [2, 5, 6], [3, 7], [4]]",[0.09121091 0.16447033 0.11244588 0.04087706]
738,0.09556620343953948,"[[np.int64(0), np.int64(1)], [2, 6], [3, 5, 7], [4]]",[0.09121091 0.11244588 0.16447033 0.04087706]
739,0.09556620343953948,"[[np.int64(0)], [np.int64(1), 3, 7], [np.int64(2), 6], [4, 5]]",[0.04087706 0.16447033 0.11244588 0.09121091]
740,0.09566250811360583,"[[np.int64(0), 4, 5], [np.int64(1), 2], [3, 7], [6]]",[0.15106855 0.09875572 0.11244588 0.04663773]
741,0.09566250811360599,"[[np.int64(0), np.int64(1), 4], [2], [3, 7], [5, 6]]",[0.15106855 0.04663773 0.11244588 0.09875572]
742,0.09566250811360638,"[[np.int64(0), 4, 5], [np.int64(1), 3], [np.int64(2), 6], [7]]",[0.15106855 0.09875572 0.11244588 0.04663773]
743,0.09566250811360638,"[[np.int64(0), np.int64(1), 4], [2, 6], [3], [5, 7]]",[0.15106855 0.11244588 0.04663773 0.09875572]
744,0.09575604575780716,"[[np.int64(0), 4, 5], [np.int64(1), 2, 6], [3], [7]]",[0.15106855 0.16447033 0.04663773 0.04663773]
745,0.09575604575780716,"[[np.int64(0), np.int64(1), 4], [2, 5, 6], [3], [7]]",[0.15106855 0.16447033 0.04663773 0.04663773]
746,0.09575604575780727,"[[np.int64(0), 4, 5], [np.int64(1), 3, 7], [np.int64(2)], [6]]",[0.15106855 0.16447033 0.04663773 0.04663773]
747,0.09575604575780733,"[[np.int64(0), np.int64(1), 4], [2], [3, 5, 7], [6]]",[0.15106855 0.04663773 0.16447033 0.04663773]
748,0.09577003133908296,"[[np.int64(0), 5], [np.int64(1), 2], [3, 4, 7], [6]]",[0.10661447 0.09875572 0.15679243 0.04663773]
749,0.09577003133908302,"[[np.int64(0), 3, 7], [np.int64(1), 4], [np.int64(2)], [5, 6]]",[0.15679243 0.10661447 0.04663773 0.09875572]
750,0.09577003133908402,"[[np.int64(0), 5], [np.int64(1), 3], [np.int64(2), 4, 6], [7]]",[0.10661447 0.09875572 0.15679243 0.04663773]
751,0.09577003133908407,"[[np.int64(0), 2, 6], [np.int64(1), 4], [3], [5, 7]]",[0.15679243 0.10661447 0.04663773 0.09875572]
752,0.09585124057665317,"[[np.int64(0), 6, 7], [np.int64(1)], [np.int64(2), 5], [np.int64(3), 4]]",[0.15525791 0.05551131 0.1020555  0.09589443]
753,0.09585124057665328,"[[np.int64(0), 7], [np.int64(1), 6], [np.int64(2), 3, 4], [5]]",[0.09589443 0.1020555  0.15525791 0.05551131]
754,0.09585124057665395,"[[np.int64(0), 6, 7], [np.int64(1)], [np.int64(2), 4], [np.int64(3), 5]]",[0.15525791 0.05551131 0.09589443 0.1020555 ]
755,0.095851240576654,"[[np.int64(0), 6], [np.int64(1), 7], [np.int64(2), 3, 4], [5]]",[0.09589443 0.1020555  0.15525791 0.05551131]
756,0.0959571066274853,"[[np.int64(0), 3, 5, 7], [np.int64(1), 6], [np.int64(2)], [4]]",[0.21904298 0.1020555  0.04663773 0.04087706]
757,0.09595710662748536,"[[np.int64(0)], [np.int64(1), 3, 4, 7], [np.int64(2), 5], [6]]",[0.04087706 0.21904298 0.1020555  0.04663773]
758,0.09595710662748602,"[[np.int64(0), 2, 5, 6], [np.int64(1), 7], [3], [4]]",[0.21904298 0.1020555  0.04663773 0.04087706]
759,0.09595710662748619,"[[np.int64(0)], [np.int64(1), 2, 4, 6], [3, 5], [7]]",[0.04087706 0.21904298 0.1020555  0.04663773]
760,0.09609829095212769,"[[np.int64(0), 5], [np.int64(1), 4], [np.int64(2), 3], [6, 7]]",[0.10661447 0.10661447 0.09762157 0.09762157]
761,0.09621684075896447,"[[np.int64(0), 3], [np.int64(1), 2, 5, 7], [4], [6]]",[0.08260464 0.2382341  0.04087706 0.04663773]
762,0.09621684075896453,"[[np.int64(0)], [np.int64(1), 2, 5, 7], [3], [4, 6]]",[0.04087706 0.2382341  0.04663773 0.08260464]
763,0.09621684075896453,"[[np.int64(0)], [np.int64(1), 3, 5, 6], [np.int64(2)], [4, 7]]",[0.04087706 0.2382341  0.04663773 0.08260464]
764,0.09621684075896475,"[[np.int64(0), 2], [np.int64(1), 3, 5, 6], [4], [7]]",[0.08260464 0.2382341  0.04087706 0.04663773]
765,0.09631532336424548,"[[np.int64(0), np.int64(1), 4], [2, 7], [3], [5, 6]]",[0.15106855 0.11179306 0.04663773 0.09875572]
766,0.09631532336424548,"[[np.int64(0), 4, 5], [np.int64(1), 2], [3, 6], [7]]",[0.15106855 0.09875572 0.11179306 0.04663773]
767,0.09631532336424553,"[[np.int64(0), 4, 5], [np.int64(1), 3], [np.int64(2), 7], [6]]",[0.15106855 0.09875572 0.11179306 0.04663773]
768,0.0963153233642457,"[[np.int64(0), np.int64(1), 4], [2], [3, 6], [5, 7]]",[0.15106855 0.04663773 0.11179306 0.09875572]
769,0.09635175364247972,"[[np.int64(0), 5, 6, 7], [np.int64(1)], [np.int64(2), 3], [4]]",[0.21420868 0.05551131 0.09762157 0.04087706]
770,0.09635175364247989,"[[np.int64(0)], [np.int64(1), 2, 3, 4], [5], [6, 7]]",[0.04087706 0.21420868 0.05551131 0.09762157]
771,0.09640886100844653,"[[np.int64(0), np.int64(1), 4], [2, 5, 7], [3], [6]]",[0.15106855 0.16381751 0.04663773 0.04663773]
772,0.09640886100844659,"[[np.int64(0), 4, 5], [np.int64(1), 2, 7], [3], [6]]",[0.15106855 0.16381751 0.04663773 0.04663773]
773,0.09640886100844664,"[[np.int64(0), 4, 5], [np.int64(1), 3, 6], [np.int64(2)], [7]]",[0.15106855 0.16381751 0.04663773 0.04663773]
774,0.09640886100844681,"[[np.int64(0), np.int64(1), 4], [2], [3, 5, 6], [7]]",[0.15106855 0.04663773 0.16381751 0.04663773]
775,0.09642284658972261,"[[np.int64(0), 2, 7], [np.int64(1), 4], [3], [5, 6]]",[0.15613961 0.10661447 0.04663773 0.09875572]
776,0.09642284658972272,"[[np.int64(0), 5], [np.int64(1), 2], [3, 4, 6], [7]]",[0.10661447 0.09875572 0.15613961 0.04663773]
777,0.09642284658972305,"[[np.int64(0), 5], [np.int64(1), 3], [np.int64(2), 4, 7], [6]]",[0.10661447 0.09875572 0.15613961 0.04663773]
778,0.09642284658972328,"[[np.int64(0), 3, 6], [np.int64(1), 4], [np.int64(2)], [5, 7]]",[0.15613961 0.10661447 0.04663773 0.09875572]
779,0.09660992187812467,"[[np.int64(0), 2, 5, 7], [np.int64(1), 6], [3], [4]]",[0.21839017 0.1020555  0.04663773 0.04087706]
780,0.09660992187812484,"[[np.int64(0)], [np.int64(1), 3, 4, 6], [np.int64(2), 5], [7]]",[0.04087706 0.21839017 0.1020555  0.04663773]
781,0.0966099218781254,"[[np.int64(0)], [np.int64(1), 2, 4, 7], [3, 5], [6]]",[0.04087706 0.21839017 0.1020555  0.04663773]
782,0.0966099218781255,"[[np.int64(0), 3, 5, 6], [np.int64(1), 7], [np.int64(2)], [4]]",[0.21839017 0.1020555  0.04663773 0.04087706]
783,0.0966895112704822,"[[np.int64(0)], [np.int64(1)], [np.int64(2), 3, 7], [4, 5, 6]]",[0.04087706 0.05551131 0.18194732 0.12954517]
784,0.09668951127048236,"[[np.int64(0), np.int64(1), np.int64(2)], [3, 6, 7], [4], [5]]",[0.12954517 0.18194732 0.04087706 0.05551131]
785,0.09668951127048259,"[[np.int64(0)], [np.int64(1)], [np.int64(2), 3, 6], [4, 5, 7]]",[0.04087706 0.05551131 0.18194732 0.12954517]
786,0.09668951127048264,"[[np.int64(0), np.int64(1), 3], [2, 6, 7], [4], [5]]",[0.12954517 0.18194732 0.04087706 0.05551131]
787,0.09670687375493003,"[[np.int64(0), np.int64(1), np.int64(2), np.int64(3), 7], [4], [5], [6]]",[0.26483741 0.04087706 0.05551131 0.04663773]
788,0.09670687375493014,"[[np.int64(0)], [np.int64(1)], [np.int64(2)], [np.int64(3), 4, 5, 6, 7]]",[0.04087706 0.05551131 0.04663773 0.26483741]
789,0.09670687375493048,"[[np.int64(0)], [np.int64(1)], [np.int64(2), 4, 5, 6, 7], [np.int64(3)]]",[0.04087706 0.05551131 0.26483741 0.04663773]
790,0.09670687375493076,"[[np.int64(0), np.int64(1), np.int64(2), np.int64(3), 6], [4], [5], [7]]",[0.26483741 0.04087706 0.05551131 0.04663773]
791,0.09672371106095651,"[[np.int64(0), 4], [np.int64(1), 2, 3, 5], [6], [7]]",[0.09050859 0.22406261 0.04663773 0.04663773]
792,0.09672371106095656,"[[np.int64(0), 4], [np.int64(1), 5, 6, 7], [np.int64(2)], [np.int64(3)]]",[0.09050859 0.22406261 0.04663773 0.04663773]
793,0.09687183394081794,"[[np.int64(0), np.int64(1)], [2, 5, 7], [3, 6], [4]]",[0.09121091 0.16381751 0.11179306 0.04087706]
794,0.09687183394081805,"[[np.int64(0)], [np.int64(1), 3, 6], [np.int64(2), 7], [4, 5]]",[0.04087706 0.16381751 0.11179306 0.09121091]
795,0.09687183394081811,"[[np.int64(0)], [np.int64(1), 2, 7], [3, 6], [4, 5]]",[0.04087706 0.16381751 0.11179306 0.09121091]
796,0.09687183394081816,"[[np.int64(0), np.int64(1)], [2, 7], [3, 5, 6], [4]]",[0.09121091 0.11179306 0.16381751 0.04087706]
797,0.09709854663659323,"[[np.int64(0), 7], [np.int64(1), 2, 3, 5], [4], [6]]",[0.09589443 0.22406261 0.04087706 0.04663773]
798,0.09709854663659334,"[[np.int64(0)], [np.int64(1), 5, 6, 7], [np.int64(2)], [np.int64(3), 4]]",[0.04087706 0.22406261 0.04663773 0.09589443]
799,0.09709854663659373,"[[np.int64(0), 6], [np.int64(1), 2, 3, 5], [4], [7]]",[0.09589443 0.22406261 0.04087706 0.04663773]
800,0.09709854663659379,"[[np.int64(0)], [np.int64(1), 5, 6, 7], [np.int64(2), 4], [np.int64(3)]]",[0.04087706 0.22406261 0.09589443 0.04663773]
801,0.09724166266292866,"[[np.int64(0), 4, 7], [np.int64(1), 3], [np.int64(2), 6], [5]]",[0.14061581 0.09875572 0.11244588 0.05551131]
802,0.09724166266292872,"[[np.int64(0), 4, 6], [np.int64(1), 2], [3, 7], [5]]",[0.14061581 0.09875572 0.11244588 0.05551131]
803,0.09724166266292872,"[[np.int64(0), 3, 4], [np.int64(1)], [np.int64(2), 6], [5, 7]]",[0.14061581 0.05551131 0.11244588 0.09875572]
804,0.09724166266292888,"[[np.int64(0), 2, 4], [np.int64(1)], [3, 7], [5, 6]]",[0.14061581 0.05551131 0.11244588 0.09875572]
805,0.09725680719487462,"[[np.int64(0), np.int64(1)], [2, 6], [3, 7], [4, 5]]",[0.09121091 0.11244588 0.11244588 0.09121091]
806,0.09733520030712933,"[[np.int64(0), 4, 7], [np.int64(1)], [np.int64(2), 5, 6], [np.int64(3)]]",[0.14061581 0.05551131 0.16447033 0.04663773]
807,0.09733520030712939,"[[np.int64(0), 4, 7], [np.int64(1), 2, 6], [3], [5]]",[0.14061581 0.16447033 0.04663773 0.05551131]
808,0.09733520030712955,"[[np.int64(0), 3, 4], [np.int64(1)], [np.int64(2), 5, 6], [7]]",[0.14061581 0.05551131 0.16447033 0.04663773]
809,0.09733520030712955,"[[np.int64(0), 3, 4], [np.int64(1), 2, 6], [5], [7]]",[0.14061581 0.16447033 0.05551131 0.04663773]
810,0.09733520030713017,"[[np.int64(0), 4, 6], [np.int64(1), 3, 7], [np.int64(2)], [5]]",[0.14061581 0.16447033 0.04663773 0.05551131]
811,0.09733520030713017,"[[np.int64(0), 4, 6], [np.int64(1)], [np.int64(2)], [np.int64(3), 5, 7]]",[0.14061581 0.05551131 0.04663773 0.16447033]
812,0.09733520030713022,"[[np.int64(0), 2, 4], [np.int64(1), 3, 7], [5], [6]]",[0.14061581 0.16447033 0.05551131 0.04663773]
813,0.09733520030713028,"[[np.int64(0), 2, 4], [np.int64(1)], [3, 5, 7], [6]]",[0.14061581 0.05551131 0.16447033 0.04663773]
814,0.09738039803266096,"[[np.int64(0), 3, 7], [np.int64(1), 4, 6], [np.int64(2)], [5]]",[0.15679243 0.14824852 0.04663773 0.05551131]
815,0.09738039803266096,"[[np.int64(0), 2, 5], [np.int64(1)], [3, 4, 7], [6]]",[0.14824852 0.05551131 0.15679243 0.04663773]
816,0.09738039803266207,"[[np.int64(0), 2, 6], [np.int64(1), 4, 7], [3], [5]]",[0.15679243 0.14824852 0.04663773 0.05551131]
817,0.09738039803266213,"[[np.int64(0), 3, 5], [np.int64(1)], [np.int64(2), 4, 6], [7]]",[0.14824852 0.05551131 0.15679243 0.04663773]
818,0.09750491311108367,"[[np.int64(0), 4], [np.int64(1), 6], [np.int64(2), 5], [np.int64(3), 7]]",[0.09050859 0.1020555  0.1020555  0.11244588]
819,0.09750491311108456,"[[np.int64(0), 4], [np.int64(1), 7], [np.int64(2), 6], [np.int64(3), 5]]",[0.09050859 0.1020555  0.11244588 0.1020555 ]
820,0.09761649823856544,"[[np.int64(0), 3, 7], [np.int64(1)], [np.int64(2), 4], [5, 6]]",[0.15679243 0.05551131 0.09589443 0.09875572]
821,0.09761649823856544,"[[np.int64(0), 6], [np.int64(1), 2], [3, 4, 7], [5]]",[0.09589443 0.09875572 0.15679243 0.05551131]
822,0.09761649823856594,"[[np.int64(0), 7], [np.int64(1), 3], [np.int64(2), 4, 6], [5]]",[0.09589443 0.09875572 0.15679243 0.05551131]
823,0.09761649823856605,"[[np.int64(0), 2, 6], [np.int64(1)], [3, 4], [5, 7]]",[0.15679243 0.05551131 0.09589443 0.09875572]
824,0.09781930715756515,"[[np.int64(0), 7], [np.int64(1), 4, 5, 6], [np.int64(2)], [np.int64(3)]]",[0.09589443 0.21758118 0.04663773 0.04663773]
825,0.0978193071575652,"[[np.int64(0), np.int64(1), np.int64(2), 5], [3, 4], [6], [7]]",[0.21758118 0.09589443 0.04663773 0.04663773]
826,0.09781930715756548,"[[np.int64(0), np.int64(1), 5, 7], [2], [3], [4, 6]]",[0.23087097 0.04663773 0.04663773 0.08260464]
827,0.09781930715756548,"[[np.int64(0), np.int64(1), 5, 6], [2], [3], [4, 7]]",[0.23087097 0.04663773 0.04663773 0.08260464]
828,0.09781930715756548,"[[np.int64(0), 3], [np.int64(1), 2, 4, 5], [6], [7]]",[0.08260464 0.23087097 0.04663773 0.04663773]
829,0.09781930715756565,"[[np.int64(0), 2], [np.int64(1), 3, 4, 5], [6], [7]]",[0.08260464 0.23087097 0.04663773 0.04663773]
830,0.09781930715756587,"[[np.int64(0), 6], [np.int64(1), 4, 5, 7], [np.int64(2)], [np.int64(3)]]",[0.09589443 0.21758118 0.04663773 0.04663773]
831,0.09781930715756598,"[[np.int64(0), np.int64(1), 3, 5], [2, 4], [6], [7]]",[0.21758118 0.09589443 0.04663773 0.04663773]
832,0.09789447791356776,"[[np.int64(0), 4, 7], [np.int64(1), 2], [3, 6], [5]]",[0.14061581 0.09875572 0.11179306 0.05551131]
833,0.09789447791356781,"[[np.int64(0), 3, 4], [np.int64(1)], [np.int64(2), 7], [5, 6]]",[0.14061581 0.05551131 0.11179306 0.09875572]
834,0.09789447791356837,"[[np.int64(0), 4, 6], [np.int64(1), 3], [np.int64(2), 7], [5]]",[0.14061581 0.09875572 0.11179306 0.05551131]
835,0.09789447791356859,"[[np.int64(0), 2, 4], [np.int64(1)], [3, 6], [5, 7]]",[0.14061581 0.05551131 0.11179306 0.09875572]
836,0.09798801555776887,"[[np.int64(0), 3, 4], [np.int64(1)], [np.int64(2), 5, 7], [6]]",[0.14061581 0.05551131 0.16381751 0.04663773]
837,0.09798801555776893,"[[np.int64(0), 4, 7], [np.int64(1), 3, 6], [np.int64(2)], [5]]",[0.14061581 0.16381751 0.04663773 0.05551131]
838,0.09798801555776898,"[[np.int64(0), 4, 7], [np.int64(1)], [np.int64(2)], [np.int64(3), 5, 6]]",[0.14061581 0.05551131 0.04663773 0.16381751]
839,0.09798801555776898,"[[np.int64(0), 3, 4], [np.int64(1), 2, 7], [5], [6]]",[0.14061581 0.16381751 0.05551131 0.04663773]
840,0.09798801555776937,"[[np.int64(0), 4, 6], [np.int64(1)], [np.int64(2), 5, 7], [np.int64(3)]]",[0.14061581 0.05551131 0.16381751 0.04663773]
841,0.09798801555776948,"[[np.int64(0), 4, 6], [np.int64(1), 2, 7], [3], [5]]",[0.14061581 0.16381751 0.04663773 0.05551131]
842,0.09798801555776965,"[[np.int64(0), 2, 4], [np.int64(1), 3, 6], [5], [7]]",[0.14061581 0.16381751 0.05551131 0.04663773]
843,0.09798801555776976,"[[np.int64(0), 2, 4], [np.int64(1)], [3, 5, 6], [7]]",[0.14061581 0.05551131 0.16381751 0.04663773]
844,0.09803321328330061,"[[np.int64(0), 2, 7], [np.int64(1), 4, 6], [3], [5]]",[0.15613961 0.14824852 0.04663773 0.05551131]
845,0.09803321328330072,"[[np.int64(0), 2, 5], [np.int64(1)], [3, 4, 6], [7]]",[0.14824852 0.05551131 0.15613961 0.04663773]
846,0.09803321328330106,"[[np.int64(0), 3, 5], [np.int64(1)], [np.int64(2), 4, 7], [6]]",[0.14824852 0.05551131 0.15613961 0.04663773]
847,0.09803321328330117,"[[np.int64(0), 3, 6], [np.int64(1), 4, 7], [np.int64(2)], [5]]",[0.15613961 0.14824852 0.04663773 0.05551131]
848,0.09815772836172343,"[[np.int64(0), 4], [np.int64(1), 6], [np.int64(2), 7], [np.int64(3), 5]]",[0.09050859 0.1020555  0.11179306 0.1020555 ]
849,0.09815772836172354,"[[np.int64(0), 4], [np.int64(1), 7], [np.int64(2), 5], [np.int64(3), 6]]",[0.09050859 0.1020555  0.1020555  0.11179306]
850,0.09826931348920465,"[[np.int64(0), 2, 7], [np.int64(1)], [3, 4], [5, 6]]",[0.15613961 0.05551131 0.09589443 0.09875572]
851,0.09826931348920465,"[[np.int64(0), 7], [np.int64(1), 2], [3, 4, 6], [5]]",[0.09589443 0.09875572 0.15613961 0.05551131]
852,0.09826931348920553,"[[np.int64(0), 6], [np.int64(1), 3], [np.int64(2), 4, 7], [5]]",[0.09589443 0.09875572 0.15613961 0.05551131]
853,0.0982693134892057,"[[np.int64(0), 3, 6], [np.int64(1)], [np.int64(2), 4], [5, 7]]",[0.15613961 0.05551131 0.09589443 0.09875572]
854,0.09836597489762244,"[[np.int64(0), 3], [np.int64(1), 4, 5], [np.int64(2)], [6, 7]]",[0.08260464 0.17934046 0.04663773 0.09762157]
855,0.09836597489762244,"[[np.int64(0), np.int64(1), 5], [2, 3], [4, 7], [6]]",[0.17934046 0.09762157 0.08260464 0.04663773]
856,0.09836597489762255,"[[np.int64(0), 2], [np.int64(1), 4, 5], [3], [6, 7]]",[0.08260464 0.17934046 0.04663773 0.09762157]
857,0.09836597489762255,"[[np.int64(0), np.int64(1), 5], [2, 3], [4, 6], [7]]",[0.17934046 0.09762157 0.08260464 0.04663773]
858,0.09856243769615347,"[[np.int64(0), np.int64(1)], [2, 7], [3, 6], [4, 5]]",[0.09121091 0.11179306 0.11179306 0.09121091]
859,0.09915101936683368,"[[np.int64(0), 6, 7], [np.int64(1), 2], [3, 4], [5]]",[0.15525791 0.09875572 0.09589443 0.05551131]
860,0.09915101936683379,"[[np.int64(0), 7], [np.int64(1)], [np.int64(2), 3, 4], [5, 6]]",[0.09589443 0.05551131 0.15525791 0.09875572]
861,0.09915101936683435,"[[np.int64(0), 6, 7], [np.int64(1), 3], [np.int64(2), 4], [5]]",[0.15525791 0.09875572 0.09589443 0.05551131]
862,0.0991510193668344,"[[np.int64(0), 6], [np.int64(1)], [np.int64(2), 3, 4], [5, 7]]",[0.09589443 0.05551131 0.15525791 0.09875572]
863,0.09925688541766575,"[[np.int64(0), 3, 5, 7], [np.int64(1), 2], [4], [6]]",[0.21904298 0.09875572 0.04087706 0.04663773]
864,0.09925688541766592,"[[np.int64(0)], [np.int64(1), 3, 4, 7], [np.int64(2)], [5, 6]]",[0.04087706 0.21904298 0.04663773 0.09875572]
865,0.09925688541766647,"[[np.int64(0), 2, 5, 6], [np.int64(1), 3], [4], [7]]",[0.21904298 0.09875572 0.04087706 0.04663773]
866,0.09925688541766653,"[[np.int64(0)], [np.int64(1), 2, 4, 6], [3], [5, 7]]",[0.04087706 0.21904298 0.04663773 0.09875572]
867,0.09949417728230292,"[[np.int64(0), 3, 7], [np.int64(1)], [np.int64(2), 4, 5], [6]]",[0.15679243 0.05551131 0.14613474 0.04663773]
868,0.09949417728230298,"[[np.int64(0), np.int64(1), 6], [2], [3, 4, 7], [5]]",[0.14613474 0.04663773 0.15679243 0.05551131]
869,0.09949417728230364,"[[np.int64(0), np.int64(1), 7], [2, 4, 6], [3], [5]]",[0.14613474 0.15679243 0.04663773 0.05551131]
870,0.09949417728230375,"[[np.int64(0), 2, 6], [np.int64(1)], [3, 4, 5], [7]]",[0.15679243 0.05551131 0.14613474 0.04663773]
871,0.09990970066830529,"[[np.int64(0), 2, 5, 7], [np.int64(1), 3], [4], [6]]",[0.21839017 0.09875572 0.04087706 0.04663773]
872,0.09990970066830551,"[[np.int64(0)], [np.int64(1), 3, 4, 6], [np.int64(2)], [5, 7]]",[0.04087706 0.21839017 0.04663773 0.09875572]
873,0.09990970066830568,"[[np.int64(0)], [np.int64(1), 2, 4, 7], [3], [5, 6]]",[0.04087706 0.21839017 0.04663773 0.09875572]
874,0.09990970066830573,"[[np.int64(0), 3, 5, 6], [np.int64(1), 2], [4], [7]]",[0.21839017 0.09875572 0.04087706 0.04663773]
875,0.0999783000394942,"[[np.int64(0), 6, 7], [np.int64(1)], [np.int64(2), 3, 5], [4]]",[0.15525791 0.05551131 0.1529458  0.04087706]
876,0.09997830003949437,"[[np.int64(0)], [np.int64(1), 6, 7], [np.int64(2), 3, 4], [5]]",[0.04087706 0.1529458  0.15525791 0.05551131]
877,0.1001469925329424,"[[np.int64(0), 2, 7], [np.int64(1)], [3, 4, 5], [6]]",[0.15613961 0.05551131 0.14613474 0.04663773]
878,0.10014699253294257,"[[np.int64(0), np.int64(1), 7], [2], [3, 4, 6], [5]]",[0.14613474 0.04663773 0.15613961 0.05551131]
879,0.10014699253294296,"[[np.int64(0), np.int64(1), 6], [2, 4, 7], [3], [5]]",[0.14613474 0.15613961 0.04663773 0.05551131]
880,0.10014699253294307,"[[np.int64(0), 3, 6], [np.int64(1)], [np.int64(2), 4, 5], [7]]",[0.15613961 0.05551131 0.14613474 0.04663773]
881,0.10034158746927724,"[[np.int64(0), np.int64(1), 4, 6, 7], [2], [3], [5]]",[0.25544203 0.04663773 0.04663773 0.05551131]
882,0.1003415874692774,"[[np.int64(0), 2, 3, 4, 5], [np.int64(1)], [6], [7]]",[0.25544203 0.05551131 0.04663773 0.04663773]
883,0.10077371446704275,"[[np.int64(0), 3, 5, 7], [np.int64(1)], [np.int64(2)], [4, 6]]",[0.21904298 0.05551131 0.04663773 0.08260464]
884,0.10077371446704297,"[[np.int64(0), 2], [np.int64(1), 3, 4, 7], [5], [6]]",[0.08260464 0.21904298 0.05551131 0.04663773]
885,0.1007737144670432,"[[np.int64(0), 2, 5, 6], [np.int64(1)], [3], [4, 7]]",[0.21904298 0.05551131 0.04663773 0.08260464]
886,0.10077371446704325,"[[np.int64(0), 3], [np.int64(1), 2, 4, 6], [5], [7]]",[0.08260464 0.21904298 0.05551131 0.04663773]
887,0.10085704306507876,"[[np.int64(0), 4, 6, 7], [np.int64(1)], [np.int64(2), 3], [5]]",[0.19506915 0.05551131 0.09762157 0.05551131]
888,0.10085704306507898,"[[np.int64(0), 2, 3, 4], [np.int64(1)], [5], [6, 7]]",[0.19506915 0.05551131 0.05551131 0.09762157]
889,0.10089822954546551,"[[np.int64(0), 4], [np.int64(1), 3, 7], [np.int64(2), 5], [6]]",[0.09050859 0.16447033 0.1020555  0.04663773]
890,0.10089822954546562,"[[np.int64(0), 4], [np.int64(1), 6], [np.int64(2)], [np.int64(3), 5, 7]]",[0.09050859 0.1020555  0.04663773 0.16447033]
891,0.10089822954546573,"[[np.int64(0), 4], [np.int64(1), 2, 6], [3, 5], [7]]",[0.09050859 0.16447033 0.1020555  0.04663773]
892,0.10089822954546573,"[[np.int64(0), 4], [np.int64(1), 7], [np.int64(2), 5, 6], [np.int64(3)]]",[0.09050859 0.1020555  0.16447033 0.04663773]
893,0.10094342727099692,"[[np.int64(0)], [np.int64(1), 4, 6], [np.int64(2), 5], [np.int64(3), 7]]",[0.04087706 0.14824852 0.1020555  0.11244588]
894,0.10094342727099703,"[[np.int64(0), 2, 5], [np.int64(1), 6], [3, 7], [4]]",[0.14824852 0.1020555  0.11244588 0.04087706]
895,0.10094342727099764,"[[np.int64(0), 3, 5], [np.int64(1), 7], [np.int64(2), 6], [4]]",[0.14824852 0.1020555  0.11244588 0.04087706]
896,0.1009434272709977,"[[np.int64(0)], [np.int64(1), 4, 7], [np.int64(2), 6], [np.int64(3), 5]]",[0.04087706 0.14824852 0.11244588 0.1020555 ]
897,0.1010286984105715,"[[np.int64(0), 6, 7], [np.int64(1)], [np.int64(2)], [np.int64(3), 4, 5]]",[0.15525791 0.05551131 0.04663773 0.14613474]
898,0.1010286984105716,"[[np.int64(0), np.int64(1), 7], [2, 3, 4], [5], [6]]",[0.14613474 0.15525791 0.05551131 0.04663773]
899,0.10102869841057166,"[[np.int64(0), 6, 7], [np.int64(1)], [np.int64(2), 4, 5], [np.int64(3)]]",[0.15525791 0.05551131 0.14613474 0.04663773]
900,0.10102869841057183,"[[np.int64(0), np.int64(1), 6], [2, 3, 4], [5], [7]]",[0.14613474 0.15525791 0.05551131 0.04663773]
901,0.10112223605477255,"[[np.int64(0), np.int64(1), 6, 7], [2], [3, 4], [5]]",[0.20540468 0.04663773 0.09589443 0.05551131]
902,0.10112223605477255,"[[np.int64(0), 7], [np.int64(1)], [np.int64(2), 3, 4, 5], [6]]",[0.09589443 0.05551131 0.20540468 0.04663773]
903,0.10112223605477294,"[[np.int64(0), np.int64(1), 6, 7], [2, 4], [3], [5]]",[0.20540468 0.09589443 0.04663773 0.05551131]
904,0.10112223605477305,"[[np.int64(0), 6], [np.int64(1)], [np.int64(2), 3, 4, 5], [7]]",[0.09589443 0.05551131 0.20540468 0.04663773]
905,0.10113206845523304,"[[np.int64(0)], [np.int64(1), 2, 3, 5], [4], [6, 7]]",[0.04087706 0.22406261 0.04087706 0.09762157]
906,0.10113206845523315,"[[np.int64(0)], [np.int64(1), 5, 6, 7], [np.int64(2), 3], [4]]",[0.04087706 0.22406261 0.09762157 0.04087706]
907,0.10127306512110246,"[[np.int64(0), 7], [np.int64(1), 2, 6], [3, 5], [4]]",[0.09589443 0.16447033 0.1020555  0.04087706]
908,0.10127306512110246,"[[np.int64(0)], [np.int64(1), 7], [np.int64(2), 5, 6], [np.int64(3), 4]]",[0.04087706 0.1020555  0.16447033 0.09589443]
909,0.10127306512110268,"[[np.int64(0), 6], [np.int64(1), 3, 7], [np.int64(2), 5], [4]]",[0.09589443 0.16447033 0.1020555  0.04087706]
910,0.10127306512110279,"[[np.int64(0)], [np.int64(1), 6], [np.int64(2), 4], [np.int64(3), 5, 7]]",[0.04087706 0.1020555  0.09589443 0.16447033]
911,0.10142652971768212,"[[np.int64(0), 2, 5, 7], [np.int64(1)], [3], [4, 6]]",[0.21839017 0.05551131 0.04663773 0.08260464]
912,0.10142652971768246,"[[np.int64(0), 2], [np.int64(1), 3, 4, 6], [5], [7]]",[0.08260464 0.21839017 0.05551131 0.04663773]
913,0.10142652971768262,"[[np.int64(0), 3], [np.int64(1), 2, 4, 7], [5], [6]]",[0.08260464 0.21839017 0.05551131 0.04663773]
914,0.10142652971768262,"[[np.int64(0), 3, 5, 6], [np.int64(1)], [np.int64(2)], [4, 7]]",[0.21839017 0.05551131 0.04663773 0.08260464]
915,0.10155104479610483,"[[np.int64(0), 4], [np.int64(1), 6], [np.int64(2), 5, 7], [np.int64(3)]]",[0.09050859 0.1020555  0.16381751 0.04663773]
916,0.10155104479610494,"[[np.int64(0), 4], [np.int64(1), 3, 6], [np.int64(2), 5], [7]]",[0.09050859 0.16381751 0.1020555  0.04663773]
917,0.10155104479610516,"[[np.int64(0), 4], [np.int64(1), 2, 7], [3, 5], [6]]",[0.09050859 0.16381751 0.1020555  0.04663773]
918,0.10155104479610533,"[[np.int64(0), 4], [np.int64(1), 7], [np.int64(2)], [np.int64(3), 5, 6]]",[0.09050859 0.1020555  0.04663773 0.16381751]
919,0.10159624252163657,"[[np.int64(0), 3, 5], [np.int64(1), 6], [np.int64(2), 7], [4]]",[0.14824852 0.1020555  0.11179306 0.04087706]
920,0.10159624252163668,"[[np.int64(0)], [np.int64(1), 4, 7], [np.int64(2), 5], [np.int64(3), 6]]",[0.04087706 0.14824852 0.1020555  0.11179306]
921,0.10159624252163679,"[[np.int64(0)], [np.int64(1), 4, 6], [np.int64(2), 7], [np.int64(3), 5]]",[0.04087706 0.14824852 0.11179306 0.1020555 ]
922,0.10159624252163685,"[[np.int64(0), 2, 5], [np.int64(1), 7], [3, 6], [4]]",[0.14824852 0.1020555  0.11179306 0.04087706]
923,0.10174420537080592,"[[np.int64(0), 7], [np.int64(1), 3, 4], [np.int64(2), 5], [6]]",[0.09589443 0.15823852 0.1020555  0.04663773]
924,0.10174420537080597,"[[np.int64(0), 5, 7], [np.int64(1), 6], [np.int64(2)], [np.int64(3), 4]]",[0.15823852 0.1020555  0.04663773 0.09589443]
925,0.10174420537080642,"[[np.int64(0), 5, 7], [np.int64(1), 6], [np.int64(2), 4], [np.int64(3)]]",[0.15823852 0.1020555  0.09589443 0.04663773]
926,0.10174420537080642,"[[np.int64(0), 6], [np.int64(1), 3, 4], [np.int64(2), 5], [7]]",[0.09589443 0.15823852 0.1020555  0.04663773]
927,0.10174420537080653,"[[np.int64(0), 5, 6], [np.int64(1), 7], [np.int64(2)], [np.int64(3), 4]]",[0.15823852 0.1020555  0.04663773 0.09589443]
928,0.10174420537080653,"[[np.int64(0), 7], [np.int64(1), 2, 4], [3, 5], [6]]",[0.09589443 0.15823852 0.1020555  0.04663773]
929,0.10174420537080703,"[[np.int64(0), 6], [np.int64(1), 2, 4], [3, 5], [7]]",[0.09589443 0.15823852 0.1020555  0.04663773]
930,0.10174420537080703,"[[np.int64(0), 5, 6], [np.int64(1), 7], [np.int64(2), 4], [np.int64(3)]]",[0.15823852 0.1020555  0.09589443 0.04663773]
931,0.10185282897620496,"[[np.int64(0), np.int64(1), np.int64(2), 5], [3], [4], [6, 7]]",[0.21758118 0.04663773 0.04087706 0.09762157]
932,0.10185282897620496,"[[np.int64(0)], [np.int64(1), 4, 5, 6], [np.int64(2), 3], [7]]",[0.04087706 0.21758118 0.09762157 0.04663773]
933,0.10185282897620529,"[[np.int64(0), np.int64(1), 3, 5], [2], [4], [6, 7]]",[0.21758118 0.04663773 0.04087706 0.09762157]
934,0.10185282897620529,"[[np.int64(0)], [np.int64(1), 4, 5, 7], [np.int64(2), 3], [6]]",[0.04087706 0.21758118 0.09762157 0.04663773]
935,0.10192588037174155,"[[np.int64(0)], [np.int64(1), 6], [np.int64(2), 5, 7], [np.int64(3), 4]]",[0.04087706 0.1020555  0.16381751 0.09589443]
936,0.1019258803717416,"[[np.int64(0), 7], [np.int64(1), 3, 6], [np.int64(2), 5], [4]]",[0.09589443 0.16381751 0.1020555  0.04087706]
937,0.10192588037174238,"[[np.int64(0), 6], [np.int64(1), 2, 7], [3, 5], [4]]",[0.09589443 0.16381751 0.1020555  0.04087706]
938,0.10192588037174255,"[[np.int64(0)], [np.int64(1), 7], [np.int64(2), 4], [np.int64(3), 5, 6]]",[0.04087706 0.1020555  0.09589443 0.16381751]
939,0.10247794839926538,"[[np.int64(0), 7], [np.int64(1), 4], [np.int64(2), 3, 5], [6]]",[0.09589443 0.10661447 0.1529458  0.04663773]
940,0.1024779483992655,"[[np.int64(0), 5], [np.int64(1), 6, 7], [np.int64(2)], [np.int64(3), 4]]",[0.10661447 0.1529458  0.04663773 0.09589443]
941,0.10247794839926588,"[[np.int64(0), 6], [np.int64(1), 4], [np.int64(2), 3, 5], [7]]",[0.09589443 0.10661447 0.1529458  0.04663773]
942,0.10247794839926594,"[[np.int64(0), 5], [np.int64(1), 6, 7], [np.int64(2), 4], [np.int64(3)]]",[0.10661447 0.1529458  0.09589443 0.04663773]
943,0.10274738010989087,"[[np.int64(0), 4, 5], [np.int64(1)], [np.int64(2), 3], [6, 7]]",[0.15106855 0.05551131 0.09762157 0.09762157]
944,0.10274738010989098,"[[np.int64(0), np.int64(1), 4], [2, 3], [5], [6, 7]]",[0.15106855 0.09762157 0.05551131 0.09762157]
945,0.10278989417047874,"[[np.int64(0), 3, 7], [np.int64(1), 6], [np.int64(2), 5], [4]]",[0.15679243 0.1020555  0.1020555  0.04087706]
946,0.10278989417047879,"[[np.int64(0)], [np.int64(1), 6], [np.int64(2), 5], [np.int64(3), 4, 7]]",[0.04087706 0.1020555  0.1020555  0.15679243]
947,0.10278989417048023,"[[np.int64(0)], [np.int64(1), 7], [np.int64(2), 4, 6], [np.int64(3), 5]]",[0.04087706 0.1020555  0.15679243 0.1020555 ]
948,0.10278989417048029,"[[np.int64(0), 2, 6], [np.int64(1), 7], [3, 5], [4]]",[0.15679243 0.1020555  0.1020555  0.04087706]
949,0.10286795330102233,"[[np.int64(0), 7], [np.int64(1), 2, 5], [3], [4, 6]]",[0.09589443 0.17656562 0.04663773 0.08260464]
950,0.10286795330102255,"[[np.int64(0), 2], [np.int64(1), 5, 6], [3, 4], [7]]",[0.08260464 0.17656562 0.09589443 0.04663773]
951,0.10286795330102272,"[[np.int64(0), 6], [np.int64(1), 2, 5], [3], [4, 7]]",[0.09589443 0.17656562 0.04663773 0.08260464]
952,0.10286795330102277,"[[np.int64(0), 7], [np.int64(1), 3, 5], [np.int64(2)], [4, 6]]",[0.09589443 0.17656562 0.04663773 0.08260464]
953,0.10286795330102289,"[[np.int64(0), 3], [np.int64(1), 5, 6], [np.int64(2), 4], [7]]",[0.08260464 0.17656562 0.09589443 0.04663773]
954,0.10286795330102294,"[[np.int64(0), 2], [np.int64(1), 5, 7], [3, 4], [6]]",[0.08260464 0.17656562 0.09589443 0.04663773]
955,0.10286795330102311,"[[np.int64(0), 6], [np.int64(1), 3, 5], [np.int64(2)], [4, 7]]",[0.09589443 0.17656562 0.04663773 0.08260464]
956,0.10286795330102327,"[[np.int64(0), 3], [np.int64(1), 5, 7], [np.int64(2), 4], [6]]",[0.08260464 0.17656562 0.09589443 0.04663773]
957,0.10288749371668476,"[[np.int64(0), 7], [np.int64(1)], [np.int64(2), 4, 5, 6], [np.int64(3)]]",[0.09589443 0.05551131 0.20363942 0.04663773]
958,0.10288749371668482,"[[np.int64(0), 6], [np.int64(1)], [np.int64(2)], [np.int64(3), 4, 5, 7]]",[0.09589443 0.05551131 0.04663773 0.20363942]
959,0.10288749371668482,"[[np.int64(0), np.int64(1), 3, 7], [2, 4], [5], [6]]",[0.20363942 0.09589443 0.05551131 0.04663773]
960,0.10288749371668487,"[[np.int64(0), np.int64(1), np.int64(2), 6], [3, 4], [5], [7]]",[0.20363942 0.09589443 0.05551131 0.04663773]
961,0.10305720652063888,"[[np.int64(0)], [np.int64(1), 6], [np.int64(2), 4, 5], [np.int64(3), 7]]",[0.04087706 0.1020555  0.14613474 0.11244588]
962,0.10305720652063888,"[[np.int64(0), np.int64(1), 6], [2, 5], [3, 7], [4]]",[0.14613474 0.1020555  0.11244588 0.04087706]
963,0.10305720652063927,"[[np.int64(0), np.int64(1), 7], [2, 6], [3, 5], [4]]",[0.14613474 0.11244588 0.1020555  0.04087706]
964,0.10305720652063938,"[[np.int64(0)], [np.int64(1), 7], [np.int64(2), 6], [np.int64(3), 4, 5]]",[0.04087706 0.1020555  0.11244588 0.14613474]
965,0.10327612038138084,"[[np.int64(0), np.int64(1), 5], [2], [3], [4, 6, 7]]",[0.17934046 0.04663773 0.04663773 0.12867834]
966,0.10327612038138101,"[[np.int64(0), 2, 3], [np.int64(1), 4, 5], [6], [7]]",[0.12867834 0.17934046 0.04663773 0.04663773]
967,0.10344270942111872,"[[np.int64(0), 2, 7], [np.int64(1), 6], [3, 5], [4]]",[0.15613961 0.1020555  0.1020555  0.04087706]
968,0.10344270942111877,"[[np.int64(0)], [np.int64(1), 7], [np.int64(2), 5], [np.int64(3), 4, 6]]",[0.04087706 0.1020555  0.1020555  0.15613961]
969,0.10344270942111905,"[[np.int64(0)], [np.int64(1), 6], [np.int64(2), 4, 7], [np.int64(3), 5]]",[0.04087706 0.1020555  0.15613961 0.1020555 ]
970,0.10344270942111916,"[[np.int64(0), 3, 6], [np.int64(1), 7], [np.int64(2), 5], [4]]",[0.15613961 0.1020555  0.1020555  0.04087706]
971,0.10354030896732386,"[[np.int64(0), np.int64(1), np.int64(2), 7], [3, 4], [5], [6]]",[0.20298661 0.09589443 0.05551131 0.04663773]
972,0.10354030896732397,"[[np.int64(0), 7], [np.int64(1)], [np.int64(2)], [np.int64(3), 4, 5, 6]]",[0.09589443 0.05551131 0.04663773 0.20298661]
973,0.10354030896732452,"[[np.int64(0), 6], [np.int64(1)], [np.int64(2), 4, 5, 7], [np.int64(3)]]",[0.09589443 0.05551131 0.20298661 0.04663773]
974,0.10354030896732475,"[[np.int64(0), np.int64(1), 3, 6], [2, 4], [5], [7]]",[0.20298661 0.09589443 0.05551131 0.04663773]
975,0.10371002177127825,"[[np.int64(0), np.int64(1), 7], [2, 5], [3, 6], [4]]",[0.14613474 0.1020555  0.11179306 0.04087706]
976,0.10371002177127825,"[[np.int64(0)], [np.int64(1), 6], [np.int64(2), 7], [np.int64(3), 4, 5]]",[0.04087706 0.1020555  0.11179306 0.14613474]
977,0.10371002177127875,"[[np.int64(0), np.int64(1), 6], [2, 7], [3, 5], [4]]",[0.14613474 0.11179306 0.1020555  0.04087706]
978,0.1037100217712788,"[[np.int64(0)], [np.int64(1), 7], [np.int64(2), 4, 5], [np.int64(3), 6]]",[0.04087706 0.1020555  0.14613474 0.11179306]
979,0.10371754141921075,"[[np.int64(0), 3, 4, 5], [np.int64(1)], [np.int64(2)], [6, 7]]",[0.20108223 0.05551131 0.04663773 0.09762157]
980,0.10371754141921075,"[[np.int64(0), np.int64(1), 4, 7], [2, 3], [5], [6]]",[0.20108223 0.09762157 0.05551131 0.04663773]
981,0.10371754141921102,"[[np.int64(0), 2, 4, 5], [np.int64(1)], [3], [6, 7]]",[0.20108223 0.05551131 0.04663773 0.09762157]
982,0.10371754141921108,"[[np.int64(0), np.int64(1), 4, 6], [2, 3], [5], [7]]",[0.20108223 0.09762157 0.05551131 0.04663773]
983,0.10397865126558464,"[[np.int64(0)], [np.int64(1), 5], [np.int64(2), 3], [4, 6, 7]]",[0.04087706 0.13341475 0.09762157 0.12867834]
984,0.10397865126558475,"[[np.int64(0), 2, 3], [np.int64(1), 5], [4], [6, 7]]",[0.12867834 0.13341475 0.04087706 0.09762157]
985,0.10409118533611478,"[[np.int64(0), 5, 6, 7], [np.int64(1), 2], [3], [4]]",[0.21420868 0.09875572 0.04663773 0.04087706]
986,0.10409118533611489,"[[np.int64(0), 5, 6, 7], [np.int64(1), 3], [np.int64(2)], [4]]",[0.21420868 0.09875572 0.04663773 0.04087706]
987,0.10409118533611489,"[[np.int64(0)], [np.int64(1), 2, 3, 4], [5, 6], [7]]",[0.04087706 0.21420868 0.09875572 0.04663773]
988,0.10409118533611506,"[[np.int64(0)], [np.int64(1), 2, 3, 4], [5, 7], [6]]",[0.04087706 0.21420868 0.09875572 0.04663773]
989,0.10410447069144457,"[[np.int64(0), 4], [np.int64(1), 2], [3, 7], [5, 6]]",[0.09050859 0.09875572 0.11244588 0.09875572]
990,0.1041044706914453,"[[np.int64(0), 4], [np.int64(1), 3], [np.int64(2), 6], [5, 7]]",[0.09050859 0.09875572 0.11244588 0.09875572]
991,0.10414966841697637,"[[np.int64(0), 5], [np.int64(1), 2], [3, 7], [4, 6]]",[0.10661447 0.09875572 0.11244588 0.08260464]
992,0.10414966841697659,"[[np.int64(0), 2], [np.int64(1), 4], [3, 7], [5, 6]]",[0.08260464 0.10661447 0.11244588 0.09875572]
993,0.1041496684169767,"[[np.int64(0), 5], [np.int64(1), 3], [np.int64(2), 6], [4, 7]]",[0.10661447 0.09875572 0.11244588 0.08260464]
994,0.10414966841697687,"[[np.int64(0), 3], [np.int64(1), 4], [np.int64(2), 6], [5, 7]]",[0.08260464 0.10661447 0.11244588 0.09875572]
995,0.10419800833564596,"[[np.int64(0), 4], [np.int64(1), 2], [3, 5, 7], [6]]",[0.09050859 0.09875572 0.16447033 0.04663773]
996,0.10419800833564608,"[[np.int64(0), 4], [np.int64(1), 2, 6], [3], [5, 7]]",[0.09050859 0.16447033 0.04663773 0.09875572]
997,0.10419800833564608,"[[np.int64(0), 4], [np.int64(1), 3, 7], [np.int64(2)], [5, 6]]",[0.09050859 0.16447033 0.04663773 0.09875572]
998,0.10419800833564608,"[[np.int64(0), 4], [np.int64(1), 3], [np.int64(2), 5, 6], [7]]",[0.09050859 0.09875572 0.16447033 0.04663773]
999,0.10424320606117754,"[[np.int64(0), 5], [np.int64(1), 2, 6], [3], [4, 7]]",[0.10661447 0.16447033 0.04663773 0.08260464]
1000,0.1042432060611776,"[[np.int64(0), 3], [np.int64(1), 4], [np.int64(2), 5, 6], [7]]",[0.08260464 0.10661447 0.16447033 0.04663773]
1001,0.10424320606117782,"[[np.int64(0), 5], [np.int64(1), 3, 7], [np.int64(2)], [4, 6]]",[0.10661447 0.16447033 0.04663773 0.08260464]
1002,0.10424320606117793,"[[np.int64(0), 2], [np.int64(1), 4], [3, 5, 7], [6]]",[0.08260464 0.10661447 0.16447033 0.04663773]
1003,0.10433674370537882,"[[np.int64(0), 2, 5], [np.int64(1), 3, 7], [4], [6]]",[0.14824852 0.16447033 0.04087706 0.04663773]
1004,0.10433674370537882,"[[np.int64(0)], [np.int64(1), 4, 7], [np.int64(2), 5, 6], [np.int64(3)]]",[0.04087706 0.14824852 0.16447033 0.04663773]
1005,0.10433674370537888,"[[np.int64(0), 3, 5], [np.int64(1), 2, 6], [4], [7]]",[0.14824852 0.16447033 0.04087706 0.04663773]
1006,0.10433674370537888,"[[np.int64(0)], [np.int64(1), 4, 6], [np.int64(2)], [np.int64(3), 5, 7]]",[0.04087706 0.14824852 0.04663773 0.16447033]
1007,0.10457284391128274,"[[np.int64(0), 7], [np.int64(1), 3], [np.int64(2), 5, 6], [4]]",[0.09589443 0.09875572 0.16447033 0.04087706]
1008,0.10457284391128291,"[[np.int64(0)], [np.int64(1), 2, 6], [3, 4], [5, 7]]",[0.04087706 0.16447033 0.09589443 0.09875572]
1009,0.10457284391128319,"[[np.int64(0), 6], [np.int64(1), 2], [3, 5, 7], [4]]",[0.09589443 0.09875572 0.16447033 0.04087706]
1010,0.1045728439112833,"[[np.int64(0)], [np.int64(1), 3, 7], [np.int64(2), 4], [5, 6]]",[0.04087706 0.16447033 0.09589443 0.09875572]
1011,0.10475728594208433,"[[np.int64(0), 4], [np.int64(1), 3], [np.int64(2), 7], [5, 6]]",[0.09050859 0.09875572 0.11179306 0.09875572]
1012,0.10475728594208439,"[[np.int64(0), 4], [np.int64(1), 2], [3, 6], [5, 7]]",[0.09050859 0.09875572 0.11179306 0.09875572]
1013,0.10480248366761585,"[[np.int64(0), 5], [np.int64(1), 2], [3, 6], [4, 7]]",[0.10661447 0.09875572 0.11179306 0.08260464]
1014,0.10480248366761591,"[[np.int64(0), 3], [np.int64(1), 4], [np.int64(2), 7], [5, 6]]",[0.08260464 0.10661447 0.11179306 0.09875572]
1015,0.10480248366761608,"[[np.int64(0), 5], [np.int64(1), 3], [np.int64(2), 7], [4, 6]]",[0.10661447 0.09875572 0.11179306 0.08260464]
1016,0.1048024836676163,"[[np.int64(0), 2], [np.int64(1), 4], [3, 6], [5, 7]]",[0.08260464 0.10661447 0.11179306 0.09875572]
1017,0.10480788395508245,"[[np.int64(0), 5, 7], [np.int64(1), 4, 6], [np.int64(2)], [np.int64(3)]]",[0.15823852 0.14824852 0.04663773 0.04663773]
1018,0.1048078839550825,"[[np.int64(0), 2, 5], [np.int64(1), 3, 4], [6], [7]]",[0.14824852 0.15823852 0.04663773 0.04663773]
1019,0.10480788395508284,"[[np.int64(0), 5, 6], [np.int64(1), 4, 7], [np.int64(2)], [np.int64(3)]]",[0.15823852 0.14824852 0.04663773 0.04663773]
1020,0.10480788395508295,"[[np.int64(0), 3, 5], [np.int64(1), 2, 4], [6], [7]]",[0.14824852 0.15823852 0.04663773 0.04663773]
1021,0.10485082358628539,"[[np.int64(0), 4], [np.int64(1), 3], [np.int64(2), 5, 7], [6]]",[0.09050859 0.09875572 0.16381751 0.04663773]
1022,0.10485082358628545,"[[np.int64(0), 4], [np.int64(1), 2, 7], [3], [5, 6]]",[0.09050859 0.16381751 0.04663773 0.09875572]
1023,0.1048508235862855,"[[np.int64(0), 4], [np.int64(1), 2], [3, 5, 6], [7]]",[0.09050859 0.09875572 0.16381751 0.04663773]
1024,0.10485082358628556,"[[np.int64(0), 4], [np.int64(1), 3, 6], [np.int64(2)], [5, 7]]",[0.09050859 0.16381751 0.04663773 0.09875572]
1025,0.10489602131181697,"[[np.int64(0), 3], [np.int64(1), 4], [np.int64(2), 5, 7], [6]]",[0.08260464 0.10661447 0.16381751 0.04663773]
1026,0.10489602131181708,"[[np.int64(0), 5], [np.int64(1), 3, 6], [np.int64(2)], [4, 7]]",[0.10661447 0.16381751 0.04663773 0.08260464]
1027,0.10489602131181713,"[[np.int64(0), 5], [np.int64(1), 2, 7], [3], [4, 6]]",[0.10661447 0.16381751 0.04663773 0.08260464]
1028,0.10489602131181741,"[[np.int64(0), 2], [np.int64(1), 4], [3, 5, 6], [7]]",[0.08260464 0.10661447 0.16381751 0.04663773]
1029,0.10496868258501002,"[[np.int64(0), 6, 7], [np.int64(1)], [np.int64(2), 3], [4, 5]]",[0.15525791 0.05551131 0.09762157 0.09121091]
1030,0.10496868258501019,"[[np.int64(0), np.int64(1)], [2, 3, 4], [5], [6, 7]]",[0.09121091 0.15525791 0.05551131 0.09762157]
1031,0.10498955895601808,"[[np.int64(0)], [np.int64(1), 4, 6], [np.int64(2), 5, 7], [np.int64(3)]]",[0.04087706 0.14824852 0.16381751 0.04663773]
1032,0.10498955895601819,"[[np.int64(0), 2, 5], [np.int64(1), 3, 6], [4], [7]]",[0.14824852 0.16381751 0.04087706 0.04663773]
1033,0.1049895589560183,"[[np.int64(0), 3, 5], [np.int64(1), 2, 7], [4], [6]]",[0.14824852 0.16381751 0.04087706 0.04663773]
1034,0.10498955895601847,"[[np.int64(0)], [np.int64(1), 4, 7], [np.int64(2)], [np.int64(3), 5, 6]]",[0.04087706 0.14824852 0.04663773 0.16381751]
1035,0.10504398416098643,"[[np.int64(0), 5, 7], [np.int64(1), 2], [3, 4], [6]]",[0.15823852 0.09875572 0.09589443 0.04663773]
1036,0.10504398416098648,"[[np.int64(0), 7], [np.int64(1), 3, 4], [np.int64(2)], [5, 6]]",[0.09589443 0.15823852 0.04663773 0.09875572]
1037,0.1050439841609867,"[[np.int64(0), 7], [np.int64(1), 2, 4], [3], [5, 6]]",[0.09589443 0.15823852 0.04663773 0.09875572]
1038,0.10504398416098676,"[[np.int64(0), 5, 6], [np.int64(1), 2], [3, 4], [7]]",[0.15823852 0.09875572 0.09589443 0.04663773]
1039,0.10504398416098704,"[[np.int64(0), 5, 7], [np.int64(1), 3], [np.int64(2), 4], [6]]",[0.15823852 0.09875572 0.09589443 0.04663773]
1040,0.10504398416098709,"[[np.int64(0), 6], [np.int64(1), 3, 4], [np.int64(2)], [5, 7]]",[0.09589443 0.15823852 0.04663773 0.09875572]
1041,0.10504398416098737,"[[np.int64(0), 5, 6], [np.int64(1), 3], [np.int64(2), 4], [7]]",[0.15823852 0.09875572 0.09589443 0.04663773]
1042,0.10504398416098737,"[[np.int64(0), 6], [np.int64(1), 2, 4], [3], [5, 7]]",[0.09589443 0.15823852 0.04663773 0.09875572]
1043,0.1051557578734123,"[[np.int64(0), np.int64(1), 6, 7], [2, 3], [4], [5]]",[0.20540468 0.09762157 0.04087706 0.05551131]
1044,0.10515575787341236,"[[np.int64(0)], [np.int64(1)], [np.int64(2), 3, 4, 5], [6, 7]]",[0.04087706 0.05551131 0.20540468 0.09762157]
1045,0.10522565916192217,"[[np.int64(0)], [np.int64(1), 2, 7], [3, 4], [5, 6]]",[0.04087706 0.16381751 0.09589443 0.09875572]
1046,0.10522565916192222,"[[np.int64(0), 7], [np.int64(1), 2], [3, 5, 6], [4]]",[0.09589443 0.09875572 0.16381751 0.04087706]
1047,0.10522565916192261,"[[np.int64(0), 6], [np.int64(1), 3], [np.int64(2), 5, 7], [4]]",[0.09589443 0.09875572 0.16381751 0.04087706]
1048,0.10522565916192284,"[[np.int64(0)], [np.int64(1), 3, 6], [np.int64(2), 4], [5, 7]]",[0.04087706 0.16381751 0.09589443 0.09875572]
1049,0.10529669596853314,"[[np.int64(0), 4, 6, 7], [np.int64(1)], [np.int64(2), 5], [np.int64(3)]]",[0.19506915 0.05551131 0.1020555  0.04663773]
1050,0.10529669596853347,"[[np.int64(0), 4, 6, 7], [np.int64(1)], [np.int64(2)], [np.int64(3), 5]]",[0.19506915 0.05551131 0.04663773 0.1020555 ]
1051,0.10529669596853353,"[[np.int64(0), 2, 3, 4], [np.int64(1), 6], [5], [7]]",[0.19506915 0.1020555  0.05551131 0.04663773]
1052,0.10529669596853375,"[[np.int64(0), 2, 3, 4], [np.int64(1), 7], [5], [6]]",[0.19506915 0.1020555  0.05551131 0.04663773]
1053,0.10544808933934069,"[[np.int64(0), 2, 5], [np.int64(1), 4], [3], [6, 7]]",[0.14824852 0.10661447 0.04663773 0.09762157]
1054,0.10544808933934074,"[[np.int64(0), 5], [np.int64(1), 4, 6], [np.int64(2), 3], [7]]",[0.10661447 0.14824852 0.09762157 0.04663773]
1055,0.1054480893393408,"[[np.int64(0), 5], [np.int64(1), 4, 7], [np.int64(2), 3], [6]]",[0.10661447 0.14824852 0.09762157 0.04663773]
1056,0.10544808933934086,"[[np.int64(0), 3, 5], [np.int64(1), 4], [np.int64(2)], [6, 7]]",[0.14824852 0.10661447 0.04663773 0.09762157]
1057,0.10568418954524467,"[[np.int64(0), 7], [np.int64(1), 4], [np.int64(2), 3], [5, 6]]",[0.09589443 0.10661447 0.09762157 0.09875572]
1058,0.10568418954524467,"[[np.int64(0), 5], [np.int64(1), 2], [3, 4], [6, 7]]",[0.10661447 0.09875572 0.09589443 0.09762157]
1059,0.10568418954524528,"[[np.int64(0), 6], [np.int64(1), 4], [np.int64(2), 3], [5, 7]]",[0.09589443 0.10661447 0.09762157 0.09875572]
1060,0.10568418954524528,"[[np.int64(0), 5], [np.int64(1), 3], [np.int64(2), 4], [6, 7]]",[0.10661447 0.09875572 0.09589443 0.09762157]
1061,0.10576003511055443,"[[np.int64(0), 2, 5], [np.int64(1)], [3, 7], [4, 6]]",[0.14824852 0.05551131 0.11244588 0.08260464]
1062,0.10576003511055454,"[[np.int64(0), 2], [np.int64(1), 4, 6], [3, 7], [5]]",[0.08260464 0.14824852 0.11244588 0.05551131]
1063,0.10576003511055476,"[[np.int64(0), 3, 5], [np.int64(1)], [np.int64(2), 6], [4, 7]]",[0.14824852 0.05551131 0.11244588 0.08260464]
1064,0.10576003511055482,"[[np.int64(0), 3], [np.int64(1), 4, 7], [np.int64(2), 6], [5]]",[0.08260464 0.14824852 0.11244588 0.05551131]
1065,0.10577772718944578,"[[np.int64(0), 5, 7], [np.int64(1), 6], [np.int64(2), 3], [4]]",[0.15823852 0.1020555  0.09762157 0.04087706]
1066,0.10577772718944584,"[[np.int64(0)], [np.int64(1), 3, 4], [np.int64(2), 5], [6, 7]]",[0.04087706 0.15823852 0.1020555  0.09762157]
1067,0.10577772718944634,"[[np.int64(0), 5, 6], [np.int64(1), 7], [np.int64(2), 3], [4]]",[0.15823852 0.1020555  0.09762157 0.04087706]
1068,0.10577772718944639,"[[np.int64(0)], [np.int64(1), 2, 4], [3, 5], [6, 7]]",[0.04087706 0.15823852 0.1020555  0.09762157]
1069,0.10626344766661838,"[[np.int64(0), 7], [np.int64(1), 3], [np.int64(2), 6], [4, 5]]",[0.09589443 0.09875572 0.11244588 0.09121091]
1070,0.10626344766661844,"[[np.int64(0), 6], [np.int64(1), 2], [3, 7], [4, 5]]",[0.09589443 0.09875572 0.11244588 0.09121091]
1071,0.1062634476666185,"[[np.int64(0), np.int64(1)], [2, 6], [3, 4], [5, 7]]",[0.09121091 0.11244588 0.09589443 0.09875572]
1072,0.10626344766661855,"[[np.int64(0), np.int64(1)], [2, 4], [3, 7], [5, 6]]",[0.09121091 0.09589443 0.11244588 0.09875572]
1073,0.10635698531081922,"[[np.int64(0), 7], [np.int64(1), 2, 6], [3], [4, 5]]",[0.09589443 0.16447033 0.04663773 0.09121091]
1074,0.10635698531081933,"[[np.int64(0), np.int64(1)], [2, 5, 6], [3, 4], [7]]",[0.09121091 0.16447033 0.09589443 0.04663773]
1075,0.10635698531081977,"[[np.int64(0), 6], [np.int64(1), 3, 7], [np.int64(2)], [4, 5]]",[0.09589443 0.16447033 0.04663773 0.09121091]
1076,0.10635698531081983,"[[np.int64(0), np.int64(1)], [2, 4], [3, 5, 7], [6]]",[0.09121091 0.09589443 0.16447033 0.04663773]
1077,0.10641285036119386,"[[np.int64(0), 2, 5], [np.int64(1)], [3, 6], [4, 7]]",[0.14824852 0.05551131 0.11179306 0.08260464]
1078,0.10641285036119386,"[[np.int64(0), 3], [np.int64(1), 4, 6], [np.int64(2), 7], [5]]",[0.08260464 0.14824852 0.11179306 0.05551131]
1079,0.10641285036119408,"[[np.int64(0), 3, 5], [np.int64(1)], [np.int64(2), 7], [4, 6]]",[0.14824852 0.05551131 0.11179306 0.08260464]
1080,0.1064128503611943,"[[np.int64(0), 2], [np.int64(1), 4, 7], [3, 6], [5]]",[0.08260464 0.14824852 0.11179306 0.05551131]
1081,0.10645052295502044,"[[np.int64(0), np.int64(1), 7], [2, 5, 6], [3], [4]]",[0.14613474 0.16447033 0.04663773 0.04087706]
1082,0.10645052295502061,"[[np.int64(0)], [np.int64(1), 2, 6], [3, 4, 5], [7]]",[0.04087706 0.16447033 0.14613474 0.04663773]
1083,0.10645052295502078,"[[np.int64(0)], [np.int64(1), 3, 7], [np.int64(2), 4, 5], [6]]",[0.04087706 0.16447033 0.14613474 0.04663773]
1084,0.10645052295502078,"[[np.int64(0), np.int64(1), 6], [2], [3, 5, 7], [4]]",[0.14613474 0.04663773 0.16447033 0.04087706]
1085,0.10651147021790519,"[[np.int64(0), 5], [np.int64(1), 6, 7], [np.int64(2), 3], [4]]",[0.10661447 0.1529458  0.09762157 0.04087706]
1086,0.10651147021790519,"[[np.int64(0)], [np.int64(1), 4], [np.int64(2), 3, 5], [6, 7]]",[0.04087706 0.10661447 0.1529458  0.09762157]
1087,0.10657785761985511,"[[np.int64(0), 6, 7], [np.int64(1), 2, 3], [4], [5]]",[0.15525791 0.14634624 0.04087706 0.05551131]
1088,0.10657785761985522,"[[np.int64(0)], [np.int64(1)], [np.int64(2), 3, 4], [5, 6, 7]]",[0.04087706 0.05551131 0.15525791 0.14634624]
1089,0.10690147511966208,"[[np.int64(0), 3], [np.int64(1), 2, 5], [4], [6, 7]]",[0.08260464 0.17656562 0.04087706 0.09762157]
1090,0.10690147511966214,"[[np.int64(0)], [np.int64(1), 5, 6], [np.int64(2), 3], [4, 7]]",[0.04087706 0.17656562 0.09762157 0.08260464]
1091,0.10690147511966269,"[[np.int64(0)], [np.int64(1), 5, 7], [np.int64(2), 3], [4, 6]]",[0.04087706 0.17656562 0.09762157 0.08260464]
1092,0.10690147511966275,"[[np.int64(0), 2], [np.int64(1), 3, 5], [4], [6, 7]]",[0.08260464 0.17656562 0.04087706 0.09762157]
1093,0.10691626291725753,"[[np.int64(0), np.int64(1)], [2, 7], [3, 4], [5, 6]]",[0.09121091 0.11179306 0.09589443 0.09875572]
1094,0.10691626291725753,"[[np.int64(0), 7], [np.int64(1), 2], [3, 6], [4, 5]]",[0.09589443 0.09875572 0.11179306 0.09121091]
1095,0.10691626291725809,"[[np.int64(0), 6], [np.int64(1), 3], [np.int64(2), 7], [4, 5]]",[0.09589443 0.09875572 0.11179306 0.09121091]
1096,0.10691626291725825,"[[np.int64(0), np.int64(1)], [2, 4], [3, 6], [5, 7]]",[0.09121091 0.09589443 0.11179306 0.09875572]
1097,0.10694114504963803,"[[np.int64(0), 4, 5, 6, 7], [np.int64(1)], [np.int64(2)], [np.int64(3)]]",[0.24884247 0.05551131 0.04663773 0.04663773]
1098,0.10694114504963836,"[[np.int64(0), np.int64(1), np.int64(2), np.int64(3), np.int64(4)], [5], [6], [7]]",[0.24884247 0.05551131 0.04663773 0.04663773]
1099,0.10700980056145865,"[[np.int64(0), np.int64(1)], [2, 5, 7], [3, 4], [6]]",[0.09121091 0.16381751 0.09589443 0.04663773]
1100,0.1070098005614587,"[[np.int64(0), 7], [np.int64(1), 3, 6], [np.int64(2)], [4, 5]]",[0.09589443 0.16381751 0.04663773 0.09121091]
1101,0.10700980056145909,"[[np.int64(0), 6], [np.int64(1), 2, 7], [3], [4, 5]]",[0.09589443 0.16381751 0.04663773 0.09121091]
1102,0.10700980056145937,"[[np.int64(0), np.int64(1)], [2, 4], [3, 5, 6], [7]]",[0.09121091 0.09589443 0.16381751 0.04663773]
1103,0.10701732020939103,"[[np.int64(0), 4, 5, 7], [np.int64(1)], [np.int64(2), 3], [6]]",[0.19778245 0.05551131 0.09762157 0.04663773]
1104,0.1070173202093912,"[[np.int64(0), np.int64(1), 3, 4], [2], [5], [6, 7]]",[0.19778245 0.04663773 0.05551131 0.09762157]
1105,0.10701732020939148,"[[np.int64(0), 4, 5, 6], [np.int64(1)], [np.int64(2), 3], [7]]",[0.19778245 0.05551131 0.09762157 0.04663773]
1106,0.10701732020939164,"[[np.int64(0), np.int64(1), np.int64(2), 4], [3], [5], [6, 7]]",[0.19778245 0.04663773 0.05551131 0.09762157]
1107,0.10710333820565998,"[[np.int64(0)], [np.int64(1), 2, 7], [3, 4, 5], [6]]",[0.04087706 0.16381751 0.14613474 0.04663773]
1108,0.10710333820566004,"[[np.int64(0), np.int64(1), 6], [2, 5, 7], [3], [4]]",[0.14613474 0.16381751 0.04663773 0.04087706]
1109,0.10710333820566004,"[[np.int64(0), np.int64(1), 7], [2], [3, 5, 6], [4]]",[0.14613474 0.04663773 0.16381751 0.04087706]
1110,0.10710333820566015,"[[np.int64(0)], [np.int64(1), 3, 6], [np.int64(2), 4, 5], [7]]",[0.04087706 0.16381751 0.14613474 0.04663773]
1111,0.10718703301334542,"[[np.int64(0), np.int64(1), 4], [2, 5], [3], [6, 7]]",[0.15106855 0.1020555  0.04663773 0.09762157]
1112,0.10718703301334548,"[[np.int64(0), 4, 5], [np.int64(1), 6], [np.int64(2), 3], [7]]",[0.15106855 0.1020555  0.09762157 0.04663773]
1113,0.10718703301334576,"[[np.int64(0), 4, 5], [np.int64(1), 7], [np.int64(2), 3], [6]]",[0.15106855 0.1020555  0.09762157 0.04663773]
1114,0.10718703301334576,"[[np.int64(0), np.int64(1), 4], [2], [3, 5], [6, 7]]",[0.15106855 0.04663773 0.1020555  0.09762157]
1115,0.1072805706575467,"[[np.int64(0), np.int64(1), 4], [2, 3, 5], [6], [7]]",[0.15106855 0.1529458  0.04663773 0.04663773]
1116,0.10728057065754676,"[[np.int64(0), 4, 5], [np.int64(1), 6, 7], [np.int64(2)], [np.int64(3)]]",[0.15106855 0.1529458  0.04663773 0.04663773]
1117,0.10729455623882261,"[[np.int64(0), 7], [np.int64(1), 4, 6], [np.int64(2), 3], [5]]",[0.09589443 0.14824852 0.09762157 0.05551131]
1118,0.10729455623882267,"[[np.int64(0), 2, 5], [np.int64(1)], [3, 4], [6, 7]]",[0.14824852 0.05551131 0.09589443 0.09762157]
1119,0.10729455623882322,"[[np.int64(0), 6], [np.int64(1), 4, 7], [np.int64(2), 3], [5]]",[0.09589443 0.14824852 0.09762157 0.05551131]
1120,0.10729455623882328,"[[np.int64(0), 3, 5], [np.int64(1)], [np.int64(2), 4], [6, 7]]",[0.14824852 0.05551131 0.09589443 0.09762157]
1121,0.10760650201003619,"[[np.int64(0), 3, 7], [np.int64(1)], [np.int64(2), 5], [4, 6]]",[0.15679243 0.05551131 0.1020555  0.08260464]
1122,0.10760650201003641,"[[np.int64(0), 2], [np.int64(1), 6], [3, 4, 7], [5]]",[0.08260464 0.1020555  0.15679243 0.05551131]
1123,0.10760650201003735,"[[np.int64(0), 2, 6], [np.int64(1)], [3, 5], [4, 7]]",[0.15679243 0.05551131 0.1020555  0.08260464]
1124,0.10760650201003741,"[[np.int64(0), 3], [np.int64(1), 7], [np.int64(2), 4, 6], [5]]",[0.08260464 0.1020555  0.15679243 0.05551131]
1125,0.1076241940889281,"[[np.int64(0), 6, 7], [np.int64(1), 3], [np.int64(2), 5], [4]]",[0.15525791 0.09875572 0.1020555  0.04087706]
1126,0.10762419408892832,"[[np.int64(0), 6, 7], [np.int64(1), 2], [3, 5], [4]]",[0.15525791 0.09875572 0.1020555  0.04087706]
1127,0.10762419408892837,"[[np.int64(0)], [np.int64(1), 6], [np.int64(2), 3, 4], [5, 7]]",[0.04087706 0.1020555  0.15525791 0.09875572]
1128,0.10762419408892848,"[[np.int64(0)], [np.int64(1), 7], [np.int64(2), 3, 4], [5, 6]]",[0.04087706 0.1020555  0.15525791 0.09875572]
1129,0.10787381436019583,"[[np.int64(0), np.int64(1)], [2, 5], [3, 4, 7], [6]]",[0.09121091 0.1020555  0.15679243 0.04663773]
1130,0.10787381436019583,"[[np.int64(0), 3, 7], [np.int64(1), 6], [np.int64(2)], [4, 5]]",[0.15679243 0.1020555  0.04663773 0.09121091]
1131,0.10787381436019705,"[[np.int64(0), 2, 6], [np.int64(1), 7], [3], [4, 5]]",[0.15679243 0.1020555  0.04663773 0.09121091]
1132,0.10787381436019705,"[[np.int64(0), np.int64(1)], [2, 4, 6], [3, 5], [7]]",[0.09121091 0.15679243 0.1020555  0.04663773]
1133,0.10798310154175045,"[[np.int64(0), 4], [np.int64(1)], [np.int64(2), 3, 5], [6, 7]]",[0.09050859 0.05551131 0.1529458  0.09762157]
1134,0.10798310154175045,"[[np.int64(0), 4], [np.int64(1), 6, 7], [np.int64(2), 3], [5]]",[0.09050859 0.1529458  0.09762157 0.05551131]
1135,0.10814112671035597,"[[np.int64(0), np.int64(1)], [2, 4, 5], [3, 7], [6]]",[0.09121091 0.14613474 0.11244588 0.04663773]
1136,0.10814112671035603,"[[np.int64(0), np.int64(1), 7], [2, 6], [3], [4, 5]]",[0.14613474 0.11244588 0.04663773 0.09121091]
1137,0.10814112671035603,"[[np.int64(0), np.int64(1), 6], [2], [3, 7], [4, 5]]",[0.14613474 0.04663773 0.11244588 0.09121091]
1138,0.1081411267103562,"[[np.int64(0), np.int64(1)], [2, 6], [3, 4, 5], [7]]",[0.09121091 0.11244588 0.14613474 0.04663773]
1139,0.10815719432266507,"[[np.int64(0), np.int64(1), 4, 7], [2, 5], [3], [6]]",[0.20108223 0.1020555  0.04663773 0.04663773]
1140,0.1081571943226653,"[[np.int64(0), 3, 4, 5], [np.int64(1), 6], [np.int64(2)], [7]]",[0.20108223 0.1020555  0.04663773 0.04663773]
1141,0.10815719432266546,"[[np.int64(0), np.int64(1), 4, 7], [2], [3, 5], [6]]",[0.20108223 0.04663773 0.1020555  0.04663773]
1142,0.10815719432266552,"[[np.int64(0), np.int64(1), 4, 6], [2, 5], [3], [7]]",[0.20108223 0.1020555  0.04663773 0.04663773]
1143,0.10815719432266557,"[[np.int64(0), 2, 4, 5], [np.int64(1), 6], [3], [7]]",[0.20108223 0.1020555  0.04663773 0.04663773]
1144,0.10815719432266557,"[[np.int64(0), 3, 4, 5], [np.int64(1), 7], [np.int64(2)], [6]]",[0.20108223 0.1020555  0.04663773 0.04663773]
1145,0.1081571943226658,"[[np.int64(0), 2, 4, 5], [np.int64(1), 7], [3], [6]]",[0.20108223 0.1020555  0.04663773 0.04663773]
1146,0.10815719432266585,"[[np.int64(0), np.int64(1), 4, 6], [2], [3, 5], [7]]",[0.20108223 0.04663773 0.1020555  0.04663773]
1147,0.10825931726067617,"[[np.int64(0), 2, 7], [np.int64(1)], [3, 5], [4, 6]]",[0.15613961 0.05551131 0.1020555  0.08260464]
1148,0.10825931726067617,"[[np.int64(0), 3, 6], [np.int64(1)], [np.int64(2), 5], [4, 7]]",[0.15613961 0.05551131 0.1020555  0.08260464]
1149,0.10825931726067628,"[[np.int64(0), 3], [np.int64(1), 6], [np.int64(2), 4, 7], [5]]",[0.08260464 0.1020555  0.15613961 0.05551131]
1150,0.10825931726067639,"[[np.int64(0), 2], [np.int64(1), 7], [3, 4, 6], [5]]",[0.08260464 0.1020555  0.15613961 0.05551131]
1151,0.10852662961083548,"[[np.int64(0), 2, 7], [np.int64(1), 6], [3], [4, 5]]",[0.15613961 0.1020555  0.04663773 0.09121091]
1152,0.10852662961083559,"[[np.int64(0), np.int64(1)], [2, 5], [3, 4, 6], [7]]",[0.09121091 0.1020555  0.15613961 0.04663773]
1153,0.10852662961083609,"[[np.int64(0), np.int64(1)], [2, 4, 7], [3, 5], [6]]",[0.09121091 0.15613961 0.1020555  0.04663773]
1154,0.1085266296108362,"[[np.int64(0), 3, 6], [np.int64(1), 7], [np.int64(2)], [4, 5]]",[0.15613961 0.1020555  0.04663773 0.09121091]
1155,0.1085964747587137,"[[np.int64(0), 4, 6, 7], [np.int64(1), 2], [3], [5]]",[0.19506915 0.09875572 0.04663773 0.05551131]
1156,0.10859647475871381,"[[np.int64(0), 4, 6, 7], [np.int64(1), 3], [np.int64(2)], [5]]",[0.19506915 0.09875572 0.04663773 0.05551131]
1157,0.10859647475871398,"[[np.int64(0), 2, 3, 4], [np.int64(1)], [5, 6], [7]]",[0.19506915 0.05551131 0.09875572 0.04663773]
1158,0.10859647475871409,"[[np.int64(0), 2, 3, 4], [np.int64(1)], [5, 7], [6]]",[0.19506915 0.05551131 0.09875572 0.04663773]
1159,0.10867053055800069,"[[np.int64(0), 7], [np.int64(1), 6], [np.int64(2), 5], [np.int64(3), 4]]",[0.09589443 0.1020555  0.1020555  0.09589443]
1160,0.10867053055800135,"[[np.int64(0), 6], [np.int64(1), 7], [np.int64(2), 5], [np.int64(3), 4]]",[0.09589443 0.1020555  0.1020555  0.09589443]
1161,0.10867053055800141,"[[np.int64(0), 7], [np.int64(1), 6], [np.int64(2), 4], [np.int64(3), 5]]",[0.09589443 0.1020555  0.09589443 0.1020555 ]
1162,0.10867053055800213,"[[np.int64(0), 6], [np.int64(1), 7], [np.int64(2), 4], [np.int64(3), 5]]",[0.09589443 0.1020555  0.09589443 0.1020555 ]
1163,0.1087661875626677,"[[np.int64(0), 4, 7], [np.int64(1), 6], [np.int64(2), 3], [5]]",[0.14061581 0.1020555  0.09762157 0.05551131]
1164,0.10876618756266776,"[[np.int64(0), 3, 4], [np.int64(1)], [np.int64(2), 5], [6, 7]]",[0.14061581 0.05551131 0.1020555  0.09762157]
1165,0.10876618756266859,"[[np.int64(0), 4, 6], [np.int64(1), 7], [np.int64(2), 3], [5]]",[0.14061581 0.1020555  0.09762157 0.05551131]
1166,0.1087661875626687,"[[np.int64(0), 2, 4], [np.int64(1)], [3, 5], [6, 7]]",[0.14061581 0.05551131 0.1020555  0.09762157]
1167,0.10879394196099534,"[[np.int64(0), np.int64(1)], [2, 7], [3, 4, 5], [6]]",[0.09121091 0.11179306 0.14613474 0.04663773]
1168,0.1087939419609954,"[[np.int64(0), np.int64(1), 7], [2], [3, 6], [4, 5]]",[0.14613474 0.04663773 0.11179306 0.09121091]
1169,0.10879394196099545,"[[np.int64(0), np.int64(1), 6], [2, 7], [3], [4, 5]]",[0.14613474 0.11179306 0.04663773 0.09121091]
1170,0.10879394196099562,"[[np.int64(0), np.int64(1)], [2, 4, 5], [3, 6], [7]]",[0.09121091 0.14613474 0.11179306 0.04663773]
1171,0.10885972520686887,"[[np.int64(0), 4, 7], [np.int64(1)], [np.int64(2), 3, 5], [6]]",[0.14061581 0.05551131 0.1529458  0.04663773]
1172,0.1088597252068691,"[[np.int64(0), 3, 4], [np.int64(1), 6, 7], [np.int64(2)], [5]]",[0.14061581 0.1529458  0.04663773 0.05551131]
1173,0.10885972520686954,"[[np.int64(0), 4, 6], [np.int64(1)], [np.int64(2), 3, 5], [7]]",[0.14061581 0.05551131 0.1529458  0.04663773]
1174,0.1088597252068697,"[[np.int64(0), 2, 4], [np.int64(1), 6, 7], [3], [5]]",[0.14061581 0.1529458  0.04663773 0.05551131]
1175,0.1093894517508397,"[[np.int64(0), 3, 7], [np.int64(1), 2], [4], [5, 6]]",[0.15679243 0.09875572 0.04087706 0.09875572]
1176,0.1093894517508398,"[[np.int64(0)], [np.int64(1), 2], [3, 4, 7], [5, 6]]",[0.04087706 0.09875572 0.15679243 0.09875572]
1177,0.10938945175084097,"[[np.int64(0), 2, 6], [np.int64(1), 3], [4], [5, 7]]",[0.15679243 0.09875572 0.04087706 0.09875572]
1178,0.10938945175084097,"[[np.int64(0)], [np.int64(1), 3], [np.int64(2), 4, 6], [5, 7]]",[0.04087706 0.09875572 0.15679243 0.09875572]
1179,0.1095954107768668,"[[np.int64(0), np.int64(1), 6, 7], [2, 5], [3], [4]]",[0.20540468 0.1020555  0.04663773 0.04087706]
1180,0.10959541077686691,"[[np.int64(0)], [np.int64(1), 6], [np.int64(2), 3, 4, 5], [7]]",[0.04087706 0.1020555  0.20540468 0.04663773]
1181,0.10959541077686707,"[[np.int64(0), np.int64(1), 6, 7], [2], [3, 5], [4]]",[0.20540468 0.04663773 0.1020555  0.04087706]
1182,0.10959541077686719,"[[np.int64(0)], [np.int64(1), 7], [np.int64(2), 3, 4, 5], [6]]",[0.04087706 0.1020555  0.20540468 0.04663773]
1183,0.11004226700147957,"[[np.int64(0), 2, 7], [np.int64(1), 3], [4], [5, 6]]",[0.15613961 0.09875572 0.04087706 0.09875572]
1184,0.11004226700147962,"[[np.int64(0)], [np.int64(1), 2], [3, 4, 6], [5, 7]]",[0.04087706 0.09875572 0.15613961 0.09875572]
1185,0.1100422670014799,"[[np.int64(0)], [np.int64(1), 3], [np.int64(2), 4, 7], [5, 6]]",[0.04087706 0.09875572 0.15613961 0.09875572]
1186,0.11004226700147995,"[[np.int64(0), 3, 6], [np.int64(1), 2], [4], [5, 7]]",[0.15613961 0.09875572 0.04087706 0.09875572]
1187,0.11024982853854615,"[[np.int64(0)], [np.int64(1), 4, 5, 6, 7], [np.int64(2)], [np.int64(3)]]",[0.04087706 0.26016803 0.04663773 0.04663773]
1188,0.1102498285385462,"[[np.int64(0), np.int64(1), np.int64(2), np.int64(3), 5], [4], [6], [7]]",[0.26016803 0.04087706 0.04663773 0.04663773]
1189,0.11038832919824487,"[[np.int64(0)], [np.int64(1), 2, 3, 5], [4, 7], [6]]",[0.04087706 0.22406261 0.08260464 0.04663773]
1190,0.11038832919824504,"[[np.int64(0), 3], [np.int64(1), 5, 6, 7], [np.int64(2)], [4]]",[0.08260464 0.22406261 0.04663773 0.04087706]
1191,0.1103883291982451,"[[np.int64(0)], [np.int64(1), 2, 3, 5], [4, 6], [7]]",[0.04087706 0.22406261 0.08260464 0.04663773]
1192,0.1103883291982452,"[[np.int64(0), 2], [np.int64(1), 5, 6, 7], [3], [4]]",[0.08260464 0.22406261 0.04663773 0.04087706]
1193,0.11045177246730026,"[[np.int64(0), 5], [np.int64(1), 4, 6, 7], [np.int64(2)], [np.int64(3)]]",[0.10661447 0.19422868 0.04663773 0.04663773]
1194,0.11045177246730037,"[[np.int64(0), 2, 3, 5], [np.int64(1), 4], [6], [7]]",[0.19422868 0.10661447 0.04663773 0.04663773]
1195,0.11048681180352588,"[[np.int64(0), 4, 5], [np.int64(1), 2], [3], [6, 7]]",[0.15106855 0.09875572 0.04663773 0.09762157]
1196,0.11048681180352599,"[[np.int64(0), np.int64(1), 4], [2, 3], [5, 6], [7]]",[0.15106855 0.09762157 0.09875572 0.04663773]
1197,0.1104868118035261,"[[np.int64(0), 4, 5], [np.int64(1), 3], [np.int64(2)], [6, 7]]",[0.15106855 0.09875572 0.04663773 0.09762157]
1198,0.11048681180352615,"[[np.int64(0), np.int64(1), 4], [2, 3], [5, 7], [6]]",[0.15106855 0.09762157 0.09875572 0.04663773]
1199,0.11059433502900318,"[[np.int64(0), 5, 7], [np.int64(1)], [np.int64(2), 3], [4, 6]]",[0.15823852 0.05551131 0.09762157 0.08260464]
1200,0.1105943350290034,"[[np.int64(0), 2], [np.int64(1), 3, 4], [5], [6, 7]]",[0.08260464 0.15823852 0.05551131 0.09762157]
1201,0.11059433502900351,"[[np.int64(0), 5, 6], [np.int64(1)], [np.int64(2), 3], [4, 7]]",[0.15823852 0.05551131 0.09762157 0.08260464]
1202,0.11059433502900357,"[[np.int64(0), 3], [np.int64(1), 2, 4], [5], [6, 7]]",[0.08260464 0.15823852 0.05551131 0.09762157]
1203,0.1109062808002167,"[[np.int64(0), 3, 7], [np.int64(1), 2], [4, 6], [5]]",[0.15679243 0.09875572 0.08260464 0.05551131]
1204,0.11090628080021692,"[[np.int64(0), 2], [np.int64(1)], [3, 4, 7], [5, 6]]",[0.08260464 0.05551131 0.15679243 0.09875572]
1205,0.1109062808002177,"[[np.int64(0), 2, 6], [np.int64(1), 3], [4, 7], [5]]",[0.15679243 0.09875572 0.08260464 0.05551131]
1206,0.11090628080021775,"[[np.int64(0), 3], [np.int64(1)], [np.int64(2), 4, 6], [5, 7]]",[0.08260464 0.05551131 0.15679243 0.09875572]
1207,0.11110908971921674,"[[np.int64(0), np.int64(1), np.int64(2), 5], [3], [4, 7], [6]]",[0.21758118 0.04663773 0.08260464 0.04663773]
1208,0.11110908971921696,"[[np.int64(0), np.int64(1), np.int64(2), 5], [3], [4, 6], [7]]",[0.21758118 0.04663773 0.08260464 0.04663773]
1209,0.11110908971921696,"[[np.int64(0), 3], [np.int64(1), 4, 5, 6], [np.int64(2)], [7]]",[0.08260464 0.21758118 0.04663773 0.04663773]
1210,0.11110908971921707,"[[np.int64(0), 2], [np.int64(1), 4, 5, 6], [3], [7]]",[0.08260464 0.21758118 0.04663773 0.04663773]
1211,0.11110908971921712,"[[np.int64(0), 3], [np.int64(1), 4, 5, 7], [np.int64(2)], [6]]",[0.08260464 0.21758118 0.04663773 0.04663773]
1212,0.11110908971921712,"[[np.int64(0), np.int64(1), 3, 5], [2], [4, 7], [6]]",[0.21758118 0.04663773 0.08260464 0.04663773]
1213,0.11110908971921724,"[[np.int64(0), np.int64(1), 3, 5], [2], [4, 6], [7]]",[0.21758118 0.04663773 0.08260464 0.04663773]
1214,0.11110908971921729,"[[np.int64(0), 2], [np.int64(1), 4, 5, 7], [3], [6]]",[0.08260464 0.21758118 0.04663773 0.04663773]
1215,0.11117359315037628,"[[np.int64(0), 3, 7], [np.int64(1), 2], [4, 5], [6]]",[0.15679243 0.09875572 0.09121091 0.04663773]
1216,0.11117359315037639,"[[np.int64(0), np.int64(1)], [2], [3, 4, 7], [5, 6]]",[0.09121091 0.04663773 0.15679243 0.09875572]
1217,0.11117359315037739,"[[np.int64(0), np.int64(1)], [2, 4, 6], [3], [5, 7]]",[0.09121091 0.15679243 0.04663773 0.09875572]
1218,0.11117359315037739,"[[np.int64(0), 2, 6], [np.int64(1), 3], [4, 5], [7]]",[0.15679243 0.09875572 0.09121091 0.04663773]
1219,0.11136066843877862,"[[np.int64(0), np.int64(1), 3, 7], [2, 5], [4], [6]]",[0.20363942 0.1020555  0.04087706 0.04663773]
1220,0.11136066843877879,"[[np.int64(0)], [np.int64(1), 6], [np.int64(2)], [np.int64(3), 4, 5, 7]]",[0.04087706 0.1020555  0.04663773 0.20363942]
1221,0.1113606684387794,"[[np.int64(0)], [np.int64(1), 7], [np.int64(2), 4, 5, 6], [np.int64(3)]]",[0.04087706 0.1020555  0.20363942 0.04663773]
1222,0.11136066843877951,"[[np.int64(0), np.int64(1), np.int64(2), 6], [3, 5], [4], [7]]",[0.20363942 0.1020555  0.04087706 0.04663773]
1223,0.11145697311284547,"[[np.int64(0), 4, 5, 7], [np.int64(1), 6], [np.int64(2)], [np.int64(3)]]",[0.19778245 0.1020555  0.04663773 0.04663773]
1224,0.11145697311284569,"[[np.int64(0), np.int64(1), 4, 7], [2], [3], [5, 6]]",[0.20108223 0.04663773 0.04663773 0.09875572]
1225,0.11145697311284569,"[[np.int64(0), np.int64(1), 3, 4], [2, 5], [6], [7]]",[0.19778245 0.1020555  0.04663773 0.04663773]
1226,0.11145697311284575,"[[np.int64(0), 3, 4, 5], [np.int64(1), 2], [6], [7]]",[0.20108223 0.09875572 0.04663773 0.04663773]
1227,0.11145697311284619,"[[np.int64(0), np.int64(1), 4, 6], [2], [3], [5, 7]]",[0.20108223 0.04663773 0.04663773 0.09875572]
1228,0.11145697311284625,"[[np.int64(0), 4, 5, 6], [np.int64(1), 7], [np.int64(2)], [np.int64(3)]]",[0.19778245 0.1020555  0.04663773 0.04663773]
1229,0.11145697311284625,"[[np.int64(0), 2, 4, 5], [np.int64(1), 3], [6], [7]]",[0.20108223 0.09875572 0.04663773 0.04663773]
1230,0.11145697311284641,"[[np.int64(0), np.int64(1), np.int64(2), 4], [3, 5], [6], [7]]",[0.19778245 0.1020555  0.04663773 0.04663773]
1231,0.11155909605085651,"[[np.int64(0), 2, 7], [np.int64(1), 3], [4, 6], [5]]",[0.15613961 0.09875572 0.08260464 0.05551131]
1232,0.11155909605085668,"[[np.int64(0), 3, 6], [np.int64(1), 2], [4, 7], [5]]",[0.15613961 0.09875572 0.08260464 0.05551131]
1233,0.11155909605085668,"[[np.int64(0), 3], [np.int64(1)], [np.int64(2), 4, 7], [5, 6]]",[0.08260464 0.05551131 0.15613961 0.09875572]
1234,0.11155909605085673,"[[np.int64(0), 2], [np.int64(1)], [3, 4, 6], [5, 7]]",[0.08260464 0.05551131 0.15613961 0.09875572]
1235,0.11173420914227711,"[[np.int64(0), 7], [np.int64(1), 4, 6], [np.int64(2), 5], [np.int64(3)]]",[0.09589443 0.14824852 0.1020555  0.04663773]
1236,0.11173420914227722,"[[np.int64(0), 2, 5], [np.int64(1), 6], [3, 4], [7]]",[0.14824852 0.1020555  0.09589443 0.04663773]
1237,0.11173420914227739,"[[np.int64(0), 7], [np.int64(1), 4, 6], [np.int64(2)], [np.int64(3), 5]]",[0.09589443 0.14824852 0.04663773 0.1020555 ]
1238,0.1117342091422775,"[[np.int64(0), 2, 5], [np.int64(1), 7], [3, 4], [6]]",[0.14824852 0.1020555  0.09589443 0.04663773]
1239,0.11173420914227766,"[[np.int64(0), 6], [np.int64(1), 4, 7], [np.int64(2), 5], [np.int64(3)]]",[0.09589443 0.14824852 0.1020555  0.04663773]
1240,0.11173420914227788,"[[np.int64(0), 3, 5], [np.int64(1), 6], [np.int64(2), 4], [7]]",[0.14824852 0.1020555  0.09589443 0.04663773]
1241,0.11173420914227805,"[[np.int64(0), 6], [np.int64(1), 4, 7], [np.int64(2)], [np.int64(3), 5]]",[0.09589443 0.14824852 0.04663773 0.1020555 ]
1242,0.11173420914227811,"[[np.int64(0), 3, 5], [np.int64(1), 7], [np.int64(2), 4], [6]]",[0.14824852 0.1020555  0.09589443 0.04663773]
1243,0.11181162060342054,"[[np.int64(0)], [np.int64(1), 2, 5], [3], [4, 6, 7]]",[0.04087706 0.17656562 0.04663773 0.12867834]
1244,0.11181162060342076,"[[np.int64(0), 2, 3], [np.int64(1), 5, 6], [4], [7]]",[0.12867834 0.17656562 0.04087706 0.04663773]
1245,0.11181162060342098,"[[np.int64(0)], [np.int64(1), 3, 5], [np.int64(2)], [4, 6, 7]]",[0.04087706 0.17656562 0.04663773 0.12867834]
1246,0.11181162060342109,"[[np.int64(0), 2, 3], [np.int64(1), 5, 7], [4], [6]]",[0.12867834 0.17656562 0.04087706 0.04663773]
1247,0.1118264084010161,"[[np.int64(0), 2, 7], [np.int64(1), 3], [4, 5], [6]]",[0.15613961 0.09875572 0.09121091 0.04663773]
1248,0.11182640840101626,"[[np.int64(0), np.int64(1)], [2], [3, 4, 6], [5, 7]]",[0.09121091 0.04663773 0.15613961 0.09875572]
1249,0.11182640840101632,"[[np.int64(0), np.int64(1)], [2, 4, 7], [3], [5, 6]]",[0.09121091 0.15613961 0.04663773 0.09875572]
1250,0.11182640840101638,"[[np.int64(0), 3, 6], [np.int64(1), 2], [4, 5], [7]]",[0.15613961 0.09875572 0.09121091 0.04663773]
1251,0.11201348368941838,"[[np.int64(0)], [np.int64(1), 6], [np.int64(2), 4, 5, 7], [np.int64(3)]]",[0.04087706 0.1020555  0.20298661 0.04663773]
1252,0.11201348368941838,"[[np.int64(0), np.int64(1), np.int64(2), 7], [3, 5], [4], [6]]",[0.20298661 0.1020555  0.04087706 0.04663773]
1253,0.11201348368941849,"[[np.int64(0), np.int64(1), 3, 6], [2, 5], [4], [7]]",[0.20298661 0.1020555  0.04087706 0.04663773]
1254,0.1120134836894186,"[[np.int64(0)], [np.int64(1), 7], [np.int64(2)], [np.int64(3), 4, 5, 6]]",[0.04087706 0.1020555  0.04663773 0.20298661]
1255,0.11206596635284816,"[[np.int64(0), 4, 7], [np.int64(1)], [np.int64(2), 3], [5, 6]]",[0.14061581 0.05551131 0.09762157 0.09875572]
1256,0.11206596635284827,"[[np.int64(0), 3, 4], [np.int64(1), 2], [5], [6, 7]]",[0.14061581 0.09875572 0.05551131 0.09762157]
1257,0.11206596635284893,"[[np.int64(0), 4, 6], [np.int64(1)], [np.int64(2), 3], [5, 7]]",[0.14061581 0.05551131 0.09762157 0.09875572]
1258,0.11206596635284904,"[[np.int64(0), 2, 4], [np.int64(1), 3], [5], [6, 7]]",[0.14061581 0.09875572 0.05551131 0.09762157]
1259,0.11242275444520494,"[[np.int64(0), 4], [np.int64(1), 6], [np.int64(2), 3, 5], [7]]",[0.09050859 0.1020555  0.1529458  0.04663773]
1260,0.112422754445205,"[[np.int64(0), 4], [np.int64(1), 6, 7], [np.int64(2), 5], [np.int64(3)]]",[0.09050859 0.1529458  0.1020555  0.04663773]
1261,0.11242275444520522,"[[np.int64(0), 4], [np.int64(1), 7], [np.int64(2), 3, 5], [6]]",[0.09050859 0.1020555  0.1529458  0.04663773]
1262,0.11242275444520528,"[[np.int64(0), 4], [np.int64(1), 6, 7], [np.int64(2)], [np.int64(3), 5]]",[0.09050859 0.1529458  0.04663773 0.1020555 ]
1263,0.1124708224140078,"[[np.int64(0), 5, 7], [np.int64(1), 2, 3], [4], [6]]",[0.15823852 0.14634624 0.04087706 0.04663773]
1264,0.11247082241400796,"[[np.int64(0)], [np.int64(1), 3, 4], [np.int64(2)], [5, 6, 7]]",[0.04087706 0.15823852 0.04663773 0.14634624]
1265,0.11247082241400819,"[[np.int64(0)], [np.int64(1), 2, 4], [3], [5, 6, 7]]",[0.04087706 0.15823852 0.04663773 0.14634624]
1266,0.11247082241400819,"[[np.int64(0), 5, 6], [np.int64(1), 2, 3], [4], [7]]",[0.15823852 0.14634624 0.04087706 0.04663773]
1267,0.11270811427864502,"[[np.int64(0), 6, 7], [np.int64(1), 2], [3], [4, 5]]",[0.15525791 0.09875572 0.04663773 0.09121091]
1268,0.11270811427864519,"[[np.int64(0), np.int64(1)], [2, 3, 4], [5, 6], [7]]",[0.09121091 0.15525791 0.09875572 0.04663773]
1269,0.11270811427864519,"[[np.int64(0), 6, 7], [np.int64(1), 3], [np.int64(2)], [4, 5]]",[0.15525791 0.09875572 0.04663773 0.09121091]
1270,0.11270811427864535,"[[np.int64(0), np.int64(1)], [2, 3, 4], [5, 7], [6]]",[0.09121091 0.15525791 0.09875572 0.04663773]
1271,0.11279759002084166,"[[np.int64(0), 7], [np.int64(1), 6], [np.int64(2), 3, 5], [4]]",[0.09589443 0.1020555  0.1529458  0.04087706]
1272,0.11279759002084178,"[[np.int64(0)], [np.int64(1), 6, 7], [np.int64(2), 5], [np.int64(3), 4]]",[0.04087706 0.1529458  0.1020555  0.09589443]
1273,0.11279759002084239,"[[np.int64(0), 6], [np.int64(1), 7], [np.int64(2), 3, 5], [4]]",[0.09589443 0.1020555  0.1529458  0.04087706]
1274,0.1127975900208425,"[[np.int64(0)], [np.int64(1), 6, 7], [np.int64(2), 4], [np.int64(3), 5]]",[0.04087706 0.1529458  0.09589443 0.1020555 ]
1275,0.11311102779826604,"[[np.int64(0), 5], [np.int64(1), 2, 3], [4], [6, 7]]",[0.10661447 0.14634624 0.04087706 0.09762157]
1276,0.1131110277982661,"[[np.int64(0)], [np.int64(1), 4], [np.int64(2), 3], [5, 6, 7]]",[0.04087706 0.10661447 0.09762157 0.14634624]
1277,0.1132058404661222,"[[np.int64(0), 4, 7], [np.int64(1), 6], [np.int64(2), 5], [np.int64(3)]]",[0.14061581 0.1020555  0.1020555  0.04663773]
1278,0.11320584046612231,"[[np.int64(0), 3, 4], [np.int64(1), 6], [np.int64(2), 5], [7]]",[0.14061581 0.1020555  0.1020555  0.04663773]
1279,0.11320584046612248,"[[np.int64(0), 4, 7], [np.int64(1), 6], [np.int64(2)], [np.int64(3), 5]]",[0.14061581 0.1020555  0.04663773 0.1020555 ]
1280,0.11320584046612259,"[[np.int64(0), 3, 4], [np.int64(1), 7], [np.int64(2), 5], [6]]",[0.14061581 0.1020555  0.1020555  0.04663773]
1281,0.11320584046612303,"[[np.int64(0), 4, 6], [np.int64(1), 7], [np.int64(2), 5], [np.int64(3)]]",[0.14061581 0.1020555  0.1020555  0.04663773]
1282,0.11320584046612325,"[[np.int64(0), 2, 4], [np.int64(1), 6], [3, 5], [7]]",[0.14061581 0.1020555  0.1020555  0.04663773]
1283,0.11320584046612336,"[[np.int64(0), 4, 6], [np.int64(1), 7], [np.int64(2)], [np.int64(3), 5]]",[0.14061581 0.1020555  0.04663773 0.1020555 ]
1284,0.11320584046612348,"[[np.int64(0), 2, 4], [np.int64(1), 7], [3, 5], [6]]",[0.14061581 0.1020555  0.1020555  0.04663773]
1285,0.11323491200859653,"[[np.int64(0), 3], [np.int64(1), 5], [np.int64(2)], [4, 6, 7]]",[0.08260464 0.13341475 0.04663773 0.12867834]
1286,0.11323491200859659,"[[np.int64(0), 2, 3], [np.int64(1), 5], [4, 7], [6]]",[0.12867834 0.13341475 0.08260464 0.04663773]
1287,0.1132349120085967,"[[np.int64(0), 2], [np.int64(1), 5], [3], [4, 6, 7]]",[0.08260464 0.13341475 0.04663773 0.12867834]
1288,0.11323491200859676,"[[np.int64(0), 2, 3], [np.int64(1), 5], [4, 6], [7]]",[0.12867834 0.13341475 0.08260464 0.04663773]
1289,0.11384798839191895,"[[np.int64(0), np.int64(1), 7], [2, 5], [3, 4], [6]]",[0.14613474 0.1020555  0.09589443 0.04663773]
1290,0.11384798839191901,"[[np.int64(0), 7], [np.int64(1), 6], [np.int64(2)], [np.int64(3), 4, 5]]",[0.09589443 0.1020555  0.04663773 0.14613474]
1291,0.11384798839191917,"[[np.int64(0), 7], [np.int64(1), 6], [np.int64(2), 4, 5], [np.int64(3)]]",[0.09589443 0.1020555  0.14613474 0.04663773]
1292,0.11384798839191917,"[[np.int64(0), np.int64(1), 6], [2, 5], [3, 4], [7]]",[0.14613474 0.1020555  0.09589443 0.04663773]
1293,0.11384798839191967,"[[np.int64(0), 6], [np.int64(1), 7], [np.int64(2)], [np.int64(3), 4, 5]]",[0.09589443 0.1020555  0.04663773 0.14613474]
1294,0.11384798839191967,"[[np.int64(0), np.int64(1), 7], [2, 4], [3, 5], [6]]",[0.14613474 0.09589443 0.1020555  0.04663773]
1295,0.11384798839191984,"[[np.int64(0), 6], [np.int64(1), 7], [np.int64(2), 4, 5], [np.int64(3)]]",[0.09589443 0.1020555  0.14613474 0.04663773]
1296,0.11384798839191995,"[[np.int64(0), np.int64(1), 6], [2, 4], [3, 5], [7]]",[0.14613474 0.09589443 0.1020555  0.04663773]
1297,0.11388012823790755,"[[np.int64(0), 4, 5], [np.int64(1), 2, 3], [6], [7]]",[0.15106855 0.14634624 0.04663773 0.04663773]
1298,0.11388012823790755,"[[np.int64(0), np.int64(1), 4], [2], [3], [5, 6, 7]]",[0.15106855 0.04663773 0.04663773 0.14634624]
1299,0.1145628476827541,"[[np.int64(0)], [np.int64(1), 3, 7], [np.int64(2), 5], [4, 6]]",[0.04087706 0.16447033 0.1020555  0.08260464]
1300,0.11456284768275415,"[[np.int64(0)], [np.int64(1), 2, 6], [3, 5], [4, 7]]",[0.04087706 0.16447033 0.1020555  0.08260464]
1301,0.11456284768275415,"[[np.int64(0), 3], [np.int64(1), 7], [np.int64(2), 5, 6], [4]]",[0.08260464 0.1020555  0.16447033 0.04087706]
1302,0.11456284768275427,"[[np.int64(0), 2], [np.int64(1), 6], [3, 5, 7], [4]]",[0.08260464 0.1020555  0.16447033 0.04087706]
1303,0.11458265912211124,"[[np.int64(0), 4], [np.int64(1), 2, 3], [5], [6, 7]]",[0.09050859 0.14634624 0.05551131 0.09762157]
1304,0.1145826591221113,"[[np.int64(0), 4], [np.int64(1)], [np.int64(2), 3], [5, 6, 7]]",[0.09050859 0.05551131 0.09762157 0.14634624]
1305,0.11466044722895918,"[[np.int64(0)], [np.int64(1), 2], [3, 4, 5, 7], [6]]",[0.04087706 0.09875572 0.20363942 0.04663773]
1306,0.11466044722895918,"[[np.int64(0), np.int64(1), 3, 7], [2], [4], [5, 6]]",[0.20363942 0.04663773 0.04087706 0.09875572]
1307,0.1146604472289598,"[[np.int64(0)], [np.int64(1), 3], [np.int64(2), 4, 5, 6], [7]]",[0.04087706 0.09875572 0.20363942 0.04663773]
1308,0.11466044722895985,"[[np.int64(0), np.int64(1), np.int64(2), 6], [3], [4], [5, 7]]",[0.20363942 0.04663773 0.04087706 0.09875572]
1309,0.11467933096658389,"[[np.int64(0), np.int64(1), 6, 7], [2], [3], [4, 5]]",[0.20540468 0.04663773 0.04663773 0.09121091]
1310,0.11467933096658395,"[[np.int64(0), np.int64(1)], [2, 3, 4, 5], [6], [7]]",[0.09121091 0.20540468 0.04663773 0.04663773]
1311,0.11475675190302598,"[[np.int64(0), 4, 5, 7], [np.int64(1), 2], [3], [6]]",[0.19778245 0.09875572 0.04663773 0.04663773]
1312,0.11475675190302614,"[[np.int64(0), 4, 5, 7], [np.int64(1), 3], [np.int64(2)], [6]]",[0.19778245 0.09875572 0.04663773 0.04663773]
1313,0.1147567519030262,"[[np.int64(0), np.int64(1), 3, 4], [2], [5, 6], [7]]",[0.19778245 0.04663773 0.09875572 0.04663773]
1314,0.11475675190302631,"[[np.int64(0), np.int64(1), 3, 4], [2], [5, 7], [6]]",[0.19778245 0.04663773 0.09875572 0.04663773]
1315,0.11475675190302648,"[[np.int64(0), 4, 5, 6], [np.int64(1), 2], [3], [7]]",[0.19778245 0.09875572 0.04663773 0.04663773]
1316,0.11475675190302664,"[[np.int64(0), np.int64(1), np.int64(2), 4], [3], [5, 6], [7]]",[0.19778245 0.04663773 0.09875572 0.04663773]
1317,0.11475675190302664,"[[np.int64(0), 4, 5, 6], [np.int64(1), 3], [np.int64(2)], [7]]",[0.19778245 0.09875572 0.04663773 0.04663773]
1318,0.11475675190302675,"[[np.int64(0), np.int64(1), np.int64(2), 4], [3], [5, 7], [6]]",[0.19778245 0.04663773 0.09875572 0.04663773]
1319,0.11479788772655375,"[[np.int64(0), 2, 5], [np.int64(1), 4, 6], [3], [7]]",[0.14824852 0.14824852 0.04663773 0.04663773]
1320,0.1147978877265538,"[[np.int64(0), 2, 5], [np.int64(1), 4, 7], [3], [6]]",[0.14824852 0.14824852 0.04663773 0.04663773]
1321,0.11479788772655392,"[[np.int64(0), 3, 5], [np.int64(1), 4, 6], [np.int64(2)], [7]]",[0.14824852 0.14824852 0.04663773 0.04663773]
1322,0.11479788772655397,"[[np.int64(0), 3, 5], [np.int64(1), 4, 7], [np.int64(2)], [6]]",[0.14824852 0.14824852 0.04663773 0.04663773]
1323,0.11521566293339325,"[[np.int64(0), 3], [np.int64(1), 6], [np.int64(2), 5, 7], [4]]",[0.08260464 0.1020555  0.16381751 0.04087706]
1324,0.1152156629333933,"[[np.int64(0)], [np.int64(1), 3, 6], [np.int64(2), 5], [4, 7]]",[0.04087706 0.16381751 0.1020555  0.08260464]
1325,0.11521566293339369,"[[np.int64(0)], [np.int64(1), 2, 7], [3, 5], [4, 6]]",[0.04087706 0.16381751 0.1020555  0.08260464]
1326,0.11521566293339397,"[[np.int64(0), 2], [np.int64(1), 7], [3, 5, 6], [4]]",[0.08260464 0.1020555  0.16381751 0.04087706]
1327,0.11527008813836159,"[[np.int64(0), 7], [np.int64(1), 2], [3, 4], [5, 6]]",[0.09589443 0.09875572 0.09589443 0.09875572]
1328,0.1152700881383622,"[[np.int64(0), 6], [np.int64(1), 2], [3, 4], [5, 7]]",[0.09589443 0.09875572 0.09589443 0.09875572]
1329,0.11527008813836226,"[[np.int64(0), 7], [np.int64(1), 3], [np.int64(2), 4], [5, 6]]",[0.09589443 0.09875572 0.09589443 0.09875572]
1330,0.11527008813836287,"[[np.int64(0), 6], [np.int64(1), 3], [np.int64(2), 4], [5, 7]]",[0.09589443 0.09875572 0.09589443 0.09875572]
1331,0.11531326247959867,"[[np.int64(0), np.int64(1), np.int64(2), 7], [3], [4], [5, 6]]",[0.20298661 0.04663773 0.04087706 0.09875572]
1332,0.11531326247959878,"[[np.int64(0)], [np.int64(1), 2], [3, 4, 5, 6], [7]]",[0.04087706 0.09875572 0.20298661 0.04663773]
1333,0.115313262479599,"[[np.int64(0)], [np.int64(1), 3], [np.int64(2), 4, 5, 7], [6]]",[0.04087706 0.09875572 0.20298661 0.04663773]
1334,0.11531326247959917,"[[np.int64(0), np.int64(1), 3, 6], [2], [4], [5, 7]]",[0.20298661 0.04663773 0.04087706 0.09875572]
1335,0.11545928278722983,"[[np.int64(0), 4, 7], [np.int64(1), 2, 3], [5], [6]]",[0.14061581 0.14634624 0.05551131 0.04663773]
1336,0.11545928278722989,"[[np.int64(0), 3, 4], [np.int64(1)], [np.int64(2)], [5, 6, 7]]",[0.14061581 0.05551131 0.04663773 0.14634624]
1337,0.11545928278723044,"[[np.int64(0), 4, 6], [np.int64(1), 2, 3], [5], [7]]",[0.14061581 0.14634624 0.05551131 0.04663773]
1338,0.1154592827872305,"[[np.int64(0), 2, 4], [np.int64(1)], [3], [5, 6, 7]]",[0.14061581 0.05551131 0.04663773 0.14634624]
1339,0.11562899559118434,"[[np.int64(0), 4], [np.int64(1), 3], [np.int64(2), 5], [6, 7]]",[0.09050859 0.09875572 0.1020555  0.09762157]
1340,0.11562899559118445,"[[np.int64(0), 4], [np.int64(1), 2], [3, 5], [6, 7]]",[0.09050859 0.09875572 0.1020555  0.09762157]
1341,0.11562899559118445,"[[np.int64(0), 4], [np.int64(1), 6], [np.int64(2), 3], [5, 7]]",[0.09050859 0.1020555  0.09762157 0.09875572]
1342,0.11562899559118456,"[[np.int64(0), 4], [np.int64(1), 7], [np.int64(2), 3], [5, 6]]",[0.09050859 0.1020555  0.09762157 0.09875572]
1343,0.11567419331671586,"[[np.int64(0), 3], [np.int64(1), 4], [np.int64(2), 5], [6, 7]]",[0.08260464 0.10661447 0.1020555  0.09762157]
1344,0.11567419331671591,"[[np.int64(0), 5], [np.int64(1), 6], [np.int64(2), 3], [4, 7]]",[0.10661447 0.1020555  0.09762157 0.08260464]
1345,0.11567419331671625,"[[np.int64(0), 5], [np.int64(1), 7], [np.int64(2), 3], [4, 6]]",[0.10661447 0.1020555  0.09762157 0.08260464]
1346,0.11567419331671636,"[[np.int64(0), 2], [np.int64(1), 4], [3, 5], [6, 7]]",[0.08260464 0.10661447 0.1020555  0.09762157]
1347,0.11586126860511825,"[[np.int64(0)], [np.int64(1), 4, 6], [np.int64(2), 3, 5], [7]]",[0.04087706 0.14824852 0.1529458  0.04663773]
1348,0.11586126860511825,"[[np.int64(0), 2, 5], [np.int64(1), 6, 7], [3], [4]]",[0.14824852 0.1529458  0.04663773 0.04087706]
1349,0.11586126860511836,"[[np.int64(0)], [np.int64(1), 4, 7], [np.int64(2), 3, 5], [6]]",[0.04087706 0.14824852 0.1529458  0.04663773]
1350,0.11586126860511842,"[[np.int64(0), 3, 5], [np.int64(1), 6, 7], [np.int64(2)], [4]]",[0.14824852 0.1529458  0.04663773 0.04087706]
1351,0.11608373863413479,"[[np.int64(0), 3, 7], [np.int64(1)], [np.int64(2)], [4, 5, 6]]",[0.15679243 0.05551131 0.04663773 0.12954517]
1352,0.1160837386341349,"[[np.int64(0), np.int64(1), np.int64(2)], [3, 4, 7], [5], [6]]",[0.12954517 0.15679243 0.05551131 0.04663773]
1353,0.11608373863413574,"[[np.int64(0), 2, 6], [np.int64(1)], [3], [4, 5, 7]]",[0.15679243 0.05551131 0.04663773 0.12954517]
1354,0.11608373863413585,"[[np.int64(0), np.int64(1), 3], [2, 4, 6], [5], [7]]",[0.12954517 0.15679243 0.05551131 0.04663773]
1355,0.11614468589701982,"[[np.int64(0), 5], [np.int64(1)], [np.int64(2), 3], [4, 6, 7]]",[0.10661447 0.05551131 0.09762157 0.12867834]
1356,0.11614468589701993,"[[np.int64(0), 2, 3], [np.int64(1), 4], [5], [6, 7]]",[0.12867834 0.10661447 0.05551131 0.09762157]
1357,0.11615773586267397,"[[np.int64(0), 3], [np.int64(1), 2, 5], [4, 7], [6]]",[0.08260464 0.17656562 0.08260464 0.04663773]
1358,0.11615773586267397,"[[np.int64(0), 3], [np.int64(1), 5, 6], [np.int64(2)], [4, 7]]",[0.08260464 0.17656562 0.04663773 0.08260464]
1359,0.11615773586267414,"[[np.int64(0), 3], [np.int64(1), 2, 5], [4, 6], [7]]",[0.08260464 0.17656562 0.08260464 0.04663773]
1360,0.1161577358626742,"[[np.int64(0), 2], [np.int64(1), 5, 6], [3], [4, 7]]",[0.08260464 0.17656562 0.04663773 0.08260464]
1361,0.11615773586267458,"[[np.int64(0), 3], [np.int64(1), 5, 7], [np.int64(2)], [4, 6]]",[0.08260464 0.17656562 0.04663773 0.08260464]
1362,0.11615773586267464,"[[np.int64(0), 2], [np.int64(1), 3, 5], [4, 7], [6]]",[0.08260464 0.17656562 0.08260464 0.04663773]
1363,0.11615773586267475,"[[np.int64(0), 2], [np.int64(1), 3, 5], [4, 6], [7]]",[0.08260464 0.17656562 0.08260464 0.04663773]
1364,0.11615773586267475,"[[np.int64(0), 2], [np.int64(1), 5, 7], [3], [4, 6]]",[0.08260464 0.17656562 0.04663773 0.08260464]
1365,0.11617727627833613,"[[np.int64(0), np.int64(1), 3, 7], [2], [4, 6], [5]]",[0.20363942 0.04663773 0.08260464 0.05551131]
1366,0.1161772762783363,"[[np.int64(0), 2], [np.int64(1)], [3, 4, 5, 7], [6]]",[0.08260464 0.05551131 0.20363942 0.04663773]
1367,0.11617727627833652,"[[np.int64(0), np.int64(1), np.int64(2), 6], [3], [4, 7], [5]]",[0.20363942 0.04663773 0.08260464 0.05551131]
1368,0.11617727627833663,"[[np.int64(0), 3], [np.int64(1)], [np.int64(2), 4, 5, 6], [7]]",[0.08260464 0.05551131 0.20363942 0.04663773]
1369,0.1162534514380893,"[[np.int64(0), np.int64(1)], [2, 5], [3, 7], [4, 6]]",[0.09121091 0.1020555  0.11244588 0.08260464]
1370,0.1162534514380894,"[[np.int64(0), 2], [np.int64(1), 6], [3, 7], [4, 5]]",[0.08260464 0.1020555  0.11244588 0.09121091]
1371,0.11625345143808974,"[[np.int64(0), np.int64(1)], [2, 6], [3, 5], [4, 7]]",[0.09121091 0.11244588 0.1020555  0.08260464]
1372,0.1162534514380898,"[[np.int64(0), 3], [np.int64(1), 7], [np.int64(2), 6], [4, 5]]",[0.08260464 0.1020555  0.11244588 0.09121091]
1373,0.1163317611854221,"[[np.int64(0)], [np.int64(1), 4, 6, 7], [np.int64(2), 3], [5]]",[0.04087706 0.19422868 0.09762157 0.05551131]
1374,0.1163317611854221,"[[np.int64(0), 2, 3, 5], [np.int64(1)], [4], [6, 7]]",[0.19422868 0.05551131 0.04087706 0.09762157]
1375,0.11644458862849572,"[[np.int64(0), np.int64(1), 3, 7], [2], [4, 5], [6]]",[0.20363942 0.04663773 0.09121091 0.04663773]
1376,0.11644458862849577,"[[np.int64(0), np.int64(1)], [2], [3, 4, 5, 7], [6]]",[0.09121091 0.04663773 0.20363942 0.04663773]
1377,0.11644458862849622,"[[np.int64(0), np.int64(1)], [2, 4, 5, 6], [3], [7]]",[0.09121091 0.20363942 0.04663773 0.04663773]
1378,0.11644458862849627,"[[np.int64(0), np.int64(1), np.int64(2), 6], [3], [4, 5], [7]]",[0.20363942 0.04663773 0.09121091 0.04663773]
1379,0.11650561925630282,"[[np.int64(0), 4, 7], [np.int64(1), 3], [np.int64(2), 5], [6]]",[0.14061581 0.09875572 0.1020555  0.04663773]
1380,0.11650561925630293,"[[np.int64(0), 4, 7], [np.int64(1), 2], [3, 5], [6]]",[0.14061581 0.09875572 0.1020555  0.04663773]
1381,0.11650561925630298,"[[np.int64(0), 3, 4], [np.int64(1), 6], [np.int64(2)], [5, 7]]",[0.14061581 0.1020555  0.04663773 0.09875572]
1382,0.1165056192563031,"[[np.int64(0), 3, 4], [np.int64(1), 7], [np.int64(2)], [5, 6]]",[0.14061581 0.1020555  0.04663773 0.09875572]
1383,0.11650561925630343,"[[np.int64(0), 4, 6], [np.int64(1), 3], [np.int64(2), 5], [7]]",[0.14061581 0.09875572 0.1020555  0.04663773]
1384,0.11650561925630354,"[[np.int64(0), 2, 4], [np.int64(1), 6], [3], [5, 7]]",[0.14061581 0.1020555  0.04663773 0.09875572]
1385,0.1165056192563036,"[[np.int64(0), 4, 6], [np.int64(1), 2], [3, 5], [7]]",[0.14061581 0.09875572 0.1020555  0.04663773]
1386,0.1165056192563037,"[[np.int64(0), 2, 4], [np.int64(1), 7], [3], [5, 6]]",[0.14061581 0.1020555  0.04663773 0.09875572]
1387,0.11673655388477444,"[[np.int64(0), 2, 7], [np.int64(1)], [3], [4, 5, 6]]",[0.15613961 0.05551131 0.04663773 0.12954517]
1388,0.11673655388477461,"[[np.int64(0), np.int64(1), np.int64(2)], [3, 4, 6], [5], [7]]",[0.12954517 0.15613961 0.05551131 0.04663773]
1389,0.11673655388477489,"[[np.int64(0), 3, 6], [np.int64(1)], [np.int64(2)], [4, 5, 7]]",[0.15613961 0.05551131 0.04663773 0.12954517]
1390,0.11673655388477489,"[[np.int64(0), np.int64(1), 3], [2, 4, 7], [5], [6]]",[0.12954517 0.15613961 0.05551131 0.04663773]
1391,0.11683009152897561,"[[np.int64(0), np.int64(1), np.int64(2), 7], [3], [4, 6], [5]]",[0.20298661 0.04663773 0.08260464 0.05551131]
1392,0.11683009152897578,"[[np.int64(0), 3], [np.int64(1)], [np.int64(2), 4, 5, 7], [6]]",[0.08260464 0.05551131 0.20298661 0.04663773]
1393,0.11683009152897589,"[[np.int64(0), 2], [np.int64(1)], [3, 4, 5, 6], [7]]",[0.08260464 0.05551131 0.20298661 0.04663773]
1394,0.11683009152897594,"[[np.int64(0), np.int64(1), 3, 6], [2], [4, 7], [5]]",[0.20298661 0.04663773 0.08260464 0.05551131]
1395,0.11690626668872878,"[[np.int64(0), 3], [np.int64(1), 6], [np.int64(2), 7], [4, 5]]",[0.08260464 0.1020555  0.11179306 0.09121091]
1396,0.11690626668872883,"[[np.int64(0), np.int64(1)], [2, 5], [3, 6], [4, 7]]",[0.09121091 0.1020555  0.11179306 0.08260464]
1397,0.11690626668872911,"[[np.int64(0), np.int64(1)], [2, 7], [3, 5], [4, 6]]",[0.09121091 0.11179306 0.1020555  0.08260464]
1398,0.11690626668872928,"[[np.int64(0), 2], [np.int64(1), 7], [3, 6], [4, 5]]",[0.08260464 0.1020555  0.11179306 0.09121091]
1399,0.11692464948368281,"[[np.int64(0)], [np.int64(1), 6, 7], [np.int64(2), 3, 5], [4]]",[0.04087706 0.1529458  0.1529458  0.04087706]
1400,0.11709740387913514,"[[np.int64(0), np.int64(1), np.int64(2), 7], [3], [4, 5], [6]]",[0.20298661 0.04663773 0.09121091 0.04663773]
1401,0.11709740387913536,"[[np.int64(0), np.int64(1)], [2], [3, 4, 5, 6], [7]]",[0.09121091 0.04663773 0.20298661 0.04663773]
1402,0.11709740387913542,"[[np.int64(0), np.int64(1)], [2, 4, 5, 7], [3], [6]]",[0.09121091 0.20298661 0.04663773 0.04663773]
1403,0.11709740387913559,"[[np.int64(0), np.int64(1), 3, 6], [2], [4, 5], [7]]",[0.20298661 0.04663773 0.09121091 0.04663773]
1404,0.1171477671820994,"[[np.int64(0), 7], [np.int64(1), 2], [3, 4, 5], [6]]",[0.09589443 0.09875572 0.14613474 0.04663773]
1405,0.11714776718209946,"[[np.int64(0), np.int64(1), 7], [2], [3, 4], [5, 6]]",[0.14613474 0.04663773 0.09589443 0.09875572]
1406,0.11714776718209974,"[[np.int64(0), 7], [np.int64(1), 3], [np.int64(2), 4, 5], [6]]",[0.09589443 0.09875572 0.14613474 0.04663773]
1407,0.1171477671820998,"[[np.int64(0), np.int64(1), 6], [2], [3, 4], [5, 7]]",[0.14613474 0.04663773 0.09589443 0.09875572]
1408,0.1171477671820999,"[[np.int64(0), np.int64(1), 7], [2, 4], [3], [5, 6]]",[0.14613474 0.09589443 0.04663773 0.09875572]
1409,0.1171477671820999,"[[np.int64(0), 6], [np.int64(1), 2], [3, 4, 5], [7]]",[0.09589443 0.09875572 0.14613474 0.04663773]
1410,0.11714776718210024,"[[np.int64(0), 6], [np.int64(1), 3], [np.int64(2), 4, 5], [7]]",[0.09589443 0.09875572 0.14613474 0.04663773]
1411,0.11714776718210029,"[[np.int64(0), np.int64(1), 6], [2, 4], [3], [5, 7]]",[0.14613474 0.09589443 0.04663773 0.09875572]
1412,0.11761419786039912,"[[np.int64(0), 7], [np.int64(1)], [np.int64(2), 3, 5], [4, 6]]",[0.09589443 0.05551131 0.1529458  0.08260464]
1413,0.1176141978603994,"[[np.int64(0), 2], [np.int64(1), 6, 7], [3, 4], [5]]",[0.08260464 0.1529458  0.09589443 0.05551131]
1414,0.1176141978603995,"[[np.int64(0), 6], [np.int64(1)], [np.int64(2), 3, 5], [4, 7]]",[0.09589443 0.05551131 0.1529458  0.08260464]
1415,0.11761419786039962,"[[np.int64(0), 3], [np.int64(1), 6, 7], [np.int64(2), 4], [5]]",[0.08260464 0.1529458  0.09589443 0.05551131]
1416,0.11778797256635753,"[[np.int64(0), 7], [np.int64(1), 6], [np.int64(2), 3], [4, 5]]",[0.09589443 0.1020555  0.09762157 0.09121091]
1417,0.11778797256635753,"[[np.int64(0), np.int64(1)], [2, 5], [3, 4], [6, 7]]",[0.09121091 0.1020555  0.09589443 0.09762157]
1418,0.11778797256635826,"[[np.int64(0), 6], [np.int64(1), 7], [np.int64(2), 3], [4, 5]]",[0.09589443 0.1020555  0.09762157 0.09121091]
1419,0.11778797256635831,"[[np.int64(0), np.int64(1)], [2, 4], [3, 5], [6, 7]]",[0.09121091 0.09589443 0.1020555  0.09762157]
1420,0.11786262647293444,"[[np.int64(0)], [np.int64(1), 3], [np.int64(2), 5, 6], [4, 7]]",[0.04087706 0.09875572 0.16447033 0.08260464]
1421,0.11786262647293455,"[[np.int64(0), 3], [np.int64(1), 2, 6], [4], [5, 7]]",[0.08260464 0.16447033 0.04087706 0.09875572]
1422,0.11786262647293455,"[[np.int64(0)], [np.int64(1), 2], [3, 5, 7], [4, 6]]",[0.04087706 0.09875572 0.16447033 0.08260464]
1423,0.11786262647293472,"[[np.int64(0), 2], [np.int64(1), 3, 7], [4], [5, 6]]",[0.08260464 0.16447033 0.04087706 0.09875572]
1424,0.11797504785475998,"[[np.int64(0), np.int64(1), 7], [2, 3, 5], [4], [6]]",[0.14613474 0.1529458  0.04087706 0.04663773]
1425,0.1179750478547601,"[[np.int64(0)], [np.int64(1), 6, 7], [np.int64(2)], [np.int64(3), 4, 5]]",[0.04087706 0.1529458  0.04663773 0.14613474]
1426,0.1179750478547602,"[[np.int64(0), np.int64(1), 6], [2, 3, 5], [4], [7]]",[0.14613474 0.1529458  0.04087706 0.04663773]
1427,0.11797504785476026,"[[np.int64(0)], [np.int64(1), 6, 7], [np.int64(2), 4, 5], [np.int64(3)]]",[0.04087706 0.1529458  0.14613474 0.04663773]
1428,0.11833376672263818,"[[np.int64(0), 5, 7], [np.int64(1), 2], [3], [4, 6]]",[0.15823852 0.09875572 0.04663773 0.08260464]
1429,0.11833376672263829,"[[np.int64(0), 5, 7], [np.int64(1), 3], [np.int64(2)], [4, 6]]",[0.15823852 0.09875572 0.04663773 0.08260464]
1430,0.11833376672263834,"[[np.int64(0), 5, 6], [np.int64(1), 2], [3], [4, 7]]",[0.15823852 0.09875572 0.04663773 0.08260464]
1431,0.11833376672263846,"[[np.int64(0), 2], [np.int64(1), 3, 4], [5, 6], [7]]",[0.08260464 0.15823852 0.09875572 0.04663773]
1432,0.11833376672263851,"[[np.int64(0), 5, 6], [np.int64(1), 3], [np.int64(2)], [4, 7]]",[0.15823852 0.09875572 0.04663773 0.08260464]
1433,0.11833376672263857,"[[np.int64(0), 2], [np.int64(1), 3, 4], [5, 7], [6]]",[0.08260464 0.15823852 0.09875572 0.04663773]
1434,0.11833376672263857,"[[np.int64(0), 3], [np.int64(1), 2, 4], [5, 6], [7]]",[0.08260464 0.15823852 0.09875572 0.04663773]
1435,0.11833376672263868,"[[np.int64(0), 3], [np.int64(1), 2, 4], [5, 7], [6]]",[0.08260464 0.15823852 0.09875572 0.04663773]
1436,0.11851544172357387,"[[np.int64(0)], [np.int64(1), 2], [3, 5, 6], [4, 7]]",[0.04087706 0.09875572 0.16381751 0.08260464]
1437,0.11851544172357392,"[[np.int64(0), 3], [np.int64(1), 2, 7], [4], [5, 6]]",[0.08260464 0.16381751 0.04087706 0.09875572]
1438,0.11851544172357398,"[[np.int64(0)], [np.int64(1), 3], [np.int64(2), 5, 7], [4, 6]]",[0.04087706 0.09875572 0.16381751 0.08260464]
1439,0.1185154417235742,"[[np.int64(0), 2], [np.int64(1), 3, 6], [4], [5, 7]]",[0.08260464 0.16381751 0.04087706 0.09875572]
1440,0.11902544622583722,"[[np.int64(0), np.int64(1), 7], [2], [3, 4, 5], [6]]",[0.14613474 0.04663773 0.14613474 0.04663773]
1441,0.11902544622583738,"[[np.int64(0), np.int64(1), 7], [2, 4, 5], [3], [6]]",[0.14613474 0.14613474 0.04663773 0.04663773]
1442,0.1190254462258375,"[[np.int64(0), np.int64(1), 6], [2], [3, 4, 5], [7]]",[0.14613474 0.04663773 0.14613474 0.04663773]
1443,0.11902544622583766,"[[np.int64(0), np.int64(1), 6], [2, 4, 5], [3], [7]]",[0.14613474 0.14613474 0.04663773 0.04663773]
1444,0.11906750975109759,"[[np.int64(0), 3, 5], [np.int64(1), 2], [4], [6, 7]]",[0.14824852 0.09875572 0.04087706 0.09762157]
1445,0.11906750975109759,"[[np.int64(0), 2, 5], [np.int64(1), 3], [4], [6, 7]]",[0.14824852 0.09875572 0.04087706 0.09762157]
1446,0.11906750975109764,"[[np.int64(0)], [np.int64(1), 4, 6], [np.int64(2), 3], [5, 7]]",[0.04087706 0.14824852 0.09762157 0.09875572]
1447,0.1190675097510977,"[[np.int64(0)], [np.int64(1), 4, 7], [np.int64(2), 3], [5, 6]]",[0.04087706 0.14824852 0.09762157 0.09875572]
1448,0.11937945552231122,"[[np.int64(0), 3], [np.int64(1)], [np.int64(2), 5, 6], [4, 7]]",[0.08260464 0.05551131 0.16447033 0.08260464]
1449,0.11937945552231133,"[[np.int64(0), 3], [np.int64(1), 2, 6], [4, 7], [5]]",[0.08260464 0.16447033 0.08260464 0.05551131]
1450,0.11937945552231166,"[[np.int64(0), 2], [np.int64(1), 3, 7], [4, 6], [5]]",[0.08260464 0.16447033 0.08260464 0.05551131]
1451,0.11937945552231172,"[[np.int64(0), 2], [np.int64(1)], [3, 5, 7], [4, 6]]",[0.08260464 0.05551131 0.16447033 0.08260464]
1452,0.11964676787247086,"[[np.int64(0), np.int64(1)], [2, 5, 6], [3], [4, 7]]",[0.09121091 0.16447033 0.04663773 0.08260464]
1453,0.11964676787247097,"[[np.int64(0), 3], [np.int64(1), 2, 6], [4, 5], [7]]",[0.08260464 0.16447033 0.09121091 0.04663773]
1454,0.1196467678724712,"[[np.int64(0), np.int64(1)], [2], [3, 5, 7], [4, 6]]",[0.09121091 0.04663773 0.16447033 0.08260464]
1455,0.11964676787247125,"[[np.int64(0), 2], [np.int64(1), 3, 7], [4, 5], [6]]",[0.08260464 0.16447033 0.09121091 0.04663773]
1456,0.11980539804648316,"[[np.int64(0), 4, 7], [np.int64(1), 2], [3], [5, 6]]",[0.14061581 0.09875572 0.04663773 0.09875572]
1457,0.11980539804648332,"[[np.int64(0), 3, 4], [np.int64(1), 2], [5, 6], [7]]",[0.14061581 0.09875572 0.09875572 0.04663773]
1458,0.11980539804648338,"[[np.int64(0), 4, 7], [np.int64(1), 3], [np.int64(2)], [5, 6]]",[0.14061581 0.09875572 0.04663773 0.09875572]
1459,0.11980539804648344,"[[np.int64(0), 3, 4], [np.int64(1), 2], [5, 7], [6]]",[0.14061581 0.09875572 0.09875572 0.04663773]
1460,0.11980539804648394,"[[np.int64(0), 4, 6], [np.int64(1), 2], [3], [5, 7]]",[0.14061581 0.09875572 0.04663773 0.09875572]
1461,0.11980539804648405,"[[np.int64(0), 2, 4], [np.int64(1), 3], [5, 6], [7]]",[0.14061581 0.09875572 0.09875572 0.04663773]
1462,0.1198053980464841,"[[np.int64(0), 4, 6], [np.int64(1), 3], [np.int64(2)], [5, 7]]",[0.14061581 0.09875572 0.04663773 0.09875572]
1463,0.11980539804648421,"[[np.int64(0), 2, 4], [np.int64(1), 3], [5, 7], [6]]",[0.14061581 0.09875572 0.09875572 0.04663773]
1464,0.12003227077295076,"[[np.int64(0), 3], [np.int64(1)], [np.int64(2), 5, 7], [4, 6]]",[0.08260464 0.05551131 0.16381751 0.08260464]
1465,0.12003227077295087,"[[np.int64(0), 3], [np.int64(1), 2, 7], [4, 6], [5]]",[0.08260464 0.16381751 0.08260464 0.05551131]
1466,0.12003227077295098,"[[np.int64(0), 2], [np.int64(1), 3, 6], [4, 7], [5]]",[0.08260464 0.16381751 0.08260464 0.05551131]
1467,0.12003227077295109,"[[np.int64(0), 2], [np.int64(1)], [3, 5, 6], [4, 7]]",[0.08260464 0.05551131 0.16381751 0.08260464]
1468,0.1202995831231104,"[[np.int64(0), np.int64(1)], [2, 5, 7], [3], [4, 6]]",[0.09121091 0.16381751 0.04663773 0.08260464]
1469,0.1202995831231104,"[[np.int64(0), 3], [np.int64(1), 2, 7], [4, 5], [6]]",[0.08260464 0.16381751 0.09121091 0.04663773]
1470,0.12029958312311051,"[[np.int64(0), np.int64(1)], [2], [3, 5, 6], [4, 7]]",[0.09121091 0.04663773 0.16381751 0.08260464]
1471,0.12029958312311062,"[[np.int64(0), 2], [np.int64(1), 3, 6], [4, 5], [7]]",[0.08260464 0.16381751 0.09121091 0.04663773]
1472,0.12077141408887654,"[[np.int64(0)], [np.int64(1), 4, 6, 7], [np.int64(2), 5], [np.int64(3)]]",[0.04087706 0.19422868 0.1020555  0.04663773]
1473,0.12077141408887665,"[[np.int64(0), 2, 3, 5], [np.int64(1), 6], [4], [7]]",[0.19422868 0.1020555  0.04087706 0.04663773]
1474,0.12077141408887687,"[[np.int64(0)], [np.int64(1), 4, 6, 7], [np.int64(2)], [np.int64(3), 5]]",[0.04087706 0.19422868 0.04663773 0.1020555 ]
1475,0.12077141408887693,"[[np.int64(0), 2, 3, 5], [np.int64(1), 7], [4], [6]]",[0.19422868 0.1020555  0.04087706 0.04663773]
1476,0.12118128900073927,"[[np.int64(0), np.int64(1), 7], [2, 3], [4], [5, 6]]",[0.14613474 0.09762157 0.04087706 0.09875572]
1477,0.12118128900073927,"[[np.int64(0)], [np.int64(1), 2], [3, 4, 5], [6, 7]]",[0.04087706 0.09875572 0.14613474 0.09762157]
1478,0.1211812890007396,"[[np.int64(0), np.int64(1), 6], [2, 3], [4], [5, 7]]",[0.14613474 0.09762157 0.04087706 0.09875572]
1479,0.1211812890007396,"[[np.int64(0)], [np.int64(1), 3], [np.int64(2), 4, 5], [6, 7]]",[0.04087706 0.09875572 0.14613474 0.09762157]
1480,0.12191503202919857,"[[np.int64(0), np.int64(1)], [2, 3, 5], [4], [6, 7]]",[0.09121091 0.1529458  0.04087706 0.09762157]
1481,0.12191503202919862,"[[np.int64(0)], [np.int64(1), 6, 7], [np.int64(2), 3], [4, 5]]",[0.04087706 0.1529458  0.09762157 0.09121091]
1482,0.12232209081574624,"[[np.int64(0), 4], [np.int64(1), 2], [3], [5, 6, 7]]",[0.09050859 0.09875572 0.04663773 0.14634624]
1483,0.12232209081574635,"[[np.int64(0), 4], [np.int64(1), 2, 3], [5, 6], [7]]",[0.09050859 0.14634624 0.09875572 0.04663773]
1484,0.12232209081574646,"[[np.int64(0), 4], [np.int64(1), 2, 3], [5, 7], [6]]",[0.09050859 0.14634624 0.09875572 0.04663773]
1485,0.12232209081574646,"[[np.int64(0), 4], [np.int64(1), 3], [np.int64(2)], [5, 6, 7]]",[0.09050859 0.09875572 0.04663773 0.14634624]
1486,0.12236728854127787,"[[np.int64(0), 5], [np.int64(1), 2, 3], [4, 7], [6]]",[0.10661447 0.14634624 0.08260464 0.04663773]
1487,0.12236728854127799,"[[np.int64(0), 3], [np.int64(1), 4], [np.int64(2)], [5, 6, 7]]",[0.08260464 0.10661447 0.04663773 0.14634624]
1488,0.1223672885412781,"[[np.int64(0), 5], [np.int64(1), 2, 3], [4, 6], [7]]",[0.10661447 0.14634624 0.08260464 0.04663773]
1489,0.12236728854127815,"[[np.int64(0), 2], [np.int64(1), 4], [3], [5, 6, 7]]",[0.08260464 0.10661447 0.04663773 0.14634624]
1490,0.12269692639138302,"[[np.int64(0)], [np.int64(1), 2], [3, 4], [5, 6, 7]]",[0.04087706 0.09875572 0.09589443 0.14634624]
1491,0.12269692639138302,"[[np.int64(0), 7], [np.int64(1), 2, 3], [4], [5, 6]]",[0.09589443 0.14634624 0.04087706 0.09875572]
1492,0.12269692639138363,"[[np.int64(0), 6], [np.int64(1), 2, 3], [4], [5, 7]]",[0.09589443 0.14634624 0.04087706 0.09875572]
1493,0.12269692639138369,"[[np.int64(0)], [np.int64(1), 3], [np.int64(2), 4], [5, 6, 7]]",[0.04087706 0.09875572 0.09589443 0.14634624]
1494,0.12269811805011621,"[[np.int64(0), np.int64(1), 7], [2, 3], [4, 6], [5]]",[0.14613474 0.09762157 0.08260464 0.05551131]
1495,0.12269811805011632,"[[np.int64(0), np.int64(1), 6], [2, 3], [4, 7], [5]]",[0.14613474 0.09762157 0.08260464 0.05551131]
1496,0.12269811805011638,"[[np.int64(0), 3], [np.int64(1)], [np.int64(2), 4, 5], [6, 7]]",[0.08260464 0.05551131 0.14613474 0.09762157]
1497,0.12269811805011638,"[[np.int64(0), 2], [np.int64(1)], [3, 4, 5], [6, 7]]",[0.08260464 0.05551131 0.14613474 0.09762157]
1498,0.12294654666265126,"[[np.int64(0)], [np.int64(1), 2], [3, 7], [4, 5, 6]]",[0.04087706 0.09875572 0.11244588 0.12954517]
1499,0.12294654666265131,"[[np.int64(0), np.int64(1), np.int64(2)], [3, 7], [4], [5, 6]]",[0.12954517 0.11244588 0.04087706 0.09875572]
1500,0.12294654666265176,"[[np.int64(0)], [np.int64(1), 3], [np.int64(2), 6], [4, 5, 7]]",[0.04087706 0.09875572 0.11244588 0.12954517]
1501,0.12294654666265181,"[[np.int64(0), np.int64(1), 3], [2, 6], [4], [5, 7]]",[0.12954517 0.11244588 0.04087706 0.09875572]
1502,0.1229654304002758,"[[np.int64(0), np.int64(1), 7], [2, 3], [4, 5], [6]]",[0.14613474 0.09762157 0.09121091 0.04663773]
1503,0.12296543040027591,"[[np.int64(0), np.int64(1)], [2], [3, 4, 5], [6, 7]]",[0.09121091 0.04663773 0.14613474 0.09762157]
1504,0.12296543040027602,"[[np.int64(0), np.int64(1)], [2, 4, 5], [3], [6, 7]]",[0.09121091 0.14613474 0.04663773 0.09762157]
1505,0.12296543040027602,"[[np.int64(0), np.int64(1), 6], [2, 3], [4, 5], [7]]",[0.14613474 0.09762157 0.09121091 0.04663773]
1506,0.12304008430685254,"[[np.int64(0)], [np.int64(1), 2, 6], [3], [4, 5, 7]]",[0.04087706 0.16447033 0.04663773 0.12954517]
1507,0.12304008430685265,"[[np.int64(0)], [np.int64(1), 3, 7], [np.int64(2)], [4, 5, 6]]",[0.04087706 0.16447033 0.04663773 0.12954517]
1508,0.12304008430685265,"[[np.int64(0), np.int64(1), 3], [2, 5, 6], [4], [7]]",[0.12954517 0.16447033 0.04087706 0.04663773]
1509,0.12304008430685265,"[[np.int64(0), np.int64(1), np.int64(2)], [3, 5, 7], [4], [6]]",[0.12954517 0.16447033 0.04087706 0.04663773]
1510,0.12359936191329085,"[[np.int64(0)], [np.int64(1), 2], [3, 6], [4, 5, 7]]",[0.04087706 0.09875572 0.11179306 0.12954517]
1511,0.1235993619132909,"[[np.int64(0)], [np.int64(1), 3], [np.int64(2), 7], [4, 5, 6]]",[0.04087706 0.09875572 0.11179306 0.12954517]
1512,0.1235993619132909,"[[np.int64(0), np.int64(1), 3], [2, 7], [4], [5, 6]]",[0.12954517 0.11179306 0.04087706 0.09875572]
1513,0.12359936191329107,"[[np.int64(0), np.int64(1), np.int64(2)], [3, 6], [4], [5, 7]]",[0.12954517 0.11179306 0.04087706 0.09875572]
1514,0.12369289955749196,"[[np.int64(0), np.int64(1), 3], [2, 5, 7], [4], [6]]",[0.12954517 0.16381751 0.04087706 0.04663773]
1515,0.12369289955749196,"[[np.int64(0)], [np.int64(1), 2, 7], [3], [4, 5, 6]]",[0.04087706 0.16381751 0.04663773 0.12954517]
1516,0.12369289955749208,"[[np.int64(0)], [np.int64(1), 3, 6], [np.int64(2)], [4, 5, 7]]",[0.04087706 0.16381751 0.04663773 0.12954517]
1517,0.12369289955749219,"[[np.int64(0), np.int64(1), np.int64(2)], [3, 5, 6], [4], [7]]",[0.12954517 0.16381751 0.04087706 0.04663773]
1518,0.12388411759065476,"[[np.int64(0), 5], [np.int64(1), 2], [3], [4, 6, 7]]",[0.10661447 0.09875572 0.04663773 0.12867834]
1519,0.12388411759065493,"[[np.int64(0), 2, 3], [np.int64(1), 4], [5, 6], [7]]",[0.12867834 0.10661447 0.09875572 0.04663773]
1520,0.12388411759065493,"[[np.int64(0), 5], [np.int64(1), 3], [np.int64(2)], [4, 6, 7]]",[0.10661447 0.09875572 0.04663773 0.12867834]
1521,0.1238841175906551,"[[np.int64(0), 2, 3], [np.int64(1), 4], [5, 7], [6]]",[0.12867834 0.10661447 0.09875572 0.04663773]
1522,0.12421375544075997,"[[np.int64(0), 7], [np.int64(1), 2, 3], [4, 6], [5]]",[0.09589443 0.14634624 0.08260464 0.05551131]
1523,0.12421375544076019,"[[np.int64(0), 2], [np.int64(1)], [3, 4], [5, 6, 7]]",[0.08260464 0.05551131 0.09589443 0.14634624]
1524,0.12421375544076041,"[[np.int64(0), 3], [np.int64(1)], [np.int64(2), 4], [5, 6, 7]]",[0.08260464 0.05551131 0.09589443 0.14634624]
1525,0.12421375544076041,"[[np.int64(0), 6], [np.int64(1), 2, 3], [4, 7], [5]]",[0.09589443 0.14634624 0.08260464 0.05551131]
1526,0.12446337571202826,"[[np.int64(0), np.int64(1), np.int64(2)], [3, 7], [4, 6], [5]]",[0.12954517 0.11244588 0.08260464 0.05551131]
1527,0.12446337571202837,"[[np.int64(0), 2], [np.int64(1)], [3, 7], [4, 5, 6]]",[0.08260464 0.05551131 0.11244588 0.12954517]
1528,0.12446337571202853,"[[np.int64(0), np.int64(1), 3], [2, 6], [4, 7], [5]]",[0.12954517 0.11244588 0.08260464 0.05551131]
1529,0.12446337571202853,"[[np.int64(0), 3], [np.int64(1)], [np.int64(2), 6], [4, 5, 7]]",[0.08260464 0.05551131 0.11244588 0.12954517]
1530,0.12448106779091955,"[[np.int64(0), 7], [np.int64(1), 2, 3], [4, 5], [6]]",[0.09589443 0.14634624 0.09121091 0.04663773]
1531,0.12448106779091966,"[[np.int64(0), np.int64(1)], [2], [3, 4], [5, 6, 7]]",[0.09121091 0.04663773 0.09589443 0.14634624]
1532,0.12448106779092005,"[[np.int64(0), 6], [np.int64(1), 2, 3], [4, 5], [7]]",[0.09589443 0.14634624 0.09121091 0.04663773]
1533,0.12448106779092011,"[[np.int64(0), np.int64(1)], [2, 4], [3], [5, 6, 7]]",[0.09121091 0.09589443 0.04663773 0.14634624]
1534,0.12473068806218779,"[[np.int64(0), np.int64(1)], [2], [3, 7], [4, 5, 6]]",[0.09121091 0.04663773 0.11244588 0.12954517]
1535,0.12473068806218784,"[[np.int64(0), np.int64(1), np.int64(2)], [3, 7], [4, 5], [6]]",[0.12954517 0.11244588 0.09121091 0.04663773]
1536,0.12473068806218818,"[[np.int64(0), np.int64(1)], [2, 6], [3], [4, 5, 7]]",[0.09121091 0.11244588 0.04663773 0.12954517]
1537,0.12473068806218823,"[[np.int64(0), np.int64(1), 3], [2, 6], [4, 5], [7]]",[0.12954517 0.11244588 0.09121091 0.04663773]
1538,0.1250239917039288,"[[np.int64(0), 2, 5], [np.int64(1), 6], [3], [4, 7]]",[0.14824852 0.1020555  0.04663773 0.08260464]
1539,0.12502399170392892,"[[np.int64(0), 3], [np.int64(1), 4, 6], [np.int64(2), 5], [7]]",[0.08260464 0.14824852 0.1020555  0.04663773]
1540,0.12502399170392897,"[[np.int64(0), 3, 5], [np.int64(1), 6], [np.int64(2)], [4, 7]]",[0.14824852 0.1020555  0.04663773 0.08260464]
1541,0.12502399170392897,"[[np.int64(0), 3], [np.int64(1), 4, 7], [np.int64(2), 5], [6]]",[0.08260464 0.14824852 0.1020555  0.04663773]
1542,0.12502399170392925,"[[np.int64(0), 2, 5], [np.int64(1), 7], [3], [4, 6]]",[0.14824852 0.1020555  0.04663773 0.08260464]
1543,0.12502399170392936,"[[np.int64(0), 2], [np.int64(1), 4, 6], [3, 5], [7]]",[0.08260464 0.14824852 0.1020555  0.04663773]
1544,0.12502399170392942,"[[np.int64(0), 3, 5], [np.int64(1), 7], [np.int64(2)], [4, 6]]",[0.14824852 0.1020555  0.04663773 0.08260464]
1545,0.12502399170392947,"[[np.int64(0), 2], [np.int64(1), 4, 7], [3, 5], [6]]",[0.08260464 0.14824852 0.1020555  0.04663773]
1546,0.12511619096266768,"[[np.int64(0), 3], [np.int64(1)], [np.int64(2), 7], [4, 5, 6]]",[0.08260464 0.05551131 0.11179306 0.12954517]
1547,0.1251161909626678,"[[np.int64(0), np.int64(1), 3], [2, 7], [4, 6], [5]]",[0.12954517 0.11179306 0.08260464 0.05551131]
1548,0.1251161909626678,"[[np.int64(0), np.int64(1), np.int64(2)], [3, 6], [4, 7], [5]]",[0.12954517 0.11179306 0.08260464 0.05551131]
1549,0.12511619096266802,"[[np.int64(0), 2], [np.int64(1)], [3, 6], [4, 5, 7]]",[0.08260464 0.05551131 0.11179306 0.12954517]
1550,0.125260091909833,"[[np.int64(0), 7], [np.int64(1), 3], [np.int64(2), 5], [4, 6]]",[0.09589443 0.09875572 0.1020555  0.08260464]
1551,0.12526009190983317,"[[np.int64(0), 7], [np.int64(1), 2], [3, 5], [4, 6]]",[0.09589443 0.09875572 0.1020555  0.08260464]
1552,0.12526009190983323,"[[np.int64(0), 2], [np.int64(1), 6], [3, 4], [5, 7]]",[0.08260464 0.1020555  0.09589443 0.09875572]
1553,0.12526009190983334,"[[np.int64(0), 6], [np.int64(1), 3], [np.int64(2), 5], [4, 7]]",[0.09589443 0.09875572 0.1020555  0.08260464]
1554,0.1252600919098334,"[[np.int64(0), 2], [np.int64(1), 7], [3, 4], [5, 6]]",[0.08260464 0.1020555  0.09589443 0.09875572]
1555,0.1252600919098335,"[[np.int64(0), 6], [np.int64(1), 2], [3, 5], [4, 7]]",[0.09589443 0.09875572 0.1020555  0.08260464]
1556,0.1252600919098335,"[[np.int64(0), 3], [np.int64(1), 6], [np.int64(2), 4], [5, 7]]",[0.08260464 0.1020555  0.09589443 0.09875572]
1557,0.12526009190983367,"[[np.int64(0), 3], [np.int64(1), 7], [np.int64(2), 4], [5, 6]]",[0.08260464 0.1020555  0.09589443 0.09875572]
1558,0.12538350331282733,"[[np.int64(0), np.int64(1)], [2, 7], [3], [4, 5, 6]]",[0.09121091 0.11179306 0.04663773 0.12954517]
1559,0.12538350331282738,"[[np.int64(0), np.int64(1), 3], [2, 7], [4, 5], [6]]",[0.12954517 0.11179306 0.09121091 0.04663773]
1560,0.12538350331282744,"[[np.int64(0), np.int64(1)], [2], [3, 6], [4, 5, 7]]",[0.09121091 0.04663773 0.11179306 0.12954517]
1561,0.1253835033128275,"[[np.int64(0), np.int64(1), np.int64(2)], [3, 6], [4, 5], [7]]",[0.12954517 0.11179306 0.09121091 0.04663773]
1562,0.12549448428423277,"[[np.int64(0), 2, 5], [np.int64(1)], [3], [4, 6, 7]]",[0.14824852 0.05551131 0.04663773 0.12867834]
1563,0.12549448428423293,"[[np.int64(0), 2, 3], [np.int64(1), 4, 6], [5], [7]]",[0.12867834 0.14824852 0.05551131 0.04663773]
1564,0.125494484284233,"[[np.int64(0), 3, 5], [np.int64(1)], [np.int64(2)], [4, 6, 7]]",[0.14824852 0.05551131 0.04663773 0.12867834]
1565,0.12549448428423304,"[[np.int64(0), 2, 3], [np.int64(1), 4, 7], [5], [6]]",[0.12867834 0.14824852 0.05551131 0.04663773]
1566,0.12558802192843393,"[[np.int64(0), 2, 3, 5], [np.int64(1)], [4, 7], [6]]",[0.19422868 0.05551131 0.08260464 0.04663773]
1567,0.125588021928434,"[[np.int64(0), 3], [np.int64(1), 4, 6, 7], [np.int64(2)], [5]]",[0.08260464 0.19422868 0.04663773 0.05551131]
1568,0.1255880219284341,"[[np.int64(0), 2, 3, 5], [np.int64(1)], [4, 6], [7]]",[0.19422868 0.05551131 0.08260464 0.04663773]
1569,0.1255880219284342,"[[np.int64(0), 2], [np.int64(1), 4, 6, 7], [3], [5]]",[0.08260464 0.19422868 0.04663773 0.05551131]
1570,0.1259978968402965,"[[np.int64(0), 7], [np.int64(1)], [np.int64(2), 3], [4, 5, 6]]",[0.09589443 0.05551131 0.09762157 0.12954517]
1571,0.12599789684029655,"[[np.int64(0), np.int64(1), np.int64(2)], [3, 4], [5], [6, 7]]",[0.12954517 0.09589443 0.05551131 0.09762157]
1572,0.12599789684029694,"[[np.int64(0), 6], [np.int64(1)], [np.int64(2), 3], [4, 5, 7]]",[0.09589443 0.05551131 0.09762157 0.12954517]
1573,0.125997896840297,"[[np.int64(0), np.int64(1), 3], [2, 4], [5], [6, 7]]",[0.12954517 0.09589443 0.05551131 0.09762157]
1574,0.12608737258249336,"[[np.int64(0)], [np.int64(1), 6], [np.int64(2), 3, 5], [4, 7]]",[0.04087706 0.1020555  0.1529458  0.08260464]
1575,0.12608737258249342,"[[np.int64(0), 3], [np.int64(1), 6, 7], [np.int64(2), 5], [4]]",[0.08260464 0.1529458  0.1020555  0.04087706]
1576,0.1260873725824938,"[[np.int64(0)], [np.int64(1), 7], [np.int64(2), 3, 5], [4, 6]]",[0.04087706 0.1020555  0.1529458  0.08260464]
1577,0.12608737258249392,"[[np.int64(0), 2], [np.int64(1), 6, 7], [3, 5], [4]]",[0.08260464 0.1529458  0.1020555  0.04087706]
1578,0.12655786516279732,"[[np.int64(0)], [np.int64(1)], [np.int64(2), 3, 5], [4, 6, 7]]",[0.04087706 0.05551131 0.1529458  0.12867834]
1579,0.12655786516279754,"[[np.int64(0), 2, 3], [np.int64(1), 6, 7], [4], [5]]",[0.12867834 0.1529458  0.04087706 0.05551131]
1580,0.12690541457471444,"[[np.int64(0), np.int64(1)], [2, 3], [4, 5], [6, 7]]",[0.09121091 0.09762157 0.09121091 0.09762157]
1581,0.1271377709535707,"[[np.int64(0), np.int64(1), 7], [2, 5], [3], [4, 6]]",[0.14613474 0.1020555  0.04663773 0.08260464]
1582,0.12713777095357076,"[[np.int64(0), np.int64(1), 6], [2, 5], [3], [4, 7]]",[0.14613474 0.1020555  0.04663773 0.08260464]
1583,0.12713777095357087,"[[np.int64(0), 3], [np.int64(1), 6], [np.int64(2), 4, 5], [7]]",[0.08260464 0.1020555  0.14613474 0.04663773]
1584,0.12713777095357098,"[[np.int64(0), 2], [np.int64(1), 6], [3, 4, 5], [7]]",[0.08260464 0.1020555  0.14613474 0.04663773]
1585,0.12713777095357104,"[[np.int64(0), np.int64(1), 7], [2], [3, 5], [4, 6]]",[0.14613474 0.04663773 0.1020555  0.08260464]
1586,0.12713777095357115,"[[np.int64(0), np.int64(1), 6], [2], [3, 5], [4, 7]]",[0.14613474 0.04663773 0.1020555  0.08260464]
1587,0.12713777095357115,"[[np.int64(0), 2], [np.int64(1), 7], [3, 4, 5], [6]]",[0.08260464 0.1020555  0.14613474 0.04663773]
1588,0.12713777095357115,"[[np.int64(0), 3], [np.int64(1), 7], [np.int64(2), 4, 5], [6]]",[0.08260464 0.1020555  0.14613474 0.04663773]
1589,0.12832377049410948,"[[np.int64(0), 3, 5], [np.int64(1), 2], [4, 7], [6]]",[0.14824852 0.09875572 0.08260464 0.04663773]
1590,0.12832377049410948,"[[np.int64(0), 2, 5], [np.int64(1), 3], [4, 7], [6]]",[0.14824852 0.09875572 0.08260464 0.04663773]
1591,0.1283237704941096,"[[np.int64(0), 3, 5], [np.int64(1), 2], [4, 6], [7]]",[0.14824852 0.09875572 0.08260464 0.04663773]
1592,0.1283237704941096,"[[np.int64(0), 3], [np.int64(1), 4, 7], [np.int64(2)], [5, 6]]",[0.08260464 0.14824852 0.04663773 0.09875572]
1593,0.1283237704941096,"[[np.int64(0), 3], [np.int64(1), 4, 6], [np.int64(2)], [5, 7]]",[0.08260464 0.14824852 0.04663773 0.09875572]
1594,0.1283237704941096,"[[np.int64(0), 2, 5], [np.int64(1), 3], [4, 6], [7]]",[0.14824852 0.09875572 0.08260464 0.04663773]
1595,0.1283237704941097,"[[np.int64(0), 2], [np.int64(1), 4, 6], [3], [5, 7]]",[0.08260464 0.14824852 0.04663773 0.09875572]
1596,0.1283237704941097,"[[np.int64(0), 2], [np.int64(1), 4, 7], [3], [5, 6]]",[0.08260464 0.14824852 0.04663773 0.09875572]
1597,0.12851458960955942,"[[np.int64(0), np.int64(1)], [2, 3], [4], [5, 6, 7]]",[0.09121091 0.09762157 0.04087706 0.14634624]
1598,0.12851458960955942,"[[np.int64(0)], [np.int64(1), 2, 3], [4, 5], [6, 7]]",[0.04087706 0.14634624 0.09121091 0.09762157]
1599,0.13012376464440445,"[[np.int64(0)], [np.int64(1), 2, 3], [4], [5, 6, 7]]",[0.04087706 0.14634624 0.04087706 0.14634624]
1600,0.1311712927722104,"[[np.int64(0), np.int64(1)], [2, 3, 5], [4, 7], [6]]",[0.09121091 0.1529458  0.08260464 0.04663773]
1601,0.1311712927722105,"[[np.int64(0), 3], [np.int64(1), 6, 7], [np.int64(2)], [4, 5]]",[0.08260464 0.1529458  0.04663773 0.09121091]
1602,0.13117129277221057,"[[np.int64(0), np.int64(1)], [2, 3, 5], [4, 6], [7]]",[0.09121091 0.1529458  0.08260464 0.04663773]
1603,0.13117129277221068,"[[np.int64(0), 2], [np.int64(1), 6, 7], [3], [4, 5]]",[0.08260464 0.1529458  0.04663773 0.09121091]
1604,0.13154824770831314,"[[np.int64(0), np.int64(1)], [2, 3], [4, 6, 7], [5]]",[0.09121091 0.09762157 0.12867834 0.05551131]
1605,0.1315482477083133,"[[np.int64(0), 2, 3], [np.int64(1)], [4, 5], [6, 7]]",[0.12867834 0.05551131 0.09121091 0.09762157]
1606,0.13315742274315823,"[[np.int64(0)], [np.int64(1), 2, 3], [4, 6, 7], [5]]",[0.04087706 0.14634624 0.12867834 0.05551131]
1607,0.13315742274315834,"[[np.int64(0), 2, 3], [np.int64(1)], [4], [5, 6, 7]]",[0.12867834 0.05551131 0.04087706 0.14634624]
1608,0.1337373285339314,"[[np.int64(0), 7], [np.int64(1), 2], [3], [4, 5, 6]]",[0.09589443 0.09875572 0.04663773 0.12954517]
1609,0.1337373285339316,"[[np.int64(0), 7], [np.int64(1), 3], [np.int64(2)], [4, 5, 6]]",[0.09589443 0.09875572 0.04663773 0.12954517]
1610,0.1337373285339316,"[[np.int64(0), np.int64(1), np.int64(2)], [3, 4], [5, 6], [7]]",[0.12954517 0.09589443 0.09875572 0.04663773]
1611,0.13373732853393172,"[[np.int64(0), np.int64(1), np.int64(2)], [3, 4], [5, 7], [6]]",[0.12954517 0.09589443 0.09875572 0.04663773]
1612,0.1337373285339319,"[[np.int64(0), 6], [np.int64(1), 2], [3], [4, 5, 7]]",[0.09589443 0.09875572 0.04663773 0.12954517]
1613,0.133737328533932,"[[np.int64(0), np.int64(1), 3], [2, 4], [5, 6], [7]]",[0.12954517 0.09589443 0.09875572 0.04663773]
1614,0.13373732853393205,"[[np.int64(0), 6], [np.int64(1), 3], [np.int64(2)], [4, 5, 7]]",[0.09589443 0.09875572 0.04663773 0.12954517]
1615,0.13373732853393216,"[[np.int64(0), np.int64(1), 3], [2, 4], [5, 7], [6]]",[0.12954517 0.09589443 0.09875572 0.04663773]
1616,0.1342037592122312,"[[np.int64(0)], [np.int64(1), 3], [np.int64(2), 5], [4, 6, 7]]",[0.04087706 0.09875572 0.1020555  0.12867834]
1617,0.13420375921223138,"[[np.int64(0)], [np.int64(1), 2], [3, 5], [4, 6, 7]]",[0.04087706 0.09875572 0.1020555  0.12867834]
1618,0.13420375921223143,"[[np.int64(0), 2, 3], [np.int64(1), 6], [4], [5, 7]]",[0.12867834 0.1020555  0.04087706 0.09875572]
1619,0.13420375921223154,"[[np.int64(0), 2, 3], [np.int64(1), 7], [4], [5, 6]]",[0.12867834 0.1020555  0.04087706 0.09875572]
1620,0.13437753391818968,"[[np.int64(0), 3], [np.int64(1), 2], [4, 5], [6, 7]]",[0.08260464 0.09875572 0.09121091 0.09762157]
1621,0.13437753391818974,"[[np.int64(0), np.int64(1)], [2, 3], [4, 7], [5, 6]]",[0.09121091 0.09762157 0.08260464 0.09875572]
1622,0.13437753391819002,"[[np.int64(0), np.int64(1)], [2, 3], [4, 6], [5, 7]]",[0.09121091 0.09762157 0.08260464 0.09875572]
1623,0.13437753391819002,"[[np.int64(0), 2], [np.int64(1), 3], [4, 5], [6, 7]]",[0.08260464 0.09875572 0.09121091 0.09762157]
1624,0.13447107156239085,"[[np.int64(0), np.int64(1), 3], [2, 5], [4], [6, 7]]",[0.12954517 0.1020555  0.04087706 0.09762157]
1625,0.1344710715623909,"[[np.int64(0)], [np.int64(1), 6], [np.int64(2), 3], [4, 5, 7]]",[0.04087706 0.1020555  0.09762157 0.12954517]
1626,0.13447107156239108,"[[np.int64(0), np.int64(1), np.int64(2)], [3, 5], [4], [6, 7]]",[0.12954517 0.1020555  0.04087706 0.09762157]
1627,0.13447107156239113,"[[np.int64(0)], [np.int64(1), 7], [np.int64(2), 3], [4, 5, 6]]",[0.04087706 0.1020555  0.09762157 0.12954517]
1628,0.13525009568130408,"[[np.int64(0), 3], [np.int64(1), 6], [np.int64(2), 5], [4, 7]]",[0.08260464 0.1020555  0.1020555  0.08260464]
1629,0.13525009568130442,"[[np.int64(0), 3], [np.int64(1), 7], [np.int64(2), 5], [4, 6]]",[0.08260464 0.1020555  0.1020555  0.08260464]
1630,0.13525009568130453,"[[np.int64(0), 2], [np.int64(1), 6], [3, 5], [4, 7]]",[0.08260464 0.1020555  0.1020555  0.08260464]
1631,0.13525009568130492,"[[np.int64(0), 2], [np.int64(1), 7], [3, 5], [4, 6]]",[0.08260464 0.1020555  0.1020555  0.08260464]
1632,0.13561500757766926,"[[np.int64(0), np.int64(1), 7], [2], [3], [4, 5, 6]]",[0.14613474 0.04663773 0.04663773 0.12954517]
1633,0.13561500757766937,"[[np.int64(0), np.int64(1), np.int64(2)], [3, 4, 5], [6], [7]]",[0.12954517 0.14613474 0.04663773 0.04663773]
1634,0.13561500757766948,"[[np.int64(0), np.int64(1), 6], [2], [3], [4, 5, 7]]",[0.14613474 0.04663773 0.04663773 0.12954517]
1635,0.13561500757766953,"[[np.int64(0), np.int64(1), 3], [2, 4, 5], [6], [7]]",[0.12954517 0.14613474 0.04663773 0.04663773]
1636,0.13572058826160804,"[[np.int64(0), 3], [np.int64(1)], [np.int64(2), 5], [4, 6, 7]]",[0.08260464 0.05551131 0.1020555  0.12867834]
1637,0.13572058826160815,"[[np.int64(0), 2, 3], [np.int64(1), 6], [4, 7], [5]]",[0.12867834 0.1020555  0.08260464 0.05551131]
1638,0.1357205882616085,"[[np.int64(0), 2, 3], [np.int64(1), 7], [4, 6], [5]]",[0.12867834 0.1020555  0.08260464 0.05551131]
1639,0.1357205882616085,"[[np.int64(0), 2], [np.int64(1)], [3, 5], [4, 6, 7]]",[0.08260464 0.05551131 0.1020555  0.12867834]
1640,0.13598670895303466,"[[np.int64(0), 3], [np.int64(1), 2], [4], [5, 6, 7]]",[0.08260464 0.09875572 0.04087706 0.14634624]
1641,0.13598670895303472,"[[np.int64(0)], [np.int64(1), 2, 3], [4, 7], [5, 6]]",[0.04087706 0.14634624 0.08260464 0.09875572]
1642,0.135986708953035,"[[np.int64(0)], [np.int64(1), 2, 3], [4, 6], [5, 7]]",[0.04087706 0.14634624 0.08260464 0.09875572]
1643,0.13598670895303505,"[[np.int64(0), 2], [np.int64(1), 3], [4], [5, 6, 7]]",[0.08260464 0.09875572 0.04087706 0.14634624]
1644,0.13598790061176763,"[[np.int64(0), np.int64(1)], [2, 5], [3], [4, 6, 7]]",[0.09121091 0.1020555  0.04663773 0.12867834]
1645,0.13598790061176785,"[[np.int64(0), 2, 3], [np.int64(1), 6], [4, 5], [7]]",[0.12867834 0.1020555  0.09121091 0.04663773]
1646,0.13598790061176796,"[[np.int64(0), np.int64(1)], [2], [3, 5], [4, 6, 7]]",[0.09121091 0.04663773 0.1020555  0.12867834]
1647,0.13598790061176808,"[[np.int64(0), 2, 3], [np.int64(1), 7], [4, 5], [6]]",[0.12867834 0.1020555  0.09121091 0.04663773]
1648,0.13619108084191206,"[[np.int64(0), 2, 3], [np.int64(1)], [4, 6, 7], [5]]",[0.12867834 0.05551131 0.12867834 0.05551131]
1649,0.1383348805770762,"[[np.int64(0)], [np.int64(1)], [np.int64(2), 3], [4, 5, 6, 7]]",[0.04087706 0.05551131 0.09762157 0.17222556]
1650,0.13833488057707632,"[[np.int64(0), np.int64(1), np.int64(2), np.int64(3)], [4], [5], [6, 7]]",[0.17222556 0.04087706 0.05551131 0.09762157]
1651,0.13902036705178844,"[[np.int64(0), 3], [np.int64(1), 2], [4, 6, 7], [5]]",[0.08260464 0.09875572 0.12867834 0.05551131]
1652,0.1390203670517886,"[[np.int64(0), 2, 3], [np.int64(1)], [4, 7], [5, 6]]",[0.12867834 0.05551131 0.08260464 0.09875572]
1653,0.13902036705178872,"[[np.int64(0), 2], [np.int64(1), 3], [4, 6, 7], [5]]",[0.08260464 0.09875572 0.12867834 0.05551131]
1654,0.13902036705178883,"[[np.int64(0), 2, 3], [np.int64(1)], [4, 6], [5, 7]]",[0.12867834 0.05551131 0.08260464 0.09875572]
1655,0.1395549917521079,"[[np.int64(0), np.int64(1)], [2, 3], [4, 5, 7], [6]]",[0.09121091 0.09762157 0.12954517 0.04663773]
1656,0.1395549917521079,"[[np.int64(0), np.int64(1), np.int64(2)], [3], [4, 5], [6, 7]]",[0.12954517 0.04663773 0.09121091 0.09762157]
1657,0.1395549917521079,"[[np.int64(0), np.int64(1)], [2, 3], [4, 5, 6], [7]]",[0.09121091 0.09762157 0.12954517 0.04663773]
1658,0.1395549917521079,"[[np.int64(0), np.int64(1), 3], [2], [4, 5], [6, 7]]",[0.12954517 0.04663773 0.09121091 0.09762157]
1659,0.14116416678695287,"[[np.int64(0)], [np.int64(1), 2, 3], [4, 5, 6], [7]]",[0.04087706 0.14634624 0.12954517 0.04663773]
1660,0.14116416678695287,"[[np.int64(0), np.int64(1), np.int64(2)], [3], [4], [5, 6, 7]]",[0.12954517 0.04663773 0.04087706 0.14634624]
1661,0.14116416678695293,"[[np.int64(0), np.int64(1), 3], [2], [4], [5, 6, 7]]",[0.12954517 0.04663773 0.04087706 0.14634624]
1662,0.14116416678695293,"[[np.int64(0)], [np.int64(1), 2, 3], [4, 5, 7], [6]]",[0.04087706 0.14634624 0.12954517 0.04663773]
1663,0.14184965326166504,"[[np.int64(0), 3], [np.int64(1), 2], [4, 7], [5, 6]]",[0.08260464 0.09875572 0.08260464 0.09875572]
1664,0.14184965326166527,"[[np.int64(0), 3], [np.int64(1), 2], [4, 6], [5, 7]]",[0.08260464 0.09875572 0.08260464 0.09875572]
1665,0.14184965326166538,"[[np.int64(0), 2], [np.int64(1), 3], [4, 7], [5, 6]]",[0.08260464 0.09875572 0.08260464 0.09875572]
1666,0.1418496532616656,"[[np.int64(0), 2], [np.int64(1), 3], [4, 6], [5, 7]]",[0.08260464 0.09875572 0.08260464 0.09875572]
1667,0.1437273323054027,"[[np.int64(0), np.int64(1), 3], [2, 5], [4, 7], [6]]",[0.12954517 0.1020555  0.08260464 0.04663773]
1668,0.14372733230540274,"[[np.int64(0), 3], [np.int64(1), 6], [np.int64(2)], [4, 5, 7]]",[0.08260464 0.1020555  0.04663773 0.12954517]
1669,0.14372733230540286,"[[np.int64(0), np.int64(1), 3], [2, 5], [4, 6], [7]]",[0.12954517 0.1020555  0.08260464 0.04663773]
1670,0.1437273323054029,"[[np.int64(0), 2], [np.int64(1), 6], [3], [4, 5, 7]]",[0.08260464 0.1020555  0.04663773 0.12954517]
1671,0.1437273323054029,"[[np.int64(0), np.int64(1), np.int64(2)], [3, 5], [4, 7], [6]]",[0.12954517 0.1020555  0.08260464 0.04663773]
1672,0.14372733230540297,"[[np.int64(0), 3], [np.int64(1), 7], [np.int64(2)], [4, 5, 6]]",[0.08260464 0.1020555  0.04663773 0.12954517]
1673,0.14372733230540313,"[[np.int64(0), 2], [np.int64(1), 7], [3], [4, 5, 6]]",[0.08260464 0.1020555  0.04663773 0.12954517]
1674,0.14372733230540313,"[[np.int64(0), np.int64(1), np.int64(2)], [3, 5], [4, 6], [7]]",[0.12954517 0.1020555  0.08260464 0.04663773]
1675,0.14419782488570665,"[[np.int64(0), np.int64(1), np.int64(2)], [3], [4, 6, 7], [5]]",[0.12954517 0.04663773 0.12867834 0.05551131]
1676,0.14419782488570676,"[[np.int64(0), 2, 3], [np.int64(1)], [4, 5, 7], [6]]",[0.12867834 0.05551131 0.12954517 0.04663773]
1677,0.14419782488570676,"[[np.int64(0), 2, 3], [np.int64(1)], [4, 5, 6], [7]]",[0.12867834 0.05551131 0.12954517 0.04663773]
1678,0.14419782488570676,"[[np.int64(0), np.int64(1), 3], [2], [4, 6, 7], [5]]",[0.12954517 0.04663773 0.12867834 0.05551131]
1679,0.14607431227071122,"[[np.int64(0)], [np.int64(1), 2], [3], [4, 5, 6, 7]]",[0.04087706 0.09875572 0.04663773 0.17222556]
1680,0.14607431227071133,"[[np.int64(0), np.int64(1), np.int64(2), np.int64(3)], [4], [5, 6], [7]]",[0.17222556 0.04087706 0.09875572 0.04663773]
1681,0.14607431227071133,"[[np.int64(0)], [np.int64(1), 3], [np.int64(2)], [4, 5, 6, 7]]",[0.04087706 0.09875572 0.04663773 0.17222556]
1682,0.14607431227071144,"[[np.int64(0), np.int64(1), np.int64(2), np.int64(3)], [4], [5, 7], [6]]",[0.17222556 0.04087706 0.09875572 0.04663773]
1683,0.14702711109558314,"[[np.int64(0), 3], [np.int64(1), 2], [4, 5, 6], [7]]",[0.08260464 0.09875572 0.12954517 0.04663773]
1684,0.1470271110955832,"[[np.int64(0), 3], [np.int64(1), 2], [4, 5, 7], [6]]",[0.08260464 0.09875572 0.12954517 0.04663773]
1685,0.1470271110955832,"[[np.int64(0), np.int64(1), np.int64(2)], [3], [4, 7], [5, 6]]",[0.12954517 0.04663773 0.08260464 0.09875572]
1686,0.14702711109558325,"[[np.int64(0), np.int64(1), 3], [2], [4, 7], [5, 6]]",[0.12954517 0.04663773 0.08260464 0.09875572]
1687,0.14702711109558347,"[[np.int64(0), np.int64(1), np.int64(2)], [3], [4, 6], [5, 7]]",[0.12954517 0.04663773 0.08260464 0.09875572]
1688,0.14702711109558353,"[[np.int64(0), np.int64(1), 3], [2], [4, 6], [5, 7]]",[0.12954517 0.04663773 0.08260464 0.09875572]
1689,0.14702711109558353,"[[np.int64(0), 2], [np.int64(1), 3], [4, 5, 7], [6]]",[0.08260464 0.09875572 0.12954517 0.04663773]
1690,0.14702711109558358,"[[np.int64(0), 2], [np.int64(1), 3], [4, 5, 6], [7]]",[0.08260464 0.09875572 0.12954517 0.04663773]
1691,0.1475911413200881,"[[np.int64(0), 3], [np.int64(1)], [np.int64(2)], [4, 5, 6, 7]]",[0.08260464 0.05551131 0.04663773 0.17222556]
1692,0.14759114132008821,"[[np.int64(0), np.int64(1), np.int64(2), np.int64(3)], [4, 7], [5], [6]]",[0.17222556 0.08260464 0.05551131 0.04663773]
1693,0.14759114132008833,"[[np.int64(0), 2], [np.int64(1)], [3], [4, 5, 6, 7]]",[0.08260464 0.05551131 0.04663773 0.17222556]
1694,0.14759114132008838,"[[np.int64(0), np.int64(1), np.int64(2), np.int64(3)], [4, 6], [5], [7]]",[0.17222556 0.08260464 0.05551131 0.04663773]
1695,0.1478584536702478,"[[np.int64(0), np.int64(1)], [2], [3], [4, 5, 6, 7]]",[0.09121091 0.04663773 0.04663773 0.17222556]
1696,0.1478584536702479,"[[np.int64(0), np.int64(1), np.int64(2), np.int64(3)], [4, 5], [6], [7]]",[0.17222556 0.09121091 0.04663773 0.04663773]
1697,0.15220456892950135,"[[np.int64(0), np.int64(1), np.int64(2)], [3], [4, 5, 7], [6]]",[0.12954517 0.04663773 0.12954517 0.04663773]
1698,0.15220456892950135,"[[np.int64(0), np.int64(1), np.int64(2)], [3], [4, 5, 6], [7]]",[0.12954517 0.04663773 0.12954517 0.04663773]
1699,0.15220456892950135,"[[np.int64(0), np.int64(1), 3], [2], [4, 5, 6], [7]]",[0.12954517 0.04663773 0.12954517 0.04663773]
1700,0.1522045689295014,"[[np.int64(0), np.int64(1), 3], [2], [4, 5, 7], [6]]",[0.12954517 0.04663773 0.12954517 0.04663773]
