,inter_metric,motifs,motif_metric
0,0.010027842349122906,"[[np.int64(0), 4], [np.int64(1), 5], [np.int64(2), 3, 6, 7]]",[0.09050859 0.13341475 0.27061919]
1,0.011843331814383573,"[[np.int64(0), 2, 3, 6, 7], [np.int64(1), 5], [4]]",[0.31843523 0.13341475 0.04087706]
2,0.011843331814383573,"[[np.int64(0)], [np.int64(1), 5], [np.int64(2), 3, 4, 6, 7]]",[0.04087706 0.13341475 0.31843523]
3,0.013733668859195691,"[[np.int64(0), np.int64(1), 5], [2, 3, 6, 7], [4]]",[0.17934046 0.27061919 0.04087706]
4,0.013733668859195691,"[[np.int64(0)], [np.int64(1), 4, 5], [np.int64(2), 3, 6, 7]]",[0.04087706 0.17934046 0.27061919]
5,0.018542014581394706,"[[np.int64(0), 2, 3, 4, 6, 7], [np.int64(1)], [5]]",[0.37500575 0.05551131 0.05551131]
6,0.02072224565671288,"[[np.int64(0), 5], [np.int64(1), 4], [np.int64(2), 3, 6, 7]]",[0.10661447 0.10661447 0.27061919]
7,0.024009366445818747,"[[np.int64(0), 5], [np.int64(1)], [np.int64(2), 3, 4, 6, 7]]",[0.10661447 0.05551131 0.31843523]
8,0.024009366445818803,"[[np.int64(0), 2, 3, 6, 7], [np.int64(1), 4], [5]]",[0.31843523 0.10661447 0.05551131]
9,0.027371334814476067,"[[np.int64(0), np.int64(1), 4], [2, 3, 6, 7], [5]]",[0.15106855 0.27061919 0.05551131]
10,0.027371334814476067,"[[np.int64(0), 4, 5], [np.int64(1)], [np.int64(2), 3, 6, 7]]",[0.15106855 0.05551131 0.27061919]
11,0.03098307460298405,"[[np.int64(0), 2, 3, 5, 6, 7], [np.int64(1)], [4]]",[0.37719893 0.05551131 0.04087706]
12,0.030983074602984106,"[[np.int64(0)], [np.int64(1), 2, 3, 4, 6, 7], [5]]",[0.04087706 0.37719893 0.05551131]
13,0.032729731316983535,"[[np.int64(0)], [np.int64(1), 2, 3, 5, 6, 7], [4]]",[0.04087706 0.39008652 0.04087706]
14,0.03792205779125346,"[[np.int64(0), 5], [np.int64(1), 2, 3, 6, 7], [4]]",[0.10661447 0.31915679 0.04087706]
15,0.03792205779125346,"[[np.int64(0)], [np.int64(1), 4], [np.int64(2), 3, 5, 6, 7]]",[0.04087706 0.10661447 0.31915679]
16,0.03939368911509866,"[[np.int64(0), 4], [np.int64(1)], [np.int64(2), 3, 5, 6, 7]]",[0.09050859 0.05551131 0.31915679]
17,0.03939368911509866,"[[np.int64(0), 4], [np.int64(1), 2, 3, 6, 7], [5]]",[0.09050859 0.31915679 0.05551131]
18,0.03941292825711207,"[[np.int64(0), 2, 3, 6, 7], [np.int64(1)], [4, 5]]",[0.31843523 0.05551131 0.09121091]
19,0.03941292825711218,"[[np.int64(0), np.int64(1)], [2, 3, 4, 6, 7], [5]]",[0.09121091 0.31843523 0.05551131]
20,0.04058768715969285,"[[np.int64(0), 2, 6, 7], [np.int64(1), 5], [3, 4]]",[0.23467351 0.13341475 0.09589443]
21,0.040587687159692964,"[[np.int64(0), 6], [np.int64(1), 5], [np.int64(2), 3, 4, 7]]",[0.09589443 0.13341475 0.23467351]
22,0.04058768715969302,"[[np.int64(0), 7], [np.int64(1), 5], [np.int64(2), 3, 4, 6]]",[0.09589443 0.13341475 0.23467351]
23,0.04058768715969302,"[[np.int64(0), 3, 6, 7], [np.int64(1), 5], [np.int64(2), 4]]",[0.23467351 0.13341475 0.09589443]
24,0.04165350547367924,"[[np.int64(0), 3, 4, 6, 7], [np.int64(1), 5], [np.int64(2)]]",[0.28286439 0.13341475 0.04663773]
25,0.0416535054736793,"[[np.int64(0), 2, 3, 4, 7], [np.int64(1), 5], [6]]",[0.28286439 0.13341475 0.04663773]
26,0.041653505473680075,"[[np.int64(0), 2, 4, 6, 7], [np.int64(1), 5], [3]]",[0.28286439 0.13341475 0.04663773]
27,0.04165350547368035,"[[np.int64(0), 2, 3, 4, 6], [np.int64(1), 5], [7]]",[0.28286439 0.13341475 0.04663773]
28,0.04196468796916897,"[[np.int64(0), np.int64(1), 4, 5], [2, 3, 7], [6]]",[0.23402064 0.18194732 0.04663773]
29,0.04196468796916919,"[[np.int64(0), np.int64(1), 4, 5], [2], [3, 6, 7]]",[0.23402064 0.04663773 0.18194732]
30,0.041964687969169245,"[[np.int64(0), np.int64(1), 4, 5], [2, 6, 7], [3]]",[0.23402064 0.18194732 0.04663773]
31,0.04196468796916947,"[[np.int64(0), np.int64(1), 4, 5], [2, 3, 6], [7]]",[0.23402064 0.18194732 0.04663773]
32,0.04391867809412858,"[[np.int64(0), 3, 6, 7], [np.int64(1), 4, 5], [np.int64(2)]]",[0.23467351 0.17934046 0.04663773]
33,0.04391867809412858,"[[np.int64(0), np.int64(1), 5], [2, 3, 4, 7], [6]]",[0.17934046 0.23467351 0.04663773]
34,0.043918678094128916,"[[np.int64(0), 2, 6, 7], [np.int64(1), 4, 5], [3]]",[0.23467351 0.17934046 0.04663773]
35,0.04391867809412919,"[[np.int64(0), np.int64(1), 5], [2, 3, 4, 6], [7]]",[0.17934046 0.23467351 0.04663773]
36,0.04565798797778331,"[[np.int64(0), np.int64(1), 4, 5], [2, 6], [3, 7]]",[0.23402064 0.11244588 0.11244588]
37,0.04638663641427737,"[[np.int64(0)], [np.int64(1)], [np.int64(2), 3, 4, 5, 6, 7]]",[0.04087706 0.05551131 0.36179537]
38,0.04638663641427743,"[[np.int64(0), np.int64(1), np.int64(2), np.int64(3), 6, 7], [4], [5]]",[0.36179537 0.04087706 0.05551131]
39,0.04696361847906222,"[[np.int64(0), np.int64(1), 4, 5], [2, 7], [3, 6]]",[0.23402064 0.11179306 0.11179306]
40,0.047388169688263315,"[[np.int64(0), np.int64(1), 5], [2, 6, 7], [3, 4]]",[0.17934046 0.18194732 0.09589443]
41,0.047388169688263426,"[[np.int64(0), 7], [np.int64(1), 4, 5], [np.int64(2), 3, 6]]",[0.09589443 0.17934046 0.18194732]
42,0.04738816968826354,"[[np.int64(0), 6], [np.int64(1), 4, 5], [np.int64(2), 3, 7]]",[0.09589443 0.17934046 0.18194732]
43,0.04738816968826365,"[[np.int64(0), np.int64(1), 5], [2, 4], [3, 6, 7]]",[0.17934046 0.09589443 0.18194732]
44,0.048592488661948985,"[[np.int64(0), 4, 7], [np.int64(1), 5], [np.int64(2), 3, 6]]",[0.14061581 0.13341475 0.18194732]
45,0.04859248866194904,"[[np.int64(0), 3, 4], [np.int64(1), 5], [np.int64(2), 6, 7]]",[0.14061581 0.13341475 0.18194732]
46,0.04859248866194921,"[[np.int64(0), 4, 6], [np.int64(1), 5], [np.int64(2), 3, 7]]",[0.14061581 0.13341475 0.18194732]
47,0.04859248866194932,"[[np.int64(0), 2, 4], [np.int64(1), 5], [3, 6, 7]]",[0.14061581 0.13341475 0.18194732]
48,0.048816297076427984,"[[np.int64(0), 3, 4, 7], [np.int64(1), 5], [np.int64(2), 6]]",[0.20989345 0.13341475 0.11244588]
49,0.048816297076429205,"[[np.int64(0), 2, 4, 6], [np.int64(1), 5], [3, 7]]",[0.20989345 0.13341475 0.11244588]
50,0.05012192757770734,"[[np.int64(0), 2, 4, 7], [np.int64(1), 5], [3, 6]]",[0.20924064 0.13341475 0.11179306]
51,0.05012192757770739,"[[np.int64(0), 3, 4, 6], [np.int64(1), 5], [np.int64(2), 7]]",[0.20924064 0.13341475 0.11179306]
52,0.05087502376684594,"[[np.int64(0), np.int64(1), 5, 6], [2, 3, 7], [4]]",[0.23087097 0.18194732 0.04087706]
53,0.050875023766845995,"[[np.int64(0)], [np.int64(1), 2, 4, 5], [3, 6, 7]]",[0.04087706 0.23087097 0.18194732]
54,0.05087502376684627,"[[np.int64(0)], [np.int64(1), 3, 4, 5], [np.int64(2), 6, 7]]",[0.04087706 0.23087097 0.18194732]
55,0.05087502376684633,"[[np.int64(0), np.int64(1), 5, 7], [2, 3, 6], [4]]",[0.23087097 0.18194732 0.04087706]
56,0.05152936927929952,"[[np.int64(0), np.int64(1)], [2, 3, 6, 7], [4, 5]]",[0.09121091 0.27061919 0.09121091]
57,0.052454178316168165,"[[np.int64(0), 3, 6, 7], [np.int64(1), 2, 5], [4]]",[0.23467351 0.17656562 0.04087706]
58,0.05245417831616833,"[[np.int64(0)], [np.int64(1), 5, 6], [np.int64(2), 3, 4, 7]]",[0.04087706 0.17656562 0.23467351]
59,0.05245417831616905,"[[np.int64(0), 2, 6, 7], [np.int64(1), 3, 5], [4]]",[0.23467351 0.17656562 0.04087706]
60,0.05245417831616933,"[[np.int64(0)], [np.int64(1), 5, 7], [np.int64(2), 3, 4, 6]]",[0.04087706 0.17656562 0.23467351]
61,0.05332561960254678,"[[np.int64(0)], [np.int64(1), 2, 3, 6, 7], [4, 5]]",[0.04087706 0.31915679 0.09121091]
62,0.053325619602546837,"[[np.int64(0), np.int64(1)], [2, 3, 5, 6, 7], [4]]",[0.09121091 0.31915679 0.04087706]
63,0.054379240329876566,"[[np.int64(0), np.int64(1), np.int64(2), 5, 6, 7], [3], [4]]",[0.36267635 0.04663773 0.04087706]
64,0.05437924032987662,"[[np.int64(0)], [np.int64(1), 2, 3, 4, 5, 7], [6]]",[0.04087706 0.36267635 0.04663773]
65,0.05437924032987673,"[[np.int64(0), np.int64(1), 3, 5, 6, 7], [2], [4]]",[0.36267635 0.04663773 0.04087706]
66,0.05437924032987684,"[[np.int64(0)], [np.int64(1), 2, 3, 4, 5, 6], [7]]",[0.04087706 0.36267635 0.04663773]
67,0.055548834334666064,"[[np.int64(0), 4], [np.int64(1), 2, 5], [3, 6, 7]]",[0.09050859 0.17656562 0.18194732]
68,0.05554883433466612,"[[np.int64(0), 4], [np.int64(1), 5, 6], [np.int64(2), 3, 7]]",[0.09050859 0.17656562 0.18194732]
69,0.05554883433466673,"[[np.int64(0), 4], [np.int64(1), 3, 5], [np.int64(2), 6, 7]]",[0.09050859 0.17656562 0.18194732]
70,0.05554883433466695,"[[np.int64(0), 4], [np.int64(1), 5, 7], [np.int64(2), 3, 6]]",[0.09050859 0.17656562 0.18194732]
71,0.05599161518063572,"[[np.int64(0), 3, 7], [np.int64(1), 4, 5], [np.int64(2), 6]]",[0.15679243 0.17934046 0.11244588]
72,0.05599161518063578,"[[np.int64(0), np.int64(1), 5], [2, 6], [3, 4, 7]]",[0.17934046 0.11244588 0.15679243]
73,0.055991615180636334,"[[np.int64(0), np.int64(1), 5], [2, 4, 6], [3, 7]]",[0.17934046 0.15679243 0.11244588]
74,0.055991615180636334,"[[np.int64(0), 2, 6], [np.int64(1), 4, 5], [3, 7]]",[0.15679243 0.17934046 0.11244588]
75,0.05614703822550965,"[[np.int64(0), 5, 6], [np.int64(1)], [np.int64(2), 3, 4, 7]]",[0.15823852 0.05551131 0.23467351]
76,0.056147038225509704,"[[np.int64(0), 3, 6, 7], [np.int64(1), 2, 4], [5]]",[0.23467351 0.15823852 0.05551131]
77,0.056147038225509815,"[[np.int64(0), 5, 7], [np.int64(1)], [np.int64(2), 3, 4, 6]]",[0.15823852 0.05551131 0.23467351]
78,0.056147038225509815,"[[np.int64(0), 2, 6, 7], [np.int64(1), 3, 4], [5]]",[0.23467351 0.15823852 0.05551131]
79,0.05720846065577995,"[[np.int64(0), 2, 3, 7], [np.int64(1), 4, 5], [6]]",[0.22138373 0.17934046 0.04663773]
80,0.05720846065578,"[[np.int64(0), np.int64(1), 5], [2], [3, 4, 6, 7]]",[0.17934046 0.04663773 0.22138373]
81,0.05720846065578061,"[[np.int64(0), np.int64(1), 5], [2, 4, 6, 7], [3]]",[0.17934046 0.22138373 0.04663773]
82,0.057208460655780835,"[[np.int64(0), 2, 3, 6], [np.int64(1), 4, 5], [7]]",[0.22138373 0.17934046 0.04663773]
83,0.05729724568191469,"[[np.int64(0), 2, 7], [np.int64(1), 4, 5], [3, 6]]",[0.15613961 0.17934046 0.11179306]
84,0.057297245681914744,"[[np.int64(0), np.int64(1), 5], [2, 7], [3, 4, 6]]",[0.17934046 0.11179306 0.15613961]
85,0.05729724568191502,"[[np.int64(0), np.int64(1), 5], [2, 4, 7], [3, 6]]",[0.17934046 0.15613961 0.11179306]
86,0.05729724568191508,"[[np.int64(0), 3, 6], [np.int64(1), 4, 5], [np.int64(2), 7]]",[0.15613961 0.17934046 0.11179306]
87,0.057570769729958615,"[[np.int64(0), 3, 7], [np.int64(1), 5], [np.int64(2), 4, 6]]",[0.15679243 0.13341475 0.15679243]
88,0.05757076972995867,"[[np.int64(0), 2, 6], [np.int64(1), 5], [3, 4, 7]]",[0.15679243 0.13341475 0.15679243]
89,0.057770062920162124,"[[np.int64(0), 5, 6], [np.int64(1), 4], [np.int64(2), 3, 7]]",[0.15823852 0.10661447 0.18194732]
90,0.05777006292016218,"[[np.int64(0), 5], [np.int64(1), 3, 4], [np.int64(2), 6, 7]]",[0.10661447 0.15823852 0.18194732]
91,0.05777006292016229,"[[np.int64(0), 5, 7], [np.int64(1), 4], [np.int64(2), 3, 6]]",[0.15823852 0.10661447 0.18194732]
92,0.05777006292016229,"[[np.int64(0), 5], [np.int64(1), 2, 4], [3, 6, 7]]",[0.10661447 0.15823852 0.18194732]
93,0.057787425404610016,"[[np.int64(0), 5], [np.int64(1), 2, 3, 4, 7], [6]]",[0.10661447 0.29353075 0.04663773]
94,0.05778742540461007,"[[np.int64(0), 2, 5, 6, 7], [np.int64(1), 4], [3]]",[0.29353075 0.10661447 0.04663773]
95,0.05778742540461013,"[[np.int64(0), 3, 5, 6, 7], [np.int64(1), 4], [np.int64(2)]]",[0.29353075 0.10661447 0.04663773]
96,0.05778742540461035,"[[np.int64(0), 5], [np.int64(1), 2, 3, 4, 6], [7]]",[0.10661447 0.29353075 0.04663773]
97,0.058876400231237136,"[[np.int64(0), 2, 7], [np.int64(1), 5], [3, 4, 6]]",[0.15613961 0.13341475 0.15613961]
98,0.0588764002312378,"[[np.int64(0), 3, 6], [np.int64(1), 5], [np.int64(2), 4, 7]]",[0.15613961 0.13341475 0.15613961]
99,0.059633892304092107,"[[np.int64(0), 2, 5, 6, 7], [np.int64(1)], [3, 4]]",[0.29353075 0.05551131 0.09589443]
100,0.05963389230409233,"[[np.int64(0), 7], [np.int64(1), 2, 3, 4, 6], [5]]",[0.09589443 0.29353075 0.05551131]
101,0.059633892304092495,"[[np.int64(0), 3, 5, 6, 7], [np.int64(1)], [np.int64(2), 4]]",[0.29353075 0.05551131 0.09589443]
102,0.059633892304092495,"[[np.int64(0), 6], [np.int64(1), 2, 3, 4, 7], [5]]",[0.09589443 0.29353075 0.05551131]
103,0.06063981198649532,"[[np.int64(0), 6, 7], [np.int64(1), 5], [np.int64(2), 3, 4]]",[0.15525791 0.13341475 0.15525791]
104,0.06067795224991479,"[[np.int64(0), np.int64(1), 5], [2, 3, 7], [4, 6]]",[0.17934046 0.18194732 0.08260464]
105,0.06067795224991501,"[[np.int64(0), 2], [np.int64(1), 4, 5], [3, 6, 7]]",[0.08260464 0.17934046 0.18194732]
106,0.060677952249915124,"[[np.int64(0), 3], [np.int64(1), 4, 5], [np.int64(2), 6, 7]]",[0.08260464 0.17934046 0.18194732]
107,0.060677952249915124,"[[np.int64(0), np.int64(1), 5], [2, 3, 6], [4, 7]]",[0.17934046 0.18194732 0.08260464]
108,0.06122689651322211,"[[np.int64(0), 3, 6, 7], [np.int64(1), 4], [np.int64(2), 5]]",[0.23467351 0.10661447 0.1020555 ]
109,0.06122689651322211,"[[np.int64(0), 5], [np.int64(1), 6], [np.int64(2), 3, 4, 7]]",[0.10661447 0.1020555  0.23467351]
110,0.06122689651322272,"[[np.int64(0), 2, 6, 7], [np.int64(1), 4], [3, 5]]",[0.23467351 0.10661447 0.1020555 ]
111,0.061226896513222884,"[[np.int64(0), 5], [np.int64(1), 7], [np.int64(2), 3, 4, 6]]",[0.10661447 0.1020555  0.23467351]
112,0.06252254249183159,"[[np.int64(0), 4], [np.int64(1), 2, 5, 6, 7], [3]]",[0.09050859 0.30490151 0.04663773]
113,0.06252254249183165,"[[np.int64(0), 4], [np.int64(1), 2, 3, 5, 7], [6]]",[0.09050859 0.30490151 0.04663773]
114,0.06252254249183181,"[[np.int64(0), 4], [np.int64(1), 2, 3, 5, 6], [7]]",[0.09050859 0.30490151 0.04663773]
115,0.06252254249183187,"[[np.int64(0), 4], [np.int64(1), 3, 5, 6, 7], [np.int64(2)]]",[0.09050859 0.30490151 0.04663773]
116,0.06257738966181625,"[[np.int64(0), 2, 3, 4, 5, 7], [np.int64(1)], [6]]",[0.33984395 0.05551131 0.04663773]
117,0.06257738966181647,"[[np.int64(0), np.int64(1), 3, 4, 6, 7], [2], [5]]",[0.33984395 0.04663773 0.05551131]
118,0.06257738966181703,"[[np.int64(0), np.int64(1), np.int64(2), 4, 6, 7], [3], [5]]",[0.33984395 0.04663773 0.05551131]
119,0.06257738966181714,"[[np.int64(0), 2, 3, 4, 5, 6], [np.int64(1)], [7]]",[0.33984395 0.05551131 0.04663773]
120,0.06272898842186281,"[[np.int64(0), 4], [np.int64(1), 2, 5, 6], [3, 7]]",[0.09050859 0.23888692 0.11244588]
121,0.06272898842186364,"[[np.int64(0), 4], [np.int64(1), 3, 5, 7], [np.int64(2), 6]]",[0.09050859 0.23888692 0.11244588]
122,0.06289737806746831,"[[np.int64(0)], [np.int64(1), 2, 5, 6, 7], [3, 4]]",[0.04087706 0.30490151 0.09589443]
123,0.06289737806746848,"[[np.int64(0), 7], [np.int64(1), 2, 3, 5, 6], [4]]",[0.09589443 0.30490151 0.04087706]
124,0.06289737806746887,"[[np.int64(0), 6], [np.int64(1), 2, 3, 5, 7], [4]]",[0.09589443 0.30490151 0.04087706]
125,0.06289737806746915,"[[np.int64(0)], [np.int64(1), 3, 5, 6, 7], [np.int64(2), 4]]",[0.04087706 0.30490151 0.09589443]
126,0.0629653233378012,"[[np.int64(0)], [np.int64(1), 2, 4, 5, 6], [3, 7]]",[0.04087706 0.28828211 0.11244588]
127,0.06296532333780125,"[[np.int64(0), np.int64(1), np.int64(2), 5, 6], [3, 7], [4]]",[0.28828211 0.11244588 0.04087706]
128,0.06296532333780147,"[[np.int64(0), np.int64(1), 3, 5, 7], [2, 6], [4]]",[0.28828211 0.11244588 0.04087706]
129,0.06296532333780153,"[[np.int64(0)], [np.int64(1), 3, 4, 5, 7], [np.int64(2), 6]]",[0.04087706 0.28828211 0.11244588]
130,0.064034618923142,"[[np.int64(0), 4], [np.int64(1), 2, 5, 7], [3, 6]]",[0.09050859 0.2382341  0.11179306]
131,0.0640346189231421,"[[np.int64(0), 4], [np.int64(1), 3, 5, 6], [np.int64(2), 7]]",[0.09050859 0.2382341  0.11179306]
132,0.0641391817266907,"[[np.int64(0), 3, 4, 6, 7], [np.int64(1)], [np.int64(2), 5]]",[0.28286439 0.05551131 0.1020555 ]
133,0.06413918172669086,"[[np.int64(0), 2, 3, 4, 7], [np.int64(1), 6], [5]]",[0.28286439 0.1020555  0.05551131]
134,0.06413918172669186,"[[np.int64(0), 2, 4, 6, 7], [np.int64(1)], [3, 5]]",[0.28286439 0.05551131 0.1020555 ]
135,0.06413918172669214,"[[np.int64(0), 2, 3, 4, 6], [np.int64(1), 7], [5]]",[0.28286439 0.1020555  0.05551131]
136,0.0641648063284973,"[[np.int64(0)], [np.int64(1), 4, 5, 6], [np.int64(2), 3, 7]]",[0.04087706 0.21758118 0.18194732]
137,0.06416480632849741,"[[np.int64(0), np.int64(1), np.int64(2), 5], [3, 6, 7], [4]]",[0.21758118 0.18194732 0.04087706]
138,0.06416480632849797,"[[np.int64(0), np.int64(1), 3, 5], [2, 6, 7], [4]]",[0.21758118 0.18194732 0.04087706]
139,0.06416480632849808,"[[np.int64(0)], [np.int64(1), 4, 5, 7], [np.int64(2), 3, 6]]",[0.04087706 0.21758118 0.18194732]
140,0.06427095383907988,"[[np.int64(0), np.int64(1), np.int64(2), 5, 7], [3, 6], [4]]",[0.2876293  0.11179306 0.04087706]
141,0.0642709538390801,"[[np.int64(0)], [np.int64(1), 3, 4, 5, 6], [np.int64(2), 7]]",[0.04087706 0.2876293  0.11179306]
142,0.06427095383908027,"[[np.int64(0)], [np.int64(1), 2, 4, 5, 7], [3, 6]]",[0.04087706 0.2876293  0.11179306]
143,0.06427095383908032,"[[np.int64(0), np.int64(1), 3, 5, 6], [2, 7], [4]]",[0.2876293  0.11179306 0.04087706]
144,0.06484576941140463,"[[np.int64(0), np.int64(1), 4, 5, 6], [2], [3, 7]]",[0.280641   0.04663773 0.11244588]
145,0.06484576941140463,"[[np.int64(0), np.int64(1), np.int64(2), 4, 5], [3, 7], [6]]",[0.280641   0.11244588 0.04663773]
146,0.06484576941140469,"[[np.int64(0), np.int64(1), 4, 5, 7], [2, 6], [3]]",[0.280641   0.11244588 0.04663773]
147,0.06484576941140491,"[[np.int64(0), np.int64(1), 3, 4, 5], [2, 6], [7]]",[0.280641   0.11244588 0.04663773]
148,0.06486313189585236,"[[np.int64(0), np.int64(1), 3, 4, 5, 7], [2], [6]]",[0.34643179 0.04663773 0.04663773]
149,0.06486313189585302,"[[np.int64(0), np.int64(1), np.int64(2), 4, 5, 6], [3], [7]]",[0.34643179 0.04663773 0.04663773]
150,0.06535910564674041,"[[np.int64(0), np.int64(1), 5, 7], [2, 6], [3, 4]]",[0.23087097 0.11244588 0.09589443]
151,0.06535910564674047,"[[np.int64(0), 7], [np.int64(1), 3, 4, 5], [np.int64(2), 6]]",[0.09589443 0.23087097 0.11244588]
152,0.06535910564674063,"[[np.int64(0), np.int64(1), 5, 6], [2, 4], [3, 7]]",[0.23087097 0.09589443 0.11244588]
153,0.06535910564674063,"[[np.int64(0), 6], [np.int64(1), 2, 4, 5], [3, 7]]",[0.09589443 0.23087097 0.11244588]
154,0.065498584662044,"[[np.int64(0), np.int64(1), 4, 5, 7], [2], [3, 6]]",[0.280641   0.04663773 0.11179306]
155,0.06549858466204411,"[[np.int64(0), np.int64(1), 3, 4, 5], [2, 7], [6]]",[0.280641   0.11179306 0.04663773]
156,0.06549858466204417,"[[np.int64(0), np.int64(1), 4, 5, 6], [2, 7], [3]]",[0.280641   0.11179306 0.04663773]
157,0.06549858466204428,"[[np.int64(0), np.int64(1), np.int64(2), 4, 5], [3, 6], [7]]",[0.280641   0.11179306 0.04663773]
158,0.065515947146492,"[[np.int64(0), np.int64(1), np.int64(2), 4, 5, 7], [3], [6]]",[0.34577897 0.04663773 0.04663773]
159,0.06551594714649223,"[[np.int64(0), np.int64(1), 3, 4, 5, 6], [2], [7]]",[0.34577897 0.04663773 0.04663773]
160,0.06574396087781964,"[[np.int64(0), 2, 3, 7], [np.int64(1), 5, 6], [4]]",[0.22138373 0.17656562 0.04087706]
161,0.06574396087781975,"[[np.int64(0)], [np.int64(1), 2, 5], [3, 4, 6, 7]]",[0.04087706 0.17656562 0.22138373]
162,0.0657439608778208,"[[np.int64(0)], [np.int64(1), 3, 5], [np.int64(2), 4, 6, 7]]",[0.04087706 0.17656562 0.22138373]
163,0.06574396087782097,"[[np.int64(0), 2, 3, 6], [np.int64(1), 5, 7], [4]]",[0.22138373 0.17656562 0.04087706]
164,0.06587716845199676,"[[np.int64(0), np.int64(1), np.int64(2), np.int64(3), np.int64(4), 7], [5], [6]]",[0.33654417 0.05551131 0.04663773]
165,0.06587716845199676,"[[np.int64(0), 3, 4, 5, 6, 7], [np.int64(1)], [np.int64(2)]]",[0.33654417 0.05551131 0.04663773]
166,0.06587716845199726,"[[np.int64(0), 2, 4, 5, 6, 7], [np.int64(1)], [3]]",[0.33654417 0.05551131 0.04663773]
167,0.06587716845199765,"[[np.int64(0), np.int64(1), np.int64(2), np.int64(3), np.int64(4), 6], [5], [7]]",[0.33654417 0.05551131 0.04663773]
168,0.06601192089737973,"[[np.int64(0), np.int64(1), 5, 6], [2, 7], [3, 4]]",[0.23087097 0.11179306 0.09589443]
169,0.06601192089737973,"[[np.int64(0), 7], [np.int64(1), 2, 4, 5], [3, 6]]",[0.09589443 0.23087097 0.11179306]
170,0.06601192089738017,"[[np.int64(0), 6], [np.int64(1), 3, 4, 5], [np.int64(2), 7]]",[0.09589443 0.23087097 0.11179306]
171,0.06601192089738023,"[[np.int64(0), np.int64(1), 5, 7], [2, 4], [3, 6]]",[0.23087097 0.09589443 0.11179306]
172,0.06602951877150343,"[[np.int64(0), np.int64(1), 4, 6], [2, 3, 7], [5]]",[0.20108223 0.18194732 0.05551131]
173,0.06602951877150343,"[[np.int64(0), 3, 4, 5], [np.int64(1)], [np.int64(2), 6, 7]]",[0.20108223 0.05551131 0.18194732]
174,0.06602951877150354,"[[np.int64(0), 2, 4, 5], [np.int64(1)], [3, 6, 7]]",[0.20108223 0.05551131 0.18194732]
175,0.06602951877150354,"[[np.int64(0), np.int64(1), 4, 7], [2, 3, 6], [5]]",[0.20108223 0.18194732 0.05551131]
176,0.06646704605673581,"[[np.int64(0), 5], [np.int64(1), 3, 4, 7], [np.int64(2), 6]]",[0.10661447 0.21904298 0.11244588]
177,0.06646704605673581,"[[np.int64(0), 3, 5, 7], [np.int64(1), 4], [np.int64(2), 6]]",[0.21904298 0.10661447 0.11244588]
178,0.06646704605673592,"[[np.int64(0), 2, 5, 6], [np.int64(1), 4], [3, 7]]",[0.21904298 0.10661447 0.11244588]
179,0.06646704605673592,"[[np.int64(0), 5], [np.int64(1), 2, 4, 6], [3, 7]]",[0.10661447 0.21904298 0.11244588]
180,0.06716725228299569,"[[np.int64(0), 2, 3, 7], [np.int64(1), 5], [4, 6]]",[0.22138373 0.13341475 0.08260464]
181,0.0671672522829958,"[[np.int64(0), 2], [np.int64(1), 5], [3, 4, 6, 7]]",[0.08260464 0.13341475 0.22138373]
182,0.06716725228299636,"[[np.int64(0), 3], [np.int64(1), 5], [np.int64(2), 4, 6, 7]]",[0.08260464 0.13341475 0.22138373]
183,0.06716725228299647,"[[np.int64(0), 2, 3, 6], [np.int64(1), 5], [4, 7]]",[0.22138373 0.13341475 0.08260464]
184,0.06743896051687126,"[[np.int64(0), 3, 4, 6, 7], [np.int64(1), 2], [5]]",[0.28286439 0.09875572 0.05551131]
185,0.06743896051687126,"[[np.int64(0), 2, 3, 4, 7], [np.int64(1)], [5, 6]]",[0.28286439 0.05551131 0.09875572]
186,0.06743896051687226,"[[np.int64(0), 2, 4, 6, 7], [np.int64(1), 3], [5]]",[0.28286439 0.09875572 0.05551131]
187,0.06743896051687248,"[[np.int64(0), 2, 3, 4, 6], [np.int64(1)], [5, 7]]",[0.28286439 0.05551131 0.09875572]
188,0.06766902289152799,"[[np.int64(0), np.int64(1), np.int64(2), np.int64(3), 5, 7], [4], [6]]",[0.34938656 0.04087706 0.04663773]
189,0.06766902289152821,"[[np.int64(0)], [np.int64(1), 3, 4, 5, 6, 7], [np.int64(2)]]",[0.04087706 0.34938656 0.04663773]
190,0.06766902289152837,"[[np.int64(0)], [np.int64(1), 2, 4, 5, 6, 7], [3]]",[0.04087706 0.34938656 0.04663773]
191,0.06766902289152854,"[[np.int64(0), np.int64(1), np.int64(2), np.int64(3), 5, 6], [4], [7]]",[0.34938656 0.04087706 0.04663773]
192,0.06776006669163309,"[[np.int64(0), 5], [np.int64(1), 4, 6], [np.int64(2), 3, 7]]",[0.10661447 0.14824852 0.18194732]
193,0.06776006669163315,"[[np.int64(0), 2, 5], [np.int64(1), 4], [3, 6, 7]]",[0.14824852 0.10661447 0.18194732]
194,0.06776006669163348,"[[np.int64(0), 3, 5], [np.int64(1), 4], [np.int64(2), 6, 7]]",[0.14824852 0.10661447 0.18194732]
195,0.06776006669163359,"[[np.int64(0), 5], [np.int64(1), 4, 7], [np.int64(2), 3, 6]]",[0.10661447 0.14824852 0.18194732]
196,0.06777267655801439,"[[np.int64(0), 2, 5, 7], [np.int64(1), 4], [3, 6]]",[0.21839017 0.10661447 0.11179306]
197,0.06777267655801456,"[[np.int64(0), 5], [np.int64(1), 3, 4, 6], [np.int64(2), 7]]",[0.10661447 0.21839017 0.11179306]
198,0.06777267655801494,"[[np.int64(0), 3, 5, 6], [np.int64(1), 4], [np.int64(2), 7]]",[0.21839017 0.10661447 0.11179306]
199,0.06777267655801494,"[[np.int64(0), 5], [np.int64(1), 2, 4, 7], [3, 6]]",[0.10661447 0.21839017 0.11179306]
200,0.06777742917608087,"[[np.int64(0), 2, 3, 5, 7], [np.int64(1), 4], [6]]",[0.28354075 0.10661447 0.04663773]
201,0.0677774291760811,"[[np.int64(0), 5], [np.int64(1), 3, 4, 6, 7], [np.int64(2)]]",[0.10661447 0.28354075 0.04663773]
202,0.06777742917608148,"[[np.int64(0), 5], [np.int64(1), 2, 4, 6, 7], [3]]",[0.10661447 0.28354075 0.04663773]
203,0.0677774291760817,"[[np.int64(0), 2, 3, 5, 6], [np.int64(1), 4], [7]]",[0.28354075 0.10661447 0.04663773]
204,0.06801396948125787,"[[np.int64(0), 3, 7], [np.int64(1), 2, 5, 6], [4]]",[0.15679243 0.23888692 0.04087706]
205,0.06801396948125793,"[[np.int64(0)], [np.int64(1), 2, 5, 6], [3, 4, 7]]",[0.04087706 0.23888692 0.15679243]
206,0.06801396948125937,"[[np.int64(0)], [np.int64(1), 3, 5, 7], [np.int64(2), 4, 6]]",[0.04087706 0.23888692 0.15679243]
207,0.06801396948125937,"[[np.int64(0), 2, 6], [np.int64(1), 3, 5, 7], [4]]",[0.15679243 0.23888692 0.04087706]
208,0.06818324218593952,"[[np.int64(0), 5], [np.int64(1), 2, 6, 7], [3, 4]]",[0.10661447 0.23387824 0.09589443]
209,0.06818324218593963,"[[np.int64(0), 7], [np.int64(1), 4], [np.int64(2), 3, 5, 6]]",[0.09589443 0.10661447 0.23387824]
210,0.06818324218593985,"[[np.int64(0), 6], [np.int64(1), 4], [np.int64(2), 3, 5, 7]]",[0.09589443 0.10661447 0.23387824]
211,0.06818324218594002,"[[np.int64(0), 5], [np.int64(1), 3, 6, 7], [np.int64(2), 4]]",[0.10661447 0.23387824 0.09589443]
212,0.06825082124662252,"[[np.int64(0), np.int64(1), 6], [2, 3, 4, 7], [5]]",[0.14613474 0.23467351 0.05551131]
213,0.06825082124662252,"[[np.int64(0), 3, 6, 7], [np.int64(1)], [np.int64(2), 4, 5]]",[0.23467351 0.05551131 0.14613474]
214,0.06825082124662268,"[[np.int64(0), 2, 6, 7], [np.int64(1)], [3, 4, 5]]",[0.23467351 0.05551131 0.14613474]
215,0.0682508212466228,"[[np.int64(0), np.int64(1), 7], [2, 3, 4, 6], [5]]",[0.14613474 0.23467351 0.05551131]
216,0.06931959998253723,"[[np.int64(0)], [np.int64(1), 2, 5, 7], [3, 4, 6]]",[0.04087706 0.2382341  0.15613961]
217,0.06931959998253728,"[[np.int64(0), 2, 7], [np.int64(1), 3, 5, 6], [4]]",[0.15613961 0.2382341  0.04087706]
218,0.06931959998253762,"[[np.int64(0)], [np.int64(1), 3, 5, 6], [np.int64(2), 4, 7]]",[0.04087706 0.2382341  0.15613961]
219,0.06931959998253762,"[[np.int64(0), 3, 6], [np.int64(1), 2, 5, 7], [4]]",[0.15613961 0.2382341  0.04087706]
220,0.06932929756168377,"[[np.int64(0), 4, 5, 7], [np.int64(1)], [np.int64(2), 3, 6]]",[0.19778245 0.05551131 0.18194732]
221,0.06932929756168382,"[[np.int64(0), 4, 5, 6], [np.int64(1)], [np.int64(2), 3, 7]]",[0.19778245 0.05551131 0.18194732]
222,0.06932929756168393,"[[np.int64(0), np.int64(1), 3, 4], [2, 6, 7], [5]]",[0.19778245 0.18194732 0.05551131]
223,0.0693292975616841,"[[np.int64(0), np.int64(1), np.int64(2), 4], [3, 6, 7], [5]]",[0.19778245 0.18194732 0.05551131]
224,0.06949901036563783,"[[np.int64(0), 4, 5], [np.int64(1), 6], [np.int64(2), 3, 7]]",[0.15106855 0.1020555  0.18194732]
225,0.06949901036563788,"[[np.int64(0), np.int64(1), 4], [2, 5], [3, 6, 7]]",[0.15106855 0.1020555  0.18194732]
226,0.06949901036563844,"[[np.int64(0), np.int64(1), 4], [2, 6, 7], [3, 5]]",[0.15106855 0.18194732 0.1020555 ]
227,0.06949901036563855,"[[np.int64(0), 4, 5], [np.int64(1), 7], [np.int64(2), 3, 6]]",[0.15106855 0.1020555  0.18194732]
228,0.06964664362036405,"[[np.int64(0), np.int64(1), 3, 4, 7], [2, 6], [5]]",[0.26696655 0.11244588 0.05551131]
229,0.0696466436203641,"[[np.int64(0), 3, 4, 5, 7], [np.int64(1)], [np.int64(2), 6]]",[0.26696655 0.05551131 0.11244588]
230,0.06964664362036477,"[[np.int64(0), 2, 4, 5, 6], [np.int64(1)], [3, 7]]",[0.26696655 0.05551131 0.11244588]
231,0.06964664362036482,"[[np.int64(0), np.int64(1), np.int64(2), 4, 6], [3, 7], [5]]",[0.26696655 0.11244588 0.05551131]
232,0.07026925113049853,"[[np.int64(0), 3, 7], [np.int64(1), 2, 4, 5], [6]]",[0.15679243 0.23087097 0.04663773]
233,0.07026925113049859,"[[np.int64(0), np.int64(1), 5, 6], [2], [3, 4, 7]]",[0.23087097 0.04663773 0.15679243]
234,0.07026925113049937,"[[np.int64(0), np.int64(1), 5, 7], [2, 4, 6], [3]]",[0.23087097 0.15679243 0.04663773]
235,0.07026925113049953,"[[np.int64(0), 2, 6], [np.int64(1), 3, 4, 5], [7]]",[0.15679243 0.23087097 0.04663773]
236,0.07092206638113818,"[[np.int64(0), 2, 7], [np.int64(1), 3, 4, 5], [6]]",[0.15613961 0.23087097 0.04663773]
237,0.07092206638113824,"[[np.int64(0), np.int64(1), 5, 7], [2], [3, 4, 6]]",[0.23087097 0.04663773 0.15613961]
238,0.07092206638113852,"[[np.int64(0), np.int64(1), 5, 6], [2, 4, 7], [3]]",[0.23087097 0.15613961 0.04663773]
239,0.07092206638113863,"[[np.int64(0), 3, 6], [np.int64(1), 2, 4, 5], [7]]",[0.15613961 0.23087097 0.04663773]
240,0.07095227412164312,"[[np.int64(0), 2, 4, 5, 7], [np.int64(1)], [3, 6]]",[0.26631373 0.05551131 0.11179306]
241,0.07095227412164329,"[[np.int64(0), np.int64(1), np.int64(2), 4, 7], [3, 6], [5]]",[0.26631373 0.11179306 0.05551131]
242,0.07095227412164329,"[[np.int64(0), 3, 4, 5, 6], [np.int64(1)], [np.int64(2), 7]]",[0.26631373 0.05551131 0.11179306]
243,0.07095227412164329,"[[np.int64(0), np.int64(1), 3, 4, 6], [2, 7], [5]]",[0.26631373 0.11179306 0.05551131]
244,0.07140684581636686,"[[np.int64(0)], [np.int64(1), 2, 3, 4, 7], [5, 6]]",[0.04087706 0.29353075 0.09875572]
245,0.07140684581636686,"[[np.int64(0), 3, 5, 6, 7], [np.int64(1), 2], [4]]",[0.29353075 0.09875572 0.04087706]
246,0.07140684581636703,"[[np.int64(0), 2, 5, 6, 7], [np.int64(1), 3], [4]]",[0.29353075 0.09875572 0.04087706]
247,0.0714068458163673,"[[np.int64(0)], [np.int64(1), 2, 3, 4, 6], [5, 7]]",[0.04087706 0.29353075 0.09875572]
248,0.07147357010418354,"[[np.int64(0), 3, 4, 7], [np.int64(1), 2, 5], [6]]",[0.20989345 0.17656562 0.04663773]
249,0.07147357010418365,"[[np.int64(0), 3, 4, 7], [np.int64(1), 5, 6], [np.int64(2)]]",[0.20989345 0.17656562 0.04663773]
250,0.07147357010418554,"[[np.int64(0), 2, 4, 6], [np.int64(1), 5, 7], [3]]",[0.20989345 0.17656562 0.04663773]
251,0.07147357010418559,"[[np.int64(0), 2, 4, 6], [np.int64(1), 3, 5], [7]]",[0.20989345 0.17656562 0.04663773]
252,0.07173767532520514,"[[np.int64(0), np.int64(1), np.int64(2), 6, 7], [3, 4], [5]]",[0.28142697 0.09589443 0.05551131]
253,0.07173767532520525,"[[np.int64(0), 7], [np.int64(1)], [np.int64(2), 3, 4, 5, 6]]",[0.09589443 0.05551131 0.28142697]
254,0.07173767532520531,"[[np.int64(0), 6], [np.int64(1)], [np.int64(2), 3, 4, 5, 7]]",[0.09589443 0.05551131 0.28142697]
255,0.07173767532520547,"[[np.int64(0), np.int64(1), 3, 6, 7], [2, 4], [5]]",[0.28142697 0.09589443 0.05551131]
256,0.07180377225876722,"[[np.int64(0), 6, 7], [np.int64(1), 2, 4, 5], [3]]",[0.15525791 0.23087097 0.04663773]
257,0.07180377225876733,"[[np.int64(0), np.int64(1), 5, 7], [2, 3, 4], [6]]",[0.23087097 0.15525791 0.04663773]
258,0.07180377225876733,"[[np.int64(0), 6, 7], [np.int64(1), 3, 4, 5], [np.int64(2)]]",[0.15525791 0.23087097 0.04663773]
259,0.07180377225876744,"[[np.int64(0), np.int64(1), 5, 6], [2, 3, 4], [7]]",[0.23087097 0.15525791 0.04663773]
260,0.0721263853548238,"[[np.int64(0), 2, 4, 7], [np.int64(1), 5, 6], [3]]",[0.20924064 0.17656562 0.04663773]
261,0.07212638535482385,"[[np.int64(0), 3, 4, 6], [np.int64(1), 2, 5], [7]]",[0.20924064 0.17656562 0.04663773]
262,0.07212638535482419,"[[np.int64(0), 2, 4, 7], [np.int64(1), 3, 5], [6]]",[0.20924064 0.17656562 0.04663773]
263,0.0721263853548243,"[[np.int64(0), 3, 4, 6], [np.int64(1), 5, 7], [np.int64(2)]]",[0.20924064 0.17656562 0.04663773]
264,0.07235043999882418,"[[np.int64(0), 6, 7], [np.int64(1), 4, 5], [np.int64(2), 3]]",[0.15525791 0.17934046 0.09762157]
265,0.07235043999882435,"[[np.int64(0), np.int64(1), 5], [2, 3, 4], [6, 7]]",[0.17934046 0.15525791 0.09762157]
266,0.07279878915581833,"[[np.int64(0), 4, 5], [np.int64(1), 2], [3, 6, 7]]",[0.15106855 0.09875572 0.18194732]
267,0.07279878915581839,"[[np.int64(0), np.int64(1), 4], [2, 3, 7], [5, 6]]",[0.15106855 0.18194732 0.09875572]
268,0.07279878915581878,"[[np.int64(0), 4, 5], [np.int64(1), 3], [np.int64(2), 6, 7]]",[0.15106855 0.09875572 0.18194732]
269,0.07279878915581889,"[[np.int64(0), np.int64(1), 4], [2, 3, 6], [5, 7]]",[0.15106855 0.18194732 0.09875572]
270,0.07298586444422067,"[[np.int64(0), np.int64(1), 4], [2, 3, 5, 7], [6]]",[0.15106855 0.23387824 0.04663773]
271,0.07298586444422078,"[[np.int64(0), 4, 5], [np.int64(1), 3, 6, 7], [np.int64(2)]]",[0.15106855 0.23387824 0.04663773]
272,0.07298586444422078,"[[np.int64(0), 4, 5], [np.int64(1), 2, 6, 7], [3]]",[0.15106855 0.23387824 0.04663773]
273,0.072985864444221,"[[np.int64(0), np.int64(1), 4], [2, 3, 5, 6], [7]]",[0.15106855 0.23387824 0.04663773]
274,0.07322365843997625,"[[np.int64(0), 2, 5, 6], [np.int64(1)], [3, 4, 7]]",[0.21904298 0.05551131 0.15679243]
275,0.07322365843997636,"[[np.int64(0), 3, 7], [np.int64(1), 2, 4, 6], [5]]",[0.15679243 0.21904298 0.05551131]
276,0.07322365843997669,"[[np.int64(0), 3, 5, 7], [np.int64(1)], [np.int64(2), 4, 6]]",[0.21904298 0.05551131 0.15679243]
277,0.07322365843997675,"[[np.int64(0), 2, 6], [np.int64(1), 3, 4, 7], [5]]",[0.15679243 0.21904298 0.05551131]
278,0.07375610520908138,"[[np.int64(0), 7], [np.int64(1), 2, 4, 5, 6], [3]]",[0.09589443 0.28828211 0.04663773]
279,0.07375610520908144,"[[np.int64(0), np.int64(1), np.int64(2), 5, 6], [3, 4], [7]]",[0.28828211 0.09589443 0.04663773]
280,0.07375610520908188,"[[np.int64(0), 6], [np.int64(1), 3, 4, 5, 7], [np.int64(2)]]",[0.09589443 0.28828211 0.04663773]
281,0.07375610520908188,"[[np.int64(0), np.int64(1), 3, 5, 7], [2, 4], [6]]",[0.28828211 0.09589443 0.04663773]
282,0.07389460586877977,"[[np.int64(0), 7], [np.int64(1), 2, 5, 6], [3, 4]]",[0.09589443 0.23888692 0.09589443]
283,0.07389460586878122,"[[np.int64(0), 6], [np.int64(1), 3, 5, 7], [np.int64(2), 4]]",[0.09589443 0.23888692 0.09589443]
284,0.07440892045972047,"[[np.int64(0), np.int64(1), np.int64(2), 5, 7], [3, 4], [6]]",[0.2876293  0.09589443 0.04663773]
285,0.07440892045972075,"[[np.int64(0), 7], [np.int64(1), 3, 4, 5, 6], [np.int64(2)]]",[0.09589443 0.2876293  0.04663773]
286,0.0744089204597213,"[[np.int64(0), 6], [np.int64(1), 2, 4, 5, 7], [3]]",[0.09589443 0.2876293  0.04663773]
287,0.07440892045972158,"[[np.int64(0), np.int64(1), 3, 5, 6], [2, 4], [7]]",[0.2876293  0.09589443 0.04663773]
288,0.07452928894125488,"[[np.int64(0), 2, 5, 7], [np.int64(1)], [3, 4, 6]]",[0.21839017 0.05551131 0.15613961]
289,0.07452928894125499,"[[np.int64(0), 2, 7], [np.int64(1), 3, 4, 6], [5]]",[0.15613961 0.21839017 0.05551131]
290,0.07452928894125571,"[[np.int64(0), 3, 5, 6], [np.int64(1)], [np.int64(2), 4, 7]]",[0.21839017 0.05551131 0.15613961]
291,0.07452928894125577,"[[np.int64(0), 3, 6], [np.int64(1), 2, 4, 7], [5]]",[0.15613961 0.21839017 0.05551131]
292,0.07454742111941981,"[[np.int64(0), 6], [np.int64(1), 2, 5, 7], [3, 4]]",[0.09589443 0.2382341  0.09589443]
293,0.07454742111941998,"[[np.int64(0), 7], [np.int64(1), 3, 5, 6], [np.int64(2), 4]]",[0.09589443 0.2382341  0.09589443]
294,0.07456501899354318,"[[np.int64(0), 4, 7], [np.int64(1)], [np.int64(2), 3, 5, 6]]",[0.14061581 0.05551131 0.23387824]
295,0.07456501899354323,"[[np.int64(0), 3, 4], [np.int64(1), 2, 6, 7], [5]]",[0.14061581 0.23387824 0.05551131]
296,0.07456501899354351,"[[np.int64(0), 4, 6], [np.int64(1)], [np.int64(2), 3, 5, 7]]",[0.14061581 0.05551131 0.23387824]
297,0.07456501899354367,"[[np.int64(0), 2, 4], [np.int64(1), 3, 6, 7], [5]]",[0.14061581 0.23387824 0.05551131]
298,0.0746952897638209,"[[np.int64(0), 3, 4, 7], [np.int64(1)], [np.int64(2), 5, 6]]",[0.20989345 0.05551131 0.16447033]
299,0.0746952897638209,"[[np.int64(0), 3, 4, 7], [np.int64(1), 2, 6], [5]]",[0.20989345 0.16447033 0.05551131]
300,0.0746952897638225,"[[np.int64(0), 2, 4, 6], [np.int64(1), 3, 7], [5]]",[0.20989345 0.16447033 0.05551131]
301,0.07469528976382256,"[[np.int64(0), 2, 4, 6], [np.int64(1)], [3, 5, 7]]",[0.20989345 0.05551131 0.16447033]
302,0.07487633741050159,"[[np.int64(0), 5, 7], [np.int64(1), 2, 3, 6], [4]]",[0.15823852 0.23057846 0.04087706]
303,0.07487633741050159,"[[np.int64(0)], [np.int64(1), 3, 4], [np.int64(2), 5, 6, 7]]",[0.04087706 0.15823852 0.23057846]
304,0.0748763374105017,"[[np.int64(0), 5, 6], [np.int64(1), 2, 3, 7], [4]]",[0.15823852 0.23057846 0.04087706]
305,0.07487633741050193,"[[np.int64(0)], [np.int64(1), 2, 4], [3, 5, 6, 7]]",[0.04087706 0.15823852 0.23057846]
306,0.0749430616983191,"[[np.int64(0), 4, 6], [np.int64(1), 2, 5], [3, 7]]",[0.14061581 0.17656562 0.11244588]
307,0.07494306169831927,"[[np.int64(0), 4, 7], [np.int64(1), 3, 5], [np.int64(2), 6]]",[0.14061581 0.17656562 0.11244588]
308,0.07494306169831932,"[[np.int64(0), 2, 4], [np.int64(1), 5, 6], [3, 7]]",[0.14061581 0.17656562 0.11244588]
309,0.07494306169831944,"[[np.int64(0), 3, 4], [np.int64(1), 5, 7], [np.int64(2), 6]]",[0.14061581 0.17656562 0.11244588]
310,0.07529062633734973,"[[np.int64(0), 7], [np.int64(1), 2, 3, 4, 5], [6]]",[0.09589443 0.28674759 0.04663773]
311,0.07529062633734973,"[[np.int64(0), np.int64(1), 5, 6, 7], [2], [3, 4]]",[0.28674759 0.04663773 0.09589443]
312,0.07529062633735012,"[[np.int64(0), np.int64(1), 5, 6, 7], [2, 4], [3]]",[0.28674759 0.09589443 0.04663773]
313,0.07529062633735023,"[[np.int64(0), 6], [np.int64(1), 2, 3, 4, 5], [7]]",[0.09589443 0.28674759 0.04663773]
314,0.07530659535762313,"[[np.int64(0), np.int64(1), 4, 5], [2, 3], [6, 7]]",[0.23402064 0.09762157 0.09762157]
315,0.07531789727395577,"[[np.int64(0), 6], [np.int64(1), 2, 5], [3, 4, 7]]",[0.09589443 0.17656562 0.15679243]
316,0.07531789727395588,"[[np.int64(0), 3, 7], [np.int64(1), 5, 6], [np.int64(2), 4]]",[0.15679243 0.17656562 0.09589443]
317,0.07531789727395671,"[[np.int64(0), 7], [np.int64(1), 3, 5], [np.int64(2), 4, 6]]",[0.09589443 0.17656562 0.15679243]
318,0.07531789727395677,"[[np.int64(0), 2, 6], [np.int64(1), 5, 7], [3, 4]]",[0.15679243 0.17656562 0.09589443]
319,0.07559587694895814,"[[np.int64(0), 4, 7], [np.int64(1), 2, 5], [3, 6]]",[0.14061581 0.17656562 0.11179306]
320,0.0755958769489582,"[[np.int64(0), 3, 4], [np.int64(1), 5, 6], [np.int64(2), 7]]",[0.14061581 0.17656562 0.11179306]
321,0.07559587694895908,"[[np.int64(0), 4, 6], [np.int64(1), 3, 5], [np.int64(2), 7]]",[0.14061581 0.17656562 0.11179306]
322,0.07559587694895936,"[[np.int64(0), 2, 4], [np.int64(1), 5, 7], [3, 6]]",[0.14061581 0.17656562 0.11179306]
323,0.075647461234438,"[[np.int64(0), 5, 7], [np.int64(1), 3, 4], [np.int64(2), 6]]",[0.15823852 0.15823852 0.11244588]
324,0.07564746123443833,"[[np.int64(0), 5, 6], [np.int64(1), 2, 4], [3, 7]]",[0.15823852 0.15823852 0.11244588]
325,0.07597071252459509,"[[np.int64(0), 7], [np.int64(1), 2, 5], [3, 4, 6]]",[0.09589443 0.17656562 0.15613961]
326,0.07597071252459509,"[[np.int64(0), 2, 7], [np.int64(1), 5, 6], [3, 4]]",[0.15613961 0.17656562 0.09589443]
327,0.0759707125245962,"[[np.int64(0), 6], [np.int64(1), 3, 5], [np.int64(2), 4, 7]]",[0.09589443 0.17656562 0.15613961]
328,0.07597071252459636,"[[np.int64(0), 3, 6], [np.int64(1), 5, 7], [np.int64(2), 4]]",[0.15613961 0.17656562 0.09589443]
329,0.07600092026510052,"[[np.int64(0), 2, 4, 7], [np.int64(1), 3, 6], [5]]",[0.20924064 0.16381751 0.05551131]
330,0.07600092026510052,"[[np.int64(0), 3, 4, 6], [np.int64(1)], [np.int64(2), 5, 7]]",[0.20924064 0.05551131 0.16381751]
331,0.07600092026510058,"[[np.int64(0), 2, 4, 7], [np.int64(1)], [3, 5, 6]]",[0.20924064 0.05551131 0.16381751]
332,0.07600092026510064,"[[np.int64(0), 3, 4, 6], [np.int64(1), 2, 7], [5]]",[0.20924064 0.16381751 0.05551131]
333,0.07618716062912007,"[[np.int64(0), 3], [np.int64(1), 2, 5, 6, 7], [4]]",[0.08260464 0.30490151 0.04087706]
334,0.07618716062912018,"[[np.int64(0)], [np.int64(1), 2, 3, 5, 6], [4, 7]]",[0.04087706 0.30490151 0.08260464]
335,0.07618716062912023,"[[np.int64(0)], [np.int64(1), 2, 3, 5, 7], [4, 6]]",[0.04087706 0.30490151 0.08260464]
336,0.07618716062912051,"[[np.int64(0), 2], [np.int64(1), 3, 5, 6, 7], [4]]",[0.08260464 0.30490151 0.04087706]
337,0.07628564323440112,"[[np.int64(0), 4, 5], [np.int64(1), 2, 3, 7], [6]]",[0.15106855 0.23057846 0.04663773]
338,0.07628564323440118,"[[np.int64(0), np.int64(1), 4], [2, 5, 6, 7], [3]]",[0.15106855 0.23057846 0.04663773]
339,0.07628564323440129,"[[np.int64(0), 4, 5], [np.int64(1), 2, 3, 6], [7]]",[0.15106855 0.23057846 0.04663773]
340,0.07628564323440135,"[[np.int64(0), np.int64(1), 4], [2], [3, 5, 6, 7]]",[0.15106855 0.04663773 0.23057846]
341,0.07630027648507753,"[[np.int64(0), 5, 6], [np.int64(1), 3, 4], [np.int64(2), 7]]",[0.15823852 0.15823852 0.11179306]
342,0.07630027648507759,"[[np.int64(0), 5, 7], [np.int64(1), 2, 4], [3, 6]]",[0.15823852 0.15823852 0.11179306]
343,0.07658562680863357,"[[np.int64(0), 4, 5], [np.int64(1), 2, 6], [3, 7]]",[0.15106855 0.16447033 0.11244588]
344,0.07658562680863368,"[[np.int64(0), np.int64(1), 4], [2, 5, 6], [3, 7]]",[0.15106855 0.16447033 0.11244588]
345,0.07658562680863401,"[[np.int64(0), 4, 5], [np.int64(1), 3, 7], [np.int64(2), 6]]",[0.15106855 0.16447033 0.11244588]
346,0.07658562680863407,"[[np.int64(0), np.int64(1), 4], [2, 6], [3, 5, 7]]",[0.15106855 0.11244588 0.16447033]
347,0.0766931500341107,"[[np.int64(0), 5], [np.int64(1), 2, 6], [3, 4, 7]]",[0.10661447 0.16447033 0.15679243]
348,0.0766931500341107,"[[np.int64(0), 3, 7], [np.int64(1), 4], [np.int64(2), 5, 6]]",[0.15679243 0.10661447 0.16447033]
349,0.07669315003411165,"[[np.int64(0), 5], [np.int64(1), 3, 7], [np.int64(2), 4, 6]]",[0.10661447 0.16447033 0.15679243]
350,0.0766931500341117,"[[np.int64(0), 2, 6], [np.int64(1), 4], [3, 5, 7]]",[0.15679243 0.10661447 0.16447033]
351,0.07685241840222401,"[[np.int64(0), 6, 7], [np.int64(1), 2, 5], [3, 4]]",[0.15525791 0.17656562 0.09589443]
352,0.07685241840222423,"[[np.int64(0), 7], [np.int64(1), 5, 6], [np.int64(2), 3, 4]]",[0.09589443 0.17656562 0.15525791]
353,0.07685241840222501,"[[np.int64(0), 6, 7], [np.int64(1), 3, 5], [np.int64(2), 4]]",[0.15525791 0.17656562 0.09589443]
354,0.07685241840222512,"[[np.int64(0), 6], [np.int64(1), 5, 7], [np.int64(2), 3, 4]]",[0.09589443 0.17656562 0.15525791]
355,0.07781645786505387,"[[np.int64(0), 2, 3, 7], [np.int64(1), 4], [5, 6]]",[0.22138373 0.10661447 0.09875572]
356,0.07781645786505392,"[[np.int64(0), 5], [np.int64(1), 2], [3, 4, 6, 7]]",[0.10661447 0.09875572 0.22138373]
357,0.07781645786505476,"[[np.int64(0), 5], [np.int64(1), 3], [np.int64(2), 4, 6, 7]]",[0.10661447 0.09875572 0.22138373]
358,0.07781645786505498,"[[np.int64(0), 2, 3, 6], [np.int64(1), 4], [5, 7]]",[0.22138373 0.10661447 0.09875572]
359,0.07786479778372352,"[[np.int64(0), 3, 4], [np.int64(1)], [np.int64(2), 5, 6, 7]]",[0.14061581 0.05551131 0.23057846]
360,0.07786479778372357,"[[np.int64(0), 4, 7], [np.int64(1), 2, 3, 6], [5]]",[0.14061581 0.23057846 0.05551131]
361,0.07786479778372396,"[[np.int64(0), 4, 6], [np.int64(1), 2, 3, 7], [5]]",[0.14061581 0.23057846 0.05551131]
362,0.07786479778372424,"[[np.int64(0), 2, 4], [np.int64(1)], [3, 5, 6, 7]]",[0.14061581 0.05551131 0.23057846]
363,0.07789125730991253,"[[np.int64(0), 4, 5], [np.int64(1), 3, 6], [np.int64(2), 7]]",[0.15106855 0.16381751 0.11179306]
364,0.07789125730991259,"[[np.int64(0), np.int64(1), 4], [2, 5, 7], [3, 6]]",[0.15106855 0.16381751 0.11179306]
365,0.07789125730991259,"[[np.int64(0), 4, 5], [np.int64(1), 2, 7], [3, 6]]",[0.15106855 0.16381751 0.11179306]
366,0.07789125730991275,"[[np.int64(0), np.int64(1), 4], [2, 7], [3, 5, 6]]",[0.15106855 0.11179306 0.16381751]
367,0.07799878053538989,"[[np.int64(0), 2, 7], [np.int64(1), 4], [3, 5, 6]]",[0.15613961 0.10661447 0.16381751]
368,0.07799878053538989,"[[np.int64(0), 5], [np.int64(1), 2, 7], [3, 4, 6]]",[0.10661447 0.16381751 0.15613961]
369,0.07799878053539011,"[[np.int64(0), 5], [np.int64(1), 3, 6], [np.int64(2), 4, 7]]",[0.10661447 0.16381751 0.15613961]
370,0.07799878053539017,"[[np.int64(0), 3, 6], [np.int64(1), 4], [np.int64(2), 5, 7]]",[0.15613961 0.10661447 0.16381751]
371,0.07809707079765721,"[[np.int64(0), 2, 3, 5, 7], [np.int64(1), 6], [4]]",[0.28354075 0.1020555  0.04087706]
372,0.07809707079765738,"[[np.int64(0)], [np.int64(1), 3, 4, 6, 7], [np.int64(2), 5]]",[0.04087706 0.28354075 0.1020555 ]
373,0.0780970707976581,"[[np.int64(0)], [np.int64(1), 2, 4, 6, 7], [3, 5]]",[0.04087706 0.28354075 0.1020555 ]
374,0.07809707079765826,"[[np.int64(0), 2, 3, 5, 6], [np.int64(1), 7], [4]]",[0.28354075 0.1020555  0.04087706]
375,0.07812804823187897,"[[np.int64(0), 4], [np.int64(1), 6], [np.int64(2), 3, 5, 7]]",[0.09050859 0.1020555  0.23387824]
376,0.07812804823187913,"[[np.int64(0), 4], [np.int64(1), 3, 6, 7], [np.int64(2), 5]]",[0.09050859 0.23387824 0.1020555 ]
377,0.07812804823187941,"[[np.int64(0), 4], [np.int64(1), 2, 6, 7], [3, 5]]",[0.09050859 0.23387824 0.1020555 ]
378,0.07812804823187947,"[[np.int64(0), 4], [np.int64(1), 7], [np.int64(2), 3, 5, 6]]",[0.09050859 0.1020555  0.23387824]
379,0.07842991577690134,"[[np.int64(0), 4, 7], [np.int64(1), 2, 5, 6], [3]]",[0.14061581 0.23888692 0.04663773]
380,0.07842991577690145,"[[np.int64(0), 3, 4], [np.int64(1), 2, 5, 6], [7]]",[0.14061581 0.23888692 0.04663773]
381,0.0784299157769025,"[[np.int64(0), 4, 6], [np.int64(1), 3, 5, 7], [np.int64(2)]]",[0.14061581 0.23888692 0.04663773]
382,0.07842991577690261,"[[np.int64(0), 2, 4], [np.int64(1), 3, 5, 7], [6]]",[0.14061581 0.23888692 0.04663773]
383,0.07846490445626819,"[[np.int64(0), 4, 6, 7], [np.int64(1), 5], [np.int64(2), 3]]",[0.19506915 0.13341475 0.09762157]
384,0.07846490445626847,"[[np.int64(0), 2, 3, 4], [np.int64(1), 5], [6, 7]]",[0.19506915 0.13341475 0.09762157]
385,0.07908273102754104,"[[np.int64(0), 4, 7], [np.int64(1), 3, 5, 6], [np.int64(2)]]",[0.14061581 0.2382341  0.04663773]
386,0.07908273102754104,"[[np.int64(0), 3, 4], [np.int64(1), 2, 5, 7], [6]]",[0.14061581 0.2382341  0.04663773]
387,0.07908273102754154,"[[np.int64(0), 4, 6], [np.int64(1), 2, 5, 7], [3]]",[0.14061581 0.2382341  0.04663773]
388,0.07908273102754182,"[[np.int64(0), 2, 4], [np.int64(1), 3, 5, 6], [7]]",[0.14061581 0.2382341  0.04663773]
389,0.07932414815598943,"[[np.int64(0), np.int64(1), 5, 6, 7], [2, 3], [4]]",[0.28674759 0.09762157 0.04087706]
390,0.0793241481559896,"[[np.int64(0)], [np.int64(1), 2, 3, 4, 5], [6, 7]]",[0.04087706 0.28674759 0.09762157]
391,0.07942682455863187,"[[np.int64(0), 2, 3, 7], [np.int64(1), 4, 6], [5]]",[0.22138373 0.14824852 0.05551131]
392,0.07942682455863193,"[[np.int64(0), 2, 5], [np.int64(1)], [3, 4, 6, 7]]",[0.14824852 0.05551131 0.22138373]
393,0.07942682455863281,"[[np.int64(0), 3, 5], [np.int64(1)], [np.int64(2), 4, 6, 7]]",[0.14824852 0.05551131 0.22138373]
394,0.07942682455863292,"[[np.int64(0), 2, 3, 6], [np.int64(1), 4, 7], [5]]",[0.22138373 0.14824852 0.05551131]
395,0.07959247948669357,"[[np.int64(0), 6, 7], [np.int64(1), 2, 3, 4], [5]]",[0.15525791 0.21420868 0.05551131]
396,0.07959247948669357,"[[np.int64(0), 5, 6, 7], [np.int64(1)], [np.int64(2), 3, 4]]",[0.21420868 0.05551131 0.15525791]
397,0.07967007310132446,"[[np.int64(0), np.int64(1), 4, 5, 7], [2, 3], [6]]",[0.280641   0.09762157 0.04663773]
398,0.07967007310132462,"[[np.int64(0), np.int64(1), 3, 4, 5], [2], [6, 7]]",[0.280641   0.04663773 0.09762157]
399,0.07967007310132468,"[[np.int64(0), np.int64(1), np.int64(2), 4, 5], [3], [6, 7]]",[0.280641   0.04663773 0.09762157]
400,0.07967007310132473,"[[np.int64(0), np.int64(1), 4, 5, 6], [2, 3], [7]]",[0.280641   0.09762157 0.04663773]
401,0.07968743558577246,"[[np.int64(0), np.int64(1), 4, 5, 6, 7], [2], [3]]",[0.33160748 0.04663773 0.04663773]
402,0.07968743558577263,"[[np.int64(0), np.int64(1), np.int64(2), np.int64(3), np.int64(4), np.int64(5)], [6], [7]]",[0.33160748 0.04663773 0.04663773]
403,0.07993023711469588,"[[np.int64(0), 3, 6, 7], [np.int64(1), 2], [4, 5]]",[0.23467351 0.09875572 0.09121091]
404,0.07993023711469593,"[[np.int64(0), np.int64(1)], [2, 3, 4, 7], [5, 6]]",[0.09121091 0.23467351 0.09875572]
405,0.07993023711469638,"[[np.int64(0), 2, 6, 7], [np.int64(1), 3], [4, 5]]",[0.23467351 0.09875572 0.09121091]
406,0.07993023711469666,"[[np.int64(0), np.int64(1)], [2, 3, 4, 6], [5, 7]]",[0.09121091 0.23467351 0.09875572]
407,0.08018000411269349,"[[np.int64(0), 3, 5, 7], [np.int64(1), 2, 6], [4]]",[0.21904298 0.16447033 0.04087706]
408,0.08018000411269355,"[[np.int64(0)], [np.int64(1), 3, 4, 7], [np.int64(2), 5, 6]]",[0.04087706 0.21904298 0.16447033]
409,0.08018000411269405,"[[np.int64(0), 2, 5, 6], [np.int64(1), 3, 7], [4]]",[0.21904298 0.16447033 0.04087706]
410,0.08018000411269421,"[[np.int64(0)], [np.int64(1), 2, 4, 6], [3, 5, 7]]",[0.04087706 0.21904298 0.16447033]
411,0.08021085004729922,"[[np.int64(0), np.int64(1), 3, 6, 7], [2, 5], [4]]",[0.28142697 0.1020555  0.04087706]
412,0.08021085004729922,"[[np.int64(0)], [np.int64(1), 6], [np.int64(2), 3, 4, 5, 7]]",[0.04087706 0.1020555  0.28142697]
413,0.08021085004729972,"[[np.int64(0), np.int64(1), np.int64(2), 6, 7], [3, 5], [4]]",[0.28142697 0.1020555  0.04087706]
414,0.08021085004729989,"[[np.int64(0)], [np.int64(1), 7], [np.int64(2), 3, 4, 5, 6]]",[0.04087706 0.1020555  0.28142697]
415,0.08065114436239762,"[[np.int64(0), 3, 5, 7], [np.int64(1), 2, 4], [6]]",[0.21904298 0.15823852 0.04663773]
416,0.08065114436239762,"[[np.int64(0), 5, 6], [np.int64(1), 3, 4, 7], [np.int64(2)]]",[0.15823852 0.21904298 0.04663773]
417,0.08065114436239779,"[[np.int64(0), 5, 7], [np.int64(1), 2, 4, 6], [3]]",[0.15823852 0.21904298 0.04663773]
418,0.08065114436239779,"[[np.int64(0), 2, 5, 6], [np.int64(1), 3, 4], [7]]",[0.21904298 0.15823852 0.04663773]
419,0.08130395961303666,"[[np.int64(0), 2, 5, 7], [np.int64(1), 3, 4], [6]]",[0.21839017 0.15823852 0.04663773]
420,0.08130395961303682,"[[np.int64(0), 5, 7], [np.int64(1), 3, 4, 6], [np.int64(2)]]",[0.15823852 0.21839017 0.04663773]
421,0.08130395961303744,"[[np.int64(0), 5, 6], [np.int64(1), 2, 4, 7], [3]]",[0.15823852 0.21839017 0.04663773]
422,0.08130395961303749,"[[np.int64(0), 3, 5, 6], [np.int64(1), 2, 4], [7]]",[0.21839017 0.15823852 0.04663773]
423,0.08148563461397229,"[[np.int64(0), 2, 5, 7], [np.int64(1), 3, 6], [4]]",[0.21839017 0.16381751 0.04087706]
424,0.0814856346139724,"[[np.int64(0)], [np.int64(1), 3, 4, 6], [np.int64(2), 5, 7]]",[0.04087706 0.21839017 0.16381751]
425,0.08148563461397296,"[[np.int64(0), 3, 5, 6], [np.int64(1), 2, 7], [4]]",[0.21839017 0.16381751 0.04087706]
426,0.08148563461397296,"[[np.int64(0)], [np.int64(1), 2, 4, 7], [3, 5, 6]]",[0.04087706 0.21839017 0.16381751]
427,0.08156656239179222,"[[np.int64(0)], [np.int64(1), 4, 6], [np.int64(2), 3, 5, 7]]",[0.04087706 0.14824852 0.23387824]
428,0.08156656239179233,"[[np.int64(0), 2, 5], [np.int64(1), 3, 6, 7], [4]]",[0.14824852 0.23387824 0.04087706]
429,0.0815665623917925,"[[np.int64(0), 3, 5], [np.int64(1), 2, 6, 7], [4]]",[0.14824852 0.23387824 0.04087706]
430,0.08156656239179261,"[[np.int64(0)], [np.int64(1), 4, 7], [np.int64(2), 3, 5, 6]]",[0.04087706 0.14824852 0.23387824]
431,0.08291367863721466,"[[np.int64(0), 2, 3, 5, 7], [np.int64(1)], [4, 6]]",[0.28354075 0.05551131 0.08260464]
432,0.082913678637215,"[[np.int64(0), 2], [np.int64(1), 3, 4, 6, 7], [5]]",[0.08260464 0.28354075 0.05551131]
433,0.08291367863721527,"[[np.int64(0), 2, 3, 5, 6], [np.int64(1)], [4, 7]]",[0.28354075 0.05551131 0.08260464]
434,0.08291367863721527,"[[np.int64(0), 3], [np.int64(1), 2, 4, 6, 7], [5]]",[0.08260464 0.28354075 0.05551131]
435,0.0835590336921499,"[[np.int64(0), np.int64(1), np.int64(2), 5], [3, 4, 7], [6]]",[0.21758118 0.15679243 0.04663773]
436,0.08355903369214995,"[[np.int64(0), 3, 7], [np.int64(1), 4, 5, 6], [np.int64(2)]]",[0.15679243 0.21758118 0.04663773]
437,0.08355903369215117,"[[np.int64(0), 2, 6], [np.int64(1), 4, 5, 7], [3]]",[0.15679243 0.21758118 0.04663773]
438,0.08355903369215117,"[[np.int64(0), np.int64(1), 3, 5], [2, 4, 6], [7]]",[0.21758118 0.15679243 0.04663773]
439,0.08368034164143417,"[[np.int64(0)], [np.int64(1), 2, 6, 7], [3, 4, 5]]",[0.04087706 0.23387824 0.14613474]
440,0.08368034164143423,"[[np.int64(0)], [np.int64(1), 3, 6, 7], [np.int64(2), 4, 5]]",[0.04087706 0.23387824 0.14613474]
441,0.08368034164143423,"[[np.int64(0), np.int64(1), 7], [2, 3, 5, 6], [4]]",[0.14613474 0.23387824 0.04087706]
442,0.08368034164143423,"[[np.int64(0), np.int64(1), 6], [2, 3, 5, 7], [4]]",[0.14613474 0.23387824 0.04087706]
443,0.0842118489427896,"[[np.int64(0), 2, 7], [np.int64(1), 4, 5, 6], [3]]",[0.15613961 0.21758118 0.04663773]
444,0.08421184894278971,"[[np.int64(0), np.int64(1), np.int64(2), 5], [3, 4, 6], [7]]",[0.21758118 0.15613961 0.04663773]
445,0.08421184894279021,"[[np.int64(0), np.int64(1), 3, 5], [2, 4, 7], [6]]",[0.21758118 0.15613961 0.04663773]
446,0.08421184894279032,"[[np.int64(0), 3, 6], [np.int64(1), 4, 5, 7], [np.int64(2)]]",[0.15613961 0.21758118 0.04663773]
447,0.08437279429944672,"[[np.int64(0), 6, 7], [np.int64(1), 2, 3, 5], [4]]",[0.15525791 0.22406261 0.04087706]
448,0.08437279429944694,"[[np.int64(0)], [np.int64(1), 5, 6, 7], [np.int64(2), 3, 4]]",[0.04087706 0.22406261 0.15525791]
449,0.08472760581223993,"[[np.int64(0), 4], [np.int64(1), 2, 3, 7], [5, 6]]",[0.09050859 0.23057846 0.09875572]
450,0.08472760581223998,"[[np.int64(0), 4], [np.int64(1), 2], [3, 5, 6, 7]]",[0.09050859 0.09875572 0.23057846]
451,0.08472760581224009,"[[np.int64(0), 4], [np.int64(1), 3], [np.int64(2), 5, 6, 7]]",[0.09050859 0.09875572 0.23057846]
452,0.08472760581224026,"[[np.int64(0), 4], [np.int64(1), 2, 3, 6], [5, 7]]",[0.09050859 0.23057846 0.09875572]
453,0.08477280353777161,"[[np.int64(0), 3], [np.int64(1), 4], [np.int64(2), 5, 6, 7]]",[0.08260464 0.10661447 0.23057846]
454,0.08477280353777167,"[[np.int64(0), 5], [np.int64(1), 2, 3, 7], [4, 6]]",[0.10661447 0.23057846 0.08260464]
455,0.08477280353777172,"[[np.int64(0), 5], [np.int64(1), 2, 3, 6], [4, 7]]",[0.10661447 0.23057846 0.08260464]
456,0.08477280353777189,"[[np.int64(0), 2], [np.int64(1), 4], [3, 5, 6, 7]]",[0.08260464 0.10661447 0.23057846]
457,0.08512112703067376,"[[np.int64(0), 4], [np.int64(1), 2, 6], [3, 5, 7]]",[0.09050859 0.16447033 0.16447033]
458,0.08512112703067376,"[[np.int64(0), 4], [np.int64(1), 3, 7], [np.int64(2), 5, 6]]",[0.09050859 0.16447033 0.16447033]
459,0.08527740775256842,"[[np.int64(0), np.int64(1)], [2, 4, 5], [3, 6, 7]]",[0.09121091 0.14613474 0.18194732]
460,0.08527740775256842,"[[np.int64(0), np.int64(1), 6], [2, 3, 7], [4, 5]]",[0.14613474 0.18194732 0.09121091]
461,0.08527740775256853,"[[np.int64(0), np.int64(1)], [2, 6, 7], [3, 4, 5]]",[0.09121091 0.18194732 0.14613474]
462,0.08527740775256859,"[[np.int64(0), np.int64(1), 7], [2, 3, 6], [4, 5]]",[0.14613474 0.18194732 0.09121091]
463,0.08529477023701626,"[[np.int64(0), np.int64(1)], [2, 3, 4, 5, 7], [6]]",[0.09121091 0.28142697 0.04663773]
464,0.08529477023701632,"[[np.int64(0), np.int64(1), 3, 6, 7], [2], [4, 5]]",[0.28142697 0.04663773 0.09121091]
465,0.08529477023701648,"[[np.int64(0), np.int64(1), np.int64(2), 6, 7], [3], [4, 5]]",[0.28142697 0.04663773 0.09121091]
466,0.0852947702370167,"[[np.int64(0), np.int64(1)], [2, 3, 4, 5, 6], [7]]",[0.09121091 0.28142697 0.04663773]
467,0.08548544428084626,"[[np.int64(0), 5, 6, 7], [np.int64(1), 3, 4], [np.int64(2)]]",[0.21420868 0.15823852 0.04663773]
468,0.08548544428084631,"[[np.int64(0), 5, 7], [np.int64(1), 2, 3, 4], [6]]",[0.15823852 0.21420868 0.04663773]
469,0.08548544428084653,"[[np.int64(0), 5, 6, 7], [np.int64(1), 2, 4], [3]]",[0.21420868 0.15823852 0.04663773]
470,0.08548544428084665,"[[np.int64(0), 5, 6], [np.int64(1), 2, 3, 4], [7]]",[0.15823852 0.21420868 0.04663773]
471,0.08596710285601417,"[[np.int64(0), 7], [np.int64(1), 3, 4], [np.int64(2), 5, 6]]",[0.09589443 0.15823852 0.16447033]
472,0.08596710285601417,"[[np.int64(0), 5, 7], [np.int64(1), 2, 6], [3, 4]]",[0.15823852 0.16447033 0.09589443]
473,0.085967102856015,"[[np.int64(0), 5, 6], [np.int64(1), 3, 7], [np.int64(2), 4]]",[0.15823852 0.16447033 0.09589443]
474,0.08596710285601505,"[[np.int64(0), 6], [np.int64(1), 2, 4], [3, 5, 7]]",[0.09589443 0.15823852 0.16447033]
475,0.0861256496651045,"[[np.int64(0), 5, 6, 7], [np.int64(1), 4], [np.int64(2), 3]]",[0.21420868 0.10661447 0.09762157]
476,0.08612564966510455,"[[np.int64(0), 5], [np.int64(1), 2, 3, 4], [6, 7]]",[0.10661447 0.21420868 0.09762157]
477,0.08629787379410409,"[[np.int64(0), 4, 6, 7], [np.int64(1), 2, 5], [3]]",[0.19506915 0.17656562 0.04663773]
478,0.08629787379410453,"[[np.int64(0), 2, 3, 4], [np.int64(1), 5, 6], [7]]",[0.19506915 0.17656562 0.04663773]
479,0.08629787379410458,"[[np.int64(0), 4, 6, 7], [np.int64(1), 3, 5], [np.int64(2)]]",[0.19506915 0.17656562 0.04663773]
480,0.08629787379410486,"[[np.int64(0), 2, 3, 4], [np.int64(1), 5, 7], [6]]",[0.19506915 0.17656562 0.04663773]
481,0.08642675753195245,"[[np.int64(0), 4], [np.int64(1), 3, 6], [np.int64(2), 5, 7]]",[0.09050859 0.16381751 0.16381751]
482,0.08642675753195272,"[[np.int64(0), 4], [np.int64(1), 2, 7], [3, 5, 6]]",[0.09050859 0.16381751 0.16381751]
483,0.08661991810665393,"[[np.int64(0), 5, 6], [np.int64(1), 2, 7], [3, 4]]",[0.15823852 0.16381751 0.09589443]
484,0.08661991810665398,"[[np.int64(0), 6], [np.int64(1), 3, 4], [np.int64(2), 5, 7]]",[0.09589443 0.15823852 0.16381751]
485,0.08661991810665404,"[[np.int64(0), 7], [np.int64(1), 2, 4], [3, 5, 6]]",[0.09589443 0.15823852 0.16381751]
486,0.08661991810665409,"[[np.int64(0), 5, 7], [np.int64(1), 3, 6], [np.int64(2), 4]]",[0.15823852 0.16381751 0.09589443]
487,0.08688658278741335,"[[np.int64(0), np.int64(1)], [2, 5, 6, 7], [3, 4]]",[0.09121091 0.23057846 0.09589443]
488,0.08688658278741335,"[[np.int64(0), 7], [np.int64(1), 2, 3, 6], [4, 5]]",[0.09589443 0.23057846 0.09121091]
489,0.08688658278741368,"[[np.int64(0), 6], [np.int64(1), 2, 3, 7], [4, 5]]",[0.09589443 0.23057846 0.09121091]
490,0.0868865827874139,"[[np.int64(0), np.int64(1)], [2, 4], [3, 5, 6, 7]]",[0.09121091 0.09589443 0.23057846]
491,0.08704588777073308,"[[np.int64(0), np.int64(1), np.int64(2), 5, 6], [3], [4, 7]]",[0.28828211 0.04663773 0.08260464]
492,0.08704588777073319,"[[np.int64(0), 3], [np.int64(1), 2, 4, 5, 6], [7]]",[0.08260464 0.28828211 0.04663773]
493,0.08704588777073319,"[[np.int64(0), np.int64(1), 3, 5, 7], [2], [4, 6]]",[0.28828211 0.04663773 0.08260464]
494,0.0870458877707333,"[[np.int64(0), 2], [np.int64(1), 3, 4, 5, 7], [6]]",[0.08260464 0.28828211 0.04663773]
495,0.08757746954959245,"[[np.int64(0), 6], [np.int64(1), 3, 4, 7], [np.int64(2), 5]]",[0.09589443 0.21904298 0.1020555 ]
496,0.0875774695495925,"[[np.int64(0), 3, 5, 7], [np.int64(1), 6], [np.int64(2), 4]]",[0.21904298 0.1020555  0.09589443]
497,0.08757746954959272,"[[np.int64(0), 7], [np.int64(1), 2, 4, 6], [3, 5]]",[0.09589443 0.21904298 0.1020555 ]
498,0.08757746954959278,"[[np.int64(0), 2, 5, 6], [np.int64(1), 7], [3, 4]]",[0.21904298 0.1020555  0.09589443]
499,0.08769870302137228,"[[np.int64(0), np.int64(1), np.int64(2), 5, 7], [3], [4, 6]]",[0.2876293  0.04663773 0.08260464]
500,0.08769870302137261,"[[np.int64(0), 3], [np.int64(1), 2, 4, 5, 7], [6]]",[0.08260464 0.2876293  0.04663773]
501,0.08769870302137267,"[[np.int64(0), 2], [np.int64(1), 3, 4, 5, 6], [7]]",[0.08260464 0.2876293  0.04663773]
502,0.08769870302137273,"[[np.int64(0), np.int64(1), 3, 5, 6], [2], [4, 7]]",[0.2876293  0.04663773 0.08260464]
503,0.08823028480023132,"[[np.int64(0), 2, 5, 7], [np.int64(1), 6], [3, 4]]",[0.21839017 0.1020555  0.09589443]
504,0.08823028480023154,"[[np.int64(0), 7], [np.int64(1), 3, 4, 6], [np.int64(2), 5]]",[0.09589443 0.21839017 0.1020555 ]
505,0.08823028480023254,"[[np.int64(0), 6], [np.int64(1), 2, 4, 7], [3, 5]]",[0.09589443 0.21839017 0.1020555 ]
506,0.08823028480023265,"[[np.int64(0), 3, 5, 6], [np.int64(1), 7], [np.int64(2), 4]]",[0.21839017 0.1020555  0.09589443]
507,0.08839648371762604,"[[np.int64(0), 6, 7], [np.int64(1)], [np.int64(2), 3, 4, 5]]",[0.15525791 0.05551131 0.20540468]
508,0.08839648371762615,"[[np.int64(0), np.int64(1), 6, 7], [2, 3, 4], [5]]",[0.20540468 0.15525791 0.05551131]
509,0.08860767983560713,"[[np.int64(0), 3, 7], [np.int64(1), 2, 5], [4, 6]]",[0.15679243 0.17656562 0.08260464]
510,0.0886076798356073,"[[np.int64(0), 2], [np.int64(1), 5, 6], [3, 4, 7]]",[0.08260464 0.17656562 0.15679243]
511,0.08860767983560841,"[[np.int64(0), 2, 6], [np.int64(1), 3, 5], [4, 7]]",[0.15679243 0.17656562 0.08260464]
512,0.08860767983560847,"[[np.int64(0), 3], [np.int64(1), 5, 7], [np.int64(2), 4, 6]]",[0.08260464 0.17656562 0.15679243]
513,0.08862722025126957,"[[np.int64(0), 3, 7], [np.int64(1)], [np.int64(2), 4, 5, 6]]",[0.15679243 0.05551131 0.20363942]
514,0.08862722025126968,"[[np.int64(0), np.int64(1), np.int64(2), 6], [3, 4, 7], [5]]",[0.20363942 0.15679243 0.05551131]
515,0.08862722025127001,"[[np.int64(0), np.int64(1), 3, 7], [2, 4, 6], [5]]",[0.20363942 0.15679243 0.05551131]
516,0.08862722025127012,"[[np.int64(0), 2, 6], [np.int64(1)], [3, 4, 5, 7]]",[0.15679243 0.05551131 0.20363942]
517,0.08891060021373826,"[[np.int64(0), np.int64(1), 3, 4, 7], [2, 5], [6]]",[0.26696655 0.1020555  0.04663773]
518,0.08891060021373831,"[[np.int64(0), 3, 4, 5, 7], [np.int64(1), 6], [np.int64(2)]]",[0.26696655 0.1020555  0.04663773]
519,0.08891060021373959,"[[np.int64(0), 2, 4, 5, 6], [np.int64(1), 7], [3]]",[0.26696655 0.1020555  0.04663773]
520,0.0889106002137397,"[[np.int64(0), np.int64(1), np.int64(2), 4, 6], [3, 5], [7]]",[0.26696655 0.1020555  0.04663773]
521,0.08898677537349198,"[[np.int64(0), 2, 4, 5], [np.int64(1), 6], [3, 7]]",[0.20108223 0.1020555  0.11244588]
522,0.08898677537349198,"[[np.int64(0), np.int64(1), 4, 6], [2, 5], [3, 7]]",[0.20108223 0.1020555  0.11244588]
523,0.0889867753734922,"[[np.int64(0), np.int64(1), 4, 7], [2, 6], [3, 5]]",[0.20108223 0.11244588 0.1020555 ]
524,0.08898677537349231,"[[np.int64(0), 3, 4, 5], [np.int64(1), 7], [np.int64(2), 6]]",[0.20108223 0.1020555  0.11244588]
525,0.08901845303365952,"[[np.int64(0), 6, 7], [np.int64(1), 3, 4], [np.int64(2), 5]]",[0.15525791 0.15823852 0.1020555 ]
526,0.08901845303365957,"[[np.int64(0), 5, 7], [np.int64(1), 6], [np.int64(2), 3, 4]]",[0.15823852 0.1020555  0.15525791]
527,0.08901845303366007,"[[np.int64(0), 6, 7], [np.int64(1), 2, 4], [3, 5]]",[0.15525791 0.15823852 0.1020555 ]
528,0.08901845303366013,"[[np.int64(0), 5, 6], [np.int64(1), 7], [np.int64(2), 3, 4]]",[0.15823852 0.1020555  0.15525791]
529,0.08926049508624712,"[[np.int64(0), 3, 6], [np.int64(1), 2, 5], [4, 7]]",[0.15613961 0.17656562 0.08260464]
530,0.08926049508624712,"[[np.int64(0), 3], [np.int64(1), 5, 6], [np.int64(2), 4, 7]]",[0.08260464 0.17656562 0.15613961]
531,0.08926049508624723,"[[np.int64(0), 2, 7], [np.int64(1), 3, 5], [4, 6]]",[0.15613961 0.17656562 0.08260464]
532,0.08926049508624745,"[[np.int64(0), 2], [np.int64(1), 5, 7], [3, 4, 6]]",[0.08260464 0.17656562 0.15613961]
533,0.08956341546437807,"[[np.int64(0), 2, 4, 5, 7], [np.int64(1), 6], [3]]",[0.26631373 0.1020555  0.04663773]
534,0.0895634154643783,"[[np.int64(0), np.int64(1), 3, 4, 6], [2, 5], [7]]",[0.26631373 0.1020555  0.04663773]
535,0.08956341546437852,"[[np.int64(0), np.int64(1), np.int64(2), 4, 7], [3, 5], [6]]",[0.26631373 0.1020555  0.04663773]
536,0.08956341546437863,"[[np.int64(0), 3, 4, 5, 6], [np.int64(1), 7], [np.int64(2)]]",[0.26631373 0.1020555  0.04663773]
537,0.08963959062413118,"[[np.int64(0), np.int64(1), 4, 7], [2, 5], [3, 6]]",[0.20108223 0.1020555  0.11179306]
538,0.08963959062413118,"[[np.int64(0), 3, 4, 5], [np.int64(1), 6], [np.int64(2), 7]]",[0.20108223 0.1020555  0.11179306]
539,0.08963959062413179,"[[np.int64(0), np.int64(1), 4, 6], [2, 7], [3, 5]]",[0.20108223 0.11179306 0.1020555 ]
540,0.0896395906241319,"[[np.int64(0), 2, 4, 5], [np.int64(1), 7], [3, 6]]",[0.20108223 0.1020555  0.11179306]
541,0.08975219606211893,"[[np.int64(0), 6, 7], [np.int64(1), 4], [np.int64(2), 3, 5]]",[0.15525791 0.10661447 0.1529458 ]
542,0.0897521960621191,"[[np.int64(0), 5], [np.int64(1), 6, 7], [np.int64(2), 3, 4]]",[0.10661447 0.1529458  0.15525791]
543,0.08976736538823865,"[[np.int64(0), 3, 4], [np.int64(1), 2, 5], [6, 7]]",[0.14061581 0.17656562 0.09762157]
544,0.0897673653882387,"[[np.int64(0), 4, 7], [np.int64(1), 5, 6], [np.int64(2), 3]]",[0.14061581 0.17656562 0.09762157]
545,0.0897673653882397,"[[np.int64(0), 4, 6], [np.int64(1), 5, 7], [np.int64(2), 3]]",[0.14061581 0.17656562 0.09762157]
546,0.08976736538823976,"[[np.int64(0), 2, 4], [np.int64(1), 3, 5], [6, 7]]",[0.14061581 0.17656562 0.09762157]
547,0.08992024088616679,"[[np.int64(0), np.int64(1)], [2, 5], [3, 4, 6, 7]]",[0.09121091 0.1020555  0.22138373]
548,0.08992024088616679,"[[np.int64(0), 2, 3, 7], [np.int64(1), 6], [4, 5]]",[0.22138373 0.1020555  0.09121091]
549,0.08992024088616779,"[[np.int64(0), np.int64(1)], [2, 4, 6, 7], [3, 5]]",[0.09121091 0.22138373 0.1020555 ]
550,0.08992024088616796,"[[np.int64(0), 2, 3, 6], [np.int64(1), 7], [4, 5]]",[0.22138373 0.1020555  0.09121091]
551,0.08993285075254842,"[[np.int64(0), 2, 7], [np.int64(1)], [3, 4, 5, 6]]",[0.15613961 0.05551131 0.20298661]
552,0.08993285075254842,"[[np.int64(0), np.int64(1), np.int64(2), 7], [3, 4, 6], [5]]",[0.20298661 0.15613961 0.05551131]
553,0.08993285075254892,"[[np.int64(0), 3, 6], [np.int64(1)], [np.int64(2), 4, 5, 7]]",[0.15613961 0.05551131 0.20298661]
554,0.08993285075254898,"[[np.int64(0), np.int64(1), 3, 6], [2, 4, 7], [5]]",[0.20298661 0.15613961 0.05551131]
555,0.09056592992281376,"[[np.int64(0), 3, 4, 7], [np.int64(1), 6], [np.int64(2), 5]]",[0.20989345 0.1020555  0.1020555 ]
556,0.09056592992281576,"[[np.int64(0), 2, 4, 6], [np.int64(1), 7], [3, 5]]",[0.20989345 0.1020555  0.1020555 ]
557,0.09064114813386848,"[[np.int64(0), 3, 5, 7], [np.int64(1), 4, 6], [np.int64(2)]]",[0.21904298 0.14824852 0.04663773]
558,0.09064114813386859,"[[np.int64(0), 2, 5], [np.int64(1), 3, 4, 7], [6]]",[0.14824852 0.21904298 0.04663773]
559,0.09064114813386909,"[[np.int64(0), 2, 5, 6], [np.int64(1), 4, 7], [3]]",[0.21904298 0.14824852 0.04663773]
560,0.09064114813386914,"[[np.int64(0), 3, 5], [np.int64(1), 2, 4, 6], [7]]",[0.14824852 0.21904298 0.04663773]
561,0.0907837106955715,"[[np.int64(0), 5, 6], [np.int64(1), 2], [3, 4, 7]]",[0.15823852 0.09875572 0.15679243]
562,0.09078371069557156,"[[np.int64(0), 3, 7], [np.int64(1), 2, 4], [5, 6]]",[0.15679243 0.15823852 0.09875572]
563,0.09078371069557223,"[[np.int64(0), 5, 7], [np.int64(1), 3], [np.int64(2), 4, 6]]",[0.15823852 0.09875572 0.15679243]
564,0.0907837106955724,"[[np.int64(0), 2, 6], [np.int64(1), 3, 4], [5, 7]]",[0.15679243 0.15823852 0.09875572]
565,0.09121874517345407,"[[np.int64(0), 2, 4, 7], [np.int64(1), 6], [3, 5]]",[0.20924064 0.1020555  0.1020555 ]
566,0.09121874517345419,"[[np.int64(0), 3, 4, 6], [np.int64(1), 7], [np.int64(2), 5]]",[0.20924064 0.1020555  0.1020555 ]
567,0.09129396338450785,"[[np.int64(0), 2, 5, 7], [np.int64(1), 4, 6], [3]]",[0.21839017 0.14824852 0.04663773]
568,0.09129396338450807,"[[np.int64(0), 2, 5], [np.int64(1), 3, 4, 6], [7]]",[0.14824852 0.21839017 0.04663773]
569,0.09129396338450846,"[[np.int64(0), 3, 5], [np.int64(1), 2, 4, 7], [6]]",[0.14824852 0.21839017 0.04663773]
570,0.09129396338450857,"[[np.int64(0), 3, 5, 6], [np.int64(1), 4, 7], [np.int64(2)]]",[0.21839017 0.14824852 0.04663773]
571,0.09143652594621093,"[[np.int64(0), 5, 7], [np.int64(1), 2], [3, 4, 6]]",[0.15823852 0.09875572 0.15613961]
572,0.09143652594621099,"[[np.int64(0), 2, 7], [np.int64(1), 3, 4], [5, 6]]",[0.15613961 0.15823852 0.09875572]
573,0.0914365259462116,"[[np.int64(0), 5, 6], [np.int64(1), 3], [np.int64(2), 4, 7]]",[0.15823852 0.09875572 0.15613961]
574,0.09143652594621182,"[[np.int64(0), 3, 6], [np.int64(1), 2, 4], [5, 7]]",[0.15613961 0.15823852 0.09875572]
575,0.09193867077004336,"[[np.int64(0), np.int64(1), np.int64(2), 5], [3, 7], [4, 6]]",[0.21758118 0.11244588 0.08260464]
576,0.09193867077004347,"[[np.int64(0), 2], [np.int64(1), 4, 5, 6], [3, 7]]",[0.08260464 0.21758118 0.11244588]
577,0.09193867077004386,"[[np.int64(0), 3], [np.int64(1), 4, 5, 7], [np.int64(2), 6]]",[0.08260464 0.21758118 0.11244588]
578,0.09193867077004392,"[[np.int64(0), np.int64(1), 3, 5], [2, 6], [4, 7]]",[0.21758118 0.11244588 0.08260464]
579,0.09209671184540402,"[[np.int64(0), 3, 7], [np.int64(1), 2, 6], [4, 5]]",[0.15679243 0.16447033 0.09121091]
580,0.09209671184540408,"[[np.int64(0), np.int64(1)], [2, 5, 6], [3, 4, 7]]",[0.09121091 0.16447033 0.15679243]
581,0.09209671184540502,"[[np.int64(0), np.int64(1)], [2, 4, 6], [3, 5, 7]]",[0.09121091 0.15679243 0.16447033]
582,0.09209671184540502,"[[np.int64(0), 2, 6], [np.int64(1), 3, 7], [4, 5]]",[0.15679243 0.16447033 0.09121091]
583,0.09221037900391871,"[[np.int64(0), 3, 4, 5, 7], [np.int64(1), 2], [6]]",[0.26696655 0.09875572 0.04663773]
584,0.09221037900391882,"[[np.int64(0), np.int64(1), 3, 4, 7], [2], [5, 6]]",[0.26696655 0.04663773 0.09875572]
585,0.09221037900391998,"[[np.int64(0), 2, 4, 5, 6], [np.int64(1), 3], [7]]",[0.26696655 0.09875572 0.04663773]
586,0.09221037900392004,"[[np.int64(0), np.int64(1), np.int64(2), 4, 6], [3], [5, 7]]",[0.26696655 0.04663773 0.09875572]
587,0.09237759580170296,"[[np.int64(0), 4], [np.int64(1), 2, 3, 5], [6, 7]]",[0.09050859 0.22406261 0.09762157]
588,0.09237759580170302,"[[np.int64(0), 4], [np.int64(1), 5, 6, 7], [np.int64(2), 3]]",[0.09050859 0.22406261 0.09762157]
589,0.09238009180787338,"[[np.int64(0), np.int64(1), 4, 7], [2, 5, 6], [3]]",[0.20108223 0.16447033 0.04663773]
590,0.09238009180787349,"[[np.int64(0), 3, 4, 5], [np.int64(1), 2, 6], [7]]",[0.20108223 0.16447033 0.04663773]
591,0.09238009180787388,"[[np.int64(0), 2, 4, 5], [np.int64(1), 3, 7], [6]]",[0.20108223 0.16447033 0.04663773]
592,0.09238009180787388,"[[np.int64(0), np.int64(1), 4, 6], [2], [3, 5, 7]]",[0.20108223 0.04663773 0.16447033]
593,0.09259148602068279,"[[np.int64(0), np.int64(1), np.int64(2), 5], [3, 6], [4, 7]]",[0.21758118 0.11179306 0.08260464]
594,0.0925914860206829,"[[np.int64(0), 3], [np.int64(1), 4, 5, 6], [np.int64(2), 7]]",[0.08260464 0.21758118 0.11179306]
595,0.09259148602068323,"[[np.int64(0), np.int64(1), 3, 5], [2, 7], [4, 6]]",[0.21758118 0.11179306 0.08260464]
596,0.0925914860206834,"[[np.int64(0), 2], [np.int64(1), 4, 5, 7], [3, 6]]",[0.08260464 0.21758118 0.11179306]
597,0.09286319425455869,"[[np.int64(0), 2, 4, 5, 7], [np.int64(1), 3], [6]]",[0.26631373 0.09875572 0.04663773]
598,0.09286319425455875,"[[np.int64(0), np.int64(1), np.int64(2), 4, 7], [3], [5, 6]]",[0.26631373 0.04663773 0.09875572]
599,0.0928631942545588,"[[np.int64(0), 3, 4, 5, 6], [np.int64(1), 2], [7]]",[0.26631373 0.09875572 0.04663773]
600,0.09286319425455897,"[[np.int64(0), np.int64(1), 3, 4, 6], [2], [5, 7]]",[0.26631373 0.04663773 0.09875572]
601,0.09303290705851286,"[[np.int64(0), 3, 4, 5], [np.int64(1), 2, 7], [6]]",[0.20108223 0.16381751 0.04663773]
602,0.09303290705851297,"[[np.int64(0), np.int64(1), 4, 7], [2], [3, 5, 6]]",[0.20108223 0.04663773 0.16381751]
603,0.09303290705851303,"[[np.int64(0), np.int64(1), 4, 6], [2, 5, 7], [3]]",[0.20108223 0.16381751 0.04663773]
604,0.09303290705851325,"[[np.int64(0), 2, 4, 5], [np.int64(1), 3, 6], [7]]",[0.20108223 0.16381751 0.04663773]
605,0.09325421946682139,"[[np.int64(0), 4, 7], [np.int64(1), 2, 3, 5], [6]]",[0.14061581 0.22406261 0.04663773]
606,0.09325421946682166,"[[np.int64(0), 3, 4], [np.int64(1), 5, 6, 7], [np.int64(2)]]",[0.14061581 0.22406261 0.04663773]
607,0.09325421946682205,"[[np.int64(0), 4, 6], [np.int64(1), 2, 3, 5], [7]]",[0.14061581 0.22406261 0.04663773]
608,0.09325421946682227,"[[np.int64(0), 2, 4], [np.int64(1), 5, 6, 7], [3]]",[0.14061581 0.22406261 0.04663773]
609,0.09340234234668315,"[[np.int64(0), np.int64(1)], [2, 5, 7], [3, 4, 6]]",[0.09121091 0.16381751 0.15613961]
610,0.09340234234668315,"[[np.int64(0), 2, 7], [np.int64(1), 3, 6], [4, 5]]",[0.15613961 0.16381751 0.09121091]
611,0.09340234234668354,"[[np.int64(0), 3, 6], [np.int64(1), 2, 7], [4, 5]]",[0.15613961 0.16381751 0.09121091]
612,0.0934023423466836,"[[np.int64(0), np.int64(1)], [2, 4, 7], [3, 5, 6]]",[0.09121091 0.15613961 0.16381751]
613,0.0934731918983116,"[[np.int64(0), np.int64(1), np.int64(2), 5], [3, 4], [6, 7]]",[0.21758118 0.09589443 0.09762157]
614,0.0934731918983116,"[[np.int64(0), 7], [np.int64(1), 4, 5, 6], [np.int64(2), 3]]",[0.09589443 0.21758118 0.09762157]
615,0.09347319189831194,"[[np.int64(0), np.int64(1), 5, 6], [2, 3], [4, 7]]",[0.23087097 0.09762157 0.08260464]
616,0.09347319189831199,"[[np.int64(0), 3], [np.int64(1), 2, 4, 5], [6, 7]]",[0.08260464 0.23087097 0.09762157]
617,0.09347319189831199,"[[np.int64(0), np.int64(1), 5, 7], [2, 3], [4, 6]]",[0.23087097 0.09762157 0.08260464]
618,0.0934731918983121,"[[np.int64(0), 2], [np.int64(1), 3, 4, 5], [6, 7]]",[0.08260464 0.23087097 0.09762157]
619,0.09347319189831238,"[[np.int64(0), 6], [np.int64(1), 4, 5, 7], [np.int64(2), 3]]",[0.09589443 0.21758118 0.09762157]
620,0.09347319189831244,"[[np.int64(0), np.int64(1), 3, 5], [2, 4], [6, 7]]",[0.21758118 0.09589443 0.09762157]
621,0.09558356592398687,"[[np.int64(0), np.int64(1), 3, 7], [2, 5, 6], [4]]",[0.20363942 0.16447033 0.04087706]
622,0.09558356592398692,"[[np.int64(0)], [np.int64(1), 2, 6], [3, 4, 5, 7]]",[0.04087706 0.16447033 0.20363942]
623,0.09558356592398742,"[[np.int64(0)], [np.int64(1), 3, 7], [np.int64(2), 4, 5, 6]]",[0.04087706 0.16447033 0.20363942]
624,0.09558356592398753,"[[np.int64(0), np.int64(1), np.int64(2), 6], [3, 5, 7], [4]]",[0.20363942 0.16447033 0.04087706]
625,0.09558633295385288,"[[np.int64(0), 4, 5, 7], [np.int64(1), 3], [np.int64(2), 6]]",[0.19778245 0.09875572 0.11244588]
626,0.09558633295385288,"[[np.int64(0), 4, 5, 6], [np.int64(1), 2], [3, 7]]",[0.19778245 0.09875572 0.11244588]
627,0.09558633295385305,"[[np.int64(0), np.int64(1), 3, 4], [2, 6], [5, 7]]",[0.19778245 0.11244588 0.09875572]
628,0.0955863329538531,"[[np.int64(0), np.int64(1), np.int64(2), 4], [3, 7], [5, 6]]",[0.19778245 0.11244588 0.09875572]
629,0.09562746877738015,"[[np.int64(0), 2, 5], [np.int64(1), 4, 6], [3, 7]]",[0.14824852 0.14824852 0.11244588]
630,0.09562746877738071,"[[np.int64(0), 3, 5], [np.int64(1), 4, 7], [np.int64(2), 6]]",[0.14824852 0.14824852 0.11244588]
631,0.09567987059805366,"[[np.int64(0), 4, 5, 7], [np.int64(1), 2, 6], [3]]",[0.19778245 0.16447033 0.04663773]
632,0.09567987059805388,"[[np.int64(0), np.int64(1), 3, 4], [2, 5, 6], [7]]",[0.19778245 0.16447033 0.04663773]
633,0.09567987059805427,"[[np.int64(0), 4, 5, 6], [np.int64(1), 3, 7], [np.int64(2)]]",[0.19778245 0.16447033 0.04663773]
634,0.09567987059805438,"[[np.int64(0), np.int64(1), np.int64(2), 4], [3, 5, 7], [6]]",[0.19778245 0.16447033 0.04663773]
635,0.09571154825822137,"[[np.int64(0), 5, 6, 7], [np.int64(1), 2], [3, 4]]",[0.21420868 0.09875572 0.09589443]
636,0.09571154825822153,"[[np.int64(0), 7], [np.int64(1), 2, 3, 4], [5, 6]]",[0.09589443 0.21420868 0.09875572]
637,0.09571154825822203,"[[np.int64(0), 5, 6, 7], [np.int64(1), 3], [np.int64(2), 4]]",[0.21420868 0.09875572 0.09589443]
638,0.09571154825822215,"[[np.int64(0), 6], [np.int64(1), 2, 3, 4], [5, 7]]",[0.09589443 0.21420868 0.09875572]
639,0.09599547221002369,"[[np.int64(0), np.int64(1), 4, 6, 7], [2, 3], [5]]",[0.25544203 0.09762157 0.05551131]
640,0.09599547221002386,"[[np.int64(0), 2, 3, 4, 5], [np.int64(1)], [6, 7]]",[0.25544203 0.05551131 0.09762157]
641,0.09623914820449203,"[[np.int64(0), 4, 5, 7], [np.int64(1), 2], [3, 6]]",[0.19778245 0.09875572 0.11179306]
642,0.09623914820449214,"[[np.int64(0), np.int64(1), 3, 4], [2, 7], [5, 6]]",[0.19778245 0.11179306 0.09875572]
643,0.09623914820449253,"[[np.int64(0), 4, 5, 6], [np.int64(1), 3], [np.int64(2), 7]]",[0.19778245 0.09875572 0.11179306]
644,0.09623914820449281,"[[np.int64(0), np.int64(1), np.int64(2), 4], [3, 6], [5, 7]]",[0.19778245 0.11179306 0.09875572]
645,0.0962802840280198,"[[np.int64(0), 3, 5], [np.int64(1), 4, 6], [np.int64(2), 7]]",[0.14824852 0.14824852 0.11179306]
646,0.09628028402801986,"[[np.int64(0), 2, 5], [np.int64(1), 4, 7], [3, 6]]",[0.14824852 0.14824852 0.11179306]
647,0.09633268584869314,"[[np.int64(0), 4, 5, 7], [np.int64(1), 3, 6], [np.int64(2)]]",[0.19778245 0.16381751 0.04663773]
648,0.0963326858486932,"[[np.int64(0), np.int64(1), 3, 4], [2, 5, 7], [6]]",[0.19778245 0.16381751 0.04663773]
649,0.09633268584869364,"[[np.int64(0), 4, 5, 6], [np.int64(1), 2, 7], [3]]",[0.19778245 0.16381751 0.04663773]
650,0.09633268584869392,"[[np.int64(0), np.int64(1), np.int64(2), 4], [3, 5, 6], [7]]",[0.19778245 0.16381751 0.04663773]
651,0.09687658655888454,"[[np.int64(0), np.int64(1)], [2, 3, 5, 7], [4, 6]]",[0.09121091 0.23387824 0.08260464]
652,0.09687658655888465,"[[np.int64(0), 3], [np.int64(1), 2, 6, 7], [4, 5]]",[0.08260464 0.23387824 0.09121091]
653,0.09687658655888476,"[[np.int64(0), np.int64(1)], [2, 3, 5, 6], [4, 7]]",[0.09121091 0.23387824 0.08260464]
654,0.09687658655888476,"[[np.int64(0), 2], [np.int64(1), 3, 6, 7], [4, 5]]",[0.08260464 0.23387824 0.09121091]
655,0.09688919642526589,"[[np.int64(0)], [np.int64(1), 2, 7], [3, 4, 5, 6]]",[0.04087706 0.16381751 0.20298661]
656,0.09688919642526594,"[[np.int64(0), np.int64(1), np.int64(2), 7], [3, 5, 6], [4]]",[0.20298661 0.16381751 0.04087706]
657,0.09688919642526606,"[[np.int64(0), np.int64(1), 3, 6], [2, 5, 7], [4]]",[0.20298661 0.16381751 0.04087706]
658,0.09688919642526606,"[[np.int64(0)], [np.int64(1), 3, 6], [np.int64(2), 4, 5, 7]]",[0.04087706 0.16381751 0.20298661]
659,0.09716548750317466,"[[np.int64(0), 3, 4, 7], [np.int64(1), 2], [5, 6]]",[0.20989345 0.09875572 0.09875572]
660,0.09716548750317644,"[[np.int64(0), 2, 4, 6], [np.int64(1), 3], [5, 7]]",[0.20989345 0.09875572 0.09875572]
661,0.09727416967932251,"[[np.int64(0), np.int64(1), 3, 7], [2, 6], [4, 5]]",[0.20363942 0.11244588 0.09121091]
662,0.09727416967932256,"[[np.int64(0), np.int64(1)], [2, 6], [3, 4, 5, 7]]",[0.09121091 0.11244588 0.20363942]
663,0.09727416967932268,"[[np.int64(0), np.int64(1)], [2, 4, 5, 6], [3, 7]]",[0.09121091 0.20363942 0.11244588]
664,0.09727416967932268,"[[np.int64(0), np.int64(1), np.int64(2), 6], [3, 7], [4, 5]]",[0.20363942 0.11244588 0.09121091]
665,0.09742873795133067,"[[np.int64(0), 4, 7], [np.int64(1), 2, 6], [3, 5]]",[0.14061581 0.16447033 0.1020555 ]
666,0.09742873795133078,"[[np.int64(0), 3, 4], [np.int64(1), 7], [np.int64(2), 5, 6]]",[0.14061581 0.1020555  0.16447033]
667,0.09742873795133106,"[[np.int64(0), 4, 6], [np.int64(1), 3, 7], [np.int64(2), 5]]",[0.14061581 0.16447033 0.1020555 ]
668,0.09742873795133122,"[[np.int64(0), 2, 4], [np.int64(1), 6], [3, 5, 7]]",[0.14061581 0.1020555  0.16447033]
669,0.09747393567686191,"[[np.int64(0), 3, 7], [np.int64(1), 4, 6], [np.int64(2), 5]]",[0.15679243 0.14824852 0.1020555 ]
670,0.09747393567686197,"[[np.int64(0), 2, 5], [np.int64(1), 6], [3, 4, 7]]",[0.14824852 0.1020555  0.15679243]
671,0.09747393567686324,"[[np.int64(0), 3, 5], [np.int64(1), 7], [np.int64(2), 4, 6]]",[0.14824852 0.1020555  0.15679243]
672,0.0974739356768633,"[[np.int64(0), 2, 6], [np.int64(1), 4, 7], [3, 5]]",[0.15679243 0.14824852 0.1020555 ]
673,0.09781830275381498,"[[np.int64(0), 2, 4, 7], [np.int64(1), 3], [5, 6]]",[0.20924064 0.09875572 0.09875572]
674,0.09781830275381503,"[[np.int64(0), 3, 4, 6], [np.int64(1), 2], [5, 7]]",[0.20924064 0.09875572 0.09875572]
675,0.09807088587712715,"[[np.int64(0), 7], [np.int64(1), 2, 6], [3, 4, 5]]",[0.09589443 0.16447033 0.14613474]
676,0.0980708858771272,"[[np.int64(0), np.int64(1), 7], [2, 5, 6], [3, 4]]",[0.14613474 0.16447033 0.09589443]
677,0.09807088587712787,"[[np.int64(0), 6], [np.int64(1), 3, 7], [np.int64(2), 4, 5]]",[0.09589443 0.16447033 0.14613474]
678,0.09807088587712792,"[[np.int64(0), np.int64(1), 6], [2, 4], [3, 5, 7]]",[0.14613474 0.09589443 0.16447033]
679,0.09808155320196982,"[[np.int64(0), 4, 7], [np.int64(1), 3, 6], [np.int64(2), 5]]",[0.14061581 0.16381751 0.1020555 ]
680,0.09808155320196987,"[[np.int64(0), 3, 4], [np.int64(1), 6], [np.int64(2), 5, 7]]",[0.14061581 0.1020555  0.16381751]
681,0.09808155320197076,"[[np.int64(0), 4, 6], [np.int64(1), 2, 7], [3, 5]]",[0.14061581 0.16381751 0.1020555 ]
682,0.09808155320197098,"[[np.int64(0), 2, 4], [np.int64(1), 7], [3, 5, 6]]",[0.14061581 0.1020555  0.16381751]
683,0.0981267509275019,"[[np.int64(0), 2, 7], [np.int64(1), 4, 6], [3, 5]]",[0.15613961 0.14824852 0.1020555 ]
684,0.098126750927502,"[[np.int64(0), 2, 5], [np.int64(1), 7], [3, 4, 6]]",[0.14824852 0.1020555  0.15613961]
685,0.09812675092750206,"[[np.int64(0), 3, 5], [np.int64(1), 6], [np.int64(2), 4, 7]]",[0.14824852 0.1020555  0.15613961]
686,0.09812675092750217,"[[np.int64(0), 3, 6], [np.int64(1), 4, 7], [np.int64(2), 5]]",[0.15613961 0.14824852 0.1020555 ]
687,0.0981301651601057,"[[np.int64(0), 2, 3, 7], [np.int64(1)], [4, 5, 6]]",[0.22138373 0.05551131 0.12954517]
688,0.09813016516010581,"[[np.int64(0), np.int64(1), np.int64(2)], [3, 4, 6, 7], [5]]",[0.12954517 0.22138373 0.05551131]
689,0.09813016516010653,"[[np.int64(0), np.int64(1), 3], [2, 4, 6, 7], [5]]",[0.12954517 0.22138373 0.05551131]
690,0.09813016516010664,"[[np.int64(0), 2, 3, 6], [np.int64(1)], [4, 5, 7]]",[0.22138373 0.05551131 0.12954517]
691,0.09857980018060125,"[[np.int64(0), np.int64(1), np.int64(2), 7], [3, 6], [4, 5]]",[0.20298661 0.11179306 0.09121091]
692,0.0985798001806013,"[[np.int64(0), np.int64(1)], [2, 7], [3, 4, 5, 6]]",[0.09121091 0.11179306 0.20298661]
693,0.09857980018060147,"[[np.int64(0), np.int64(1)], [2, 4, 5, 7], [3, 6]]",[0.09121091 0.20298661 0.11179306]
694,0.09857980018060153,"[[np.int64(0), np.int64(1), 3, 6], [2, 7], [4, 5]]",[0.20298661 0.11179306 0.09121091]
695,0.09872370112776674,"[[np.int64(0), 7], [np.int64(1), 3, 6], [np.int64(2), 4, 5]]",[0.09589443 0.16381751 0.14613474]
696,0.09872370112776674,"[[np.int64(0), np.int64(1), 6], [2, 5, 7], [3, 4]]",[0.14613474 0.16381751 0.09589443]
697,0.09872370112776702,"[[np.int64(0), 6], [np.int64(1), 2, 7], [3, 4, 5]]",[0.09589443 0.16381751 0.14613474]
698,0.09872370112776718,"[[np.int64(0), np.int64(1), 7], [2, 4], [3, 5, 6]]",[0.14613474 0.09589443 0.16381751]
699,0.0989300051221273,"[[np.int64(0), np.int64(1), 5], [2, 3], [4, 6, 7]]",[0.17934046 0.09762157 0.12867834]
700,0.09893000512212746,"[[np.int64(0), 2, 3], [np.int64(1), 4, 5], [6, 7]]",[0.12867834 0.17934046 0.09762157]
701,0.09958771492650387,"[[np.int64(0), np.int64(1), 6], [2, 5], [3, 4, 7]]",[0.14613474 0.1020555  0.15679243]
702,0.09958771492650387,"[[np.int64(0), 3, 7], [np.int64(1), 6], [np.int64(2), 4, 5]]",[0.15679243 0.1020555  0.14613474]
703,0.09958771492650487,"[[np.int64(0), np.int64(1), 7], [2, 4, 6], [3, 5]]",[0.14613474 0.15679243 0.1020555 ]
704,0.09958771492650498,"[[np.int64(0), 2, 6], [np.int64(1), 7], [3, 4, 5]]",[0.15679243 0.1020555  0.14613474]
705,0.09985502727666395,"[[np.int64(0), np.int64(1), 7], [2, 6], [3, 4, 5]]",[0.14613474 0.11244588 0.14613474]
706,0.09985502727666407,"[[np.int64(0), np.int64(1), 6], [2, 4, 5], [3, 7]]",[0.14613474 0.14613474 0.11244588]
707,0.10010019018931154,"[[np.int64(0), np.int64(1), np.int64(2), np.int64(3), 7], [4], [5, 6]]",[0.26483741 0.04087706 0.09875572]
708,0.10010019018931166,"[[np.int64(0)], [np.int64(1), 2], [3, 4, 5, 6, 7]]",[0.04087706 0.09875572 0.26483741]
709,0.1001001901893121,"[[np.int64(0)], [np.int64(1), 3], [np.int64(2), 4, 5, 6, 7]]",[0.04087706 0.09875572 0.26483741]
710,0.10010019018931238,"[[np.int64(0), np.int64(1), np.int64(2), np.int64(3), 6], [4], [5, 7]]",[0.26483741 0.04087706 0.09875572]
711,0.1002405301771434,"[[np.int64(0), np.int64(1), 7], [2, 5], [3, 4, 6]]",[0.14613474 0.1020555  0.15613961]
712,0.10024053017714346,"[[np.int64(0), 2, 7], [np.int64(1), 6], [3, 4, 5]]",[0.15613961 0.1020555  0.14613474]
713,0.10024053017714418,"[[np.int64(0), np.int64(1), 6], [2, 4, 7], [3, 5]]",[0.14613474 0.15613961 0.1020555 ]
714,0.1002405301771443,"[[np.int64(0), 3, 6], [np.int64(1), 7], [np.int64(2), 4, 5]]",[0.15613961 0.1020555  0.14613474]
715,0.10043512511347819,"[[np.int64(0), np.int64(1), 4, 6, 7], [2, 5], [3]]",[0.25544203 0.1020555  0.04663773]
716,0.10043512511347841,"[[np.int64(0), 2, 3, 4, 5], [np.int64(1), 6], [7]]",[0.25544203 0.1020555  0.04663773]
717,0.10043512511347852,"[[np.int64(0), np.int64(1), 4, 6, 7], [2], [3, 5]]",[0.25544203 0.04663773 0.1020555 ]
718,0.10043512511347863,"[[np.int64(0), 2, 3, 4, 5], [np.int64(1), 7], [6]]",[0.25544203 0.1020555  0.04663773]
719,0.10046176869582885,"[[np.int64(0), 5, 7], [np.int64(1), 4, 6], [np.int64(2), 3]]",[0.15823852 0.14824852 0.09762157]
720,0.10046176869582896,"[[np.int64(0), 2, 5], [np.int64(1), 3, 4], [6, 7]]",[0.14824852 0.15823852 0.09762157]
721,0.10046176869582935,"[[np.int64(0), 5, 6], [np.int64(1), 4, 7], [np.int64(2), 3]]",[0.15823852 0.14824852 0.09762157]
722,0.1004617686958294,"[[np.int64(0), 3, 5], [np.int64(1), 2, 4], [6, 7]]",[0.14824852 0.15823852 0.09762157]
723,0.10047417099208322,"[[np.int64(0), 3], [np.int64(1), 2, 5, 6], [4, 7]]",[0.08260464 0.23888692 0.08260464]
724,0.100474170992084,"[[np.int64(0), 2], [np.int64(1), 3, 5, 7], [4, 6]]",[0.08260464 0.23888692 0.08260464]
725,0.10050784252730344,"[[np.int64(0), np.int64(1), 6], [2, 7], [3, 4, 5]]",[0.14613474 0.11179306 0.14613474]
726,0.10050784252730344,"[[np.int64(0), np.int64(1), 7], [2, 4, 5], [3, 6]]",[0.14613474 0.14613474 0.11179306]
727,0.10072851674151101,"[[np.int64(0), 4, 7], [np.int64(1), 3], [np.int64(2), 5, 6]]",[0.14061581 0.09875572 0.16447033]
728,0.10072851674151118,"[[np.int64(0), 3, 4], [np.int64(1), 2, 6], [5, 7]]",[0.14061581 0.16447033 0.09875572]
729,0.10072851674151156,"[[np.int64(0), 4, 6], [np.int64(1), 2], [3, 5, 7]]",[0.14061581 0.09875572 0.16447033]
730,0.10072851674151173,"[[np.int64(0), 2, 4], [np.int64(1), 3, 7], [5, 6]]",[0.14061581 0.16447033 0.09875572]
731,0.10104411835348093,"[[np.int64(0), 4, 6, 7], [np.int64(1)], [np.int64(2), 3, 5]]",[0.19506915 0.05551131 0.1529458 ]
732,0.1010441183534812,"[[np.int64(0), 2, 3, 4], [np.int64(1), 6, 7], [5]]",[0.19506915 0.1529458  0.05551131]
733,0.10112698624272293,"[[np.int64(0), 3], [np.int64(1), 2, 5, 7], [4, 6]]",[0.08260464 0.2382341  0.08260464]
734,0.1011269862427231,"[[np.int64(0), 2], [np.int64(1), 3, 5, 6], [4, 7]]",[0.08260464 0.2382341  0.08260464]
735,0.1012157736989735,"[[np.int64(0), 7], [np.int64(1), 6], [np.int64(2), 3, 4, 5]]",[0.09589443 0.1020555  0.20540468]
736,0.1012157736989735,"[[np.int64(0), np.int64(1), 6, 7], [2, 5], [3, 4]]",[0.20540468 0.1020555  0.09589443]
737,0.10121577369897422,"[[np.int64(0), np.int64(1), 6, 7], [2, 4], [3, 5]]",[0.20540468 0.09589443 0.1020555 ]
738,0.10121577369897428,"[[np.int64(0), 6], [np.int64(1), 7], [np.int64(2), 3, 4, 5]]",[0.09589443 0.1020555  0.20540468]
739,0.10138133199215044,"[[np.int64(0), 4, 7], [np.int64(1), 2], [3, 5, 6]]",[0.14061581 0.09875572 0.16381751]
740,0.10138133199215049,"[[np.int64(0), 3, 4], [np.int64(1), 2, 7], [5, 6]]",[0.14061581 0.16381751 0.09875572]
741,0.10138133199215094,"[[np.int64(0), 4, 6], [np.int64(1), 3], [np.int64(2), 5, 7]]",[0.14061581 0.09875572 0.16381751]
742,0.10138133199215116,"[[np.int64(0), 2, 4], [np.int64(1), 3, 6], [5, 7]]",[0.14061581 0.16381751 0.09875572]
743,0.10161701923868849,"[[np.int64(0), np.int64(1), np.int64(2), np.int64(3), 7], [4, 6], [5]]",[0.26483741 0.08260464 0.05551131]
744,0.10161701923868871,"[[np.int64(0), 2], [np.int64(1)], [3, 4, 5, 6, 7]]",[0.08260464 0.05551131 0.26483741]
745,0.10161701923868888,"[[np.int64(0), 3], [np.int64(1)], [np.int64(2), 4, 5, 6, 7]]",[0.08260464 0.05551131 0.26483741]
746,0.1016170192386891,"[[np.int64(0), np.int64(1), np.int64(2), np.int64(3), 6], [4, 7], [5]]",[0.26483741 0.08260464 0.05551131]
747,0.1018669691044003,"[[np.int64(0), np.int64(1)], [2, 3, 7], [4, 5, 6]]",[0.09121091 0.18194732 0.12954517]
748,0.10186696910440035,"[[np.int64(0), np.int64(1), np.int64(2)], [3, 6, 7], [4, 5]]",[0.12954517 0.18194732 0.09121091]
749,0.10186696910440063,"[[np.int64(0), np.int64(1), 3], [2, 6, 7], [4, 5]]",[0.12954517 0.18194732 0.09121091]
750,0.10186696910440068,"[[np.int64(0), np.int64(1)], [2, 3, 6], [4, 5, 7]]",[0.09121091 0.18194732 0.12954517]
751,0.10188433158884813,"[[np.int64(0), np.int64(1), np.int64(2), np.int64(3), 7], [4, 5], [6]]",[0.26483741 0.09121091 0.04663773]
752,0.10188433158884824,"[[np.int64(0), np.int64(1)], [2], [3, 4, 5, 6, 7]]",[0.09121091 0.04663773 0.26483741]
753,0.10188433158884858,"[[np.int64(0), np.int64(1)], [2, 4, 5, 6, 7], [3]]",[0.09121091 0.26483741 0.04663773]
754,0.1018843315888488,"[[np.int64(0), np.int64(1), np.int64(2), np.int64(3), 6], [4, 5], [7]]",[0.26483741 0.09121091 0.04663773]
755,0.10200869212035168,"[[np.int64(0), 7], [np.int64(1), 2, 3, 5], [4, 6]]",[0.09589443 0.22406261 0.08260464]
756,0.10200869212035191,"[[np.int64(0), 2], [np.int64(1), 5, 6, 7], [3, 4]]",[0.08260464 0.22406261 0.09589443]
757,0.10200869212035202,"[[np.int64(0), 6], [np.int64(1), 2, 3, 5], [4, 7]]",[0.09589443 0.22406261 0.08260464]
758,0.10200869212035213,"[[np.int64(0), 3], [np.int64(1), 5, 6, 7], [np.int64(2), 4]]",[0.08260464 0.22406261 0.09589443]
759,0.10259502979038448,"[[np.int64(0), 4, 5, 6, 7], [np.int64(1)], [np.int64(2), 3]]",[0.24884247 0.05551131 0.09762157]
760,0.10259502979038476,"[[np.int64(0), np.int64(1), np.int64(2), np.int64(3), np.int64(4)], [5], [6, 7]]",[0.24884247 0.05551131 0.09762157]
761,0.10293445539829316,"[[np.int64(0), np.int64(1), 4], [2, 3, 5], [6, 7]]",[0.15106855 0.1529458  0.09762157]
762,0.10293445539829316,"[[np.int64(0), 4, 5], [np.int64(1), 6, 7], [np.int64(2), 3]]",[0.15106855 0.1529458  0.09762157]
763,0.10313838651124285,"[[np.int64(0), 5, 6, 7], [np.int64(1), 2, 3], [4]]",[0.21420868 0.14634624 0.04087706]
764,0.10313838651124296,"[[np.int64(0)], [np.int64(1), 2, 3, 4], [5, 6, 7]]",[0.04087706 0.21420868 0.14634624]
765,0.1035696817834465,"[[np.int64(0)], [np.int64(1), 2, 3, 7], [4, 5, 6]]",[0.04087706 0.23057846 0.12954517]
766,0.10356968178344661,"[[np.int64(0), np.int64(1), 3], [2, 5, 6, 7], [4]]",[0.12954517 0.23057846 0.04087706]
767,0.10356968178344672,"[[np.int64(0), np.int64(1), np.int64(2)], [3, 5, 6, 7], [4]]",[0.12954517 0.23057846 0.04087706]
768,0.10356968178344672,"[[np.int64(0)], [np.int64(1), 2, 3, 6], [4, 5, 7]]",[0.04087706 0.23057846 0.12954517]
769,0.10390461670761286,"[[np.int64(0), np.int64(1), 4, 7], [2, 3, 5], [6]]",[0.20108223 0.1529458  0.04663773]
770,0.10390461670761297,"[[np.int64(0), 3, 4, 5], [np.int64(1), 6, 7], [np.int64(2)]]",[0.20108223 0.1529458  0.04663773]
771,0.10390461670761325,"[[np.int64(0), 2, 4, 5], [np.int64(1), 6, 7], [3]]",[0.20108223 0.1529458  0.04663773]
772,0.10390461670761325,"[[np.int64(0), np.int64(1), 4, 6], [2, 3, 5], [7]]",[0.20108223 0.1529458  0.04663773]
773,0.1041670309014242,"[[np.int64(0), 3, 5, 7], [np.int64(1), 2], [4, 6]]",[0.21904298 0.09875572 0.08260464]
774,0.10416703090142443,"[[np.int64(0), 2], [np.int64(1), 3, 4, 7], [5, 6]]",[0.08260464 0.21904298 0.09875572]
775,0.10416703090142476,"[[np.int64(0), 2, 5, 6], [np.int64(1), 3], [4, 7]]",[0.21904298 0.09875572 0.08260464]
776,0.10416703090142487,"[[np.int64(0), 3], [np.int64(1), 2, 4, 6], [5, 7]]",[0.08260464 0.21904298 0.09875572]
777,0.10442201484495289,"[[np.int64(0), 6, 7], [np.int64(1), 2], [3, 4, 5]]",[0.15525791 0.09875572 0.14613474]
778,0.10442201484495311,"[[np.int64(0), np.int64(1), 7], [2, 3, 4], [5, 6]]",[0.14613474 0.15525791 0.09875572]
779,0.10442201484495328,"[[np.int64(0), 6, 7], [np.int64(1), 3], [np.int64(2), 4, 5]]",[0.15525791 0.09875572 0.14613474]
780,0.10442201484495345,"[[np.int64(0), np.int64(1), 6], [2, 3, 4], [5, 7]]",[0.14613474 0.15525791 0.09875572]
781,0.10481984615206374,"[[np.int64(0), 2, 5, 7], [np.int64(1), 3], [4, 6]]",[0.21839017 0.09875572 0.08260464]
782,0.10481984615206408,"[[np.int64(0), 3], [np.int64(1), 2, 4, 7], [5, 6]]",[0.08260464 0.21839017 0.09875572]
783,0.10481984615206408,"[[np.int64(0), 2], [np.int64(1), 3, 4, 6], [5, 7]]",[0.08260464 0.21839017 0.09875572]
784,0.10481984615206408,"[[np.int64(0), 3, 5, 6], [np.int64(1), 2], [4, 7]]",[0.21839017 0.09875572 0.08260464]
785,0.10534283316181453,"[[np.int64(0), np.int64(1), 6, 7], [2, 3, 5], [4]]",[0.20540468 0.1529458  0.04087706]
786,0.10534283316181464,"[[np.int64(0)], [np.int64(1), 6, 7], [np.int64(2), 3, 4, 5]]",[0.04087706 0.1529458  0.20540468]
787,0.1059037132792926,"[[np.int64(0)], [np.int64(1), 4, 5, 6, 7], [np.int64(2), 3]]",[0.04087706 0.26016803 0.09762157]
788,0.10590371327929265,"[[np.int64(0), np.int64(1), np.int64(2), np.int64(3), 5], [4], [6, 7]]",[0.26016803 0.04087706 0.09762157]
789,0.10610565720804677,"[[np.int64(0), 5], [np.int64(1), 4, 6, 7], [np.int64(2), 3]]",[0.10661447 0.19422868 0.09762157]
790,0.10610565720804682,"[[np.int64(0), 2, 3, 5], [np.int64(1), 4], [6, 7]]",[0.19422868 0.10661447 0.09762157]
791,0.10628081015106627,"[[np.int64(0), 6], [np.int64(1), 2], [3, 4, 5, 7]]",[0.09589443 0.09875572 0.20363942]
792,0.10628081015106627,"[[np.int64(0), np.int64(1), 3, 7], [2, 4], [5, 6]]",[0.20363942 0.09589443 0.09875572]
793,0.10628081015106638,"[[np.int64(0), 7], [np.int64(1), 3], [np.int64(2), 4, 5, 6]]",[0.09589443 0.09875572 0.20363942]
794,0.10628081015106655,"[[np.int64(0), np.int64(1), np.int64(2), 6], [3, 4], [5, 7]]",[0.20363942 0.09589443 0.09875572]
795,0.10639323153289182,"[[np.int64(0), np.int64(1), 6, 7], [2], [3, 4, 5]]",[0.20540468 0.04663773 0.14613474]
796,0.10639323153289182,"[[np.int64(0), np.int64(1), 7], [2, 3, 4, 5], [6]]",[0.14613474 0.20540468 0.04663773]
797,0.10639323153289199,"[[np.int64(0), np.int64(1), 6, 7], [2, 4, 5], [3]]",[0.20540468 0.14613474 0.04663773]
798,0.10639323153289204,"[[np.int64(0), np.int64(1), 6], [2, 3, 4, 5], [7]]",[0.14613474 0.20540468 0.04663773]
799,0.10693362540170537,"[[np.int64(0), np.int64(1), np.int64(2), 7], [3, 4], [5, 6]]",[0.20298661 0.09589443 0.09875572]
800,0.10693362540170537,"[[np.int64(0), 7], [np.int64(1), 2], [3, 4, 5, 6]]",[0.09589443 0.09875572 0.20298661]
801,0.10693362540170609,"[[np.int64(0), 6], [np.int64(1), 3], [np.int64(2), 4, 5, 7]]",[0.09589443 0.09875572 0.20298661]
802,0.10693362540170637,"[[np.int64(0), np.int64(1), 3, 6], [2, 4], [5, 7]]",[0.20298661 0.09589443 0.09875572]
803,0.10711085785359203,"[[np.int64(0), 4, 5, 7], [np.int64(1), 6], [np.int64(2), 3]]",[0.19778245 0.1020555  0.09762157]
804,0.10711085785359215,"[[np.int64(0), np.int64(1), 3, 4], [2, 5], [6, 7]]",[0.19778245 0.1020555  0.09762157]
805,0.10711085785359215,"[[np.int64(0), 3, 4, 5], [np.int64(1), 2], [6, 7]]",[0.20108223 0.09875572 0.09762157]
806,0.1071108578535922,"[[np.int64(0), np.int64(1), 4, 7], [2, 3], [5, 6]]",[0.20108223 0.09762157 0.09875572]
807,0.10711085785359264,"[[np.int64(0), 2, 4, 5], [np.int64(1), 3], [6, 7]]",[0.20108223 0.09875572 0.09762157]
808,0.1071108578535927,"[[np.int64(0), np.int64(1), 4, 6], [2, 3], [5, 7]]",[0.20108223 0.09762157 0.09875572]
809,0.1071108578535927,"[[np.int64(0), 4, 5, 6], [np.int64(1), 7], [np.int64(2), 3]]",[0.19778245 0.1020555  0.09762157]
810,0.10711085785359287,"[[np.int64(0), np.int64(1), np.int64(2), 4], [3, 5], [6, 7]]",[0.19778245 0.1020555  0.09762157]
811,0.10748163152722484,"[[np.int64(0), 7], [np.int64(1), 4, 6], [np.int64(2), 3, 5]]",[0.09589443 0.14824852 0.1529458 ]
812,0.1074816315272249,"[[np.int64(0), 2, 5], [np.int64(1), 6, 7], [3, 4]]",[0.14824852 0.1529458  0.09589443]
813,0.10748163152722545,"[[np.int64(0), 6], [np.int64(1), 4, 7], [np.int64(2), 3, 5]]",[0.09589443 0.14824852 0.1529458 ]
814,0.10748163152722556,"[[np.int64(0), 3, 5], [np.int64(1), 6, 7], [np.int64(2), 4]]",[0.14824852 0.1529458  0.09589443]
815,0.10764367593384183,"[[np.int64(0), 4, 6, 7], [np.int64(1), 2, 3], [5]]",[0.19506915 0.14634624 0.05551131]
816,0.10764367593384205,"[[np.int64(0), 2, 3, 4], [np.int64(1)], [5, 6, 7]]",[0.19506915 0.05551131 0.14634624]
817,0.10815848919480375,"[[np.int64(0), np.int64(1), 3, 7], [2, 4, 5], [6]]",[0.20363942 0.14613474 0.04663773]
818,0.10815848919480386,"[[np.int64(0), np.int64(1), 6], [2], [3, 4, 5, 7]]",[0.14613474 0.04663773 0.20363942]
819,0.10815848919480403,"[[np.int64(0), np.int64(1), 7], [2, 4, 5, 6], [3]]",[0.14613474 0.20363942 0.04663773]
820,0.10815848919480425,"[[np.int64(0), np.int64(1), np.int64(2), 6], [3, 4, 5], [7]]",[0.20363942 0.14613474 0.04663773]
821,0.10817017683015273,"[[np.int64(0), 4], [np.int64(1), 6, 7], [np.int64(2), 3, 5]]",[0.09050859 0.1529458  0.1529458 ]
822,0.10869001240291482,"[[np.int64(0), 4, 6, 7], [np.int64(1), 3], [np.int64(2), 5]]",[0.19506915 0.09875572 0.1020555 ]
823,0.10869001240291493,"[[np.int64(0), 4, 6, 7], [np.int64(1), 2], [3, 5]]",[0.19506915 0.09875572 0.1020555 ]
824,0.10869001240291515,"[[np.int64(0), 2, 3, 4], [np.int64(1), 6], [5, 7]]",[0.19506915 0.1020555  0.09875572]
825,0.10869001240291526,"[[np.int64(0), 2, 3, 4], [np.int64(1), 7], [5, 6]]",[0.19506915 0.1020555  0.09875572]
826,0.10881130444544307,"[[np.int64(0), np.int64(1), np.int64(2), 7], [3, 4, 5], [6]]",[0.20298661 0.14613474 0.04663773]
827,0.10881130444544318,"[[np.int64(0), np.int64(1), 7], [2], [3, 4, 5, 6]]",[0.14613474 0.04663773 0.20298661]
828,0.10881130444544357,"[[np.int64(0), np.int64(1), 6], [2, 4, 5, 7], [3]]",[0.14613474 0.20298661 0.04663773]
829,0.10881130444544368,"[[np.int64(0), np.int64(1), 3, 6], [2, 4, 5], [7]]",[0.20298661 0.14613474 0.04663773]
830,0.10895326285106988,"[[np.int64(0), 4, 7], [np.int64(1), 6], [np.int64(2), 3, 5]]",[0.14061581 0.1020555  0.1529458 ]
831,0.10895326285106999,"[[np.int64(0), 3, 4], [np.int64(1), 6, 7], [np.int64(2), 5]]",[0.14061581 0.1529458  0.1020555 ]
832,0.10895326285107076,"[[np.int64(0), 4, 6], [np.int64(1), 7], [np.int64(2), 3, 5]]",[0.14061581 0.1020555  0.1529458 ]
833,0.10895326285107099,"[[np.int64(0), 2, 4], [np.int64(1), 6, 7], [3, 5]]",[0.14061581 0.1529458  0.1020555 ]
834,0.10924688918913716,"[[np.int64(0), 3, 5], [np.int64(1), 2, 6], [4, 7]]",[0.14824852 0.16447033 0.08260464]
835,0.10924688918913716,"[[np.int64(0), 3], [np.int64(1), 4, 7], [np.int64(2), 5, 6]]",[0.08260464 0.14824852 0.16447033]
836,0.10924688918913728,"[[np.int64(0), 2, 5], [np.int64(1), 3, 7], [4, 6]]",[0.14824852 0.16447033 0.08260464]
837,0.10924688918913739,"[[np.int64(0), 2], [np.int64(1), 4, 6], [3, 5, 7]]",[0.08260464 0.14824852 0.16447033]
838,0.109534012978654,"[[np.int64(0), 4, 5], [np.int64(1), 2, 3], [6, 7]]",[0.15106855 0.14634624 0.09762157]
839,0.10953401297865406,"[[np.int64(0), np.int64(1), 4], [2, 3], [5, 6, 7]]",[0.15106855 0.09762157 0.14634624]
840,0.10989970443977648,"[[np.int64(0), 2, 5], [np.int64(1), 3, 6], [4, 7]]",[0.14824852 0.16381751 0.08260464]
841,0.10989970443977648,"[[np.int64(0), 3], [np.int64(1), 4, 6], [np.int64(2), 5, 7]]",[0.08260464 0.14824852 0.16381751]
842,0.1098997044397767,"[[np.int64(0), 3, 5], [np.int64(1), 2, 7], [4, 6]]",[0.14824852 0.16381751 0.08260464]
843,0.10989970443977698,"[[np.int64(0), 2], [np.int64(1), 4, 7], [3, 5, 6]]",[0.08260464 0.14824852 0.16381751]
844,0.11033321570733035,"[[np.int64(0), np.int64(1), 6, 7], [2, 3], [4, 5]]",[0.20540468 0.09762157 0.09121091]
845,0.1103332157073304,"[[np.int64(0), np.int64(1)], [2, 3, 4, 5], [6, 7]]",[0.09121091 0.20540468 0.09762157]
846,0.11033446148401943,"[[np.int64(0), 4, 5, 6, 7], [np.int64(1), 2], [3]]",[0.24884247 0.09875572 0.04663773]
847,0.1103344614840196,"[[np.int64(0), 4, 5, 6, 7], [np.int64(1), 3], [np.int64(2)]]",[0.24884247 0.09875572 0.04663773]
848,0.11033446148401982,"[[np.int64(0), np.int64(1), np.int64(2), np.int64(3), np.int64(4)], [5, 6], [7]]",[0.24884247 0.09875572 0.04663773]
849,0.11033446148401993,"[[np.int64(0), np.int64(1), np.int64(2), np.int64(3), np.int64(4)], [5, 7], [6]]",[0.24884247 0.09875572 0.04663773]
850,0.11095235942274984,"[[np.int64(0)], [np.int64(1), 2, 3, 5], [4, 6, 7]]",[0.04087706 0.22406261 0.12867834]
851,0.11095235942275006,"[[np.int64(0), 2, 3], [np.int64(1), 5, 6, 7], [4]]",[0.12867834 0.22406261 0.04087706]
852,0.11167311994372175,"[[np.int64(0), np.int64(1), np.int64(2), 5], [3], [4, 6, 7]]",[0.21758118 0.04663773 0.12867834]
853,0.11167311994372192,"[[np.int64(0), 2, 3], [np.int64(1), 4, 5, 6], [7]]",[0.12867834 0.21758118 0.04663773]
854,0.11167311994372209,"[[np.int64(0), np.int64(1), 3, 5], [2], [4, 6, 7]]",[0.21758118 0.04663773 0.12867834]
855,0.1116731199437222,"[[np.int64(0), 2, 3], [np.int64(1), 4, 5, 7], [6]]",[0.12867834 0.21758118 0.04663773]
856,0.1117553154537731,"[[np.int64(0), 6, 7], [np.int64(1), 2, 3], [4, 5]]",[0.15525791 0.14634624 0.09121091]
857,0.11175531545377326,"[[np.int64(0), np.int64(1)], [2, 3, 4], [5, 6, 7]]",[0.09121091 0.15525791 0.14634624]
858,0.11379894223310155,"[[np.int64(0), 2, 3], [np.int64(1), 5], [4, 6, 7]]",[0.12867834 0.13341475 0.12867834]
859,0.11380395307815405,"[[np.int64(0), 4, 5, 7], [np.int64(1), 2, 3], [6]]",[0.19778245 0.14634624 0.04663773]
860,0.11380395307815427,"[[np.int64(0), np.int64(1), 3, 4], [2], [5, 6, 7]]",[0.19778245 0.04663773 0.14634624]
861,0.11380395307815455,"[[np.int64(0), 4, 5, 6], [np.int64(1), 2, 3], [7]]",[0.19778245 0.14634624 0.04663773]
862,0.11380395307815461,"[[np.int64(0), np.int64(1), np.int64(2), 4], [3], [5, 6, 7]]",[0.19778245 0.04663773 0.14634624]
863,0.11515997402230449,"[[np.int64(0), np.int64(1), np.int64(2), np.int64(3), 5], [4, 7], [6]]",[0.26016803 0.08260464 0.04663773]
864,0.11515997402230455,"[[np.int64(0), 3], [np.int64(1), 4, 5, 6, 7], [np.int64(2)]]",[0.08260464 0.26016803 0.04663773]
865,0.11515997402230466,"[[np.int64(0), np.int64(1), np.int64(2), np.int64(3), 5], [4, 6], [7]]",[0.26016803 0.08260464 0.04663773]
866,0.11515997402230466,"[[np.int64(0), 2], [np.int64(1), 4, 5, 6, 7], [3]]",[0.08260464 0.26016803 0.04663773]
867,0.11545545559525972,"[[np.int64(0), 2, 5], [np.int64(1), 4, 6, 7], [3]]",[0.14824852 0.19422868 0.04663773]
868,0.11545545559525977,"[[np.int64(0), 2, 3, 5], [np.int64(1), 4, 6], [7]]",[0.19422868 0.14824852 0.04663773]
869,0.11545545559525994,"[[np.int64(0), 3, 5], [np.int64(1), 4, 6, 7], [np.int64(2)]]",[0.14824852 0.19422868 0.04663773]
870,0.11545545559525994,"[[np.int64(0), 2, 3, 5], [np.int64(1), 4, 7], [6]]",[0.19422868 0.14824852 0.04663773]
871,0.11627081392253708,"[[np.int64(0), np.int64(1), 3, 7], [2, 5], [4, 6]]",[0.20363942 0.1020555  0.08260464]
872,0.1162708139225373,"[[np.int64(0), 2], [np.int64(1), 6], [3, 4, 5, 7]]",[0.08260464 0.1020555  0.20363942]
873,0.1162708139225378,"[[np.int64(0), 3], [np.int64(1), 7], [np.int64(2), 4, 5, 6]]",[0.08260464 0.1020555  0.20363942]
874,0.1162708139225378,"[[np.int64(0), np.int64(1), np.int64(2), 6], [3, 5], [4, 7]]",[0.20363942 0.1020555  0.08260464]
875,0.11651883647382427,"[[np.int64(0)], [np.int64(1), 4, 6, 7], [np.int64(2), 3, 5]]",[0.04087706 0.19422868 0.1529458 ]
876,0.11651883647382433,"[[np.int64(0), 2, 3, 5], [np.int64(1), 6, 7], [4]]",[0.19422868 0.1529458  0.04087706]
877,0.11672176608717894,"[[np.int64(0), 3], [np.int64(1), 2, 5], [4, 6, 7]]",[0.08260464 0.17656562 0.12867834]
878,0.11672176608717899,"[[np.int64(0), 2, 3], [np.int64(1), 5, 6], [4, 7]]",[0.12867834 0.17656562 0.08260464]
879,0.11672176608717955,"[[np.int64(0), 2], [np.int64(1), 3, 5], [4, 6, 7]]",[0.08260464 0.17656562 0.12867834]
880,0.1167217660871796,"[[np.int64(0), 2, 3], [np.int64(1), 5, 7], [4, 6]]",[0.12867834 0.17656562 0.08260464]
881,0.11692362917317678,"[[np.int64(0), 3], [np.int64(1), 6], [np.int64(2), 4, 5, 7]]",[0.08260464 0.1020555  0.20298661]
882,0.11692362917317689,"[[np.int64(0), np.int64(1), 3, 6], [2, 5], [4, 7]]",[0.20298661 0.1020555  0.08260464]
883,0.11692362917317689,"[[np.int64(0), np.int64(1), np.int64(2), 7], [3, 5], [4, 6]]",[0.20298661 0.1020555  0.08260464]
884,0.11692362917317711,"[[np.int64(0), 2], [np.int64(1), 7], [3, 4, 5, 6]]",[0.08260464 0.1020555  0.20298661]
885,0.11738096789776625,"[[np.int64(0), 5, 7], [np.int64(1), 2, 3], [4, 6]]",[0.15823852 0.14634624 0.08260464]
886,0.11738096789776642,"[[np.int64(0), 5, 6], [np.int64(1), 2, 3], [4, 7]]",[0.15823852 0.14634624 0.08260464]
887,0.11738096789776647,"[[np.int64(0), 2], [np.int64(1), 3, 4], [5, 6, 7]]",[0.08260464 0.15823852 0.14634624]
888,0.11738096789776653,"[[np.int64(0), 3], [np.int64(1), 2, 4], [5, 6, 7]]",[0.08260464 0.15823852 0.14634624]
889,0.11885259922161118,"[[np.int64(0), 4, 7], [np.int64(1), 2, 3], [5, 6]]",[0.14061581 0.14634624 0.09875572]
890,0.11885259922161129,"[[np.int64(0), 3, 4], [np.int64(1), 2], [5, 6, 7]]",[0.14061581 0.09875572 0.14634624]
891,0.11885259922161201,"[[np.int64(0), 4, 6], [np.int64(1), 2, 3], [5, 7]]",[0.14061581 0.14634624 0.09875572]
892,0.11885259922161212,"[[np.int64(0), 2, 4], [np.int64(1), 3], [5, 6, 7]]",[0.14061581 0.09875572 0.14634624]
893,0.11947705506851625,"[[np.int64(0), 3, 7], [np.int64(1), 2], [4, 5, 6]]",[0.15679243 0.09875572 0.12954517]
894,0.11947705506851636,"[[np.int64(0), np.int64(1), np.int64(2)], [3, 4, 7], [5, 6]]",[0.12954517 0.15679243 0.09875572]
895,0.1194770550685173,"[[np.int64(0), 2, 6], [np.int64(1), 3], [4, 5, 7]]",[0.15679243 0.09875572 0.12954517]
896,0.11947705506851741,"[[np.int64(0), np.int64(1), 3], [2, 4, 6], [5, 7]]",[0.12954517 0.15679243 0.09875572]
897,0.12012987031915612,"[[np.int64(0), 2, 7], [np.int64(1), 3], [4, 5, 6]]",[0.15613961 0.09875572 0.12954517]
898,0.12012987031915623,"[[np.int64(0), np.int64(1), np.int64(2)], [3, 4, 6], [5, 7]]",[0.12954517 0.15613961 0.09875572]
899,0.12012987031915634,"[[np.int64(0), np.int64(1), 3], [2, 4, 7], [5, 6]]",[0.12954517 0.15613961 0.09875572]
900,0.12012987031915634,"[[np.int64(0), 3, 6], [np.int64(1), 2], [4, 5, 7]]",[0.15613961 0.09875572 0.12954517]
901,0.12136929199087437,"[[np.int64(0), 4], [np.int64(1), 2, 3], [5, 6, 7]]",[0.09050859 0.14634624 0.14634624]
902,0.12288519333851838,"[[np.int64(0), np.int64(1), 7], [2, 3, 5], [4, 6]]",[0.14613474 0.1529458  0.08260464]
903,0.12288519333851855,"[[np.int64(0), np.int64(1), 6], [2, 3, 5], [4, 7]]",[0.14613474 0.1529458  0.08260464]
904,0.12288519333851855,"[[np.int64(0), 3], [np.int64(1), 6, 7], [np.int64(2), 4, 5]]",[0.08260464 0.1529458  0.14613474]
905,0.12288519333851866,"[[np.int64(0), 2], [np.int64(1), 6, 7], [3, 4, 5]]",[0.08260464 0.1529458  0.14613474]
906,0.12293131876578284,"[[np.int64(0), 5], [np.int64(1), 2, 3], [4, 6, 7]]",[0.10661447 0.14634624 0.12867834]
907,0.122931318765783,"[[np.int64(0), 2, 3], [np.int64(1), 4], [5, 6, 7]]",[0.12867834 0.10661447 0.14634624]
908,0.12474805054663562,"[[np.int64(0), np.int64(1), 3, 7], [2], [4, 5, 6]]",[0.20363942 0.04663773 0.12954517]
909,0.12474805054663574,"[[np.int64(0), np.int64(1), np.int64(2)], [3, 4, 5, 7], [6]]",[0.12954517 0.20363942 0.04663773]
910,0.12474805054663618,"[[np.int64(0), np.int64(1), np.int64(2), 6], [3], [4, 5, 7]]",[0.20363942 0.04663773 0.12954517]
911,0.12474805054663624,"[[np.int64(0), np.int64(1), 3], [2, 4, 5, 6], [7]]",[0.12954517 0.20363942 0.04663773]
912,0.12540086579727516,"[[np.int64(0), np.int64(1), np.int64(2), 7], [3], [4, 5, 6]]",[0.20298661 0.04663773 0.12954517]
913,0.12540086579727538,"[[np.int64(0), np.int64(1), np.int64(2)], [3, 4, 5, 6], [7]]",[0.12954517 0.20298661 0.04663773]
914,0.12540086579727544,"[[np.int64(0), np.int64(1), 3], [2, 4, 5, 7], [6]]",[0.12954517 0.20298661 0.04663773]
915,0.1254008657972755,"[[np.int64(0), np.int64(1), 3, 6], [2], [4, 5, 7]]",[0.20298661 0.04663773 0.12954517]
916,0.12568155957263494,"[[np.int64(0), 2, 3, 5], [np.int64(1), 6], [4, 7]]",[0.19422868 0.1020555  0.08260464]
917,0.12568155957263494,"[[np.int64(0), 3], [np.int64(1), 4, 6, 7], [np.int64(2), 5]]",[0.08260464 0.19422868 0.1020555 ]
918,0.12568155957263538,"[[np.int64(0), 2], [np.int64(1), 4, 6, 7], [3, 5]]",[0.08260464 0.19422868 0.1020555 ]
919,0.12568155957263538,"[[np.int64(0), 2, 3, 5], [np.int64(1), 7], [4, 6]]",[0.19422868 0.1020555  0.08260464]
920,0.1261520521529389,"[[np.int64(0), 2, 3, 5], [np.int64(1)], [4, 6, 7]]",[0.19422868 0.05551131 0.12867834]
921,0.12615205215293895,"[[np.int64(0), 2, 3], [np.int64(1), 4, 6, 7], [5]]",[0.12867834 0.19422868 0.05551131]
922,0.12795022979061088,"[[np.int64(0), np.int64(1), 3], [2, 5, 6], [4, 7]]",[0.12954517 0.16447033 0.08260464]
923,0.12795022979061094,"[[np.int64(0), 3], [np.int64(1), 2, 6], [4, 5, 7]]",[0.08260464 0.16447033 0.12954517]
924,0.12795022979061116,"[[np.int64(0), np.int64(1), np.int64(2)], [3, 5, 7], [4, 6]]",[0.12954517 0.16447033 0.08260464]
925,0.12795022979061121,"[[np.int64(0), 2], [np.int64(1), 3, 7], [4, 5, 6]]",[0.08260464 0.16447033 0.12954517]
926,0.1286030450412503,"[[np.int64(0), 3], [np.int64(1), 2, 7], [4, 5, 6]]",[0.08260464 0.16381751 0.12954517]
927,0.12860304504125036,"[[np.int64(0), np.int64(1), 3], [2, 5, 7], [4, 6]]",[0.12954517 0.16381751 0.08260464]
928,0.12860304504125053,"[[np.int64(0), np.int64(1), np.int64(2)], [3, 5, 6], [4, 7]]",[0.12954517 0.16381751 0.08260464]
929,0.12860304504125053,"[[np.int64(0), 2], [np.int64(1), 3, 6], [4, 5, 7]]",[0.08260464 0.16381751 0.12954517]
930,0.1288878007186144,"[[np.int64(0), 3, 5], [np.int64(1), 2], [4, 6, 7]]",[0.14824852 0.09875572 0.12867834]
931,0.1288878007186144,"[[np.int64(0), 2, 5], [np.int64(1), 3], [4, 6, 7]]",[0.14824852 0.09875572 0.12867834]
932,0.12888780071861455,"[[np.int64(0), 2, 3], [np.int64(1), 4, 7], [5, 6]]",[0.12867834 0.14824852 0.09875572]
933,0.12888780071861455,"[[np.int64(0), 2, 3], [np.int64(1), 4, 6], [5, 7]]",[0.12867834 0.14824852 0.09875572]
934,0.13126889231841576,"[[np.int64(0), np.int64(1), 7], [2, 3], [4, 5, 6]]",[0.14613474 0.09762157 0.12954517]
935,0.13126889231841582,"[[np.int64(0), np.int64(1), np.int64(2)], [3, 4, 5], [6, 7]]",[0.12954517 0.14613474 0.09762157]
936,0.131268892318416,"[[np.int64(0), np.int64(1), 6], [2, 3], [4, 5, 7]]",[0.14613474 0.09762157 0.12954517]
937,0.131268892318416,"[[np.int64(0), np.int64(1), 3], [2, 4, 5], [6, 7]]",[0.12954517 0.14613474 0.09762157]
938,0.13173532299671536,"[[np.int64(0), np.int64(1)], [2, 3, 5], [4, 6, 7]]",[0.09121091 0.1529458  0.12867834]
939,0.13173532299671553,"[[np.int64(0), 2, 3], [np.int64(1), 6, 7], [4, 5]]",[0.12867834 0.1529458  0.09121091]
940,0.13278452970905952,"[[np.int64(0), 7], [np.int64(1), 2, 3], [4, 5, 6]]",[0.09589443 0.14634624 0.12954517]
941,0.13278452970905963,"[[np.int64(0), np.int64(1), np.int64(2)], [3, 4], [5, 6, 7]]",[0.12954517 0.09589443 0.14634624]
942,0.13278452970905996,"[[np.int64(0), 6], [np.int64(1), 2, 3], [4, 5, 7]]",[0.09589443 0.14634624 0.12954517]
943,0.13278452970906007,"[[np.int64(0), np.int64(1), 3], [2, 4], [5, 6, 7]]",[0.12954517 0.09589443 0.14634624]
944,0.1330341499803278,"[[np.int64(0), np.int64(1), np.int64(2)], [3, 7], [4, 5, 6]]",[0.12954517 0.11244588 0.12954517]
945,0.13303414998032814,"[[np.int64(0), np.int64(1), 3], [2, 6], [4, 5, 7]]",[0.12954517 0.11244588 0.12954517]
946,0.13368696523096735,"[[np.int64(0), np.int64(1), 3], [2, 7], [4, 5, 6]]",[0.12954517 0.11179306 0.12954517]
947,0.1336869652309674,"[[np.int64(0), np.int64(1), np.int64(2)], [3, 6], [4, 5, 7]]",[0.12954517 0.11179306 0.12954517]
948,0.1435123384109943,"[[np.int64(0), np.int64(1)], [2, 3], [4, 5, 6, 7]]",[0.09121091 0.09762157 0.17222556]
949,0.14351233841099437,"[[np.int64(0), np.int64(1), np.int64(2), np.int64(3)], [4, 5], [6, 7]]",[0.17222556 0.09121091 0.09762157]
950,0.1442913625299077,"[[np.int64(0), np.int64(1), 3], [2, 5], [4, 6, 7]]",[0.12954517 0.1020555  0.12867834]
951,0.14429136252990782,"[[np.int64(0), 2, 3], [np.int64(1), 6], [4, 5, 7]]",[0.12867834 0.1020555  0.12954517]
952,0.14429136252990793,"[[np.int64(0), np.int64(1), np.int64(2)], [3, 5], [4, 6, 7]]",[0.12954517 0.1020555  0.12867834]
953,0.14429136252990798,"[[np.int64(0), 2, 3], [np.int64(1), 7], [4, 5, 6]]",[0.12867834 0.1020555  0.12954517]
954,0.1451215134458393,"[[np.int64(0)], [np.int64(1), 2, 3], [4, 5, 6, 7]]",[0.04087706 0.14634624 0.17222556]
955,0.1451215134458394,"[[np.int64(0), np.int64(1), np.int64(2), np.int64(3)], [4], [5, 6, 7]]",[0.17222556 0.04087706 0.14634624]
956,0.14815517154459312,"[[np.int64(0), np.int64(1), np.int64(2), np.int64(3)], [4, 6, 7], [5]]",[0.17222556 0.12867834 0.05551131]
957,0.14815517154459312,"[[np.int64(0), 2, 3], [np.int64(1)], [4, 5, 6, 7]]",[0.12867834 0.05551131 0.17222556]
958,0.15098445775446956,"[[np.int64(0), 3], [np.int64(1), 2], [4, 5, 6, 7]]",[0.08260464 0.09875572 0.17222556]
959,0.15098445775446967,"[[np.int64(0), np.int64(1), np.int64(2), np.int64(3)], [4, 7], [5, 6]]",[0.17222556 0.08260464 0.09875572]
960,0.1509844577544699,"[[np.int64(0), 2], [np.int64(1), 3], [4, 5, 6, 7]]",[0.08260464 0.09875572 0.17222556]
961,0.1509844577544699,"[[np.int64(0), np.int64(1), np.int64(2), np.int64(3)], [4, 6], [5, 7]]",[0.17222556 0.08260464 0.09875572]
962,0.1561619155883877,"[[np.int64(0), np.int64(1), np.int64(2)], [3], [4, 5, 6, 7]]",[0.12954517 0.04663773 0.17222556]
963,0.15616191558838777,"[[np.int64(0), np.int64(1), 3], [2], [4, 5, 6, 7]]",[0.12954517 0.04663773 0.17222556]
964,0.15616191558838782,"[[np.int64(0), np.int64(1), np.int64(2), np.int64(3)], [4, 5, 6], [7]]",[0.17222556 0.12954517 0.04663773]
965,0.15616191558838788,"[[np.int64(0), np.int64(1), np.int64(2), np.int64(3)], [4, 5, 7], [6]]",[0.17222556 0.12954517 0.04663773]
