pair_separation_A,cumulative_mode_weight_percent
0.000000000000000000e+00,0.000000000000000000e+00
0.000000000000000000e+00,8.037967794991452308e+00
2.841526525299999939e+00,3.408785108814906550e+01
3.260942076600000128e+00,4.798414019783817963e+01
4.188986794499999888e+00,5.066291554949143006e+01
4.402775735799999701e+00,5.217749181158391991e+01
5.061806333499999866e+00,5.239290779538761456e+01
5.170692483199999856e+00,5.243628564315002905e+01
5.308611267699999914e+00,5.255263233008249557e+01
5.866384871000000167e+00,5.257475033965033617e+01
6.077174058999999851e+00,6.018457343569767204e+01
6.570349589100000109e+00,6.247856483765287550e+01
6.654597743000000065e+00,6.358934613231803468e+01
6.762319421299999966e+00,6.576153225694856985e+01
7.208472918700000065e+00,6.631004628853435179e+01
7.255537960299999867e+00,6.653204186360484584e+01
7.381033458000000103e+00,6.698310239473363481e+01
7.745329325100000162e+00,6.712750274955806162e+01
8.377973588899999768e+00,6.756086750345836833e+01
8.805551471599999402e+00,6.767951679790725450e+01
8.846734677300000627e+00,6.774572675146413303e+01
8.909483253799999503e+00,7.138606012600013173e+01
8.990227176399999465e+00,7.143702451544494636e+01
9.174242032900000510e+00,7.147309973617457501e+01
9.330450286399999626e+00,7.316902992146167151e+01
9.464400437200000127e+00,7.528678878557312260e+01
9.751171574900000749e+00,7.667238229838530117e+01
9.788377026599999198e+00,7.687754098297219230e+01
9.845125809900000746e+00,7.718682856098179457e+01
9.847033464100000799e+00,7.719428634337191397e+01
9.918255645400000375e+00,7.746757916852479298e+01
1.008535211290000078e+01,7.758053294245965503e+01
1.022765432109999928e+01,7.785052945385987755e+01
1.034999932370000053e+01,7.785958043282079188e+01
1.064706227930000004e+01,7.836954873452448567e+01
1.070101296170000005e+01,7.839678694108135915e+01
1.076658745439999976e+01,7.885502970277188695e+01
1.092071140570000054e+01,7.893677716027114855e+01
1.103707735429999914e+01,7.894805169146916057e+01
1.108301730350000014e+01,7.904925767238573542e+01
1.116557640089999914e+01,7.916355857445051925e+01
1.140966992559999937e+01,7.922893417651927450e+01
1.149170521599999972e+01,7.925820107456466701e+01
1.180528216049999912e+01,7.931329175431278600e+01
1.215434811809999971e+01,8.044484761121996996e+01
1.218421749260000020e+01,8.045065717904873281e+01
1.222985418170000038e+01,8.168483047305221589e+01
1.228880084230000058e+01,8.168944650161647303e+01
1.242405563149999992e+01,8.237793961137033705e+01
1.253984625120000018e+01,8.310469454208870843e+01
1.256696038339999966e+01,8.331074071568234274e+01
1.263983058009999993e+01,8.368819022924924411e+01
1.276004039939999934e+01,8.369983151791846865e+01
1.285596315099999920e+01,8.433239238313285568e+01
1.288420607850000010e+01,8.435659560478875107e+01
1.292882475320000069e+01,8.469210059523501855e+01
1.298315202500000076e+01,8.470862524417213990e+01
1.311124588660000079e+01,8.471057124064851962e+01
1.320832720739999999e+01,8.489881799473761248e+01
1.331589003630000079e+01,8.531016837341640269e+01
1.343004993879999986e+01,8.531418172072471862e+01
1.344376891439999966e+01,8.532040123271833920e+01
1.354807649209999987e+01,8.541545539851426838e+01
1.358913367489999935e+01,8.550114163517183385e+01
1.359051580560000083e+01,8.550229231290317955e+01
1.364220828420000053e+01,8.562382708331782055e+01
1.376417011889999920e+01,8.568117444654265569e+01
1.385667773970000027e+01,8.579459385942352867e+01
1.386877661269999962e+01,8.588695875799798785e+01
1.395924560359999944e+01,8.589303661636643028e+01
1.406818580070000024e+01,8.593749801141005662e+01
1.408128307329999984e+01,8.594083941816393235e+01
1.415524670459999967e+01,8.594284215813195260e+01
1.422145316860000008e+01,8.597506864047186070e+01
1.451107592049999973e+01,8.599165361476683245e+01
1.469115867969999911e+01,8.600216815037757101e+01
1.476206691600000021e+01,8.602697322410244851e+01
1.478666958330000014e+01,8.623528968674169448e+01
1.487296431779999928e+01,8.642703682853918679e+01
1.491351383990000024e+01,8.643219505083081344e+01
1.498491240519999934e+01,8.679235148447597226e+01
1.510360667970000037e+01,8.682891170569044448e+01
1.516429222060000015e+01,8.685774934021893046e+01
1.526463469760000002e+01,8.687176929859562335e+01
1.534490892760000058e+01,8.750404205837909899e+01
1.540478448820000068e+01,8.778537564177989339e+01
1.540600373090000019e+01,8.791468301145624764e+01
1.549065865020000032e+01,8.793479107220686330e+01
1.555940905549999975e+01,8.831265996467649870e+01
1.564130266549999959e+01,8.880708055045215588e+01
1.565202210019999995e+01,8.902487677834957935e+01
1.582898236830000016e+01,8.914169605694344511e+01
1.584062385390000038e+01,8.914671534306395984e+01
1.592924411559999953e+01,8.915323292988898629e+01
1.596417850969999996e+01,8.935744199473585070e+01
1.596535503269999978e+01,8.959673330517767909e+01
1.600938125989999961e+01,8.959995418295872582e+01
1.604705941230000121e+01,8.960731704950917731e+01
1.611343602459999858e+01,8.960926649087781470e+01
1.620288265059999944e+01,8.975304241269877537e+01
1.620776983749999900e+01,8.975413875270334074e+01
1.628038633690000125e+01,8.994564513511157600e+01
1.637389059390000057e+01,9.000938596482183129e+01
1.638514493210000111e+01,9.003759032443846877e+01
1.644875225439999866e+01,9.022709276661657896e+01
1.650576177230000141e+01,9.022774435367847445e+01
1.672559624650000032e+01,9.033921548197156426e+01
1.674035284780000055e+01,9.034590954972456700e+01
1.675594717790000132e+01,9.046065042968608338e+01
1.690346222530000020e+01,9.046157985418084024e+01
1.691214311699999939e+01,9.048482117569503203e+01
1.699517692819999937e+01,9.051211487247211096e+01
1.707031074860000075e+01,9.053582937746665493e+01
1.710565218019999989e+01,9.058919011425270185e+01
1.716793642949999921e+01,9.061290063872324652e+01
1.732472799230000149e+01,9.077325759478301848e+01
1.741262512970000031e+01,9.077472203547472418e+01
1.741478238639999887e+01,9.077713522829787962e+01
1.748303953699999980e+01,9.077799810556381033e+01
1.750381813159999922e+01,9.080191056020663609e+01
1.753561594540000002e+01,9.082126182576662643e+01
1.753668704209999873e+01,9.083887307334511263e+01
1.757677784519999875e+01,9.087508909349445219e+01
1.761110294319999880e+01,9.088104249349746055e+01
1.775320357800000082e+01,9.091124116776187236e+01
1.775766409750000108e+01,9.092455979948650224e+01
1.782396730170000154e+01,9.092871420045077002e+01
1.790941440339999957e+01,9.093481453836095341e+01
1.791970439319999997e+01,9.093499668274957060e+01
1.810244616729999834e+01,9.095587345325290585e+01
1.816131223169999842e+01,9.122140344426938441e+01
1.823152217710000045e+01,9.128537271183509461e+01
1.824506082650000138e+01,9.129038026999003819e+01
1.825937011290000100e+01,9.130113378461078355e+01
1.839279028960000062e+01,9.148463832210771329e+01
1.839483259760000067e+01,9.149129404971716895e+01
1.840281000019999880e+01,9.149344399289080343e+01
1.845946619440000092e+01,9.176110933643587941e+01
1.851028398329999902e+01,9.186799725415043838e+01
1.855343557340000160e+01,9.187098508125933449e+01
1.870657668469999990e+01,9.227767120010057056e+01
1.886577527320000058e+01,9.227969071810984758e+01
1.887355362050000096e+01,9.235632637843762893e+01
1.892880087449999849e+01,9.246701378855735243e+01
1.894799409639999865e+01,9.257234408659861913e+01
1.897737225430000052e+01,9.271982477013818880e+01
1.901541349829999916e+01,9.282117745052296698e+01
1.902045167560000039e+01,9.282522921856487130e+01
1.904714618959999939e+01,9.293917746836871174e+01
1.910310138970000082e+01,9.305563121962127582e+01
1.917860965699999909e+01,9.318540378580601669e+01
1.919634907080000019e+01,9.320448483704153375e+01
1.924413265029999920e+01,9.321638936929916497e+01
1.932330084029999995e+01,9.329446313963853754e+01
1.940551701560000097e+01,9.329580453957831310e+01
1.943517002420000139e+01,9.338910023782280234e+01
1.947135231249999876e+01,9.338986966443992799e+01
1.947627254649999884e+01,9.339583662719807933e+01
1.950234314980000150e+01,9.344660421016178020e+01
1.955699601339999916e+01,9.344703706820611444e+01
1.963479247800000138e+01,9.349839916960902997e+01
1.969477727290000146e+01,9.353317803268888042e+01
1.978146220569999869e+01,9.357639669880445865e+01
1.985249860869999949e+01,9.357938815429881174e+01
1.988054019400000172e+01,9.364063674508678048e+01
1.988148496049999991e+01,9.364094255558653401e+01
1.991685645980000174e+01,9.364297120818176268e+01
1.994715515289999885e+01,9.364515812682836327e+01
2.003331833660000072e+01,9.364643317868721795e+01
2.006436747949999955e+01,9.370448959743460193e+01
2.007272500439999874e+01,9.375309318255490609e+01
2.013533864109999882e+01,9.380319408977069884e+01
2.021101620640000007e+01,9.380433470300130239e+01
2.021287480180000173e+01,9.381610122032803645e+01
2.027171264689999930e+01,9.386205119944985142e+01
2.035731841460000169e+01,9.386340013800074189e+01
2.046659360860000021e+01,9.386539265257108866e+01
2.050902963049999883e+01,9.387470555930394767e+01
2.064949073760000076e+01,9.387493517481594552e+01
2.069999864740000106e+01,9.387526851059116950e+01
2.071755105549999953e+01,9.388170102458150268e+01
2.072409264939999929e+01,9.388210265133399446e+01
2.077922982129999951e+01,9.389251451640063806e+01
2.078384043910000045e+01,9.390981348033452036e+01
2.080827286019999889e+01,9.392266847725213097e+01
2.085950440839999942e+01,9.392864323056173248e+01
2.089088471810000058e+01,9.393134056894668049e+01
2.094493397229999943e+01,9.398926708110472816e+01
2.098873704920000094e+01,9.399158372705539932e+01
2.106134840940000075e+01,9.400591097544867125e+01
2.106313197229999901e+01,9.400957186383216424e+01
2.111960118860000080e+01,9.401028486439787457e+01
2.113680515360000101e+01,9.401692031516736847e+01
2.114321703299999911e+01,9.401850732774957464e+01
2.116403258660000120e+01,9.402592483831436709e+01
2.119726402939999943e+01,9.402878351511061794e+01
2.120178374010000155e+01,9.403434028965750713e+01
2.127596142430000015e+01,9.417749931307933764e+01
2.133592448070000103e+01,9.424375154299002588e+01
2.140267958189999931e+01,9.433177843113111294e+01
2.147389129120000106e+01,9.452600097017653979e+01
2.148247398350000026e+01,9.453031599290619624e+01
2.154790343550000031e+01,9.454226553537614564e+01
2.155419302290000161e+01,9.454341811252204764e+01
2.157374144330000121e+01,9.455121950113117180e+01
2.157461206349999827e+01,9.463054063793457260e+01
2.160721205280000135e+01,9.464904960682130763e+01
2.163514363610000046e+01,9.471507513916698429e+01
2.168442170990000051e+01,9.475870758413185513e+01
2.171460994430000113e+01,9.476295930056555505e+01
2.175097079580000070e+01,9.477386121854732437e+01
2.175461163700000000e+01,9.483545382714092398e+01
2.176661388080000137e+01,9.483713777384350863e+01
2.180876666960000065e+01,9.483965225167180790e+01
2.188708063709999863e+01,9.493417304224061581e+01
2.193473900220000061e+01,9.510515437128543681e+01
2.197752251860000072e+01,9.512348003065612545e+01
2.201387867900000117e+01,9.512775285247285240e+01
2.207415470859999829e+01,9.512840111785301644e+01
2.211496993889999985e+01,9.512862407785472385e+01
2.214310037399999942e+01,9.527842838048236729e+01
2.215424875369999924e+01,9.530168796837213563e+01
2.216603460700000028e+01,9.530668920046456094e+01
2.227775481449999972e+01,9.532301098577408993e+01
2.233115280190000007e+01,9.532530299591459766e+01
2.235348871200000076e+01,9.532684370824755149e+01
2.237233873759999980e+01,9.535650829708855269e+01
2.240889253969999828e+01,9.536136550792923572e+01
2.243155502589999983e+01,9.545911496215867942e+01
2.246810887599999873e+01,9.546138252317237516e+01
2.247908729510000114e+01,9.546155167553622789e+01
2.250820974140000175e+01,9.546244029823924393e+01
2.254329060470000101e+01,9.549079792528405619e+01
2.266651358900000091e+01,9.553387383071061834e+01
2.266817085559999967e+01,9.554149548065802833e+01
2.272065130720000070e+01,9.557414649976078636e+01
2.274260468729999829e+01,9.557421706830047015e+01
2.276113246199999907e+01,9.560607233799078131e+01
2.276195766589999891e+01,9.560615562731904049e+01
2.279706286389999903e+01,9.564778181065047136e+01
2.281933985119999875e+01,9.564902431095626412e+01
2.286606603650000125e+01,9.567470890965191188e+01
2.292918580439999943e+01,9.570777014313679842e+01
2.305034595500000094e+01,9.570785254480304616e+01
2.305834187250000156e+01,9.573651552331899950e+01
2.311931192580000172e+01,9.579065654266341312e+01
2.312517412529999916e+01,9.579135660538577213e+01
2.314420720500000073e+01,9.582125148656326985e+01
2.317459933099999958e+01,9.587218801998149331e+01
2.323598797529999871e+01,9.587479724131642911e+01
2.324660375939999923e+01,9.587512698935198330e+01
2.327476587399999985e+01,9.588699411470980749e+01
2.331209061699999907e+01,9.589844043282144526e+01
2.332329139060000145e+01,9.590847214063606430e+01
2.336263566270000069e+01,9.593271894414635881e+01
2.342789062219999963e+01,9.593312185748543186e+01
2.343575772770000043e+01,9.593319412586505734e+01
2.352024526900000012e+01,9.593334641929456552e+01
2.355422034260000075e+01,9.594329222488043740e+01
2.361056432099999824e+01,9.594654723551843745e+01
2.364872801770000166e+01,9.595243263040853776e+01
2.367503612730000029e+01,9.597163569905008274e+01
2.368959987090000041e+01,9.597235994331485642e+01
2.380102520959999879e+01,9.597733213428834631e+01
2.380719115389999985e+01,9.597748325811041070e+01
2.386624823149999841e+01,9.597927649084688539e+01
2.387192700749999830e+01,9.598378566264071310e+01
2.388957894240000002e+01,9.601663098515518868e+01
2.391980925680000070e+01,9.601765185901855659e+01
2.394504337720000109e+01,9.602609552473045085e+01
2.401686797269999829e+01,9.602927092029389655e+01
2.404974828860000002e+01,9.605712674985257138e+01
2.405711438240000177e+01,9.605777038266718648e+01
2.410203240050000062e+01,9.608213265390777735e+01
2.416529080589999978e+01,9.609912567324691679e+01
2.421607807390000033e+01,9.611610679485525566e+01
2.423108365330000069e+01,9.611686640468684573e+01
2.423667694670000117e+01,9.611814175730752652e+01
2.428384000209999982e+01,9.611953426397155908e+01
2.428778533910000093e+01,9.612053525913806595e+01
2.430869623619999942e+01,9.612180814485503788e+01
2.438176070489999958e+01,9.612216580387891440e+01
2.440496991099999846e+01,9.620244072980901251e+01
2.441508550109999831e+01,9.621956504521614306e+01
2.441909832019999982e+01,9.622103120975536683e+01
2.446335169589999836e+01,9.622159466714295206e+01
2.452567817819999973e+01,9.622283489566126491e+01
2.453319325660000061e+01,9.622653274140880342e+01
2.459050681420000117e+01,9.622936516725427225e+01
2.459601837250000145e+01,9.623025032781049504e+01
2.464249369710000082e+01,9.623447802183943622e+01
2.466698852849999923e+01,9.635679405452570734e+01
2.470023438449999986e+01,9.636286632880259617e+01
2.471022112010000171e+01,9.646583071230084272e+01
2.473671700019999875e+01,9.646836025010225057e+01
2.473899483479999972e+01,9.646884034138381026e+01
2.476186920900000032e+01,9.647918231898997021e+01
2.481941148699999999e+01,9.648043748431508959e+01
2.488084605599999932e+01,9.655446620589066242e+01
2.488235583950000063e+01,9.656032615280248876e+01
2.488825389080000150e+01,9.656132821261836341e+01
2.493017565139999903e+01,9.656191664129991636e+01
2.496782687720000027e+01,9.662943371645225454e+01
2.499983474760000135e+01,9.667100758477536715e+01
2.509114337369999959e+01,9.667155186062730365e+01
2.512352723549999922e+01,9.672601495371493741e+01
2.512742691760000113e+01,9.672647747509181215e+01
2.513392076679999931e+01,9.675476622902500878e+01
2.523831991429999988e+01,9.679870729636033388e+01
2.527966116019999987e+01,9.684420438317988555e+01
2.529403578129999985e+01,9.684736530312312652e+01
2.529939407399999851e+01,9.684790492255720551e+01
2.534457962440000145e+01,9.684922208712985991e+01
2.534835986350000070e+01,9.685781319994724470e+01
2.536839655549999861e+01,9.685813979478390934e+01
2.540072438680000033e+01,9.685938826035864224e+01
2.541043581939999996e+01,9.686927753276911801e+01
2.543620232419999994e+01,9.689772241471473535e+01
2.547420644230000164e+01,9.689887915416916542e+01
2.548061191329999886e+01,9.690043500642579488e+01
2.551663001440000045e+01,9.694547354530413941e+01
2.557785864479999915e+01,9.697103820292250020e+01
2.562438055329999997e+01,9.701049953700390915e+01
2.563856190330000118e+01,9.701690975185003651e+01
2.566028125080000066e+01,9.702115347602044437e+01
2.566101322429999954e+01,9.702622770585429635e+01
2.568842787530000038e+01,9.703664624966963004e+01
2.571192630199999840e+01,9.710260609829636280e+01
2.575340480199999860e+01,9.710269651176720629e+01
2.578101426490000136e+01,9.710286872390837232e+01
2.580296490359999950e+01,9.714027404042181502e+01
2.580946424409999906e+01,9.714551240627184825e+01
2.581632824840000140e+01,9.714708293601587741e+01
2.585819053330000017e+01,9.714835401287183458e+01
2.586649394439999838e+01,9.714869786738158552e+01
2.598373647569999889e+01,9.715423691058822442e+01
2.599995469670000148e+01,9.716879808790228878e+01
2.600067710780000141e+01,9.716882881506816716e+01
2.605092636590000055e+01,9.716943212848585176e+01
2.609186595970000155e+01,9.716953931992435400e+01
2.611696018689999832e+01,9.717368542111216811e+01
2.611911765150000164e+01,9.717457072903303583e+01
2.614719975319999890e+01,9.719117616840077289e+01
2.616021414680000134e+01,9.719384623388887690e+01
2.620349441089999942e+01,9.719512573686145629e+01
2.625351294440000061e+01,9.720890544914696818e+01
2.630026804930000139e+01,9.721019202498301581e+01
2.633596059430000125e+01,9.721031521711593371e+01
2.636630764559999918e+01,9.722648703931027114e+01
2.641665441470000175e+01,9.724057426097199652e+01
2.645076973870000003e+01,9.724135793141874728e+01
2.645289997820000139e+01,9.724199301114333593e+01
2.648361875220000172e+01,9.725003048390344418e+01
2.648731819110000174e+01,9.725009298138684244e+01
2.653621543670000094e+01,9.725122798277095626e+01
2.659254093819999909e+01,9.726409526892206259e+01
2.663178007249999979e+01,9.728365564868791182e+01
2.664542526520000010e+01,9.728399319022615543e+01
2.665051185189999927e+01,9.728595371035791572e+01
2.666632454919999873e+01,9.729870756213828997e+01
2.669341038150000145e+01,9.729888603478580933e+01
2.669699962969999874e+01,9.729899746395528837e+01
2.674672392709999968e+01,9.730714137941102138e+01
2.675594681540000153e+01,9.731519796052801041e+01
2.680991002709999904e+01,9.732961428682165206e+01
2.681651795670000027e+01,9.733009762492108052e+01
2.685682127040000111e+01,9.733247656038163598e+01
2.691360553049999993e+01,9.733260151204441968e+01
2.691500128750000087e+01,9.733648719005914529e+01
2.697269541460000042e+01,9.733720716804357664e+01
2.697772029529999926e+01,9.733738178761413451e+01
2.699403714070000149e+01,9.734838161546829838e+01
2.702009933660000129e+01,9.734880914549233921e+01
2.702364519440000024e+01,9.734905989228842316e+01
2.708188140349999884e+01,9.734929636687678567e+01
2.710813785539999898e+01,9.734941616629609484e+01
2.713811494819999837e+01,9.735010773865964495e+01
2.714172517889999980e+01,9.735489357419091050e+01
2.718154629729999883e+01,9.736159185955266082e+01
2.718944557049999844e+01,9.736283784516864159e+01
2.723765358860000063e+01,9.739633483779213918e+01
2.724442060830000045e+01,9.739637769360432173e+01
2.724484719180000170e+01,9.739645132376342929e+01
2.729604198950000082e+01,9.742199870233018544e+01
2.731713109969999920e+01,9.742213995177745289e+01
2.734288533650000019e+01,9.744639128454065258e+01
2.736496310940000143e+01,9.745330339571899003e+01
2.742783350650000074e+01,9.745521840306560080e+01
2.742988786620000141e+01,9.745532869334105897e+01
2.745052002490000120e+01,9.746078998757681688e+01
2.745951371210000147e+01,9.750760748903799424e+01
2.746902338379999975e+01,9.751236177085208112e+01
2.750243751880000076e+01,9.751562659127709765e+01
2.751024465169999900e+01,9.751585207334710503e+01
2.755789149010000116e+01,9.751966078199097865e+01
2.755925461689999878e+01,9.752022089037384944e+01
2.756457989240000117e+01,9.753365185948075577e+01
2.756500152130000103e+01,9.753429543409681912e+01
2.760243722799999944e+01,9.753447383740414978e+01
2.766536860989999980e+01,9.753733361177283712e+01
2.771335547940000055e+01,9.753915682992442271e+01
2.774587647250000089e+01,9.755581927249097873e+01
2.774790728529999839e+01,9.755730421729002444e+01
2.776830315309999975e+01,9.763054260321810318e+01
2.778072112839999974e+01,9.763154797338646063e+01
2.782734574410000050e+01,9.763204137400208538e+01
2.787579820199999858e+01,9.765022051417153648e+01
2.788106301790000074e+01,9.765110302986373370e+01
2.791849120719999888e+01,9.765145598436801322e+01
2.793150781860000009e+01,9.765296461051552512e+01
2.793636023939999902e+01,9.765343718695315545e+01
2.794053957959999934e+01,9.765349999024891758e+01
2.795144551570000147e+01,9.767122078751570768e+01
2.797728720319999951e+01,9.767269468383160813e+01
2.798071176159999851e+01,9.767400288553935184e+01
2.799886473959999833e+01,9.773102586420469606e+01
2.803696009640000142e+01,9.776163075946115555e+01
2.806031488760000059e+01,9.776482732916437612e+01
2.808846234869999847e+01,9.777927208448974739e+01
2.813324172940000167e+01,9.779381990927772961e+01
2.818745472910000061e+01,9.779431554008060345e+01
2.819440599829999883e+01,9.779515636920157817e+01
2.823100709599999902e+01,9.780388279309769928e+01
2.824867844319999932e+01,9.780886773786350830e+01
2.825281158330000153e+01,9.780912706678508073e+01
2.826426157910000114e+01,9.783165368025996145e+01
2.829254037810000000e+01,9.787355660394551649e+01
2.831049340919999935e+01,9.787361088385266328e+01
2.834816999050000064e+01,9.789464952641999673e+01
2.837325465010000158e+01,9.789535060628307406e+01
2.839320131170000039e+01,9.789991293728186861e+01
2.840189649299999886e+01,9.793989595177121998e+01
2.840534610139999927e+01,9.794142785572775267e+01
2.845094711759999839e+01,9.794235111930035487e+01
2.849702115079999842e+01,9.795881785242629292e+01
2.850348918530000120e+01,9.795923493590355235e+01
2.850389692590000124e+01,9.795978354084238049e+01
2.855283435580000173e+01,9.796134370567732219e+01
2.855758120280000156e+01,9.796201236838643922e+01
2.857299586979999972e+01,9.797790337671841598e+01
2.859761913130000011e+01,9.798060131807632445e+01
2.861872896259999877e+01,9.798069722078146526e+01
2.864738911350000095e+01,9.799900812043087228e+01
2.865600028220000084e+01,9.799980889074933543e+01
2.867885095879999824e+01,9.799990717307939292e+01
2.875020888499999927e+01,9.800053000130853320e+01
2.875767727499999893e+01,9.800248691493477793e+01
2.880456485510000064e+01,9.802461508774611332e+01
2.880965994419999987e+01,9.803836946101310446e+01
2.884588328310000094e+01,9.806578072956547487e+01
2.886722333530000029e+01,9.806623780475170804e+01
2.887842972429999833e+01,9.806735502534419879e+01
2.898316930020000015e+01,9.807755887611941148e+01
2.898511342349999964e+01,9.807789958835853383e+01
2.901652818430000025e+01,9.808773643115917196e+01
2.902215184099999945e+01,9.808815361274773181e+01
2.906117018670000007e+01,9.808841900120569335e+01
2.916557328220000045e+01,9.808843867973823194e+01
2.916957650459999840e+01,9.808887187860084111e+01
2.922544898139999958e+01,9.811458164843276109e+01
2.925351472470000047e+01,9.811847092220510547e+01
2.926194752410000177e+01,9.812456799373731542e+01
2.928432538150000042e+01,9.812471645045265234e+01
2.931734159559999853e+01,9.812881783697727656e+01
2.932290756129999920e+01,9.814298780170392433e+01
2.940617359610000037e+01,9.814299661792745155e+01
2.941283684129999898e+01,9.814388413513232479e+01
2.944792357889999934e+01,9.815888278066276484e+01
2.946026443939999950e+01,9.816031078003591404e+01
2.946486509800000064e+01,9.816523355677179552e+01
2.947916820809999905e+01,9.816739787555873420e+01
2.947980536009999852e+01,9.817123567833658626e+01
2.950367182360000129e+01,9.817186787446775043e+01
2.950691923100000125e+01,9.818603943890245489e+01
2.952413383200000041e+01,9.818626905117440629e+01
2.953140649970000098e+01,9.818650408740325020e+01
2.958432052450000072e+01,9.818911798398464441e+01
2.960345118709999923e+01,9.820080878618220765e+01
2.960911631469999961e+01,9.820357172204244023e+01
2.965159931650000047e+01,9.822514647937362042e+01
2.965884072829999951e+01,9.822564860646409102e+01
2.970304118989999864e+01,9.822568856882283228e+01
2.970924666149999993e+01,9.822570277636319247e+01
2.975659239910000053e+01,9.822887094335166580e+01
2.976114724949999868e+01,9.822889941869512143e+01
2.977530803539999837e+01,9.823554662004752913e+01
2.979956814179999824e+01,9.824077859008232849e+01
2.982702767980000047e+01,9.824128458173913714e+01
2.985559903320000075e+01,9.824138727954483841e+01
2.987941818819999895e+01,9.824234651715816824e+01
2.990396929010000093e+01,9.825049311109242467e+01
2.990661759909999873e+01,9.825401302721455465e+01
2.994603400100000101e+01,9.825463156154135902e+01
2.999697095189999985e+01,9.825820729609324644e+01
3.000311563079999999e+01,9.825821787765191573e+01
3.000350299189999959e+01,9.825858928373284584e+01
3.005839357900000053e+01,9.825897512665029865e+01
3.006915603730000086e+01,9.825904577051586841e+01
3.009573895480000161e+01,9.825919734084004631e+01
3.011974751849999876e+01,9.825970301931091910e+01
3.019856596900000056e+01,9.826186933582413019e+01
3.020181036509999828e+01,9.826278688108772030e+01
3.020721335940000074e+01,9.826411323471143078e+01
3.024470290940000083e+01,9.826986202562825667e+01
3.028928867300000149e+01,9.827233220961085181e+01
3.029413405140000037e+01,9.827677240276403836e+01
3.032858444109999851e+01,9.827759932239490581e+01
3.034056709969999943e+01,9.827799185028875684e+01
3.038271683319999994e+01,9.827822923270369415e+01
3.038587029520000016e+01,9.827892331200744991e+01
3.040258721920000085e+01,9.828912383127472197e+01
3.042956728580000103e+01,9.829138560273239023e+01
3.045918834280000098e+01,9.829410498255937512e+01
3.049093241759999984e+01,9.829422180443950197e+01
3.052638486820000097e+01,9.829567170258928854e+01
3.057635503159999857e+01,9.832946699504569210e+01
3.057758359780000035e+01,9.833149666753001839e+01
3.061650934649999911e+01,9.834184826835202387e+01
3.063661608720000018e+01,9.834197746418684005e+01
3.064656260820000000e+01,9.834954464720127021e+01
3.067325747230000133e+01,9.836632130735736723e+01
3.068981785520000116e+01,9.837205043562208573e+01
3.069681435109999867e+01,9.837229542661320636e+01
3.072457688440000112e+01,9.837690216200608972e+01
3.074772288080000138e+01,9.837724022839786642e+01
3.077158121380000111e+01,9.838571133734882324e+01
3.077415485939999940e+01,9.840864116314028820e+01
3.077733857979999854e+01,9.840888847434922582e+01
3.081943015050000056e+01,9.841065604844874315e+01
3.086794095260000148e+01,9.842650061835233544e+01
3.086831746100000018e+01,9.842721115322822811e+01
3.091351213729999969e+01,9.842758342812378203e+01
3.091789654979999824e+01,9.842844947994500160e+01
3.093213500370000091e+01,9.843358797089291556e+01
3.095488172960000028e+01,9.843379132663952191e+01
3.097438506820000015e+01,9.843530134094376649e+01
3.098131730049999888e+01,9.843617845268315136e+01
3.100086750290000026e+01,9.844369938810919507e+01
3.100882511620000059e+01,9.844388575070711056e+01
3.101830303750000084e+01,9.844400873948031006e+01
3.102994320379999849e+01,9.846181829109487182e+01
3.103175909810000022e+01,9.846184357314420765e+01
3.104999797110000159e+01,9.849308688580171633e+01
3.109590638410000096e+01,9.849705148991722581e+01
3.110281153160000045e+01,9.849826842403278704e+01
3.114496279900000175e+01,9.850091520948443247e+01
3.114616893630000050e+01,9.851105828473612291e+01
3.115125411989999904e+01,9.851244980985046595e+01
3.118438495939999910e+01,9.851262099831076569e+01
3.121449320829999863e+01,9.851270471461322131e+01
3.124010154739999834e+01,9.851361613261231298e+01
3.126323131150000023e+01,9.851410969585761279e+01
3.128260533099999918e+01,9.851592589654674725e+01
3.129988392450000134e+01,9.851610361499126611e+01
3.131141941199999934e+01,9.851611384366609059e+01
3.131321898310000051e+01,9.851620029147053970e+01
3.133129401049999885e+01,9.853525687642907371e+01
3.134230034289999978e+01,9.854453749202545509e+01
3.143127422459999920e+01,9.854606556051915334e+01
3.147602982260000104e+01,9.855856737786469068e+01
3.148033589079999928e+01,9.856575214821005204e+01
3.148404479050000049e+01,9.856602913795798315e+01
3.151666104810000135e+01,9.857778131936289867e+01
3.151970106230000113e+01,9.861752872789580238e+01
3.153581695600000145e+01,9.863174291806177507e+01
3.156964453109999980e+01,9.865010221521598055e+01
3.157895413170000154e+01,9.865048524708697641e+01
3.159038771459999850e+01,9.865055533960862988e+01
3.162099620740000105e+01,9.865131615121408970e+01
3.162615674979999980e+01,9.865343920778101960e+01
3.165518306019999883e+01,9.865527356530489556e+01
3.171192389759999841e+01,9.865530877436647472e+01
3.174210273470000132e+01,9.865549465131914531e+01
3.175355198640000154e+01,9.865586527088449031e+01
3.175782042519999848e+01,9.865588199300501060e+01
3.176149692210000097e+01,9.865644973056788558e+01
3.177168247010000002e+01,9.867214050779304557e+01
3.179382855189999901e+01,9.867274067952837413e+01
3.181956713670000170e+01,9.867285807879792969e+01
3.186868217880000032e+01,9.867455795407772712e+01
3.189418518740000152e+01,9.868983337047085058e+01
3.189725711579999867e+01,9.869123701427790252e+01
3.193114819330000032e+01,9.869152843135819353e+01
3.193787275729999919e+01,9.869228380753180829e+01
3.197892335339999903e+01,9.869246960469074281e+01
3.198505063829999884e+01,9.869279527224705362e+01
3.198739951370000156e+01,9.869294356723554529e+01
3.202866956519999775e+01,9.869334725992085566e+01
3.203290134409999723e+01,9.869336371962295118e+01
3.204605828359999720e+01,9.870215614934926407e+01
3.206860059859999978e+01,9.870240955806656302e+01
3.208742700509999679e+01,9.870243607280303877e+01
3.209411882460000243e+01,9.870262062958094873e+01
3.211299156710000346e+01,9.871275821908116654e+01
3.212067366269999980e+01,9.871892379334826728e+01
3.212982360339999843e+01,9.871930570119266690e+01
3.214106122529999965e+01,9.872952633440044679e+01
3.214281434749999988e+01,9.872969476756142626e+01
3.216042312319999752e+01,9.873299989271059474e+01
3.216563791090000279e+01,9.873986002478237367e+01
3.220474864530000048e+01,9.874699805003518804e+01
3.221141609160000030e+01,9.875344441583808930e+01
3.225211852270000179e+01,9.875755013610810806e+01
3.225328325710000144e+01,9.876855864276618036e+01
3.225783362949999855e+01,9.876877661613843884e+01
3.226052290359999830e+01,9.876897308901197903e+01
3.229018901700000299e+01,9.877896043487595534e+01
3.231926712829999815e+01,9.878450746081460920e+01
3.234400077520000139e+01,9.878454145059257030e+01
3.236634167609999935e+01,9.878513089486908427e+01
3.240174648299999660e+01,9.878517512368901521e+01
3.241288982879999736e+01,9.878522457763614284e+01
3.241462824930000153e+01,9.878567508886357018e+01
3.248265594109999910e+01,9.878834570421224726e+01
3.252868642960000045e+01,9.879311130071069158e+01
3.256077267380000251e+01,9.880068800579861943e+01
3.257193415879999776e+01,9.880158382326317223e+01
3.257609536529999872e+01,9.880653868507928905e+01
3.257967952309999760e+01,9.880666642855197779e+01
3.261119999449999796e+01,9.880816281548379720e+01
3.261413798510000106e+01,9.880823671218870174e+01
3.266240801400000038e+01,9.880879593321547816e+01
3.267140623710000114e+01,9.880888748823673495e+01
3.271703275389999988e+01,9.880938273873559297e+01
3.274509209080000005e+01,9.880970235560216963e+01
3.279168141360000277e+01,9.880973622706335391e+01
3.279765685880000348e+01,9.881518726534534380e+01
3.279994754180000172e+01,9.881534877548151030e+01
3.282912620649999980e+01,9.881557951858300726e+01
3.284432370460000072e+01,9.881562184495288648e+01
3.285772737789999809e+01,9.881625388142580846e+01
3.288205600130000050e+01,9.882379471405401716e+01
3.289750450870000265e+01,9.883133913338446064e+01
3.290403158000000161e+01,9.883200987537213678e+01
3.292993330750000069e+01,9.883207987924200211e+01
3.297916695389999830e+01,9.883381429348285963e+01
3.301845177650000096e+01,9.883404209966766985e+01
3.306373635210000117e+01,9.883406184569099651e+01
3.306636008249999747e+01,9.883409161176533075e+01
3.311123206279999920e+01,9.883415966792678375e+01
3.312310814180000307e+01,9.883535187944545441e+01
3.312367520069999927e+01,9.883538342991148795e+01
3.316313334510000033e+01,9.883546859913357707e+01
3.319530264969999678e+01,9.883885544025473280e+01
3.320415646029999834e+01,9.883926072054785550e+01
3.321503060580000266e+01,9.883976745433909628e+01
3.323881321100000008e+01,9.884128447582364174e+01
3.324119583569999747e+01,9.884412852242576264e+01
3.324905191050000042e+01,9.884457784941963610e+01
3.328311536020000005e+01,9.884540057428364435e+01
3.332250876900000236e+01,9.884543863454447887e+01
3.332838904230000310e+01,9.884664788772307986e+01
3.333064325019999785e+01,9.884669345394300422e+01
3.335935773069999755e+01,9.885571801579880002e+01
3.337515991099999724e+01,9.885594675321388536e+01
3.337781222489999777e+01,9.885735800957148456e+01
3.338750468610000155e+01,9.885945088380890411e+01
3.341144755330000038e+01,9.886318054755186324e+01
3.343307516440000171e+01,9.886330143630058842e+01
3.345119249310000242e+01,9.886548655193860213e+01
3.346735150269999792e+01,9.886573014942223381e+01
3.347814015910000052e+01,9.887030028030106621e+01
3.347982326710000223e+01,9.887093191280358440e+01
3.349672920279999744e+01,9.887701035421389406e+01
3.350409991259999742e+01,9.888316695601966444e+01
3.350702424419999659e+01,9.888322581429119396e+01
3.351189435570000086e+01,9.888934556534663045e+01
3.354569090729999914e+01,9.888968404673278201e+01
3.358589484720000229e+01,9.889043266269335675e+01
3.359026469519999836e+01,9.889045026976785380e+01
3.363214736390000326e+01,9.889107555152895657e+01
3.363617740929999655e+01,9.889112874845002921e+01
3.364870745959999709e+01,9.889353037244761424e+01
3.367017681179999755e+01,9.889383851525099089e+01
3.368810819849999660e+01,9.890757354525810285e+01
3.371245896660000341e+01,9.890935149051024666e+01
3.371977667080000174e+01,9.890940958573682451e+01
3.372849280610000022e+01,9.890951874511745245e+01
3.373919795839999836e+01,9.891033707468960756e+01
3.376261133860000285e+01,9.891349717967233346e+01
3.376785874259999787e+01,9.891589488206020064e+01
3.379987422300000333e+01,9.892575879142241035e+01
3.384501161749999909e+01,9.894386987669275868e+01
3.384612153629999654e+01,9.894808180289709298e+01
3.385302054760000345e+01,9.894831345369762232e+01
3.389201892290000018e+01,9.894990886501824434e+01
3.389601807100000030e+01,9.895128912788742070e+01
3.389685117839999862e+01,9.895163083479896216e+01
3.389946267490000054e+01,9.895222281251538732e+01
3.390845210370000018e+01,9.895348909288532013e+01
3.390900602930000218e+01,9.895352612069893894e+01
3.392975710049999805e+01,9.895599614061069360e+01
3.393258092650000179e+01,9.896587400392326117e+01
3.395387659280000037e+01,9.896649134574619211e+01
3.399990862819999649e+01,9.896650683420580208e+01
3.402148636910000334e+01,9.896789181291967452e+01
3.402669385099999744e+01,9.897002715824443442e+01
3.405846602319999761e+01,9.897059164399006193e+01
3.410326116009999708e+01,9.897802995345156774e+01
3.410866609850000231e+01,9.898947409905933625e+01
3.411120945620000100e+01,9.898967352691360588e+01
3.414991298719999691e+01,9.898988329101460693e+01
3.415388193799999783e+01,9.899032772250596679e+01
3.415470875550000329e+01,9.899085019462260959e+01
3.418736648630000019e+01,9.899097090903370599e+01
3.420502674640000151e+01,9.899615528029778488e+01
3.421130436039999978e+01,9.899755239547938857e+01
3.422900977679999812e+01,9.900581759342503574e+01
3.424480176170000334e+01,9.900595075763661157e+01
3.425534556249999696e+01,9.902549017256080788e+01
3.425699048500000288e+01,9.902639393209209118e+01
3.428071676679999769e+01,9.903137147854057787e+01
3.428833466940000108e+01,9.903200119032969440e+01
3.431510918269999877e+01,9.903279427676073965e+01
3.435956973129999881e+01,9.903283712439053943e+01
3.436493435740000280e+01,9.903652280745018288e+01
3.436527255250000223e+01,9.903685419520759581e+01
3.436745874990000260e+01,9.903688922996025212e+01
3.439530766930000283e+01,9.903732566231511214e+01
3.451215738629999663e+01,9.903767216523927175e+01
3.452855787229999862e+01,9.906093490862876649e+01
3.453854535379999646e+01,9.906123193431363916e+01
3.457605847840000024e+01,9.906589699949699934e+01
3.461506571049999792e+01,9.906881512464096318e+01
3.461930565090000300e+01,9.906884579480521325e+01
3.464945598460000298e+01,9.907363681349255558e+01
3.466385541399999681e+01,9.908255457564359858e+01
3.467601411870000305e+01,9.908673276607159153e+01
3.468731477269999885e+01,9.908680634625702055e+01
3.469960921140000210e+01,9.908726261059332785e+01
3.471424888210000148e+01,9.908780543591774403e+01
3.474498208650000208e+01,9.909053878865046272e+01
3.475344110190000180e+01,9.909090789571895641e+01
3.476383063370000315e+01,9.909095178554358085e+01
3.478655438319999860e+01,9.909554827584808834e+01
3.479164735279999832e+01,9.910003508586004273e+01
3.486653485579999767e+01,9.910156223625857308e+01
3.487215477050000345e+01,9.910557425590508274e+01
3.487430919250000017e+01,9.910561900534611368e+01
3.490175368650000109e+01,9.910570898610775714e+01
3.491216676349999659e+01,9.910590063337974698e+01
3.491685783789999675e+01,9.910626549261365881e+01
3.491939305180000019e+01,9.910635177621333014e+01
3.492865773759999826e+01,9.910901817920453993e+01
3.493933909660000126e+01,9.910909541542054058e+01
3.494880338950000009e+01,9.910921460150237294e+01
3.495154488419999694e+01,9.912759754997101425e+01
3.496607907410000138e+01,9.912763356097282497e+01
3.497222007730000115e+01,9.912795743219274414e+01
3.499659112759999857e+01,9.913191233029098726e+01
3.501691345879999773e+01,9.913198460376513310e+01
3.503307764769999721e+01,9.913690239361247336e+01
3.507377295519999905e+01,9.913920850050857325e+01
3.507989510579999859e+01,9.914010612365899533e+01
3.512252189800000224e+01,9.914115052256971694e+01
3.512285279849999853e+01,9.914268155524322879e+01
3.516257951979999774e+01,9.914290594449282423e+01
3.516643417939999949e+01,9.914291614775054029e+01
3.517895310720000168e+01,9.914664748882648837e+01
3.518955849209999798e+01,9.914682085244857035e+01
3.519895550609999901e+01,9.914712194420974356e+01
3.521610847579999870e+01,9.915092135260704254e+01
3.522220588630000293e+01,9.915128342649495607e+01
3.523940339669999844e+01,9.916364009772306076e+01
3.524640408489999999e+01,9.916791934627514138e+01
3.525474278949999984e+01,9.916841282758238663e+01
3.526658246200000235e+01,9.917067326611969236e+01
3.528263226909999872e+01,9.917196883069703972e+01
3.532304006839999744e+01,9.917213514588395640e+01
3.532911902379999702e+01,9.917216251682467032e+01
3.537389803770000185e+01,9.917234257779668383e+01
3.538134735380000251e+01,9.917237386478899452e+01
3.541584648140000269e+01,9.917244095348989674e+01
3.541834597820000141e+01,9.917325689676695788e+01
3.542748018249999831e+01,9.917769251584908829e+01
3.545004528230000318e+01,9.917770585281806461e+01
3.547042990810000163e+01,9.917820468119074917e+01
3.550273932409999844e+01,9.917827566646904813e+01
3.551290964460000055e+01,9.918365268342236618e+01
3.553738304750000054e+01,9.918762211142413321e+01
3.554014007589999835e+01,9.918762858272765470e+01
3.557659710200000092e+01,9.918770679670807056e+01
3.562846265179999961e+01,9.918777012390049208e+01
3.564793460340000308e+01,9.918786143582667592e+01
3.565812977729999744e+01,9.919411680516351737e+01
3.566520492299999745e+01,9.919457003828381403e+01
3.568473409730000157e+01,9.919469618590895266e+01
3.569400074869999884e+01,9.920052598351841766e+01
3.571091593490000093e+01,9.920055471699026839e+01
3.575911578590000062e+01,9.920058867166849836e+01
3.578615887429999987e+01,9.920060094734679979e+01
3.579071886100000199e+01,9.920153418684716939e+01
3.581637028520000143e+01,9.920256009526788432e+01
3.585896950979999787e+01,9.920269158363666406e+01
3.586001709370000157e+01,9.920670898938358562e+01
3.586443391150000082e+01,9.920743319842001995e+01
3.586652872959999883e+01,9.920763423927154179e+01
3.587387574960000336e+01,9.920769806463493978e+01
3.589321456559999746e+01,9.921042749145641437e+01
3.590711522790000032e+01,9.921366030319380513e+01
3.592976284310000068e+01,9.921380382767040373e+01
3.594163228410000244e+01,9.921382508037319781e+01
3.596173825879999697e+01,9.921794702778706210e+01
3.598543916650000085e+01,9.922186481253751822e+01
3.600520336900000018e+01,9.922186782113234926e+01
3.602092407100000315e+01,9.922340070619407015e+01
3.603049787810000026e+01,9.922526990844350792e+01
3.606645923970000212e+01,9.922695120979344097e+01
3.610281574430000262e+01,9.922929514548613383e+01
3.610792137380000355e+01,9.922939890147314657e+01
3.611032391820000242e+01,9.922942322834673234e+01
3.614688700220000328e+01,9.922960628695713581e+01
3.615063670739999679e+01,9.922962556888168706e+01
3.615141785729999668e+01,9.923010598408038163e+01
3.616229552090000254e+01,9.923436488455797644e+01
3.616281492329999736e+01,9.923782193498875870e+01
3.617313185679999776e+01,9.923803060112014407e+01
3.618227342469999996e+01,9.923815582909878685e+01
3.620489233450000199e+01,9.923855265245282453e+01
3.622843416949999806e+01,9.923858336304864736e+01
3.623654689140000329e+01,9.923868190262002997e+01
3.624651131510000113e+01,9.924036525758380378e+01
3.624806587949999681e+01,9.924037733396492911e+01
3.626830610940000099e+01,9.924356605487868421e+01
3.627768980129999932e+01,9.924373481630735228e+01
3.630299713699999842e+01,9.924695361396121029e+01
3.630891202520000149e+01,9.924704638877216212e+01
3.634502600129999905e+01,9.924706345002329044e+01
3.635009761060000244e+01,9.924925302677500838e+01
3.635973297510000179e+01,9.924931008604551153e+01
3.637881351250000250e+01,9.925584675237625731e+01
3.639330465150000293e+01,9.925625821133949955e+01
3.639573702079999862e+01,9.925656604819418760e+01
3.640462599090000140e+01,9.925658142447663579e+01
3.642658578529999858e+01,9.925981028187726452e+01
3.644642423229999650e+01,9.926042264642489954e+01
3.646304435420000090e+01,9.926093811938432054e+01
3.647786919450000198e+01,9.926153433281615435e+01
3.648931200189999657e+01,9.926222904859018570e+01
3.651158768559999857e+01,9.926677424612765321e+01
3.651427115620000308e+01,9.926777111678613608e+01
3.651874022580000201e+01,9.926804882990708734e+01
3.659067103320000314e+01,9.926806432400735503e+01
3.660024306460000076e+01,9.926818597622119000e+01
3.662912312179999930e+01,9.926865622838384695e+01
3.663282346580000137e+01,9.926958455260667336e+01
3.664432886649999688e+01,9.926977265549294316e+01
3.665502269889999809e+01,9.926977790557587866e+01
3.666404411559999943e+01,9.927052254492971883e+01
3.666665736520000252e+01,9.927730198457821587e+01
3.668051196980000128e+01,9.927995057917593158e+01
3.670287746139999996e+01,9.928245962369300059e+01
3.670959905939999857e+01,9.928280899358327360e+01
3.671760546849999685e+01,9.928381680428795164e+01
3.672743937770000144e+01,9.928667386017751539e+01
3.674894894780000243e+01,9.928690280724407557e+01
3.678318667349999771e+01,9.928707243014316930e+01
3.682568760280000220e+01,9.928838684285153704e+01
3.683202851549999934e+01,9.928844083845835655e+01
3.683918298159999694e+01,9.928854553580021047e+01
3.685801531970000156e+01,9.928866779704969758e+01
3.686966606779999722e+01,9.928870195501858120e+01
3.688298318249999852e+01,9.928922520140879726e+01
3.688349243590000270e+01,9.928956506492241374e+01
3.689360783960000134e+01,9.928958650101013461e+01
3.690516729000000140e+01,9.928961478863863022e+01
3.691893238880000183e+01,9.930104338735226577e+01
3.696708145219999864e+01,9.930149601245339852e+01
3.698692821979999934e+01,9.930222831879440548e+01
3.698906941319999930e+01,9.930595491792456642e+01
3.699171824609999959e+01,9.930835097559615576e+01
3.702674605669999863e+01,9.930918211616004498e+01
3.706216057009999787e+01,9.930920863307871116e+01
3.706744760050000309e+01,9.930972288116130642e+01
3.706947443560000011e+01,9.930979447471061405e+01
3.710687114689999788e+01,9.930994011966411961e+01
3.710874527400000034e+01,9.931079407416132199e+01
3.710950625579999951e+01,9.931095693527849733e+01
3.713065996969999816e+01,9.931114767687775213e+01
3.715582295000000101e+01,9.931418256649749310e+01
3.718453823610000342e+01,9.931580934760232537e+01
3.719244240519999778e+01,9.931618532922364295e+01
3.720215079769999988e+01,9.931659128095188294e+01
3.722551364880000335e+01,9.931693988021575592e+01
3.723252904080000292e+01,9.931718129544938733e+01
3.726295122380000180e+01,9.931927846918107150e+01
3.729814146159999666e+01,9.933237822868116496e+01
3.729914862500000083e+01,9.933473891087997742e+01
3.730308348860000223e+01,9.933475123737727586e+01
3.730339504629999681e+01,9.933615932946018745e+01
3.730540906219999897e+01,9.933645306545896858e+01
3.731247276020000214e+01,9.933646007855512039e+01
3.733106633940000307e+01,9.934144487601761853e+01
3.734256949750000132e+01,9.934161322998271260e+01
3.735622083389999659e+01,9.934252763579004863e+01
3.737762155930000318e+01,9.934466070622953282e+01
3.739695550140000080e+01,9.934499094718457002e+01
3.741315336929999802e+01,9.935799939862914698e+01
3.742760187919999737e+01,9.935817541853937485e+01
3.743724928910000216e+01,9.935818065366892426e+01
3.743875441069999965e+01,9.935896337342087747e+01
3.745387340599999959e+01,9.936244035846534928e+01
3.749766851780000110e+01,9.936294906111704961e+01
3.753363955860000090e+01,9.936340713933091706e+01
3.753754984169999886e+01,9.937193107298413963e+01
3.754688048090000052e+01,9.937194077249297663e+01
3.757503296250000346e+01,9.937208630761493566e+01
3.757864016349999758e+01,9.937235318106036175e+01
3.758174723329999978e+01,9.937250537881749324e+01
3.758985607219999991e+01,9.937405896849136866e+01
3.760028098979999811e+01,9.937410517508689622e+01
3.760907566489999709e+01,9.937419580241689232e+01
3.765348728280000046e+01,9.937422581844745650e+01
3.766129303139999962e+01,9.937448861121266930e+01
3.767088059369999797e+01,9.938357062991428847e+01
3.769185177500000350e+01,9.938554567098606185e+01
3.769655222819999807e+01,9.938566451490814302e+01
3.770088115019999719e+01,9.938839058455604913e+01
3.772523377419999946e+01,9.938872239830841693e+01
3.776567988560000089e+01,9.939124834159881061e+01
3.777086844000000099e+01,9.939230373380809169e+01
3.777285753059999962e+01,9.939238217013853216e+01
3.777983382979999760e+01,9.939247103126321292e+01
3.780781284990000302e+01,9.939275472250645294e+01
3.780955854550000339e+01,9.939291075833209277e+01
3.781139784380000179e+01,9.939291532619904501e+01
3.781214468449999799e+01,9.939325309059651659e+01
3.781448578879999900e+01,9.939352301933067224e+01
3.782304133360000264e+01,9.939354246926613712e+01
3.784164614190000009e+01,9.939369207449377086e+01
3.785760174899999697e+01,9.939592078442530010e+01
3.786327378219999673e+01,9.939609697199696825e+01
3.791949174030000336e+01,9.940242236131473419e+01
3.792600292030000020e+01,9.940345219038894697e+01
3.792858632029999910e+01,9.941043899931810301e+01
3.795709253460000099e+01,9.941476704153151900e+01
3.796274970289999828e+01,9.941762074830540996e+01
3.800214295069999793e+01,9.941954019364546014e+01
3.800442574739999912e+01,9.941967613699451078e+01
3.803916827249999955e+01,9.942047461471270253e+01
3.804090335109999899e+01,9.942055031933844589e+01
3.804273146429999741e+01,9.942564043923334793e+01
3.805381058790000282e+01,9.942629199046810129e+01
3.806410843879999817e+01,9.942634694771017223e+01
3.807279597160000151e+01,9.942750056249066404e+01
3.808865474849999799e+01,9.942752456979265219e+01
3.809429237919999878e+01,9.942953232482472004e+01
3.813384933929999931e+01,9.942954831466511223e+01
3.813532696749999928e+01,9.942960167033288599e+01
3.815016991059999896e+01,9.943551648265079734e+01
3.815456605650000199e+01,9.943622971353113371e+01
3.818754357179999914e+01,9.943689902511084711e+01
3.822750054539999809e+01,9.943692510710638999e+01
3.822848322400000143e+01,9.943787443453705066e+01
3.823459149450000183e+01,9.943792613370875699e+01
3.824148356090000078e+01,9.943797333578265807e+01
3.825962565799999737e+01,9.943801022371056320e+01
3.827084971789999912e+01,9.943808036811010709e+01
3.827340468740000290e+01,9.943877356961053238e+01
3.827571757919999840e+01,9.943892722886758406e+01
3.828192454610000084e+01,9.943893622120769749e+01
3.830505234150000149e+01,9.943911597115821621e+01
3.832391840919999737e+01,9.943975397441442965e+01
3.836470739210000147e+01,9.944297800663312614e+01
3.838844723329999908e+01,9.944299261269641477e+01
3.839269814160000038e+01,9.944329038973849322e+01
3.842220172929999933e+01,9.944331618732840639e+01
3.846112439299999863e+01,9.944333778659490974e+01
3.848826530070000018e+01,9.944354856917902907e+01
3.850122904519999878e+01,9.944355499739509696e+01
3.851043179860000265e+01,9.944363360521700201e+01
3.852235158930000125e+01,9.944392608073255246e+01
3.853342244409999751e+01,9.944959783998453418e+01
3.854660609289999940e+01,9.944989866117137467e+01
3.856788945299999938e+01,9.945778746175575691e+01
3.857428607269999787e+01,9.945982597332583452e+01
3.858190552899999659e+01,9.946282077260900678e+01
3.868380822350000159e+01,9.946339916883661658e+01
3.868887364820000130e+01,9.946437154327890084e+01
3.869762635699999720e+01,9.946439141434805720e+01
3.871555470639999896e+01,9.946646774828705873e+01
3.872494227180000337e+01,9.946656298598684032e+01
3.872664662559999726e+01,9.946673080965440761e+01
3.873932538580000084e+01,9.946883446711881049e+01
3.873981023679999680e+01,9.947102433662986698e+01
3.874944105830000041e+01,9.947115884748966153e+01
3.875797497530000157e+01,9.947126519616425355e+01
3.876044705129999812e+01,9.947127043671751778e+01
3.877909156959999848e+01,9.947153209713721367e+01
3.880107158799999922e+01,9.947304611725095924e+01
3.881940228820000272e+01,9.947305017166952723e+01
3.883398376809999775e+01,9.947618336460820387e+01
3.883830251250000032e+01,9.947842285946637730e+01
3.884286423159999657e+01,9.947843883588586777e+01
3.887069995689999757e+01,9.947847983667310245e+01
3.891469273050000055e+01,9.947888001665064905e+01
3.895085062380000096e+01,9.947911798554909524e+01
3.895254509299999768e+01,9.947936886918226662e+01
3.896342615900000084e+01,9.947948299180414722e+01
3.896563238990000144e+01,9.948083008909246416e+01
3.897761693390000204e+01,9.948083839111137650e+01
3.898369190510000237e+01,9.948107898358333046e+01
3.899918027350000216e+01,9.948305031539710797e+01
3.900468629950000121e+01,9.948346021394975480e+01
3.902653926170000176e+01,9.948549975737971351e+01
3.903407043829999878e+01,9.948576278537730389e+01
3.904332089980000120e+01,9.948762514970751170e+01
3.909576608150000254e+01,9.948887237300442621e+01
3.910125850690000249e+01,9.949120554429551078e+01
3.914172234600000166e+01,9.949193755223821256e+01
3.914845471270000132e+01,9.949205769580755998e+01
3.917714103389999991e+01,9.949207142908004187e+01
3.917963690269999688e+01,9.949216873802050998e+01
3.918189629999999823e+01,9.949265698573927352e+01
3.918795973779999997e+01,9.949274859000328775e+01
3.919015332850000277e+01,9.949494690817857645e+01
3.920206923380000319e+01,9.949497700668821665e+01
3.925819997589999844e+01,9.949499174464935436e+01
3.926739763789999671e+01,9.949505065670746262e+01
3.926883261239999712e+01,9.949505788753496915e+01
3.928324726940000033e+01,9.949579622967398507e+01
3.928953244430000069e+01,9.949705186892720121e+01
3.929202619410000352e+01,9.949893443602755383e+01
3.932500511359999962e+01,9.949897909775312144e+01
3.937193310920000044e+01,9.949906927348439467e+01
3.938955454580000293e+01,9.949948284673125443e+01
3.940222175779999958e+01,9.950095445622818602e+01
3.942286155810000281e+01,9.950108218104975322e+01
3.943367959889999952e+01,9.950109577023773966e+01
3.944656236899999868e+01,9.950111973560584033e+01
3.946736041740000189e+01,9.950192752889644510e+01
3.948105717570000195e+01,9.950199705242533810e+01
3.949020293209999721e+01,9.950566971069937949e+01
3.951469261940000166e+01,9.950580382399706991e+01
3.958064501919999856e+01,9.950581677448656137e+01
3.958159410369999875e+01,9.950733442623122471e+01
3.958749359259999778e+01,9.950756679356391032e+01
3.961167274529999816e+01,9.950863409708443896e+01
3.962084798949999964e+01,9.950875879172798477e+01
3.962251380610000240e+01,9.950877724350915798e+01
3.962426894989999937e+01,9.950889109059764337e+01
3.962498162210000174e+01,9.950953760527080760e+01
3.964479314849999980e+01,9.950954608310941296e+01
3.964716197829999800e+01,9.950960135332361745e+01
3.965313437350000214e+01,9.950979064331420432e+01
3.965555064649999650e+01,9.951045256693105046e+01
3.967377451689999646e+01,9.951046773878645979e+01
3.969525913550000240e+01,9.951047628318326588e+01
3.971317710120000299e+01,9.951129552135100198e+01
3.973364544590000236e+01,9.951616233533742673e+01
3.973611132420000303e+01,9.951618848263782979e+01
3.976332175000000291e+01,9.951627232872462514e+01
3.976872197990000046e+01,9.951687903928637979e+01
3.980169682940000087e+01,9.951696846624761861e+01
3.980632803670000186e+01,9.951697167087138496e+01
3.980662000200000250e+01,9.951718300976747855e+01
3.980850737349999946e+01,9.951718845006669767e+01
3.984167674399999726e+01,9.952021745809969389e+01
3.984507874479999856e+01,9.952199863532021595e+01
3.984578746769999924e+01,9.952313291243407889e+01
3.985397118859999921e+01,9.952327432388365480e+01
3.985612812360000135e+01,9.952327689316284420e+01
3.986548926270000237e+01,9.952330667192008207e+01
3.986784497939999738e+01,9.952338283230308491e+01
3.987378432010000040e+01,9.952611392268350698e+01
3.989431030589999949e+01,9.952614476034358404e+01
3.990949459769999663e+01,9.952663827619940662e+01
3.991567622129999648e+01,9.952908393430833200e+01
3.992303966930000314e+01,9.952923401749066556e+01
3.993349528689999772e+01,9.952934888388996626e+01
3.994767010879999702e+01,9.952994001695596182e+01
3.995385076289999660e+01,9.953096864798456522e+01
3.996038717460000100e+01,9.953158592898691381e+01
3.998336362740000283e+01,9.953208589437113574e+01
4.002152771770000328e+01,9.953358105566671554e+01
4.002246634730000352e+01,9.953570769481436287e+01
4.002613348959999939e+01,9.953577043461891094e+01
4.002642385160000060e+01,9.953778597691405139e+01
4.002830085909999980e+01,9.953780309213654220e+01
4.003488413689999703e+01,9.953784277245640055e+01
4.006293575170000310e+01,9.953802935831977550e+01
4.007566043580000326e+01,9.954010033922969569e+01
4.009560970729999951e+01,9.954574803632330315e+01
4.011363365670000292e+01,9.954623078092548383e+01
4.012873495899999909e+01,9.954713811620156605e+01
4.014220605300000244e+01,9.954727032748832016e+01
4.015120121129999831e+01,9.954774276556790369e+01
4.015260460039999657e+01,9.954774783162150698e+01
4.017528797530000162e+01,9.955282172704023935e+01
4.020754243479999701e+01,9.955325427201636046e+01
4.024109122379999803e+01,9.955345248577791040e+01
4.024473844479999940e+01,9.955458548482953063e+01
4.025344156980000321e+01,9.955459325353771760e+01
4.027067728219999765e+01,9.955713476462906897e+01
4.027970241330000079e+01,9.955722257743016712e+01
4.028596591219999823e+01,9.955733707109071418e+01
4.029186320130000354e+01,9.955737993361873350e+01
4.029353054650000132e+01,9.955970199817440403e+01
4.030325613250000316e+01,9.955998473021107031e+01
4.031146110889999790e+01,9.956005071777181570e+01
4.032643951789999903e+01,9.957122343725038149e+01
4.036912891149999894e+01,9.957122645435879349e+01
4.038869909520000334e+01,9.957297354268780509e+01
4.039712568830000095e+01,9.957312417296624574e+01
4.041985388009999980e+01,9.957446871838014602e+01
4.046430637480000314e+01,9.957453497212023308e+01
4.047081872879999764e+01,9.957454570022085250e+01
4.048796190390000049e+01,9.957588805902769025e+01
4.049856839169999745e+01,9.957600317615103336e+01
4.050028557019999909e+01,9.957621507352085644e+01
4.050098282769999969e+01,9.957658665540837717e+01
4.050316851609999702e+01,9.957709148469461979e+01
4.052036605520000023e+01,9.957712829625378959e+01
4.052268370179999835e+01,9.957718873337387322e+01
4.053089116379999979e+01,9.957720209394136646e+01
4.054148642029999650e+01,9.957722708233293929e+01
4.054342529379999860e+01,9.957870757586900368e+01
4.054872163059999934e+01,9.957912068400362671e+01
4.056974290400000172e+01,9.957913975008193574e+01
4.058727481519999714e+01,9.958099251934658014e+01
4.060730256840000152e+01,9.958233050440703948e+01
4.064162508279999741e+01,9.958263027559542024e+01
4.067389226459999918e+01,9.958656406875078915e+01
4.067870987930000126e+01,9.958746487358499166e+01
4.068055679020000071e+01,9.958748780359647412e+01
4.071301569810000132e+01,9.958772358435089700e+01
4.071463682929999806e+01,9.958777269745907290e+01
4.071634489529999712e+01,9.958777349846134541e+01
4.072669670660000207e+01,9.958814365457355677e+01
4.072715789810000331e+01,9.958814944594975316e+01
4.073631887650000039e+01,9.958854449999627434e+01
4.074443664430000211e+01,9.958889492742272864e+01
4.075732733550000120e+01,9.958896704417975343e+01
4.075925594169999755e+01,9.958976523879813669e+01
4.077938450370000112e+01,9.959711630877755795e+01
4.078543428310000252e+01,9.959726575984595343e+01
4.079264073209999708e+01,9.959829289141970321e+01
4.080149249480000151e+01,9.959843054741898527e+01
4.082085539679999897e+01,9.959892416715557317e+01
4.085168060699999870e+01,9.959901955802212115e+01
4.085693698429999898e+01,9.959903030799924295e+01
4.088903425510000034e+01,9.960201962628254080e+01
4.088995297110000138e+01,9.960304043648561390e+01
4.089354232130000355e+01,9.960592651513830731e+01
4.090210739449999977e+01,9.960600469448624494e+01
4.091906988019999858e+01,9.960607072879014368e+01
4.093992026520000138e+01,9.960615469185015058e+01
4.094201998949999677e+01,9.960631386525939490e+01
4.095342617069999847e+01,9.960632887466081797e+01
4.096154732499999795e+01,9.960696949396484001e+01
4.097203121519999769e+01,9.960702707714051485e+01
4.097919040930000278e+01,9.960779290896756777e+01
4.100715971950000238e+01,9.960794405111774097e+01
4.103715685339999908e+01,9.960812014149374249e+01
4.103954440969999951e+01,9.960817413822985600e+01
4.107112014669999667e+01,9.961408402629547254e+01
4.110753475879999996e+01,9.961638572071032627e+01
4.111605525430000085e+01,9.961640655262343103e+01
4.114176549390000304e+01,9.961644835382085716e+01
4.114505999949999904e+01,9.961658776716161867e+01
4.114789777059999665e+01,9.961704447105375948e+01
4.115367154559999818e+01,9.961716040121714855e+01
4.117285924240000128e+01,9.961718147691031788e+01
4.121343070390000207e+01,9.961793897758570893e+01
4.122056232780000329e+01,9.961812618998098401e+01
4.122932221770000183e+01,9.962058079749385797e+01
4.125277949080000184e+01,9.962525191632445853e+01
4.125673527229999848e+01,9.962538167628659380e+01
4.127899016620000339e+01,9.962550688969245982e+01
4.131686670970000108e+01,9.962570890431614146e+01
4.132251845969999948e+01,9.962587650514923610e+01
4.132889558210000303e+01,9.962603199867884030e+01
4.134568297410000071e+01,9.962834136956072939e+01
4.135447349830000263e+01,9.962842117340419179e+01
4.135606948480000256e+01,9.962854269217422143e+01
4.136839641019999902e+01,9.962893033929151443e+01
4.138540743490000295e+01,9.962897611992015356e+01
4.139809853879999935e+01,9.962904124630664171e+01
4.139999729480000212e+01,9.962904360382620439e+01
4.144294051319999994e+01,9.962907478487991852e+01
4.145659922939999831e+01,9.963490930742644025e+01
4.146491801610000039e+01,9.963491612703576550e+01
4.149099467970000177e+01,9.963513250570741775e+01
4.149617007420000192e+01,9.963515233060778087e+01
4.152777327780000149e+01,9.963634571021364650e+01
4.153430079129999797e+01,9.963643865215424000e+01
4.156768087830000269e+01,9.963661205990563019e+01
4.156935389310000062e+01,9.963850586033883872e+01
4.157003321900000259e+01,9.963863241247436520e+01
4.157949333610000053e+01,9.963953564490093129e+01
4.158891820030000019e+01,9.963978109111764070e+01
4.159117630240000096e+01,9.963985074005258014e+01
4.160949618770000313e+01,9.963996562601852247e+01
4.161138529750000004e+01,9.964064856931433667e+01
4.161654572039999778e+01,9.964075941055169494e+01
4.163702788519999842e+01,9.964077508771794101e+01
4.164408696739999982e+01,9.964106839041798480e+01
4.165275778689999697e+01,9.964107550812452985e+01
4.165411058640000164e+01,9.964348180384467923e+01
4.167172514770000191e+01,9.964457693059112842e+01
4.167362563660000063e+01,9.964524689204323238e+01
4.173851415389999886e+01,9.964576370527237259e+01
4.174293047980000182e+01,9.964651026183773297e+01
4.174320889999999906e+01,9.964807713911008591e+01
4.174500871459999729e+01,9.964812088292094927e+01
4.176793891629999678e+01,9.964812462917453217e+01
4.177822044989999739e+01,9.964825034953325655e+01
4.178056093680000060e+01,9.965007087577821210e+01
4.178836575870000303e+01,9.965009098091732653e+01
4.179042285359999909e+01,9.965009654618941681e+01
4.180159753619999918e+01,9.965015899676770061e+01
4.180955394059999719e+01,9.965016111603772231e+01
4.181982524299999682e+01,9.965025690426745086e+01
4.182683932669999649e+01,9.965102056616930781e+01
4.186421549620000349e+01,9.965102202860857972e+01
4.187773681080000188e+01,9.965344419713275670e+01
4.188986794470000063e+01,9.965459719019166585e+01
4.194909183520000084e+01,9.965507086184624086e+01
4.195259056849999979e+01,9.965559235747984701e+01
4.197747409840000188e+01,9.965559807442986084e+01
4.198613234649999981e+01,9.965579336045485093e+01
4.198936060270000326e+01,9.965579577080177387e+01
4.200872930469999744e+01,9.965592423010782852e+01
4.201660123869999808e+01,9.965603785058453923e+01
4.201888160200000044e+01,9.965611662277528637e+01
4.203059071820000270e+01,9.965613281361773090e+01
4.205049182449999989e+01,9.965944961049497408e+01
4.205635875640000165e+01,9.965978826531689094e+01
4.206334746640000333e+01,9.965980378151620300e+01
4.209491961239999824e+01,9.965980994000030080e+01
4.212060624680000132e+01,9.966196184069143271e+01
4.215683556079999761e+01,9.966197760958951335e+01
4.216326568600000257e+01,9.966209979643994643e+01
4.216951566590000056e+01,9.966217907526163344e+01
4.219458400999999981e+01,9.966252840091112830e+01
4.219614822100000140e+01,9.966254878731784572e+01
4.219846552810000162e+01,9.966290230541395090e+01
4.220056329909999704e+01,9.966354100571740560e+01
4.220778479349999657e+01,9.966387932775012359e+01
4.220822980190000351e+01,9.966425722105083196e+01
4.221706939330000097e+01,9.966482575034739000e+01
4.222490248670000312e+01,9.966534724536771250e+01
4.222717160130000025e+01,9.966717697032143519e+01
4.223734134730000278e+01,9.966718989004988316e+01
4.223882297709999989e+01,9.966721186879182426e+01
4.223920237730000338e+01,9.966721778661305109e+01
4.224428610820000074e+01,9.966722666185168578e+01
4.226446405909999982e+01,9.966783834178765744e+01
4.229864664360000148e+01,9.966820604734070344e+01
4.230283521869999674e+01,9.966842675410649122e+01
4.232839568149999820e+01,9.966851339120394471e+01
4.233346870129999928e+01,9.967060684002407811e+01
4.236879837960000117e+01,9.967061543191708495e+01
4.240201092099999869e+01,9.967071082037794838e+01
4.240356748029999778e+01,9.967085939177168541e+01
4.241356320650000100e+01,9.967098961384549227e+01
4.241558998019999649e+01,9.967175876079998886e+01
4.242438636589999845e+01,9.967233544263775968e+01
4.242660000130000242e+01,9.967234332514264850e+01
4.243218118810000306e+01,9.967248103929259173e+01
4.244455930329999660e+01,9.967252565277260601e+01
4.244603369989999919e+01,9.967258238315291408e+01
4.244641124799999687e+01,9.967276344506731789e+01
4.246574011380000258e+01,9.967290326199483275e+01
4.248697062290000304e+01,9.967305528761106359e+01
4.248829686159999852e+01,9.967305915936231031e+01
4.251357274459999758e+01,9.967320706247235762e+01
4.253517005169999976e+01,9.967322230284281659e+01
4.254021841330000342e+01,9.967375417832991502e+01
4.257104656020000277e+01,9.967395803423724487e+01
4.257564950439999762e+01,9.967415562446589661e+01
4.257741413050000290e+01,9.967416091388827226e+01
4.258360332600000220e+01,9.967419350765726449e+01
4.259989627659999911e+01,9.967430438455690478e+01
4.260997706429999710e+01,9.967433357271343652e+01
4.265077050669999892e+01,9.967441950125399330e+01
4.265764796050000029e+01,9.967443200302666639e+01
4.267184896130000027e+01,9.967690502904973471e+01
4.268451746440000250e+01,9.967717451222955560e+01
4.269297697609999886e+01,9.967767707606731165e+01
4.269429681550000311e+01,9.967774010156648501e+01
4.270755532519999775e+01,9.967962129301000118e+01
4.271563049129999712e+01,9.968043274951622834e+01
4.272514916859999801e+01,9.968043685591794656e+01
4.274596814920000298e+01,9.968057539763871944e+01
4.278095717560000111e+01,9.968070205173557952e+01
4.278914444790000005e+01,9.968078584816919374e+01
4.280535916379999861e+01,9.968162086013063572e+01
4.281384998890000304e+01,9.968168563494039347e+01
4.281701583809999789e+01,9.968179586347180532e+01
4.282529117939999708e+01,9.968188219525760019e+01
4.282685989269999993e+01,9.968294177247247490e+01
4.283601030970000068e+01,9.968300790316494897e+01
4.284373024269999775e+01,9.968310029321895627e+01
4.284596658419999926e+01,9.968510081100909304e+01
4.285744973260000279e+01,9.968515280075405371e+01
4.285782365640000080e+01,9.968630252189400665e+01
4.288272091759999682e+01,9.968856568013212893e+01
4.288957497500000215e+01,9.968861135076620883e+01
4.289799404920000114e+01,9.969112574404037730e+01
4.291641106809999684e+01,9.969220389758618239e+01
4.293001260009999953e+01,9.969222223172103270e+01
4.294573217509999807e+01,9.969223945179318491e+01
4.298126598830000233e+01,9.969223973963327978e+01
4.298582500599999889e+01,9.969232263374107106e+01
4.299370294530000081e+01,9.969246252280835563e+01
4.300984054269999746e+01,9.969276290488055281e+01
4.301829100789999671e+01,9.969281902684042507e+01
4.302144181269999734e+01,9.969339551089400686e+01
4.302209820990000111e+01,9.969365355362175762e+01
4.302415582220000090e+01,9.969375251353524447e+01
4.303167559439999934e+01,9.969594556060863511e+01
4.304034606759999804e+01,9.969605935443138378e+01
4.304252802479999929e+01,9.969611414611648570e+01
4.304802935640000072e+01,9.969614518000065573e+01
4.305025508519999988e+01,9.969641367277377242e+01
4.306023043999999800e+01,9.969645895021193382e+01
4.306168375650000257e+01,9.969647398245641057e+01
4.306704250639999998e+01,9.969711066708053693e+01
4.308683515490000104e+01,9.969714873364002017e+01
4.310334327279999656e+01,9.969764061270474542e+01
4.312220247449999988e+01,9.970352622202362625e+01
4.312447459389999693e+01,9.970354100506619943e+01
4.313390304859999702e+01,9.970356840105341689e+01
4.314954834550000129e+01,9.970408745693018204e+01
4.318491445309999932e+01,9.970408842715542619e+01
4.318945197400000069e+01,9.970436521882153613e+01
4.319119152249999871e+01,9.970448371983276559e+01
4.322490099470000047e+01,9.970571765036567058e+01
4.323508661759999683e+01,9.970573242179320061e+01
4.326495369589999740e+01,9.970576299680257648e+01
4.326532409779999711e+01,9.970576939228448055e+01
4.327028727209999914e+01,9.970677091330021824e+01
4.328428727459999692e+01,9.970701648223473512e+01
4.328998699499999958e+01,9.970701738844660156e+01
4.329677658050000133e+01,9.970710156278015290e+01
4.331948883519999782e+01,9.970747540002237486e+01
4.335735951489999707e+01,9.970950831947718029e+01
4.338847287410000320e+01,9.971281738251381910e+01
4.339385481259999722e+01,9.971282698742446371e+01
4.339992757689999792e+01,9.971284264628368987e+01
4.341591418170000338e+01,9.971356437484369906e+01
4.342580554090000078e+01,9.971380975379939571e+01
4.343009561289999709e+01,9.971383003820977819e+01
4.344829616330000022e+01,9.971389485819500464e+01
4.346583332080000162e+01,9.971390616140803331e+01
4.347258183009999755e+01,9.971393438380722785e+01
4.350724910329999773e+01,9.971393451949963094e+01
4.350854424159999922e+01,9.971393889605793959e+01
4.352722788070000348e+01,9.971426851106197375e+01
4.352947885889999924e+01,9.971724604961951854e+01
4.353322776150000095e+01,9.971726605572487756e+01
4.353881960889999903e+01,9.971728773955949521e+01
4.355924970049999700e+01,9.971729025964755522e+01
4.360162065840000167e+01,9.971740844451854002e+01
4.361753333920000131e+01,9.971741694872528683e+01
4.362586609259999904e+01,9.971746704213492762e+01
4.363164923890000324e+01,9.971758479322055280e+01
4.363709438149999897e+01,9.971765583333007044e+01
4.364761414680000229e+01,9.971766625520876914e+01
4.365519055690000272e+01,9.971776190584172639e+01
4.365738533159999690e+01,9.971948161558546531e+01
4.366865510910000125e+01,9.971953563251113906e+01
4.366902208679999831e+01,9.972407475040957081e+01
4.368781003440000177e+01,9.972446678705598799e+01
4.369345711609999938e+01,9.972446762651486551e+01
4.370018401560000143e+01,9.972516497301644733e+01
4.370844695139999914e+01,9.972539350927063140e+01
4.373430609599999741e+01,9.972542949537070456e+01
4.373987223689999837e+01,9.972544157355885375e+01
4.375530086189999679e+01,9.972545657097906258e+01
4.379017775049999983e+01,9.972551441708019127e+01
4.379103560179999732e+01,9.972559990181558476e+01
4.379465256059999945e+01,9.972825781244519305e+01
4.379636807119999986e+01,9.972828401084298378e+01
4.382802536740000221e+01,9.972867336044460274e+01
4.383922878079999919e+01,9.972872564966941411e+01
4.384816793289999737e+01,9.972875519660962595e+01
4.385789443600000226e+01,9.972920067774381891e+01
4.386768613680000328e+01,9.972928781409338228e+01
4.386911270360000259e+01,9.972933592762788635e+01
4.386947800440000123e+01,9.973224647633965390e+01
4.387437283540000266e+01,9.973255605888176945e+01
4.389380144300000097e+01,9.973387366193938419e+01
4.391000618030000169e+01,9.973513950356115743e+01
4.392289771909999985e+01,9.973536446150022527e+01
4.392671613939999986e+01,9.973543219363612877e+01
4.394000493469999924e+01,9.973544517285208144e+01
4.396024857980000178e+01,9.973560804442548999e+01
4.399008158419999859e+01,9.973645664032684977e+01
4.399427188899999663e+01,9.973648972356502895e+01
4.402625822230000097e+01,9.973817467574892248e+01
4.402775735790000056e+01,9.973824759162640419e+01
4.402933689559999664e+01,9.973843793854868522e+01
4.402997826709999885e+01,9.973879498025097234e+01
4.403738442259999886e+01,9.973889725531182648e+01
4.403890995990000334e+01,9.973897789846115813e+01
4.403933646509999988e+01,9.974005657372264011e+01
4.404780858840000235e+01,9.974011111210670322e+01
4.405531617510000331e+01,9.974161918204626431e+01
4.406723836780000170e+01,9.974173903038051492e+01
4.406865847480000298e+01,9.974175244547122077e+01
4.409990140259999691e+01,9.974185689455929094e+01
4.412600141819999777e+01,9.974199468926421730e+01
4.413371444180000225e+01,9.974219562907885006e+01
4.414830941710000189e+01,9.974220491544465972e+01
4.415451929580000012e+01,9.974251785985592278e+01
4.418908109640000248e+01,9.974501316178783838e+01
4.419325253259999897e+01,9.974559284666023018e+01
4.419521554370000160e+01,9.974571957227661301e+01
4.420117820979999834e+01,9.974572265160497864e+01
4.421687512350000304e+01,9.974712934981087642e+01
4.422658734670000058e+01,9.974724446515948273e+01
4.422879827180000234e+01,9.974750147253367061e+01
4.423079974859999908e+01,9.974862775277361493e+01
4.423617114030000153e+01,9.974873353739182846e+01
4.424867095119999760e+01,9.974875218681539479e+01
4.425618742150000173e+01,9.974875820231135037e+01
4.428620074799999884e+01,9.975115911581224282e+01
4.429840757960000275e+01,9.975116655816211164e+01
4.430655895000000299e+01,9.975116719592810455e+01
4.432617746249999868e+01,9.975150081435910465e+01
4.432838787029999850e+01,9.975150168174361909e+01
4.433206921400000056e+01,9.975152674120873542e+01
4.433756031170000256e+01,9.975155712339227421e+01
4.434659890849999897e+01,9.975158493347018407e+01
4.435762252340000344e+01,9.975640926485998250e+01
4.439134127030000343e+01,9.975845711232798863e+01
4.439923158679999915e+01,9.975846647624912578e+01
4.442304169890000054e+01,9.975851298189201088e+01
4.443558046409999918e+01,9.975967855846121779e+01
4.444439967160000293e+01,9.976073968242339163e+01
4.445184027709999697e+01,9.976076927384519877e+01
4.446506359480000015e+01,9.976078603593161631e+01
4.446542399970000048e+01,9.976232792881644684e+01
4.448942162150000001e+01,9.976232925771053317e+01
4.449602818740000032e+01,9.976262681439692415e+01
4.450414336170000240e+01,9.976268048986757719e+01
4.452189598260000025e+01,9.976348609176899629e+01
4.452587541580000163e+01,9.976351070519416453e+01
4.453500718259999758e+01,9.976355142307991741e+01
4.455016043709999707e+01,9.976409752289757193e+01
4.458441553809999647e+01,9.976514904812746920e+01
4.458525810769999964e+01,9.976548035981839746e+01
4.459049559809999863e+01,9.976550590798129292e+01
4.459640541419999948e+01,9.976553688711507561e+01
4.461196326569999826e+01,9.976627984973404750e+01
4.462158949500000205e+01,9.976635484006745003e+01
4.463259371299999856e+01,9.976651836010567820e+01
4.464347770589999698e+01,9.976654866631041330e+01
4.465092771500000168e+01,9.976700440142377602e+01
4.466054554589999981e+01,9.976702599285800943e+01
4.466230560369999836e+01,9.976704301297245081e+01
4.466711355300000008e+01,9.976710133203495445e+01
4.471852895890000212e+01,9.976741575374038007e+01
4.472249089559999646e+01,9.976923548884782633e+01
4.473158252420000025e+01,9.976923912153671381e+01
4.474054151979999716e+01,9.976928300367161739e+01
4.475146809499999989e+01,9.976929139637545063e+01
4.478077399099999667e+01,9.976929272484321132e+01
4.478489031470000015e+01,9.977020097567766754e+01
4.478682739429999771e+01,9.977020304967081188e+01
4.481631237079999863e+01,9.977030946185010407e+01
4.481778507939999656e+01,9.977038633449730298e+01
4.481933677460000354e+01,9.977044029470586395e+01
4.481996684130000119e+01,9.977065597939304098e+01
4.482724247870000056e+01,9.977078597403419735e+01
4.483748301250000168e+01,9.977086847468417830e+01
4.483957751850000051e+01,9.977092258659436652e+01
4.484485839810000130e+01,9.977110179818393476e+01
4.485657074299999891e+01,9.977111431695470856e+01
4.485796586139999675e+01,9.977116032516086364e+01
4.486311005190000145e+01,9.977262889735942508e+01
4.488211065600000182e+01,9.977270130108229296e+01
4.488865942729999858e+01,9.977270721965324185e+01
4.489670363270000308e+01,9.977336150600221742e+01
4.489795869049999766e+01,9.977338218431309258e+01
4.491056663930000070e+01,9.977419972368740275e+01
4.491606438160000181e+01,9.977432544801477832e+01
4.493621775190000278e+01,9.977441575759212355e+01
4.494231876189999753e+01,9.977448980923935551e+01
4.498063199970000170e+01,9.977592752883084870e+01
4.498230227999999897e+01,9.977612915056189991e+01
4.498816062689999740e+01,9.977635650238627818e+01
4.500358304790000119e+01,9.977637413047924042e+01
4.502445122489999818e+01,9.977644471459879583e+01
4.505174302049999824e+01,9.977647978462921685e+01
4.505825400399999836e+01,9.977648596344623400e+01
4.509295183220000069e+01,9.977763974162895977e+01
4.510550527619999883e+01,9.977885101518643296e+01
4.512216413080000166e+01,9.977885536392439292e+01
4.517176188309999674e+01,9.977895758474730314e+01
4.520616191679999929e+01,9.977896148684183686e+01
4.520916024049999749e+01,9.977962042608272952e+01
4.524745652459999690e+01,9.977965431793997197e+01
4.527139359099999893e+01,9.978004806926992387e+01
4.528586112480000025e+01,9.978004957313588363e+01
4.530721822179999947e+01,9.978010240723263280e+01
4.531082003910000111e+01,9.978012497385807933e+01
4.533108465969999656e+01,9.978015994869666372e+01
4.536475008560000077e+01,9.978099681791522357e+01
4.536906959400000261e+01,9.978130471775153865e+01
4.537072557430000330e+01,9.978130881518936235e+01
4.537653377379999853e+01,9.978140057615370040e+01
4.539182424039999830e+01,9.978236487309401070e+01
4.540128511969999892e+01,9.978279428413218000e+01
4.540538854129999891e+01,9.978343975553151779e+01
4.541251401139999899e+01,9.978362211062496101e+01
4.542073000279999917e+01,9.978370067821795431e+01
4.542279761460000032e+01,9.978374804178585578e+01
4.543957273030000010e+01,9.978385819469977491e+01
4.544094994950000199e+01,9.978386653305449272e+01
4.544130261440000140e+01,9.978415389899107879e+01
4.549287666170000222e+01,9.978512965545472468e+01
4.549830404109999904e+01,9.978557802334651683e+01
4.550045750719999660e+01,9.978653796538023357e+01
4.550939371799999833e+01,9.978656478282684361e+01
4.551819962319999746e+01,9.978662853667603372e+01
4.552893956719999835e+01,9.978670956065568021e+01
4.556179147009999753e+01,9.978723247082498915e+01
4.556204655399999837e+01,9.978727911935591521e+01
4.559412572779999806e+01,9.978763322910133127e+01
4.560489527859999725e+01,9.978801371400153641e+01
4.561348840370000346e+01,9.978810641977085538e+01
4.563225153629999653e+01,9.978814510564235718e+01
4.563867970239999750e+01,9.978815221174312455e+01
4.565195340009999825e+01,9.978959224325627986e+01
4.565735754949999858e+01,9.978972205325477773e+01
4.566379514049999955e+01,9.979011010266543735e+01
4.567170282069999843e+01,9.979073407411340213e+01
4.567293658210000018e+01,9.979077119746828828e+01
4.568533065780000157e+01,9.979247955357659805e+01
4.568900178460000205e+01,9.979306221144574351e+01
4.570401101969999758e+01,9.979307227559475280e+01
4.572124176439999843e+01,9.979431458894731577e+01
4.574992645959999749e+01,9.979459789663602010e+01
4.575074756459999747e+01,9.979484012779823843e+01
4.578615414339999745e+01,9.979487687682660635e+01
4.578828976359999814e+01,9.979517850633700959e+01
4.579022307559999660e+01,9.979529217830391019e+01
4.579541156119999812e+01,9.979531520229268438e+01
4.579728867040000040e+01,9.979556325380373494e+01
4.581474662160000122e+01,9.979560467681548630e+01
4.582412018400000164e+01,9.979567975827607995e+01
4.583052143870000350e+01,9.979575826783738535e+01
4.585553180370000348e+01,9.979579842098391396e+01
4.586340642500000087e+01,9.979606672572852233e+01
4.586463502960000227e+01,9.979642166606397780e+01
4.589335613469999942e+01,9.979643711114437110e+01
4.589557967439999686e+01,9.979644725627294122e+01
4.590208838019999860e+01,9.979646641609221547e+01
4.591273852479999817e+01,9.979665038517792652e+01
4.594531600380000214e+01,9.979691589498649762e+01
4.595293949700000269e+01,9.979692977069430526e+01
4.597594497890000298e+01,9.979693291213138195e+01
4.597889310440000088e+01,9.979712426448091378e+01
4.598143255360000126e+01,9.979717232879374933e+01
4.598659946579999769e+01,9.979751546305337229e+01
4.599658188480000121e+01,9.979752288773136115e+01
4.600377144250000327e+01,9.979752685354939956e+01
4.600585417490000140e+01,9.979854781275693654e+01
4.601654879939999887e+01,9.979855680900843140e+01
4.603472678279999997e+01,9.980038146914399988e+01
4.604008600259999895e+01,9.980068100011237675e+01
4.604647008580000289e+01,9.980117142647556250e+01
4.607531296110000341e+01,9.980138257578646233e+01
4.607885473910000229e+01,9.980188511956133368e+01
4.608413770130000131e+01,9.980188767390725957e+01
4.608635203629999921e+01,9.980191064073513019e+01
4.609878173970000148e+01,9.980195376764442017e+01
4.613188693069999857e+01,9.980195611647523890e+01
4.613613461570000140e+01,9.980252308115377957e+01
4.613776306449999964e+01,9.980267056787006652e+01
4.614347471500000353e+01,9.980272474626509904e+01
4.616638525009999938e+01,9.980280155655350427e+01
4.616781489280000272e+01,9.980300696363131863e+01
4.616932121520000010e+01,9.980316220307008734e+01
4.617885739479999785e+01,9.980369428364750206e+01
4.619409699620000254e+01,9.980373380293275432e+01
4.619617114790000301e+01,9.980655908533434229e+01
4.620682172330000270e+01,9.980658664125724044e+01
4.621181576259999702e+01,9.980715547786998343e+01
4.626534420950000026e+01,9.980740979352231079e+01
4.628871664079999704e+01,9.980820206332101918e+01
4.632753814910000045e+01,9.980821929770290524e+01
4.635604315980000223e+01,9.980838265893827099e+01
4.636661030479999823e+01,9.980866118003332588e+01
4.636805920919999835e+01,9.980884864965729264e+01
4.637651092750000004e+01,9.980885733083326272e+01
4.637853592940000169e+01,9.980887810526245119e+01
4.638364159550000210e+01,9.980917779278742330e+01
4.639631433779999981e+01,9.980923512379973772e+01
4.639665974100000057e+01,9.980933680052508805e+01
4.639874329239999895e+01,9.980934048855453966e+01
4.643376874650000019e+01,9.981035143179502711e+01
4.643498225999999818e+01,9.981050892285419707e+01
4.645078390649999989e+01,9.981069314321295849e+01
4.645248887239999647e+01,9.981302572765778791e+01
4.646554707250000149e+01,9.981305128010320971e+01
4.647197595069999920e+01,9.981312929682913193e+01
4.647787536679999931e+01,9.981314496589017438e+01
4.651071072900000303e+01,9.981323791002255064e+01
4.651492382029999817e+01,9.981338299997854335e+01
4.651653900840000233e+01,9.981351800455790624e+01
4.652220415570000256e+01,9.981351955884582594e+01
4.653711819680000161e+01,9.981354472754195228e+01
4.654634628729999690e+01,9.981358174401881911e+01
4.654844703029999664e+01,9.981361776613449877e+01
4.655034877180000308e+01,9.981376940941309783e+01
4.656732980660000010e+01,9.981383391304095198e+01
4.657447207919999954e+01,9.981419117680665920e+01
4.658369277010000076e+01,9.981427819870212659e+01
4.658745528010000214e+01,9.981428648368300571e+01
4.658998966299999722e+01,9.981429745753484895e+01
4.661459254839999744e+01,9.981441582479217800e+01
4.662233896280000067e+01,9.981441915255284414e+01
4.662354756829999758e+01,9.981462189546607533e+01
4.663568900679999985e+01,9.981553363103634524e+01
4.664098340310000168e+01,9.981680017367492042e+01
4.664308411279999689e+01,9.981680420019010569e+01
4.664658278120000290e+01,9.981682891149009151e+01
4.665180145250000265e+01,9.981684048228353845e+01
4.665398884460000062e+01,9.981685849911153241e+01
4.666039175920000304e+01,9.981692452757690148e+01
4.667086886159999892e+01,9.981839892894616639e+01
4.669977467329999854e+01,9.981974235486694624e+01
4.670291751210000086e+01,9.981979211539514552e+01
4.672527132529999960e+01,9.981986374877429569e+01
4.673595032269999905e+01,9.982056322491294509e+01
4.675335267700000230e+01,9.982079903724070391e+01
4.676042587909999781e+01,9.982080302103913994e+01
4.677299653499999721e+01,9.982081704794065047e+01
4.677333915650000051e+01,9.982143335545681850e+01
4.677540592919999796e+01,9.982144075457345878e+01
4.679088064380000134e+01,9.982189258953575006e+01
4.679615326700000111e+01,9.982262478695874108e+01
4.680243421899999845e+01,9.982262719905375548e+01
4.683949390339999752e+01,9.982265209292549457e+01
4.684167253070000214e+01,9.982268925655883152e+01
4.688727508510000064e+01,9.982337901066240704e+01
4.689787522089999783e+01,9.982338111899635180e+01
4.691266983220000242e+01,9.982373842153674559e+01
4.692390799649999877e+01,9.982418355729274140e+01
4.692579452180000033e+01,9.982425309397410729e+01
4.693228894819999653e+01,9.982473179573028688e+01
4.693268915960000243e+01,9.982570180244744051e+01
4.694063907639999655e+01,9.982573974536131800e+01
4.694263974310000265e+01,9.982584165152772471e+01
4.695887192880000072e+01,9.982585823714272522e+01
4.696020459100000011e+01,9.982587709512350216e+01
4.696511851929999892e+01,9.982740188589851016e+01
4.698326905340000081e+01,9.982787178532180405e+01
4.701402085139999798e+01,9.982846201628858296e+01
4.701570539229999923e+01,9.982899662671549379e+01
4.701778935979999829e+01,9.982984850375827079e+01
4.702643724010000170e+01,9.982987284462984690e+01
4.707739339750000340e+01,9.983230441483517836e+01
4.707898928840000252e+01,9.983233577613846421e+01
4.710703958949999759e+01,9.983233955623656186e+01
4.710844068520000150e+01,9.983240439992000859e+01
4.711051636340000215e+01,9.983252994267522240e+01
4.711743830700000046e+01,9.983260249913344353e+01
4.711926275009999898e+01,9.983296069750802815e+01
4.712718119369999670e+01,9.983298015487257260e+01
4.714534190340000208e+01,9.983304743866584374e+01
4.714666929479999880e+01,9.983306644165841703e+01
4.714700920069999768e+01,9.983670970717631121e+01
4.714905959370000232e+01,9.983672195011104122e+01
4.716964258200000160e+01,9.983672766136287180e+01
4.717587380799999863e+01,9.983678343142186407e+01
4.720195084840000277e+01,9.983708677259321007e+01
4.721480177019999758e+01,9.983709031476692530e+01
4.722112864190000181e+01,9.983710974748075273e+01
4.722693447670000211e+01,9.983718242692370382e+01
4.726004428299999915e+01,9.983760624094652769e+01
4.727056082770000245e+01,9.983766787977441481e+01
4.728523883329999933e+01,9.983778516892355981e+01
4.729432095039999950e+01,9.983784747845167828e+01
4.732200218620000243e+01,9.983837773715605124e+01
4.733107724900000335e+01,9.983845442115200797e+01
4.733478035160000275e+01,9.983846929066790210e+01
4.735007225460000058e+01,9.983861413360574488e+01
4.736911369050000076e+01,9.983883968423670296e+01
4.737030324269999682e+01,9.983931418081985498e+01
4.738225332959999747e+01,9.983946054210217369e+01
4.739811198999999675e+01,9.983946476935572889e+01
4.740026494189999795e+01,9.983947317554743961e+01
4.741687929159999726e+01,9.983954979725895384e+01
4.744533060269999680e+01,9.983968635048154283e+01
4.745580608659999911e+01,9.983970510834889467e+01
4.748339733630000126e+01,9.984076108846878128e+01
4.749806762379999725e+01,9.984089998888678963e+01
4.751774086910000250e+01,9.984190241547319999e+01
4.751977526560000342e+01,9.984192107635006153e+01
4.754638041190000308e+01,9.984266563071732037e+01
4.757058952450000078e+01,9.984267467996326673e+01
4.758286068099999966e+01,9.984268565111223381e+01
4.758500527399999669e+01,9.984271553747908001e+01
4.762910743129999958e+01,9.984307098499145638e+01
4.763479887129999923e+01,9.984308613152531109e+01
4.764033104100000315e+01,9.984309085141366324e+01
4.766390683619999891e+01,9.984351566355068996e+01
4.766536587899999944e+01,9.984365398364309385e+01
4.766595832590000015e+01,9.984387726176237265e+01
4.768439857549999772e+01,9.984392663626296383e+01
4.768936443500000166e+01,9.984393044831055875e+01
4.769137355579999848e+01,9.984418435088790034e+01
4.770037834530000254e+01,9.984420373648138991e+01
4.776689482209999937e+01,9.984420892478999576e+01
4.777528462819999788e+01,9.984425529522694376e+01
4.778551728800000120e+01,9.984658098054504194e+01
4.781296356709999884e+01,9.984700712257020427e+01
4.781681886460000186e+01,9.984749187308216278e+01
4.788396082869999759e+01,9.984760831993331465e+01
4.788526774540000019e+01,9.984770752254199522e+01
4.788762117729999801e+01,9.984770927367148374e+01
4.788844532840000312e+01,9.984771376468326309e+01
4.789008675449999686e+01,9.984774360781979397e+01
4.790273659839999709e+01,9.984849927209559439e+01
4.790788685350000264e+01,9.984909620135627506e+01
4.791402207090000331e+01,9.984909975795977743e+01
4.793454664109999896e+01,9.984920444832113162e+01
4.793804552169999766e+01,9.984921162865875033e+01
4.795235080430000352e+01,9.984922090338599787e+01
4.799611542019999888e+01,9.984973015836364141e+01
4.799995600719999800e+01,9.985035545530946877e+01
4.800176334510000231e+01,9.985067390923903474e+01
4.800725322720000321e+01,9.985071078423661106e+01
4.803064891940000081e+01,9.985082650103650792e+01
4.803947381510000270e+01,9.985117784361754900e+01
4.804126324250000124e+01,9.985175778631348464e+01
4.807048858070000108e+01,9.985176453852011491e+01
4.807130959660000258e+01,9.985178367868046223e+01
4.807294477890000195e+01,9.985341059156948518e+01
4.812236710429999675e+01,9.985354844943064734e+01
4.812440314919999906e+01,9.985355784593534167e+01
4.814117823689999653e+01,9.985361139227805438e+01
4.818239706640000009e+01,9.985391052489730157e+01
4.820406480100000124e+01,9.985410668146529645e+01
4.821160483820000309e+01,9.985511829904608305e+01
4.822176536380000300e+01,9.985535895568166609e+01
4.823128517309999808e+01,9.985540330113943241e+01
4.823814166510000234e+01,9.985632046624635905e+01
4.825032733340000135e+01,9.985636180711880172e+01
4.825065946450000354e+01,9.985678748687385564e+01
4.825266296019999857e+01,9.985680115090455899e+01
4.825348087649999940e+01,9.985682461260529408e+01
4.828634365580000321e+01,9.985684559124749171e+01
4.830637420499999735e+01,9.985733779450778513e+01
4.830975241539999843e+01,9.985739051682162426e+01
4.831690354719999902e+01,9.985739857853737078e+01
4.832875957710000137e+01,9.985753737376947470e+01
4.836033825519999851e+01,9.985815854889307275e+01
4.836111503899999775e+01,9.985829456045577501e+01
4.836439022310000269e+01,9.985920733531872884e+01
4.839461185239999708e+01,9.985926649509119102e+01
4.841285448939999725e+01,9.985938467201921753e+01
4.842166408850000181e+01,9.985961811417615763e+01
4.843053309369999937e+01,9.985965497137776481e+01
4.843182526129999843e+01,9.985965765750992773e+01
4.843215614780000067e+01,9.986010261329599302e+01
4.848054860229999719e+01,9.986022949778310931e+01
4.848766233999999997e+01,9.986041093685497572e+01
4.849604811119999681e+01,9.986044532012915909e+01
4.851439068919999897e+01,9.986048456102430748e+01
4.854522229620000218e+01,9.986121004433765336e+01
4.857421190099999819e+01,9.986121273229674955e+01
4.857557067820000185e+01,9.986121975346098623e+01
4.858567936330000236e+01,9.986189857590807151e+01
4.859374538130000332e+01,9.986189966151974318e+01
4.859567799020000223e+01,9.986197370745729529e+01
4.861135820060000157e+01,9.986203412320057282e+01
4.861264556169999906e+01,9.986204264029761646e+01
4.861496378159999665e+01,9.986204821322296254e+01
4.861577560239999940e+01,9.986206931605806858e+01
4.861739247229999705e+01,9.986226792055255430e+01
4.864096989640000146e+01,9.986231042470039654e+01
4.864839364630000063e+01,9.986273192787950848e+01
4.864955191840000026e+01,9.986314078138848060e+01
4.866463448849999907e+01,9.986362491303643196e+01
4.867872624790000202e+01,9.986366549824630567e+01
4.869049417480000130e+01,9.986375614599711525e+01
4.869490439770000023e+01,9.986408918564372073e+01
4.872586030410000291e+01,9.986418933823574662e+01
4.873281034250000232e+01,9.986419815529694688e+01
4.874704805860000079e+01,9.986453070288176548e+01
4.875585787440000018e+01,9.986462319106735208e+01
4.875786342020000319e+01,9.986504777232229912e+01
4.875967898929999933e+01,9.986549126649842378e+01
4.876455152970000029e+01,9.986561034869362175e+01
4.877589086519999739e+01,9.986566942397358559e+01
4.879151316029999919e+01,9.986570326542970122e+01
4.879591425299999941e+01,9.986572247614775222e+01
4.879752515420000236e+01,9.986577307608538945e+01
4.880993982209999871e+01,9.986589294440507558e+01
4.882101558579999789e+01,9.986625967624013356e+01
4.882956596390000215e+01,9.986638937141707117e+01
4.884115901069999666e+01,9.986656047196635200e+01
4.884621435870000283e+01,9.986661826200375458e+01
4.884822023289999748e+01,9.986738413847994877e+01
4.885654411779999862e+01,9.986742390368975464e+01
4.885863280400000264e+01,9.986744664985353381e+01
4.886474683750000025e+01,9.986745944534069963e+01
4.891251797080000330e+01,9.986753000398009306e+01
4.893690199569999777e+01,9.986785471160025907e+01
4.896027729459999733e+01,9.986786095011278519e+01
4.897228327570000062e+01,9.986790981638483800e+01
4.897458447209999832e+01,9.986791241714799128e+01
4.897539033179999990e+01,9.986792793658503342e+01
4.898936451720000207e+01,9.986846045255214221e+01
4.899440054690000323e+01,9.986847729138710861e+01
4.900039972479999761e+01,9.986857227239994472e+01
4.900776902799999846e+01,9.986957648693690714e+01
4.903579828550000030e+01,9.986957984365119501e+01
4.908619914420000185e+01,9.986959187891358170e+01
4.911444693570000197e+01,9.986960170165770023e+01
4.911643783939999963e+01,9.986961641277437707e+01
4.911824015450000047e+01,9.986967436179958213e+01
4.913242230209999661e+01,9.986967750431834645e+01
4.914984208719999970e+01,9.986988339338765286e+01
4.915111534439999730e+01,9.986989321814822063e+01
4.918761767920000239e+01,9.987017268125788405e+01
4.921439955809999844e+01,9.987017919344522454e+01
4.922254264280000058e+01,9.987020527520171242e+01
4.923247450009999682e+01,9.987114892460731141e+01
4.925911456749999928e+01,9.987154893170641401e+01
4.926461769649999667e+01,9.987169241386764895e+01
4.929417407420000075e+01,9.987204999997079824e+01
4.929474694529999823e+01,9.987226883043565806e+01
4.930310585029999970e+01,9.987227317427449691e+01
4.931067360760000184e+01,9.987229824915002041e+01
4.931257811940000124e+01,9.987238016453049738e+01
4.931900190040000354e+01,9.987238105315830694e+01
4.932962396920000003e+01,9.987259283456047854e+01
4.933158364519999850e+01,9.987261323529477863e+01
4.933238367319999895e+01,9.987263637022618923e+01
4.933397705710000025e+01,9.987274123899099720e+01
4.934625676310000131e+01,9.987320540307187855e+01
4.935125637390000009e+01,9.987343320294571924e+01
4.936452821440000349e+01,9.987374760924446093e+01
4.938213733999999988e+01,9.987400504988332273e+01
4.939442104700000158e+01,9.987401687617035861e+01
4.940046876889999794e+01,9.987409581251141333e+01
4.944063773469999745e+01,9.987440044802205819e+01
4.944087280619999802e+01,9.987484667558993578e+01
4.944239240929999823e+01,9.987489335752719910e+01
4.946175427429999871e+01,9.987505599685144375e+01
4.948074228269999963e+01,9.987516308687479238e+01
4.949658128410000302e+01,9.987517444443085424e+01
4.949690106749999785e+01,9.987711948720159683e+01
4.950557744259999993e+01,9.987727363171026695e+01
4.950911790069999796e+01,9.987729336727821305e+01
4.950991505999999731e+01,9.987734346024150511e+01
4.951150273049999839e+01,9.987761324407594543e+01
4.952373841800000065e+01,9.987825501261562522e+01
4.955450791770000052e+01,9.987899190848600028e+01
4.956146750629999786e+01,9.987931328779670537e+01
4.956967162080000122e+01,9.987933085259200539e+01
4.957173025969999713e+01,9.987933250228763882e+01
4.961482359499999717e+01,9.987944753612771365e+01
4.964887529829999835e+01,9.987961293881218694e+01
4.965601210039999813e+01,9.987969290218383378e+01
4.966525699489999823e+01,9.988006274717304223e+01
4.967384448229999805e+01,9.988089023999624771e+01
4.968374956350000105e+01,9.988094816124902309e+01
4.968681212970000161e+01,9.988095189940551677e+01
4.971146361400000302e+01,9.988145728567228332e+01
4.973461884929999854e+01,9.988148072689189405e+01
4.974635619779999729e+01,9.988149336163772318e+01
4.974840752530000287e+01,9.988149653048733967e+01
4.979059347980000183e+01,9.988157497370163185e+01
4.980132996279999702e+01,9.988158733026205027e+01
4.982388322140000270e+01,9.988168824101238386e+01
4.982584577800000147e+01,9.988178887645983650e+01
4.982762243300000193e+01,9.988192321680131158e+01
4.984984232210000243e+01,9.988193928397379295e+01
4.985015983939999984e+01,9.988256969717865275e+01
4.986002989429999843e+01,9.988263661880927202e+01
4.989601361239999733e+01,9.988283696992998273e+01
4.991230629180000022e+01,9.988399085578372194e+01
4.991426932360000279e+01,9.988404646221181338e+01
4.993044307510000124e+01,9.988408821206742516e+01
4.997041859870000025e+01,9.988413453252945828e+01
4.999966949510000092e+01,9.988418922887173323e+01
5.000986590600000170e+01,9.988422303478188269e+01
5.001469428819999763e+01,9.988422388091869664e+01
5.001732672880000052e+01,9.988422876801172379e+01
5.002553737750000096e+01,9.988424241506018575e+01
5.003443843010000336e+01,9.988426040822278651e+01
5.003568917700000185e+01,9.988427009773950260e+01
5.003794146839999968e+01,9.988427411223078423e+01
5.003873020310000186e+01,9.988427912247806262e+01
5.007042128129999981e+01,9.988446886659592394e+01
5.009989293430000146e+01,9.988448710797410968e+01
5.011561231009999773e+01,9.988497834405973208e+01
5.014253235980000056e+01,9.988617118523038130e+01
5.014718943879999813e+01,9.988636083742773053e+01
5.015244447469999756e+01,9.988645906631545301e+01
5.017483990990000109e+01,9.988651735745854410e+01
5.017678873959999919e+01,9.988659461880592971e+01
5.018981226409999863e+01,9.988659863123035620e+01
5.019430657560000242e+01,9.988662861232144508e+01
5.020093282740000262e+01,9.988689942842739811e+01
5.020948754350000343e+01,9.988696447037629866e+01
5.021297836969999651e+01,9.988696523695266194e+01
5.021532977180000046e+01,9.988873435941911794e+01
5.024534503459999968e+01,9.988884502883121286e+01
5.026264557390000220e+01,9.988910603959078571e+01
5.027268429320000109e+01,9.988911673640019728e+01
5.027471414530000260e+01,9.988912097800253775e+01
5.035078211750000321e+01,9.988926670169384181e+01
5.035781944419999689e+01,9.988944315756923231e+01
5.036693552149999675e+01,9.988953661550364416e+01
5.038517055789999688e+01,9.988966090563901901e+01
5.038740722760000068e+01,9.988966460093831756e+01
5.038819049210000145e+01,9.988969180132637860e+01
5.040177297190000161e+01,9.989000240233238515e+01
5.041249900670000272e+01,9.989002329472803865e+01
5.044690670810000199e+01,9.989004576299996074e+01
5.044892955019999903e+01,9.989007711974650761e+01
5.049053020640000256e+01,9.989011009235954930e+01
5.049127421829999918e+01,9.989034856860563139e+01
5.049441123550000299e+01,9.989147508353293858e+01
5.053822786589999794e+01,9.989148210969143804e+01
5.054895865390000154e+01,9.989150891404008803e+01
5.055776755469999983e+01,9.989151747585290764e+01
5.055932232039999974e+01,9.989175728582667091e+01
5.060568068060000257e+01,9.989192559852703823e+01
5.061249572549999698e+01,9.989213995392596246e+01
5.062052949920000344e+01,9.989215351490410910e+01
5.066764186500000022e+01,9.989217926675443948e+01
5.069671972700000140e+01,9.989225399632462654e+01
5.069864849590000233e+01,9.989278056143049866e+01
5.070508061230000152e+01,9.989284027187800064e+01
5.071153799870000256e+01,9.989285187463620730e+01
5.073224450859999735e+01,9.989288854802552464e+01
5.073256039129999806e+01,9.989344382802472921e+01
5.073446587730000346e+01,9.989345854392331603e+01
5.073524378369999965e+01,9.989347406994389189e+01
5.075938609589999828e+01,9.989440002289265408e+01
5.080144877360000066e+01,9.989443302825782212e+01
5.084740040799999861e+01,9.989448674251222826e+01
5.087315224670000191e+01,9.989501900502638421e+01
5.087782238129999968e+01,9.989505629867603886e+01
5.087951198430000233e+01,9.989510501678446985e+01
5.088869082680000133e+01,9.989514958694010716e+01
5.089491567660000015e+01,9.989515968375222599e+01
5.090366470930000276e+01,9.989517810967282685e+01
5.090710793409999724e+01,9.989518063368961975e+01
5.090788320250000254e+01,9.989518891876107887e+01
5.094013973860000277e+01,9.989533196952214666e+01
5.095609857070000004e+01,9.989565809715347200e+01
5.096600070150000050e+01,9.989570872694159220e+01
5.097386396840000344e+01,9.989578525020617406e+01
5.106732525369999820e+01,9.989609005298881073e+01
5.107916648279999805e+01,9.989610488793873344e+01
5.111098462630000228e+01,9.989622038831925011e+01
5.113985661120000259e+01,9.989623598343439426e+01
5.118162965009999965e+01,9.989632966076169396e+01
5.118619218879999977e+01,9.989668035185690087e+01
5.121328169699999933e+01,9.989671945744713355e+01
5.122795054739999898e+01,9.989673109599961265e+01
5.123052064579999865e+01,9.989674763886273468e+01
5.123235378929999939e+01,9.989678259390608162e+01
5.124722725739999873e+01,9.989701790252217961e+01
5.124844840549999958e+01,9.989703662043540078e+01
5.124876110649999816e+01,9.989724110519310329e+01
5.130914585370000225e+01,9.989725309566134115e+01
5.131695654060000322e+01,9.989731513727271306e+01
5.132648312290000092e+01,9.989807125811374533e+01
5.135562650399999995e+01,9.989809494555431968e+01
5.135585281000000180e+01,9.989812373769602516e+01
5.138566844980000070e+01,9.989817374165778574e+01
5.139256406669999677e+01,9.989822833033753113e+01
5.140149663199999708e+01,9.989845306823990256e+01
5.140332367810000136e+01,9.989846199138513327e+01
5.140948621430000287e+01,9.989847477781977148e+01
5.141814769060000145e+01,9.989856582737206736e+01
5.141936477960000218e+01,9.989858326457523674e+01
5.142232397760000140e+01,9.989860017214844845e+01
5.142385260399999680e+01,9.989959324086250092e+01
5.144614386220000313e+01,9.989967749150112297e+01
5.148184296369999657e+01,9.989968880787965588e+01
5.152641291810000013e+01,9.989978507813131614e+01
5.155478098969999934e+01,9.989989182310203830e+01
5.156311109250000158e+01,9.989989537285501342e+01
5.156935270110000147e+01,9.989989977002258570e+01
5.157986897210000166e+01,9.989992288834808676e+01
5.158850184189999766e+01,9.989994649475453059e+01
5.159266433919999884e+01,9.989997813118854708e+01
5.159418791880000299e+01,9.990009375641658096e+01
5.160592980719999900e+01,9.990051309952356462e+01
5.161640561539999794e+01,9.990054644135895501e+01
5.164213769540000243e+01,9.990057195388443745e+01
5.165198704120000173e+01,9.990057960799117609e+01
5.166723420600000338e+01,9.990076470865584213e+01
5.169618549119999784e+01,9.990080675700426127e+01
5.172828695529999976e+01,9.990081273821589036e+01
5.173298788879999677e+01,9.990082320071229560e+01
5.175950439350000210e+01,9.990099340222222679e+01
5.176168167710000034e+01,9.990100677925283890e+01
5.176244414610000177e+01,9.990102837257801127e+01
5.181175538539999792e+01,9.990138897472215262e+01
5.181960323399999879e+01,9.990141015239440492e+01
5.182157249320000147e+01,9.990144138251054073e+01
5.186585050810000297e+01,9.990166920969427622e+01
5.186729906450000271e+01,9.990170275217619178e+01
5.187237984160000082e+01,9.990178888295780268e+01
5.189591729469999848e+01,9.990221132659821990e+01
5.189762308329999740e+01,9.990224054200453452e+01
5.190230867959999728e+01,9.990224787801558648e+01
5.191104590639999827e+01,9.990225788136881135e+01
5.191285501920000200e+01,9.990229173508905092e+01
5.192753357349999987e+01,9.990241069878439362e+01
5.193318253030000164e+01,9.990249433050379935e+01
5.196328991490000249e+01,9.990250871366454533e+01
5.197893461519999647e+01,9.990255387494838146e+01
5.198081960180000038e+01,9.990268271941371836e+01
5.198864192970000175e+01,9.990269110580200618e+01
5.199635054550000035e+01,9.990276030510796090e+01
5.200575267429999826e+01,9.990307505501677099e+01
5.203473896639999907e+01,9.990334149907079109e+01
5.203618282130000239e+01,9.990335058261892698e+01
5.207725961599999920e+01,9.990336124649307692e+01
5.207978780159999843e+01,9.990344137996220297e+01
5.208767334289999695e+01,9.990344449220258127e+01
5.209742331239999658e+01,9.990351506168669005e+01
5.209773091769999809e+01,9.990361406174896786e+01
5.209958647399999876e+01,9.990361843082820315e+01
5.210034399799999960e+01,9.990362131338996221e+01
5.211348023640000093e+01,9.990391764219768334e+01
5.212385403769999925e+01,9.990411728159523364e+01
5.213186270549999790e+01,9.990429756670931738e+01
5.215908929799999783e+01,9.990431231214536467e+01
5.220004670330000351e+01,9.990440283045307979e+01
5.223295370350000155e+01,9.990450215224400665e+01
5.223930385250000086e+01,9.990451473169942176e+01
5.224546467849999942e+01,9.990452731157249389e+01
5.225614778290000118e+01,9.990460981980659483e+01
5.226771968559999948e+01,9.990461591340748271e+01
5.226847477279999765e+01,9.990463120577132372e+01
5.229881472860000002e+01,9.990511743271525802e+01
5.231730905930000119e+01,9.990534686317388946e+01
5.232508108369999889e+01,9.990537747430397530e+01
5.232703132000000323e+01,9.990539215599869749e+01
5.237066006650000105e+01,9.990544519402178025e+01
5.237734836290000118e+01,9.990544971624335346e+01
5.240234835190000240e+01,9.990556641723750886e+01
5.240688221540000313e+01,9.990563781824501177e+01
5.240698882169999706e+01,9.990565285459371125e+01
5.243316447170000316e+01,9.990566409904640466e+01
5.243531378269999976e+01,9.990567851639065111e+01
5.243606645660000254e+01,9.990568239122823968e+01
5.244911861109999762e+01,9.990616598990484931e+01
5.246630949840000113e+01,9.990655966551523193e+01
5.253957702249999784e+01,9.990657464449795100e+01
5.254459279400000327e+01,9.990660655522955835e+01
5.256596907779999839e+01,9.990663232698069862e+01
5.256729206060000337e+01,9.990699513654838881e+01
5.257413896319999935e+01,9.990701152077153324e+01
5.258276455800000093e+01,9.990713318005163046e+01
5.259057468190000151e+01,9.990715376754202737e+01
5.259904166879999821e+01,9.990718052685507189e+01
5.260023143370000298e+01,9.990718685563030022e+01
5.260461851569999681e+01,9.990729661198257361e+01
5.263434183340000061e+01,9.990738793020963726e+01
5.265937078190000165e+01,9.990742068721678493e+01
5.267626365529999788e+01,9.990792067226537654e+01
5.273261529119999835e+01,9.990801070322041255e+01
5.273393409319999847e+01,9.990811225751681945e+01
5.274065343040000187e+01,9.990812481779691723e+01
5.274686161820000052e+01,9.990812724440985448e+01
5.274935771100000181e+01,9.990818531515516554e+01
5.276558343130000139e+01,9.990823166801429522e+01
5.276676944110000278e+01,9.990826845852581073e+01
5.276890516409999776e+01,9.990827663093011779e+01
5.282765410140000029e+01,9.990827836386786487e+01
5.283330882949999818e+01,9.990832986349958844e+01
5.287108955859999782e+01,9.990845810636750457e+01
5.289873652379999669e+01,9.990860351891706159e+01
5.290058500669999830e+01,9.990876535642945555e+01
5.290674942420000093e+01,9.990883155492136325e+01
5.290685502329999679e+01,9.990883453061189812e+01
5.291720115830000282e+01,9.990886352632057310e+01
5.292318741439999741e+01,9.990887395450388908e+01
5.292348649289999685e+01,9.990935592116439068e+01
5.293491251140000031e+01,9.990937086935089440e+01
5.295879730099999705e+01,9.991011021496636602e+01
5.296561586039999980e+01,9.991019150764731194e+01
5.299155170289999717e+01,9.991019514476627705e+01
5.299347741199999717e+01,9.991020048326107883e+01
5.299911444770000202e+01,9.991029484676818129e+01
5.304316226419999936e+01,9.991033051056524528e+01
5.305318220400000229e+01,9.991033297105218480e+01
5.307243087349999655e+01,9.991034786181171512e+01
5.309827848409999973e+01,9.991036102175698375e+01
5.310114412040000076e+01,9.991038327884079706e+01
5.311403284010000192e+01,9.991060689891830293e+01
5.314921334350000137e+01,9.991081012346199941e+01
5.315878345659999837e+01,9.991083463297812273e+01
5.321830279459999957e+01,9.991083688458736844e+01
5.323073018510000054e+01,9.991092771805455186e+01
5.323292369029999804e+01,9.991097530217993494e+01
5.323749176270000305e+01,9.991098997144001714e+01
5.324353708820000008e+01,9.991100074421427735e+01
5.324777365450000133e+01,9.991100862659020265e+01
5.325401997310000013e+01,9.991109863440247807e+01
5.332166325800000095e+01,9.991113361235815660e+01
5.336801669100000112e+01,9.991139106094824740e+01
5.338291264720000129e+01,9.991139980241021590e+01
5.340193784619999917e+01,9.991144600503784545e+01
5.341053435770000135e+01,9.991165045115144494e+01
5.341229268179999679e+01,9.991167101015984997e+01
5.342983991820000256e+01,9.991167249153956220e+01
5.343057858209999722e+01,9.991171260279638489e+01
5.346131304090000214e+01,9.991181740490338825e+01
5.348786291590000275e+01,9.991187688042299442e+01
5.349344785419999937e+01,9.991196469468144414e+01
5.352780360469999721e+01,9.991198603868032535e+01
5.355806911450000030e+01,9.991206176539225225e+01
5.356608768529999764e+01,9.991206930578702838e+01
5.357209593049999796e+01,9.991207793027217576e+01
5.358221913610000087e+01,9.991208699238734425e+01
5.359052944940000174e+01,9.991215505820598253e+01
5.359380005229999711e+01,9.991215814813267571e+01
5.359453645650000198e+01,9.991216409634957074e+01
5.359600312869999783e+01,9.991306505340487831e+01
5.366632477510000143e+01,9.991320843750418135e+01
5.369146458339999839e+01,9.991324139439817031e+01
5.371061890749999890e+01,9.991324940322971315e+01
5.372952806840000051e+01,9.991327426869690953e+01
5.374816070079999974e+01,9.991327489632533343e+01
5.375516365370000216e+01,9.991328886035275048e+01
5.375726010879999706e+01,9.991330433743378592e+01
5.375799427390000318e+01,9.991331503181986307e+01
5.378749404180000226e+01,9.991336758012165831e+01
5.381493008489999852e+01,9.991339297726634072e+01
5.386385722170000179e+01,9.991347513456028651e+01
5.387372452120000332e+01,9.991347834726231270e+01
5.388652481129999927e+01,9.991416204221363273e+01
5.389268012109999972e+01,9.991416375967567376e+01
5.390283703680000116e+01,9.991418473757644847e+01
5.390871384369999930e+01,9.991419857646471314e+01
5.390900745470000288e+01,9.991423466659547614e+01
5.391115273380000161e+01,9.991423674083648621e+01
5.391697383380000019e+01,9.991433383795671830e+01
5.391813451699999860e+01,9.991448171917876664e+01
5.402023124410000321e+01,9.991470651645965972e+01
5.403633781220000287e+01,9.991471290255812221e+01
5.404857711220000027e+01,9.991479612185626991e+01
5.407122190820000185e+01,9.991480827582900304e+01
5.407365346870000167e+01,9.991481204887452350e+01
5.408061427309999658e+01,9.991485354623978310e+01
5.408269811259999926e+01,9.991487671143934790e+01
5.408342785989999868e+01,9.991488976774660102e+01
5.409608254510000336e+01,9.991500322531356915e+01
5.410607622180000220e+01,9.991547122567067163e+01
5.417948135780000030e+01,9.991549632586955454e+01
5.421720222910000331e+01,9.991555747858049585e+01
5.421730527580000114e+01,9.991557518759123013e+01
5.422324136240000314e+01,9.991557933764964616e+01
5.424541251979999856e+01,9.991559442370304112e+01
5.429246864510000137e+01,9.991569210801496581e+01
5.429995796309999889e+01,9.991570129523005050e+01
5.430183727219999668e+01,9.991570806456012122e+01
5.430733850179999678e+01,9.991575425241389041e+01
5.436010508529999896e+01,9.991576258728341031e+01
5.437889114109999866e+01,9.991578684545223155e+01
5.439719864279999939e+01,9.991579023367978607e+01
5.440618949960000350e+01,9.991581803742602119e+01
5.442942866540000324e+01,9.991588902974629605e+01
5.446129859959999919e+01,9.991593051637043743e+01
5.446317234149999820e+01,9.991596232706093872e+01
5.450530446439999821e+01,9.991604148177827938e+01
5.452126773330000020e+01,9.991604940993421735e+01
5.453212291349999674e+01,9.991619257029292100e+01
5.454589924620000119e+01,9.991620072362479732e+01
5.454831301629999984e+01,9.991641041797291223e+01
5.455584175629999777e+01,9.991642301234286094e+01
5.455825171819999753e+01,9.991642595991609710e+01
5.456400378320000044e+01,9.991649019145769728e+01
5.456515070310000226e+01,9.991656192738379616e+01
5.456937981650000324e+01,9.991659498512292714e+01
5.462216267710000039e+01,9.991662498851925989e+01
5.468195539309999731e+01,9.991662872225836622e+01
5.469456653139999958e+01,9.991667295860311526e+01
5.470651455659999840e+01,9.991668506931830507e+01
5.470892124040000226e+01,9.991671180492647864e+01
5.471063783609999831e+01,9.991674750630330948e+01
5.471883077070000212e+01,9.991675048418615290e+01
5.472848993470000067e+01,9.991675716382644623e+01
5.472992621880000286e+01,9.991680469197106618e+01
5.475087145949999723e+01,9.991684340890066096e+01
5.478441714779999927e+01,9.991685966200782332e+01
5.479879275510000269e+01,9.991689684124122550e+01
5.482630240579999992e+01,9.991700396534652384e+01
5.482767274660000112e+01,9.991704041103113809e+01
5.485474654410000284e+01,9.991707632279751294e+01
5.485636032640000082e+01,9.991711054563720040e+01
5.486079322089999977e+01,9.991711410042528030e+01
5.488785190690000348e+01,9.991711952371318262e+01
5.488857094969999650e+01,9.991715390161147070e+01
5.493507616299999796e+01,9.991720829234290591e+01
5.494977212519999910e+01,9.991733937444533353e+01
5.495866899570000186e+01,9.991769099739822479e+01
5.500192238769999875e+01,9.991769571838139541e+01
5.502048930339999799e+01,9.991769891734077191e+01
5.502873144109999970e+01,9.991774574899957884e+01
5.503858339050000126e+01,9.991775033842125708e+01
5.504542217430000051e+01,9.991776343685221207e+01
5.504746949060000105e+01,9.991778827607528513e+01
5.504818644849999743e+01,9.991780873532989915e+01
5.510193723100000085e+01,9.991786286233664782e+01
5.510378918869999865e+01,9.991787383598263261e+01
5.514679428160000185e+01,9.991788877857649709e+01
5.515157293960000118e+01,9.991789991477526200e+01
5.517193916219999750e+01,9.991790851742793222e+01
5.517531593910000254e+01,9.991794094738334309e+01
5.517972321020000237e+01,9.991794990099245410e+01
5.518538677139999749e+01,9.991795144605015366e+01
5.518555577349999908e+01,9.991796056460830755e+01
5.519776509969999978e+01,9.991796777161751208e+01
5.520876429529999996e+01,9.991820839295037615e+01
5.523708632849999844e+01,9.991823489486452559e+01
5.525357738430000154e+01,9.991837001883041580e+01
5.526818865620000309e+01,9.991842686994441181e+01
5.532003874789999998e+01,9.991843543419523144e+01
5.533073721969999781e+01,9.991847771879946549e+01
5.533250445729999711e+01,9.991852162863588660e+01
5.533839797190000098e+01,9.991858265485687696e+01
5.534414624400000093e+01,9.991858657895107854e+01
5.535411386300000203e+01,9.991858947754603548e+01
5.535648907190000045e+01,9.991859106749588193e+01
5.536328858619999949e+01,9.991862418056621209e+01
5.536603699009999957e+01,9.991865138742448949e+01
5.537839858320000275e+01,9.991875940135268763e+01
5.538816089230000017e+01,9.991879504054216454e+01
5.542132084029999817e+01,9.991884326432733587e+01
5.542671095869999931e+01,9.991884836600752351e+01
5.543553128519999973e+01,9.991896923310480361e+01
5.546272511290000296e+01,9.991927530996895257e+01
5.546883105349999710e+01,9.991930048219147409e+01
5.549682039790000232e+01,9.991931816437187308e+01
5.551239079629999651e+01,9.991933098679614034e+01
5.552041220160000279e+01,9.991937453389186885e+01
5.553660630609999771e+01,9.991943167906912038e+01
5.555385609289999849e+01,9.991957762325959891e+01
5.557940638449999682e+01,9.991962709005350973e+01
5.563633621830000209e+01,9.991963213208667582e+01
5.565459110279999777e+01,9.991969224343439748e+01
5.565469148820000100e+01,9.991969939130333955e+01
5.566030672029999948e+01,9.991970531466407124e+01
5.566283971800000074e+01,9.991973559401326099e+01
5.567257945429999921e+01,9.991973750497609785e+01
5.568207317190000083e+01,9.991974098765817303e+01
5.573704355640000330e+01,9.991974618524595542e+01
5.577956042310000129e+01,9.991976082454047514e+01
5.579381254369999965e+01,9.991976233073110336e+01
5.580442018669999982e+01,9.991987660275087535e+01
5.580775869389999855e+01,9.992000190934085424e+01
5.581211602340000155e+01,9.992001148311032921e+01
5.581771541869999709e+01,9.992002575591182278e+01
5.582192369479999883e+01,9.992003499324364668e+01
5.582759848549999759e+01,9.992006647883441417e+01
5.588513447439999737e+01,9.992011268041379424e+01
5.589241038309999965e+01,9.992013203874277849e+01
5.589958066740000220e+01,9.992020262642706996e+01
5.596266623590000222e+01,9.992022673311102210e+01
5.597484808240000120e+01,9.992023270754873465e+01
5.598688528419999955e+01,9.992023832372522918e+01
5.599249058699999892e+01,9.992025292098362854e+01
5.599562089580000190e+01,9.992028207119888350e+01
5.599772947929999845e+01,9.992031943915580428e+01
5.600854819660000317e+01,9.992037995870214218e+01
5.605098790510000129e+01,9.992042142523402504e+01
5.609796484639999647e+01,9.992043151577188098e+01
5.611973005400000147e+01,9.992073047228794280e+01
5.613137472230000213e+01,9.992074176233354876e+01
5.613539334250000223e+01,9.992076853498230093e+01
5.614896804480000014e+01,9.992082263477324489e+01
5.615208963050000079e+01,9.992085941809499161e+01
5.615279248459999906e+01,9.992089577203205408e+01
5.618203777229999929e+01,9.992094534015843976e+01
5.622131429179999884e+01,9.992123639675685354e+01
5.626359701669999680e+01,9.992123765092553356e+01
5.627535191319999797e+01,9.992124315878152174e+01
5.628164845029999697e+01,9.992131531427749280e+01
5.628730039410000074e+01,9.992132772627454074e+01
5.629943644970000349e+01,9.992133056536934532e+01
5.630612209400000268e+01,9.992135745654844925e+01
5.630882447879999830e+01,9.992136088373675307e+01
5.633057810119999687e+01,9.992164628383906688e+01
5.640389648890000274e+01,9.992168020967915254e+01
5.641932257319999877e+01,9.992168562608453897e+01
5.643742319119999706e+01,9.992170153114516040e+01
5.644312579000000341e+01,9.992171949393927832e+01
5.645273415970000030e+01,9.992173720696145267e+01
5.645506314690000238e+01,9.992173793591091169e+01
5.646173036340000095e+01,9.992174948476684904e+01
5.657461948600000312e+01,9.992176172486688301e+01
5.658508075620000000e+01,9.992184052130798477e+01
5.659819260710000322e+01,9.992184641497289022e+01
5.660068363250000090e+01,9.992212568054509347e+01
5.661580559869999973e+01,9.992216706052541042e+01
5.661691095409999974e+01,9.992222383013911724e+01
5.661890144609999709e+01,9.992226238758647128e+01
5.661959850539999906e+01,9.992232052500861528e+01
5.667365954830000163e+01,9.992232231941045484e+01
5.672863116170000097e+01,9.992232389465544884e+01
5.674749295960000239e+01,9.992232789399642456e+01
5.675713899739999846e+01,9.992235249051583423e+01
5.682646567060000109e+01,9.992238535058888260e+01
5.682826142830000293e+01,9.992241096125131605e+01
5.683351811189999836e+01,9.992242870913575814e+01
5.688308363520000199e+01,9.992243004667804485e+01
5.688394141330000053e+01,9.992243303667626719e+01
5.690189423529999857e+01,9.992244332785065808e+01
5.691939024629999722e+01,9.992244545839997727e+01
5.692867603970000090e+01,9.992249846923797918e+01
5.703711786379999893e+01,9.992250193509778455e+01
5.703797332540000298e+01,9.992250496519989156e+01
5.705587768080000188e+01,9.992251842327350175e+01
5.706135502669999937e+01,9.992253152230200897e+01
5.706151847259999954e+01,9.992255046943924413e+01
5.707332648770000105e+01,9.992255604653766454e+01
5.713442413589999802e+01,9.992259377837771694e+01
5.714143856870000349e+01,9.992267961428767364e+01
5.719159039089999652e+01,9.992268332604848524e+01
5.720934901279999707e+01,9.992274430066157720e+01
5.721490931430000160e+01,9.992275800874466540e+01
5.722455107670000274e+01,9.992276747876185539e+01
5.722684865280000110e+01,9.992277470710052967e+01
5.723342596290000017e+01,9.992281586961134110e+01
5.723608456529999700e+01,9.992282114726927489e+01
5.729477822690000011e+01,9.992288707841773032e+01
5.734394505910000106e+01,9.992289185946296470e+01
5.736260453159999884e+01,9.992289886277625044e+01
5.737766862019999792e+01,9.992293562238981508e+01
5.738542929529999981e+01,9.992298495779392908e+01
5.738848362510000101e+01,9.992300363256757123e+01
5.741051560270000209e+01,9.992303998804038656e+01
5.742369868530000332e+01,9.992304053699410815e+01
5.749674464959999654e+01,9.992304275157549398e+01
5.751535454999999786e+01,9.992305916732651383e+01
5.752323921549999852e+01,9.992307956736753738e+01
5.753266400460000085e+01,9.992308224688170526e+01
5.754185083130000322e+01,9.992313725938160474e+01
5.756313848399999955e+01,9.992317540586736868e+01
5.757628662100000128e+01,9.992317670666859897e+01
5.759504621739999664e+01,9.992328662028316444e+01
5.763488893059999896e+01,9.992330050492074633e+01
5.764913924479999707e+01,9.992330678210053918e+01
5.766194763429999881e+01,9.992336379289181991e+01
5.767311920590000085e+01,9.992337003072955781e+01
5.767556380490000123e+01,9.992340877557482770e+01
5.768496370660000139e+01,9.992341176216508813e+01
5.769548873909999998e+01,9.992348596083384393e+01
5.772847123759999732e+01,9.992348708403750379e+01
5.774541421450000200e+01,9.992350877544629384e+01
5.775235443830000293e+01,9.992362823256029003e+01
5.778691921539999754e+01,9.992372425311194206e+01
5.778821935069999682e+01,9.992373770989266291e+01
5.780197620229999700e+01,9.992374895537781754e+01
5.782521026519999907e+01,9.992375680630605927e+01
5.783458902240000299e+01,9.992377564038372384e+01
5.783686236470000352e+01,9.992377861322205490e+01
5.789891682500000059e+01,9.992381581052063666e+01
5.793984730809999917e+01,9.992383444431160910e+01
5.794439562440000202e+01,9.992384226167644101e+01
5.795272622059999890e+01,9.992384352542103443e+01
5.796378056569999870e+01,9.992386277278367857e+01
5.796546752769999955e+01,9.992390499164507389e+01
5.796699470850000324e+01,9.992392293894152999e+01
5.797109336810000002e+01,9.992393000820824511e+01
5.797118974210000175e+01,9.992393158869288072e+01
5.797674147949999934e+01,9.992396363225614664e+01
5.799883310519999924e+01,9.992400035611277076e+01
5.801859825279999683e+01,9.992413907709102716e+01
5.803164319710000285e+01,9.992414141930363769e+01
5.806382268729999652e+01,9.992416063470579957e+01
5.809561596750000234e+01,9.992417087528781394e+01
5.810392488259999766e+01,9.992417353148154291e+01
5.810476463789999713e+01,9.992417903081329200e+01
5.811815624999999841e+01,9.992425623852557237e+01
5.812224425000000139e+01,9.992427718937351244e+01
5.812234037329999836e+01,9.992428123058704159e+01
5.812771722709999977e+01,9.992429307604861322e+01
5.813014270840000108e+01,9.992432963588294115e+01
5.814594319150000246e+01,9.992434956581196559e+01
5.814788134239999806e+01,9.992444402110611179e+01
5.818263677870000095e+01,9.992444605783086331e+01
5.824062897579999998e+01,9.992448069618927775e+01
5.825473111369999657e+01,9.992448608653330666e+01
5.825556869510000269e+01,9.992448682363705359e+01
5.826572816160000201e+01,9.992453156677096615e+01
5.827309894660000111e+01,9.992454426140567136e+01
5.833323951989999756e+01,9.992454734910639047e+01
5.836525272619999782e+01,9.992462698244200681e+01
5.839236882659999850e+01,9.992467022411760524e+01
5.840598337800000195e+01,9.992467283397814981e+01
5.842881763959999830e+01,9.992468207750549425e+01
5.842897726019999993e+01,9.992471711361133657e+01
5.843283786690000170e+01,9.992471918320561031e+01
5.844050897839999692e+01,9.992473014674396836e+01
5.844887787919999766e+01,9.992479027882583864e+01
5.844955311439999690e+01,9.992480024869826138e+01
5.847764977930000185e+01,9.992480325202734548e+01
5.850192313910000053e+01,9.992486344566110290e+01
5.850702944929999916e+01,9.992489671810434970e+01
5.854693352969999864e+01,9.992491073573185645e+01
5.855517840339999935e+01,9.992491327600309603e+01
5.856778864839999699e+01,9.992495790897544339e+01
5.856930012379999795e+01,9.992497979587393786e+01
5.857335663719999985e+01,9.992505294799391891e+01
5.857345202020000130e+01,9.992507358428805730e+01
5.858279740289999893e+01,9.992508478242105241e+01
5.858820477889999978e+01,9.992510794647023431e+01
5.859580512560000187e+01,9.992512708128303700e+01
5.859946987509999872e+01,9.992520282569658718e+01
5.860081128299999875e+01,9.992548567109972169e+01
5.862749469380000278e+01,9.992549085235023654e+01
5.863328452009999836e+01,9.992549157667987458e+01
5.870565658499999984e+01,9.992549916572862401e+01
5.874000604679999782e+01,9.992550689077876314e+01
5.874641394239999670e+01,9.992551209954008584e+01
5.874900407669999680e+01,9.992564336603582831e+01
5.876985447530000073e+01,9.992566594197509744e+01
5.878273270260000061e+01,9.992566862539818828e+01
5.885409194430000213e+01,9.992567045779964019e+01
5.885492099599999705e+01,9.992567233354320422e+01
5.886497702079999783e+01,9.992568352014815503e+01
5.887227278009999765e+01,9.992572194310938016e+01
5.887997573989999722e+01,9.992579754819203686e+01
5.888918339340000330e+01,9.992579860720753970e+01
5.889451246979999866e+01,9.992582623885844839e+01
5.889557505829999684e+01,9.992585641876686964e+01
5.891407530490000255e+01,9.992585719795091848e+01
5.893180189289999760e+01,9.992586015212417294e+01
5.902641080240000093e+01,9.992586439578471413e+01
5.903039033110000133e+01,9.992588753779058663e+01
5.903798379949999742e+01,9.992588821311521485e+01
5.904626801749999743e+01,9.992593022048342277e+01
5.906281299940000196e+01,9.992593357030108336e+01
5.915149498800000316e+01,9.992594179436673585e+01
5.917502374730000270e+01,9.992595656513069002e+01
5.918418860359999911e+01,9.992601499199247428e+01
5.919534028199999653e+01,9.992611593345398546e+01
5.921117706790000312e+01,9.992611918511362035e+01
5.922881473639999683e+01,9.992612084208140288e+01
5.924532864660000087e+01,9.992612605937459591e+01
5.929963717999999773e+01,9.992613024963796420e+01
5.930046000269999951e+01,9.992613633904650783e+01
5.931758727030000244e+01,9.992617715984360416e+01
5.931768145659999902e+01,9.992618378918888311e+01
5.932294996830000144e+01,9.992619665571285736e+01
5.933446512639999781e+01,9.992620224973323673e+01
5.934080882949999847e+01,9.992621999968068280e+01
5.939323679350000162e+01,9.992623271649340211e+01
5.939495494700000222e+01,9.992624179865835288e+01
5.944823098210000012e+01,9.992624950997391409e+01
5.946540964079999725e+01,9.992628378329339967e+01
5.947066506529999685e+01,9.992630327304252091e+01
5.947994116840000345e+01,9.992635182880287914e+01
5.948215162719999682e+01,9.992635490398916431e+01
5.948742758350000059e+01,9.992640812761135294e+01
5.950679549840000249e+01,9.992641123895089095e+01
5.952434557219999789e+01,9.992641237785856845e+01
5.954750849140000213e+01,9.992644404145424630e+01
5.959563555550000302e+01,9.992644779627980256e+01
5.962726735110000220e+01,9.992644899725976870e+01
5.965405535970000273e+01,9.992645312645997535e+01
5.974185970300000292e+01,9.992645566252556932e+01
5.976515604389999936e+01,9.992654757670904075e+01
5.980095259459999824e+01,9.992655066393186303e+01
5.981841636600000101e+01,9.992655610446273329e+01
5.983476755120000234e+01,9.992656505793969757e+01
5.983647302650000199e+01,9.992660466560714383e+01
5.984146545880000190e+01,9.992667121588397094e+01
5.988854156789999905e+01,9.992667195032028360e+01
5.988935629969999752e+01,9.992668475056541411e+01
5.991162520249999801e+01,9.992669816112375258e+01
5.992302723739999948e+01,9.992670301989076620e+01
5.993184765150000004e+01,9.992674412566489650e+01
5.996491096380000130e+01,9.992674859876096605e+01
5.998292352499999680e+01,9.992677615743662045e+01
6.003486504939999691e+01,9.992677706508857227e+01
6.005804773450000056e+01,9.992687625206913538e+01
6.006707786180000141e+01,9.992691826073031791e+01
6.006926671480000124e+01,9.992692666800209622e+01
6.007553282629999813e+01,9.992696253738198209e+01
6.009366981600000202e+01,9.992696586922885160e+01
6.018164353619999929e+01,9.992696800264701551e+01
6.021515103379999800e+01,9.992697036884939621e+01
6.023949503699999752e+01,9.992697996899451596e+01
6.032644728660000055e+01,9.992698505456779401e+01
6.034418452460000282e+01,9.992704007109161068e+01
6.035607925459999734e+01,9.992704022265988328e+01
6.036878547780000304e+01,9.992707968889831704e+01
6.038496810200000198e+01,9.992708207767674367e+01
6.040226302039999950e+01,9.992708405143737593e+01
6.042014519760000013e+01,9.992715286640790850e+01
6.042508940599999789e+01,9.992718553943849713e+01
6.047171117629999770e+01,9.992718768965161757e+01
6.048940581869999988e+01,9.992728411999384264e+01
6.049690287220000329e+01,9.992730625744285078e+01
6.050127199780000353e+01,9.992730810335494596e+01
6.050586446580000199e+01,9.992732288492884152e+01
6.051394773469999677e+01,9.992739049841050303e+01
6.053484219370000119e+01,9.992741946223061689e+01
6.054734501490000298e+01,9.992741975862838899e+01
6.061662695129999889e+01,9.992742389444453011e+01
6.061743189719999947e+01,9.992743093183804604e+01
6.062880843509999806e+01,9.992746595019724509e+01
6.063943342599999653e+01,9.992747521324821491e+01
6.063958722769999810e+01,9.992750706278219752e+01
6.067486788949999976e+01,9.992750976570862065e+01
6.069208019759999928e+01,9.992751166703970966e+01
6.076200013310000259e+01,9.992751445897867768e+01
6.077174059040000031e+01,9.992752292825318250e+01
6.077334960839999667e+01,9.992755507456899977e+01
6.077871554419999711e+01,9.992756180525947229e+01
6.078394933359999897e+01,9.992758184409639455e+01
6.078626882660000064e+01,9.992760797361248137e+01
6.079061715499999963e+01,9.992761053622271561e+01
6.080388166150000018e+01,9.992783324878213591e+01
6.080517443840000169e+01,9.992784589203702694e+01
6.082402765469999650e+01,9.992785323904718098e+01
6.089316967749999776e+01,9.992787523640282643e+01
6.089749741619999668e+01,9.992788512502804110e+01
6.091594261560000234e+01,9.992791632835658788e+01
6.092299276459999646e+01,9.992802624941916179e+01
6.093477450889999858e+01,9.992802845673415391e+01
6.093717670710000078e+01,9.992803469102952363e+01
6.094736008659999982e+01,9.992807652923818296e+01
6.094929736139999932e+01,9.992810662302038338e+01
6.096338912929999765e+01,9.992811184079788234e+01
6.098051999980000204e+01,9.992811746106191606e+01
6.105010958959999812e+01,9.992813736090351995e+01
6.105177164239999854e+01,9.992813754858575237e+01
6.106674613839999921e+01,9.992815870299159542e+01
6.107195524389999974e+01,9.992817440173909915e+01
6.109179360470000120e+01,9.992827947550595979e+01
6.112422948230000230e+01,9.992828167610689150e+01
6.114190050629999718e+01,9.992829966358443983e+01
6.118066143890000319e+01,9.992830706681480990e+01
6.118496884270000180e+01,9.992831524990273806e+01
6.119285827950000112e+01,9.992831901173489939e+01
6.119531379970000273e+01,9.992831976110055336e+01
6.120492507729999687e+01,9.992839319122174402e+01
6.120637142940000075e+01,9.992839657507765594e+01
6.121928730470000346e+01,9.992840299343521338e+01
6.122446182499999878e+01,9.992846823230705411e+01
6.122660930159999992e+01,9.992847728869716661e+01
6.123173494910000159e+01,9.992848590522301322e+01
6.125055130249999991e+01,9.992849123092589991e+01
6.126760188040000088e+01,9.992849478337917901e+01
6.133686576310000049e+01,9.992852368160022536e+01
6.134651494460000265e+01,9.992854875327756758e+01
6.136090709329999981e+01,9.992857297013173934e+01
6.136521470299999947e+01,9.992857821912588179e+01
6.136760005189999845e+01,9.992867706900440794e+01
6.137485621359999755e+01,9.992868944985660562e+01
6.137587586050000255e+01,9.992870063112424361e+01
6.139362870219999735e+01,9.992870369030818267e+01
6.147894863399999821e+01,9.992870577912950125e+01
6.148139272800000299e+01,9.992870697374434030e+01
6.150525472529999860e+01,9.992871831870539268e+01
6.162149572589999735e+01,9.992872097465689762e+01
6.162228754569999722e+01,9.992872434769395795e+01
6.162393416630000331e+01,9.992872673611455525e+01
6.163876966160000137e+01,9.992873633230348673e+01
6.163886030110000291e+01,9.992876183498151477e+01
6.164393042929999922e+01,9.992878134916777810e+01
6.165050523939999749e+01,9.992878369298718155e+01
6.165501210499999729e+01,9.992882955446987125e+01
6.166111707040000312e+01,9.992883613980568214e+01
6.166358477490000212e+01,9.992889064862360726e+01
6.176371382829999845e+01,9.992889922569317207e+01
6.178624783930000319e+01,9.992904164761641539e+01
6.179502542459999859e+01,9.992909450739212218e+01
6.180223140249999858e+01,9.992913274601340845e+01
6.182087411479999872e+01,9.992913801622901815e+01
6.183776743730000192e+01,9.992914315522168067e+01
6.185358480320000041e+01,9.992916341824226834e+01
6.190639339429999666e+01,9.992919298784670445e+01
6.192808758889999865e+01,9.992941672142215737e+01
6.193896785049999920e+01,9.992947381162669274e+01
6.196263460090000308e+01,9.992948084556701360e+01
6.200173500580000052e+01,9.992948830364876756e+01
6.204717210799999805e+01,9.992949133414188623e+01
6.204959381999999835e+01,9.992949414739067038e+01
6.207598269350000209e+01,9.992949649097697318e+01
6.210407150139999999e+01,9.992950340478195415e+01
6.212088781050000108e+01,9.992950480146379277e+01
6.213663310580000143e+01,9.992950764315619949e+01
6.214308291430000253e+01,9.992953315691737259e+01
6.218841674269999942e+01,9.992953791511719430e+01
6.221716192280000257e+01,9.992954302667276067e+01
6.222767712059999923e+01,9.992957475248086041e+01
6.226196521730000200e+01,9.992957867468092559e+01
6.227931342299999784e+01,9.992958667977460152e+01
6.233175205269999708e+01,9.992958809553958588e+01
6.234650873169999841e+01,9.992994130648700946e+01
6.235152131739999959e+01,9.992995813305462605e+01
6.235167089589999989e+01,9.993000087051241564e+01
6.238598334379999955e+01,9.993000258524011770e+01
6.240272368320000140e+01,9.993000985076207598e+01
6.249207806559999767e+01,9.993005816797511898e+01
6.250090574579999725e+01,9.993007139405261796e+01
6.250300936629999882e+01,9.993009425766324227e+01
6.252646262300000046e+01,9.993010036656602324e+01
6.256043558959999729e+01,9.993012619362158944e+01
6.256521066199999836e+01,9.993013107184343369e+01
6.259018200130000054e+01,9.993013172549581213e+01
6.261023884360000125e+01,9.993013204439337471e+01
6.262732927220000079e+01,9.993044473509119996e+01
6.263879044829999998e+01,9.993044599614644596e+01
6.266662699159999761e+01,9.993044934432654713e+01
6.268329238169999940e+01,9.993045099878548854e+01
6.273020399560000016e+01,9.993045323973008465e+01
6.275021608259999795e+01,9.993045377403954888e+01
6.275099365970000065e+01,9.993045864061075179e+01
6.275261066320000225e+01,9.993046104974597199e+01
6.279092001450000282e+01,9.993047752862685229e+01
6.282310684920000199e+01,9.993048333736433619e+01
6.286991413770000037e+01,9.993048489127514245e+01
6.288988176790000040e+01,9.993048892322910604e+01
6.289065761810000055e+01,9.993053994193130052e+01
6.289227103080000347e+01,9.993054317733293601e+01
6.291186415970000212e+01,9.993060877585222102e+01
6.303001210539999732e+01,9.993071140567252542e+01
6.305759985849999794e+01,9.993071656094946320e+01
6.306976182759999716e+01,9.993072719897956802e+01
6.307038759139999939e+01,9.993075752399590783e+01
6.311892380759999810e+01,9.993076651611087868e+01
6.314840714080000339e+01,9.993076865316695034e+01
6.316828673869999733e+01,9.993077850907212678e+01
6.318522622590000282e+01,9.993082594082797243e+01
6.320934583820000086e+01,9.993087678246135397e+01
6.322417717900000156e+01,9.993089166238674181e+01
6.328719408210000097e+01,9.993089467862598951e+01
6.330940361830000285e+01,9.993089632462537963e+01
6.333526758960000080e+01,9.993089928435070135e+01
6.342567733300000299e+01,9.993090216963099692e+01
6.344547005289999930e+01,9.993091349101939613e+01
6.344623910920000043e+01,9.993103070472612615e+01
6.346948144409999770e+01,9.993103901371041786e+01
6.347595207309999665e+01,9.993111578779434012e+01
6.347802338129999811e+01,9.993123830970816357e+01
6.350111653110000276e+01,9.993124881745940513e+01
6.351756297280000041e+01,9.993125233161235599e+01
6.360034960979999852e+01,9.993125302115464592e+01
6.360535122040000289e+01,9.993126335183700348e+01
6.360756782920000063e+01,9.993126700181272781e+01
6.361609122509999992e+01,9.993153667370560811e+01
6.362439966230000010e+01,9.993156036707964063e+01
6.363913427330000161e+01,9.993156110454023633e+01
6.370174068170000226e+01,9.993156206054968038e+01
6.372380573689999750e+01,9.993156629199208396e+01
6.373150141050000173e+01,9.993157245115851595e+01
6.373303570579999899e+01,9.993157780413049807e+01
6.373815247449999788e+01,9.993159374210051737e+01
6.375179771829999709e+01,9.993162009442902161e+01
6.377685333579999849e+01,9.993162196243906692e+01
6.379322869029999765e+01,9.993163696201750668e+01
6.383932468500000112e+01,9.993164210619957544e+01
6.385142918689999902e+01,9.993165002919825213e+01
6.385898919750000147e+01,9.993165077047227385e+01
6.388698272810000134e+01,9.993165307538491504e+01
6.397661280970000064e+01,9.993165596353506430e+01
6.398457268269999787e+01,9.993165697056379315e+01
6.398869134129999736e+01,9.993165910481599212e+01
6.399623513689999754e+01,9.993167246160349748e+01
6.399858309630000264e+01,9.993167616279325216e+01
6.400624573250000537e+01,9.993168498010714984e+01
6.401798331630000405e+01,9.993185575496426054e+01
6.402150689719999832e+01,9.993185616919038239e+01
6.402850844629999472e+01,9.993194956397334749e+01
6.403340981210000393e+01,9.993195394128248665e+01
6.403438712569999325e+01,9.993195726891447350e+01
6.405140312400000369e+01,9.993196795464702120e+01
6.406770830499999647e+01,9.993198933455360589e+01
6.408076061399999901e+01,9.993198984736370960e+01
6.413394817820000071e+01,9.993200011978076702e+01
6.414978497200000618e+01,9.993200327167708963e+01
6.415474374759999421e+01,9.993223922095086209e+01
6.415840518400000292e+01,9.993224418036173518e+01
6.416106126639999729e+01,9.993224901674018668e+01
6.417125793469999451e+01,9.993225194957973656e+01
6.418823764920000485e+01,9.993225366389857811e+01
6.421753258440000423e+01,9.993225401858633461e+01
6.425030900570000369e+01,9.993225622014388421e+01
6.429150339359999577e+01,9.993228440683967051e+01
6.429766242399999499e+01,9.993228974653584373e+01
6.429993898739999736e+01,9.993230214308216830e+01
6.430686427509999703e+01,9.993230529795398809e+01
6.435401387320000310e+01,9.993230679189993282e+01
6.442283218320000060e+01,9.993251691803031633e+01
6.442768322739999576e+01,9.993286141917442933e+01
6.449240691679999316e+01,9.993286351332996276e+01
6.452284423410000613e+01,9.993286461400583676e+01
6.454462858969999672e+01,9.993286779248471419e+01
6.455887945790000515e+01,9.993317926393072526e+01
6.458012988539999810e+01,9.993319081070524135e+01
6.459700212549999776e+01,9.993320205788678834e+01
6.461316962440000111e+01,9.993321198393505256e+01
6.462611176849999595e+01,9.993321339572115392e+01
6.462830773189999434e+01,9.993321606587115014e+01
6.463450889920000009e+01,9.993323143332098368e+01
6.470573563669999828e+01,9.993323611247184601e+01
6.473268335209999691e+01,9.993325650246931957e+01
6.476173200809999742e+01,9.993325729340226360e+01
6.476549904840000238e+01,9.993326450022861707e+01
6.477596266369999967e+01,9.993326476714234730e+01
6.479423314449999793e+01,9.993326935791228038e+01
6.481360793749999516e+01,9.993328691377787720e+01
6.481592628760000707e+01,9.993329129468845906e+01
6.486808078200000693e+01,9.993329396338873494e+01
6.489706883249999692e+01,9.993329586937102249e+01
6.490082801750000385e+01,9.993330910053524008e+01
6.490543090820000316e+01,9.993331341482476660e+01
6.491126981799999385e+01,9.993331390780022616e+01
6.492950222470000199e+01,9.993332120277501929e+01
6.494883666580000181e+01,9.993337456666134244e+01
6.494958792100000267e+01,9.993353975278158430e+01
6.495115018900000337e+01,9.993354500177132138e+01
6.496531188219999819e+01,9.993357868457734128e+01
6.497012242190000109e+01,9.993363835687418373e+01
6.504629551130000209e+01,9.993363920901198583e+01
6.513803132629999482e+01,9.993366283643807435e+01
6.516689929540000037e+01,9.993366412051958036e+01
6.521920109779999564e+01,9.993381021169692247e+01
6.525761735470000247e+01,9.993382170230235317e+01
6.530139641799999595e+01,9.993382352261033930e+01
6.530513232859999562e+01,9.993382534423869856e+01
6.531550949409999873e+01,9.993382618547140339e+01
6.533362909129999707e+01,9.993382867760428212e+01
6.535284397280000235e+01,9.993393214383112877e+01
6.535514319450000187e+01,9.993393942741340652e+01
6.538019788980000158e+01,9.993394406759595938e+01
6.539192789010000695e+01,9.993395414331816085e+01
6.542283508910000478e+01,9.993399267609581216e+01
6.543561709419999772e+01,9.993399376556376978e+01
6.544970122799999501e+01,9.993399487845131546e+01
6.546778368489999878e+01,9.993399641760628072e+01
6.551425712370000554e+01,9.993400165168363003e+01
6.551849821129999896e+01,9.993445308588832177e+01
6.552656543329999295e+01,9.993447084123184254e+01
6.555680713290000483e+01,9.993459090283205626e+01
6.558361839059999454e+01,9.993459225067819318e+01
6.560166393449999589e+01,9.993459732802060103e+01
6.570323588099999768e+01,9.993459864999958597e+01
6.575511108109999725e+01,9.993460834408938354e+01
6.578155598040000029e+01,9.993461613442666192e+01
6.578378119100000276e+01,9.993461982105536379e+01
6.578577983569999788e+01,9.993474829014800775e+01
6.579381428540000343e+01,9.993475973908780929e+01
6.580806316010000501e+01,9.993476521860772266e+01
6.585063569870000322e+01,9.993476609726147331e+01
6.586860808989999327e+01,9.993477149162622197e+01
6.591701963949999765e+01,9.993478433992541454e+01
6.595709054040000296e+01,9.993484975973846929e+01
6.596976903069999310e+01,9.993485235918177523e+01
6.598373915060000172e+01,9.993485484356564541e+01
6.600167529739999850e+01,9.993485955961942580e+01
6.602069574879999436e+01,9.993486554053842497e+01
6.602297171280000043e+01,9.993486834416404463e+01
6.604163603690000173e+01,9.993514118460574025e+01
6.611657464399999640e+01,9.993514207609105426e+01
6.613447476490000554e+01,9.993514622858880614e+01
6.615572843040000350e+01,9.993515363880925406e+01
6.617435531069999399e+01,9.993582024285565524e+01
6.620682750269999417e+01,9.993591296085037357e+01
6.622246412570000018e+01,9.993591333451026060e+01
6.623522964929999546e+01,9.993591513073467070e+01
6.630694959109999331e+01,9.993591973957454400e+01
6.631292143059999944e+01,9.993592723384810483e+01
6.631512881119999747e+01,9.993593338845026608e+01
6.635482171809999841e+01,9.993593440462896638e+01
6.636756178330000466e+01,9.993593489629131454e+01
6.638144818690000193e+01,9.993593592841104112e+01
6.642044583470000418e+01,9.993594524802580281e+01
6.643913887489999581e+01,9.993595472008472314e+01
6.647134140890000253e+01,9.993611815000345189e+01
6.656614679029999593e+01,9.993612198096518284e+01
6.657092557480000039e+01,9.993622028582960581e+01
6.661874800660000062e+01,9.993622189440660009e+01
6.664526903019999793e+01,9.993622408061926876e+01
6.666302718810000272e+01,9.993623504943157343e+01
6.668185899460000599e+01,9.993638039752657676e+01
6.669146647099999825e+01,9.993638445868130304e+01
6.669790613419999659e+01,9.993643461290832875e+01
6.675031982199999447e+01,9.993643856484806065e+01
6.676298441609999657e+01,9.993643954633706983e+01
6.684891464950000284e+01,9.993644189642569131e+01
6.684985080170000060e+01,9.993644689187803465e+01
6.689427253889999747e+01,9.993644854391034471e+01
6.690804962670000577e+01,9.993645016582119922e+01
6.692573805799999320e+01,9.993645256420263934e+01
6.694449596280000492e+01,9.993670750453992468e+01
6.694674052070000414e+01,9.993671399943802669e+01
6.696048016119999602e+01,9.993672140940810777e+01
6.696865515599999696e+01,9.993672364594038982e+01
6.697119978380000305e+01,9.993672917699633729e+01
6.698003433990000133e+01,9.993674063478127323e+01
6.699723628750000159e+01,9.993677183057663171e+01
6.702530349709999768e+01,9.993677475044761138e+01
6.703905365689999485e+01,9.993677557157008096e+01
6.705670753159999720e+01,9.993678222498103025e+01
6.707615624749999483e+01,9.993681389634002699e+01
6.710208052539999812e+01,9.993683361477252447e+01
6.711183035010000708e+01,9.993683735529971557e+01
6.714348834720000525e+01,9.993684160597925370e+01
6.718742170480000198e+01,9.993685159292466835e+01
6.720683259380000152e+01,9.993689317844628306e+01
6.727416960620000452e+01,9.993723999605201413e+01
6.728659992599999384e+01,9.993724099615180023e+01
6.728870906449999723e+01,9.993724305092564464e+01
6.729466507780000484e+01,9.993724676486543501e+01
6.740432662790000506e+01,9.993724877887095204e+01
6.741686836370000435e+01,9.993724999182637703e+01
6.742048705160000566e+01,9.993725539248710277e+01
6.742491793320000681e+01,9.993725894540062882e+01
6.743053867720000483e+01,9.993726013167901101e+01
6.744809008469999867e+01,9.993726358883796479e+01
6.746670275889999857e+01,9.993727649710642424e+01
6.749319996810000077e+01,9.993731790601665921e+01
6.753450315899999623e+01,9.993749082874408884e+01
6.754688557090000245e+01,9.993749224842861167e+01
6.756052957650000224e+01,9.993749434760218264e+01
6.757804722269999331e+01,9.993750885611724755e+01
6.759734594190000223e+01,9.993751026849166408e+01
6.759884701800000073e+01,9.993752089948941375e+01
6.762717925280000486e+01,9.993760212189256720e+01
6.768025779360000627e+01,9.993760331879478542e+01
6.769027084469999522e+01,9.993760576643163063e+01
6.772851488499999562e+01,9.993763439707329610e+01
6.775679289970000241e+01,9.993768536253884349e+01
6.775730747839999424e+01,9.993768582270450906e+01
6.779370235679999723e+01,9.993769125722488411e+01
6.788667267649999815e+01,9.993769153441574815e+01
6.789336366759999919e+01,9.993769407840935060e+01
6.790775318560000073e+01,9.993786915973399232e+01
6.792299823780000168e+01,9.993787498624620014e+01
6.794901020439999684e+01,9.993787598194091970e+01
6.801579182410000612e+01,9.993787680277063146e+01
6.802305031689999737e+01,9.993788222017110456e+01
6.803683232689999727e+01,9.993842587322137661e+01
6.806447084779999557e+01,9.993843208668286593e+01
6.807801112049999404e+01,9.993843449829810766e+01
6.811603746270000670e+01,9.993845132522368147e+01
6.813412842510000189e+01,9.993874728706146016e+01
6.814007700140000168e+01,9.993875087119724299e+01
6.815191108669999664e+01,9.993875410109922086e+01
6.820676805479999416e+01,9.993875549696032579e+01
6.822411976899999786e+01,9.993875998566976193e+01
6.827086102209999297e+01,9.993876622686337896e+01
6.827329754880000223e+01,9.993876740426861716e+01
6.830941751109999416e+01,9.993877258206499903e+01
6.832179310089999547e+01,9.993877539337701421e+01
6.839118859170000064e+01,9.993882255894060052e+01
6.840168688379999651e+01,9.993882291510341531e+01
6.842260872090000134e+01,9.993893006469946272e+01
6.845009147460000065e+01,9.993893062476517741e+01
6.845256105759999343e+01,9.993893092369228270e+01
6.848084213110000462e+01,9.993896308445120269e+01
6.852740827899999942e+01,9.993896862806379033e+01
6.852983568429999650e+01,9.993897009102219897e+01
6.857814982370000223e+01,9.993897103444038521e+01
6.858061479539999539e+01,9.993897141494215930e+01
6.862714094609999904e+01,9.993902233594938878e+01
6.865319027699999310e+01,9.993909014753479880e+01
6.869366311240000300e+01,9.993909567024813612e+01
6.870842987640000388e+01,9.993909626601889329e+01
6.871938336409999692e+01,9.993910270899030479e+01
6.873660567490000517e+01,9.993915056964507926e+01
6.875486953520000100e+01,9.993931698313882350e+01
6.877511294789999852e+01,9.993932232115935221e+01
6.878541705649999471e+01,9.993932318233186152e+01
6.883355180409999718e+01,9.993932762163933603e+01
6.890831412779999710e+01,9.993951992119619376e+01
6.891285228460000667e+01,9.993952133683777106e+01
6.894863720569999543e+01,9.993952711027465341e+01
6.896089808249999464e+01,9.993952834117426676e+01
6.896334937340000693e+01,9.993952918668340146e+01
6.897426237860000242e+01,9.993953367207775784e+01
6.902512346419999290e+01,9.993954789225691115e+01
6.904005229119999854e+01,9.993954927564902846e+01
6.909045641160000173e+01,9.993954988241803505e+01
6.913663946059999432e+01,9.993955872189805234e+01
6.915211695680000048e+01,9.993957030365456262e+01
6.920280378469999505e+01,9.993968219325738289e+01
6.921733003759999292e+01,9.993968340639459313e+01
6.924529876580000121e+01,9.993969555127512194e+01
6.926559790330000510e+01,9.993981443569163048e+01
6.929375181860000055e+01,9.993981637414906061e+01
6.932947181410000326e+01,9.993995723827970323e+01
6.934153369690000090e+01,9.993996069337876520e+01
6.939068902590000221e+01,9.993999211010611816e+01
6.941574891480000531e+01,9.994000526461596223e+01
6.945577739819999863e+01,9.994000773506735413e+01
6.946794876629999749e+01,9.994001404052103510e+01
6.947038216580000380e+01,9.994001489117231074e+01
6.948121553430000574e+01,9.994001892698199185e+01
6.951847433330000570e+01,9.994012080706190204e+01
6.954652587889999893e+01,9.994012206405602683e+01
6.959413420799999983e+01,9.994012323974891387e+01
6.959656319549999637e+01,9.994012587693042349e+01
6.964311124740000025e+01,9.994013038682241756e+01
6.967747110960000612e+01,9.994013079720861015e+01
6.970796392600000502e+01,9.994013619298623041e+01
6.972251586820000568e+01,9.994013742078742268e+01
6.979838452680000671e+01,9.994014025640908017e+01
6.981888783249999619e+01,9.994057066903945952e+01
6.983371567570000593e+01,9.994058227214600265e+01
6.984582118420000540e+01,9.994059293842124703e+01
6.992347502980000229e+01,9.994061348866493688e+01
6.992397366369999645e+01,9.994061532033202866e+01
6.994331630080000650e+01,9.994061573665679532e+01
6.997374107269999399e+01,9.994061783154977263e+01
6.998449652300000423e+01,9.994062301954258487e+01
7.000140758119999873e+01,9.994072034205892407e+01
7.006864566640000191e+01,9.994072122314950946e+01
7.006976751000000547e+01,9.994083249226936516e+01
7.009862905640000008e+01,9.994083312335439473e+01
7.010008482109999761e+01,9.994083559192159782e+01
7.010434634130000120e+01,9.994083730013862521e+01
7.010975227420000522e+01,9.994084691773628037e+01
7.012663312690000339e+01,9.994111359998866817e+01
7.019375125950000438e+01,9.994111478280264294e+01
7.020961954150000395e+01,9.994112375084786493e+01
7.022406752989999745e+01,9.994112553886319006e+01
7.022513440560000220e+01,9.994112696995003375e+01
7.028918005239999900e+01,9.994116013009872290e+01
7.029939490499999977e+01,9.994116162065466824e+01
7.041389381940000192e+01,9.994117822354152736e+01
7.041964981670000157e+01,9.994122776143778708e+01
7.042409058249999987e+01,9.994122820038742816e+01
7.044329589539999859e+01,9.994122947270079749e+01
7.047110605570000530e+01,9.994123123489131899e+01
7.047350481690000379e+01,9.994123451108187339e+01
7.048418400629999780e+01,9.994123955806385595e+01
7.050097520469999779e+01,9.994130719448040168e+01
7.054413292879999631e+01,9.994149519917098701e+01
7.054856585880000353e+01,9.994149695177284798e+01
7.055500441319999538e+01,9.994149906257662508e+01
7.056773729530000594e+01,9.994150084492061126e+01
7.059789296809999826e+01,9.994150406671812448e+01
7.067980752699999414e+01,9.994150803890586587e+01
7.069195963709999830e+01,9.994151030194211671e+01
7.076718060400000354e+01,9.994153162760869691e+01
7.079451018260000694e+01,9.994153641472229310e+01
7.079685985599999754e+01,9.994153997807201506e+01
7.083169296289999295e+01,9.994154270089126157e+01
7.084362794070000291e+01,9.994158364512088610e+01
7.091627120600000467e+01,9.994160130529830610e+01
7.091833530440000288e+01,9.994160180529418369e+01
7.092068087539999510e+01,9.994160288213562637e+01
7.093975174800000616e+01,9.994160402873369264e+01
7.095545319670000595e+01,9.994161809177344935e+01
7.096974934879999353e+01,9.994162056084169876e+01
7.101471024629999818e+01,9.994162328331408673e+01
7.101682616109999913e+01,9.994169725477826205e+01
7.104428609110000536e+01,9.994170007720903470e+01
7.106332379250000031e+01,9.994170435598360314e+01
7.109089140339999346e+01,9.994178812599430728e+01
7.109326925240000605e+01,9.994178907117714061e+01
7.114026432590000582e+01,9.994188591792769216e+01
7.118668133010000076e+01,9.994188903096889476e+01
7.120232832630000530e+01,9.994190334109906360e+01
7.121657492020000291e+01,9.994190473440093569e+01
7.128091166839999460e+01,9.994190839374365964e+01
7.132557344919999309e+01,9.994191940094070503e+01
7.139315660890000004e+01,9.994191951803767893e+01
7.143275732829999924e+01,9.994192339005543602e+01
7.146254798200000380e+01,9.994192738306043111e+01
7.147307939329999726e+01,9.994198598529855815e+01
7.151594522169999379e+01,9.994198695960176337e+01
7.152216353359999346e+01,9.994198856581976997e+01
7.153657126010000411e+01,9.994199230459047101e+01
7.158285606200000473e+01,9.994200019041895189e+01
7.158521756929999924e+01,9.994200248124388963e+01
7.167798853380000423e+01,9.994200583518933456e+01
7.169352830299999368e+01,9.994200933966695288e+01
7.170767730740000445e+01,9.994201288366608082e+01
7.171817272270000387e+01,9.994204709098595174e+01
7.173467507739999860e+01,9.994249551083075289e+01
7.175285583449999649e+01,9.994249801715569959e+01
7.176089214659999982e+01,9.994249902573362476e+01
7.178144780079999521e+01,9.994249945480706288e+01
7.180138483349999490e+01,9.994252933600981237e+01
7.187502995319999854e+01,9.994253208512911613e+01
7.188305260660000329e+01,9.994253282592524101e+01
7.190357333779999749e+01,9.994253460921427745e+01
7.192238358800000242e+01,9.994254091320455302e+01
7.192347651750000637e+01,9.994254889494565930e+01
7.197887765989999309e+01,9.994264485777064522e+01
7.202549180050000643e+01,9.994264851590889975e+01
7.204427021870000658e+01,9.994265654870245896e+01
7.208884899669999413e+01,9.994265662780205162e+01
7.219543909610000298e+01,9.994265968273143130e+01
7.221045464499999866e+01,9.994266034207764449e+01
7.224829467290000196e+01,9.994266267309807006e+01
7.226822923779999996e+01,9.994266699000345966e+01
7.226871169349999491e+01,9.994266772573928392e+01
7.230283571450000579e+01,9.994272283393189582e+01
7.238569503799999438e+01,9.994275415003414764e+01
7.239001519689999498e+01,9.994275766250615334e+01
7.240869907990000343e+01,9.994276348104362739e+01
7.242408206339999310e+01,9.994287479291899956e+01
7.243575466949999964e+01,9.994293525468238215e+01
7.245305363309999791e+01,9.994293611224232166e+01
7.249076702489999491e+01,9.994293744559236359e+01
7.252976845960000674e+01,9.994294141844308399e+01
7.255677890379999440e+01,9.994311510934008425e+01
7.255910871400000417e+01,9.994311848867546644e+01
7.257404901980000034e+01,9.994311952096975915e+01
7.262212768409999342e+01,9.994313190216624321e+01
7.262770867150000242e+01,9.994313442520386559e+01
7.265063608229999659e+01,9.994314112375442960e+01
7.267992754349999984e+01,9.994314762402625263e+01
7.278660930290000408e+01,9.994317189913599009e+01
7.285296243090000701e+01,9.994317323943074882e+01
7.289177006970000150e+01,9.994317867686220325e+01
7.291864642180000544e+01,9.994319567995906084e+01
7.293583085299999880e+01,9.994319796328102257e+01
7.296472323790000303e+01,9.994323218977841350e+01
7.296678260570000418e+01,9.994326354246534549e+01
7.297329474080000011e+01,9.994326748387581461e+01
7.299350897189999898e+01,9.994326800398735600e+01
7.301203842009999789e+01,9.994327831180554256e+01
7.304118494950000695e+01,9.994328212213142137e+01
7.305148877800000662e+01,9.994336856215568332e+01
7.308487153679999437e+01,9.994337095436995355e+01
7.313210898520000569e+01,9.994337581969574558e+01
7.317149460720000320e+01,9.994344342913832691e+01
7.317602505569999494e+01,9.994344461938601398e+01
7.323351399979999599e+01,9.994347340137262847e+01
7.333310696009999674e+01,9.994347532281643964e+01
7.335995242689999429e+01,9.994347601388331270e+01
7.347047093899999481e+01,9.994347678768887988e+01
7.347273503469999412e+01,9.994350988892833243e+01
7.350642430710000497e+01,9.994354867771836837e+01
7.353484530510000639e+01,9.994355147640075643e+01
7.354643270690000634e+01,9.994363889047156135e+01
7.361043272579999552e+01,9.994365431793390542e+01
7.362025192449999622e+01,9.994365487629816869e+01
7.365406359739999687e+01,9.994365969478482725e+01
7.366563224649999597e+01,9.994369287222959031e+01
7.369116234329999315e+01,9.994369783141191022e+01
7.373933213550000687e+01,9.994369860887285029e+01
7.384843279860000109e+01,9.994370789135184907e+01
7.385822035600000390e+01,9.994370923321417877e+01
7.386351594049999392e+01,9.994412410627852239e+01
7.387724934899999596e+01,9.994415987224462583e+01
7.392890252290000319e+01,9.994416562905780665e+01
7.394885553500000697e+01,9.994416894161750520e+01
7.396820837740000343e+01,9.994422671071546915e+01
7.401056624230000125e+01,9.994423067224744273e+01
7.405349211329999548e+01,9.994423289218052275e+01
7.409542452060000528e+01,9.994423450109535167e+01
7.410070315340000491e+01,9.994429903851624886e+01
7.411439261099999953e+01,9.994431360357046401e+01
7.421374229379999576e+01,9.994431475197387726e+01
7.423040286840000590e+01,9.994441971898083921e+01
7.427632286310000609e+01,9.994442076417465159e+01
7.432214655309999785e+01,9.994442594665203217e+01
7.433187173490000532e+01,9.994442791866691778e+01
7.436535985650000669e+01,9.994443416597529506e+01
7.440210393319999582e+01,9.994443850035121102e+01
7.441772787669999900e+01,9.994450732594712861e+01
7.446642149810000433e+01,9.994451714761324013e+01
7.453553402699999708e+01,9.994452420421134775e+01
7.456756919960000118e+01,9.994452583755449382e+01
7.460095151749999332e+01,9.994453416647476729e+01
7.463757961260000684e+01,9.994453725487052509e+01
7.465734322299999803e+01,9.994459406137885082e+01
7.468513899500000264e+01,9.994459818527468542e+01
7.475503930029999822e+01,9.994460265324779868e+01
7.477477186519999464e+01,9.994473841079137344e+01
7.479286001830000430e+01,9.994475936236443658e+01
7.480252400199999840e+01,9.994476193835320998e+01
7.483137155069999835e+01,9.994484534593891567e+01
7.491007622530000276e+01,9.994489288671320537e+01
7.498306968919999349e+01,9.994495789302058597e+01
7.499950424269999871e+01,9.994496078401914474e+01
7.503674311829999510e+01,9.994496468813890999e+01
7.506991680279999457e+01,9.994496897563269044e+01
7.510631619160000128e+01,9.994497555067120231e+01
7.511112948699999947e+01,9.994497616513352511e+01
7.512595649029999834e+01,9.994498790090513296e+01
7.522784978430000535e+01,9.994498849490126702e+01
7.526062948969999411e+01,9.994500062430459764e+01
7.527023341619999997e+01,9.994500693230948229e+01
7.528890552890000265e+01,9.994508747174684515e+01
7.530330424029999392e+01,9.994509007090076125e+01
7.533128861550000011e+01,9.994509164414807856e+01
7.534438926379999657e+01,9.994509324150226348e+01
7.540535064639999518e+01,9.994514845624597399e+01
7.541972712669999623e+01,9.994515416545203834e+01
7.550300165720000223e+01,9.994516272577961047e+01
7.550818188910000117e+01,9.994540349709194516e+01
7.554725104269999747e+01,9.994548029880908757e+01
7.557692911370000388e+01,9.994548181552762856e+01
7.561911709100000678e+01,9.994548784504603134e+01
7.562428936889999420e+01,9.994556453765680715e+01
7.568815484409999783e+01,9.994556640559376604e+01
7.569293114040000603e+01,9.994556708273077561e+01
7.576792244060000314e+01,9.994557347093153510e+01
7.580398666339999636e+01,9.994558544875560813e+01
7.580646444959999997e+01,9.994558590634321149e+01
7.580875566180000646e+01,9.994558715126773052e+01
7.592211576820000118e+01,9.994558758592972936e+01
7.596639849769999842e+01,9.994559593231336692e+01
7.603512092969999969e+01,9.994561108675713967e+01
7.603759118409999473e+01,9.994561233938392775e+01
7.603987543200000232e+01,9.994561342572650631e+01
7.608180670219999797e+01,9.994561904263082397e+01
7.609805829210000638e+01,9.994565283334429751e+01
7.615517228710000097e+01,9.994565425674480252e+01
7.618755301289999693e+01,9.994590587190160136e+01
7.618858475829999577e+01,9.994590918783852374e+01
7.619704010940000671e+01,9.994591833432019712e+01
7.621326712709999640e+01,9.994592550349570104e+01
7.626801750280000647e+01,9.994592658857555989e+01
7.627029484960000616e+01,9.994592857959617049e+01
7.628489655379999590e+01,9.994618931907953652e+01
7.638296998789999748e+01,9.994619018090192242e+01
7.641752714410000635e+01,9.994623660134519127e+01
7.642698569329999714e+01,9.994624324413970839e+01
7.645955619250000268e+01,9.994625705613677269e+01
7.649529434059999744e+01,9.994625984028253640e+01
7.649774973510000109e+01,9.994626122621161812e+01
7.650002024299999448e+01,9.994626343456722850e+01
7.651457810739999843e+01,9.994628666892333513e+01
7.654169943590000003e+01,9.994629817141725425e+01
7.662507957089999877e+01,9.994630063002333031e+01
7.665624151299999767e+01,9.994630959361168721e+01
7.668439172329999565e+01,9.994633988955636994e+01
7.668871464480000100e+01,9.994634987470799103e+01
7.672679411570000241e+01,9.994635091440053998e+01
7.672905784579999988e+01,9.994635253686226406e+01
7.683111066530000244e+01,9.994635320138213785e+01
7.684106028440000102e+01,9.994635528470797681e+01
7.690309383139999966e+01,9.994654807642294259e+01
7.695515678629999456e+01,9.994655046249216923e+01
7.695741379899999401e+01,9.994655411018159441e+01
7.706664718330000596e+01,9.994658250390206433e+01
7.707133805120000147e+01,9.994658589477148780e+01
7.711270844909999767e+01,9.994659485033044177e+01
7.718041019870000241e+01,9.994666561796012161e+01
7.718284379790000571e+01,9.994666891147565480e+01
7.725954147999999577e+01,9.994666918212894302e+01
7.734498883589999707e+01,9.994669453626612210e+01
7.737302087969999320e+01,9.994669630568454011e+01
7.740986111249999624e+01,9.994669804916500766e+01
7.741210486800000012e+01,9.994670140747038545e+01
7.745329325110000696e+01,9.994670978847788945e+01
7.752069755569999643e+01,9.994671632542365103e+01
7.752536095019999607e+01,9.994671724098392929e+01
7.756648919350000426e+01,9.994673606607649674e+01
7.759948183320000226e+01,9.994673823301781113e+01
7.760956208269999479e+01,9.994675388763612034e+01
7.763621460490000459e+01,9.994675808429533959e+01
7.763845181879999302e+01,9.994676126672909788e+01
7.767021416750000640e+01,9.994708388007910571e+01
7.771156572319999611e+01,9.994712187566079820e+01
7.771246483769999713e+01,9.994712437162243646e+01
7.773868317720000221e+01,9.994712511508832620e+01
7.774914423030000421e+01,9.994713115587414620e+01
7.778309443060000206e+01,9.994724693199718502e+01
7.782438600800000472e+01,9.994728120974916408e+01
7.786414079370000252e+01,9.994728480846588070e+01
7.790509018609999714e+01,9.994729962990069794e+01
7.797674032630000340e+01,9.994730321673169726e+01
7.799102254550000168e+01,9.994731584033658578e+01
7.805043255639999700e+01,9.994732213156287060e+01
7.808695319730000506e+01,9.994732639970608545e+01
7.808917749779999440e+01,9.994733014479155031e+01
7.810343915640000034e+01,9.994733310514330071e+01
7.814583458110000436e+01,9.994733894142444797e+01
7.819923190160000104e+01,9.994734114797562086e+01
7.827493368230000215e+01,9.994734514357431010e+01
7.831134962679999489e+01,9.994735062401215941e+01
7.853271320160000357e+01,9.994767041257409801e+01
7.853731650449999790e+01,9.994767702611278537e+01
7.859580139109999664e+01,9.994769553748909630e+01
7.861048323260000359e+01,9.994770079000558383e+01
7.864674380709999468e+01,9.994770775810766850e+01
7.868949325959999896e+01,9.994780404149133801e+01
7.872201524620000157e+01,9.994781556319227889e+01
7.875583955199999764e+01,9.994784487883646307e+01
7.876042981380000185e+01,9.994785082289835998e+01
7.878833665599999847e+01,9.994785189415490834e+01
7.888190557110000611e+01,9.994785462076696092e+01
7.889961725749999744e+01,9.994785568857444957e+01
7.891217631130000143e+01,9.994788146419378450e+01
7.901074112899999591e+01,9.994788365642325800e+01
7.905566719419999799e+01,9.994789108333351635e+01
7.916568942339999637e+01,9.994809595470323416e+01
7.920257800909999446e+01,9.994810035224220712e+01
7.920477097949999745e+01,9.994810423825110490e+01
7.923252131840000345e+01,9.994810714169489074e+01
7.924996324420000349e+01,9.994812287626929503e+01
7.934317894340000521e+01,9.994812424378771709e+01
7.934655836449999811e+01,9.994814529470403386e+01
7.938791688039999883e+01,9.994816129805866467e+01
7.942382252199999471e+01,9.994816704190428425e+01
7.945368245209999714e+01,9.994817067091130980e+01
7.948370407219999834e+01,9.994817159342356661e+01
7.959401248460000033e+01,9.994817249412112403e+01
7.960864631020000104e+01,9.994819104987506364e+01
7.964663324570000213e+01,9.994820204461726121e+01
7.967422968520000381e+01,9.994820333751938790e+01
7.970416823329999545e+01,9.994820528294651751e+01
7.975671631740000578e+01,9.994822888391720994e+01
7.978427468050000471e+01,9.994823263919727196e+01
7.988059197249999954e+01,9.994823944267055538e+01
7.989416810170000360e+01,9.994824274042665024e+01
7.992402426360000334e+01,9.994824540422243331e+01
8.001629630159999351e+01,9.994845568227592025e+01
8.003372579640000595e+01,9.994845697811867069e+01
8.004827923700000269e+01,9.994846771515801720e+01
8.008154336609999291e+01,9.994851360578267929e+01
8.008605764319999309e+01,9.994851830212351729e+01
8.011350271579999571e+01,9.994852153565653907e+01
8.012587150340000619e+01,9.994861540229209140e+01
8.014327716799999735e+01,9.994861898861896066e+01
8.019102941270000429e+01,9.994862743013659667e+01
8.025070753149999803e+01,9.994863351223268921e+01
8.026719273480000538e+01,9.994863897399564223e+01
8.030270522790000598e+01,9.994865449783681299e+01
8.033223847319999322e+01,9.994865921224420902e+01
8.036193188289999512e+01,9.994866107683894541e+01
8.037642589649999536e+01,9.994867455963610325e+01
8.041189014869999596e+01,9.994869387812454420e+01
8.047103644359999919e+01,9.994869882340856293e+01
8.055038025269999480e+01,9.994870655825522476e+01
8.057999327800000344e+01,9.994870950222374972e+01
8.065922990709999851e+01,9.994871401225525176e+01
8.070237249909999377e+01,9.994877685389259625e+01
8.070323829299999829e+01,9.994879012530148543e+01
8.079746615710000412e+01,9.994879423459541101e+01
8.095775140000000647e+01,9.994897636412009945e+01
8.097469280159999983e+01,9.994897765848807580e+01
8.098490106369999353e+01,9.994898368898498120e+01
8.101435525959999495e+01,9.994899095983666371e+01
8.108297284069999478e+01,9.994899245757706296e+01
8.109316747219999399e+01,9.994899402669233268e+01
8.109647396850000689e+01,9.994901132920253417e+01
8.117421223809999731e+01,9.994903224286184695e+01
8.119110847279999632e+01,9.994903565668352030e+01
8.120128952810000555e+01,9.994903806768948584e+01
8.123066526169999690e+01,9.994904744316806955e+01
8.133860454439999899e+01,9.994905483621964493e+01
8.135292455200000461e+01,9.994909103639085401e+01
8.140694881749999468e+01,9.994909572666801978e+01
8.141710288240000182e+01,9.994909969311839859e+01
8.151465467110000418e+01,9.994910240877491958e+01
8.152479532099999915e+01,9.994910533895419746e+01
8.153695002220000276e+01,9.994920012566228706e+01
8.156833671159999710e+01,9.994921833128979927e+01
8.160328296890000388e+01,9.994931279884205821e+01
8.162221839980000482e+01,9.994931933922410394e+01
8.163234568779999734e+01,9.994932412145388412e+01
8.166156635970000366e+01,9.994933431520864531e+01
8.181574025659999450e+01,9.994934150358457714e+01
8.183377029339999353e+01,9.994934430150009064e+01
8.183692172380000329e+01,9.994934706680734848e+01
8.194406243039999538e+01,9.994935404367981846e+01
8.205106323479999730e+01,9.994936425060632246e+01
8.206113759839999489e+01,9.994936692976280312e+01
8.209020563849999519e+01,9.994937255669896103e+01
8.226464731999999458e+01,9.994938218843326183e+01
8.230368814640000608e+01,9.994938873998478357e+01
8.235457756850000521e+01,9.994951362601970857e+01
8.238126689390000479e+01,9.994951912207712041e+01
8.243023396319999563e+01,9.994951976145188155e+01
8.246104569339999557e+01,9.994954664605369032e+01
8.247767831010000350e+01,9.994955752647607028e+01
8.248770057049999593e+01,9.994957180583261902e+01
8.253073395520000588e+01,9.994964398104154668e+01
8.253660449519999531e+01,9.994964843989026804e+01
8.263697512340000628e+01,9.994969842315151709e+01
8.269016047959999582e+01,9.994971954436398676e+01
8.274893535459999327e+01,9.994972510371795238e+01
8.279619707759999869e+01,9.994973707922645190e+01
8.280618078679999883e+01,9.994974038587493226e+01
8.285489673329999505e+01,9.994974663193063691e+01
8.298924464069999374e+01,9.994987631613125245e+01
8.304655534729999999e+01,9.994988693775043487e+01
8.311349518340000486e+01,9.994990185029377017e+01
8.312592635100000393e+01,9.994990248719639681e+01
8.313536175650000359e+01,9.994991869003496276e+01
8.315213746749999757e+01,9.994993882939724017e+01
8.317197090230000356e+01,9.994995408773213796e+01
8.321899237540000627e+01,9.994996180953090459e+01
8.323140778619999480e+01,9.994996631637317819e+01
8.332435599709999963e+01,9.994998347787181103e+01
8.338268384090000040e+01,9.994999221582526161e+01
8.344197063110000556e+01,9.994999821593445688e+01
8.354458001000000422e+01,9.995004631824548369e+01
8.354705304899999874e+01,9.995005313830382931e+01
8.361892566829999396e+01,9.995005727515265903e+01
8.363965048599999363e+01,9.995007458557613234e+01
8.369775860560000069e+01,9.995008581220020005e+01
8.375435552720000487e+01,9.995009304439621189e+01
8.380252028409999809e+01,9.995011586538186066e+01
8.386151026699999989e+01,9.995013379016039323e+01
8.390137651979999589e+01,9.995030642877343041e+01
8.393742074870000636e+01,9.995031159447177060e+01
8.407049497289999351e+01,9.995032176012469449e+01
8.411602247519999764e+01,9.995033575227910205e+01
8.416251650969999787e+01,9.995036404723921919e+01
8.420067736699999728e+01,9.995038887933390015e+01
8.437075563240000520e+01,9.995041096425008220e+01
8.438300158260000217e+01,9.995042582417168830e+01
8.442836056769999686e+01,9.995044186288150456e+01
8.448691358099999604e+01,9.995047349216446264e+01
8.463594560750000539e+01,9.995049208803459351e+01
8.465214856660000464e+01,9.995049477803209470e+01
8.475573058679999860e+01,9.995049844418957719e+01
8.479544901360000608e+01,9.995065665587696913e+01
8.479788557230000379e+01,9.995067672847574158e+01
8.485918617139999753e+01,9.995068525955001348e+01
8.489885619829999541e+01,9.995072216252775377e+01
8.504959570939999480e+01,9.995072649554003874e+01
8.506571987819999947e+01,9.995073955556618728e+01
8.510772132200000328e+01,9.995075381785719060e+01
8.516879891579999651e+01,9.995075932962969034e+01
8.519862257619999468e+01,9.995078306972138193e+01
8.525566814619999434e+01,9.995079274801244651e+01
8.527175334849999899e+01,9.995080592851918766e+01
8.530154101339999784e+01,9.995083920058787896e+01
8.531365335840000341e+01,9.995085686175920614e+01
8.535284135290000052e+01,9.995087493419801206e+01
8.535851780240000153e+01,9.995089445381742621e+01
8.544194165300000066e+01,9.995101594545616308e+01
8.547729019950000406e+01,9.995102837544956742e+01
8.557987351139999532e+01,9.995105276343642231e+01
8.559352994110000168e+01,9.995106524311664487e+01
8.566632589600000358e+01,9.995107092067276255e+01
8.568233400520000487e+01,9.995109107950894156e+01
8.588688829679999515e+01,9.995111976300744061e+01
8.592848835830000098e+01,9.995113391128434444e+01
8.603053366049999795e+01,9.995116249876042502e+01
8.609095656360000248e+01,9.995119186528734190e+01
8.614321689950000405e+01,9.995119749320552671e+01
8.623186602709999704e+01,9.995121453904779685e+01
8.624500813470000082e+01,9.995122109393405196e+01
8.627864773340000681e+01,9.995123720438957093e+01
8.629454225370000131e+01,9.995128364060687431e+01
8.634667937170000585e+01,9.995129923299604968e+01
8.639615519880000249e+01,9.995133111839530216e+01
8.642555532510000660e+01,9.995149552206363808e+01
8.648179158320000681e+01,9.995150035016207823e+01
8.654966354210000645e+01,9.995151673340608056e+01
8.665097731490000399e+01,9.995152779862040404e+01
8.670027949340000362e+01,9.995156044662667227e+01
8.675217276809999589e+01,9.995158216969271336e+01
8.683863724600000467e+01,9.995158874329955268e+01
8.693961426820000327e+01,9.995159626999532065e+01
8.694355188960000191e+01,9.995161359949628377e+01
8.695421036790000358e+01,9.995162479682406342e+01
8.704047414549999928e+01,9.995164313582246507e+01
8.705505333450000194e+01,9.995166758242767457e+01
8.710412680049999778e+01,9.995170846373039808e+01
8.715577962150000246e+01,9.995174393270455937e+01
8.724184408989999895e+01,9.995176258001689007e+01
8.730534993009999312e+01,9.995180030257671433e+01
8.734235496350000005e+01,9.995181424949738869e+01
8.735688377089999790e+01,9.995185087410484925e+01
8.739009536960000446e+01,9.995193169008743439e+01
8.744275030519999348e+01,9.995195910833641051e+01
8.749043592920000378e+01,9.995198558150816837e+01
8.755752602089999925e+01,9.995201024621250951e+01
8.764319598039999448e+01,9.995202292946407852e+01
8.773537227360000657e+01,9.995207457395088113e+01
8.774324710209999978e+01,9.995210386064860586e+01
8.774479399930000056e+01,9.995212296559824949e+01
8.775770953949999864e+01,9.995215991374230668e+01
8.784318426830000703e+01,9.995220329111585045e+01
8.785763025480000010e+01,9.995221602143628559e+01
8.800600774359999434e+01,9.995224145493946821e+01
8.804271828560000301e+01,9.995228498166056852e+01
8.804660657399999479e+01,9.995232830467524821e+01
8.810564686399999346e+01,9.995237073257349891e+01
8.815671287589999849e+01,9.995238117032417335e+01
8.824180111399999760e+01,9.995240584705373976e+01
8.825618185400000471e+01,9.995241843137611681e+01
8.829661883420000379e+01,9.995242186892753011e+01
8.835553885189999335e+01,9.995245282630610006e+01
8.839593038099999944e+01,9.995247696155630024e+01
8.844043580039999597e+01,9.995250818431213702e+01
8.859421949910000649e+01,9.995253984267417025e+01
8.865294172730000355e+01,9.995255046770455465e+01
8.868566797089999909e+01,9.995261550292737240e+01
8.869319781709999972e+01,9.995265255218032507e+01
8.893508158420000598e+01,9.995266782411903250e+01
8.898947224309999626e+01,9.995277018680694425e+01
8.903368096830000411e+01,9.995280285467823944e+01
8.909590963099999783e+01,9.995290308761377673e+01
8.914640838939999412e+01,9.995293038753212045e+01
8.918644174329999430e+01,9.995299059983702250e+01
8.934303190209999457e+01,9.995299957567398508e+01
8.948108303950000675e+01,9.995305980795382084e+01
8.957908144370000514e+01,9.995318298316409766e+01
8.981857953489999602e+01,9.995321097054487325e+01
8.982085182379999821e+01,9.995322927802924085e+01
8.987243550380000556e+01,9.995328870132928500e+01
8.991847992889999830e+01,9.995330925251350607e+01
9.001600215009999317e+01,9.995334954478465761e+01
9.006005911920000528e+01,9.995336665285326205e+01
9.012523637900000040e+01,9.995338520007692296e+01
9.016483513250000215e+01,9.995343828128339680e+01
9.021073031420000632e+01,9.995349361328933924e+01
9.022253511579999952e+01,9.995350722106248043e+01
9.026988665849999904e+01,9.995362360059860407e+01
9.030793693900000108e+01,9.995364248142031727e+01
9.035924255550000339e+01,9.995369490961596171e+01
9.040503904400000579e+01,9.995374245173984207e+01
9.051629391320000195e+01,9.995376368198442663e+01
9.059893103829999461e+01,9.995380456998933028e+01
9.061317274069999428e+01,9.995382849946949477e+01
9.069572159499999486e+01,9.995390175254381404e+01
9.070994810109999662e+01,9.995394691364687390e+01
9.079016099400000428e+01,9.995397159067559301e+01
9.079240896679999651e+01,9.995400628875692917e+01
9.090318974180000566e+01,9.995406891341431788e+01
9.093997128540000574e+01,9.995410312504716899e+01
9.098547547130000623e+01,9.995415213103649421e+01
9.099965667850000273e+01,9.995417177471161096e+01
9.103639924639999492e+01,9.995423151324058608e+01
9.109602146070000117e+01,9.995428129811973861e+01
9.117813316500000553e+01,9.995430660614087515e+01
9.128597678030000395e+01,9.995443742706783041e+01
9.128844585539999912e+01,9.995448201521173814e+01
9.137038463410000588e+01,9.995451650020564216e+01
9.138450611049999850e+01,9.995458918852666841e+01
9.146635883509999587e+01,9.995462756869966370e+01
9.148046549629999902e+01,9.995465865358895030e+01
9.167208292680000170e+01,9.995470425259814817e+01
9.175367910689999462e+01,9.995472185284502586e+01
9.189969793769999740e+01,9.995479268111307647e+01
9.200743669150000414e+01,9.995483299853384551e+01
9.205412119839999718e+01,9.995485333585926924e+01
9.210274706490000085e+01,9.995489348582722755e+01
9.213537904140000023e+01,9.995498070190875239e+01
9.214938328590000083e+01,9.995503008344768148e+01
9.219795891050000591e+01,9.995512138607681152e+01
9.232563724029999719e+01,9.995514853202259076e+01
9.238808823649999624e+01,9.995522482553850807e+01
9.248300632199999427e+01,9.995529080859603255e+01
9.252701492789999804e+01,9.995529785959945457e+01
9.257782709010000133e+01,9.995540663903510392e+01
9.276717786720000447e+01,9.995544146363130267e+01
9.281348023060000685e+01,9.995555383663567284e+01
9.286170846919999633e+01,9.995564009229454427e+01
9.294395190139999841e+01,9.995580013105922035e+01
9.295614293939999584e+01,9.995591990077376465e+01
9.298847543850000363e+01,9.995600411458458723e+01
9.308278130109999893e+01,9.995604421146296659e+01
9.314472465420000447e+01,9.995614317240735147e+01
9.333292533520000234e+01,9.995624234090315952e+01
9.346731131750000543e+01,9.995625600509737296e+01
9.352074728300000572e+01,9.995637681229341354e+01
9.356113453400000424e+01,9.995645599396594605e+01
9.366040041440000152e+01,9.995657269222394348e+01
9.374849927340000022e+01,9.995664657884898929e+01
9.384204135870000130e+01,9.995671538004278034e+01
9.398866008289999741e+01,9.995679653221272076e+01
9.402063751320000051e+01,9.995695505560938443e+01
9.408196338589999641e+01,9.995712655697327875e+01
9.412210982269999704e+01,9.995727968009900621e+01
9.416300370529999952e+01,9.995729479383506089e+01
9.425613442719999568e+01,9.995738025641320235e+01
9.430836006529999338e+01,9.995745358489980958e+01
9.444212035889999868e+01,9.995753177208572993e+01
9.453497611070000062e+01,9.995760296501089215e+01
9.458704778819999603e+01,9.995767136034888267e+01
9.467976140470000246e+01,9.995783707443531796e+01
9.481299773419999610e+01,9.995799590662242906e+01
9.482508485339999993e+01,9.995815468558646444e+01
9.495735911840000654e+01,9.995821559016955860e+01
9.499789345070000479e+01,9.995830019150342594e+01
9.513386149400000136e+01,9.995830490469030849e+01
9.523414766690000022e+01,9.995862985467695694e+01
9.527456424029999482e+01,9.995870861702373134e+01
9.536660946860000365e+01,9.995889216129998545e+01
9.541822730779999517e+01,9.995899923265926645e+01
9.568524010270000701e+01,9.995907917738097126e+01
9.574587626160000298e+01,9.995922010644126487e+01
9.577689065670000446e+01,9.995929850975743136e+01
9.586845359260000521e+01,9.995943469705699158e+01
9.591702593239999430e+01,9.995978876300073068e+01
9.596834772340000086e+01,9.996001818510499959e+01
9.605131761180000183e+01,9.996016188247847367e+01
9.605972816489999389e+01,9.996026983191896420e+01
9.614261919320000516e+01,9.996035935503765302e+01
9.623383415249999473e+01,9.996054404224132384e+01
9.641600518799999975e+01,9.996060261542793057e+01
9.650696175289999701e+01,9.996076258487079258e+01
9.659783267310000099e+01,9.996112435348149461e+01
9.664603844250000009e+01,9.996133802230463061e+01
9.677931854419999524e+01,9.996172984936717398e+01
9.687827345899999898e+01,9.996183582890215291e+01
9.714127309920000641e+01,9.996208855233241763e+01
9.717643755480000323e+01,9.996213432508143626e+01
9.723155120479999880e+01,9.996264811210009782e+01
9.726668302250000409e+01,9.996268285228946127e+01
9.735684483670000589e+01,9.996275382072595050e+01
9.753691843240000026e+01,9.996286348804051158e+01
9.762683067509999546e+01,9.996290725799994448e+01
9.771666018659999509e+01,9.996301388078289563e+01
9.786116605809999669e+01,9.996331012064851507e+01
9.786942107929999679e+01,9.996333748568912370e+01
9.787191598299999384e+01,9.996338634201450191e+01
9.789607192709999595e+01,9.996356673813575355e+01
9.796152075460000219e+01,9.996360530130125710e+01
9.798565460880000444e+01,9.996400064079544734e+01
9.805104364010000495e+01,9.996408106288902218e+01
9.807515546499999459e+01,9.996413959805227023e+01
9.822984464840000385e+01,9.996428026974410841e+01
9.825391259490000095e+01,9.996442632180821874e+01
9.831912321619999773e+01,9.996447599507335724e+01
9.840832078830000285e+01,9.996461171522604161e+01
9.843234509520000586e+01,9.996531306812731543e+01
9.858647382419999872e+01,9.996551383882612640e+01
9.861045472799999345e+01,9.996577170933682055e+01
9.866476734639999790e+01,9.996583312741303473e+01
9.867542972520000433e+01,9.996624423601248566e+01
9.905432768679999356e+01,9.996653229649984951e+01
9.911901171460000626e+01,9.996715367360518201e+01
9.914286380699999768e+01,9.996729572984786216e+01
9.933369618849999938e+01,9.996732088902624014e+01
9.942198352900000202e+01,9.996747782252667491e+01
9.959832342750000578e+01,9.996776245005440842e+01
9.968637640080000040e+01,9.996809507450782917e+01
9.973671217679999756e+01,9.996829701870089480e+01
9.984832660969999552e+01,9.996832413474895418e+01
9.995006988999999464e+01,9.996955764856410553e+01
1.001254797329000041e+02,9.997022500761758579e+01
1.003880198173000053e+02,9.997069652890408520e+01
1.004753807318000014e+02,9.997158367396203005e+01
1.007232070100999977e+02,9.997164847012885502e+01
1.008543653231999997e+02,9.997169747694574937e+01
1.009413226341000041e+02,9.997176802516938210e+01
1.009979593624999978e+02,9.997205924879611416e+01
1.010282050988000009e+02,9.997220424219852930e+01
1.012017462607000056e+02,9.997254327868297707e+01
1.012884053412000043e+02,9.997279523067770413e+01
1.013749903424999985e+02,9.997325687457917809e+01
1.015479388647000007e+02,9.997346653568482111e+01
1.015498590228999944e+02,9.997351154655021332e+01
1.016343027624999991e+02,9.997376246534147981e+01
1.016362212891000070e+02,9.997382603966784131e+01
1.016905535352999976e+02,9.997384738759322431e+01
1.017205933348000002e+02,9.997465314020159610e+01
1.017225102338999960e+02,9.997479514304382064e+01
1.018929552478000033e+02,9.997506610486756529e+01
1.018948689042999973e+02,9.997535671568216742e+01
1.019809390002999976e+02,9.997557624439147617e+01
1.020669365158999966e+02,9.997595823828862649e+01
1.022368073180000039e+02,9.997615174799831550e+01
1.023225897881000037e+02,9.997625491878115156e+01
1.024102044291000055e+02,9.997682880575351305e+01
1.029210651590999959e+02,9.997685482794261702e+01
1.029229596999000051e+02,9.997695639213310415e+01
1.030411087468999938e+02,9.997714473427460291e+01
1.031262221851000049e+02,9.997735932818298465e+01
1.032112654342000013e+02,9.997813308395453191e+01
1.033811420581999982e+02,9.997896045405846621e+01
1.034659757775999935e+02,9.997976445408168900e+01
1.035507399972999991e+02,9.998069090050462648e+01
1.036854577401000057e+02,9.998076274362139770e+01
1.037200606184999998e+02,9.998120891220523276e+01
1.038046173591000070e+02,9.998188004717373190e+01
1.042263720796999991e+02,9.998202838430886175e+01
1.045043886718000010e+02,9.998211375207007734e+01
1.045883113068999961e+02,9.998257629531948965e+01
1.047559548796999991e+02,9.998329008915860072e+01
1.048139776434999959e+02,9.998337127884988718e+01
1.048396761399000070e+02,9.998388771929089103e+01
1.050904397374000041e+02,9.998505990452528636e+01
1.052000810595999951e+02,9.998511727895453305e+01
1.052572835719000039e+02,9.998525700277328099e+01
1.052834491517999993e+02,9.998555804456279361e+01
1.054499876056000005e+02,9.998600290360005260e+01
1.055070546267999987e+02,9.998608003207212391e+01
1.055331582792999967e+02,9.998638869579785649e+01
1.055901803502000007e+02,9.998644714144030843e+01
1.057822779461999971e+02,9.998668361303123220e+01
1.060875668896999997e+02,9.998676407236324337e+01
1.061961787415999936e+02,9.998679335613599051e+01
1.067191559333000015e+02,9.998742098084606766e+01
1.067471439031999978e+02,9.998745787615213487e+01
1.068013382569999976e+02,9.998826181856463791e+01
1.068834573909999932e+02,9.998902005062663534e+01
1.070475066715000025e+02,9.999055888180954810e+01
1.071294371073999940e+02,9.999073183510689944e+01
1.072113049323999974e+02,9.999095962662296699e+01
1.075381529818999979e+02,9.999107834461094058e+01
1.080265708469000003e+02,9.999120677021201686e+01
1.082104448144000060e+02,9.999182421783754648e+01
1.082914954060999975e+02,9.999209319546422137e+01
1.083724853810000042e+02,9.999299050275352840e+01
1.085342840229999979e+02,9.999314965529083565e+01
1.086150929602000019e+02,9.999347495146592735e+01
1.086958418206999966e+02,9.999357554074818211e+01
1.088571598464999965e+02,9.999363875289802195e+01
1.089059645321000005e+02,9.999395765506083933e+01
1.089377292778000026e+02,9.999405673252785220e+01
1.089864978841000038e+02,9.999419070535321907e+01
1.090669717714999933e+02,9.999459165711583353e+01
1.092277416782000046e+02,9.999465474695715272e+01
1.093396858968999936e+02,9.999472667527822978e+01
1.095485736721000052e+02,9.999475671103064656e+01
1.098999553438000021e+02,9.999477140855761093e+01
1.103707735427999950e+02,9.999505509260298197e+01
1.104502388534999966e+02,9.999596586656625163e+01
1.106089982033000041e+02,9.999640356252325546e+01
1.106882924879000001e+02,9.999649196291636599e+01
1.109258352458000019e+02,9.999677306036339530e+01
1.113206134407000008e+02,9.999686068018839080e+01
1.118885818132999930e+02,9.999719768939597486e+01
1.119669699087999959e+02,9.999738484744776201e+01
1.120453031631000016e+02,9.999757120168091262e+01
1.122018056077999972e+02,9.999760370087729200e+01
1.122799750268000025e+02,9.999776176052822052e+01
1.123580900620000023e+02,9.999795453200759709e+01
1.125841126642999939e+02,9.999808269036815034e+01
1.126620168235999984e+02,9.999814003742602608e+01
1.126700086262000013e+02,9.999818801385316647e+01
1.127398671506000056e+02,9.999825367843833135e+01
1.129730962496000046e+02,9.999832065047336016e+01
1.131362740504000044e+02,9.999835874395076019e+01
1.140754396445999959e+02,9.999845613800874844e+01
1.141523260406000020e+02,9.999855791434011110e+01
1.142291606852000001e+02,9.999861227138417519e+01
1.143826751372999979e+02,9.999897151697244624e+01
1.146890875935000054e+02,9.999901886264818529e+01
1.155414660259999948e+02,9.999902562013909346e+01
1.156173775079000023e+02,9.999909080188862731e+01
1.157690511429999987e+02,9.999926373845461569e+01
1.158448134915999930e+02,9.999936840612917877e+01
1.160718038284999949e+02,9.999939580029123931e+01
1.162371584138000031e+02,9.999939807017550208e+01
1.163126158527000058e+02,9.999942975661109301e+01
1.164491378063000013e+02,9.999951504652618439e+01
1.164633840622000065e+02,9.999956901979736301e+01
1.177536643411999933e+02,9.999959625316810730e+01
1.178281506099000069e+02,9.999962960956351310e+01
1.179025898210000065e+02,9.999974716783739837e+01
1.181256259988000039e+02,9.999975847932475403e+01
1.192450203198000054e+02,9.999977309965318284e+01
1.193185755924999967e+02,9.999980133513965086e+01
1.193920855492000044e+02,9.999982904296791730e+01
1.195389698487999937e+02,9.999983607017732368e+01
1.198321983191000015e+02,9.999989929199290373e+01
1.199405704347000068e+02,9.999990515079051079e+01
1.200136994120999958e+02,9.999991494292753202e+01
1.214078508971000048e+02,9.999991700979053633e+01
1.214800965995000013e+02,9.999993153388744815e+01
1.216244592609999984e+02,9.999993442791692644e+01
1.229233119822000049e+02,9.999994490651175738e+01
1.229946675228000004e+02,9.999995439970663824e+01
1.230659816903000063e+02,9.999995584965719786e+01
1.232796766726000044e+02,9.999996106549073716e+01
1.236188704619000021e+02,9.999996617561957635e+01
1.251102550611999931e+02,9.999997839250460174e+01
1.251803640027000029e+02,9.999998123805782768e+01
1.265785433803000046e+02,9.999998511716461280e+01
1.266478395183000032e+02,9.999998830748980083e+01
1.267863181711000067e+02,9.999999397366426024e+01
1.272742357680999987e+02,9.999999555086979797e+01
1.287886130118000096e+02,9.999999692442503374e+01
1.302800196816999971e+02,9.999999745511807703e+01
1.303473480305999885e+02,9.999999928023748907e+01
1.324449282514000004e+02,9.999999952939927539e+01
1.339584288883000056e+02,9.999999980051367743e+01
1.376156207345999860e+02,1.000000000000000284e+02
