mode_index_1based,eigenvalue,eigenvalue_fraction,restricted_metric_weight
1.000000000000000000e+00,6.434033757020252153e-02,1.577265273887102359e-01,3.334508079141033643e-01
2.000000000000000000e+00,6.433239464718681910e-02,1.577070557833084863e-01,3.656911922227392103e-04
3.000000000000000000e+00,6.433189643223469201e-02,1.577058344388570787e-01,2.622217016233127618e-04
4.000000000000000000e+00,4.992070462611845200e-02,1.223776511412294904e-01,1.331976474269585999e-11
5.000000000000000000e+00,4.991563689429983491e-02,1.223652278967817114e-01,8.465217049064921659e-12
6.000000000000000000e+00,4.990999105962370258e-02,1.223513874674133500e-01,4.708246895395842679e-11
7.000000000000000000e+00,8.960001492347213553e-04,2.196491305696982119e-03,7.143424322787786894e-05
8.000000000000000000e+00,8.900640624907714361e-04,2.181939340572773903e-03,3.894444404244615749e-12
9.000000000000000000e+00,8.878332123532233118e-04,2.176470543569087538e-03,3.395508637182600741e-11
1.000000000000000000e+01,8.875920165844215348e-04,2.175879266425220348e-03,4.572248977809447304e-12
1.100000000000000000e+01,8.859246774093396245e-04,2.171791883175515098e-03,3.364421487828032563e-08
1.200000000000000000e+01,8.855531793780695507e-04,2.170881177751564708e-03,1.734643470359576062e-08
1.300000000000000000e+01,8.610199811744014692e-04,2.110739495184521790e-03,6.179922155312931806e-03
1.400000000000000000e+01,7.521486087058534180e-04,1.843847772821852540e-03,1.410886496388541015e-12
1.500000000000000000e+01,7.466318767996360300e-04,1.830323831248609244e-03,7.089323053484805364e-12
1.600000000000000000e+01,7.442611108685215793e-04,1.824512038962655723e-03,6.866166398267271446e-12
1.700000000000000000e+01,6.707921892790569707e-04,1.644407328435517355e-03,5.249347607909655218e-09
1.800000000000000000e+01,6.648325250506974390e-04,1.629797564504511815e-03,3.383691865154871642e-09
1.900000000000000000e+01,6.604942500711329318e-04,1.619162540300023850e-03,7.889428300671808055e-06
2.000000000000000000e+01,5.955562500332992016e-04,1.459970878764835309e-03,7.872982620410725705e-10
2.100000000000000000e+01,5.930338653003051214e-04,1.453787401964774188e-03,2.864640290592576646e-13
2.200000000000000000e+01,5.552436889811039090e-04,1.361147022611291580e-03,1.212619898511002276e-12
2.300000000000000000e+01,5.461790640310524225e-04,1.338925631343446847e-03,6.819554938242484244e-13
2.400000000000000000e+01,5.350653352396067325e-04,1.311680983354119668e-03,4.454647372640549199e-13
2.500000000000000000e+01,4.893744749192475854e-04,1.199672545041690968e-03,6.650389787684015958e-13
2.600000000000000000e+01,4.885323372399210653e-04,1.197608094391297258e-03,1.352923770968373204e-12
2.700000000000000000e+01,4.848733313595159750e-04,1.188638258157823134e-03,1.105209238428715086e-09
2.800000000000000000e+01,4.829611877650132404e-04,1.183950751370958527e-03,4.729311663215552993e-11
2.900000000000000000e+01,4.740059908556719251e-04,1.161997616464705571e-03,2.204336067606589892e-10
3.000000000000000000e+01,4.734197209117003871e-04,1.160560410415326224e-03,2.717230412819125946e-04
3.100000000000000000e+01,4.030705644726022881e-04,9.881036194052204152e-04,4.045328204344721775e-14
3.200000000000000000e+01,3.927265558241551822e-04,9.627458947644664975e-04,9.226377268338798354e-05
3.300000000000000000e+01,3.894323711556987801e-04,9.546703961277701453e-04,1.028090023274166501e-11
3.400000000000000000e+01,3.890788880945514621e-04,9.538038533362489142e-04,3.636762789731856177e-11
3.500000000000000000e+01,3.889166922929624326e-04,9.534062399337119628e-04,2.023199356726344642e-13
3.600000000000000000e+01,3.876912944393434159e-04,9.504022496622897961e-04,2.666503668772943587e-09
3.700000000000000000e+01,3.815587435338592057e-04,9.353686642804736251e-04,4.308150450661511272e-12
3.800000000000000000e+01,3.751706938319541041e-04,9.197087387295918050e-04,3.476022830143043075e-07
3.900000000000000000e+01,3.744190036711673953e-04,9.178660148146949730e-04,4.773238884637204921e-04
4.000000000000000000e+01,3.738495409839587389e-04,9.164700107599623238e-04,1.275099149013419079e-07
4.100000000000000000e+01,3.642484200593496218e-04,8.929334313811962236e-04,4.453020308572367648e-12
4.200000000000000000e+01,3.625644299627798508e-04,8.888052293835129423e-04,4.952597883212258114e-12
4.300000000000000000e+01,3.625095998485811338e-04,8.886708166055344279e-04,9.177397960564748845e-12
4.400000000000000000e+01,3.611223460746778831e-04,8.852700461304665929e-04,1.736735883856492734e-13
4.500000000000000000e+01,3.587174903837416309e-04,8.793746848170683281e-04,1.842478351193593475e-06
4.600000000000000000e+01,3.581081963159054205e-04,8.778810364914982518e-04,3.029694267953553412e-09
4.700000000000000000e+01,3.550144875183467233e-04,8.702969925803450682e-04,7.575620204308553488e-13
4.800000000000000000e+01,3.546683920693845943e-04,8.694485600826095100e-04,4.425213734854559289e-08
4.900000000000000000e+01,3.379066314859309971e-04,8.283580966254596540e-04,6.236672621491300993e-09
5.000000000000000000e+01,3.339304268721693088e-04,8.186106664813248791e-04,9.301302119199420307e-04
5.100000000000000000e+01,3.303952891814544821e-04,8.099444857795371974e-04,2.064056836123923844e-11
5.200000000000000000e+01,3.212411270322026243e-04,7.875035993701480757e-04,3.167813669577231975e-11
5.300000000000000000e+01,3.126831683707959443e-04,7.665242705046907854e-04,3.123753793703953636e-03
5.400000000000000000e+01,3.034208444683722831e-04,7.438182319626221103e-04,5.302855983818495321e-08
5.500000000000000000e+01,2.995758177561446507e-04,7.343923766758857392e-04,5.874662417041491264e-06
5.600000000000000000e+01,2.994652152701933337e-04,7.341212412313347264e-04,3.848966484898067932e-10
5.700000000000000000e+01,2.987405741991162899e-04,7.323448265580434794e-04,3.143782839547134341e-10
5.800000000000000000e+01,2.978472455925277695e-04,7.301548843809378426e-04,2.242855442049288537e-04
5.900000000000000000e+01,2.978446318226297680e-04,7.301484768788174843e-04,9.701440891458281438e-06
6.000000000000000000e+01,2.973820632337713615e-04,7.290145173760386550e-04,6.058835742000599897e-04
6.100000000000000000e+01,2.965184845020089432e-04,7.268975052553140444e-04,1.141698046528901112e-10
6.200000000000000000e+01,2.941421008909619840e-04,7.210719415596788520e-04,4.670012541955693210e-05
6.300000000000000000e+01,2.929932050792389284e-04,7.182554915135971841e-04,1.436701992477526650e-06
6.400000000000000000e+01,2.928171172311216865e-04,7.178238225816680656e-04,6.396130762900989298e-12
6.500000000000000000e+01,2.924808236816173971e-04,7.169994188599956896e-04,6.903099378919930549e-12
6.600000000000000000e+01,2.923514927021496888e-04,7.166823716226701979e-04,4.332943965343218786e-07
6.700000000000000000e+01,2.920874839896700752e-04,7.160351698983345075e-04,1.683773959195102926e-11
6.800000000000000000e+01,2.896174585065846847e-04,7.099800486987667284e-04,2.438121668741077829e-11
6.900000000000000000e+01,2.883631392912513612e-04,7.069051594217934430e-04,3.171126229749273231e-04
7.000000000000000000e+01,2.880637065465839583e-04,7.061711177803219660e-04,9.506406351969220710e-04
7.100000000000000000e+01,2.864406563423002811e-04,7.021923063197840200e-04,1.618116937516465998e-07
7.200000000000000000e+01,2.858398530050211355e-04,7.007194725173628404e-04,4.553709211273726912e-10
7.300000000000000000e+01,2.856926001673964002e-04,7.003584909060782578e-04,4.310816714371754108e-11
7.400000000000000000e+01,2.856688847530728780e-04,7.003003539722651820e-04,1.953677596430100885e-10
7.500000000000000000e+01,2.799458007965327402e-04,6.862705525675990995e-04,5.049914978112098876e-04
7.600000000000000000e+01,2.793263962784463521e-04,6.847521190719705513e-04,2.064027589153903766e-05
7.700000000000000000e+01,2.789095013435820823e-04,6.837301258272143311e-04,1.445657764798173064e-11
7.800000000000000000e+01,2.785124746332536178e-04,6.827568383583329167e-04,1.778289292323343710e-10
7.900000000000000000e+01,2.757789757905199611e-04,6.760558278201925534e-04,7.265399533545366857e-07
8.000000000000000000e+01,2.756659439789909739e-04,6.757787370278499177e-04,3.768879196209299616e-11
8.100000000000000000e+01,2.397436580472553564e-04,5.877173803448071604e-04,3.303541847974146746e-03
8.200000000000000000e+01,2.333614339480565426e-04,5.720717359139739161e-04,2.775065937548518147e-11
8.300000000000000000e+01,2.296329421308536509e-04,5.629315590213213342e-04,1.120100850903369813e-12
8.400000000000000000e+01,2.291738362182661227e-04,5.618060880643645921e-04,7.810400460337896680e-12
8.500000000000000000e+01,2.259498269900299785e-04,5.539026203636550827e-04,7.206988835063313260e-10
8.600000000000000000e+01,2.257632653908295923e-04,5.534452756511898733e-04,1.981947866392377840e-10
8.700000000000000000e+01,1.832779398383589393e-04,4.492950159939659177e-04,3.085148251172206056e-07
8.800000000000000000e+01,1.831160785565079374e-04,4.488982226467568091e-04,1.103295141133087685e-08
8.900000000000000000e+01,1.820548929302884548e-04,4.462967889263355528e-04,8.954762655075634541e-11
9.000000000000000000e+01,1.817851734705578596e-04,4.456355876432983323e-04,8.420911801613476915e-12
9.100000000000000000e+01,1.812679101637644085e-04,4.443675472784631986e-04,8.621891706830657389e-11
9.200000000000000000e+01,1.802652777982623222e-04,4.419096534092304090e-04,7.026311878175886321e-04
9.300000000000000000e+01,1.762433239208495341e-04,4.320500716544764725e-04,7.631392069866612358e-04
9.400000000000000000e+01,1.752709199839369526e-04,4.296662809878361777e-04,2.611313798344839746e-12
9.500000000000000000e+01,1.744120671606441621e-04,4.275608541518617135e-04,1.130815223671439898e-05
9.600000000000000000e+01,1.735944991927522441e-04,4.255566346940583807e-04,1.967589824928914297e-03
9.700000000000000000e+01,1.729589413809506427e-04,4.239986023554674003e-04,4.527782511443531980e-09
9.800000000000000000e+01,1.729126029184434971e-04,4.238850063587443532e-04,3.626720379163787610e-10
9.900000000000000000e+01,1.719010513384389453e-04,4.214052475633449000e-04,4.359592565007113142e-06
1.000000000000000000e+02,1.714593720151978077e-04,4.203224968581871805e-04,4.991020499105635728e-10
1.010000000000000000e+02,1.710044682863087013e-04,4.192073273057183897e-04,1.564495839487895057e-11
1.020000000000000000e+02,1.701796982821634943e-04,4.171854524825368291e-04,6.311616314646138063e-07
1.030000000000000000e+02,1.700562158345155428e-04,4.168827425746237910e-04,4.321196077214373748e-07
1.040000000000000000e+02,1.697404778739030847e-04,4.161087296618401661e-04,3.291487886918595968e-11
1.050000000000000000e+02,1.520391777612997112e-04,3.727150406874860664e-04,2.561076979101392300e-08
1.060000000000000000e+02,1.517225767374082060e-04,3.719389120261835133e-04,8.602218466859164678e-12
1.070000000000000000e+02,1.513235636797218779e-04,3.709607551443836956e-04,8.202842713831149048e-12
1.080000000000000000e+02,1.505483565716248429e-04,3.690603808258035570e-04,2.065809456190095348e-08
1.090000000000000000e+02,1.503262630664411049e-04,3.685159317499808588e-04,1.332841243896827865e-11
1.100000000000000000e+02,1.498629318199255105e-04,3.673801026371191231e-04,6.670537686389757656e-09
1.110000000000000000e+02,1.497560799957335827e-04,3.671181617177611350e-04,2.342782015298997253e-07
1.120000000000000000e+02,1.492229561495658969e-04,3.658112401798939970e-04,2.023458244817180947e-11
1.130000000000000000e+02,1.488037711095165766e-04,3.647836328778941142e-04,1.204526838688453194e-09
1.140000000000000000e+02,1.480398479786147997e-04,3.629109205611833052e-04,2.296750553008549239e-08
1.150000000000000000e+02,1.479711933894946546e-04,3.627426179016051983e-04,1.349574028714441308e-11
1.160000000000000000e+02,1.477510156221692504e-04,3.622028651436943135e-04,7.556050792021691285e-13
1.170000000000000000e+02,1.476016640706647755e-04,3.618367386596171246e-04,4.345087971870623534e-12
1.180000000000000000e+02,1.473914571721565486e-04,3.613214288961475525e-04,2.345617813867487380e-07
1.190000000000000000e+02,1.461283548180134656e-04,3.582250082745100307e-04,3.102896931771699487e-06
1.200000000000000000e+02,1.458850640151461333e-04,3.576285952786968582e-04,4.220623773558118534e-11
1.210000000000000000e+02,1.453143941073081877e-04,3.562296317940819024e-04,3.576382917139287519e-12
1.220000000000000000e+02,1.449151374140687483e-04,3.552508776541514913e-04,5.910175406645718076e-09
1.230000000000000000e+02,1.447907069571103666e-04,3.549458437575540165e-04,3.448325469938972461e-08
1.240000000000000000e+02,1.445745281278194600e-04,3.544158941594219205e-04,1.403902337486731831e-12
1.250000000000000000e+02,1.441731687392711894e-04,3.534319853864612004e-04,1.146420995711124108e-12
1.260000000000000000e+02,1.429247211767228345e-04,3.503714901185773795e-04,5.415212810879371750e-06
1.270000000000000000e+02,1.427425653745088840e-04,3.499249459565179163e-04,1.893742921304975761e-12
1.280000000000000000e+02,1.425251584519882466e-04,3.493919857605594999e-04,4.140532106585661869e-08
1.290000000000000000e+02,1.423189945601515218e-04,3.488865871885226517e-04,1.474519134126284916e-07
1.300000000000000000e+02,1.412672272675778728e-04,3.463082419552906879e-04,8.089466006678996807e-11
1.310000000000000000e+02,1.409165537010434205e-04,3.454485864734377289e-04,1.752401194526520986e-08
1.320000000000000000e+02,1.408937187674881087e-04,3.453926079860867443e-04,8.535957887354819718e-05
1.330000000000000000e+02,1.370994513082264500e-04,3.360911860020888986e-04,1.567884613529423866e-12
1.340000000000000000e+02,1.364934856902994573e-04,3.346056971743641096e-04,5.162073324191833793e-06
1.350000000000000000e+02,1.363717206880659598e-04,3.343071974821793142e-04,6.937978711481067983e-06
1.360000000000000000e+02,1.363067115712280123e-04,3.341478314820201423e-04,9.582303366191241861e-11
1.370000000000000000e+02,1.361360692161948406e-04,3.337295118539105503e-04,1.480637989233483692e-07
1.380000000000000000e+02,1.359381837244367857e-04,3.332444072894287014e-04,1.055481946656380909e-06
1.390000000000000000e+02,1.359303011264796082e-04,3.332250835673355419e-04,2.899129076175158551e-10
1.400000000000000000e+02,1.356218738036761389e-04,3.324689922502126476e-04,2.159043080099533139e-06
1.410000000000000000e+02,1.354935524433215424e-04,3.321544200343543897e-04,5.086890051990171649e-11
1.420000000000000000e+02,1.350659447791627223e-04,3.311061651681286968e-04,4.677625601080187229e-13
1.430000000000000000e+02,1.348697012821132712e-04,3.306250858564379258e-04,1.239338959679831760e-12
1.440000000000000000e+02,1.345112294674616880e-04,3.297463134311295853e-04,2.522056733411892787e-08
1.450000000000000000e+02,1.334910994928703901e-04,3.272455252094038421e-04,4.874866466927042218e-07
1.460000000000000000e+02,1.333352280043447033e-04,3.268634154858227666e-04,5.873509687481472752e-12
1.470000000000000000e+02,1.332909416479878485e-04,3.267548501058036860e-04,2.787373290443494286e-12
1.480000000000000000e+02,1.331770757634480622e-04,3.264757146328679176e-04,2.068719496398503375e-08
1.490000000000000000e+02,1.331590173427659124e-04,3.264314454839655996e-04,1.670460751808173563e-12
1.500000000000000000e+02,1.330129321161312216e-04,3.260733262018785175e-04,1.695967077259324507e-08
1.510000000000000000e+02,1.321088756068948273e-04,3.238570852067262635e-04,3.515141226931720323e-08
1.520000000000000000e+02,1.319538853936636879e-04,3.234771358773415708e-04,1.459127976098674919e-10
1.530000000000000000e+02,1.319325481633087406e-04,3.234248289206939652e-04,4.974725834466639451e-07
1.540000000000000000e+02,1.317180194626031209e-04,3.228989245150698712e-04,2.032905919367447772e-11
1.550000000000000000e+02,1.316496437902692630e-04,3.227313056034762108e-04,3.513485326545936276e-06
1.560000000000000000e+02,1.315699151122437407e-04,3.225358554707420298e-04,6.641217477819610882e-11
1.570000000000000000e+02,1.314192741963988997e-04,3.221665681863391563e-04,2.705247530376645688e-06
1.580000000000000000e+02,1.313563909256639179e-04,3.220124135720111029e-04,2.692996858258427989e-11
1.590000000000000000e+02,1.066453956107370606e-04,2.614348719156683052e-04,2.137983780521389326e-05
1.600000000000000000e+02,1.066153979258333109e-04,2.613613343675569647e-04,1.418496261776725639e-10
1.610000000000000000e+02,1.063258536350658552e-04,2.606515336852377484e-04,7.242786111383694916e-10
1.620000000000000000e+02,1.062888554517255388e-04,2.605608348297710260e-04,4.744578409731281016e-06
1.630000000000000000e+02,1.060538071401987217e-04,2.599846278133678039e-04,1.729457207093937953e-11
1.640000000000000000e+02,1.060268401834046784e-04,2.599185199157409806e-04,2.514437928390443182e-06
1.650000000000000000e+02,7.792602589871272523e-05,1.910310377964025174e-04,1.521604639271300966e-11
1.660000000000000000e+02,7.779326678637633484e-05,1.907055866943597588e-04,6.754229409977213407e-11
1.670000000000000000e+02,7.778212627256610157e-05,1.906782763844830418e-04,2.489993817473263000e-11
1.680000000000000000e+02,7.215831357611724383e-05,1.768918325951949751e-04,2.123151170754932371e-04
1.690000000000000000e+02,7.125811216575254437e-05,1.746850421466319405e-04,9.142205880143414775e-09
1.700000000000000000e+02,7.099817242985719022e-05,1.740478152774322437e-04,6.177806012233616618e-08
1.710000000000000000e+02,7.003379874238035432e-05,1.716837102917410896e-04,7.620277965289726750e-12
1.720000000000000000e+02,6.957828570832372956e-05,1.705670470637365294e-04,5.136301720989873244e-12
1.730000000000000000e+02,6.934112100625305810e-05,1.699856518412453342e-04,1.101082280740361316e-12
1.740000000000000000e+02,6.639706378396023167e-05,1.627684699046533126e-04,9.447395942992833849e-06
1.750000000000000000e+02,6.638572912578486330e-05,1.627406836613624972e-04,1.189650679764649467e-08
1.760000000000000000e+02,6.627097161245558551e-05,1.624593624132505845e-04,1.361375257407431032e-05
1.770000000000000000e+02,6.623698866967895607e-05,1.623760552414665035e-04,3.134155161191684169e-09
1.780000000000000000e+02,6.620501388535837879e-05,1.622976709512164827e-04,4.191083554842546895e-06
1.790000000000000000e+02,6.618287922517095145e-05,1.622434091425574377e-04,1.133531588294788843e-09
1.800000000000000000e+02,6.503803767531068925e-05,1.594368978793433815e-04,8.952712033722166511e-06
1.810000000000000000e+02,6.498285056733335823e-05,1.593016099522573067e-04,1.044380247879184744e-09
1.820000000000000000e+02,6.492590284614577851e-05,1.591620059861479297e-04,2.933205626778234105e-10
1.830000000000000000e+02,6.486186696941628933e-05,1.590050258264803719e-04,1.478625591985031655e-06
1.840000000000000000e+02,6.483493853450157662e-05,1.589390123629595101e-04,1.163684798986448086e-09
1.850000000000000000e+02,6.480481352614896442e-05,1.588651626889532424e-04,2.434592285827973669e-06
1.860000000000000000e+02,6.406099798581595551e-05,1.570417429397721919e-04,3.474353961172970003e-04
1.870000000000000000e+02,6.373448053892040606e-05,1.562413047547149504e-04,2.327815179674679756e-09
1.880000000000000000e+02,6.372242519766030855e-05,1.562117517995200030e-04,5.702061878616348603e-06
1.890000000000000000e+02,6.366515107612751392e-05,1.560713476822933870e-04,2.055473650345732298e-10
1.900000000000000000e+02,6.343567298870327672e-05,1.555087957404149965e-04,1.181277195740539635e-05
1.910000000000000000e+02,6.331833202306495865e-05,1.552211413119567211e-04,1.670728130945578719e-10
1.920000000000000000e+02,6.292558378965341708e-05,1.542583422758704874e-04,3.218741284211191860e-05
1.930000000000000000e+02,6.290079743144803360e-05,1.541975799865510964e-04,3.039431808918927668e-08
1.940000000000000000e+02,6.289207540077151675e-05,1.541761984448567749e-04,8.861345250495129513e-06
1.950000000000000000e+02,6.284060672351332328e-05,1.540500260304772568e-04,1.844355233308740704e-04
1.960000000000000000e+02,6.280123009050923779e-05,1.539534965465090099e-04,6.781148806744093208e-10
1.970000000000000000e+02,6.270077316065098666e-05,1.537072323319113836e-04,1.153169903088364046e-09
1.980000000000000000e+02,6.172867438409322205e-05,1.513241897478096853e-04,6.351005766469804947e-12
1.990000000000000000e+02,6.124626505159067719e-05,1.501415918369343981e-04,6.145284935515752509e-13
2.000000000000000000e+02,6.120917181647465215e-05,1.500506599676684207e-04,3.529239897238924926e-07
2.010000000000000000e+02,6.070531360023755704e-05,1.488154813884974006e-04,2.176027463842987934e-07
2.020000000000000000e+02,6.047002766894475384e-05,1.482386918613093991e-04,1.567387416652937152e-07
2.030000000000000000e+02,6.004341210979453967e-05,1.471928690817609394e-04,6.579681409442087336e-06
2.040000000000000000e+02,5.998154352120776419e-05,1.470412019006308072e-04,6.905596267158928397e-11
2.050000000000000000e+02,5.993464180433668545e-05,1.469262251191898866e-04,7.591521741940938808e-05
2.060000000000000000e+02,5.981490096805750487e-05,1.466326875499732554e-04,4.407175816171147328e-12
2.070000000000000000e+02,5.939626902254994934e-05,1.456064361264888742e-04,9.647890475477793345e-06
2.080000000000000000e+02,5.916788352020915375e-05,1.450465625922408533e-04,7.931242447433332847e-07
2.090000000000000000e+02,5.916447700534045078e-05,1.450382117227703137e-04,5.562996287516343617e-10
2.100000000000000000e+02,5.881097802537063206e-05,1.441716299071984901e-04,3.356325622362063670e-12
2.110000000000000000e+02,5.798160499978395339e-05,1.421384710495390694e-04,2.044340947399765796e-11
2.120000000000000000e+02,5.768634356325776146e-05,1.414146551229554483e-04,2.183656211302498277e-05
2.130000000000000000e+02,5.720031986571900957e-05,1.402231968102326642e-04,2.160809133553469660e-06
2.140000000000000000e+02,5.690046642580700193e-05,1.394881238592821549e-04,2.331364592292232768e-11
2.150000000000000000e+02,5.668144677068604755e-05,1.389512101448583340e-04,8.613376916228108709e-14
2.160000000000000000e+02,5.605700770759181658e-05,1.374204347602833254e-04,3.482055056952403145e-12
2.170000000000000000e+02,5.593650031324805304e-05,1.371250180193660955e-04,4.481880884660530618e-06
2.180000000000000000e+02,5.580314420527662697e-05,1.367981034178774387e-04,4.048805039644274071e-08
2.190000000000000000e+02,5.561930296655686186e-05,1.363474275080336538e-04,5.348870839740915956e-07
2.200000000000000000e+02,5.558039054535264241e-05,1.362520360118026801e-04,8.913251313848939892e-12
2.210000000000000000e+02,5.553402457977822936e-05,1.361383725929389272e-04,1.922988878080538165e-06
2.220000000000000000e+02,5.553000765963814043e-05,1.361285253510931487e-04,6.589259208726005215e-10
2.230000000000000000e+02,5.529004230731527866e-05,1.355402645003601653e-04,8.149945803255621871e-10
2.240000000000000000e+02,5.514824176580858671e-05,1.351926488701299790e-04,6.181611005441467856e-04
2.250000000000000000e+02,5.489310398244300830e-05,1.345671937031906276e-04,2.314546473160918072e-10
2.260000000000000000e+02,5.451879548399948821e-05,1.336495985853975105e-04,3.188792981772567021e-06
2.270000000000000000e+02,5.443018021087736119e-05,1.334323634910384627e-04,5.238818213020327246e-11
2.280000000000000000e+02,5.440142674167595526e-05,1.333618760640403213e-04,1.755856619608611243e-06
2.290000000000000000e+02,5.375377098407694703e-05,1.317741863277541723e-04,1.194537649324310705e-11
2.300000000000000000e+02,5.338758200785686858e-05,1.308764957378625833e-04,1.574593963197332468e-08
2.310000000000000000e+02,5.280697005637228120e-05,1.294531599220048333e-04,5.897507225334139279e-11
2.320000000000000000e+02,5.264795641146702445e-05,1.290633473881342981e-04,2.076814147151950069e-07
2.330000000000000000e+02,5.257551073370798813e-05,1.288857510992620474e-04,4.127962944751090000e-11
2.340000000000000000e+02,5.237175494879270024e-05,1.283862558587376529e-04,5.387546355624903425e-08
2.350000000000000000e+02,5.236702532987506730e-05,1.283746614780439715e-04,1.599537081997550565e-04
2.360000000000000000e+02,5.213846008328649274e-05,1.278143473114167611e-04,6.047112707302450182e-07
2.370000000000000000e+02,5.166350475641487758e-05,1.266500224539276217e-04,6.333315714074860310e-11
2.380000000000000000e+02,5.120688726702501265e-05,1.255306517190782529e-04,6.332826824162922668e-08
2.390000000000000000e+02,5.107339323526171936e-05,1.252033990055815595e-04,1.647418348185558363e-11
2.400000000000000000e+02,5.098204411375599065e-05,1.249794620438056381e-04,3.828407572217981806e-06
2.410000000000000000e+02,5.097951769369927746e-05,1.249732686746484313e-04,2.660135635413218460e-09
2.420000000000000000e+02,5.091290535307296371e-05,1.248099724663132091e-04,4.810491123987097497e-06
2.430000000000000000e+02,5.080489466373274977e-05,1.245451906576709332e-04,4.827857869214248864e-06
2.440000000000000000e+02,5.037458211884329094e-05,1.234903049365141889e-04,8.957907615774697358e-12
2.450000000000000000e+02,5.017506460195679985e-05,1.230011995590767526e-04,5.718973061745435552e-12
2.460000000000000000e+02,5.008861086582789770e-05,1.227892633446527450e-04,4.585743315183293683e-07
2.470000000000000000e+02,4.991894850299967239e-05,1.223733461093994977e-04,3.187520220202853442e-13
2.480000000000000000e+02,4.973909428850136302e-05,1.219324441533273820e-04,5.817402388365551858e-07
2.490000000000000000e+02,4.927140012373938129e-05,1.207859196047519023e-04,5.233856384739887895e-11
2.500000000000000000e+02,4.908340525210648053e-05,1.203250613097951694e-04,1.681090794742053871e-05
2.510000000000000000e+02,4.892036463599225060e-05,1.199253768944786674e-04,3.420415742656513252e-06
2.520000000000000000e+02,4.879756151613312467e-05,1.196243323184108861e-04,1.754588168159510306e-11
2.530000000000000000e+02,4.866780676196188934e-05,1.193062462224951778e-04,1.650186675280018852e-11
2.540000000000000000e+02,4.861720575631195743e-05,1.191822008536807452e-04,3.241234237475236296e-11
2.550000000000000000e+02,4.786058988416154252e-05,1.173274018490710240e-04,2.039310426738114208e-04
2.560000000000000000e+02,4.780449777598504125e-05,1.171898953675898228e-04,2.816304003188813228e-06
2.570000000000000000e+02,4.774692573784741566e-05,1.170487609254487575e-04,5.491826916218832700e-10
2.580000000000000000e+02,4.770918988632830030e-05,1.169562537201256346e-04,2.272743505620927683e-05
2.590000000000000000e+02,4.767912383571506091e-05,1.168825485775260123e-04,2.825869555258453685e-10
2.600000000000000000e+02,4.738072846950062023e-05,1.161510500078995613e-04,8.637684042242565638e-12
2.610000000000000000e+02,4.726703793738904288e-05,1.158723444010573871e-04,7.473150479698976157e-06
2.620000000000000000e+02,4.707040674116300957e-05,1.153903146677943216e-04,1.583122613240747840e-06
2.630000000000000000e+02,4.684635122594630826e-05,1.148410558405639102e-04,6.495589935255481477e-09
2.640000000000000000e+02,4.681536998476986343e-05,1.147651071624951758e-04,8.686569030447819446e-13
2.650000000000000000e+02,4.652602940873482788e-05,1.140558058747787382e-04,1.769873984215249763e-11
2.660000000000000000e+02,4.643930847770155371e-05,1.138432146478696427e-04,4.888791976671167102e-06
2.670000000000000000e+02,4.641489713481156181e-05,1.137833716863879442e-04,1.201529869977511985e-10
2.680000000000000000e+02,4.609925499568087514e-05,1.130095936742923994e-04,6.616112501953644992e-05
2.690000000000000000e+02,4.579850531123650243e-05,1.122723236329454329e-04,5.464869716869497730e-12
2.700000000000000000e+02,4.562989901572333596e-05,1.118589952841758884e-04,7.355898137776417699e-04
2.710000000000000000e+02,4.540104913981447891e-05,1.112979833656254622e-04,7.419821458810368496e-05
2.720000000000000000e+02,4.527008621768933820e-05,1.109769355175171479e-04,1.707524221847387010e-05
2.730000000000000000e+02,4.506551977451570147e-05,1.104754529962787007e-04,1.668672042617547137e-05
2.740000000000000000e+02,4.505679893007485785e-05,1.104540743625708800e-04,1.534954653186948428e-09
2.750000000000000000e+02,4.501544356470288003e-05,1.103526941333811211e-04,1.500015501292551346e-11
2.760000000000000000e+02,4.495824782934273989e-05,1.102124821752148160e-04,2.043122029036838087e-11
2.770000000000000000e+02,4.461030344817806521e-05,1.093595171296765178e-04,6.556600176856912572e-06
2.780000000000000000e+02,4.458368827086378784e-05,1.092942715986123484e-04,1.468471803868185697e-10
2.790000000000000000e+02,4.452427299233122397e-05,1.091486185617977767e-04,1.512257462113125779e-11
2.800000000000000000e+02,4.441697847398189526e-05,1.088855924039287940e-04,7.538987899574229347e-11
2.810000000000000000e+02,4.439370749627658414e-05,1.088285449801661473e-04,1.666520907469795510e-10
2.820000000000000000e+02,4.438254491241953132e-05,1.088011805668766269e-04,7.395779037174795905e-06
2.830000000000000000e+02,4.409815741883723976e-05,1.081040214674769461e-04,4.990333115326824330e-07
2.840000000000000000e+02,4.375876674631707627e-05,1.072720253321393663e-04,6.262584670922022103e-06
2.850000000000000000e+02,4.366747855969468705e-05,1.070482377486214583e-04,3.599911153690590959e-11
2.860000000000000000e+02,4.355135716866230517e-05,1.067635730350877452e-04,8.604423996745899835e-11
2.870000000000000000e+02,4.353566870812025852e-05,1.067251137031224439e-04,1.405084627109991181e-05
2.880000000000000000e+02,4.341328471375396924e-05,1.064250965883801960e-04,1.311390501345489980e-10
2.890000000000000000e+02,4.337422741703673534e-05,1.063293499384084282e-04,2.863317112315105488e-05
2.900000000000000000e+02,4.328949668798981460e-05,1.061216375738112877e-04,8.719747520797730831e-10
2.910000000000000000e+02,4.296254946817373258e-05,1.053201458258900609e-04,2.772822064741946812e-04
2.920000000000000000e+02,4.291515483514027216e-05,1.052039606896670209e-04,1.789504897801195234e-04
2.930000000000000000e+02,4.288154651650350510e-05,1.051215718867769738e-04,5.971883842135590921e-10
2.940000000000000000e+02,4.267606582563146771e-05,1.046178481414466598e-04,3.381402705108199568e-07
2.950000000000000000e+02,4.254620711030996993e-05,1.042995071909275475e-04,4.777125415881048238e-10
2.960000000000000000e+02,4.247535123949735549e-05,1.041258082196378323e-04,9.842448828417223525e-06
2.970000000000000000e+02,4.236999900198795905e-05,1.038675434482281911e-04,1.211366837478453920e-08
2.980000000000000000e+02,4.235120271418827830e-05,1.038214654617829484e-04,2.887996589172820219e-04
2.990000000000000000e+02,4.208802790396700685e-05,1.031763079994508164e-04,1.796457354263710689e-10
3.000000000000000000e+02,4.201970387851173590e-05,1.030088156971215155e-04,2.205120220966253589e-11
3.010000000000000000e+02,4.190490856540007029e-05,1.027274017850815583e-04,1.564946375899792090e-04
3.020000000000000000e+02,4.158469835415258271e-05,1.019424254147079171e-04,1.098538177078088863e-10
3.030000000000000000e+02,4.151344105502474441e-05,1.017677423656755952e-04,6.596248619806724259e-06
3.040000000000000000e+02,4.145423830927376298e-05,1.016226103403891200e-04,2.726799351566858338e-06
3.050000000000000000e+02,4.137737969032091902e-05,1.014341959875098362e-04,1.390369997250596686e-04
3.060000000000000000e+02,4.125184332158264626e-05,1.011264510136748463e-04,8.350851398361472766e-11
3.070000000000000000e+02,4.111458816090137733e-05,1.007899781153656795e-04,1.991893780711672422e-11
3.080000000000000000e+02,4.097790332841418353e-05,1.004549033428500779e-04,2.163230132142928349e-05
3.090000000000000000e+02,4.091202804627636492e-05,1.002934139897516020e-04,1.325040691162700808e-05
3.100000000000000000e+02,4.090924788803588759e-05,1.002865985964630145e-04,2.058932906717576661e-08
3.110000000000000000e+02,4.084334905188222132e-05,1.001250515020895204e-04,2.502056312106885292e-05
3.120000000000000000e+02,4.078875602498847940e-05,9.999121992959905355e-05,1.972439462331141778e-11
3.130000000000000000e+02,4.071214626804114879e-05,9.980341564718894201e-05,1.975159842367224008e-11
3.140000000000000000e+02,4.065128969273730850e-05,9.965422935669161655e-05,7.152430327999144942e-07
3.150000000000000000e+02,4.039313011876008392e-05,9.902136644901495780e-05,6.166072969408102650e-12
3.160000000000000000e+02,4.019893954986975969e-05,9.854531976913409033e-05,5.314196262333030501e-11
3.170000000000000000e+02,4.014799960928195922e-05,9.842044352139084752e-05,1.153877508924853272e-06
3.180000000000000000e+02,4.000938047101647071e-05,9.808062691280722593e-05,1.312378188559020458e-07
3.190000000000000000e+02,3.994604102075200792e-05,9.792535400137708935e-05,1.895993565407492919e-12
3.200000000000000000e+02,3.988529451962444971e-05,9.777643755120443638e-05,5.290924655505990269e-08
3.210000000000000000e+02,3.987602824679183018e-05,9.775372183209385054e-05,5.867607209457200246e-12
3.220000000000000000e+02,3.976240650485958228e-05,9.747518486030262740e-05,1.669422290340632418e-07
3.230000000000000000e+02,3.967910462340761815e-05,9.727097523096973268e-05,3.595606309481425443e-12
3.240000000000000000e+02,3.957486387404292208e-05,9.701543520692570575e-05,5.665616255023055180e-12
3.250000000000000000e+02,3.945104104850664722e-05,9.671189088277624426e-05,1.898513798752903258e-11
3.260000000000000000e+02,3.940044264430285308e-05,9.658785189125297644e-05,7.137840691987883292e-07
3.270000000000000000e+02,3.939449266706310660e-05,9.657326587440090372e-05,5.707155637865512318e-10
3.280000000000000000e+02,3.929410874091371429e-05,9.632718062407232722e-05,3.493963797114688569e-07
3.290000000000000000e+02,3.924370622834513561e-05,9.620362184929230165e-05,1.158715332685328792e-11
3.300000000000000000e+02,3.865014304877146129e-05,9.474853686473176954e-05,2.157565125677460671e-06
3.310000000000000000e+02,3.853248887485811981e-05,9.446011462473511886e-05,3.685715381842914592e-06
3.320000000000000000e+02,3.843116876462189790e-05,9.421173437455747216e-05,8.243844583569046900e-07
3.330000000000000000e+02,3.838919816360528403e-05,9.410884593161848309e-05,3.682768221655975207e-11
3.340000000000000000e+02,3.827820808846779790e-05,9.383676033513017097e-05,3.661943705562286526e-12
3.350000000000000000e+02,3.818624568153299590e-05,9.361131994044297633e-05,2.803001511885055572e-11
3.360000000000000000e+02,3.812750309241407821e-05,9.346731596189003868e-05,3.242170266230979624e-07
3.370000000000000000e+02,3.800903298156175131e-05,9.317689350080634605e-05,1.552589931087975352e-06
3.380000000000000000e+02,3.798611936681372734e-05,9.312072213117084921e-05,1.878110297855674710e-11
3.390000000000000000e+02,3.790641904793433863e-05,9.292534151920402554e-05,7.191384546305797630e-05
3.400000000000000000e+02,3.771689933175026779e-05,9.246074515812973185e-05,2.096695086198950612e-06
3.410000000000000000e+02,3.751275272381357338e-05,9.196029183811246701e-05,2.482222701612098115e-12
3.420000000000000000e+02,3.731626210090411769e-05,9.147860671201039147e-05,1.946693328647564443e-07
3.430000000000000000e+02,3.730738630278065786e-05,9.145684821852582632e-05,8.779435527693518826e-12
3.440000000000000000e+02,3.728313949719628731e-05,9.139740861050512451e-05,3.121892776172344599e-07
3.450000000000000000e+02,3.704618996114904201e-05,9.081654085477849068e-05,4.083640062061687733e-06
3.460000000000000000e+02,3.703164334112369905e-05,9.078088067722132914e-05,1.180399313400025411e-09
3.470000000000000000e+02,3.690947645243551059e-05,9.048139578419219333e-05,3.948463882237659268e-06
3.480000000000000000e+02,3.688504053298287768e-05,9.042149257472256762e-05,5.370320025938837410e-11
3.490000000000000000e+02,3.680312574923955973e-05,9.022068333328000242e-05,7.044772136319725268e-09
3.500000000000000000e+02,3.679138564670296751e-05,9.019190316714762823e-05,1.412001043020864345e-04
3.510000000000000000e+02,3.668512692996240925e-05,8.993141621558349997e-05,3.598228411153038428e-10
3.520000000000000000e+02,3.661532040176286129e-05,8.976028964556879508e-05,3.721030383211791511e-06
3.530000000000000000e+02,3.637541147644251502e-05,8.917216712229096066e-05,1.528596109242212199e-05
3.540000000000000000e+02,3.630630969745786527e-05,8.900276820324209319e-05,9.569543568868618705e-11
3.550000000000000000e+02,3.597653975677914410e-05,8.819435672228455390e-05,6.164722084048583808e-11
3.560000000000000000e+02,3.581418105125231169e-05,8.779634397039104041e-05,4.045468263051998876e-08
3.570000000000000000e+02,3.544052492308117080e-05,8.688034809968801255e-05,1.017742052985199627e-10
3.580000000000000000e+02,3.541131034423216869e-05,8.680873028969518491e-05,5.258086167915973475e-05
3.590000000000000000e+02,3.529214432893727700e-05,8.651660186008125984e-05,2.338998220738946748e-06
3.600000000000000000e+02,3.515312702595450010e-05,8.617580917427209624e-05,2.814533137238577724e-12
3.610000000000000000e+02,3.507966464543266541e-05,8.599572049878489402e-05,3.954046461994255227e-11
3.620000000000000000e+02,3.489982195740804025e-05,8.555484679918043281e-05,1.892414181666858613e-08
3.630000000000000000e+02,3.438987221761232300e-05,8.430473521073883112e-05,2.536465217426393346e-12
3.640000000000000000e+02,3.433616972214064312e-05,8.417308672329324186e-05,1.173692069991464453e-11
3.650000000000000000e+02,3.429913692794888335e-05,8.408230302137383407e-05,7.558941737607693428e-09
3.660000000000000000e+02,3.427437608825342600e-05,8.402160328917035687e-05,1.140942104450824721e-11
3.670000000000000000e+02,3.423647255516459078e-05,8.392868502240898227e-05,7.206008737854312381e-12
3.680000000000000000e+02,3.422955884512239344e-05,8.391173647166290047e-05,1.499139281096152270e-06
3.690000000000000000e+02,3.413399728489276293e-05,8.367747296581136418e-05,1.190117800790100024e-11
3.700000000000000000e+02,3.407662455738504087e-05,8.353682712187655878e-05,1.847497685574576501e-07
3.710000000000000000e+02,3.395310009897293884e-05,8.323401422706304604e-05,3.051675168011887328e-06
3.720000000000000000e+02,3.394152408767899518e-05,8.320563632089469854e-05,1.865188929165626988e-10
3.730000000000000000e+02,3.389134488637893439e-05,8.308262498046519568e-05,2.177398457517540006e-06
3.740000000000000000e+02,3.377554229752083466e-05,8.279874179158261578e-05,8.110244507011744042e-12
3.750000000000000000e+02,3.370575522659080895e-05,8.262766291991191048e-05,3.025113484459961686e-05
3.760000000000000000e+02,3.355914671452896202e-05,8.226826083458853940e-05,4.288227099512555118e-07
3.770000000000000000e+02,3.352329084756324140e-05,8.218036230006741803e-05,1.563216827481850558e-11
3.780000000000000000e+02,3.327704177541267156e-05,8.157669728229186251e-05,1.678491570425794116e-11
3.790000000000000000e+02,3.326411412639539871e-05,8.154500591628729587e-05,8.714371017470622466e-07
3.800000000000000000e+02,3.323788663778892520e-05,8.148071078113181345e-05,4.229939698051285642e-13
3.810000000000000000e+02,3.316328644253637125e-05,8.129783282021240147e-05,3.584705569577006192e-07
3.820000000000000000e+02,3.306440220434873163e-05,8.105542396611217911e-05,4.696393548556747923e-12
3.830000000000000000e+02,3.298296900628435531e-05,8.085579530344256594e-05,1.120885421800295032e-06
3.840000000000000000e+02,3.298223286744541633e-05,8.085399070267223576e-05,1.265894501852871675e-08
3.850000000000000000e+02,3.276118994179557536e-05,8.031211706036271833e-05,2.925966322453922819e-09
3.860000000000000000e+02,3.225844653967224485e-05,7.907967138197350061e-05,1.737791538845185839e-11
3.870000000000000000e+02,3.209442773732416529e-05,7.867758900103183209e-05,1.144531270803399426e-09
3.880000000000000000e+02,3.202967306859606415e-05,7.851884676534577113e-05,3.955824731861057444e-05
3.890000000000000000e+02,3.131030265976907659e-05,7.675535280843770371e-05,1.717602319938994215e-05
3.900000000000000000e+02,3.126916411925184783e-05,7.665450411253923037e-05,5.322453604063041225e-05
3.910000000000000000e+02,3.122914460384162532e-05,7.655639864042313824e-05,8.151157452775723059e-08
3.920000000000000000e+02,3.114814273180031747e-05,7.635782734795642168e-05,1.478910548961785698e-03
3.930000000000000000e+02,3.070075023989056500e-05,7.526107114813524498e-05,2.891771008913538020e-06
3.940000000000000000e+02,3.028125277458678470e-05,7.423269795412555563e-05,3.011732916649602309e-11
3.950000000000000000e+02,3.026036041686618730e-05,7.418148157639615180e-05,6.527064610536406527e-11
3.960000000000000000e+02,3.014385152972643342e-05,7.389586693910231701e-05,8.663087408347425142e-07
3.970000000000000000e+02,2.971269549198481046e-05,7.283891344516919082e-05,2.117160787208970635e-06
3.980000000000000000e+02,2.960958829047890978e-05,7.258615224657354243e-05,1.971140180732259419e-11
3.990000000000000000e+02,2.940834015778805575e-05,7.209280436697690201e-05,2.551560389411882100e-06
4.000000000000000000e+02,2.932932314616811532e-05,7.189909884229190597e-05,3.539928570047173837e-10
4.010000000000000000e+02,2.902514401644128018e-05,7.115342171892298116e-05,2.830409911253767104e-05
4.020000000000000000e+02,2.896819062903382001e-05,7.101380386241110403e-05,6.908368021285685449e-10
4.030000000000000000e+02,2.862599106161757648e-05,7.017492188757546985e-05,7.439160823288270943e-11
4.040000000000000000e+02,2.836624193114098964e-05,6.953816227627241363e-05,4.329123659112494785e-12
4.050000000000000000e+02,2.829224423885340486e-05,6.935676131569206587e-05,2.247370780161519611e-06
4.060000000000000000e+02,2.810994763114283822e-05,6.890987197729596533e-05,1.012418339274480140e-11
4.070000000000000000e+02,2.804182694971103079e-05,6.874287816079836496e-05,8.740129198861233887e-07
4.080000000000000000e+02,2.778483318179205661e-05,6.811287315763574104e-05,1.789645836924409854e-06
4.090000000000000000e+02,2.777117553037413968e-05,6.807939223397594037e-05,1.095540078311716866e-10
4.100000000000000000e+02,2.764501927180325292e-05,6.777012763692549368e-05,3.820419325301154299e-07
4.110000000000000000e+02,2.764378775363271696e-05,6.776710864305959944e-05,8.653094835391538166e-09
4.120000000000000000e+02,2.752413171478569769e-05,6.747377894972629087e-05,9.991508222922162164e-07
4.130000000000000000e+02,2.716717398126739736e-05,6.659871820465396728e-05,6.113284502711481720e-06
4.140000000000000000e+02,2.708951704855384478e-05,6.640834683286557408e-05,9.027169985756870530e-12
4.150000000000000000e+02,2.687152618306807851e-05,6.587395513530859721e-05,7.119082513327250057e-07
4.160000000000000000e+02,2.682363395710423711e-05,6.575655017948364874e-05,7.401701093077766190e-12
4.170000000000000000e+02,2.175767242212860012e-05,5.333764547720960635e-05,1.995929288055055493e-10
4.180000000000000000e+02,2.168680699464065951e-05,5.316392307829627374e-05,5.772804269742105204e-06
4.190000000000000000e+02,2.159780212014869683e-05,5.294573289925085251e-05,9.717438223020823716e-11
4.200000000000000000e+02,2.150404340106012966e-05,5.271588895169435253e-05,1.072372801923707514e-11
4.210000000000000000e+02,2.145067393760070231e-05,5.258505687250500203e-05,6.580585979418856527e-07
4.220000000000000000e+02,2.128880376529008358e-05,5.218824173086063873e-05,1.310179369809233239e-06
4.230000000000000000e+02,2.111744333948227029e-05,5.176816179477036740e-05,3.377283390207420408e-08
4.240000000000000000e+02,2.106006993070937415e-05,5.162751428075432696e-05,5.556715001486901536e-11
4.250000000000000000e+02,2.103841363946457307e-05,5.157442516522965360e-05,1.405627877506281382e-07
4.260000000000000000e+02,2.091717139203596652e-05,5.127720697549212835e-05,4.631366783139382144e-12
4.270000000000000000e+02,2.088014204115668217e-05,5.118643171464934785e-05,4.684879878717750296e-08
4.280000000000000000e+02,2.078142922903357875e-05,5.094444310139466573e-05,5.172534421693858393e-11
4.290000000000000000e+02,2.072920559598232757e-05,5.081641995759613974e-05,5.810935276302028294e-08
4.300000000000000000e+02,2.067220461833869254e-05,5.067668543643851127e-05,4.942887182756470079e-11
4.310000000000000000e+02,2.054599819316521039e-05,5.036729785893262159e-05,2.278936432735454036e-08
4.320000000000000000e+02,2.047540567458480565e-05,5.019424448004474371e-05,2.835569962632306995e-11
4.330000000000000000e+02,2.031041940393839450e-05,4.978979040786212727e-05,1.802748698395035368e-10
4.340000000000000000e+02,2.030783577771989697e-05,4.978345680118701280e-05,1.262139490283503199e-08
4.350000000000000000e+02,2.019139947068020167e-05,4.949802008971035123e-05,2.363293129268692760e-11
4.360000000000000000e+02,2.016173836902100067e-05,4.942530765549092210e-05,1.910687275494065510e-07
4.370000000000000000e+02,2.005756628313160755e-05,4.916993595589042395e-05,4.131439112629906440e-12
4.380000000000000000e+02,2.002411903256144971e-05,4.908794200182739189e-05,2.001364527925834043e-07
4.390000000000000000e+02,1.986078157179217552e-05,4.868752988941785621e-05,8.158770706683514720e-12
4.400000000000000000e+02,1.984493193546558421e-05,4.864867544456139909e-05,3.725759749012223686e-08
4.410000000000000000e+02,1.891181172042535123e-05,4.636118649575203386e-05,3.074489054367322872e-09
4.420000000000000000e+02,1.889412468699270403e-05,4.631782778069873374e-05,1.650698410351380185e-04
4.430000000000000000e+02,1.884614669547802257e-05,4.620021257570483964e-05,4.739797065989855596e-11
4.440000000000000000e+02,1.879884191918579120e-05,4.608424771796171125e-05,3.709009397348560239e-10
4.450000000000000000e+02,1.877264423610126661e-05,4.602002564927823002e-05,6.384728647881142210e-07
4.460000000000000000e+02,1.874689219944728358e-05,4.595689605642852462e-05,1.697628769443219701e-07
4.470000000000000000e+02,1.857305567890203042e-05,4.553074612072104669e-05,2.432516028896543417e-06
4.480000000000000000e+02,1.849107403820337677e-05,4.532977298341168005e-05,6.513288359297398670e-09
4.490000000000000000e+02,1.848495017326779247e-05,4.531476069117069836e-05,1.166434319418951182e-05
4.500000000000000000e+02,1.834063713132409292e-05,4.496098581490671987e-05,3.068917719303452158e-10
4.510000000000000000e+02,1.827971970642773024e-05,4.481165035523676808e-05,3.357889833647786758e-05
4.520000000000000000e+02,1.820858416127813943e-05,4.463726577887197351e-05,8.020765615346669390e-11
4.530000000000000000e+02,1.816630617447502686e-05,4.453362379788042448e-05,8.806548022390075796e-11
4.540000000000000000e+02,1.807495523911655311e-05,4.430968238955192059e-05,3.438104861136553002e-04
4.550000000000000000e+02,1.803965714493157766e-05,4.422315120197210569e-05,9.795766409252329313e-05
4.560000000000000000e+02,1.793673900405008863e-05,4.397085347430122932e-05,1.882758577133664518e-08
4.570000000000000000e+02,1.793278842279981191e-05,4.396116885831529157e-05,3.828491130223919079e-05
4.580000000000000000e+02,1.790006035436624425e-05,4.388093793667093039e-05,4.937715932848694483e-10
4.590000000000000000e+02,1.781169724005580445e-05,4.366432099470617161e-05,1.108456397974154243e-09
4.600000000000000000e+02,1.779740759248242557e-05,4.362929076989738216e-05,1.504484707724867355e-05
4.610000000000000000e+02,1.769548072353964202e-05,4.337942308668219714e-05,1.230956326442161990e-11
4.620000000000000000e+02,1.754925396597321505e-05,4.302095684989725344e-05,2.061531124506795124e-07
4.630000000000000000e+02,1.750916276034076942e-05,4.292267563344679960e-05,1.206809645759605269e-11
4.640000000000000000e+02,1.748384475342749947e-05,4.286061003880368547e-05,1.595648846890259971e-06
4.650000000000000000e+02,1.743222002687297095e-05,4.273405507881528233e-05,1.125767479505370312e-06
4.660000000000000000e+02,1.741734164259114276e-05,4.269758160083007224e-05,1.900972100700914852e-10
4.670000000000000000e+02,1.738006198141811567e-05,4.260619271912528377e-05,2.684536473897662957e-10
4.680000000000000000e+02,1.733655725461760085e-05,4.249954345767631582e-05,1.340238865106992110e-05
4.690000000000000000e+02,1.730164684451366764e-05,4.241396265466294244e-05,7.811520526611585535e-06
4.700000000000000000e+02,1.729371722536340533e-05,4.239452366289947537e-05,1.710183152849543070e-09
4.710000000000000000e+02,1.717342717891659541e-05,4.209963973748052403e-05,9.145190130530703617e-11
4.720000000000000000e+02,1.708718761624835391e-05,4.188822855661220376e-05,1.258744017760118493e-06
4.730000000000000000e+02,1.701306017560149235e-05,4.170650952561263703e-05,1.993710253700373846e-07
4.740000000000000000e+02,1.690411890782716044e-05,4.143944645904695876e-05,8.232799143650595039e-08
4.750000000000000000e+02,1.688649028468085263e-05,4.139623093335163264e-05,5.783369169554121608e-11
4.760000000000000000e+02,1.686621786955979973e-05,4.134653430819268811e-05,5.781640971744671044e-07
4.770000000000000000e+02,1.682706016710225407e-05,4.125054151949446096e-05,3.821424532886248472e-10
4.780000000000000000e+02,1.678955307631992580e-05,4.115859510757060484e-05,4.951881877523873471e-10
4.790000000000000000e+02,1.677927977069796161e-05,4.113341070721231971e-05,5.066125314687603987e-07
4.800000000000000000e+02,1.670632624813320012e-05,4.095456946687287594e-05,8.327077821388176757e-06
4.810000000000000000e+02,1.667134159189907099e-05,4.086880665386810737e-05,4.932414057433135952e-10
4.820000000000000000e+02,1.666920890472017844e-05,4.086357849754446240e-05,3.697405965607887482e-06
4.830000000000000000e+02,1.661678068802997747e-05,4.073505382907025881e-05,1.874646611781584322e-10
4.840000000000000000e+02,1.658093916627825871e-05,4.064719046099176455e-05,4.655965309068137261e-06
4.850000000000000000e+02,1.650080832579941368e-05,4.045075445081888310e-05,1.845971323845532045e-06
4.860000000000000000e+02,1.646118580995630583e-05,4.035362219963169254e-05,3.003351908895083057e-10
4.870000000000000000e+02,1.641188463296223334e-05,4.023276328379267409e-05,4.282050239267686507e-10
4.880000000000000000e+02,1.635417760600372560e-05,4.009129792455111082e-05,9.488019120884334282e-11
4.890000000000000000e+02,1.620555751674018308e-05,3.972696457684118287e-05,9.919258869184016737e-11
4.900000000000000000e+02,1.614583032189217710e-05,3.958054689565065714e-05,1.742608261014646102e-10
4.910000000000000000e+02,1.607797272940910815e-05,3.941419802613105523e-05,4.902807842694560618e-07
4.920000000000000000e+02,1.607760642783099495e-05,3.941330005950428568e-05,5.879326721148071129e-06
4.930000000000000000e+02,1.600271642827774294e-05,3.922971166050361210e-05,2.400168315667411412e-06
4.940000000000000000e+02,1.596885390254086651e-05,3.914669968396151343e-05,2.682900659901422594e-05
4.950000000000000000e+02,1.595719556332465881e-05,3.911811995576712172e-05,1.225116426708722731e-08
4.960000000000000000e+02,1.591837935170838729e-05,3.902296431164355741e-05,3.007137481970875398e-06
4.970000000000000000e+02,1.588697877017229874e-05,3.894598764551604410e-05,5.906492403629172716e-10
4.980000000000000000e+02,1.581387342703493394e-05,3.876677422603350511e-05,2.015541990561075974e-05
4.990000000000000000e+02,1.575612345445585573e-05,3.862520358814631121e-05,2.546018056563910869e-10
5.000000000000000000e+02,1.566836768152467143e-05,3.841007550760670457e-05,3.526873976200290217e-09
5.010000000000000000e+02,1.566234999718809208e-05,3.839532351081628795e-05,2.212268948285345317e-05
5.020000000000000000e+02,1.563934816630182996e-05,3.833893588454196044e-05,1.705357008575658707e-05
5.030000000000000000e+02,1.558116955701078823e-05,3.819631446913878336e-05,1.699582722491361874e-09
5.040000000000000000e+02,1.557402201492364021e-05,3.817879269298179041e-05,1.042261090984276055e-06
5.050000000000000000e+02,1.548566225949499358e-05,3.796218398511684176e-05,1.391448881991597648e-06
5.060000000000000000e+02,1.546721589953734593e-05,3.791696382605398941e-05,2.368742580757895909e-10
5.070000000000000000e+02,1.543638474515637431e-05,3.784138307687638512e-05,1.349712879605617286e-10
5.080000000000000000e+02,1.543068674149929246e-05,3.782741475834061661e-05,1.657920092257858721e-06
5.090000000000000000e+02,1.538332578361344984e-05,3.771131217474776111e-05,5.209599960931515084e-09
5.100000000000000000e+02,1.538249528602456454e-05,3.770927625908976973e-05,1.292513655099449286e-06
5.110000000000000000e+02,1.535185700430993764e-05,3.763416832583199790e-05,3.931990587628496993e-10
5.120000000000000000e+02,1.531830799395522788e-05,3.755192491368324688e-05,1.126745532169373707e-06
5.130000000000000000e+02,1.528555659420652581e-05,3.747163679670148447e-05,1.037128832849958610e-05
5.140000000000000000e+02,1.523036501821669205e-05,3.733633791654736051e-05,1.265939655965105344e-05
5.150000000000000000e+02,1.514234242699019021e-05,3.712055574675747547e-05,4.410417162255338231e-11
5.160000000000000000e+02,1.505757951897160531e-05,3.691276449731691430e-05,2.460258565007723264e-07
5.170000000000000000e+02,1.504709239306776024e-05,3.688705592919979656e-05,1.682710415417649836e-12
5.180000000000000000e+02,1.502937453112015722e-05,3.684362163986771427e-05,3.590501986331251585e-07
5.190000000000000000e+02,1.497720433221829943e-05,3.671572948672211027e-05,7.293934402946296331e-11
5.200000000000000000e+02,1.494524211699993633e-05,3.663737600888182852e-05,1.460509289983573089e-05
5.210000000000000000e+02,1.488322645679477812e-05,3.648534829038867032e-05,2.708474905106921126e-08
5.220000000000000000e+02,1.487992632806396056e-05,3.647725822023509419e-05,2.634400389349810380e-06
5.230000000000000000e+02,1.485466224140191288e-05,3.641532480789474888e-05,1.067004245486316031e-07
5.240000000000000000e+02,1.485008965788156943e-05,3.640411539017803644e-05,2.673804725948692967e-05
5.250000000000000000e+02,1.484207053076597548e-05,3.638445697493812407e-05,2.418431536951111655e-10
5.260000000000000000e+02,1.482889833185411118e-05,3.635216610934894585e-05,1.079180187014648753e-05
5.270000000000000000e+02,1.481147792130945188e-05,3.630946100451643580e-05,7.208170559107001762e-06
5.280000000000000000e+02,1.479883161089551434e-05,3.627845932343737897e-05,3.990180859814599639e-10
5.290000000000000000e+02,1.477391384974982900e-05,3.621737490759138360e-05,9.525783913831033660e-10
5.300000000000000000e+02,1.473916808413485623e-05,3.613219772079263186e-05,4.215655262438114729e-10
5.310000000000000000e+02,1.473371579398697218e-05,3.611883175437377222e-05,4.103793007254295528e-05
5.320000000000000000e+02,1.466022066300728611e-05,3.593866279307859993e-05,3.251804440559279749e-11
5.330000000000000000e+02,1.459901691777554905e-05,3.578862543606205470e-05,5.484959393425847062e-07
5.340000000000000000e+02,1.458232735269031939e-05,3.574771195559346709e-05,1.899704934483970752e-07
5.350000000000000000e+02,1.456857278316465876e-05,3.571399344293191698e-05,4.004307311821417934e-11
5.360000000000000000e+02,1.455814526743971639e-05,3.568843100563833258e-05,5.781713747270677056e-06
5.370000000000000000e+02,1.454199209088223284e-05,3.564883244988116437e-05,4.580864618879497843e-06
5.380000000000000000e+02,1.452555719488796903e-05,3.560854327560785207e-05,4.352453537160503662e-10
5.390000000000000000e+02,1.446588324447017153e-05,3.546225611998490097e-05,1.051034628098437722e-10
5.400000000000000000e+02,1.429719524962297506e-05,3.504872749013613931e-05,8.607995128086329967e-05
5.410000000000000000e+02,1.428004865625902349e-05,3.500669363190697414e-05,1.553026696223413799e-09
5.420000000000000000e+02,1.425283652766915792e-05,3.493998471014150348e-05,1.301428865324546960e-06
5.430000000000000000e+02,1.419356397418995806e-05,3.479468155534323558e-05,1.870825965383361877e-10
5.440000000000000000e+02,1.411119666036805006e-05,3.459276296321135062e-05,2.562108929459051402e-07
5.450000000000000000e+02,1.410283544267890911e-05,3.457226593318861744e-05,6.882401613591923523e-11
5.460000000000000000e+02,1.408298901337068316e-05,3.452361358702340897e-05,3.363095020769752811e-06
5.470000000000000000e+02,1.406757859066021840e-05,3.448583584833713080e-05,1.637326445420526582e-10
5.480000000000000000e+02,1.398050109318379076e-05,3.427237051990813046e-05,2.829319091543512822e-05
5.490000000000000000e+02,1.397560636804136728e-05,3.426037139108176823e-05,1.334722904313185789e-08
5.500000000000000000e+02,1.396966198719644527e-05,3.424579909346019298e-05,3.887979852306601516e-10
5.510000000000000000e+02,1.395557289244136280e-05,3.421126051200893922e-05,8.785206326997208127e-06
5.520000000000000000e+02,1.391222808028617747e-05,3.410500327184302151e-05,7.208428780356394736e-10
5.530000000000000000e+02,1.389773399136494001e-05,3.406947187117675101e-05,1.741905506346022429e-05
5.540000000000000000e+02,1.385372289831538072e-05,3.396158128285469764e-05,5.699034871469944844e-06
5.550000000000000000e+02,1.383242816715044249e-05,3.390937851045461814e-05,1.563086787457797916e-11
5.560000000000000000e+02,1.379830771878301328e-05,3.382573425185761347e-05,2.023323634146776304e-05
5.570000000000000000e+02,1.378297464840275776e-05,3.378814613782812556e-05,3.601659421929553927e-10
5.580000000000000000e+02,1.376731303051555797e-05,3.374975260904159390e-05,2.387763316496571990e-09
5.590000000000000000e+02,1.375736360065987411e-05,3.372536217094477087e-05,7.288352217326498164e-05
5.600000000000000000e+02,1.373191498250757783e-05,3.366297639058383985e-05,5.973162855439957680e-06
5.610000000000000000e+02,1.372955243111995145e-05,3.365718473576479158e-05,1.714330954649174326e-09
5.620000000000000000e+02,1.369652564940199532e-05,3.357622153619322416e-05,1.175474022443068332e-06
5.630000000000000000e+02,1.368206465520225712e-05,3.354077126527687836e-05,1.696591971962760077e-10
5.640000000000000000e+02,1.364224423349005796e-05,3.344315385957137609e-05,1.711778724848750065e-06
5.650000000000000000e+02,1.362591939268753018e-05,3.340313447908325637e-05,2.110772477356035279e-10
5.660000000000000000e+02,1.359918737833698265e-05,3.333760252894363177e-05,5.058967764665016694e-11
5.670000000000000000e+02,1.358403830216918478e-05,3.330046546583004686e-05,1.167946293539979092e-09
5.680000000000000000e+02,1.356978144921276453e-05,3.326551563508267412e-05,2.421513036405085339e-06
5.690000000000000000e+02,1.355670207370421509e-05,3.323345232056981876e-05,1.470132448477400351e-06
5.700000000000000000e+02,1.352872250491498962e-05,3.316486206460259398e-05,1.387407838787644714e-10
5.710000000000000000e+02,1.351327752024076705e-05,3.312699959930889230e-05,1.010766936090399003e-06
5.720000000000000000e+02,1.348883746841374118e-05,3.306708625956816003e-05,3.917149175074429975e-06
5.730000000000000000e+02,1.346679150422578771e-05,3.301304188389935428e-05,1.317051303027277056e-10
5.740000000000000000e+02,1.345367257712209004e-05,3.298088161099319910e-05,1.979492887189837872e-10
5.750000000000000000e+02,1.342109830040956616e-05,3.290102770064559905e-05,2.459583349960846159e-05
5.760000000000000000e+02,1.341090288633729475e-05,3.287603424680872580e-05,2.335544339661466284e-09
5.770000000000000000e+02,1.338583740093290425e-05,3.281458769369058191e-05,2.686400561961119351e-05
5.780000000000000000e+02,1.337636167109316170e-05,3.279135850313084617e-05,1.915740132673367301e-09
5.790000000000000000e+02,1.337278569304868214e-05,3.278259220472031963e-05,1.361248501252777983e-06
5.800000000000000000e+02,1.329739882636034785e-05,3.259778576536192255e-05,2.749217901171442241e-08
5.810000000000000000e+02,1.329531024329571317e-05,3.259266572766258090e-05,2.195636239736960138e-05
5.820000000000000000e+02,1.323621314302575439e-05,3.244779268601662170e-05,2.771008135160429008e-05
5.830000000000000000e+02,1.322525055377943625e-05,3.242091854767185504e-05,1.353036409607226569e-09
5.840000000000000000e+02,1.319734390420905944e-05,3.235250704885143751e-05,4.269607069139959360e-06
5.850000000000000000e+02,1.315704592706530183e-05,3.225371894428578906e-05,5.063975949579172559e-10
5.860000000000000000e+02,1.313240480027124566e-05,3.219331268117081975e-05,4.410328676522064722e-05
5.870000000000000000e+02,1.310976007021532470e-05,3.213780046643495799e-05,3.790938988789539196e-05
5.880000000000000000e+02,1.310162697632533485e-05,3.211786266839660126e-05,3.423735056681226504e-10
5.890000000000000000e+02,1.306910409977119353e-05,3.203813476249341494e-05,2.769800477992324042e-09
5.900000000000000000e+02,1.305973309270015643e-05,3.201516229359958416e-05,5.928778935773540368e-06
5.910000000000000000e+02,1.304860293438030736e-05,3.198787736959431848e-05,1.261212678604493032e-05
5.920000000000000000e+02,1.304373992453569130e-05,3.197595598894238444e-05,5.012691717998135853e-09
5.930000000000000000e+02,1.303350349933121435e-05,3.195086199874354728e-05,6.133368242456110174e-11
5.940000000000000000e+02,1.300615088461924568e-05,3.188380868356917801e-05,3.266798846625194168e-10
5.950000000000000000e+02,1.299780464580129582e-05,3.186334837336213661e-05,4.349545405736041868e-06
5.960000000000000000e+02,1.297023094279873485e-05,3.179575307333598670e-05,2.506768014237687271e-10
5.970000000000000000e+02,1.294343410443864752e-05,3.173006221097578070e-05,4.329829785883038175e-06
5.980000000000000000e+02,1.288852144898337753e-05,3.159544708799477089e-05,2.590977774824205560e-05
5.990000000000000000e+02,1.287753416125526406e-05,3.156851240278450254e-05,3.066052810963552588e-09
6.000000000000000000e+02,1.286866852592059542e-05,3.154677882277481885e-05,1.466908948123795678e-04
6.010000000000000000e+02,1.285777036759720876e-05,3.152006263302209005e-05,1.047904205566633781e-08
6.020000000000000000e+02,1.282365293362252769e-05,3.143642576403040436e-05,8.576465197667551565e-06
6.030000000000000000e+02,1.282112308204704467e-05,3.143022398270815614e-05,9.067713995611476332e-09
6.040000000000000000e+02,1.276775490771948924e-05,3.129939506374925158e-05,3.039711319504785504e-10
6.050000000000000000e+02,1.272730083667968312e-05,3.120022430424114853e-05,7.416896261544907431e-11
6.060000000000000000e+02,1.271600718465939874e-05,3.117253858511118050e-05,3.369452130377115039e-06
6.070000000000000000e+02,1.268874876050476812e-05,3.110571617251026703e-05,3.846926051686187158e-10
6.080000000000000000e+02,1.268701512969561984e-05,3.110146627924536389e-05,7.312976850079596053e-08
6.090000000000000000e+02,1.267074972966584239e-05,3.106159261429161623e-05,1.754587040340680885e-10
6.100000000000000000e+02,1.265478158272953576e-05,3.102244764769351268e-05,9.479620184694974861e-07
6.110000000000000000e+02,1.262912629225091573e-05,3.095955522236350715e-05,3.540779167054851570e-12
6.120000000000000000e+02,1.258783138849988743e-05,3.085832321125704257e-05,2.900600931334497872e-06
6.130000000000000000e+02,1.256053790117591393e-05,3.079141484337288024e-05,3.827310185066674984e-10
6.140000000000000000e+02,1.255251068358180194e-05,3.077173659480398509e-05,3.292860672151079141e-07
6.150000000000000000e+02,1.253507558021946242e-05,3.072899547139902561e-05,5.669930792140215437e-11
6.160000000000000000e+02,1.252788306140072304e-05,3.071136343744800825e-05,2.328654026185224642e-06
6.170000000000000000e+02,1.248931018667274269e-05,3.061680431929595308e-05,8.952447245769294117e-11
6.180000000000000000e+02,1.247580342904713622e-05,3.058369330283223315e-05,1.807287105751044380e-07
6.190000000000000000e+02,1.245901060188620597e-05,3.054252668150012968e-05,9.412411017481437035e-08
6.200000000000000000e+02,1.244132293392460155e-05,3.049916641093667027e-05,1.662007243506651873e-10
6.210000000000000000e+02,1.240046205305817972e-05,3.039899838122945083e-05,1.989520048562151064e-10
6.220000000000000000e+02,1.238736056797360082e-05,3.036688086640026838e-05,1.665786424783006297e-07
6.230000000000000000e+02,1.236275951552129481e-05,3.030657284316094508e-05,7.033221426021877249e-12
6.240000000000000000e+02,1.233636441092341883e-05,3.024186680732856542e-05,1.571763961290513859e-09
6.250000000000000000e+02,1.233470065379195926e-05,3.023778820524667874e-05,9.662732445167914221e-07
6.260000000000000000e+02,1.222181612622119659e-05,2.996105847080559660e-05,3.830820343149460070e-08
6.270000000000000000e+02,1.220101672513802587e-05,2.991006997076806095e-05,1.378253176831527351e-07
6.280000000000000000e+02,1.218913620373593699e-05,2.988094557610236458e-05,3.232292392864304560e-12
6.290000000000000000e+02,1.216122251015872492e-05,2.981251680931632859e-05,7.673443148205888415e-11
6.300000000000000000e+02,1.215249385822417877e-05,2.979111903600003739e-05,2.287628270634796844e-09
6.310000000000000000e+02,1.212817963085704847e-05,2.973151414747155302e-05,2.940081652474306544e-11
6.320000000000000000e+02,1.212210481240862525e-05,2.971662208978936799e-05,6.820306413776542147e-08
6.330000000000000000e+02,1.208882340483606808e-05,2.963503469001391619e-05,1.958439879052940180e-10
6.340000000000000000e+02,1.204051086138578674e-05,2.951659935076169860e-05,6.441764407800381812e-06
6.350000000000000000e+02,1.203173221822309844e-05,2.949507902691004440e-05,7.767860887429646602e-10
6.360000000000000000e+02,1.200692955604242644e-05,2.943427676936073893e-05,1.074193106831067015e-06
6.370000000000000000e+02,1.200296392522017733e-05,2.942455526024032888e-05,6.055257502651439218e-10
6.380000000000000000e+02,1.199454892559064329e-05,2.940392638697563078e-05,5.282853330586727928e-11
6.390000000000000000e+02,1.198184905196091944e-05,2.937279339884503161e-05,3.083784939916570983e-07
6.400000000000000000e+02,1.192253733783036250e-05,2.922739424402901742e-05,1.655548974785815185e-06
6.410000000000000000e+02,1.188708050274912173e-05,2.914047391254246801e-05,6.623931668703307879e-07
6.420000000000000000e+02,1.187899954149875421e-05,2.912066391458290933e-05,2.661583721164412896e-10
6.430000000000000000e+02,1.186632602828553838e-05,2.908959554745234541e-05,9.561072102144000735e-07
6.440000000000000000e+02,1.181292771891998363e-05,2.895869275423234877e-05,1.358849433456408736e-10
6.450000000000000000e+02,1.180489845353237931e-05,2.893900948561897761e-05,5.841043128144914930e-10
6.460000000000000000e+02,1.178726737117096694e-05,2.889578793130344862e-05,6.744818816567170146e-07
6.470000000000000000e+02,1.177325852502101045e-05,2.886144607455542701e-05,1.082798910374294590e-11
6.480000000000000000e+02,1.176627208994309599e-05,2.884431924269098855e-05,5.957239173597869964e-07
6.490000000000000000e+02,1.173275025440248877e-05,2.876214244798974085e-05,7.575517570323513798e-11
6.500000000000000000e+02,1.171993048418962299e-05,2.873071554048571674e-05,6.004521660809734139e-07
6.510000000000000000e+02,1.168909104343596642e-05,2.865511447775618547e-05,1.001351153262264048e-10
6.520000000000000000e+02,1.167575170229555225e-05,2.862241387289169879e-05,5.931531664081010407e-07
6.530000000000000000e+02,1.166271712596403734e-05,2.859046038090838605e-05,2.544389172557248161e-10
6.540000000000000000e+02,1.164627035474037331e-05,2.855014209521343659e-05,2.023076209021757212e-10
6.550000000000000000e+02,1.163550372996222869e-05,2.852374835215759410e-05,1.530465566993402598e-06
6.560000000000000000e+02,1.161599181416524892e-05,2.847591604605567838e-05,1.828203413707568250e-06
6.570000000000000000e+02,1.161332584807491753e-05,2.846938058806083730e-05,4.927357117341117653e-08
6.580000000000000000e+02,1.160528021133087900e-05,2.844965718603666046e-05,5.159517302920355065e-07
6.590000000000000000e+02,1.155132538359281646e-05,2.831739012098287149e-05,4.939915243947566373e-10
6.600000000000000000e+02,1.153372474991995072e-05,2.827424320982417809e-05,1.372221481087266568e-05
6.610000000000000000e+02,1.149834590720661280e-05,2.818751407200892277e-05,3.042883017430961430e-09
6.620000000000000000e+02,1.149146637380327173e-05,2.817064930326909975e-05,4.840406519252683371e-06
6.630000000000000000e+02,1.148710023037733272e-05,2.815994596121866464e-05,4.575279520175407036e-10
6.640000000000000000e+02,1.145662739343304843e-05,2.808524360601792920e-05,3.547532010858033671e-07
6.650000000000000000e+02,1.145473216981907399e-05,2.808059757756135004e-05,8.020752301464693722e-11
6.660000000000000000e+02,1.143047964342169285e-05,2.802114394530633937e-05,4.877644741986855926e-10
6.670000000000000000e+02,1.142821425400118622e-05,2.801559047729585843e-05,3.916332584023464004e-07
6.680000000000000000e+02,1.141473637545291326e-05,2.798255025618004145e-05,2.381295665197534102e-09
6.690000000000000000e+02,1.141365895670752605e-05,2.797990902792928599e-05,2.054875677281097813e-06
6.700000000000000000e+02,1.139953239647379557e-05,2.794527860207579083e-05,1.002791858059698057e-05
6.710000000000000000e+02,1.138864752071810872e-05,2.791859497375120144e-05,6.361941194376071936e-11
6.720000000000000000e+02,1.137699608927052219e-05,2.789003217954250739e-05,3.357852296085563277e-06
6.730000000000000000e+02,1.136516297496686925e-05,2.786102400057123094e-05,4.972435050735939819e-10
6.740000000000000000e+02,1.134680280265001154e-05,2.781601512540584045e-05,1.801671375988953894e-10
6.750000000000000000e+02,1.134450120683321181e-05,2.781037289955895175e-05,4.985297844980184575e-06
6.760000000000000000e+02,1.129574925888173236e-05,2.769086038619310525e-05,4.611762261201998389e-05
6.770000000000000000e+02,1.127399988765319463e-05,2.763754309060039422e-05,7.642338241874483722e-11
6.780000000000000000e+02,1.125471431459493058e-05,2.759026565031866951e-05,3.563341150611851523e-06
6.790000000000000000e+02,1.124855281999618552e-05,2.757516111118684014e-05,3.770996620540285160e-09
6.800000000000000000e+02,1.122450721418221285e-05,2.751621473248844552e-05,8.440178442562389679e-06
6.810000000000000000e+02,1.121760809768750786e-05,2.749930195695983166e-05,2.692254590922401983e-09
6.820000000000000000e+02,1.116995322011585962e-05,2.738247884666282839e-05,1.014933501084761769e-09
6.830000000000000000e+02,1.116351224654353563e-05,2.736668918137770946e-05,1.211539052915281949e-06
6.840000000000000000e+02,1.115066331939761363e-05,2.733519079737893544e-05,9.263672960418580904e-06
6.850000000000000000e+02,1.113692807678934729e-05,2.730151966351086347e-05,4.652604274583995835e-10
6.860000000000000000e+02,1.110843514672967022e-05,2.723167093278981894e-05,1.437631646301664759e-05
6.870000000000000000e+02,1.109183555526326521e-05,2.719097801731963591e-05,2.921386828507192135e-10
6.880000000000000000e+02,1.103705753041590467e-05,2.705669293330123642e-05,8.859965700036975410e-05
6.890000000000000000e+02,1.100186237454722538e-05,2.697041409290792702e-05,5.606320355665195562e-06
6.900000000000000000e+02,1.099329926306587611e-05,2.694942213220952724e-05,2.622921313427774505e-11
6.910000000000000000e+02,1.096601938867223345e-05,2.688254713561793097e-05,8.138160742376426274e-07
6.920000000000000000e+02,1.095029025859468661e-05,2.684398810469475593e-05,2.953247920566099645e-12
6.930000000000000000e+02,1.089984986289708757e-05,2.672033646166733302e-05,7.753939649898289808e-07
6.940000000000000000e+02,1.089960589892899250e-05,2.671973839844682757e-05,1.471289784130587703e-06
6.950000000000000000e+02,1.081450933301849353e-05,2.651112920644309185e-05,7.027907618876558683e-11
6.960000000000000000e+02,1.078289070831361002e-05,2.643361802039955158e-05,1.435763917938833804e-07
6.970000000000000000e+02,1.068066698198329138e-05,2.618302260887839575e-05,3.865395710121003930e-07
6.980000000000000000e+02,1.063503047592922176e-05,2.607114741683097509e-05,1.823436241359788626e-10
6.990000000000000000e+02,1.058876057691118583e-05,2.595771949944123322e-05,7.667313913507126691e-07
7.000000000000000000e+02,1.058810978424259217e-05,2.595612411975340564e-05,1.141314874696568156e-05
7.010000000000000000e+02,1.056343223283168681e-05,2.589562856384726105e-05,4.019110665595078575e-07
7.020000000000000000e+02,1.053919250517202906e-05,2.583620630693985237e-05,3.947729425464380744e-11
7.030000000000000000e+02,1.052364927807913379e-05,2.579810300617458330e-05,9.013728762009507657e-07
7.040000000000000000e+02,1.050334923893703102e-05,2.574833866236390429e-05,2.178830263052803142e-10
7.050000000000000000e+02,1.048342655134396202e-05,2.569949937352933325e-05,4.570443032256183139e-06
7.060000000000000000e+02,1.047571535120780664e-05,2.568059582304441080e-05,3.241415387958308557e-10
7.070000000000000000e+02,1.043576572125154820e-05,2.558266167098017293e-05,1.376428753110517127e-06
7.080000000000000000e+02,1.042479875018810276e-05,2.555577679087020528e-05,5.432416684905756791e-10
7.090000000000000000e+02,1.040265312748550177e-05,2.550148810825441246e-05,8.440315944566857028e-06
7.100000000000000000e+02,1.039270687074595584e-05,2.547710544886389467e-05,3.434636444615062884e-08
7.110000000000000000e+02,1.031915535948442638e-05,2.529679827464655981e-05,2.658898178987158059e-07
7.120000000000000000e+02,1.031332358425577939e-05,2.528250202302490278e-05,2.913724974947093196e-09
7.130000000000000000e+02,1.030448907045758386e-05,2.526084473561889966e-05,1.690486145405141137e-06
7.140000000000000000e+02,1.029992591462071764e-05,2.524965842930993669e-05,5.948071383940361352e-09
7.150000000000000000e+02,1.028278324354386750e-05,2.520763418633532762e-05,1.913081152953390360e-08
7.160000000000000000e+02,1.027180465006747315e-05,2.518072081456828421e-05,5.155149217434904104e-05
7.170000000000000000e+02,1.020201647246107851e-05,2.500963922994599447e-05,5.659267212802243298e-10
7.180000000000000000e+02,1.019222780742637879e-05,2.498564289728750181e-05,1.677399503844129468e-05
7.190000000000000000e+02,1.012281348396682435e-05,2.481547779396695678e-05,2.956618203662517025e-09
7.200000000000000000e+02,1.011490342577917498e-05,2.479608675474495667e-05,2.765629676696502817e-06
7.210000000000000000e+02,1.008221553640732145e-05,2.471595432969102643e-05,3.823913923014661160e-10
7.220000000000000000e+02,1.006092979421539621e-05,2.466377359322596754e-05,2.986088633206315543e-05
7.230000000000000000e+02,1.001531267399871217e-05,2.455194592441088856e-05,5.321658273135775064e-09
7.240000000000000000e+02,1.000257038674239187e-05,2.452070896178637811e-05,2.905121747481576416e-05
7.250000000000000000e+02,9.972161528290153881e-06,2.444616344607016101e-05,8.028773930267059095e-09
7.260000000000000000e+02,9.954863916250328884e-06,2.440375937450025537e-05,4.080859475577674594e-06
7.270000000000000000e+02,9.882162120082577914e-06,2.422553522651611503e-05,3.611644411434339145e-07
7.280000000000000000e+02,9.879385739523305273e-06,2.421872909398928818e-05,6.710043567730462036e-06
7.290000000000000000e+02,9.875618676716051511e-06,2.420949436259865972e-05,1.682245941215454118e-07
7.300000000000000000e+02,9.858928002940996321e-06,2.416857816424261324e-05,1.480853835034348262e-06
7.310000000000000000e+02,9.852636557696031389e-06,2.415315505879710848e-05,7.143446693333217044e-09
7.320000000000000000e+02,9.814887535374991684e-06,2.406061556603302540e-05,1.707614413440446012e-07
7.330000000000000000e+02,9.760314320437812511e-06,2.392683256138082012e-05,8.052737048850796872e-06
7.340000000000000000e+02,9.754297372401373481e-06,2.391208236958659237e-05,2.590300137613449353e-08
7.350000000000000000e+02,9.693603249019241267e-06,2.376329432035510471e-05,2.929602732909425115e-07
7.360000000000000000e+02,9.664141624065550763e-06,2.369107089146644117e-05,3.841065948083208376e-06
7.370000000000000000e+02,9.660197415900993081e-06,2.368140189872273581e-05,1.297552360167932970e-07
7.380000000000000000e+02,9.506519800478135902e-06,2.330467032513443225e-05,1.678090998033471256e-11
7.390000000000000000e+02,9.348680210690656219e-06,2.291773591785884200e-05,1.018009054428697196e-08
7.400000000000000000e+02,9.317543233358020248e-06,2.284140546182573576e-05,1.269025439273178021e-10
7.410000000000000000e+02,9.177706610169666915e-06,2.249860426105185042e-05,1.228567917800641643e-10
7.420000000000000000e+02,9.134826625084891018e-06,2.239348651692248641e-05,2.665966084892463319e-06
7.430000000000000000e+02,9.042513532248428615e-06,2.216718643651460942e-05,6.018605999495167537e-06
7.440000000000000000e+02,8.997078107267727742e-06,2.205580418281075108e-05,6.846263351180178415e-10
7.450000000000000000e+02,8.971980236707697420e-06,2.199427823940136741e-05,4.568008606687290812e-11
7.460000000000000000e+02,8.959075765607697417e-06,2.196264369268842613e-05,1.828871301546603118e-07
7.470000000000000000e+02,8.870928854345833293e-06,2.174655675969394596e-05,1.300344680648312981e-09
7.480000000000000000e+02,8.854200824778454929e-06,2.170554898582518976e-05,2.443929103836523959e-05
7.490000000000000000e+02,8.845926304780235929e-06,2.168526449005760869e-05,7.188915105033169568e-10
7.500000000000000000e+02,8.813323818819355902e-06,2.160534142640818325e-05,4.654970495362244990e-07
7.510000000000000000e+02,8.784069491102050391e-06,2.153362617441859970e-05,3.656891834114688008e-11
7.520000000000000000e+02,8.760022195495410224e-06,2.147467565329354866e-05,9.291884971285588209e-08
7.530000000000000000e+02,8.659579619919692211e-06,2.122844662736949161e-05,1.388577144752180128e-10
7.540000000000000000e+02,8.641941961987488233e-06,2.118520895343156479e-05,1.426916799933818782e-06
7.550000000000000000e+02,8.611163100143992430e-06,2.110975639631287756e-05,1.110141071606100812e-07
7.560000000000000000e+02,8.610675936116351354e-06,2.110856214254843764e-05,1.652514598718188723e-06
7.570000000000000000e+02,8.574598109688861246e-06,2.102011948755098963e-05,2.187699357968707886e-06
7.580000000000000000e+02,8.569442662241284560e-06,2.100748121343323403e-05,1.428140123475384154e-09
7.590000000000000000e+02,8.541901885079688296e-06,2.093996662915637437e-05,5.187872700148945437e-07
7.600000000000000000e+02,8.530764806093864110e-06,2.091266473954830370e-05,1.720040635008013802e-10
7.610000000000000000e+02,8.510714743990152194e-06,2.086351319964386991e-05,3.977066032252008001e-07
7.620000000000000000e+02,8.509656959847743040e-06,2.086092010445957605e-05,1.798302715616431620e-08
7.630000000000000000e+02,8.491602766411179669e-06,2.081666131839949522e-05,4.052341417605267258e-08
7.640000000000000000e+02,8.489952643409676250e-06,2.081261613957979299e-05,8.819149586714758700e-11
7.650000000000000000e+02,8.480260001185376548e-06,2.078885520115462813e-05,8.044460055603874629e-07
7.660000000000000000e+02,8.467388103453512625e-06,2.075730050612471228e-05,4.709581365908989567e-10
7.670000000000000000e+02,8.439491132299661475e-06,2.068891273336926121e-05,2.470383301133257003e-07
7.680000000000000000e+02,8.433326700316634553e-06,2.067380099341381187e-05,2.402222580068276644e-09
7.690000000000000000e+02,8.418094582331031448e-06,2.063646035820152787e-05,3.664783377124640255e-06
7.700000000000000000e+02,8.416806572323310093e-06,2.063330287794214505e-05,1.111448910812192252e-08
7.710000000000000000e+02,8.414836667147690798e-06,2.062847377205975064e-05,4.317635613393731701e-06
7.720000000000000000e+02,8.413020260870537239e-06,2.062402095963691004e-05,3.925255180254200236e-09
7.730000000000000000e+02,8.406777418714306014e-06,2.060871700178521467e-05,4.796058406317950084e-10
7.740000000000000000e+02,8.406003233039363996e-06,2.060681913144952446e-05,2.390456365350856004e-07
7.750000000000000000e+02,8.395960583769045366e-06,2.058220017147808058e-05,7.370389256891463821e-07
7.760000000000000000e+02,8.391850478603449354e-06,2.057212449206056651e-05,4.439360705981259648e-10
7.770000000000000000e+02,8.379330491139338758e-06,2.054143248421230717e-05,8.510355571179454791e-09
7.780000000000000000e+02,8.375099097635337476e-06,2.053105947361575704e-05,4.955179699884487214e-07
7.790000000000000000e+02,8.326478151520833645e-06,2.041186810349546874e-05,1.342333136653758083e-05
7.800000000000000000e+02,8.317574441731273748e-06,2.039004118621435071e-05,2.780818597871962035e-08
7.810000000000000000e+02,8.306277219839673971e-06,2.036234671575625643e-05,3.074203160275444276e-06
7.820000000000000000e+02,8.299856396969125703e-06,2.034660644872323806e-05,4.953385648711271230e-08
7.830000000000000000e+02,8.269495099352020424e-06,2.027217752557784774e-05,1.437537103641251395e-06
7.840000000000000000e+02,8.264562782145256327e-06,2.026008624203191034e-05,1.464799806445999814e-09
7.850000000000000000e+02,8.248613316342014667e-06,2.022098707112524084e-05,2.621086604409373776e-09
7.860000000000000000e+02,8.246901419255071202e-06,2.021679045679327625e-05,2.749601094448889189e-06
7.870000000000000000e+02,8.199534630428668614e-06,2.010067357899494286e-05,4.444161163668408088e-07
7.880000000000000000e+02,8.194009884335420481e-06,2.008712999111678422e-05,1.039806942311983426e-08
7.890000000000000000e+02,8.186953696151930062e-06,2.006983216364472886e-05,9.621409717441609944e-08
7.900000000000000000e+02,8.172383074635066448e-06,2.003411314785245788e-05,9.799569130261184081e-06
7.910000000000000000e+02,8.157332098812007277e-06,1.999721657192460403e-05,7.687947339473414548e-07
7.920000000000000000e+02,8.154450449097167973e-06,1.999015237829683284e-05,6.272894042691654807e-06
7.930000000000000000e+02,8.150644365287124096e-06,1.998082198922864153e-05,5.443580795959964213e-06
7.940000000000000000e+02,8.144280326030927812e-06,1.996522092386354295e-05,3.597680426041779367e-08
7.950000000000000000e+02,8.127043048852589224e-06,1.992296475963360801e-05,3.177666764155432464e-06
7.960000000000000000e+02,8.123488570622562505e-06,1.991425116674502155e-05,3.048893498418522489e-08
7.970000000000000000e+02,8.102761207223059504e-06,1.986343926282300068e-05,1.051520314159089870e-07
7.980000000000000000e+02,8.100408754598687730e-06,1.985767236452403532e-05,3.170767070314520243e-06
7.990000000000000000e+02,8.079290858047443548e-06,1.980590309170746888e-05,1.182876037398852210e-07
8.000000000000000000e+02,8.079143852770126285e-06,1.980554271697561582e-05,1.071618570561011160e-06
8.010000000000000000e+02,8.055007000628299334e-06,1.974637265330799575e-05,3.287314607473562227e-08
8.020000000000000000e+02,8.053997794140408133e-06,1.974389864336703994e-05,2.057301405604955181e-05
8.030000000000000000e+02,8.038226529557697037e-06,1.970523632219961440e-05,2.601310189051628764e-06
8.040000000000000000e+02,8.030861711439321441e-06,1.968718190671891536e-05,3.075577843173972782e-12
8.050000000000000000e+02,8.004999851604215709e-06,1.962378308884429672e-05,2.418161577684934650e-08
8.060000000000000000e+02,8.004359880670062477e-06,1.962221423799760133e-05,1.011917681629315704e-06
8.070000000000000000e+02,7.990165304932804024e-06,1.958741707616501088e-05,3.427877222513041680e-09
8.080000000000000000e+02,7.986246517147782632e-06,1.957781039997637246e-05,7.433940558039375220e-06
8.090000000000000000e+02,7.968838133175977861e-06,1.953513477757501065e-05,2.379882709718236776e-09
8.100000000000000000e+02,7.964192138543253879e-06,1.952374539686362365e-05,2.539320771649856006e-06
8.110000000000000000e+02,7.951219617974250207e-06,1.949194403090723533e-05,3.347310804049855862e-06
8.120000000000000000e+02,7.942452247117724740e-06,1.947045134044660941e-05,1.801863968977231574e-10
8.130000000000000000e+02,7.928156349546117411e-06,1.943540579413727856e-05,6.916834075540223681e-06
8.140000000000000000e+02,7.925411112717735946e-06,1.942867600862243307e-05,1.743709729390007914e-07
8.150000000000000000e+02,7.910407709411796515e-06,1.939189605390310883e-05,2.157115731078798943e-05
8.160000000000000000e+02,7.905760043864694197e-06,1.938050257704407591e-05,1.397330732466538847e-08
8.170000000000000000e+02,7.860560252354992342e-06,1.926969796484041185e-05,1.723293690133728060e-05
8.180000000000000000e+02,7.859316023063736339e-06,1.926664781041479956e-05,3.559436743057473514e-08
8.190000000000000000e+02,7.830607950826812868e-06,1.919627167138672196e-05,1.710323700690424725e-05
8.200000000000000000e+02,7.826710877140140253e-06,1.918671822602429744e-05,2.546380973061773085e-09
8.210000000000000000e+02,7.766298899298547777e-06,1.903862183987709610e-05,1.095244604553974846e-05
8.220000000000000000e+02,7.762552975129866458e-06,1.902943892860711769e-05,4.391298604080228320e-09
8.230000000000000000e+02,7.754206977194161573e-06,1.900897920890863468e-05,5.254339036385176767e-06
8.240000000000000000e+02,7.751111739541933072e-06,1.900139141710079817e-05,2.018190644556157957e-09
8.250000000000000000e+02,7.650082863529212652e-06,1.875372511037549938e-05,4.228334845380498963e-06
8.260000000000000000e+02,7.649144324923559427e-06,1.875142433856297254e-05,6.128485764963006462e-06
8.270000000000000000e+02,7.532756244729231200e-06,1.846610585234179024e-05,4.328406118284225709e-07
8.280000000000000000e+02,7.529747431535248472e-06,1.845872992497537676e-05,1.968076617414703646e-05
8.290000000000000000e+02,7.491337369024163405e-06,1.836456993133147764e-05,2.908640365603968394e-05
8.300000000000000000e+02,7.490593262440963052e-06,1.836274579810794066e-05,1.547487831621718599e-06
8.310000000000000000e+02,7.474854271832931572e-06,1.832416259467821619e-05,9.991899506505818992e-09
8.320000000000000000e+02,7.470941060312067467e-06,1.831456958837093623e-05,7.727850946277118886e-08
8.330000000000000000e+02,7.443228130813053717e-06,1.824663298283357563e-05,4.003545832252741398e-07
8.340000000000000000e+02,7.439697451133072548e-06,1.823797773068110091e-05,9.910905877041922504e-06
8.350000000000000000e+02,7.416837933207689236e-06,1.818193897620275456e-05,1.395093285364221718e-06
8.360000000000000000e+02,7.399171313580376645e-06,1.813863030438435061e-05,7.101625285096621569e-11
8.370000000000000000e+02,7.385741273566351188e-06,1.810570735660229139e-05,5.401126347329144948e-06
8.380000000000000000e+02,7.383487777213178432e-06,1.810018304374208593e-05,4.418216506973799717e-08
8.390000000000000000e+02,7.334233209199774088e-06,1.797943838705904051e-05,5.440398616612872059e-06
8.400000000000000000e+02,7.331114197052686015e-06,1.797179231348495346e-05,1.764587460469743070e-08
8.410000000000000000e+02,7.284478121427697459e-06,1.785746673582784495e-05,3.081718149343230395e-09
8.420000000000000000e+02,7.283229840781754479e-06,1.785440664974613563e-05,1.599131867063447952e-07
8.430000000000000000e+02,7.263907958089066670e-06,1.780704019854583762e-05,3.668419024600850950e-07
8.440000000000000000e+02,7.259147215033652987e-06,1.779536951887150339e-05,6.616896428767147258e-10
8.450000000000000000e+02,7.248808184147759809e-06,1.777002399692087593e-05,2.375740080492068534e-07
8.460000000000000000e+02,7.229832487206816233e-06,1.772350619959023622e-05,9.271201176355870577e-10
8.470000000000000000e+02,7.207340002405802114e-06,1.766836720508097597e-05,1.563582441672074682e-09
8.480000000000000000e+02,7.202891399000680094e-06,1.765746171727476210e-05,2.275079558736916757e-06
8.490000000000000000e+02,7.193052765032338312e-06,1.763334288873454861e-05,7.473082517006441551e-07
8.500000000000000000e+02,7.185813098629069939e-06,1.761559527527208844e-05,7.400006059154241111e-09
8.510000000000000000e+02,7.126897984621499200e-06,1.747116836217134451e-05,5.443592380783876219e-06
8.520000000000000000e+02,7.117038938428510799e-06,1.744699949427120053e-05,5.412391042064021671e-06
8.530000000000000000e+02,7.113651590218085692e-06,1.743869561072840975e-05,1.799397138028874586e-06
8.540000000000000000e+02,7.112493103528006621e-06,1.743585564921200107e-05,3.784067620086334017e-06
8.550000000000000000e+02,7.102360575713738542e-06,1.741101635731257186e-05,3.386319028139231966e-07
8.560000000000000000e+02,7.065545472885215645e-06,1.732076631287869929e-05,2.917928501407543330e-07
8.570000000000000000e+02,7.059165005526979119e-06,1.730512497499430306e-05,4.153113707023761025e-07
8.580000000000000000e+02,7.058833693537695041e-06,1.730431278327250740e-05,6.834958488364197030e-07
8.590000000000000000e+02,7.021556963953397930e-06,1.721293108818388587e-05,2.285982138996234544e-09
8.600000000000000000e+02,7.000779802271053251e-06,1.716199710672048078e-05,1.769579366686678464e-06
8.610000000000000000e+02,6.990300928364806706e-06,1.713630876788680441e-05,2.016527320846800011e-10
8.620000000000000000e+02,6.983091423822100550e-06,1.711863509443935718e-05,6.467953092975615345e-08
8.630000000000000000e+02,6.950363785278261129e-06,1.703840522664420699e-05,2.565606073539047061e-06
8.640000000000000000e+02,6.933395658568963571e-06,1.699680886885032878e-05,1.884300112470694419e-10
8.650000000000000000e+02,6.892616046940109009e-06,1.689684006586633229e-05,1.667989562075872045e-10
8.660000000000000000e+02,6.876722034473453981e-06,1.685787683553041703e-05,8.615395345921935487e-11
8.670000000000000000e+02,6.856453558604681368e-06,1.680818986721516336e-05,1.362982142719715395e-05
8.680000000000000000e+02,6.825396928334913213e-06,1.673205637724860831e-05,6.509195453102012102e-10
8.690000000000000000e+02,6.804138787663990808e-06,1.667994330427775536e-05,3.088638517521703072e-06
8.700000000000000000e+02,6.750430322939095556e-06,1.654828018356139843e-05,2.917967432377271930e-09
8.710000000000000000e+02,6.716716309275147826e-06,1.646563227557136251e-05,2.117319957891716807e-06
8.720000000000000000e+02,6.716205739349711873e-06,1.646438064363454928e-05,6.095137197530145937e-08
8.730000000000000000e+02,6.707839226910814696e-06,1.644387063384633658e-05,1.913242558970936760e-05
8.740000000000000000e+02,6.706160830553740012e-06,1.643975614456977182e-05,2.324332463990656168e-07
8.750000000000000000e+02,6.699890757654614420e-06,1.642438543216444670e-05,1.356339293436992090e-06
8.760000000000000000e+02,6.698067511560074140e-06,1.641991585233432604e-05,2.134421670114493543e-07
8.770000000000000000e+02,6.690017066729685186e-06,1.640018066357119239e-05,4.209351513132623832e-06
8.780000000000000000e+02,6.687814008611067928e-06,1.639477999705610270e-05,1.364868367412579767e-06
8.790000000000000000e+02,6.670031557042693533e-06,1.635118737009362590e-05,1.469012450009706374e-05
8.800000000000000000e+02,6.645608405057728948e-06,1.629131545931491716e-05,1.347298584607144322e-07
8.810000000000000000e+02,6.639636785279555448e-06,1.627667638706153816e-05,3.862561914440140124e-05
8.820000000000000000e+02,6.635696691830969618e-06,1.626701748130036853e-05,5.752577753475909081e-08
8.830000000000000000e+02,6.609961949477361683e-06,1.620393028440388324e-05,1.564076843353156440e-05
8.840000000000000000e+02,6.582257548462057551e-06,1.613601458593928758e-05,9.415727245884896967e-06
8.850000000000000000e+02,6.568620505827125388e-06,1.610258418349054866e-05,4.573800035808112771e-09
8.860000000000000000e+02,6.559711890343602085e-06,1.608074524019118448e-05,3.108163862202335565e-05
8.870000000000000000e+02,6.555263783684178331e-06,1.606984097012763350e-05,6.082151850754681440e-09
8.880000000000000000e+02,6.548104607752224887e-06,1.605229067428904266e-05,7.752987276840377109e-06
8.890000000000000000e+02,6.507939208097663653e-06,1.595382757558706351e-05,4.386708386116912145e-08
8.900000000000000000e+02,6.489613814633679760e-06,1.590890395871992762e-05,3.517807370987799175e-05
8.910000000000000000e+02,6.415446978772059064e-06,1.572708835268432030e-05,6.454342022085029677e-11
8.920000000000000000e+02,6.386283812478174973e-06,1.565559657752577479e-05,1.258644790894545313e-06
8.930000000000000000e+02,6.347559660011668515e-06,1.556066661095622370e-05,4.229629914961246626e-10
8.940000000000000000e+02,6.291397910536499509e-06,1.542298940795541905e-05,2.286351328019455092e-10
8.950000000000000000e+02,6.277141988115690152e-06,1.538804185836098755e-05,1.274244402269355988e-06
8.960000000000000000e+02,6.261833211538474307e-06,1.535051329915100045e-05,1.734270876867778537e-08
8.970000000000000000e+02,6.215169880331922799e-06,1.523612090604973517e-05,4.606432457783976918e-11
8.980000000000000000e+02,6.179026898745626586e-06,1.514751852703889342e-05,3.544175374394830974e-10
8.990000000000000000e+02,6.149809453190362459e-06,1.507589368948543397e-05,3.965043349000232576e-07
9.000000000000000000e+02,6.136745186293693697e-06,1.504386741283989249e-05,3.053140952967540795e-07
9.010000000000000000e+02,6.101881036819416499e-06,1.495840001502062224e-05,1.856006014377002838e-10
9.020000000000000000e+02,6.045887843033386703e-06,1.482113601631005774e-05,1.238925344828441039e-07
9.030000000000000000e+02,5.961130860327192005e-06,1.461335929242192729e-05,1.290580948858986386e-06
9.040000000000000000e+02,5.947897491595635846e-06,1.458091847264218450e-05,1.202443013008063949e-06
9.050000000000000000e+02,5.947263310361548286e-06,1.457936381490233990e-05,1.976181541896956682e-07
9.060000000000000000e+02,5.929875227376524563e-06,1.453673795916787032e-05,1.226698180474753928e-06
9.070000000000000000e+02,5.920562521689367509e-06,1.451390841266408282e-05,2.422786614055697625e-09
9.080000000000000000e+02,5.918183872478945763e-06,1.450807729498574736e-05,9.848320571868218074e-07
9.090000000000000000e+02,5.858544951586210336e-06,1.436187601216907656e-05,6.989679329470864053e-09
9.100000000000000000e+02,5.836350598126998488e-06,1.430746786898923340e-05,8.821321742092224974e-06
9.110000000000000000e+02,5.827082015841600244e-06,1.428474648839191608e-05,3.250227398342543312e-09
9.120000000000000000e+02,5.799760569798026527e-06,1.421776958136234221e-05,2.159285432261348020e-09
9.130000000000000000e+02,5.779668167046403164e-06,1.416851424586692198e-05,3.393841035095260527e-05
9.140000000000000000e+02,5.769790078122098122e-06,1.414429869583864422e-05,2.488618008846942467e-08
9.150000000000000000e+02,5.749544441901217991e-06,1.409466771756765990e-05,3.432030750511002141e-06
9.160000000000000000e+02,5.745602753979164818e-06,1.408500490304920704e-05,3.269027566733021097e-08
9.170000000000000000e+02,5.737498385819542582e-06,1.406513752443774025e-05,2.685346850178916546e-09
9.180000000000000000e+02,5.692477251048315484e-06,1.395477087864859284e-05,4.687391007428322342e-05
9.190000000000000000e+02,5.686840989374026722e-06,1.394095391692734366e-05,1.196019420420594037e-08
9.200000000000000000e+02,5.677035111208056721e-06,1.391691538729688221e-05,4.276251271438545364e-06
9.210000000000000000e+02,5.656217779711334416e-06,1.386588293191234142e-05,1.728451369207785413e-09
9.220000000000000000e+02,5.632247459636334712e-06,1.380712111174470072e-05,5.033565908527812454e-06
9.230000000000000000e+02,5.623049624726204341e-06,1.378457316414827119e-05,3.489203461954065875e-06
9.240000000000000000e+02,5.608314486486558150e-06,1.374845084535259869e-05,6.193400509004310840e-09
9.250000000000000000e+02,5.584963971062063542e-06,1.369120843958151618e-05,9.642773930784897743e-08
9.260000000000000000e+02,5.583271583365000385e-06,1.368705965136351950e-05,1.340740507556777639e-06
9.270000000000000000e+02,5.567368309537811258e-06,1.364807371735070222e-05,4.682672123639220892e-06
9.280000000000000000e+02,5.547202944068424698e-06,1.359863951807345736e-05,6.650083662107010223e-06
9.290000000000000000e+02,5.531737059555966784e-06,1.356072581806398559e-05,6.318285594474238684e-06
9.300000000000000000e+02,5.529965952661518060e-06,1.355638405439526400e-05,5.611147258419444635e-07
9.310000000000000000e+02,5.506259356705031752e-06,1.349826873828670360e-05,4.437330281905777836e-08
9.320000000000000000e+02,5.486260869975042207e-06,1.344924363235671332e-05,7.815125369178260576e-05
9.330000000000000000e+02,5.447146714418722857e-06,1.335335759630804285e-05,6.069573651749164277e-10
9.340000000000000000e+02,5.435504479920234947e-06,1.332481734787543335e-05,1.621207695062265878e-05
9.350000000000000000e+02,5.433487377279200693e-06,1.331987254020155833e-05,4.334868319516651189e-07
9.360000000000000000e+02,5.431969337305885500e-06,1.331615115510364765e-05,3.650129280243845874e-06
9.370000000000000000e+02,5.429413571335814101e-06,1.330988584617769136e-05,3.666104527188375835e-06
9.380000000000000000e+02,5.427353301717418927e-06,1.330483521721511696e-05,4.080713224731192575e-07
9.390000000000000000e+02,5.419721532995266823e-06,1.328612638813778362e-05,2.828256745250253763e-09
9.400000000000000000e+02,5.408903342321373248e-06,1.325960623434219075e-05,2.940716969794763498e-06
9.410000000000000000e+02,5.386105163636606428e-06,1.320371784937976908e-05,3.414646888481073297e-08
9.420000000000000000e+02,5.385436331507810552e-06,1.320207824702353540e-05,5.223091886231998743e-07
9.430000000000000000e+02,5.370043476077320547e-06,1.316434357348380562e-05,1.199166684578699844e-05
9.440000000000000000e+02,5.367333816240826825e-06,1.315770100285774227e-05,5.890038390186437540e-09
9.450000000000000000e+02,5.351685866159538780e-06,1.311934097988800775e-05,1.171187677941898716e-06
9.460000000000000000e+02,5.343389799294819456e-06,1.309900366325318209e-05,5.708828109817699816e-09
9.470000000000000000e+02,5.328705811471967096e-06,1.306300673667520977e-05,5.663338405180584360e-08
9.480000000000000000e+02,5.320807094870272624e-06,1.304364350067953956e-05,2.233667154409081046e-05
9.490000000000000000e+02,5.311516136371026660e-06,1.302086726611907057e-05,1.872137199128773430e-05
9.500000000000000000e+02,5.308406292738701908e-06,1.301324366861597569e-05,1.859300654929556478e-07
9.510000000000000000e+02,5.301127203884199536e-06,1.299539941334886958e-05,1.602364561769929852e-05
9.520000000000000000e+02,5.299730400004200865e-06,1.299197523135425620e-05,6.834343405956420849e-08
9.530000000000000000e+02,5.288685424772148811e-06,1.296489912864427144e-05,2.275087047136874677e-05
9.540000000000000000e+02,5.283806246104295297e-06,1.295293811107966850e-05,3.064668554975890192e-07
9.550000000000000000e+02,5.280677875134817578e-06,1.294526909490671264e-05,7.864687809214132883e-07
9.560000000000000000e+02,5.280040811533533534e-06,1.294370737121437642e-05,3.388905576515697980e-06
9.570000000000000000e+02,5.241997798872118478e-06,1.285044717854064892e-05,6.752516850757700743e-09
9.580000000000000000e+02,5.234293434962049556e-06,1.283156038665914598e-05,2.961179193700568174e-06
9.590000000000000000e+02,5.223379568581710292e-06,1.280480568953501267e-05,2.262021596468540915e-08
9.600000000000000000e+02,5.211804311979654468e-06,1.277642963344914727e-05,8.855116617103647784e-06
9.610000000000000000e+02,5.196058611458466746e-06,1.273782998106467399e-05,3.698463872243966197e-07
9.620000000000000000e+02,5.185899400473238283e-06,1.271292527695178432e-05,5.148652869503353486e-09
9.630000000000000000e+02,5.174095365697552977e-06,1.268398838472126150e-05,6.929880860033937116e-10
9.640000000000000000e+02,5.145640762319352355e-06,1.261423360959019023e-05,3.056639385680879519e-06
9.650000000000000000e+02,5.137658610592121296e-06,1.259466583732520680e-05,1.845499823210011835e-08
9.660000000000000000e+02,5.126161409759929400e-06,1.256648113033678521e-05,1.672234989211775802e-05
9.670000000000000000e+02,5.122488958988648013e-06,1.255747833474952084e-05,3.241627319146970155e-08
9.680000000000000000e+02,5.112811087404479911e-06,1.253375360567393617e-05,1.593720451983846652e-05
9.690000000000000000e+02,5.101855060194426513e-06,1.250689555377247533e-05,6.701854269431079494e-08
9.700000000000000000e+02,5.093299659587580549e-06,1.248592249582628925e-05,1.262398791712989151e-05
9.710000000000000000e+02,5.087976252203405717e-06,1.247287247787036494e-05,1.434003709188075789e-06
9.720000000000000000e+02,5.086064344352536527e-06,1.246818554899505788e-05,1.337525961875551646e-05
9.730000000000000000e+02,5.080452655187643835e-06,1.245442882532543809e-05,3.099458373783199396e-08
9.740000000000000000e+02,5.074081667529186305e-06,1.243881072636367229e-05,2.234978012501016661e-05
9.750000000000000000e+02,5.066888523002026645e-06,1.242117715852551715e-05,1.057028947557620378e-05
9.760000000000000000e+02,5.062390518902939375e-06,1.241015056784350181e-05,1.110419977958560322e-09
9.770000000000000000e+02,5.054688270852055937e-06,1.239126896286549415e-05,4.807073367749782291e-06
9.780000000000000000e+02,5.053233132301695850e-06,1.238770177688100371e-05,6.744150705436818715e-08
9.790000000000000000e+02,5.037562201509826010e-06,1.234928541806017143e-05,6.115082792124642121e-06
9.800000000000000000e+02,5.014785850025017920e-06,1.229345054118586546e-05,6.420899338502979676e-09
9.810000000000000000e+02,5.009132831092277689e-06,1.227959250003787045e-05,1.577781201260168605e-07
9.820000000000000000e+02,5.007299165134805869e-06,1.227509737653082815e-05,2.404865431398746381e-06
9.830000000000000000e+02,4.994788822320305849e-06,1.224442901196994285e-05,4.466679027646636164e-06
9.840000000000000000e+02,4.994208274276037579e-06,1.224300583281884148e-05,6.487259391177618247e-07
9.850000000000000000e+02,4.980879400686753830e-06,1.221033088853607364e-05,3.131841023233891522e-08
9.860000000000000000e+02,4.976884631429862859e-06,1.220053794826868597e-05,5.138570401794066191e-06
9.870000000000000000e+02,4.973246921763759803e-06,1.219162031844343413e-05,3.612755093590063480e-06
9.880000000000000000e+02,4.971538034311570345e-06,1.218743108205284329e-05,5.358873800546706182e-08
9.890000000000000000e+02,4.962280606924229906e-06,1.216473704702753535e-05,5.623275982095986093e-08
9.900000000000000000e+02,4.958201702950264930e-06,1.215473785548360548e-05,6.298999315594815666e-06
9.910000000000000000e+02,4.943803457559591620e-06,1.211944140955676421e-05,5.109260601861043198e-08
9.920000000000000000e+02,4.936455114135348769e-06,1.210142738081311911e-05,1.586749537930951260e-06
9.930000000000000000e+02,4.926493093621770895e-06,1.207700607746407630e-05,2.131018501598821902e-06
9.940000000000000000e+02,4.917038585280545139e-06,1.205382891015123662e-05,4.466954084465504378e-07
9.950000000000000000e+02,4.913935092697843663e-06,1.204622088187019062e-05,1.485707960409581355e-05
9.960000000000000000e+02,4.906319639204121941e-06,1.202755204860918478e-05,6.121055115485016328e-09
9.970000000000000000e+02,4.903649631325557204e-06,1.202100668240983951e-05,3.750425393459453558e-07
9.980000000000000000e+02,4.902493627675365557e-06,1.201817280791866961e-05,5.122212399847919618e-07
9.990000000000000000e+02,4.879219793352768816e-06,1.196111838132791801e-05,8.309254055603621613e-07
1.000000000000000000e+03,4.874853302081209198e-06,1.195041418655454100e-05,5.407783009734339698e-08
1.001000000000000000e+03,4.854503959052140305e-06,1.190052897718468643e-05,1.110998373871681394e-05
1.002000000000000000e+03,4.853423698291154208e-06,1.189788078190099286e-05,1.907448892963330202e-05
1.003000000000000000e+03,4.845409174600210773e-06,1.187823365168399968e-05,5.425793884562242731e-06
1.004000000000000000e+03,4.836296521325102417e-06,1.185589452182146377e-05,1.047107478773909530e-09
1.005000000000000000e+03,4.821519020717060278e-06,1.181966835418832324e-05,7.251297515313705938e-09
1.006000000000000000e+03,4.820887440866413110e-06,1.181812007358593065e-05,7.852703179903588911e-07
1.007000000000000000e+03,4.805789401422155920e-06,1.178110812397776961e-05,3.412755018361913643e-05
1.008000000000000000e+03,4.795901399833145627e-06,1.175686827363898433e-05,2.326557661372449342e-08
1.009000000000000000e+03,4.793060417686608921e-06,1.174990377414661491e-05,1.294527851898053187e-05
1.010000000000000000e+03,4.788654124327260940e-06,1.173910200691206120e-05,7.221848692597287042e-06
1.011000000000000000e+03,4.788074502863329853e-06,1.173768109921778617e-05,4.788375562241334770e-06
1.012000000000000000e+03,4.784165680107953387e-06,1.172809885170920264e-05,4.541134791885964403e-06
1.013000000000000000e+03,4.781178384041805738e-06,1.172077567230745636e-05,6.478859118536697715e-08
1.014000000000000000e+03,4.777923076598265180e-06,1.171279547888537455e-05,2.342210735737053481e-09
1.015000000000000000e+03,4.771227495011005977e-06,1.169638165712924982e-05,1.973831226310430839e-06
1.016000000000000000e+03,4.763061654808387281e-06,1.167636358344468410e-05,3.050739608940570763e-05
1.017000000000000000e+03,4.762462781379021112e-06,1.167489548069722536e-05,1.000787192507684161e-06
1.018000000000000000e+03,4.759592057548294183e-06,1.166785807122733324e-05,1.029106690183227698e-08
1.019000000000000000e+03,4.757623064066708721e-06,1.166303120030887360e-05,2.197206049790173459e-05
1.020000000000000000e+03,4.752841748924320339e-06,1.165131008938157840e-05,7.540655396533344778e-08
1.021000000000000000e+03,4.744401037181461671e-06,1.163061818439370682e-05,1.130638064153972924e-08
1.022000000000000000e+03,4.739623856787491234e-06,1.161890720955730199e-05,5.812324009219096487e-06
1.023000000000000000e+03,4.734620452916022536e-06,1.160664166126251860e-05,8.678212764934850265e-06
1.024000000000000000e+03,4.733340102768782407e-06,1.160350295869749933e-05,1.344286941267143494e-07
1.025000000000000000e+03,4.710099803509229687e-06,1.154653074132788977e-05,3.690173859055546288e-06
1.026000000000000000e+03,4.707189004547453421e-06,1.153939509004743531e-05,7.952130717313572786e-09
1.027000000000000000e+03,4.688166543838098164e-06,1.149276265410783465e-05,1.852118856283493904e-06
1.028000000000000000e+03,4.672792181148329742e-06,1.145507331442686415e-05,9.645346560322271191e-09
1.029000000000000000e+03,4.667000056664397132e-06,1.144087426425779939e-05,7.271993617792701747e-06
1.030000000000000000e+03,4.665645591707684758e-06,1.143755387362635656e-05,1.118345528920284902e-08
1.031000000000000000e+03,4.659883169907060785e-06,1.142342763782646356e-05,5.868941181520378111e-06
1.032000000000000000e+03,4.657530767637023191e-06,1.141766086296816425e-05,3.657194815679280210e-09
1.033000000000000000e+03,4.653817617968941400e-06,1.140855829644553747e-05,1.106594843664435760e-05
1.034000000000000000e+03,4.636271768057201887e-06,1.136554568443300915e-05,9.315368182526063613e-08
1.035000000000000000e+03,4.629254636168077661e-06,1.134834360115371988e-05,4.609626931636581272e-05
1.036000000000000000e+03,4.621681810740613446e-06,1.132977926807275685e-05,1.430403550425488304e-08
1.037000000000000000e+03,4.617900270019490862e-06,1.132050904493364340e-05,7.634254705793242358e-06
1.038000000000000000e+03,4.616915909964960906e-06,1.131809594455269303e-05,1.657409093333558459e-06
1.039000000000000000e+03,4.601389566495479710e-06,1.128003403299039178e-05,7.735729191428461957e-09
1.040000000000000000e+03,4.593169113038467578e-06,1.125988207814681704e-05,2.549550075443868098e-06
1.041000000000000000e+03,4.564148960779856243e-06,1.118874089342660827e-05,1.700605472424402277e-05
1.042000000000000000e+03,4.559260852715905885e-06,1.117675798597626458e-05,7.602312663922305428e-09
1.043000000000000000e+03,4.540461706450927078e-06,1.113067299217261374e-05,1.044110650939158298e-05
1.044000000000000000e+03,4.538795221186240509e-06,1.112658770223367519e-05,2.289403187256694889e-06
1.045000000000000000e+03,4.520165916063338548e-06,1.108091906393201860e-05,3.690540935825142666e-06
1.046000000000000000e+03,4.512821051563388335e-06,1.106291356356525787e-05,2.013650476194278443e-08
1.047000000000000000e+03,4.504773860242016044e-06,1.104318635058681112e-05,1.793055211437804949e-07
1.048000000000000000e+03,4.501987728426873906e-06,1.103635631343367763e-05,3.781880367682110751e-06
1.049000000000000000e+03,4.501055571788257192e-06,1.103407118663540963e-05,3.497611736963566034e-06
1.050000000000000000e+03,4.497167235533525464e-06,1.102453916056996829e-05,3.769581239600313451e-05
1.051000000000000000e+03,4.491488003315700087e-06,1.101061685910590913e-05,2.468885195109876059e-05
1.052000000000000000e+03,4.479866521518216536e-06,1.098212748469086000e-05,1.667405632830082134e-07
1.053000000000000000e+03,4.472623786092442482e-06,1.096437234770146966e-05,1.836477028311310749e-05
1.054000000000000000e+03,4.460057327557905637e-06,1.093356641877602508e-05,3.303009370085766781e-05
1.055000000000000000e+03,4.455386728266943992e-06,1.092211672120203090e-05,1.336960465681408540e-07
1.056000000000000000e+03,4.447523813687776425e-06,1.090284125174443001e-05,5.844169418135050165e-09
1.057000000000000000e+03,4.431183176765206161e-06,1.086278314800345151e-05,3.398029207084109528e-08
1.058000000000000000e+03,4.422744868277259023e-06,1.084209713445267803e-05,1.386266483847974251e-05
1.059000000000000000e+03,4.419146909277056410e-06,1.083327695103088963e-05,1.294862773708849814e-05
1.060000000000000000e+03,4.411901609816869542e-06,1.081551552846297597e-05,1.756161395673570448e-07
1.061000000000000000e+03,4.410604189998148301e-06,1.081233498060916837e-05,2.937200952538589369e-06
1.062000000000000000e+03,4.402065728711192519e-06,1.079140344840256378e-05,5.090388367992848235e-06
1.063000000000000000e+03,4.400200353235368153e-06,1.078683059088908306e-05,2.365320360246925721e-05
1.064000000000000000e+03,4.397998816506534187e-06,1.078143365397095198e-05,1.762342132299875281e-06
1.065000000000000000e+03,4.391201031080486362e-06,1.076476928555643554e-05,2.955376552551566439e-06
1.066000000000000000e+03,4.389366498149811413e-06,1.076027203671592656e-05,2.460404300231024229e-07
1.067000000000000000e+03,4.387725300859259252e-06,1.075624873874805208e-05,1.572855651003006719e-06
1.068000000000000000e+03,4.386821443495975950e-06,1.075403298594741099e-05,3.275648490568796555e-07
1.069000000000000000e+03,4.380494042936630415e-06,1.073852173817793754e-05,1.062657770673556072e-06
1.070000000000000000e+03,4.376986294836320757e-06,1.072992270143504675e-05,4.564904583213379283e-05
1.071000000000000000e+03,4.373270062492180509e-06,1.072081257791461359e-05,8.641734282207438627e-07
1.072000000000000000e+03,4.364869901073977634e-06,1.070022007964629053e-05,1.391828879773609971e-05
1.073000000000000000e+03,4.355838295792808838e-06,1.067807963414132227e-05,9.077217218031018858e-06
1.074000000000000000e+03,4.353592718078972451e-06,1.067257473335651684e-05,1.748505095841100990e-06
1.075000000000000000e+03,4.345896563924409087e-06,1.065370806720446263e-05,3.878053839259346378e-06
1.076000000000000000e+03,4.340115138649159090e-06,1.063953524551188933e-05,5.696205787928639266e-08
1.077000000000000000e+03,4.321073362411083459e-06,1.059285545869747386e-05,1.287578736502022571e-06
1.078000000000000000e+03,4.320371728336217978e-06,1.059113544431294686e-05,8.097334467267665957e-06
1.079000000000000000e+03,4.313855061948827502e-06,1.057516022257413662e-05,1.664976229823354186e-05
1.080000000000000000e+03,4.311498730255539232e-06,1.056938381496743521e-05,1.127801757450718243e-06
1.081000000000000000e+03,4.304362993351498916e-06,1.055189097851773854e-05,2.866987693823654806e-06
1.082000000000000000e+03,4.302307911891239473e-06,1.054685306801759646e-05,1.203938424117565070e-06
1.083000000000000000e+03,4.295748597027085793e-06,1.053077329606359920e-05,5.532470708535950795e-06
1.084000000000000000e+03,4.292187883616445538e-06,1.052204441799897953e-05,3.270980334062774828e-08
1.085000000000000000e+03,4.285140198167245152e-06,1.050476743447651365e-05,2.465194909337757876e-08
1.086000000000000000e+03,4.282893147159185362e-06,1.049925892199816645e-05,2.527898611264290070e-06
1.087000000000000000e+03,4.279957026480839709e-06,1.049206119602906609e-05,9.422839587215088076e-07
1.088000000000000000e+03,4.273876970065143569e-06,1.047715629778029904e-05,1.024539683824807633e-08
1.089000000000000000e+03,4.264380396692943917e-06,1.045387601053507324e-05,2.885326723227579317e-06
1.090000000000000000e+03,4.262225158878047511e-06,1.044859257266268888e-05,1.027645573023704590e-06
1.091000000000000000e+03,4.258187773539467406e-06,1.043869516159471647e-05,5.962298675443301500e-06
1.092000000000000000e+03,4.255771694673386960e-06,1.043277228733207613e-05,5.482925743776728682e-08
1.093000000000000000e+03,4.249891272665939271e-06,1.041835678101299845e-05,1.541623942692433462e-07
1.094000000000000000e+03,4.248578669349490757e-06,1.041513901171366230e-05,3.952593111384730346e-08
1.095000000000000000e+03,4.243165755666243781e-06,1.040186957436602946e-05,2.959869424554667530e-06
1.096000000000000000e+03,4.241372275013323056e-06,1.039747296275336375e-05,1.362661263698573777e-06
1.097000000000000000e+03,4.239395532446407442e-06,1.039262709541110909e-05,1.295048167888653566e-07
1.098000000000000000e+03,4.237494589853513007e-06,1.038796704721637531e-05,1.624612831273952729e-07
1.099000000000000000e+03,4.234089558666975199e-06,1.037961981490481308e-05,2.511422673909787375e-07
1.100000000000000000e+03,4.228301167516139872e-06,1.036542991678075388e-05,6.475729519423295326e-07
1.101000000000000000e+03,4.224674860353429835e-06,1.035654023951732519e-05,2.681270130491913030e-06
1.102000000000000000e+03,4.223423110935681994e-06,1.035347164994695321e-05,1.180097734778174138e-05
1.103000000000000000e+03,4.218661027708856593e-06,1.034179768492176613e-05,5.035298215292267740e-06
1.104000000000000000e+03,4.214695793791635246e-06,1.033207714879052849e-05,2.001072644384311627e-06
1.105000000000000000e+03,4.211661995530376607e-06,1.032463997201127735e-05,1.655208669502480325e-06
1.106000000000000000e+03,4.208378247624045371e-06,1.031659005847887831e-05,5.365615299107834540e-06
1.107000000000000000e+03,4.202050827136804714e-06,1.030107876185734883e-05,3.139508903920425359e-06
1.108000000000000000e+03,4.196872834514521617e-06,1.028838521957890075e-05,2.601749326403850887e-08
1.109000000000000000e+03,4.192534767138520065e-06,1.027775070430225269e-05,1.023004522147082064e-06
1.110000000000000000e+03,4.190658754864830432e-06,1.027315177130870436e-05,6.121240044969497540e-07
1.111000000000000000e+03,4.187483453837475178e-06,1.026536770887800743e-05,2.562613282858052359e-06
1.112000000000000000e+03,4.185232181800435891e-06,1.025984884879708062e-05,9.182475198565766966e-06
1.113000000000000000e+03,4.182171909108181371e-06,1.025234677151803139e-05,1.454095055281752102e-06
1.114000000000000000e+03,4.180374193221580127e-06,1.024793977748080252e-05,1.090733678678816202e-06
1.115000000000000000e+03,4.178861843783976950e-06,1.024423234239420395e-05,1.030042796533991072e-06
1.116000000000000000e+03,4.172253099217979767e-06,1.022803139645330929e-05,7.803014113748477627e-07
1.117000000000000000e+03,4.171625080420727545e-06,1.022649184556243348e-05,8.143020082158758123e-06
1.118000000000000000e+03,4.169697818811986530e-06,1.022176727785893704e-05,1.156879793459938345e-07
1.119000000000000000e+03,4.158500176288637360e-06,1.019431692032512802e-05,4.718805126319749003e-07
1.120000000000000000e+03,4.157082726838633551e-06,1.019084212693825378e-05,4.698594767715327764e-08
1.121000000000000000e+03,4.152409917244974337e-06,1.017938701093808772e-05,1.576450852508443469e-05
1.122000000000000000e+03,4.151536929435788711e-06,1.017724693302125591e-05,1.105031403569048086e-07
1.123000000000000000e+03,4.145613352188933140e-06,1.016272563418837562e-05,2.576135289643216698e-06
1.124000000000000000e+03,4.145310080515037615e-06,1.016198218163923874e-05,5.556347052681306359e-06
1.125000000000000000e+03,4.134490078719536467e-06,1.013545758798627773e-05,4.019891473363488865e-07
1.126000000000000000e+03,4.133685778620790225e-06,1.013348589392397574e-05,5.389573206463588208e-08
1.127000000000000000e+03,4.125967995802256264e-06,1.011456620638302335e-05,1.386908274254094339e-05
1.128000000000000000e+03,4.123692344839872318e-06,1.010898758281030831e-05,1.327267882680115410e-08
1.129000000000000000e+03,4.118196828931691083e-06,1.009551565099986137e-05,3.177460632542793524e-07
1.130000000000000000e+03,4.111952484001630309e-06,1.008020800918711657e-05,1.710641745127975363e-08
1.131000000000000000e+03,4.111469624545361602e-06,1.007902430782448382e-05,1.837078128275511093e-07
1.132000000000000000e+03,4.108822214078934001e-06,1.007253433784279784e-05,2.599413395333241896e-11
1.133000000000000000e+03,4.101309312953244018e-06,1.005411690563898369e-05,1.882300225861839796e-05
1.134000000000000000e+03,4.095213840147671302e-06,1.003917421502337526e-05,9.647780907235854463e-09
1.135000000000000000e+03,4.091606618460322599e-06,1.003033132467257470e-05,1.092951439731476777e-06
1.136000000000000000e+03,4.087920347418156107e-06,1.002129464950965681e-05,3.014148423405080773e-07
1.137000000000000000e+03,4.082088308801763056e-06,1.000699775220853651e-05,1.143195810038642832e-05
1.138000000000000000e+03,4.081142867492105336e-06,1.000468005882591428e-05,8.869054998367554433e-07
1.139000000000000000e+03,4.075935015204666748e-06,9.991913317346593095e-06,1.013761636115940916e-06
1.140000000000000000e+03,4.073317358933189009e-06,9.985496288011815714e-06,7.126714552537544205e-06
1.141000000000000000e+03,4.072148408723149079e-06,9.982630675795860651e-06,7.463701758065295257e-06
1.142000000000000000e+03,4.065023278099616150e-06,9.965163840014736697e-06,2.741619344877920015e-06
1.143000000000000000e+03,4.063168387350641258e-06,9.960616685188232152e-06,1.499297322585599840e-06
1.144000000000000000e+03,4.056636798554588171e-06,9.944604882048275126e-06,3.361586482657686372e-06
1.145000000000000000e+03,4.050513852965860098e-06,9.929594843531669673e-06,4.524894391919259931e-07
1.146000000000000000e+03,4.048040508432086772e-06,9.923531585875891843e-06,7.526329785272772763e-06
1.147000000000000000e+03,4.042434922749586765e-06,9.909789824531914571e-06,8.666342651569302027e-06
1.148000000000000000e+03,4.041664006404479270e-06,9.907899968764710162e-06,4.387659199569770531e-07
1.149000000000000000e+03,4.025459846021731549e-06,9.868176429179113338e-06,5.603631934639109254e-06
1.150000000000000000e+03,4.009882898554039951e-06,9.829990464911914018e-06,2.641994505005991215e-06
1.151000000000000000e+03,4.009064912890985551e-06,9.827985221499155070e-06,4.381259638400771312e-06
1.152000000000000000e+03,4.000832698382279216e-06,9.807804435133829119e-06,3.663059631610670962e-07
1.153000000000000000e+03,4.000101347267433661e-06,9.806011571185601383e-06,4.599711009492449497e-06
1.154000000000000000e+03,3.985725213382230072e-06,9.770769330304998810e-06,3.051149770287121922e-08
1.155000000000000000e+03,3.980046083510402989e-06,9.756847279736093227e-06,4.401146594199303225e-08
1.156000000000000000e+03,3.975069197484866465e-06,9.744646738370255654e-06,1.181820169157501602e-06
1.157000000000000000e+03,3.972519131814574350e-06,9.738395403391642794e-06,3.743930689504898340e-07
1.158000000000000000e+03,3.968993300501517487e-06,9.729752036723570772e-06,4.219996455427552876e-05
1.159000000000000000e+03,3.968155042709991215e-06,9.727697097388355294e-06,1.207974892298972237e-06
1.160000000000000000e+03,3.965982233661372691e-06,9.722370584677049839e-06,1.117530513282686165e-05
1.161000000000000000e+03,3.962985817696384444e-06,9.715025048383368346e-06,4.677288707362755516e-07
1.162000000000000000e+03,3.962847038932705401e-06,9.714684840462536306e-06,5.835543710642850387e-06
1.163000000000000000e+03,3.961356535058803860e-06,9.711030958481681093e-06,4.155648056080316673e-05
1.164000000000000000e+03,3.959366743930783232e-06,9.706153103364599565e-06,3.745557040301768398e-06
1.165000000000000000e+03,3.958489687114345055e-06,9.704003050517450330e-06,1.124103710238510326e-05
1.166000000000000000e+03,3.955078825333206875e-06,9.695641524848505342e-06,3.372461442155667293e-06
1.167000000000000000e+03,3.952018319111548824e-06,9.688138875085951958e-06,4.076803496675903843e-08
1.168000000000000000e+03,3.948043784171425647e-06,9.678395538047865901e-06,1.092342021863978839e-08
1.169000000000000000e+03,3.938502386580086744e-06,9.655005366883861174e-06,2.543641126663799379e-06
1.170000000000000000e+03,3.936095972809125358e-06,9.649106186029548604e-06,6.755603995663784935e-07
1.171000000000000000e+03,3.932753007285240208e-06,9.640911104014517229e-06,1.202091416114382787e-06
1.172000000000000000e+03,3.929027681907367028e-06,9.631778689460369959e-06,4.678627918421513484e-06
1.173000000000000000e+03,3.926747626624434169e-06,9.626189268956646507e-06,8.778852953312692208e-06
1.174000000000000000e+03,3.917929382934134476e-06,9.604571866756655090e-06,2.846994643956143244e-07
1.175000000000000000e+03,3.914790976333270689e-06,9.596878248827653941e-06,6.403344895773995069e-06
1.176000000000000000e+03,3.912395596267631627e-06,9.591006116448536032e-06,4.199721256311228517e-06
1.177000000000000000e+03,3.907376443861323505e-06,9.578701961553204097e-06,1.486021206219320267e-05
1.178000000000000000e+03,3.889151114562701224e-06,9.534023646061761534e-06,9.567392165619812053e-07
1.179000000000000000e+03,3.888302891207994137e-06,9.531944276738560479e-06,2.895103381612318860e-07
1.180000000000000000e+03,3.885007952830525242e-06,9.523866930428852453e-06,3.379007794445426455e-08
1.181000000000000000e+03,3.882206758917000435e-06,9.516999969433496951e-06,7.040887394704879234e-06
1.182000000000000000e+03,3.879295010595756143e-06,9.509861990854527253e-06,2.899828137594718229e-08
1.183000000000000000e+03,3.877206066959510980e-06,9.504741069235235907e-06,4.452265672226734852e-07
1.184000000000000000e+03,3.873023114315206167e-06,9.494486808537617642e-06,4.901113721129339049e-06
1.185000000000000000e+03,3.868562498726349197e-06,9.483551873574327666e-06,9.434070152408789648e-08
1.186000000000000000e+03,3.862338688301754647e-06,9.468294570885700892e-06,1.068685921470790967e-06
1.187000000000000000e+03,3.857732267097708407e-06,9.457002202091224164e-06,9.264530301168827322e-07
1.188000000000000000e+03,3.856253064960093874e-06,9.453376025647599619e-06,1.922033489082372065e-06
1.189000000000000000e+03,3.852725298918581450e-06,9.444727916107289865e-06,5.681564008754484052e-07
1.190000000000000000e+03,3.847822994828377903e-06,9.432710207939259365e-06,1.199116059826415111e-06
1.191000000000000000e+03,3.846622489272786424e-06,9.429767239662357076e-06,3.613240457959606687e-06
1.192000000000000000e+03,3.843615051892927307e-06,9.422394685022795222e-06,1.741942645905219034e-06
1.193000000000000000e+03,3.839540718191810551e-06,9.412406697232107274e-06,1.575945060926862468e-07
1.194000000000000000e+03,3.833893801750172723e-06,9.398563615979666386e-06,5.871541679151947251e-06
1.195000000000000000e+03,3.827224599766820987e-06,9.382214462260349852e-06,3.147354212136980324e-08
1.196000000000000000e+03,3.822317056807736394e-06,9.370183911315498027e-06,9.682973316040021097e-07
1.197000000000000000e+03,3.817474763348351104e-06,9.358313315655152835e-06,5.725473062824615770e-06
1.198000000000000000e+03,3.813854100441285496e-06,9.349437474950191392e-06,1.955713436016251072e-07
1.199000000000000000e+03,3.808033771064605328e-06,9.335169282156820694e-06,4.656784095642750033e-07
1.200000000000000000e+03,3.806575941586862943e-06,9.331595499523206771e-06,1.110451424253485116e-07
1.201000000000000000e+03,3.801900508249339514e-06,9.320133951570332639e-06,1.520877094684017900e-06
1.202000000000000000e+03,3.795438617538987727e-06,9.304293009160028618e-06,7.569144990703150024e-06
1.203000000000000000e+03,3.793370913869514277e-06,9.299224156061471517e-06,7.452154289707254701e-08
1.204000000000000000e+03,3.790353455877031032e-06,9.291827036483471105e-06,9.129046973859630235e-06
1.205000000000000000e+03,3.780650657556625282e-06,9.268041200990134490e-06,1.242206004904526741e-05
1.206000000000000000e+03,3.774397825833435813e-06,9.252712754306612207e-06,2.690366944473562199e-07
1.207000000000000000e+03,3.771757742910846565e-06,9.246240747364717339e-06,8.633369252950552610e-08
1.208000000000000000e+03,3.765657778750445514e-06,9.231287046458720694e-06,1.912820707758437505e-06
1.209000000000000000e+03,3.753494639732501674e-06,9.201469831444061525e-06,1.063657834851988062e-05
1.210000000000000000e+03,3.750065807311126265e-06,9.193064251814777232e-06,1.166459261497265194e-06
1.211000000000000000e+03,3.747836055429604481e-06,9.187598147120703125e-06,5.029235777531377366e-06
1.212000000000000000e+03,3.744988468059037165e-06,9.180617455312775526e-06,1.303537008159312545e-05
1.213000000000000000e+03,3.741306020131246376e-06,9.171590152288348069e-06,4.519264166750004378e-06
1.214000000000000000e+03,3.739445722829450009e-06,9.167029743617772963e-06,7.235302625597517889e-06
1.215000000000000000e+03,3.731969746821334561e-06,9.148702831153025783e-06,4.819502909095791348e-08
1.216000000000000000e+03,3.728753342298191312e-06,9.140818005936509900e-06,2.097346037112350286e-06
1.217000000000000000e+03,3.723965930788559000e-06,9.129081950125935520e-06,3.614983809558862110e-07
1.218000000000000000e+03,3.722260091855517775e-06,9.124900186999507470e-06,2.023708491034802241e-06
1.219000000000000000e+03,3.720339424654942870e-06,9.120191785097115397e-06,2.764965962775844108e-08
1.220000000000000000e+03,3.716872334740715230e-06,9.111692419489669819e-06,1.130507465129585255e-05
1.221000000000000000e+03,3.712341073781422446e-06,9.100584301584297163e-06,6.408278312765483379e-07
1.222000000000000000e+03,3.706434620916738260e-06,9.086104982160223687e-06,5.066936039194037149e-06
1.223000000000000000e+03,3.705317154957810975e-06,9.083365580537028426e-06,5.919362597814535659e-07
1.224000000000000000e+03,3.700089125237015690e-06,9.070549375274719763e-06,8.730132781446415029e-07
1.225000000000000000e+03,3.699524882310804503e-06,9.069166167154963949e-06,5.038708028403568463e-06
1.226000000000000000e+03,3.694463531654895706e-06,9.056758565749671366e-06,3.024094437454412686e-08
1.227000000000000000e+03,3.693598433894855389e-06,9.054637829821077734e-06,1.850200366028031009e-06
1.228000000000000000e+03,3.690844732272964778e-06,9.047887293366220390e-06,6.342510288891346422e-07
1.229000000000000000e+03,3.690128249438324645e-06,9.046130878126432454e-06,6.893276409241976831e-08
1.230000000000000000e+03,3.682071647996641870e-06,9.026380596795300420e-06,8.400813840542210475e-07
1.231000000000000000e+03,3.681002945129148367e-06,9.023760735003058932e-06,1.084720726358254704e-07
1.232000000000000000e+03,3.680227374940398766e-06,9.021859470613760614e-06,1.769181074716005310e-06
1.233000000000000000e+03,3.677061075861299372e-06,9.014097475926128106e-06,2.480484441090325479e-06
1.234000000000000000e+03,3.674190757564308325e-06,9.007061060598174146e-06,2.811691304700155547e-08
1.235000000000000000e+03,3.671123316901859033e-06,8.999541411464671641e-06,1.317145043368102179e-06
1.236000000000000000e+03,3.665528617071967983e-06,8.985826336143718025e-06,1.190219525656682883e-06
1.237000000000000000e+03,3.663975641970115338e-06,8.982019309647017332e-06,2.395262675870518403e-07
1.238000000000000000e+03,3.663422002496414591e-06,8.980662095263166022e-06,2.854804427079230865e-06
1.239000000000000000e+03,3.660008685451759262e-06,8.972294550661108768e-06,2.013961793362154684e-05
1.240000000000000000e+03,3.656557702179354511e-06,8.963834669532273731e-06,8.820665836459669157e-07
1.241000000000000000e+03,3.654369095742705512e-06,8.958469430459717111e-06,2.218252251077983902e-06
1.242000000000000000e+03,3.653114241517638462e-06,8.955393229638063728e-06,3.380363131399663653e-06
1.243000000000000000e+03,3.650979825159807847e-06,8.950160834334651173e-06,7.255165166333658629e-06
1.244000000000000000e+03,3.647327444555757192e-06,8.941207239573818811e-06,2.452199201718039956e-06
1.245000000000000000e+03,3.644235996002312302e-06,8.933628736517260527e-06,3.583306268776468851e-05
1.246000000000000000e+03,3.642541928225726986e-06,8.929475829683808112e-06,4.493677014622712904e-06
1.247000000000000000e+03,3.640947659893742083e-06,8.925567575278780085e-06,2.988084338705285762e-06
1.248000000000000000e+03,3.635275404192973464e-06,8.911662376333144461e-06,8.257155586052876183e-07
1.249000000000000000e+03,3.632687653497024497e-06,8.905318658745800460e-06,3.984428988525019012e-06
1.250000000000000000e+03,3.624290406024642201e-06,8.884733303843095125e-06,8.547584365938191742e-07
1.251000000000000000e+03,3.621051399451037350e-06,8.876793071038341194e-06,2.666674499149941088e-06
1.252000000000000000e+03,3.617292699183216996e-06,8.867578839917910569e-06,3.535512632091648909e-06
1.253000000000000000e+03,3.613873834573133394e-06,8.859197695787725000e-06,4.259750536603528335e-06
1.254000000000000000e+03,3.611178091028089814e-06,8.852589240126044952e-06,1.718849457187674871e-06
1.255000000000000000e+03,3.608559811098082250e-06,8.846170681929313678e-06,4.358111112866288875e-06
1.256000000000000000e+03,3.588801909320066108e-06,8.797735355761907925e-06,2.585705155713625084e-07
1.257000000000000000e+03,3.582951995432203507e-06,8.783394638291335156e-06,4.661461941486832795e-07
1.258000000000000000e+03,3.581269897295292927e-06,8.779271074320717011e-06,1.534625988033292765e-06
1.259000000000000000e+03,3.578461258910335942e-06,8.772385863644498191e-06,4.414597411812252163e-06
1.260000000000000000e+03,3.574845057613856981e-06,8.763520960313678158e-06,4.573977667882102805e-06
1.261000000000000000e+03,3.573555702965545144e-06,8.760360183747518538e-06,1.479936259868079107e-06
1.262000000000000000e+03,3.572427879894880042e-06,8.757595392278234259e-06,3.956177829519198651e-07
1.263000000000000000e+03,3.568470119109471318e-06,8.747893176087084672e-06,4.677003371262159467e-07
1.264000000000000000e+03,3.556605819261387171e-06,8.718808547600407494e-06,4.313640549048480889e-06
1.265000000000000000e+03,3.546955002786999613e-06,8.695150142524275247e-06,1.698677863205492091e-06
1.266000000000000000e+03,3.544424193038229866e-06,8.688946012296959990e-06,3.332094994746375984e-07
1.267000000000000000e+03,3.540647580433189001e-06,8.679687870142583099e-06,1.015230760294311065e-05
1.268000000000000000e+03,3.539924069003875328e-06,8.677914224719179563e-06,3.095214098132161839e-06
1.269000000000000000e+03,3.535719543303410314e-06,8.667607078951917944e-06,3.327374493681655497e-06
1.270000000000000000e+03,3.528886039987238150e-06,8.650855150244936290e-06,1.491490416451894139e-07
1.271000000000000000e+03,3.524241137537675451e-06,8.639468446955892911e-06,3.421702032799614302e-06
1.272000000000000000e+03,3.510232589077034498e-06,8.605127319975598669e-06,1.511997213060572426e-06
1.273000000000000000e+03,3.510111152741612364e-06,8.604829625990638458e-06,2.680537053557382458e-06
1.274000000000000000e+03,3.506783426737768502e-06,8.596671902756519994e-06,1.491718538993511794e-06
1.275000000000000000e+03,3.504507412435684381e-06,8.591092388478047313e-06,1.813239228292698013e-06
1.276000000000000000e+03,3.496628157837034228e-06,8.571776862430323187e-06,5.640380059854252429e-07
1.277000000000000000e+03,3.492736333783029456e-06,8.562236286231507306e-06,3.232097102039429608e-06
1.278000000000000000e+03,3.487605868907485662e-06,8.549659255409647758e-06,1.844075878813230942e-07
1.279000000000000000e+03,3.479486831412294217e-06,8.529755915790734387e-06,2.203300121050829658e-06
1.280000000000000000e+03,3.477582532884360540e-06,8.525087640719987292e-06,2.731213573045646712e-07
1.281000000000000000e+03,3.471807394013043759e-06,8.510930229774382483e-06,1.310169487631624770e-06
1.282000000000000000e+03,3.466026905741651478e-06,8.496759705091276647e-06,4.410141256046034202e-07
1.283000000000000000e+03,3.462043033186208958e-06,8.486993477442198808e-06,2.939931486028737796e-06
1.284000000000000000e+03,3.458140125050561248e-06,8.477425729273622117e-06,4.402036369170450829e-07
1.285000000000000000e+03,3.455205471902753332e-06,8.470231600868730634e-06,1.012742493563225551e-07
1.286000000000000000e+03,3.452329733629234236e-06,8.463181898789284683e-06,1.361100428892017804e-07
1.287000000000000000e+03,3.450389441762963821e-06,8.458425388181091796e-06,1.268626252480228037e-06
1.288000000000000000e+03,3.446910908601562962e-06,8.449897970130858360e-06,2.582403102632155160e-07
1.289000000000000000e+03,3.443006199347188264e-06,8.440325806626383526e-06,5.619025077921732915e-06
1.290000000000000000e+03,3.440703414793281760e-06,8.434680666660871902e-06,1.518873277486369624e-06
1.291000000000000000e+03,3.437113344834551286e-06,8.425879822757073758e-06,1.457784907141234731e-06
1.292000000000000000e+03,3.436138048577718368e-06,8.423488941739428761e-06,1.828098179867224072e-06
1.293000000000000000e+03,3.432083496899128002e-06,8.413549448405493954e-06,9.694871753678741950e-07
1.294000000000000000e+03,3.429480979862415151e-06,8.407169532008214278e-06,2.861462446925636738e-06
1.295000000000000000e+03,3.428279325469042090e-06,8.404223747423522189e-06,7.764094069319911956e-06
1.296000000000000000e+03,3.423222299931619562e-06,8.391826748790070722e-06,2.772361539584540245e-07
1.297000000000000000e+03,3.421897391328899685e-06,8.388578813810144391e-06,3.925203761247306417e-07
1.298000000000000000e+03,3.418893183348328260e-06,8.381214175851695622e-06,3.699229863574772309e-07
1.299000000000000000e+03,3.417865059211568834e-06,8.378693790414819620e-06,1.474059044340035871e-05
1.300000000000000000e+03,3.417000868506880434e-06,8.376575278078707870e-06,1.431618828303940291e-06
1.301000000000000000e+03,3.412590502098866753e-06,8.365763526006553125e-06,1.858393945308405355e-06
1.302000000000000000e+03,3.410390914275550261e-06,8.360371366714884086e-06,5.776690296406666926e-07
1.303000000000000000e+03,3.409486588936256622e-06,8.358154466698767106e-06,1.022077895242099266e-06
1.304000000000000000e+03,3.404758449558929448e-06,8.346563713010508111e-06,6.171184024651037101e-06
1.305000000000000000e+03,3.401670318279631921e-06,8.338993342055077366e-06,1.735487976144527486e-06
1.306000000000000000e+03,3.400035113479362896e-06,8.334984734322264406e-06,6.979300418607061593e-06
1.307000000000000000e+03,3.394236733072025110e-06,8.320770348127440799e-06,2.292864663844189384e-06
1.308000000000000000e+03,3.388475544165976160e-06,8.306647134695587160e-06,1.988610015232231360e-06
1.309000000000000000e+03,3.387616010102994364e-06,8.304540037840857372e-06,3.225444486440224916e-06
1.310000000000000000e+03,3.384193698076220622e-06,8.296150442572809298e-06,3.956492522347692225e-07
1.311000000000000000e+03,3.383020088027601491e-06,8.293273407038526934e-06,5.845803305022480705e-07
1.312000000000000000e+03,3.379867118462064490e-06,8.285544088864033285e-06,5.955118953671684837e-06
1.313000000000000000e+03,3.378087795753980645e-06,8.281182184614715709e-06,4.671549735392951049e-06
1.314000000000000000e+03,3.373177429806064000e-06,8.269144713279916482e-06,5.096141787475949794e-06
1.315000000000000000e+03,3.372028201743820910e-06,8.266327448741360074e-06,1.734035843943740245e-05
1.316000000000000000e+03,3.368347314051124269e-06,8.257303970540870683e-06,3.085381934257116042e-07
1.317000000000000000e+03,3.366751108553847942e-06,8.253390967289845771e-06,4.715900320379390026e-08
1.318000000000000000e+03,3.361115238629042561e-06,8.239574965919258163e-06,7.880865765410509876e-06
1.319000000000000000e+03,3.359569917493971003e-06,8.235786702668863198e-06,2.286414359324033229e-05
1.320000000000000000e+03,3.354054121268510411e-06,8.222265054861585507e-06,2.518042259187356544e-07
1.321000000000000000e+03,3.345624441414560192e-06,8.201600193896076710e-06,5.945645891157764555e-07
1.322000000000000000e+03,3.342453456468640790e-06,8.193826712083426527e-06,2.011798936991095894e-07
1.323000000000000000e+03,3.337543144994510313e-06,8.181789374287886120e-06,4.966802124665391292e-07
1.324000000000000000e+03,3.334737097263448230e-06,8.174910514446274650e-06,4.643180458372666456e-06
1.325000000000000000e+03,3.333058820430463861e-06,8.170796318175938233e-06,5.009945269755953912e-07
1.326000000000000000e+03,3.327965210659009794e-06,8.158309635459235642e-06,2.030839226292515407e-07
1.327000000000000000e+03,3.323520090090471860e-06,8.147412685620658603e-06,7.816792749133691357e-07
1.328000000000000000e+03,3.318124015829527762e-06,8.134184529119588427e-06,1.069640594867275736e-06
1.329000000000000000e+03,3.306206651806991038e-06,8.104969816951644159e-06,2.622788171563248619e-06
1.330000000000000000e+03,3.304426551552142171e-06,8.100606006592479190e-06,2.647425514199854316e-06
1.331000000000000000e+03,3.300974712109516692e-06,8.092144026613050503e-06,9.781660096317838115e-10
1.332000000000000000e+03,3.299445313353572794e-06,8.088394796132180022e-06,2.995509653741067563e-06
1.333000000000000000e+03,3.289476671981274738e-06,8.063957262140064919e-06,1.320593415903006796e-05
1.334000000000000000e+03,3.285871039679681933e-06,8.055118268074324553e-06,3.717749372196369289e-06
1.335000000000000000e+03,3.277833407664520999e-06,8.035414489168961590e-06,3.613928555659233211e-07
1.336000000000000000e+03,3.270868813632654568e-06,8.018341199335507217e-06,1.959017198217222581e-06
1.337000000000000000e+03,3.269649820000422552e-06,8.015352908633563927e-06,1.407544672608809507e-06
1.338000000000000000e+03,3.266016732902210655e-06,8.006446610759753403e-06,9.651828867034322056e-06
1.339000000000000000e+03,3.264147530954070863e-06,8.001864372875990811e-06,6.141506947133774756e-06
1.340000000000000000e+03,3.261902174163826446e-06,7.996360013672286561e-06,4.013179588890628074e-06
1.341000000000000000e+03,3.258820085844624778e-06,7.988804456675673661e-06,1.743622268524354383e-07
1.342000000000000000e+03,3.256653796255721140e-06,7.983493926033783991e-06,1.032367300344552911e-06
1.343000000000000000e+03,3.253043973410745523e-06,7.974644659099099637e-06,7.718450822707089971e-06
1.344000000000000000e+03,3.251133761006655198e-06,7.969961886511169082e-06,1.337440071293162375e-07
1.345000000000000000e+03,3.250076241394321491e-06,7.967369439806690399e-06,1.452011759949689970e-06
1.346000000000000000e+03,3.246974463235933623e-06,7.959765614335322976e-06,4.110529075764210895e-07
1.347000000000000000e+03,3.245190905665593631e-06,7.955393328571970469e-06,8.358738495334718513e-07
1.348000000000000000e+03,3.244366871055878352e-06,7.953373256524683891e-06,1.354429572814495469e-06
1.349000000000000000e+03,3.242209971878388327e-06,7.948085745920284819e-06,5.060081747075859228e-07
1.350000000000000000e+03,3.238762383765506701e-06,7.939634187823964640e-06,1.205852894903332717e-07
1.351000000000000000e+03,3.236594884868277521e-06,7.934320692634329092e-06,4.989526243909554621e-07
1.352000000000000000e+03,3.234508953569622335e-06,7.929207155582252193e-06,5.658634690946890952e-09
1.353000000000000000e+03,3.232216927394113674e-06,7.923588389144285241e-06,6.146901413736493568e-07
1.354000000000000000e+03,3.229060660331015125e-06,7.915850987349792493e-06,3.147218851629928399e-08
1.355000000000000000e+03,3.227002542338060895e-06,7.910805632969568783e-06,4.814874290383845784e-08
1.356000000000000000e+03,3.222021611702042046e-06,7.898595176480650048e-06,3.398639901330797027e-06
1.357000000000000000e+03,3.216886723800402380e-06,7.886007302872244021e-06,1.126449992332373825e-06
1.358000000000000000e+03,3.215853771907618787e-06,7.883475082477370003e-06,9.651851993464785927e-08
1.359000000000000000e+03,3.214141863879876850e-06,7.879278441324688196e-06,2.516222161247633648e-07
1.360000000000000000e+03,3.209320560270330526e-06,7.867459301038228417e-06,2.928036255429782903e-07
1.361000000000000000e+03,3.196895750502065526e-06,7.837000615675013154e-06,6.497839823537095548e-07
1.362000000000000000e+03,3.192543142469219342e-06,7.826330454839193308e-06,2.535864347512307222e-06
1.363000000000000000e+03,3.181007941536812235e-06,7.798052592855420171e-06,2.970094987035207216e-06
1.364000000000000000e+03,3.178649518897222399e-06,7.792271059417683028e-06,3.863848960090695211e-07
1.365000000000000000e+03,3.176963695908078980e-06,7.788138364192396610e-06,1.020706953811714635e-07
1.366000000000000000e+03,3.175209570842904817e-06,7.783838230472496891e-06,7.799405958720105681e-08
1.367000000000000000e+03,3.172225156407364484e-06,7.776522115217539096e-06,3.735687491010118860e-08
1.368000000000000000e+03,3.169362170839832621e-06,7.769503675641617921e-06,6.538842285732631774e-07
1.369000000000000000e+03,3.167368972982163974e-06,7.764617469128547313e-06,4.527951850227198937e-07
1.370000000000000000e+03,3.165021921681017012e-06,7.758863811853603873e-06,7.030668567247352560e-06
1.371000000000000000e+03,3.163728227470882022e-06,7.755692397108619667e-06,1.926385465524286707e-06
1.372000000000000000e+03,3.160389736559247879e-06,7.747508284340539350e-06,2.823005158201061676e-06
1.373000000000000000e+03,3.159150879373131964e-06,7.744471299312548696e-06,4.906119592239657646e-07
1.374000000000000000e+03,3.157606311213733281e-06,7.740684881937424873e-06,5.434793908301588375e-07
1.375000000000000000e+03,3.154978512597382534e-06,7.734242989244809866e-06,1.374082334687533231e-06
1.376000000000000000e+03,3.153820786462509211e-06,7.731404892184447946e-06,1.526108387799686211e-07
1.377000000000000000e+03,3.151267805601044632e-06,7.725146410787310725e-06,4.723577118736799421e-06
1.378000000000000000e+03,3.145813269854078332e-06,7.711774939415281881e-06,3.247252835563124051e-07
1.379000000000000000e+03,3.143200521254329602e-06,7.705369940947121501e-06,5.321453462076808690e-06
1.380000000000000000e+03,3.141789226920700484e-06,7.701910236463542354e-06,2.410144582401672929e-06
1.381000000000000000e+03,3.139278425024639488e-06,7.695755154302298253e-06,2.448125264994796221e-06
1.382000000000000000e+03,3.133291271305171915e-06,7.681078001511740206e-06,5.085617982179711876e-06
1.383000000000000000e+03,3.128967203236102557e-06,7.670477804707013353e-06,7.705553605352429144e-07
1.384000000000000000e+03,3.126025863684033443e-06,7.663267284978036206e-06,2.301137918296147218e-07
1.385000000000000000e+03,3.123639859071585615e-06,7.657418135967212502e-06,3.397459337329784642e-08
1.386000000000000000e+03,3.120596251535683843e-06,7.649956912332069950e-06,3.661729234748283710e-06
1.387000000000000000e+03,3.117155256109859212e-06,7.641521515817657667e-06,2.791794599086419907e-06
1.388000000000000000e+03,3.114264523326264953e-06,7.634435055584719461e-06,4.880005697523738142e-07
1.389000000000000000e+03,3.110151433374870733e-06,7.624352059141579924e-06,1.952917736992523071e-06
1.390000000000000000e+03,3.108625209185614613e-06,7.620610610922950485e-06,8.905246939692342713e-06
1.391000000000000000e+03,3.106981209066790226e-06,7.616580441987546970e-06,2.415610290512967450e-06
1.392000000000000000e+03,3.105358880275671394e-06,7.612603399028661810e-06,1.048266211389627661e-05
1.393000000000000000e+03,3.103346011169162367e-06,7.607668969613968875e-06,9.567475625932107532e-06
1.394000000000000000e+03,3.101050664023132911e-06,7.602042062013432804e-06,3.332028620556758233e-06
1.395000000000000000e+03,3.100608391213703086e-06,7.600957856412029180e-06,1.306213904953902502e-05
1.396000000000000000e+03,3.097023718109205855e-06,7.592170242576787264e-06,3.135973592359974652e-06
1.397000000000000000e+03,3.093421931967826554e-06,7.583340677145044178e-06,1.984526664916394154e-05
1.398000000000000000e+03,3.091740757090556626e-06,7.579219376490760072e-06,1.137678355371706508e-06
1.399000000000000000e+03,3.088611885219859024e-06,7.571549132388125936e-06,2.558648593248089104e-06
1.400000000000000000e+03,3.083059137031765926e-06,7.557936899032709243e-06,8.336464325914517555e-06
1.401000000000000000e+03,3.079723636981458882e-06,7.549760118184057374e-06,1.857156343193855253e-06
1.402000000000000000e+03,3.078745621848591548e-06,7.547362572002823279e-06,9.569611218239441038e-07
1.403000000000000000e+03,3.076246909895154257e-06,7.541237127619969251e-06,1.788007463332155013e-06
1.404000000000000000e+03,3.069043505202199384e-06,7.523578407592962424e-06,2.770832538995819246e-06
1.405000000000000000e+03,3.065543071256654989e-06,7.514997301067341975e-06,6.713752151784736807e-07
1.406000000000000000e+03,3.064339828799916833e-06,7.512047623439355027e-06,1.350260631196036408e-05
1.407000000000000000e+03,3.060694267493827236e-06,7.503110745783642391e-06,2.914197640744206084e-08
1.408000000000000000e+03,3.058044938550082623e-06,7.496616072768424268e-06,5.548516432451458189e-06
1.409000000000000000e+03,3.056668061480650084e-06,7.493240740169868725e-06,5.523215750132340504e-07
1.410000000000000000e+03,3.055932208821162216e-06,7.491436840951526940e-06,5.315245822278019021e-06
1.411000000000000000e+03,3.053068838269264020e-06,7.484417457609230122e-06,8.906150910551679731e-06
1.412000000000000000e+03,3.051270124740624385e-06,7.480008017911624426e-06,7.758983780731924332e-07
1.413000000000000000e+03,3.048235445563501404e-06,7.472568681619299282e-06,1.731070904456343605e-06
1.414000000000000000e+03,3.044547366004488754e-06,7.463527572984430430e-06,3.846234549376077105e-06
1.415000000000000000e+03,3.040406676253659909e-06,7.453376917267406278e-06,1.224459498850070063e-07
1.416000000000000000e+03,3.037371740377619469e-06,7.445936951692886543e-06,5.071198746688437613e-07
1.417000000000000000e+03,3.035363526842555342e-06,7.441013935135892709e-06,2.517235488685035141e-06
1.418000000000000000e+03,3.032586006575640458e-06,7.434205008683272963e-06,1.521946184313316449e-06
1.419000000000000000e+03,3.031051189583660703e-06,7.430442495717622970e-06,4.303638251214066955e-06
1.420000000000000000e+03,3.029576991459619815e-06,7.426828586316942707e-06,4.554354574466995241e-06
1.421000000000000000e+03,3.024934928750212110e-06,7.415448844482722297e-06,2.248270351012710739e-07
1.422000000000000000e+03,3.017454643385702188e-06,7.397111367885969487e-06,2.331976104478007059e-07
1.423000000000000000e+03,3.015790553118988993e-06,7.393031949142733465e-06,9.710893037189943436e-07
1.424000000000000000e+03,3.014546996113697987e-06,7.389983442786352614e-06,4.687605760540055452e-07
1.425000000000000000e+03,3.010592386181840756e-06,7.380288950726092977e-06,3.403101198033471861e-07
1.426000000000000000e+03,3.005640733176179807e-06,7.368150266614207132e-06,6.259442329232119715e-07
1.427000000000000000e+03,3.001915383472876059e-06,7.359017792427706249e-06,1.307152132217373595e-06
1.428000000000000000e+03,2.999682016472016560e-06,7.353542825482657802e-06,8.043090963397648569e-07
1.429000000000000000e+03,2.995131543043097558e-06,7.342387609345738144e-06,6.454849365633809812e-07
1.430000000000000000e+03,2.990343639125340117e-06,7.330650346425805208e-06,1.453081477413976709e-06
1.431000000000000000e+03,2.989572808296634508e-06,7.328760700296994513e-06,2.851420421518590195e-06
1.432000000000000000e+03,2.984993542834358245e-06,7.317534902195333004e-06,4.029518069233261892e-07
1.433000000000000000e+03,2.980590215032057308e-06,7.306740404848263147e-06,4.590763643684636073e-06
1.434000000000000000e+03,2.979169117310791940e-06,7.303256667940439146e-06,1.151864646950212794e-06
1.435000000000000000e+03,2.968526825337648340e-06,7.277167719393205265e-06,4.122311699677043693e-07
1.436000000000000000e+03,2.966187952807609065e-06,7.271434111891294787e-06,5.609060340847585984e-06
1.437000000000000000e+03,2.965217951900861895e-06,7.269056212110799929e-06,4.314841059317470212e-06
1.438000000000000000e+03,2.964342532995434238e-06,7.266910174505497083e-06,4.823527221794415285e-06
1.439000000000000000e+03,2.960784630639246905e-06,7.258188187574402529e-06,9.437567448524350813e-07
1.440000000000000000e+03,2.958931036515687726e-06,7.253644211348320134e-06,3.670652377220042010e-06
1.441000000000000000e+03,2.958389891058873645e-06,7.252317625306984103e-06,4.033142217429964847e-07
1.442000000000000000e+03,2.957057948774072446e-06,7.249052447671964532e-06,4.826434372829908089e-07
1.443000000000000000e+03,2.954356889794402380e-06,7.242430961537070849e-06,1.847606976734440617e-07
1.444000000000000000e+03,2.951985170373101557e-06,7.236616831826389964e-06,6.350083277704684605e-07
1.445000000000000000e+03,2.949399543768326451e-06,7.230278321322772565e-06,1.640211402067631132e-07
1.446000000000000000e+03,2.947465353110885235e-06,7.225536767466717449e-06,6.417246370784017311e-07
1.447000000000000000e+03,2.943848522787945754e-06,7.216670322114779315e-06,1.044768846403437187e-07
1.448000000000000000e+03,2.942206296760611807e-06,7.212644502259605490e-06,6.240562391883270356e-07
1.449000000000000000e+03,2.940147890324319488e-06,7.207598440777619113e-06,1.823140662499902829e-06
1.450000000000000000e+03,2.937520852466877866e-06,7.201158413040419139e-06,3.308885438563209677e-06
1.451000000000000000e+03,2.935865961835248817e-06,7.197101546657799416e-06,4.813930168038238391e-06
1.452000000000000000e+03,2.932089383423368221e-06,7.187843488325930040e-06,1.255468134350282970e-06
1.453000000000000000e+03,2.930250355270836814e-06,7.183335219715241683e-06,4.858512947110134139e-08
1.454000000000000000e+03,2.926029440821242154e-06,7.172987897900011693e-06,1.066605932164143769e-06
1.455000000000000000e+03,2.924394624510421513e-06,7.168980242526074800e-06,2.566345260832122480e-07
1.456000000000000000e+03,2.920600999461361864e-06,7.159680395372644061e-06,2.791667127543570017e-06
1.457000000000000000e+03,2.916847112893444399e-06,7.150477964752463924e-06,2.454334280330254860e-08
1.458000000000000000e+03,2.913897190474013545e-06,7.143246404632418352e-06,7.232232308695726464e-06
1.459000000000000000e+03,2.912461525570737306e-06,7.139726957140547192e-06,2.411342593209859958e-06
1.460000000000000000e+03,2.911804453185243321e-06,7.138116183098618610e-06,2.641482979654348853e-06
1.461000000000000000e+03,2.908130277575727216e-06,7.129109159172564266e-06,1.091483795518088787e-08
1.462000000000000000e+03,2.906147063605030711e-06,7.124247427567170405e-06,1.901421003287866927e-07
1.463000000000000000e+03,2.902748824220799723e-06,7.115916844956759748e-06,7.295673462466847251e-06
1.464000000000000000e+03,2.902286263903805728e-06,7.114782905731966251e-06,1.779884913828471605e-06
1.465000000000000000e+03,2.901593131847229518e-06,7.113083733541794348e-06,7.046660819363884589e-07
1.466000000000000000e+03,2.900430618119331806e-06,7.110233899980648541e-06,1.049160035595039825e-06
1.467000000000000000e+03,2.899905106434013819e-06,7.108945639204320325e-06,1.568969089694899825e-06
1.468000000000000000e+03,2.895979363668696607e-06,7.099321913293352203e-06,3.351408515826009991e-07
1.469000000000000000e+03,2.892776001999791255e-06,7.091469061861615566e-06,2.669947926237050267e-06
1.470000000000000000e+03,2.891782099663734556e-06,7.089032569142585397e-06,3.286307745919745455e-06
1.471000000000000000e+03,2.891340131113298016e-06,7.087949109414086126e-06,1.969305789678774161e-06
1.472000000000000000e+03,2.889670665042143533e-06,7.083856512204611673e-06,4.249284441721701625e-06
1.473000000000000000e+03,2.887175138830358562e-06,7.077738877478761984e-06,6.581483678586528689e-06
1.474000000000000000e+03,2.882496703162903852e-06,7.066269969491856169e-06,5.558781111091506475e-06
1.475000000000000000e+03,2.880591251938721431e-06,7.061598868654516751e-06,2.551733866174122963e-07
1.476000000000000000e+03,2.877624870166540223e-06,7.054326959405908795e-06,1.460747613722378196e-08
1.477000000000000000e+03,2.875861175161799121e-06,7.050003365545881900e-06,5.523260391775571440e-06
1.478000000000000000e+03,2.871788372083960380e-06,7.040019129987517360e-06,5.464983990138324641e-06
1.479000000000000000e+03,2.871212546851214025e-06,7.038607528529182173e-06,1.002480807755910496e-06
1.480000000000000000e+03,2.869325346276325901e-06,7.033981168077804416e-06,1.887576558980581059e-06
1.481000000000000000e+03,2.864569747482579780e-06,7.022323099256311875e-06,1.153500673063778886e-06
1.482000000000000000e+03,2.863023295872362050e-06,7.018532064713040876e-06,2.565101698855672186e-07
1.483000000000000000e+03,2.861280951190770525e-06,7.014260809905871609e-06,4.444732201687160779e-06
1.484000000000000000e+03,2.860966810132194206e-06,7.013490711703862922e-06,6.679513087864230994e-06
1.485000000000000000e+03,2.858387091271845375e-06,7.007166683685856093e-06,1.536403499956263464e-06
1.486000000000000000e+03,2.853001020596353055e-06,6.993963050382119307e-06,3.243210033379062069e-06
1.487000000000000000e+03,2.852377509332150886e-06,6.992434549441585411e-06,6.707980247723275299e-07
1.488000000000000000e+03,2.847949011299091880e-06,6.981578348764365934e-06,9.156153778830173962e-07
1.489000000000000000e+03,2.845167831592966870e-06,6.974760451413230439e-06,7.971877433208779696e-06
1.490000000000000000e+03,2.844727693850977188e-06,6.973681479803220253e-06,1.722512069762755152e-06
1.491000000000000000e+03,2.841413384455510891e-06,6.965556646590023167e-06,3.480225165690792810e-07
1.492000000000000000e+03,2.840807919751724807e-06,6.964072385723651632e-06,6.187159462791420725e-07
1.493000000000000000e+03,2.837883893386354053e-06,6.956904308246598610e-06,6.355804839953325067e-06
1.494000000000000000e+03,2.834986460419231307e-06,6.949801422910518290e-06,5.351456629585469634e-06
1.495000000000000000e+03,2.833325442858631167e-06,6.945729536724356149e-06,5.745355800713858611e-08
1.496000000000000000e+03,2.831566647950673308e-06,6.941417955161414154e-06,6.429026665527014413e-07
1.497000000000000000e+03,2.828589519134316239e-06,6.934119700170437554e-06,1.357043103532334069e-07
1.498000000000000000e+03,2.824633513635522832e-06,6.924421786960477951e-06,3.936358185447896152e-06
1.499000000000000000e+03,2.816275785879400379e-06,6.903933312301868790e-06,2.424949898605406019e-06
1.500000000000000000e+03,2.812589561315041315e-06,6.894896751076542568e-06,1.937110072986983393e-07
1.501000000000000000e+03,2.811828110943048393e-06,6.893030100581862754e-06,4.209192188007524521e-06
1.502000000000000000e+03,2.809412440968477109e-06,6.887108228692542904e-06,9.248421091695003874e-07
1.503000000000000000e+03,2.807934924282749649e-06,6.883486184034409125e-06,9.011360132612938911e-06
1.504000000000000000e+03,2.801611560920236498e-06,6.867984833213892412e-06,9.563102036464423238e-07
1.505000000000000000e+03,2.800159661102449048e-06,6.864425586790510585e-06,9.444287901745109038e-06
1.506000000000000000e+03,2.794440151717980641e-06,6.850404548237596625e-06,2.886472916477547886e-07
1.507000000000000000e+03,2.792203426087387187e-06,6.844921347810649422e-06,5.786429094291365003e-06
1.508000000000000000e+03,2.788744720756344192e-06,6.836442536512356279e-06,2.841259225462299585e-06
1.509000000000000000e+03,2.786814277668718279e-06,6.831710169601776356e-06,9.901214957791432546e-07
1.510000000000000000e+03,2.786218145298299347e-06,6.830248786398002991e-06,1.360784598450914168e-06
1.511000000000000000e+03,2.781882267502629501e-06,6.819619638747874380e-06,1.473848818010391645e-06
1.512000000000000000e+03,2.780752579276475948e-06,6.816850274960363990e-06,7.637132086843883718e-07
1.513000000000000000e+03,2.775822895368918745e-06,6.804765446791493702e-06,1.269823137931969335e-05
1.514000000000000000e+03,2.774172006208289150e-06,6.800718389778066319e-06,9.250958965138229146e-06
1.515000000000000000e+03,2.770050752672593745e-06,6.790615380791449942e-06,1.040453944274018165e-06
1.516000000000000000e+03,2.765722767413708412e-06,6.780005581227861298e-06,5.727801257635968680e-07
1.517000000000000000e+03,2.762754674640348174e-06,6.772729477561186075e-06,1.679524339401342485e-06
1.518000000000000000e+03,2.761812716385881885e-06,6.770420322682103174e-06,7.290492656854182279e-07
1.519000000000000000e+03,2.760132227440096467e-06,6.766300703548233209e-06,7.532652495192770346e-07
1.520000000000000000e+03,2.757486185981437630e-06,6.759814089608021242e-06,1.049148607906341212e-06
1.521000000000000000e+03,2.754314332853613906e-06,6.752038479498845904e-06,1.846536308480883491e-06
1.522000000000000000e+03,2.752231489646289391e-06,6.746932512719793278e-06,1.799111163668091524e-06
1.523000000000000000e+03,2.747939970726251050e-06,6.736412108226390603e-06,3.996705966058376701e-06
1.524000000000000000e+03,2.744010509328696865e-06,6.726779266308706747e-06,4.216115270743633601e-07
1.525000000000000000e+03,2.743705083338294795e-06,6.726030532580230130e-06,8.616169262273042840e-07
1.526000000000000000e+03,2.738224412213264613e-06,6.712594991876586823e-06,4.506520157438397284e-06
1.527000000000000000e+03,2.736099790992411146e-06,6.707386608771416682e-06,2.210098164538006034e-06
1.528000000000000000e+03,2.733888734807098088e-06,6.701966335469458606e-06,5.444623167958934688e-06
1.529000000000000000e+03,2.731655988515135417e-06,6.696492890155513138e-06,5.217063953195731094e-06
1.530000000000000000e+03,2.726550026048259340e-06,6.683975925537496293e-06,5.898879195156845292e-07
1.531000000000000000e+03,2.724865974659652717e-06,6.679847573286014724e-06,3.071319639605952458e-06
1.532000000000000000e+03,2.723640721870421933e-06,6.676843938631349668e-06,1.152693044019566631e-06
1.533000000000000000e+03,2.721735138991827205e-06,6.672172515051014863e-06,6.389634871574988368e-07
1.534000000000000000e+03,2.718015764251054711e-06,6.663054688131327962e-06,5.181832425603271769e-07
1.535000000000000000e+03,2.713398290572500757e-06,6.651735224850110288e-06,3.690340030935182183e-06
1.536000000000000000e+03,2.712378661967835998e-06,6.649235665707069117e-06,4.429388930377134402e-06
1.537000000000000000e+03,2.707513606788576590e-06,6.637309271038377610e-06,7.236343555396629785e-08
1.538000000000000000e+03,2.704718440896822915e-06,6.630457087381419952e-06,1.082758476330792167e-06
1.539000000000000000e+03,2.703330318669552959e-06,6.627054187944352355e-06,4.777668108555035860e-07
1.540000000000000000e+03,2.701730359284924961e-06,6.623131982260787394e-06,8.260760517834775949e-07
1.541000000000000000e+03,2.696971196615575569e-06,6.611465176809301890e-06,1.915183891372530603e-06
1.542000000000000000e+03,2.696644075548737216e-06,6.610663258885700421e-06,1.162501104376856891e-06
1.543000000000000000e+03,2.696131700031245896e-06,6.609407200646890552e-06,3.702261908541341720e-06
1.544000000000000000e+03,2.693730099008921543e-06,6.603519817960856134e-06,3.592592553403608348e-06
1.545000000000000000e+03,2.692866123615431816e-06,6.601401833447397082e-06,1.969144611619914258e-06
1.546000000000000000e+03,2.684414838079867069e-06,6.580684007432874976e-06,2.879009735890016310e-07
1.547000000000000000e+03,2.680229282867677577e-06,6.570423366694208797e-06,2.961554968634111167e-07
1.548000000000000000e+03,2.673557407441205788e-06,6.554067659187401125e-06,4.120321535885423070e-06
1.549000000000000000e+03,2.670774657774001116e-06,6.547245913169650294e-06,2.298110946934148770e-06
1.550000000000000000e+03,2.662134377274734685e-06,6.526064777193689857e-06,3.260785289831202406e-06
1.551000000000000000e+03,2.659884177325138074e-06,6.520548545271640814e-06,8.643617314387213113e-06
1.552000000000000000e+03,2.657635661666044721e-06,6.515036442288019302e-06,2.265939259281434729e-06
1.553000000000000000e+03,2.654687963982196780e-06,6.507810335975509723e-06,6.291168476491578539e-06
1.554000000000000000e+03,2.653495681657840502e-06,6.504887526463009420e-06,2.808909774742754296e-06
1.555000000000000000e+03,2.649203291803015774e-06,6.494364986924554106e-06,9.533181753460049253e-07
1.556000000000000000e+03,2.645452711911540437e-06,6.485170662425854134e-06,2.754322933096547894e-07
1.557000000000000000e+03,2.643072826271615987e-06,6.479336513713812187e-06,5.013307706235817923e-06
1.558000000000000000e+03,2.640899768884263006e-06,6.474009392214805390e-06,2.647725554379588734e-07
1.559000000000000000e+03,2.637789631560828292e-06,6.466385074745346113e-06,1.446280786923036787e-06
1.560000000000000000e+03,2.636631658571281528e-06,6.463546372535370675e-06,1.661348473371872084e-06
1.561000000000000000e+03,2.634583785444273959e-06,6.458526132837325534e-06,1.316102258545142912e-06
1.562000000000000000e+03,2.630491331565509744e-06,6.448493724504191138e-06,1.703999768037719930e-07
1.563000000000000000e+03,2.628292950700546162e-06,6.443104523999451212e-06,2.370504847372879479e-07
1.564000000000000000e+03,2.622452520675486769e-06,6.428787055656916741e-06,5.365643449108880249e-07
1.565000000000000000e+03,2.619816395119040914e-06,6.422324749963770393e-06,8.150826672296571581e-07
1.566000000000000000e+03,2.615170077971045081e-06,6.410934578625294721e-06,9.800329761104404874e-08
1.567000000000000000e+03,2.609765401229523213e-06,6.397685333652517562e-06,1.181228011961157383e-06
1.568000000000000000e+03,2.606456581382070192e-06,6.389573957741190318e-06,7.990215042289885218e-08
1.569000000000000000e+03,2.602370869500508332e-06,6.379558077014944359e-06,7.581654287968326435e-08
1.570000000000000000e+03,2.599509391750119808e-06,6.372543333763459528e-06,3.545176606401713642e-07
1.571000000000000000e+03,2.596181257762416796e-06,6.364384610381071942e-06,8.243496370728936702e-08
1.572000000000000000e+03,2.591919695709198760e-06,6.353937643372666251e-06,1.163416780715872057e-06
1.573000000000000000e+03,2.589573840016362268e-06,6.348186917060693646e-06,9.753790031359504551e-07
1.574000000000000000e+03,2.587125670407375330e-06,6.342185374242197759e-06,4.204468844710675886e-07
1.575000000000000000e+03,2.582552215770094022e-06,6.330973821033899782e-06,1.485963662146980700e-07
1.576000000000000000e+03,2.574995706089685758e-06,6.312449485040642917e-06,1.376972314022823783e-06
1.577000000000000000e+03,2.566829714408699046e-06,6.292431040015828544e-06,2.416408473386727175e-07
1.578000000000000000e+03,2.554093668520578972e-06,6.261209377735853842e-06,1.669192595188442355e-07
1.579000000000000000e+03,2.550112061174764465e-06,6.251448703114035349e-06,8.569998660824669504e-09
1.580000000000000000e+03,2.545504316763734889e-06,6.240153090555996525e-06,2.038469978792613080e-07
1.581000000000000000e+03,2.540864844345571282e-06,6.228779698667366483e-06,8.483583361396537565e-09
1.582000000000000000e+03,2.533783844438835107e-06,6.211421046725097312e-06,3.760641274731349051e-07
1.583000000000000000e+03,2.531258549217926013e-06,6.205230435036268126e-06,7.072661195950216765e-08
1.584000000000000000e+03,2.529722554185080058e-06,6.201465034173196898e-06,1.573781906375899120e-07
1.585000000000000000e+03,2.526602869970058776e-06,6.193817313064370598e-06,1.278504821309890112e-06
1.586000000000000000e+03,2.520038628631572281e-06,6.177725464150285873e-06,3.951982546796573103e-06
1.587000000000000000e+03,2.512750078247966211e-06,6.159858014504882927e-06,1.993107489664753980e-06
1.588000000000000000e+03,2.507388018773562863e-06,6.146713243238698781e-06,6.837222086177794034e-08
1.589000000000000000e+03,2.505346260050748771e-06,6.141707992640445189e-06,5.810754631470967663e-07
1.590000000000000000e+03,2.496670151447208403e-06,6.120439026188558632e-06,2.926189554701066773e-07
1.591000000000000000e+03,2.487387775023657541e-06,6.097683830078434485e-06,6.096074315371596175e-07
1.592000000000000000e+03,2.486952527744149705e-06,6.096616847147590427e-06,1.568772802129108929e-06
1.593000000000000000e+03,2.485211415824381964e-06,6.092348614383029620e-06,9.908976206329161022e-07
1.594000000000000000e+03,2.484394400528365494e-06,6.090345749767600517e-06,5.953210585262288398e-07
1.595000000000000000e+03,2.479636825958350452e-06,6.078682837447586848e-06,8.797429949255518655e-07
1.596000000000000000e+03,2.471687167976669347e-06,6.059194721675574164e-06,1.157830916452647922e-06
1.597000000000000000e+03,2.468928395216091625e-06,6.052431753624532797e-06,3.294704415376615422e-06
1.598000000000000000e+03,2.463610069685146324e-06,6.039394193530859841e-06,4.923404212314117490e-07
1.599000000000000000e+03,2.455404987630483272e-06,6.019279920769866676e-06,4.548507692634270979e-07
1.600000000000000000e+03,2.444284181850524146e-06,5.992017923962290712e-06,2.912571916782945219e-06
1.601000000000000000e+03,2.425846193264654479e-06,5.946818286821612660e-06,7.366042627917422036e-08
1.602000000000000000e+03,2.422905108107060753e-06,5.939608390725627718e-06,4.395605169474165348e-07
1.603000000000000000e+03,2.409939707169423254e-06,5.907824478123917177e-06,6.377804999398152896e-07
1.604000000000000000e+03,2.402485544505125925e-06,5.889551039779777966e-06,1.632853793137668749e-06
1.605000000000000000e+03,2.392815076330985999e-06,5.865844459725455175e-06,3.692979633248558606e-06
1.606000000000000000e+03,2.384004700121034300e-06,5.844246344187631632e-06,2.344710358288860375e-07
1.607000000000000000e+03,2.357361717129757416e-06,5.778932649152920801e-06,3.878910979534212193e-06
1.608000000000000000e+03,2.324144951772836691e-06,5.697503715941057953e-06,3.436930199673033784e-06
1.609000000000000000e+03,2.319252581696771643e-06,5.685510360420406509e-06,4.646724266188191720e-06
1.610000000000000000e+03,2.311951033099590099e-06,5.667611046424162973e-06,2.942943784859192346e-06
1.611000000000000000e+03,2.305193429067392650e-06,5.651045180317173784e-06,5.589204731959890244e-07
1.612000000000000000e+03,2.286409078288093628e-06,5.604996456770495446e-06,5.526723152897114702e-06
1.613000000000000000e+03,2.282350318247887939e-06,5.595046646887275290e-06,1.411813319114442610e-05
1.614000000000000000e+03,2.266987911562686043e-06,5.557386616643477466e-06,5.875936265118818906e-06
1.615000000000000000e+03,2.263155457239673778e-06,5.547991581824378974e-06,3.208498404442458776e-07
1.616000000000000000e+03,2.259818502620286821e-06,5.539811235185766269e-06,9.204439915932648042e-06
1.617000000000000000e+03,2.252494526186266226e-06,5.521856940675664304e-06,4.602478840963043729e-07
1.618000000000000000e+03,2.239900900756940639e-06,5.490984413716439656e-06,3.694516446638899161e-07
1.619000000000000000e+03,2.235115008009175289e-06,5.479252081060643665e-06,1.616628828531889338e-06
1.620000000000000000e+03,2.227747840397678766e-06,5.461191905936693161e-06,1.826570736118869586e-06
1.621000000000000000e+03,2.222978911755266653e-06,5.449501159780574480e-06,1.238692117115933386e-07
1.622000000000000000e+03,2.215016707642378892e-06,5.429982287910876692e-06,9.252762403555067724e-07
1.623000000000000000e+03,2.205146266106471807e-06,5.405785485002386676e-06,2.047928030617885279e-06
1.624000000000000000e+03,2.198775813968523576e-06,5.390168698837436308e-06,4.302974500972808302e-07
1.625000000000000000e+03,2.191629618161077273e-06,5.372650223005406392e-06,4.287535583179228719e-07
1.626000000000000000e+03,2.184971605840510432e-06,5.356328500081766961e-06,1.614241584461800652e-08
1.627000000000000000e+03,2.183229724349966856e-06,5.352058380760022522e-06,5.326264342628568298e-07
1.628000000000000000e+03,2.160544903470336902e-06,5.296447885743969129e-06,2.030077229937146596e-07
1.629000000000000000e+03,2.154908660866377036e-06,5.282630970772502883e-06,9.591941902431646904e-07
1.630000000000000000e+03,2.145364717042198810e-06,5.259234557669478190e-06,2.748732220711291289e-07
1.631000000000000000e+03,2.133380403642441816e-06,5.229855723067946551e-06,1.295930689789324112e-07
1.632000000000000000e+03,2.127713943561153235e-06,5.215964731740255740e-06,9.425699141379203446e-08
1.633000000000000000e+03,2.120364762927259599e-06,5.197948650626729744e-06,1.304084331326165616e-08
1.634000000000000000e+03,2.113758314373197391e-06,5.181753333223126374e-06,2.674689146832776856e-07
1.635000000000000000e+03,2.106953094032433531e-06,5.165070738555473458e-06,9.607353883226545277e-08
1.636000000000000000e+03,2.100322127371059236e-06,5.148815316463730018e-06,3.301958940382371453e-07
1.637000000000000000e+03,2.090304661911976224e-06,5.124258093114170438e-06,1.736770255103271983e-07
1.638000000000000000e+03,2.079464290974536828e-06,5.097683565715985845e-06,4.440454595153165818e-07
1.639000000000000000e+03,2.072614770015099918e-06,5.080892370705089692e-06,2.154159182804036084e-07
1.640000000000000000e+03,2.068786926664477234e-06,5.071508639411747118e-06,3.057199218444352480e-07
1.641000000000000000e+03,2.049289901436278839e-06,5.023712836657396082e-06,4.335481892065844631e-07
1.642000000000000000e+03,2.043517643721241087e-06,5.009562488695789019e-06,3.635295536159141775e-07
1.643000000000000000e+03,2.037383106855501253e-06,4.994524034850012744e-06,1.326517432637871129e-06
1.644000000000000000e+03,2.033502038521184956e-06,4.985009825661071187e-06,3.681810158637985695e-07
1.645000000000000000e+03,1.993705153997862857e-06,4.887450119980258744e-06,2.205935808459611306e-06
1.646000000000000000e+03,1.989622672881628369e-06,4.877442159283890109e-06,1.444932516280371641e-07
1.647000000000000000e+03,1.980250188534482085e-06,4.854466068935165887e-06,9.514648275437058544e-08
1.648000000000000000e+03,1.973325976561548556e-06,4.837491773327802989e-06,2.378027956036721965e-06
1.649000000000000000e+03,1.954592128320289122e-06,4.791566853762422757e-06,4.339252715292948677e-06
1.650000000000000000e+03,1.948902109750215402e-06,4.777618110194583428e-06,5.736934737447124326e-06
1.651000000000000000e+03,1.935358387188653361e-06,4.744416476379396960e-06,2.822344471567489674e-05
1.652000000000000000e+03,1.932903447283465148e-06,4.738398336580692884e-06,1.740017930955081206e-06
1.653000000000000000e+03,1.904538511766531761e-06,4.668863376901485748e-06,1.145184244527758107e-05
1.654000000000000000e+03,1.903824193510230704e-06,4.667112267997312148e-06,4.371089783205056467e-07
1.655000000000000000e+03,1.868031358913039454e-06,4.579368253594937810e-06,3.163023278559073816e-07
1.656000000000000000e+03,1.858636930635868487e-06,4.556338369001253246e-06,8.806827200485945021e-06
1.657000000000000000e+03,1.843224093441917876e-06,4.518554711351697359e-06,8.372186154096317081e-05
1.658000000000000000e+03,1.837255259839393117e-06,4.503922469242926789e-06,4.498750620698563258e-07
1.659000000000000000e+03,1.824591251806400770e-06,4.472877403498794267e-06,3.427979435986742227e-06
1.660000000000000000e+03,1.822756068062295278e-06,4.468378559227699510e-06,1.992932865531061397e-06
1.661000000000000000e+03,1.801713050903462869e-06,4.416792848807355490e-06,1.160077541484249955e-05
1.662000000000000000e+03,1.800354514827945815e-06,4.413462478069250679e-06,5.486623584748957665e-07
1.663000000000000000e+03,1.790286036679357474e-06,4.388780200132284080e-06,6.589513624947009357e-07
1.664000000000000000e+03,1.786517747843604018e-06,4.379542463205390813e-06,3.154390679352046579e-07
1.665000000000000000e+03,1.772540837909099268e-06,4.345278896198320299e-06,2.828270530094279979e-06
1.666000000000000000e+03,1.769336064962219584e-06,4.337422585102204105e-06,9.713812823683764316e-05
1.667000000000000000e+03,1.751854901153889685e-06,4.294568547241544863e-06,6.813262797093174358e-07
1.668000000000000000e+03,1.749615530901491823e-06,4.289078863680856334e-06,1.259351123414518213e-04
1.669000000000000000e+03,1.692339185945027069e-06,4.148669295862783401e-06,1.628889393146737173e-06
1.670000000000000000e+03,1.691705053188430579e-06,4.147114756962637933e-06,1.153615667453996353e-06
1.671000000000000000e+03,1.659674091138102265e-06,4.068592750334907148e-06,8.728161034458269843e-06
1.672000000000000000e+03,1.647701179207281091e-06,4.039241865759289591e-06,1.867263080514692083e-05
1.673000000000000000e+03,1.638761946501659402e-06,4.017327866153072965e-06,1.231974050222467351e-05
1.674000000000000000e+03,1.545840474506803479e-06,3.789536380265943499e-06,7.399475933536734172e-06
1.675000000000000000e+03,1.541660574273619931e-06,3.779289602373428604e-06,2.468606175691239047e-06
1.676000000000000000e+03,1.538747995352396534e-06,3.772149587627797788e-06,1.967904467133540632e-05
1.677000000000000000e+03,1.535372488953414663e-06,3.763874733584502083e-06,8.365808513935357944e-05
1.678000000000000000e+03,1.531693888409826245e-06,3.754856862194608619e-06,1.486116300986697345e-06
1.679000000000000000e+03,1.531117426223124726e-06,3.753443699281372219e-06,3.628429325068985826e-05
1.680000000000000000e+03,1.492808029224686853e-06,3.659530481180423310e-06,2.389288701209899219e-05
1.681000000000000000e+03,1.483828582994599015e-06,3.637517900500378820e-06,1.045497455876039597e-05
1.682000000000000000e+03,1.481927485921654874e-06,3.632857473606952237e-06,6.041544789233015459e-05
1.683000000000000000e+03,1.416857632871976356e-06,3.473342582221417742e-06,4.676764796759996544e-06
1.684000000000000000e+03,1.398840355059446269e-06,3.429174292627548128e-06,1.763469166927937398e-06
1.685000000000000000e+03,1.375824845359281988e-06,3.372753133550986308e-06,1.572289106896960291e-06
1.686000000000000000e+03,1.364424025436670075e-06,3.344804698654828925e-06,3.350409630767662284e-06
1.687000000000000000e+03,1.355130536508556223e-06,3.322022260897839237e-06,1.056284887474464101e-06
1.688000000000000000e+03,1.354138113834464631e-06,3.319589395482492536e-06,1.036286359836230628e-05
1.689000000000000000e+03,1.311684686206796961e-06,3.215517331698962949e-06,1.580249789394041641e-06
1.690000000000000000e+03,1.307343201961342449e-06,3.204874440169194874e-06,2.017482913055686622e-08
1.691000000000000000e+03,1.305216284467875805e-06,3.199660427887696206e-06,3.085470460555707329e-06
1.692000000000000000e+03,1.302962352915947836e-06,3.194135048163513910e-06,1.245911386484118775e-05
1.693000000000000000e+03,1.293789294027799330e-06,3.171647837517763756e-06,1.725001781855613077e-07
1.694000000000000000e+03,1.292457295978605224e-06,3.168382523179636888e-06,5.361111909707328743e-07
1.695000000000000000e+03,1.289457341661294341e-06,3.161028312824773022e-06,1.392773580399906523e-05
1.696000000000000000e+03,1.288228361726740795e-06,3.158015541294066575e-06,1.979279170074477363e-05
1.697000000000000000e+03,1.272368693022379167e-06,3.119136502657613067e-06,3.907405845208828333e-06
1.698000000000000000e+03,1.265920533013074665e-06,3.103329220247808501e-06,1.544967257175984212e-05
1.699000000000000000e+03,1.253980871764270992e-06,3.074059847750087975e-06,3.968863926602943495e-06
1.700000000000000000e+03,1.253161878806500001e-06,3.072052135013982289e-06,3.413814475849995706e-05
1.701000000000000000e+03,1.224494137007878783e-06,3.001774863667075481e-06,1.490938734261851782e-05
1.702000000000000000e+03,1.216691468392266572e-06,2.982647083621430218e-06,4.085248579704227861e-06
1.703000000000000000e+03,1.214669996255949847e-06,2.977691564388625691e-06,2.673051009972686568e-05
1.704000000000000000e+03,1.201100805707824654e-06,2.944427497312566839e-06,4.936088679685432153e-07
1.705000000000000000e+03,1.199594745717563767e-06,2.940735480433672844e-06,2.791227844757509962e-05
1.706000000000000000e+03,1.193596523638891628e-06,2.926031194215979737e-06,1.315454175383069808e-05
1.707000000000000000e+03,4.916108325060189584e-07,1.205154843231003150e-06,8.305689530458466970e-13
1.708000000000000000e+03,4.901519477482885465e-07,1.201578473640991769e-06,3.156900707585511683e-10
1.709000000000000000e+03,4.860297653330971488e-07,1.191473187561298222e-06,1.054206751932915761e-13
1.710000000000000000e+03,4.807863477326902122e-07,1.178619259823374166e-06,1.249250600769977597e-05
1.711000000000000000e+03,4.805401964545110072e-07,1.178015834541728006e-06,1.279471206105096403e-08
1.712000000000000000e+03,4.730448881068663906e-07,1.159641529991465684e-06,2.972209483352408186e-12
1.713000000000000000e+03,4.360484839582667894e-07,1.068947036107890604e-06,3.380575760935527011e-13
1.714000000000000000e+03,4.266454250162529208e-07,1.045895993950442103e-06,2.213396314632840752e-11
1.715000000000000000e+03,4.087868777152817866e-07,1.002116822805811390e-06,4.958198456985991805e-06
1.716000000000000000e+03,3.939440409187259580e-07,9.657304873756668138e-07,4.344690670532212653e-13
1.717000000000000000e+03,3.854390550409390104e-07,9.448810181522629749e-07,1.161577699102484670e-12
1.718000000000000000e+03,3.705296792828284537e-07,9.083315663982317967e-07,1.704355772031926346e-15
1.719000000000000000e+03,3.695909870891486259e-07,9.060304180737540190e-07,3.712283496698883746e-12
1.720000000000000000e+03,3.675764753233061609e-07,9.010919617769815198e-07,4.877761819607741865e-14
1.721000000000000000e+03,3.537850926902817488e-07,8.672832039627650637e-07,2.891654912294910733e-06
1.722000000000000000e+03,3.526797784612824377e-07,8.645735915858767766e-07,1.595265745650482614e-09
1.723000000000000000e+03,3.474548966074301732e-07,8.517651031329647776e-07,1.609326121056536038e-13
1.724000000000000000e+03,3.342575201791516839e-07,8.194125163532831731e-07,1.608658202678725696e-07
1.725000000000000000e+03,3.299440022853302086e-07,8.088381826784064799e-07,5.057778715817547541e-13
1.726000000000000000e+03,3.155437823357839638e-07,7.735368962374188816e-07,3.300884680681664762e-13
1.727000000000000000e+03,3.008514451674829757e-07,7.375195017335171310e-07,1.820689669450387881e-11
1.728000000000000000e+03,2.989313350891902559e-07,7.328124655834079221e-07,1.329650959968682977e-13
1.729000000000000000e+03,2.968634099430498004e-07,7.277430695479171247e-07,7.007532304108368293e-11
1.730000000000000000e+03,2.914245688307519138e-07,7.144100726433596391e-07,9.634126996565897387e-14
1.731000000000000000e+03,2.894996969963825383e-07,7.096913633302143835e-07,2.413785293080289765e-08
1.732000000000000000e+03,2.842639837878765647e-07,6.968563224527898330e-07,2.900166545997041081e-14
1.733000000000000000e+03,2.841850841125608455e-07,6.966629045711060803e-07,3.794605417895412673e-11
1.734000000000000000e+03,2.770925294576404835e-07,6.792759268479224611e-07,7.050577920776789040e-12
1.735000000000000000e+03,2.738690873115465796e-07,6.713738493155026686e-07,5.978637136996447712e-07
1.736000000000000000e+03,2.738144364869536688e-07,6.712398760553754613e-07,3.292809645190859101e-10
1.737000000000000000e+03,2.720855429148643233e-07,6.670015958465907887e-07,1.936700734546359155e-13
1.738000000000000000e+03,2.622240613291641392e-07,6.428267577254343613e-07,2.166099265818916396e-14
1.739000000000000000e+03,2.620968507998556005e-07,6.425149086461033553e-07,2.935229121988182559e-14
1.740000000000000000e+03,2.548074130651754556e-07,6.246452837120899713e-07,1.671457216192349707e-08
1.741000000000000000e+03,2.520735262807759494e-07,6.179433221579292599e-07,1.252516797353888973e-11
1.742000000000000000e+03,2.519241302858347570e-07,6.175770867233988729e-07,5.820667560723342951e-14
1.743000000000000000e+03,2.434774260558963797e-07,5.968704915083200935e-07,2.786231225380933064e-12
1.744000000000000000e+03,2.309036650526406260e-07,5.660466610132560928e-07,4.880639386622542989e-15
1.745000000000000000e+03,2.275187453902306617e-07,5.577487309121099860e-07,2.305316787394029340e-14
1.746000000000000000e+03,2.258383465564913271e-07,5.536293326825847568e-07,7.382935547925468322e-11
1.747000000000000000e+03,2.253863424656032120e-07,5.525212714209620127e-07,8.754944571511663911e-12
1.748000000000000000e+03,2.171959772959668419e-07,5.324430762320939722e-07,1.599879862329809221e-13
1.749000000000000000e+03,2.146771535002004671e-07,5.262683288587715897e-07,2.626644075957159011e-14
1.750000000000000000e+03,2.085561629975463976e-07,5.112630831198991021e-07,4.726931434112895519e-07
1.751000000000000000e+03,2.018138424061936629e-07,4.947346834630722018e-07,2.617088859727690640e-15
1.752000000000000000e+03,1.971381554230216819e-07,4.832725137129113376e-07,7.760779512484519785e-11
1.753000000000000000e+03,1.949171980479800237e-07,4.778279682306710253e-07,4.764386499318928896e-10
1.754000000000000000e+03,1.919065529983125968e-07,4.704475501785286451e-07,3.086405282188987978e-06
1.755000000000000000e+03,1.916310242807051685e-07,4.697721078438243042e-07,7.987502751246011091e-12
1.756000000000000000e+03,1.908411785190537882e-07,4.678358477329407943e-07,4.426087908038440799e-12
1.757000000000000000e+03,1.831837592253730014e-07,4.490641377985040980e-07,3.265474674776991917e-14
1.758000000000000000e+03,1.828709835923794149e-07,4.482973868564522759e-07,1.517549391536989796e-10
1.759000000000000000e+03,1.784838247491886995e-07,4.375425267551336745e-07,7.686662042792065517e-08
1.760000000000000000e+03,1.777459681581360471e-07,4.357337150172309541e-07,5.853386984134362727e-14
1.761000000000000000e+03,1.752631719750512411e-07,4.296472872028815347e-07,6.062204061809894615e-14
1.762000000000000000e+03,1.734057866249204497e-07,4.250940170093712186e-07,5.207871690203576603e-09
1.763000000000000000e+03,1.732996003375341342e-07,4.248337076140798552e-07,1.671189374090447955e-07
1.764000000000000000e+03,1.714183191867938193e-07,4.202218582804585416e-07,1.637434520843919555e-11
1.765000000000000000e+03,1.657124019834100633e-07,4.062341401545589901e-07,5.494007543626342737e-14
1.766000000000000000e+03,1.623069714363808919e-07,3.978859288344010626e-07,1.358973778679783079e-15
1.767000000000000000e+03,1.599277728618231959e-07,3.920534644224183872e-07,3.668096942380748448e-12
1.768000000000000000e+03,1.580725992691100336e-07,3.875056162212395920e-07,1.211162483685888859e-12
1.769000000000000000e+03,1.568966106556556666e-07,3.846227497761196982e-07,3.650186163152873983e-14
1.770000000000000000e+03,1.554870296414647682e-07,3.811672453936815147e-07,2.696006461983416928e-14
1.771000000000000000e+03,1.524319078474436572e-07,3.736777952366204440e-07,2.864380087967405675e-07
1.772000000000000000e+03,1.520994716078703414e-07,3.728628474818181444e-07,8.136698591351364288e-13
1.773000000000000000e+03,1.519240664307576580e-07,3.724328520774297463e-07,1.283242634851459723e-09
1.774000000000000000e+03,1.497822814374027824e-07,3.671823930003923697e-07,1.275451028027909406e-14
1.775000000000000000e+03,1.297488042734868578e-07,3.180715100937278619e-07,2.206710931593367607e-11
1.776000000000000000e+03,1.258249393237325717e-07,3.084523875364093581e-07,6.479847238586238466e-15
1.777000000000000000e+03,1.223158588250256905e-07,2.998500844977506680e-07,3.666480669102512405e-14
1.778000000000000000e+03,1.195451876604256261e-07,2.930579482138591691e-07,2.404523600387817486e-11
1.779000000000000000e+03,1.194858348513644574e-07,2.929124483172543175e-07,2.036515979697390666e-13
1.780000000000000000e+03,1.168574653115508591e-07,2.864691560395797379e-07,5.771863168636218484e-07
1.781000000000000000e+03,1.153564227425038005e-07,2.827894390716652702e-07,4.529859733726043457e-14
1.782000000000000000e+03,1.147796348770791070e-07,2.813754777763251777e-07,1.810693843115447175e-09
1.783000000000000000e+03,1.131018378380777380e-07,2.772624576925246630e-07,1.143753272305913644e-06
1.784000000000000000e+03,1.118125603371023068e-07,2.741018702484913094e-07,9.545968110767181912e-14
1.785000000000000000e+03,1.097086199171030075e-07,2.689441849019207965e-07,2.815296018515162991e-14
1.786000000000000000e+03,1.080991519957269598e-07,2.649986696036029241e-07,2.046956344343794244e-10
1.787000000000000000e+03,1.078087002390656987e-07,2.642866443223841759e-07,5.052003651305124972e-12
1.788000000000000000e+03,1.073638423806446590e-07,2.631961016264623572e-07,9.982500272226219068e-15
1.789000000000000000e+03,1.027318609558565422e-07,2.518410734644840544e-07,2.292181142483270077e-11
1.790000000000000000e+03,1.018487803691724514e-07,2.496762537012975502e-07,6.131385628053578114e-14
1.791000000000000000e+03,1.017747073370088985e-07,2.494946680494727974e-07,3.650114317937445755e-13
1.792000000000000000e+03,1.009201728475023970e-07,2.473998273530483745e-07,3.785036205032099359e-13
1.793000000000000000e+03,1.007143863646595109e-07,2.468953539768101986e-07,2.109638452697764757e-07
1.794000000000000000e+03,9.755083226373001839e-08,2.391400884406062212e-07,1.313662008567413187e-10
1.795000000000000000e+03,9.722151510724303623e-08,2.383327869332813479e-07,1.789182708781379731e-10
1.796000000000000000e+03,9.619385248703679794e-08,2.358135328769056746e-07,1.384625659502080726e-08
1.797000000000000000e+03,9.539381190463659054e-08,2.338522807666825599e-07,5.635983921387922590e-07
1.798000000000000000e+03,9.506089537044910142e-08,2.330361555980761232e-07,1.048625598053341329e-12
1.799000000000000000e+03,9.486362905672561036e-08,2.325525689118790096e-07,4.353176713515154245e-10
1.800000000000000000e+03,9.440105770694521978e-08,2.314186026408633822e-07,1.756636553406420579e-14
1.801000000000000000e+03,9.199550747513546583e-08,2.255215387016437299e-07,4.292193859777637753e-14
1.802000000000000000e+03,9.149230170266400615e-08,2.242879595497271752e-07,1.089289486926800265e-13
1.803000000000000000e+03,9.122158813990399072e-08,2.236243212819830031e-07,4.052784722006287030e-07
1.804000000000000000e+03,9.022742838292794718e-08,2.211871975108131257e-07,4.560596908935192787e-14
1.805000000000000000e+03,8.903349296518052916e-08,2.182603355377590311e-07,2.346229237633782925e-14
1.806000000000000000e+03,8.789146379272109015e-08,2.154607186511971652e-07,2.681093549031292317e-15
1.807000000000000000e+03,8.723170846422528347e-08,2.138433675333809340e-07,3.196157005020649272e-10
1.808000000000000000e+03,8.629230138327266383e-08,2.115404667050886979e-07,5.866820891671343737e-12
1.809000000000000000e+03,8.546843148471135804e-08,2.095207984374427763e-07,9.043852871205802981e-14
1.810000000000000000e+03,8.313191074168946863e-08,2.037929562021355485e-07,5.014917540774808443e-12
1.811000000000000000e+03,8.310309901592688115e-08,2.037223259626275505e-07,2.920907983201360153e-14
1.812000000000000000e+03,8.257209767702886967e-08,2.024206076256394066e-07,1.174192322613550444e-14
1.813000000000000000e+03,8.187788772640306844e-08,2.007187930420366329e-07,1.747989515123124231e-08
1.814000000000000000e+03,7.989041035132810495e-08,1.958466099532835999e-07,5.980933971596259695e-11
1.815000000000000000e+03,7.946014615601041766e-08,1.947918427582388249e-07,1.259047856251585241e-13
1.816000000000000000e+03,7.914294323035990194e-08,1.940142385704180024e-07,2.905952994078406519e-12
1.817000000000000000e+03,7.766820982193746025e-08,1.903990169517749388e-07,3.923525594319700477e-12
1.818000000000000000e+03,7.551649596849274207e-08,1.851242178622036285e-07,1.441717435708091417e-11
1.819000000000000000e+03,7.533494386262131575e-08,1.846791536259775789e-07,1.987376915724311538e-14
1.820000000000000000e+03,7.519944266099620180e-08,1.843469804544270450e-07,1.622256794345255393e-08
1.821000000000000000e+03,7.506913821599430786e-08,1.840275468239920689e-07,1.788737122551341364e-10
1.822000000000000000e+03,7.461356740641520921e-08,1.829107419627155482e-07,5.503371648742145249e-07
1.823000000000000000e+03,7.417985035854995152e-08,1.818475103041245567e-07,3.452786943547594322e-12
1.824000000000000000e+03,7.401782300421361961e-08,1.814503098400522934e-07,2.446706708264063925e-14
1.825000000000000000e+03,7.289061594817592764e-08,1.786870284941487904e-07,7.585201021653330374e-11
1.826000000000000000e+03,7.243551889285037497e-08,1.775713850133696104e-07,3.806879795355429724e-14
1.827000000000000000e+03,7.204441872489897610e-08,1.766126261121622909e-07,1.234682130034210244e-14
1.828000000000000000e+03,7.132225857778653586e-08,1.748422932770527003e-07,6.356382686223694908e-14
1.829000000000000000e+03,7.070750059189435449e-08,1.733352504799356610e-07,1.730795981180309361e-14
1.830000000000000000e+03,6.816110920944687815e-08,1.670929228003870358e-07,2.291601843549766255e-13
1.831000000000000000e+03,6.790116157228923002e-08,1.664556765617107272e-07,7.059731842666910127e-11
1.832000000000000000e+03,6.780002953849690574e-08,1.662077573697976114e-07,1.135575600053677331e-13
1.833000000000000000e+03,6.732297558345019272e-08,1.650382878496156904e-07,7.386817527455154541e-10
1.834000000000000000e+03,6.691216009004397834e-08,1.640311979955759719e-07,5.972912342889228852e-07
1.835000000000000000e+03,6.562095718052433889e-08,1.608658905265170869e-07,5.377501499707159196e-10
1.836000000000000000e+03,6.544098651020490817e-08,1.604247030858958809e-07,2.454666740863427256e-13
1.837000000000000000e+03,6.449324181689243913e-08,1.581013630946477930e-07,1.145926619754597184e-13
1.838000000000000000e+03,6.385337137997207672e-08,1.565327586109671529e-07,6.335224329704634407e-07
1.839000000000000000e+03,6.326857267731544858e-08,1.550991592225459946e-07,6.577677701563297808e-09
1.840000000000000000e+03,6.307571447500818548e-08,1.546263787604422174e-07,2.453833616953058490e-12
1.841000000000000000e+03,6.192818877415530857e-08,1.518132874600222368e-07,1.074799802187983278e-06
1.842000000000000000e+03,6.146713346902800037e-08,1.506830376826951372e-07,3.284044846894076732e-12
1.843000000000000000e+03,6.138096939391831571e-08,1.504718115551063259e-07,9.474563535698538347e-13
1.844000000000000000e+03,6.035600739622987652e-08,1.479591779149051300e-07,3.475533220636869685e-09
1.845000000000000000e+03,5.803543990223143168e-08,1.422704441248448333e-07,7.843092500950239516e-14
1.846000000000000000e+03,5.790871792756143997e-08,1.419597927082785166e-07,1.216468573832138227e-09
1.847000000000000000e+03,4.936565260036245589e-08,1.210169739696644573e-07,3.321312217908226334e-11
1.848000000000000000e+03,4.920378910442740715e-08,1.206201751947594539e-07,4.607158912066248286e-14
1.849000000000000000e+03,4.905747016993665150e-08,1.202614829917031261e-07,2.673832294542725303e-14
1.850000000000000000e+03,4.895316044903310928e-08,1.200057738880160473e-07,9.491192495432044941e-10
1.851000000000000000e+03,4.848268828443094184e-08,1.188524392373424588e-07,5.488226858483749246e-08
1.852000000000000000e+03,4.819308976704704245e-08,1.181425056216842841e-07,2.027850610080125919e-13
1.853000000000000000e+03,4.777374792586782261e-08,1.171145139310000583e-07,2.373159668577315917e-13
1.854000000000000000e+03,4.746359488228963852e-08,1.163541921115932217e-07,2.312756728572781067e-10
1.855000000000000000e+03,4.735004936645776959e-08,1.160758420035730456e-07,1.132884989993504621e-12
1.856000000000000000e+03,4.699446318592251017e-08,1.152041435394167790e-07,7.348258796898343704e-11
1.857000000000000000e+03,4.698567041477036414e-08,1.151825885816356153e-07,2.705755346995671085e-11
1.858000000000000000e+03,4.570986672976177899e-08,1.120550313995402927e-07,6.778338531395805259e-13
1.859000000000000000e+03,4.562180830962226774e-08,1.118391613972919115e-07,2.437706190917001059e-12
1.860000000000000000e+03,4.555765467404324856e-08,1.116818925587783038e-07,4.557200638925902973e-09
1.861000000000000000e+03,4.539422717123349950e-08,1.112812597136387333e-07,2.861433093455548163e-12
1.862000000000000000e+03,4.514273390841270693e-08,1.106647388729903856e-07,1.666426022282410733e-06
1.863000000000000000e+03,4.466977536584076283e-08,1.095053090139644989e-07,1.390223071343840942e-07
1.864000000000000000e+03,4.433604148226524676e-08,1.086871801617358361e-07,8.621887688103216622e-13
1.865000000000000000e+03,4.418540268601617682e-08,1.083178980733965214e-07,2.962222937300246639e-13
1.866000000000000000e+03,4.352913356838622417e-08,1.067090931950683122e-07,4.703831471222310752e-14
1.867000000000000000e+03,4.308202780078852200e-08,1.056130398829186263e-07,4.079640887059286591e-13
1.868000000000000000e+03,4.300324124853672376e-08,1.054198993157270622e-07,1.011456507864435040e-09
1.869000000000000000e+03,4.213836657651966860e-08,1.032997102742123703e-07,5.406174434050561434e-09
1.870000000000000000e+03,4.181559771276161130e-08,1.025084615187296855e-07,3.437814448867120330e-10
1.871000000000000000e+03,4.166929124106984261e-08,1.021497998674870561e-07,5.987442021454428588e-08
1.872000000000000000e+03,4.124737812569638735e-08,1.011155048503837080e-07,4.845203736628543899e-14
1.873000000000000000e+03,4.054794503439927112e-08,9.940088604673391912e-08,3.936454706390620486e-11
1.874000000000000000e+03,4.048369109641606418e-08,9.924337132281624022e-08,7.085064708087198730e-14
1.875000000000000000e+03,4.043237806199036671e-08,9.911758045762359165e-08,1.789579279983674438e-10
1.876000000000000000e+03,4.000477980944759953e-08,9.806934866341730862e-08,1.175230156417232947e-10
1.877000000000000000e+03,3.987113613157339020e-08,9.774172910134157513e-08,8.667401446777469561e-14
1.878000000000000000e+03,3.963530082256907425e-08,9.716359280722735986e-08,1.534372594376856748e-09
1.879000000000000000e+03,3.889329084305917429e-08,9.534459928348083004e-08,5.027925657648092403e-07
1.880000000000000000e+03,3.880428478450372352e-08,9.512640620177388027e-08,1.608053959107554457e-12
1.881000000000000000e+03,3.861380347587886353e-08,9.465945255377544948e-08,1.109224483941880534e-12
1.882000000000000000e+03,3.792273118350782698e-08,9.296532975357554184e-08,1.678891487495983578e-13
1.883000000000000000e+03,3.773681350409581538e-08,9.250956357233926467e-08,3.180571916727332471e-10
1.884000000000000000e+03,3.747414283769638186e-08,9.186564198873153215e-08,9.306513632765997466e-12
1.885000000000000000e+03,3.724616998957751375e-08,9.130678005187163029e-08,4.033071686049766760e-15
1.886000000000000000e+03,3.715635494184379912e-08,9.108660378110163920e-08,1.669666677174293053e-13
1.887000000000000000e+03,3.676920734453523028e-08,9.013753437275828885e-08,4.012865270201191667e-08
1.888000000000000000e+03,3.664163101626203631e-08,8.982478855892761799e-08,3.262458734561282640e-13
1.889000000000000000e+03,3.632674581356084529e-08,8.905286613166403255e-08,5.454283242510211473e-13
1.890000000000000000e+03,3.600872195638719247e-08,8.827324947882890532e-08,1.005858062389616554e-09
1.891000000000000000e+03,3.578400261704341017e-08,8.772236332606189481e-08,1.236032166674510720e-13
1.892000000000000000e+03,3.565489785324555101e-08,8.740587064305478768e-08,1.633712629515705309e-14
1.893000000000000000e+03,3.559283605836231094e-08,8.725372982813035284e-08,1.558685910826598795e-09
1.894000000000000000e+03,3.558071565915444651e-08,8.722401738722910192e-08,2.409413087905928480e-12
1.895000000000000000e+03,3.545809903803599537e-08,8.692343000177984283e-08,6.578904408891549212e-08
1.896000000000000000e+03,3.539343651899258951e-08,8.676491366558880047e-08,9.946430424390461896e-13
1.897000000000000000e+03,3.522445694017735351e-08,8.635067023490966969e-08,1.008632490415015313e-12
1.898000000000000000e+03,3.513935183926170178e-08,8.614204011984624590e-08,2.247990331199712724e-08
1.899000000000000000e+03,3.499895521245336976e-08,8.579786610336078558e-08,5.809058246422503550e-08
1.900000000000000000e+03,3.495246848679122895e-08,8.568390664829325411e-08,2.566395586297266829e-07
1.901000000000000000e+03,3.472941847753054084e-08,8.513711275936903342e-08,9.099002592867938282e-13
1.902000000000000000e+03,3.465474560505031476e-08,8.495405663452984974e-08,5.336361094218207368e-13
1.903000000000000000e+03,3.449552223209637120e-08,8.456372996476781214e-08,2.807398761312906674e-08
1.904000000000000000e+03,3.420492408880608061e-08,8.385134582539687534e-08,5.922630974919991213e-11
1.905000000000000000e+03,3.404858857081184739e-08,8.346809856105293378e-08,1.015308262962496064e-09
1.906000000000000000e+03,3.390878377362603769e-08,8.312537537983958562e-08,4.611439945871750008e-14
1.907000000000000000e+03,3.370692091902352779e-08,8.263052054587968673e-08,9.880395799730806565e-14
1.908000000000000000e+03,3.334232067151194242e-08,8.173672463033416974e-08,1.233501622275690404e-10
1.909000000000000000e+03,3.310005224487138380e-08,8.114281792929693131e-08,1.663274448789933905e-11
1.910000000000000000e+03,3.292677073900884408e-08,8.071802857921676393e-08,6.689112128371810294e-13
1.911000000000000000e+03,3.276081714746622844e-08,8.031120317714078656e-08,2.158378028177318225e-13
1.912000000000000000e+03,3.259072146855116158e-08,7.989422369316115601e-08,1.735853641770706949e-08
1.913000000000000000e+03,3.249987265974530575e-08,7.967151321834101351e-08,4.423002149816826634e-09
1.914000000000000000e+03,3.240384191040049695e-08,7.943609952315849059e-08,1.138795692980919175e-13
1.915000000000000000e+03,3.162467517193734449e-08,7.752601840522080147e-08,2.880546771380630853e-09
1.916000000000000000e+03,3.143368895378972603e-08,7.705782700142752381e-08,2.431916018416596358e-13
1.917000000000000000e+03,3.128501200277956748e-08,7.669335426051305383e-08,1.208836248731721068e-12
1.918000000000000000e+03,3.117945427926957837e-08,7.643458575234161133e-08,4.595447459129096688e-07
1.919000000000000000e+03,3.004611429041685276e-08,7.365626988482762781e-08,2.936316487845933929e-10
1.920000000000000000e+03,2.999302182940496678e-08,7.352611686073464816e-08,4.606320461761384910e-14
1.921000000000000000e+03,2.986086476300527529e-08,7.320214163865318530e-08,2.388618306923418830e-13
1.922000000000000000e+03,2.980494098227409412e-08,7.306504780193601107e-08,1.090341820961665132e-10
1.923000000000000000e+03,2.971228148321510615e-08,7.283789852718741094e-08,8.668998029065201804e-09
1.924000000000000000e+03,2.933373233119347607e-08,7.190990769827444704e-08,2.448683842686299799e-14
1.925000000000000000e+03,2.919259479443732482e-08,7.156391738492777820e-08,1.319330235936010383e-10
1.926000000000000000e+03,2.901707283251905837e-08,7.113363568950437331e-08,7.628810149970927025e-14
1.927000000000000000e+03,2.879430811450561812e-08,7.058754117517813872e-08,7.393474629508161090e-14
1.928000000000000000e+03,2.861195060374162496e-08,7.014050253655317855e-08,1.001280221595927495e-12
1.929000000000000000e+03,2.856483029000558878e-08,7.002498987784289043e-08,5.507320868075385128e-09
1.930000000000000000e+03,2.834875619420363077e-08,6.949529702765675728e-08,1.813853351020733591e-11
1.931000000000000000e+03,2.803004906171483635e-08,6.871400536584937937e-08,1.454847745033284080e-11
1.932000000000000000e+03,2.772370912381304642e-08,6.796303114920026557e-08,1.400889477603574911e-09
1.933000000000000000e+03,2.770495353998500322e-08,6.791705294613103949e-08,5.304186650542170165e-13
1.934000000000000000e+03,2.746039764437647969e-08,6.731753865038024535e-08,1.463249358565470923e-13
1.935000000000000000e+03,2.733133786864306383e-08,6.700115625294898812e-08,3.382664256377179454e-14
1.936000000000000000e+03,2.720289140452710052e-08,6.668627735262826444e-08,2.315421311785329475e-14
1.937000000000000000e+03,2.694917447602037122e-08,6.606430532723390412e-08,3.003147466150244783e-09
1.938000000000000000e+03,2.689389260712419360e-08,6.592878509936692586e-08,4.620925952839937729e-09
1.939000000000000000e+03,2.687366789870691948e-08,6.587920542436715246e-08,7.854070636974799522e-13
1.940000000000000000e+03,2.676923910492127281e-08,6.562320442056095422e-08,3.431962030755277061e-09
1.941000000000000000e+03,2.670983421597955353e-08,6.547757685321308120e-08,2.719833130519578396e-08
1.942000000000000000e+03,2.658780992392538217e-08,6.517844152738782087e-08,6.513377906818269106e-12
1.943000000000000000e+03,2.657101447710261807e-08,6.513726848410986450e-08,5.063059507503832894e-12
1.944000000000000000e+03,2.645911853225036781e-08,6.486296220166042386e-08,2.792582346603215542e-07
1.945000000000000000e+03,2.633623306002628008e-08,6.456171574364675715e-08,1.680457258265370554e-12
1.946000000000000000e+03,2.612384548029168232e-08,6.404106016928829943e-08,3.353545435709499692e-10
1.947000000000000000e+03,2.604462599850135637e-08,6.384685830097064887e-08,3.170543248068074076e-10
1.948000000000000000e+03,2.580674477513658409e-08,6.326370656895860394e-08,1.152427821851013539e-07
1.949000000000000000e+03,2.571943811017082677e-08,6.304967945000055918e-08,4.352626390067759400e-13
1.950000000000000000e+03,2.567744387217781297e-08,6.294673306241367437e-08,1.287907527865433106e-12
1.951000000000000000e+03,2.555337963244883214e-08,6.264259692566708293e-08,3.077296802167443421e-12
1.952000000000000000e+03,2.555298454456908096e-08,6.264162839112654243e-08,3.596840347997695075e-12
1.953000000000000000e+03,2.539608840902778927e-08,6.225700680606516130e-08,3.195283715225425837e-12
1.954000000000000000e+03,2.518926946488562678e-08,6.175000241209301774e-08,3.832991664588565498e-14
1.955000000000000000e+03,2.512238275623752777e-08,6.158603360680016959e-08,3.053615420910332847e-14
1.956000000000000000e+03,2.507696959362844982e-08,6.147470592798199492e-08,8.146761958109214475e-14
1.957000000000000000e+03,2.497463497843515965e-08,6.122383867897998344e-08,1.383094217737247402e-08
1.958000000000000000e+03,2.492947423601539759e-08,6.111312979330786174e-08,1.309803032231040963e-09
1.959000000000000000e+03,2.458448106666266898e-08,6.026739946875898926e-08,1.257118408439787642e-10
1.960000000000000000e+03,2.450147176785233390e-08,6.006390708844562642e-08,2.816549519642532247e-14
1.961000000000000000e+03,2.444024556331997409e-08,5.991381467378362405e-08,5.744838382821188436e-13
1.962000000000000000e+03,2.436713609991997635e-08,5.973459115372124378e-08,7.312682919230716503e-13
1.963000000000000000e+03,2.435068015261177043e-08,5.969425037339843278e-08,1.939062553913698887e-09
1.964000000000000000e+03,2.427984801049209543e-08,5.952060957159427568e-08,1.618588202131165228e-08
1.965000000000000000e+03,2.417598800277245170e-08,5.926600291314598976e-08,1.529963982357167483e-09
1.966000000000000000e+03,2.380513491104686348e-08,5.835687852029646487e-08,1.063095278133676115e-10
1.967000000000000000e+03,2.373579955237900756e-08,5.818690699448656028e-08,2.545082067277848709e-13
1.968000000000000000e+03,2.362347634702357385e-08,5.791155330821547272e-08,1.561613895889099248e-14
1.969000000000000000e+03,2.346035115423823017e-08,5.751166155819826603e-08,1.146538510327041813e-08
1.970000000000000000e+03,2.337930957542348117e-08,5.731299292692784358e-08,8.245733468347362433e-11
1.971000000000000000e+03,2.336711736919508370e-08,5.728310445536808639e-08,1.842548682308017459e-15
1.972000000000000000e+03,2.331414481333326078e-08,5.715324537164983153e-08,6.520629825247260213e-14
1.973000000000000000e+03,2.311727720126475932e-08,5.667063607894924256e-08,1.246837267032099757e-13
1.974000000000000000e+03,2.300659678943440814e-08,5.639930960372045366e-08,6.049835419077054760e-09
1.975000000000000000e+03,2.293573853121284852e-08,5.622560477983909692e-08,9.082623534125974860e-13
1.976000000000000000e+03,2.286097491923314267e-08,5.604232621249043511e-08,2.094634936501619590e-08
1.977000000000000000e+03,2.278826767355891656e-08,5.586408870536388574e-08,2.188967069173722277e-07
1.978000000000000000e+03,2.276695120398282400e-08,5.581183264253618142e-08,9.037632685354738655e-12
1.979000000000000000e+03,2.254539646621490973e-08,5.526870432312815537e-08,1.306846900105585140e-12
1.980000000000000000e+03,2.250790677234084272e-08,5.517680055869467423e-08,9.366912669102341141e-11
1.981000000000000000e+03,2.159531857944557570e-08,5.293964464628972069e-08,1.078233382731994389e-11
1.982000000000000000e+03,2.156332772210076000e-08,5.286122095397260052e-08,1.387251041675061121e-07
1.983000000000000000e+03,2.047670360066755143e-08,5.019742626897482228e-08,4.220455630549053767e-13
1.984000000000000000e+03,2.020502314825388248e-08,4.953141772850289468e-08,4.229742086936375963e-08
1.985000000000000000e+03,2.014417762290962266e-08,4.938225852632711718e-08,3.349602728855756152e-09
1.986000000000000000e+03,2.001735065285225436e-08,4.907134971978636914e-08,4.679335510952742701e-14
1.987000000000000000e+03,1.987913091664639034e-08,4.873251222169977018e-08,6.172987778263113639e-11
1.988000000000000000e+03,1.976043242440466542e-08,4.844152989716447644e-08,9.073978431485369818e-12
1.989000000000000000e+03,1.974622395656083731e-08,4.840669867965530707e-08,5.481931508072776878e-14
1.990000000000000000e+03,1.955355418556245685e-08,4.793438014574655014e-08,1.341258865326137574e-14
1.991000000000000000e+03,1.936909914246321724e-08,4.748219953081530711e-08,8.632193610032808879e-11
1.992000000000000000e+03,1.933966464752210067e-08,4.741004260954585224e-08,9.283620093501474414e-14
1.993000000000000000e+03,1.931451332586199370e-08,4.734838563392994820e-08,4.520728834783060856e-14
1.994000000000000000e+03,1.922079279767697970e-08,4.711863530911188196e-08,1.011634129979145277e-11
1.995000000000000000e+03,1.921699550224259865e-08,4.710932646422619381e-08,1.473475132216653810e-13
1.996000000000000000e+03,1.891893370476201517e-08,4.637864561859721793e-08,1.327533615597721476e-10
1.997000000000000000e+03,1.887437635486271109e-08,4.626941591395675460e-08,4.211040293234425519e-10
1.998000000000000000e+03,1.869704945708950230e-08,4.583470952517128291e-08,3.182668889780466340e-13
1.999000000000000000e+03,1.843085453384430289e-08,4.518214843460880158e-08,4.595914366151476368e-10
2.000000000000000000e+03,1.826112746786812591e-08,4.476607258341999705e-08,2.276442433289689088e-13
2.001000000000000000e+03,1.805878212566800813e-08,4.427003495968695574e-08,4.598763416482215123e-12
2.002000000000000000e+03,1.798258113016862369e-08,4.408323273176008746e-08,3.845016253946653877e-11
2.003000000000000000e+03,1.767724813362288821e-08,4.333472697221537339e-08,2.439152261546295388e-09
2.004000000000000000e+03,1.763686748752580550e-08,4.323573620960621004e-08,3.748615599460618989e-12
2.005000000000000000e+03,1.749236784348911353e-08,4.288150388936163556e-08,3.205682400767753563e-12
2.006000000000000000e+03,1.745804744684706474e-08,4.279736946941011947e-08,3.187250546592785663e-07
2.007000000000000000e+03,1.697925469529801704e-08,4.162363739257235113e-08,5.914481985986729280e-07
2.008000000000000000e+03,1.689083775072392455e-08,4.140688848890402125e-08,4.731741566877715223e-11
2.009000000000000000e+03,1.685498296531407915e-08,4.131899260575308937e-08,9.797201941621597245e-12
2.010000000000000000e+03,1.664414269201884612e-08,4.080213016150093194e-08,1.380294326102467696e-09
2.011000000000000000e+03,1.654312660277616897e-08,4.055449520078517248e-08,5.895052227663352421e-12
2.012000000000000000e+03,1.653561892463834804e-08,4.053609057242681993e-08,1.312816878493836038e-13
2.013000000000000000e+03,1.647838581960040290e-08,4.039578700470837969e-08,3.871143878118499967e-11
2.014000000000000000e+03,1.633396893923812719e-08,4.004175757471045921e-08,7.645478272633198036e-13
2.015000000000000000e+03,1.496886450178779676e-08,3.669528488629740096e-08,2.334642188024073360e-07
2.016000000000000000e+03,1.491313214988828516e-08,3.655866032602486156e-08,6.819645282002093604e-12
2.017000000000000000e+03,1.489990514361265999e-08,3.652623510342905354e-08,1.789921717507293880e-10
2.018000000000000000e+03,1.487926707771468346e-08,3.647564210704392789e-08,9.062507972970066431e-12
2.019000000000000000e+03,1.461849881373555654e-08,3.583638415031137720e-08,8.872154705880226240e-13
2.020000000000000000e+03,1.452858916666565232e-08,3.561597597487078079e-08,4.665088744088474944e-11
2.021000000000000000e+03,1.409362369885808659e-08,3.454968388872129821e-08,1.118359104105485953e-13
2.022000000000000000e+03,1.405378384384002343e-08,3.445201884341729002e-08,2.021682134997075894e-11
2.023000000000000000e+03,1.399717884529108028e-08,3.431325504156085889e-08,1.839272930004549960e-13
2.024000000000000000e+03,1.397216150094506494e-08,3.425192650339645586e-08,1.513328353383584145e-11
2.025000000000000000e+03,1.367155482257097823e-08,3.351500703296212659e-08,1.411443951668400037e-10
2.026000000000000000e+03,1.358786848369818761e-08,3.330985492902922884e-08,4.652353371408912972e-14
2.027000000000000000e+03,1.294964318593812372e-08,3.174528340657671292e-08,4.208176376536666889e-13
2.028000000000000000e+03,1.292816432915093612e-08,3.169262926111740313e-08,1.330592093996133639e-10
2.029000000000000000e+03,1.291853224171463840e-08,3.166901676916903564e-08,1.667352753336394779e-10
2.030000000000000000e+03,1.290114784448232729e-08,3.162639994883907422e-08,7.376365294863013833e-13
2.031000000000000000e+03,1.273650892392222292e-08,3.122279738482334606e-08,3.530317898349520835e-08
2.032000000000000000e+03,1.268508206417677682e-08,3.109672748359995449e-08,2.970852064047511126e-12
2.033000000000000000e+03,1.264408484648901569e-08,3.099622523224894055e-08,5.264694292537854570e-12
2.034000000000000000e+03,1.242814874186506492e-08,3.046687065926400272e-08,8.051673015702967098e-10
2.035000000000000000e+03,1.241712482621610782e-08,3.043984618287485385e-08,2.634045496854287294e-08
2.036000000000000000e+03,1.233274103883455363e-08,3.023298432522485633e-08,9.172828143080425709e-11
2.037000000000000000e+03,1.228395608664697748e-08,3.011339090392869126e-08,9.585712692243713007e-11
2.038000000000000000e+03,1.220110866098745688e-08,2.991029534605859870e-08,6.255517551263596929e-12
2.039000000000000000e+03,1.219807094332566300e-08,2.990284856110103880e-08,5.057238389826402180e-11
2.040000000000000000e+03,1.219060080104374799e-08,2.988453594967060947e-08,1.744135546398597387e-10
2.041000000000000000e+03,1.211423000689892521e-08,2.969731747041973489e-08,5.418909908667082866e-13
2.042000000000000000e+03,1.205194721247046973e-08,2.954463488819755734e-08,1.249879099604117748e-12
2.043000000000000000e+03,1.201640207932155902e-08,2.945749809922703475e-08,4.485695236995119971e-12
2.044000000000000000e+03,1.196717534657821126e-08,2.933682167906015870e-08,6.690240493547100248e-11
2.045000000000000000e+03,1.196230256264195632e-08,2.932487633780138123e-08,2.674323706742513048e-11
2.046000000000000000e+03,1.190280107107951609e-08,2.917901195484951419e-08,2.575417536950037618e-13
2.047000000000000000e+03,1.174633655091845537e-08,2.879544844933296712e-08,5.784628254204156328e-12
2.048000000000000000e+03,1.172256994767926328e-08,2.873718602892441911e-08,3.313718758914201748e-10
2.049000000000000000e+03,1.161507312276366826e-08,2.847366392848860765e-08,4.050356022365372296e-09
2.050000000000000000e+03,1.161060940876228132e-08,2.846272139795048338e-08,9.999230210865670897e-10
2.051000000000000000e+03,1.155158451148601298e-08,2.831802535766777221e-08,4.276819110105105977e-12
2.052000000000000000e+03,1.152775145965771754e-08,2.825960004247805162e-08,4.779071833370662282e-11
2.053000000000000000e+03,1.151332498913676238e-08,2.822423440431578548e-08,1.032309745347042103e-09
2.054000000000000000e+03,1.150751272876105142e-08,2.820998599220045245e-08,7.339176591995881551e-09
2.055000000000000000e+03,1.148420512873520197e-08,2.815284879098774363e-08,2.417028504773631412e-08
2.056000000000000000e+03,1.144267673553925234e-08,2.805104439433403956e-08,1.127523519225281175e-11
2.057000000000000000e+03,1.142908921817602965e-08,2.801773540015606401e-08,1.822978300760868067e-08
2.058000000000000000e+03,1.138576669978340301e-08,2.791153281182884359e-08,3.249053401433683047e-12
2.059000000000000000e+03,1.134433177728774665e-08,2.780995755306167776e-08,8.974237029521479763e-10
2.060000000000000000e+03,1.128544575747976790e-08,2.766560196266830653e-08,2.166268930310770916e-14
2.061000000000000000e+03,1.119609249625895111e-08,2.744655773418818254e-08,5.678942675485580831e-13
2.062000000000000000e+03,1.117213462007201793e-08,2.738782641947522410e-08,2.536163493739202641e-09
2.063000000000000000e+03,1.114306683255929869e-08,2.731656845975047545e-08,2.293017101442423401e-09
2.064000000000000000e+03,1.110843503048178157e-08,2.723167064781500274e-08,1.613408500731338640e-08
2.065000000000000000e+03,1.110369417829087792e-08,2.722004872941709909e-08,5.795936261100450695e-12
2.066000000000000000e+03,1.109182264405848065e-08,2.719094636626569316e-08,7.029642302546641960e-12
2.067000000000000000e+03,1.102930328610137693e-08,2.703768386256206733e-08,2.005749989351772042e-13
2.068000000000000000e+03,1.092870498494017446e-08,2.679107308458709397e-08,5.265151249602175659e-08
2.069000000000000000e+03,1.086515993299601430e-08,2.663529615281467813e-08,1.256756945154116827e-09
2.070000000000000000e+03,1.082167717291606417e-08,2.652870074148032284e-08,6.121744871808322508e-13
2.071000000000000000e+03,1.080160603970501005e-08,2.647949754700404846e-08,3.465059837644849793e-13
2.072000000000000000e+03,1.077085667342456457e-08,2.640411729651148362e-08,2.818760165848195244e-10
2.073000000000000000e+03,1.076938203299575456e-08,2.640050230282685447e-08,9.603266638618367789e-12
2.074000000000000000e+03,1.072201692552261355e-08,2.628438954676647149e-08,5.971905733544501585e-12
2.075000000000000000e+03,1.070871793301770448e-08,2.625178785419252370e-08,3.381824900674215274e-08
2.076000000000000000e+03,1.063782443923726535e-08,2.607799665242518444e-08,4.783247891410917328e-10
2.077000000000000000e+03,1.062498892335934454e-08,2.604653114535571521e-08,1.357486393968075024e-12
2.078000000000000000e+03,1.058999264573823248e-08,2.596073984320896359e-08,6.124262994193925529e-11
2.079000000000000000e+03,1.057852657386051819e-08,2.593263144700902458e-08,6.415717819011858203e-12
2.080000000000000000e+03,1.055175188618576228e-08,2.586699488574217165e-08,4.318406797379118755e-09
2.081000000000000000e+03,1.050522237234294675e-08,2.575293053798358620e-08,2.258081538093874731e-10
2.082000000000000000e+03,1.047567016797932867e-08,2.568048505903550122e-08,2.517468622467657428e-12
2.083000000000000000e+03,1.044443460392308139e-08,2.560391292348765705e-08,2.222391480955579972e-10
2.084000000000000000e+03,1.042477491659364519e-08,2.555571836422479278e-08,9.193270209002552264e-10
2.085000000000000000e+03,1.031150382918213687e-08,2.527804100122577870e-08,1.436902132574005082e-14
2.086000000000000000e+03,1.024277740695851263e-08,2.510956224704835631e-08,2.554113863772793388e-13
2.087000000000000000e+03,1.017225502983311277e-08,2.493668081578372217e-08,6.687766591220259079e-13
2.088000000000000000e+03,1.015495799540136759e-08,2.489427816018581894e-08,2.285163731954927682e-13
2.089000000000000000e+03,1.010835354576073704e-08,2.478003011175650848e-08,9.893732878729927784e-10
2.090000000000000000e+03,1.009084180439064659e-08,2.473710111481396358e-08,5.259359256022088005e-11
2.091000000000000000e+03,1.008421823260650972e-08,2.472086382082584992e-08,1.119149805796634474e-08
2.092000000000000000e+03,1.002700313918449560e-08,2.458060440751723526e-08,2.971114710142571798e-10
2.093000000000000000e+03,1.001854660815808167e-08,2.455987372249252713e-08,2.041234263255227525e-13
2.094000000000000000e+03,9.997874183102926055e-09,2.450919649666828795e-08,4.454234967878646666e-11
2.095000000000000000e+03,9.815093291045960621e-09,2.406111996387577995e-08,7.774175977928892786e-09
2.096000000000000000e+03,9.813713953239694265e-09,2.405773859892659963e-08,5.160029957444293814e-09
2.097000000000000000e+03,9.809173742508065036e-09,2.404660854118433948e-08,4.132651587610386511e-10
2.098000000000000000e+03,9.799797771587399924e-09,2.402362390370710402e-08,1.571888221893102971e-08
2.099000000000000000e+03,9.785444600500052899e-09,2.398843795476561509e-08,4.157963592485536343e-09
2.100000000000000000e+03,9.732202139900693634e-09,2.385791721556675268e-08,3.330852384577099239e-11
2.101000000000000000e+03,9.703758864115908751e-09,2.378819020936013303e-08,1.574781398866261285e-11
2.102000000000000000e+03,9.697365421809830909e-09,2.377251706415946557e-08,9.617606245881096415e-11
2.103000000000000000e+03,9.664611092343972894e-09,2.369222176514959293e-08,3.384099099790890861e-09
2.104000000000000000e+03,9.658689054573901790e-09,2.367770424025288535e-08,3.452593890195243783e-11
2.105000000000000000e+03,9.591154639097008598e-09,2.351214762002573469e-08,4.974143970396657012e-13
2.106000000000000000e+03,9.577032339048012769e-09,2.347752763776283164e-08,9.694618210477405901e-10
2.107000000000000000e+03,9.555537396339612742e-09,2.342483405862026144e-08,7.929331507764460707e-09
2.108000000000000000e+03,9.529286035532036882e-09,2.336048040217745338e-08,4.934905512106979608e-12
2.109000000000000000e+03,9.503679109081001067e-09,2.329770653839700470e-08,2.024463034139141357e-11
2.110000000000000000e+03,9.487056379161393663e-09,2.325695690037902960e-08,3.015261122329253558e-09
2.111000000000000000e+03,9.435200664000136143e-09,2.312983568550012098e-08,6.303186793456184165e-13
2.112000000000000000e+03,9.410992389072365006e-09,2.307049053310233872e-08,1.263852639100158765e-10
2.113000000000000000e+03,9.326820810925320987e-09,2.286414889382394358e-08,1.920833437337984853e-12
2.114000000000000000e+03,9.319340986961578939e-09,2.284581254832385136e-08,1.882213793468974397e-11
2.115000000000000000e+03,9.295516808070241219e-09,2.278740898461363544e-08,3.332610211972235742e-12
2.116000000000000000e+03,9.277672410484094279e-09,2.274366450065696567e-08,2.640694811707697087e-11
2.117000000000000000e+03,9.269006011534789203e-09,2.272241933684744155e-08,4.268877344926915810e-12
2.118000000000000000e+03,9.232202738376852261e-09,2.263219829215046870e-08,5.936671921979299463e-12
2.119000000000000000e+03,9.161508250825206128e-09,2.245889494236808250e-08,4.009615745491531837e-10
2.120000000000000000e+03,9.121135496989871152e-09,2.235992352717122560e-08,6.137911198312603584e-11
2.121000000000000000e+03,9.116082051301908717e-09,2.234753530432672877e-08,2.560966047910691501e-12
2.122000000000000000e+03,9.021417690951685672e-09,2.211547123084836537e-08,2.560005168719540076e-11
2.123000000000000000e+03,9.019331983240527868e-09,2.211035824190779795e-08,6.279204187073890243e-11
2.124000000000000000e+03,8.975641219686683724e-09,2.200325292237493260e-08,2.389736445706704827e-11
2.125000000000000000e+03,8.973811281220314295e-09,2.199876693659158588e-08,7.202256571724767713e-11
2.126000000000000000e+03,8.941782913449602938e-09,2.192025128968670826e-08,3.400731043775356263e-11
2.127000000000000000e+03,8.847149670121387076e-09,2.168826349774507753e-08,8.948563680137135008e-12
2.128000000000000000e+03,8.835834237534341629e-09,2.166052438484551696e-08,8.742719136647190552e-09
2.129000000000000000e+03,8.807592353844611520e-09,2.159129107943370559e-08,1.171082312665829373e-11
2.130000000000000000e+03,8.774237066855424578e-09,2.150952256864344122e-08,1.150833817097875185e-09
2.131000000000000000e+03,8.770052585611334203e-09,2.149926456067397198e-08,1.074430312663366596e-09
2.132000000000000000e+03,8.765666278243096874e-09,2.148851178791307602e-08,6.864409911605600675e-10
2.133000000000000000e+03,8.758966682100096281e-09,2.147208812471129148e-08,1.172567023094258274e-08
2.134000000000000000e+03,8.725042473671450593e-09,2.138892493670310032e-08,2.994989035502535959e-09
2.135000000000000000e+03,8.692475604239478066e-09,2.130908918486512041e-08,3.491365208440371349e-11
2.136000000000000000e+03,8.638528186903251629e-09,2.117684028597259708e-08,7.845359594205484069e-11
2.137000000000000000e+03,8.516251201887059335e-09,2.087708549831513704e-08,9.612413983214119351e-11
2.138000000000000000e+03,8.499946943560808031e-09,2.083711657454873518e-08,2.422499213711257649e-10
2.139000000000000000e+03,8.468618674901992388e-09,2.076031717915756036e-08,3.597085586347380918e-13
2.140000000000000000e+03,8.396932721160518263e-09,2.058458330872435983e-08,6.844914818980310344e-12
2.141000000000000000e+03,8.384855797884436614e-09,2.055497744649527348e-08,1.017934724036025551e-11
2.142000000000000000e+03,8.379855403066350086e-09,2.054271927471666432e-08,6.350145594205758866e-11
2.143000000000000000e+03,8.375924175999725783e-09,2.053308210436581692e-08,3.228368224373851203e-10
2.144000000000000000e+03,8.354962286097809303e-09,2.048169527261153196e-08,9.745940448754568840e-09
2.145000000000000000e+03,8.339023653103268509e-09,2.044262265769388428e-08,2.494186404676122765e-11
2.146000000000000000e+03,8.337321961926941593e-09,2.043845106254741317e-08,1.572307917051595936e-09
2.147000000000000000e+03,8.328249084369527506e-09,2.041620944050132992e-08,1.329928707287138792e-11
2.148000000000000000e+03,8.283453239972028401e-09,2.030639508072192571e-08,3.029680493705797287e-12
2.149000000000000000e+03,8.212373254619299188e-09,2.013214670590894484e-08,1.895712428535061112e-11
2.150000000000000000e+03,8.192442041331138209e-09,2.008328651683774005e-08,1.426989256903985455e-10
2.151000000000000000e+03,8.174799068254728039e-09,2.004003581313855067e-08,8.828226859886252529e-11
2.152000000000000000e+03,8.172363219190793988e-09,2.003406447340664124e-08,2.949883669545988881e-11
2.153000000000000000e+03,8.142367402709397708e-09,1.996053150562204594e-08,4.028019848986658738e-10
2.154000000000000000e+03,8.092355941866067422e-09,1.983793137098880392e-08,8.672211612599317394e-13
2.155000000000000000e+03,8.043295565762153587e-09,1.971766276427204439e-08,2.480877964233030227e-10
2.156000000000000000e+03,8.009929179499828218e-09,1.963586704427096965e-08,7.556113878389335256e-11
2.157000000000000000e+03,7.996231712648604374e-09,1.960228851543424732e-08,8.316084296686765503e-10
2.158000000000000000e+03,7.985898178763851840e-09,1.957695646905638583e-08,6.377092582421748120e-09
2.159000000000000000e+03,7.964751950973560175e-09,1.952511774388503898e-08,9.569025067528860334e-12
2.160000000000000000e+03,7.919090483873088620e-09,1.941318136131053080e-08,4.175270483217804834e-12
2.161000000000000000e+03,7.906120620372004486e-09,1.938138650899879772e-08,3.462811878762913196e-10
2.162000000000000000e+03,7.887687813421656229e-09,1.933619957433074859e-08,6.354382278478598137e-12
2.163000000000000000e+03,7.852160674903558301e-09,1.924910689813204272e-08,2.032680225023352976e-11
2.164000000000000000e+03,7.820547946173970390e-09,1.917161016572278623e-08,3.836408477173217833e-10
2.165000000000000000e+03,7.799598156677654199e-09,1.912025299739625685e-08,2.257171030421135858e-10
2.166000000000000000e+03,7.789905489655120698e-09,1.909649199817969218e-08,1.567600069956503427e-10
2.167000000000000000e+03,7.763195780327233945e-09,1.903101472748224192e-08,4.722950020140589269e-10
2.168000000000000000e+03,7.758260401576185389e-09,1.901891593874179586e-08,1.288168162963560682e-08
2.169000000000000000e+03,7.699619733622874240e-09,1.887516181389067254e-08,4.937255593024246320e-09
2.170000000000000000e+03,7.693030720361937176e-09,1.885900923807566618e-08,5.861542959733684402e-10
2.171000000000000000e+03,7.675079855856788515e-09,1.881500375677191966e-08,3.142811584978678572e-11
2.172000000000000000e+03,7.631530138731728856e-09,1.870824420420660344e-08,2.643338031807235417e-08
2.173000000000000000e+03,7.585040107662373500e-09,1.859427664612903026e-08,3.797319545207257251e-10
2.174000000000000000e+03,7.576770950825912937e-09,1.857400529783489921e-08,6.273486403588743255e-10
2.175000000000000000e+03,7.573272525211186476e-09,1.856542911461334719e-08,6.207608424921964965e-10
2.176000000000000000e+03,7.560831425999423063e-09,1.853493049664404178e-08,1.124346267825933273e-09
2.177000000000000000e+03,7.518318772356868604e-09,1.843071324379231405e-08,4.106957029175053764e-10
2.178000000000000000e+03,7.510119376367510210e-09,1.841061291008369487e-08,3.541593942170314557e-10
2.179000000000000000e+03,7.503586711754090424e-09,1.839459846964117086e-08,1.090552162053438884e-09
2.180000000000000000e+03,7.490153020731159875e-09,1.836166657162699247e-08,9.274854793723747621e-09
2.181000000000000000e+03,7.477537625967317702e-09,1.833074067843335885e-08,1.903893902465742823e-09
2.182000000000000000e+03,7.458307994322687481e-09,1.828360037521436523e-08,1.957072561301921873e-09
2.183000000000000000e+03,7.445495511241433118e-09,1.825219133168195054e-08,1.823565967791272025e-09
2.184000000000000000e+03,7.439832243659636033e-09,1.823830816657770770e-08,7.164360505654373831e-09
2.185000000000000000e+03,7.425136472785410415e-09,1.820228235454707103e-08,3.461798889702372884e-08
2.186000000000000000e+03,7.414131730313311584e-09,1.817530488006557114e-08,4.409888342195901077e-09
2.187000000000000000e+03,7.393959639457943192e-09,1.812585419390286113e-08,6.873806504800547428e-10
2.188000000000000000e+03,7.339315697085228230e-09,1.799189780513084294e-08,1.374857216152273603e-09
2.189000000000000000e+03,7.328781590942971679e-09,1.796607406774138118e-08,1.644674467315687839e-10
2.190000000000000000e+03,7.322024687441080294e-09,1.794950991894295173e-08,3.365095387358216558e-09
2.191000000000000000e+03,7.293973638057145343e-09,1.788074443253079435e-08,1.535986693006278052e-09
2.192000000000000000e+03,7.229399697233771322e-09,1.772244524060066593e-08,6.132891706408816848e-11
2.193000000000000000e+03,7.221400429081860493e-09,1.770283550843419353e-08,1.461252354885877151e-11
2.194000000000000000e+03,7.199268022269162767e-09,1.764857922378986623e-08,3.818648178207224731e-11
2.195000000000000000e+03,7.166997135374939383e-09,1.756946905561541633e-08,5.815065837223595506e-10
2.196000000000000000e+03,7.137410302537418465e-09,1.749693868701421705e-08,1.515329537777297500e-10
2.197000000000000000e+03,7.116148832873170952e-09,1.744481745321336565e-08,2.023968840842204067e-10
2.198000000000000000e+03,7.106836016309573288e-09,1.742198763490254990e-08,5.867539378193909438e-12
2.199000000000000000e+03,7.088231730990354488e-09,1.737638033116797690e-08,8.820856466661240575e-11
2.200000000000000000e+03,7.082956430545808646e-09,1.736344824452571158e-08,3.650251917493356804e-11
2.201000000000000000e+03,7.056916207510640002e-09,1.729961217982861332e-08,7.351587223145808936e-11
2.202000000000000000e+03,7.029331791779499253e-09,1.723199061818274544e-08,3.135612121006738801e-10
2.203000000000000000e+03,6.996965922137447219e-09,1.715264760542676966e-08,1.801298893862362904e-09
2.204000000000000000e+03,6.956305882089559754e-09,1.705297192509261310e-08,5.880594723142133437e-09
2.205000000000000000e+03,6.920449745049445159e-09,1.696507272850011267e-08,1.424360968133205582e-11
2.206000000000000000e+03,6.901605461137063308e-09,1.691887708242685529e-08,6.920696758447442103e-11
2.207000000000000000e+03,6.893059415113448396e-09,1.689792695668749308e-08,6.433396958450102418e-10
2.208000000000000000e+03,6.873341778230531459e-09,1.684959033752598032e-08,2.499675968720233779e-11
2.209000000000000000e+03,6.865253029602969540e-09,1.682976124927238545e-08,5.776109553457403172e-12
2.210000000000000000e+03,6.853747800352782974e-09,1.680155686109268626e-08,7.538399337694620543e-11
2.211000000000000000e+03,6.817100084342080216e-09,1.671171715553023446e-08,1.091186542585183833e-12
2.212000000000000000e+03,6.796215460318320574e-09,1.666051973650065166e-08,1.714857483173229960e-10
2.213000000000000000e+03,6.777089231645449073e-09,1.661363291954351461e-08,5.886818261327397769e-11
2.214000000000000000e+03,6.767887138563842777e-09,1.659107453329187732e-08,7.338333847667478077e-11
2.215000000000000000e+03,6.755273200496705586e-09,1.656015221110394972e-08,1.606822184460466589e-10
2.216000000000000000e+03,6.728801750492186430e-09,1.649525901902828048e-08,3.945138055744549722e-10
2.217000000000000000e+03,6.720007811237257681e-09,1.647370119771231607e-08,1.901218634380865698e-10
2.218000000000000000e+03,6.691765366774444558e-09,1.640446651759849980e-08,2.427433650570134017e-10
2.219000000000000000e+03,6.669745385023844791e-09,1.635048583633621476e-08,1.381916164582212681e-10
2.220000000000000000e+03,6.665321098637957201e-09,1.633963996026262764e-08,5.007613850611227046e-11
2.221000000000000000e+03,6.657242522784030740e-09,1.631983580996118074e-08,4.973005266608376652e-11
2.222000000000000000e+03,6.648982302200630306e-09,1.629958636836223173e-08,1.692500652371076349e-11
2.223000000000000000e+03,6.636392346521969392e-09,1.626872283757944317e-08,6.450328081406061379e-11
2.224000000000000000e+03,6.604824063607583880e-09,1.619133506145412310e-08,5.802003148351833498e-11
2.225000000000000000e+03,6.591422808408124700e-09,1.615848267794036842e-08,1.095134084782041446e-10
2.226000000000000000e+03,6.579725010973135686e-09,1.612980622025930486e-08,1.805284031749441094e-10
2.227000000000000000e+03,6.568822470612457873e-09,1.610307928820165406e-08,4.349666183975539116e-12
2.228000000000000000e+03,6.459271105929016916e-09,1.583452060519257193e-08,4.867313571077105266e-13
2.229000000000000000e+03,6.447267360383902416e-09,1.580509413383744767e-08,1.116420026413711259e-11
2.230000000000000000e+03,6.389062023144731167e-09,1.566240719645223128e-08,3.257107646091987921e-11
2.231000000000000000e+03,6.384182734115566139e-09,1.565044590834340957e-08,1.269876888784755579e-10
2.232000000000000000e+03,6.375236421039285207e-09,1.562851455162781249e-08,6.868387935014614939e-10
2.233000000000000000e+03,6.340717139895100757e-09,1.554389257809703718e-08,8.990585988175821575e-12
2.234000000000000000e+03,6.272199864165471987e-09,1.537592653416421985e-08,9.402506568210538936e-10
2.235000000000000000e+03,6.264764531759711674e-09,1.535769925708377478e-08,4.026274140750873853e-09
2.236000000000000000e+03,6.239956345624201431e-09,1.529688345788630820e-08,9.700823448272098046e-11
2.237000000000000000e+03,6.177967071471883419e-09,1.514492042323912850e-08,4.821646916172939421e-09
2.238000000000000000e+03,6.154553390694838761e-09,1.508752317134685010e-08,9.917891715558428983e-08
2.239000000000000000e+03,6.127475416668678859e-09,1.502114312154981877e-08,3.401577809869714368e-11
2.240000000000000000e+03,6.122229348397103121e-09,1.500828269584849324e-08,7.823715851023027893e-09
2.241000000000000000e+03,6.099834118708637647e-09,1.495338211648830629e-08,7.257828553098033244e-09
2.242000000000000000e+03,6.073647260261970794e-09,1.488918658376350844e-08,9.536625101511955949e-10
2.243000000000000000e+03,6.042117912308116611e-09,1.481189425438824519e-08,1.387612300962731979e-09
2.244000000000000000e+03,6.031036917736408074e-09,1.478472985240011794e-08,7.209572266907993631e-10
2.245000000000000000e+03,6.019355278814092093e-09,1.475609300635598116e-08,3.221453514010656853e-10
2.246000000000000000e+03,6.013605511632039689e-09,1.474199779260412343e-08,4.308074263482099865e-11
2.247000000000000000e+03,6.005873412270155164e-09,1.472304300890495766e-08,8.158844705937811464e-11
2.248000000000000000e+03,5.987975561924931907e-09,1.467916748867482613e-08,5.552567088722762668e-10
2.249000000000000000e+03,5.980115956753249940e-09,1.465990013203369733e-08,5.452401609059112087e-10
2.250000000000000000e+03,5.966026956880861170e-09,1.462536178318174703e-08,6.625538106897269936e-11
2.251000000000000000e+03,5.955680537127632466e-09,1.459999814786040333e-08,1.590960008640981232e-09
2.252000000000000000e+03,5.947868423498042223e-09,1.458084721392231587e-08,1.042146535653942457e-09
2.253000000000000000e+03,5.931814607118449410e-09,1.454149223375724646e-08,1.798637333522981876e-08
2.254000000000000000e+03,5.921155598223473810e-09,1.451536230466609866e-08,1.197743827458811918e-10
2.255000000000000000e+03,5.913803027939280967e-09,1.449733791402559594e-08,2.223383792601639474e-10
2.256000000000000000e+03,5.906449282177292925e-09,1.447931064177088871e-08,6.184824330555083898e-09
2.257000000000000000e+03,5.892916501501033451e-09,1.444613583133955505e-08,4.432722585599131269e-09
2.258000000000000000e+03,5.865902941528174043e-09,1.437991368877965995e-08,7.302951505722427782e-10
2.259000000000000000e+03,5.855174440397539368e-09,1.435361340358804798e-08,1.059662629037862358e-09
2.260000000000000000e+03,5.845558482974097366e-09,1.433004045341099383e-08,3.284366343466715119e-10
2.261000000000000000e+03,5.823348742198416865e-09,1.427559458913604779e-08,1.504043938762957943e-10
2.262000000000000000e+03,5.785578172143811963e-09,1.418300227337916175e-08,1.468242562506815222e-10
2.263000000000000000e+03,5.757389399055906428e-09,1.411389916546256988e-08,3.026484237410135287e-10
2.264000000000000000e+03,5.751548050289028337e-09,1.409957944487887319e-08,1.997504990133455539e-09
2.265000000000000000e+03,5.744733150043537456e-09,1.408287312049801404e-08,1.916711001655109410e-09
2.266000000000000000e+03,5.738826604774638981e-09,1.406839357455048023e-08,2.048774952106202973e-10
2.267000000000000000e+03,5.727499164133461125e-09,1.404062502461731792e-08,8.983613725591283703e-10
2.268000000000000000e+03,5.719781466971997425e-09,1.402170554705960060e-08,7.322333302171401739e-09
2.269000000000000000e+03,5.708774924772800621e-09,1.399472366065369851e-08,2.472934140173880289e-09
2.270000000000000000e+03,5.674969692296590004e-09,1.391185213514727805e-08,3.123125213823374325e-08
2.271000000000000000e+03,5.667444188388112717e-09,1.389340380796778291e-08,5.904217649274436647e-10
2.272000000000000000e+03,5.638931512399126102e-09,1.382350667127036643e-08,5.839788771604756759e-11
2.273000000000000000e+03,5.626934130051758883e-09,1.379409579891769710e-08,3.404613321105699145e-09
2.274000000000000000e+03,5.611992203084975939e-09,1.375746654980325281e-08,2.422282603708201092e-10
2.275000000000000000e+03,5.601080806653017083e-09,1.373071790761130579e-08,1.824388061902810491e-10
2.276000000000000000e+03,5.587812288550204704e-09,1.369819092122943750e-08,1.532961313567885883e-09
2.277000000000000000e+03,5.564580223860911394e-09,1.364123889042117530e-08,4.483982901706504160e-10
2.278000000000000000e+03,5.522426574688700988e-09,1.353790171576864688e-08,9.669950033168907853e-10
2.279000000000000000e+03,5.500625972932746007e-09,1.348445883157178910e-08,8.792846280950780485e-10
2.280000000000000000e+03,5.479476633284265061e-09,1.343261247786437464e-08,1.584734654382811944e-12
2.281000000000000000e+03,5.473563347005825903e-09,1.341811640673114633e-08,6.769382809593034120e-10
2.282000000000000000e+03,5.465398683808852888e-09,1.339810121840622059e-08,6.407053629535636268e-10
2.283000000000000000e+03,5.439971926325560216e-09,1.333576902818078310e-08,2.535647018557473927e-10
2.284000000000000000e+03,5.434079314955795741e-09,1.332132364036182591e-08,2.883992276501494098e-09
2.285000000000000000e+03,5.399113580967218366e-09,1.323560721412147263e-08,5.744215101518595173e-09
2.286000000000000000e+03,5.388260486598012598e-09,1.320900149598377989e-08,1.120170842206705588e-09
2.287000000000000000e+03,5.345957024295934775e-09,1.310529706331515125e-08,3.666711510167497656e-08
2.288000000000000000e+03,5.307745662955853095e-09,1.301162417382509735e-08,1.460129538810962715e-08
2.289000000000000000e+03,5.288997174724453487e-09,1.296566336519085380e-08,1.910500764984800934e-09
2.290000000000000000e+03,5.261346718501337433e-09,1.289787990918975544e-08,2.357023230339533560e-09
2.291000000000000000e+03,5.231994371224858105e-09,1.282592436805546850e-08,9.876711625952359104e-10
2.292000000000000000e+03,5.202239685827868579e-09,1.275298251884477693e-08,9.480968668601842932e-10
2.293000000000000000e+03,5.187777306619011597e-09,1.271752885266059301e-08,1.056199704466332601e-09
2.294000000000000000e+03,5.159909401387346946e-09,1.264921233329213152e-08,1.509648983306823718e-09
2.295000000000000000e+03,5.128711478018168869e-09,1.257273247165959801e-08,9.230274741845992540e-10
2.296000000000000000e+03,5.114199981373320712e-09,1.253715839698976160e-08,8.260463053566665872e-09
2.297000000000000000e+03,5.103415239219519972e-09,1.251072024026039132e-08,1.048619989177195587e-09
2.298000000000000000e+03,5.095335285899352008e-09,1.249091271318202579e-08,1.578354760850326017e-08
2.299000000000000000e+03,5.078352005747520310e-09,1.244927920762114503e-08,8.835459317467593048e-09
2.300000000000000000e+03,5.064279583707567436e-09,1.241478149834369043e-08,4.217616831380228837e-08
2.301000000000000000e+03,5.041014335422533084e-09,1.235774811991556570e-08,4.896169190430586354e-09
2.302000000000000000e+03,5.029736401455304899e-09,1.233010093266185941e-08,2.615598759852343920e-09
2.303000000000000000e+03,5.011465706549917740e-09,1.228531140607193467e-08,5.690625961369393594e-10
2.304000000000000000e+03,4.979193093664396011e-09,1.220619700673202613e-08,2.657557439655059422e-10
2.305000000000000000e+03,4.953614942876872031e-09,1.214349368478661344e-08,1.312933586712517481e-10
2.306000000000000000e+03,4.940825235761978265e-09,1.211214047518696190e-08,8.498966749258365439e-11
2.307000000000000000e+03,4.923118265737141051e-09,1.206873288675853375e-08,1.690965772644579891e-10
2.308000000000000000e+03,4.917768837129928812e-09,1.205561907931528162e-08,3.865368347447922975e-10
2.309000000000000000e+03,4.903514385297691289e-09,1.202067513478164731e-08,8.701275396065164377e-11
2.310000000000000000e+03,4.899400359201295709e-09,1.201058984343447385e-08,4.327188209210362441e-10
2.311000000000000000e+03,4.834733290821188812e-09,1.185206235481392485e-08,5.173294932078443769e-10
2.312000000000000000e+03,4.818787616102024490e-09,1.181297247752536624e-08,8.004624928109394754e-11
2.313000000000000000e+03,4.809035482763575992e-09,1.178906570015686320e-08,5.264982538238108700e-10
2.314000000000000000e+03,4.791516829426767306e-09,1.174611975893722732e-08,4.529059201176211359e-09
2.315000000000000000e+03,4.772284095866435428e-09,1.169897185155558547e-08,3.010288189849957352e-10
2.316000000000000000e+03,4.768596708903389994e-09,1.168993244077871454e-08,1.967698116700274420e-09
2.317000000000000000e+03,4.758352763641767806e-09,1.166482001560511737e-08,3.066743859883087047e-10
2.318000000000000000e+03,4.746096991453346008e-09,1.163477571585866792e-08,1.252663958440876582e-09
2.319000000000000000e+03,4.737597088738197105e-09,1.161393870770745152e-08,3.175404031485897185e-09
2.320000000000000000e+03,4.729607652066470715e-09,1.159435307683244404e-08,1.163619312240325618e-09
2.321000000000000000e+03,4.720422837642123687e-09,1.157183704818585345e-08,8.452880721331301882e-09
2.322000000000000000e+03,4.713334637806765232e-09,1.155446074604493771e-08,1.148262788936632380e-09
2.323000000000000000e+03,4.689713329394741272e-09,1.149655450730099114e-08,1.812226782476826685e-09
2.324000000000000000e+03,4.684513026637307367e-09,1.148380627304740162e-08,1.291635454034084094e-08
2.325000000000000000e+03,4.667230435287909100e-09,1.144143902381056829e-08,7.500261287460257803e-09
2.326000000000000000e+03,4.657957912690246028e-09,1.141870798377107614e-08,4.771139624737155514e-09
2.327000000000000000e+03,4.638648451282411010e-09,1.137137198261502017e-08,2.786088536848155198e-09
2.328000000000000000e+03,4.633865798434175793e-09,1.135964759238105839e-08,1.948002365686306774e-09
2.329000000000000000e+03,4.622208943017635669e-09,1.133107150163367871e-08,2.425503349556808397e-09
2.330000000000000000e+03,4.605449773433082917e-09,1.128998738985689772e-08,1.272913926844892262e-10
2.331000000000000000e+03,4.593230337842280485e-09,1.126003216712769845e-08,5.617998442245289249e-10
2.332000000000000000e+03,4.585464676654462808e-09,1.124099510859975309e-08,1.722967748709777125e-09
2.333000000000000000e+03,4.567922608487347144e-09,1.119799176731021869e-08,2.965648099733745248e-09
2.334000000000000000e+03,4.555229238463138666e-09,1.116687472238340623e-08,1.002901915455105928e-10
2.335000000000000000e+03,4.544768593918662622e-09,1.114123107175058716e-08,3.147437861519385042e-11
2.336000000000000000e+03,4.535385621781214252e-09,1.111822927120501338e-08,1.348213334045604498e-09
2.337000000000000000e+03,4.527357577066453528e-09,1.109854899499883209e-08,5.227847663108776625e-11
2.338000000000000000e+03,4.522256658038656814e-09,1.108604439407305080e-08,1.253336983816496911e-09
2.339000000000000000e+03,4.513327554751622200e-09,1.106415522613664801e-08,2.020881805460985513e-09
2.340000000000000000e+03,4.498741435908567740e-09,1.102839821956695484e-08,5.709171816589181811e-11
2.341000000000000000e+03,4.495314463276080119e-09,1.101999719909999392e-08,2.541759932185204918e-10
2.342000000000000000e+03,4.489372712071726839e-09,1.100543134788654953e-08,2.624462872116829652e-09
2.343000000000000000e+03,4.481128244735318905e-09,1.098522052443971252e-08,1.936592561246866060e-09
2.344000000000000000e+03,4.470787787044225906e-09,1.095987150476062851e-08,2.797713843559524432e-10
2.345000000000000000e+03,4.444248278587210278e-09,1.089481147141900939e-08,4.707499610049876145e-10
2.346000000000000000e+03,4.406257054466797572e-09,1.080167823528668918e-08,2.360393119503986415e-10
2.347000000000000000e+03,4.395201005585584431e-09,1.077457498618155484e-08,2.788943202405894283e-10
2.348000000000000000e+03,4.382668362534168990e-09,1.074385195391046830e-08,1.190022445849334087e-10
2.349000000000000000e+03,4.364100513436730152e-09,1.069833397141587545e-08,2.320276502167489595e-11
2.350000000000000000e+03,4.357509827307135485e-09,1.068217729466242145e-08,3.618016002635536759e-10
2.351000000000000000e+03,4.351987741305694925e-09,1.066864022784180148e-08,4.302498226643563037e-09
2.352000000000000000e+03,4.326203396832096425e-09,1.060543143428554273e-08,5.240130134808115873e-10
2.353000000000000000e+03,4.309940401890634853e-09,1.056556366526337901e-08,8.897556344951370657e-09
2.354000000000000000e+03,4.306294070718535154e-09,1.055662490032673241e-08,2.156105948917256833e-10
2.355000000000000000e+03,4.296805595459572961e-09,1.053336446512654627e-08,9.125600012926194271e-10
2.356000000000000000e+03,4.292049882034008344e-09,1.052170611529193790e-08,6.401291863805137050e-10
2.357000000000000000e+03,4.277362361569600411e-09,1.048570052865239082e-08,2.933096744467442521e-09
2.358000000000000000e+03,4.274177467981342559e-09,1.047789295062670285e-08,1.066670510057073804e-09
2.359000000000000000e+03,4.266542970427480146e-09,1.045917743198002987e-08,3.853662867173304047e-11
2.360000000000000000e+03,4.248728310306906122e-09,1.041550584765919226e-08,5.840957986926327539e-11
2.361000000000000000e+03,4.232143561406732679e-09,1.037484931786116392e-08,3.000683502778588291e-10
2.362000000000000000e+03,4.221464716458600695e-09,1.034867076186037435e-08,2.002132878623917946e-10
2.363000000000000000e+03,4.212785570652269344e-09,1.032739434988570472e-08,4.346807037949502345e-10
2.364000000000000000e+03,4.206736809533492002e-09,1.031256617020405945e-08,6.992805909067296730e-10
2.365000000000000000e+03,4.191131536920680393e-09,1.027431076852098305e-08,2.125958560412029172e-09
2.366000000000000000e+03,4.180907561148649135e-09,1.024924729736854565e-08,1.065134765812871061e-09
2.367000000000000000e+03,4.169116256166397184e-09,1.022034161147277960e-08,4.742588665397715683e-10
2.368000000000000000e+03,4.155941482317848583e-09,1.018804443357880560e-08,1.948021839880970610e-10
2.369000000000000000e+03,4.144199711719990945e-09,1.015926017829301096e-08,4.475008102392838558e-10
2.370000000000000000e+03,4.130897064465125090e-09,1.012664952631597469e-08,1.596411281455909001e-09
2.371000000000000000e+03,4.120649046969844621e-09,1.010152711830271757e-08,1.538199704849512222e-09
2.372000000000000000e+03,4.112134637204349493e-09,1.008065454697666906e-08,2.047302333747623233e-09
2.373000000000000000e+03,4.089893821741618322e-09,1.002613250494662523e-08,2.171629275033012833e-09
2.374000000000000000e+03,4.079545451690918304e-09,1.000076408858652610e-08,1.743891698557333098e-09
2.375000000000000000e+03,4.075615010773120985e-09,9.991128845432972528e-09,5.202119537148731011e-10
2.376000000000000000e+03,4.071480887984786320e-09,9.980994288235613998e-09,5.698557708867067119e-10
2.377000000000000000e+03,4.063010339538189901e-09,9.960229240335425843e-09,1.612381494439063504e-09
2.378000000000000000e+03,4.056169835394289550e-09,9.943460149513851432e-09,3.075078629443652477e-10
2.379000000000000000e+03,4.051494318453107163e-09,9.931998396611559193e-09,1.820735632649658888e-09
2.380000000000000000e+03,4.031598243178227711e-09,9.883224346299077575e-09,6.019616233470065786e-10
2.381000000000000000e+03,4.022163974209975638e-09,9.860096794610529238e-09,3.905862917687269154e-10
2.382000000000000000e+03,3.986791105933617150e-09,9.773382302773728833e-09,9.195758226020929265e-11
2.383000000000000000e+03,3.958964827888106934e-09,9.705167829987008249e-09,3.474545927597263686e-09
2.384000000000000000e+03,3.946450170764872703e-09,9.674488889153749539e-09,2.736639896831738754e-09
2.385000000000000000e+03,3.935597789209534435e-09,9.647884918437041384e-09,4.647545851721528770e-09
2.386000000000000000e+03,3.929375255374790146e-09,9.632630745232835593e-09,2.618647483344370411e-09
2.387000000000000000e+03,3.917368521103540943e-09,9.603196947192581207e-09,1.270768205535020124e-09
2.388000000000000000e+03,3.909829633140248649e-09,9.584715809795295663e-09,4.467884891169317274e-11
2.389000000000000000e+03,3.903819518567724982e-09,9.569982369833184640e-09,1.896500650789446304e-09
2.390000000000000000e+03,3.898415011657761111e-09,9.556733541192415174e-09,3.749635935930572891e-09
2.391000000000000000e+03,3.890720373737287803e-09,9.537870591998442933e-09,6.954378874566245699e-09
2.392000000000000000e+03,3.889480704919154088e-09,9.534831617302624845e-09,5.893273210343190090e-09
2.393000000000000000e+03,3.874526409420775247e-09,9.498172047465423810e-09,1.442701356301553566e-08
2.394000000000000000e+03,3.848448797694487896e-09,9.434244326606163910e-09,1.148304270256101995e-09
2.395000000000000000e+03,3.843633741534901047e-09,9.422440501573313797e-09,3.408994168791693850e-09
2.396000000000000000e+03,3.799181946802550617e-09,9.313469559173775816e-09,1.000645995666032324e-08
2.397000000000000000e+03,3.792913814935582505e-09,9.298103605093837652e-09,4.112253568825237186e-10
2.398000000000000000e+03,3.790235659724946767e-09,9.291538266192395303e-09,5.202938192316416557e-09
2.399000000000000000e+03,3.782500229701734913e-09,9.272575317574224697e-09,2.017514591373197541e-09
2.400000000000000000e+03,3.772048291128479134e-09,9.246953009114294467e-09,1.295286290739285639e-10
2.401000000000000000e+03,3.767587662216406600e-09,9.236018041489928551e-09,7.789388724192295282e-10
2.402000000000000000e+03,3.761976171229007965e-09,9.222261803640700339e-09,1.798591797595292741e-09
2.403000000000000000e+03,3.750976282239963926e-09,9.195296227185491742e-09,1.162438731577235213e-09
2.404000000000000000e+03,3.741585893281778897e-09,9.172276244743095706e-09,1.245760310556836929e-10
2.405000000000000000e+03,3.734099668014921768e-09,9.153924206827493623e-09,5.994085830104254704e-09
2.406000000000000000e+03,3.718950101568698293e-09,9.116785941825384557e-09,8.171710836479291963e-10
2.407000000000000000e+03,3.714223294201895941e-09,9.105198453482047263e-09,1.487804784292438789e-10
2.408000000000000000e+03,3.706865275086011671e-09,9.087160705353326493e-09,1.681052982520781776e-09
2.409000000000000000e+03,3.696420016763649264e-09,9.061554773132865043e-09,5.788906516079801887e-09
2.410000000000000000e+03,3.693376709833464084e-09,9.054094286414833780e-09,3.063927962989539712e-09
2.411000000000000000e+03,3.684632294111612479e-09,9.032657869107479909e-09,3.553976763296476667e-09
2.412000000000000000e+03,3.678466806319184488e-09,9.017543540897808102e-09,2.334627418138085424e-09
2.413000000000000000e+03,3.670049879253347117e-09,8.996909942637150896e-09,8.663864987418790344e-10
2.414000000000000000e+03,3.658614766951395655e-09,8.968877442003801111e-09,8.002567960075135312e-09
2.415000000000000000e+03,3.655001943165356593e-09,8.960020818439811814e-09,9.687593746456150219e-10
2.416000000000000000e+03,3.646837511098117485e-09,8.940006196715740231e-09,1.002360834552809605e-10
2.417000000000000000e+03,3.640237472123991296e-09,8.923826592017781884e-09,1.527981789896433516e-09
2.418000000000000000e+03,3.631560883085500328e-09,8.902556447808064456e-09,9.304904963396601460e-10
2.419000000000000000e+03,3.624854857829092697e-09,8.886117024015485294e-09,3.545203338338805963e-09
2.420000000000000000e+03,3.595751824557406962e-09,8.814772661399846862e-09,6.572429248523711102e-10
2.421000000000000000e+03,3.593629813497192149e-09,8.809570676948911160e-09,6.246829902817042567e-10
2.422000000000000000e+03,3.579859832550366521e-09,8.775814384101026837e-09,2.055260465848183656e-10
2.423000000000000000e+03,3.576125725922339488e-09,8.766660442832142645e-09,1.563482293041484567e-10
2.424000000000000000e+03,3.565304996177561605e-09,8.740134064654635863e-09,2.334790874023550747e-10
2.425000000000000000e+03,3.553292799754367376e-09,8.710686876472351786e-09,4.819151669125946417e-09
2.426000000000000000e+03,3.547588997757700551e-09,8.696704343650458330e-09,2.164627091896220422e-09
2.427000000000000000e+03,3.541048154682616217e-09,8.680669854193484680e-09,1.769072514343475131e-09
2.428000000000000000e+03,3.533418767592366839e-09,8.661966863545723028e-09,1.059223130153319491e-08
2.429000000000000000e+03,3.509930152722235827e-09,8.604385915161760133e-09,2.954670280018641445e-09
2.430000000000000000e+03,3.503563780629770787e-09,8.588779130986696026e-09,1.137961373642066642e-10
2.431000000000000000e+03,3.498762541879479428e-09,8.577009178514480819e-09,9.385336507773667774e-11
2.432000000000000000e+03,3.493787301439012772e-09,8.564812671202991535e-09,5.009162699514716845e-10
2.433000000000000000e+03,3.489563641912218419e-09,8.554458619993568157e-09,1.164798361818673503e-09
2.434000000000000000e+03,3.486926921150567291e-09,8.547994855190109044e-09,1.129486616176302438e-09
2.435000000000000000e+03,3.480862621724220764e-09,8.533128584267619336e-09,7.357828207541542296e-11
2.436000000000000000e+03,3.469620705616416642e-09,8.505569692663353333e-09,2.231714220808084446e-09
2.437000000000000000e+03,3.462343517853414843e-09,8.487730097809479785e-09,1.882509497448869310e-09
2.438000000000000000e+03,3.458445485359277454e-09,8.478174301987335358e-09,7.734584659243851102e-09
2.439000000000000000e+03,3.448948776092998193e-09,8.454893681605820410e-09,3.220558862875283822e-10
2.440000000000000000e+03,3.438709828276151339e-09,8.429793507372146689e-09,2.250963686638894733e-10
2.441000000000000000e+03,3.430877122160849743e-09,8.410592092174800945e-09,2.412376835430806790e-09
2.442000000000000000e+03,3.428127696293746460e-09,8.403852037479599365e-09,2.501915389463147291e-09
2.443000000000000000e+03,3.422587804778179845e-09,8.390271321495523839e-09,4.411025196890075870e-09
2.444000000000000000e+03,3.415463229553364063e-09,8.372805847241465237e-09,6.494573482564789743e-10
2.445000000000000000e+03,3.397299414428741028e-09,8.328278330104779707e-09,4.488454249628320717e-09
2.446000000000000000e+03,3.385487240285221976e-09,8.299321484696015815e-09,1.111838319773025983e-08
2.447000000000000000e+03,3.380473943929655695e-09,8.287031685562290530e-09,2.727483108506827918e-09
2.448000000000000000e+03,3.371299148914599934e-09,8.264540218904239042e-09,8.805658495934335021e-10
2.449000000000000000e+03,3.366473775197043750e-09,8.252711100989020226e-09,7.860356249769232719e-10
2.450000000000000000e+03,3.358056237310846255e-09,8.232076005338423431e-09,2.967350867313283914e-09
2.451000000000000000e+03,3.345539790614437725e-09,8.201392677472503205e-09,1.105185032568508685e-08
2.452000000000000000e+03,3.330301285701482871e-09,8.164036385086042285e-09,7.929002224681302721e-09
2.453000000000000000e+03,3.312486967318680344e-09,8.120365638515112538e-09,2.409773162301025858e-09
2.454000000000000000e+03,3.304674702488407202e-09,8.101214333917503436e-09,2.060486237516299951e-08
2.455000000000000000e+03,3.293106125150931945e-09,8.072854651653221088e-09,1.014866437468434926e-09
2.456000000000000000e+03,3.284988908103698940e-09,8.052955774754672882e-09,2.164773264303655918e-09
2.457000000000000000e+03,3.272965898696232718e-09,8.023482079181778011e-09,3.713482208575066834e-09
2.458000000000000000e+03,3.266122756397741527e-09,8.006706521080452314e-09,2.816798512127060010e-09
2.459000000000000000e+03,3.257134079384837234e-09,7.984671311682969409e-09,1.800019504101202629e-09
2.460000000000000000e+03,3.248231679794441584e-09,7.962847606277512671e-09,3.777426402931807619e-09
2.461000000000000000e+03,3.243246479920348275e-09,7.950626684004273783e-09,5.044816067622450922e-09
2.462000000000000000e+03,3.234521093170081819e-09,7.929236915093886053e-09,3.960032560524936109e-09
2.463000000000000000e+03,3.219408280561227922e-09,7.892188749947565262e-09,6.310316522313265785e-10
2.464000000000000000e+03,3.211037268711261442e-09,7.871667710119568033e-09,4.390539793828191502e-11
2.465000000000000000e+03,3.205522057600316768e-09,7.858147496685875057e-09,1.549238374090170362e-10
2.466000000000000000e+03,3.196609250120484601e-09,7.836298276955809195e-09,1.147822848052657762e-09
2.467000000000000000e+03,3.192594360476923409e-09,7.826456012752004761e-09,1.966046824705802909e-11
2.468000000000000000e+03,3.177360290368487173e-09,7.789110592026195600e-09,3.626257084853131175e-10
2.469000000000000000e+03,3.173912843002580102e-09,7.780659378962749862e-09,4.595049081121494375e-10
2.470000000000000000e+03,3.157462635062327878e-09,7.740332668360599982e-09,2.182709213115956487e-09
2.471000000000000000e+03,3.152301187236846269e-09,7.727679684671744622e-09,8.590883386858108317e-10
2.472000000000000000e+03,3.140689846326099428e-09,7.699215170039997081e-09,1.130747433462573056e-09
2.473000000000000000e+03,3.134305824033104465e-09,7.683565117443559796e-09,2.184558477141918520e-10
2.474000000000000000e+03,3.123025688516755302e-09,7.655912533222557304e-09,2.456726337703136042e-09
2.475000000000000000e+03,3.118623162906881153e-09,7.645120002402716657e-09,1.115306197955061772e-10
2.476000000000000000e+03,3.116684285130945582e-09,7.640366958353238349e-09,8.707518477671212946e-12
2.477000000000000000e+03,3.108448525448364461e-09,7.620177481204100749e-09,8.274575631921285948e-10
2.478000000000000000e+03,3.105005454154714815e-09,7.611736995822646395e-09,1.641046496624994435e-10
2.479000000000000000e+03,3.099951108857025832e-09,7.599346567638180197e-09,1.998409476434088577e-10
2.480000000000000000e+03,3.094782763667252129e-09,7.586676675469216012e-09,4.097037184575940711e-10
2.481000000000000000e+03,3.090718665118109813e-09,7.576713778547479813e-09,1.299359651122362951e-10
2.482000000000000000e+03,3.087970817555177920e-09,7.569977592971488120e-09,1.546766988394919773e-10
2.483000000000000000e+03,3.084025043059609130e-09,7.560304760460064361e-09,4.498208063971289635e-10
2.484000000000000000e+03,3.069802548771194118e-09,7.525439157952620037e-09,6.367543129593721764e-09
2.485000000000000000e+03,3.061876242157614166e-09,7.506008286676665247e-09,1.986517200655719429e-10
2.486000000000000000e+03,3.057583841163093951e-09,7.495485719829906121e-09,1.728864882110697112e-09
2.487000000000000000e+03,3.045354375915674238e-09,7.465505909991455203e-09,1.364258018982475379e-10
2.488000000000000000e+03,3.043751703022557749e-09,7.461577052302521015e-09,1.220226778691475142e-10
2.489000000000000000e+03,3.035079807600770501e-09,7.440318414216201163e-09,2.922479680732178552e-10
2.490000000000000000e+03,3.028595519562387918e-09,7.424422566082573910e-09,6.247176834820461734e-11
2.491000000000000000e+03,3.020552331389621362e-09,7.404705166585871531e-09,4.344744822634636320e-10
2.492000000000000000e+03,3.015701820568055614e-09,7.392814426548765413e-09,1.219969568427228959e-08
2.493000000000000000e+03,3.012387676538925957e-09,7.384689998721350065e-09,5.846691826285599314e-10
2.494000000000000000e+03,3.003903622087016322e-09,7.363891841648948383e-09,1.120052228464467775e-10
2.495000000000000000e+03,2.983353847082090226e-09,7.313515285159642319e-09,3.572560492335703720e-10
2.496000000000000000e+03,2.976979080698141086e-09,7.297887922876105907e-09,1.906556000330871312e-10
2.497000000000000000e+03,2.968153602094643246e-09,7.276252784714851686e-09,2.737801910177297298e-09
2.498000000000000000e+03,2.963870116194598749e-09,7.265752072694257513e-09,2.133943559113446754e-09
2.499000000000000000e+03,2.950642510650094345e-09,7.233325381026282962e-09,3.380441834137754341e-10
2.500000000000000000e+03,2.944962835216556346e-09,7.219401993045151359e-09,1.206894667504672035e-09
2.501000000000000000e+03,2.937655394458873567e-09,7.201488234766366777e-09,5.703204683481934976e-09
2.502000000000000000e+03,2.926737582308270806e-09,7.174723864820095626e-09,1.040437138950655979e-08
2.503000000000000000e+03,2.916867606350628425e-09,7.150528203249150519e-09,1.309562791782577523e-09
2.504000000000000000e+03,2.912811789229066332e-09,7.140585607756708653e-09,2.371057513513731877e-09
2.505000000000000000e+03,2.907893926680070397e-09,7.128529758948303707e-09,3.298460756756837172e-10
2.506000000000000000e+03,2.900380483947162300e-09,7.110110999026466606e-09,1.003494912215720285e-10
2.507000000000000000e+03,2.896984303993846564e-09,7.101785464988986608e-09,8.445949614723261162e-10
2.508000000000000000e+03,2.891888059358878023e-09,7.089292323060411956e-09,4.299254959452923097e-10
2.509000000000000000e+03,2.889426433261229501e-09,7.083257792456840653e-09,2.878690924904630209e-09
2.510000000000000000e+03,2.883525893981699600e-09,7.068792969836575730e-09,1.352672457185666229e-10
2.511000000000000000e+03,2.879779815183758027e-09,7.059609679502124132e-09,1.092971093787075722e-09
2.512000000000000000e+03,2.876173771738491333e-09,7.050769677542014058e-09,1.718251301997163831e-09
2.513000000000000000e+03,2.867029986006420735e-09,7.028354228304864619e-09,1.325361767378079292e-08
2.514000000000000000e+03,2.861301685713926759e-09,7.014311639361513567e-09,5.478258101625870515e-09
2.515000000000000000e+03,2.855210178479169386e-09,6.999378670107923028e-09,6.110222556668627947e-09
2.516000000000000000e+03,2.846767724664993281e-09,6.978682494535379873e-09,9.619354978292918557e-10
2.517000000000000000e+03,2.821030952356572239e-09,6.915590321324881414e-09,1.533892378247930152e-09
2.518000000000000000e+03,2.818924868825831186e-09,6.910427382269240559e-09,1.722303745304590207e-09
2.519000000000000000e+03,2.815403021640035520e-09,6.901793782453212858e-09,6.557026445098700673e-10
2.520000000000000000e+03,2.812273574951548879e-09,6.894122129218808921e-09,4.887060355793354618e-10
2.521000000000000000e+03,2.807589490095815456e-09,6.882639372581375932e-09,1.551181003935778213e-09
2.522000000000000000e+03,2.798663175580541110e-09,6.860757041153794369e-09,1.712711990901723618e-11
2.523000000000000000e+03,2.796416257864912870e-09,6.855248855433948717e-09,8.847942419762147914e-10
2.524000000000000000e+03,2.790394670221435668e-09,6.840487289917819964e-09,1.039497002683073457e-11
2.525000000000000000e+03,2.786732269701003089e-09,6.831509131925345355e-09,2.981087733139026100e-11
2.526000000000000000e+03,2.783538358027890805e-09,6.823679446598677146e-09,9.639607900296633065e-12
2.527000000000000000e+03,2.777884341698459283e-09,6.809818960391757993e-09,5.806143800668785935e-11
2.528000000000000000e+03,2.767975818764057521e-09,6.785528803189997079e-09,9.867453068190664064e-11
2.529000000000000000e+03,2.759106535460022405e-09,6.763786280399442458e-09,2.705501680486262313e-10
2.530000000000000000e+03,2.754529635734255687e-09,6.752566281760737016e-09,1.627843551670165989e-10
2.531000000000000000e+03,2.749499199512991439e-09,6.740234465261256244e-09,1.323796048422686411e-09
2.532000000000000000e+03,2.737386529380988327e-09,6.710540971731769045e-09,4.971784366744895600e-09
2.533000000000000000e+03,2.734833580170374369e-09,6.704282567924817675e-09,1.771640439596094108e-09
2.534000000000000000e+03,2.730073731664866557e-09,6.692614081186604329e-09,6.972051290779545233e-10
2.535000000000000000e+03,2.724318226075296550e-09,6.678504800068539281e-09,6.402157608868149380e-09
2.536000000000000000e+03,2.719121996434387337e-09,6.665766550818904635e-09,5.328487497877211047e-09
2.537000000000000000e+03,2.710011170505038714e-09,6.643431900586284801e-09,2.965107027350459139e-09
2.538000000000000000e+03,2.701541061131727758e-09,6.622667929048254595e-09,3.752334986398867244e-09
2.539000000000000000e+03,2.698106879755643465e-09,6.614249236773260982e-09,1.073335222674659088e-09
2.540000000000000000e+03,2.696029772722276060e-09,6.609157331884974891e-09,6.574151997100274011e-10
2.541000000000000000e+03,2.690854020560094526e-09,6.596469281961786383e-09,2.492286067143365205e-09
2.542000000000000000e+03,2.688330802738399830e-09,6.590283762894110486e-09,5.823378452137311843e-11
2.543000000000000000e+03,2.681161079299094429e-09,6.572707610465858655e-09,1.485377052399290289e-09
2.544000000000000000e+03,2.674843408642168063e-09,6.557220214975971285e-09,9.330036549443936424e-10
2.545000000000000000e+03,2.668479837283196398e-09,6.541620296633209978e-09,1.291117200439851761e-09
2.546000000000000000e+03,2.663156515778027906e-09,6.528570489204585437e-09,1.123140567665414622e-09
2.547000000000000000e+03,2.657678674162346722e-09,6.515141884875550598e-09,5.240120142742770333e-10
2.548000000000000000e+03,2.653727440858798213e-09,6.505455670419629900e-09,1.286705829101593998e-09
2.549000000000000000e+03,2.649999278804652306e-09,6.496316301921583389e-09,4.328566701745488567e-10
2.550000000000000000e+03,2.644124825815360670e-09,6.481915428297035709e-09,2.064785802228516146e-09
2.551000000000000000e+03,2.639103746560195553e-09,6.469606549845838031e-09,1.371345598769502774e-11
2.552000000000000000e+03,2.635829059346705921e-09,6.461578848065374246e-09,1.411722591430279879e-10
2.553000000000000000e+03,2.632742526165986479e-09,6.454012394753970168e-09,2.034614110634161506e-09
2.554000000000000000e+03,2.628112092719620486e-09,6.442661161369424345e-09,8.311152063413789963e-10
2.555000000000000000e+03,2.623627718343450204e-09,6.431667983146004110e-09,9.589053074786142366e-11
2.556000000000000000e+03,2.621423352637700368e-09,6.426264111158492507e-09,1.052865296156151515e-09
2.557000000000000000e+03,2.615820089589557486e-09,6.412528043615098091e-09,1.518933228049594103e-08
2.558000000000000000e+03,2.612179641383252385e-09,6.403603700420714848e-09,2.095107443667122342e-08
2.559000000000000000e+03,2.604071831878663416e-09,6.383727885555854439e-09,2.035750038753399834e-09
2.560000000000000000e+03,2.598166333916253856e-09,6.369250907018158053e-09,6.203782083374766428e-10
2.561000000000000000e+03,2.590458188333415288e-09,6.350354844589806583e-09,4.485152061612953847e-09
2.562000000000000000e+03,2.582260538912911443e-09,6.330258792491301952e-09,1.964180021791382102e-08
2.563000000000000000e+03,2.580157043389128085e-09,6.325102197781458464e-09,1.147607446695941550e-08
2.564000000000000000e+03,2.572584132589451907e-09,6.306537655415573489e-09,7.893401478115657164e-10
2.565000000000000000e+03,2.568330443513073137e-09,6.296109988543660274e-09,2.319755817565103551e-09
2.566000000000000000e+03,2.563807255449431147e-09,6.285021660863907253e-09,4.237789323954365843e-09
2.567000000000000000e+03,2.551998253405164407e-09,6.256072591668613594e-09,1.260860949421912938e-08
2.568000000000000000e+03,2.548694674671696623e-09,6.247974064037848014e-09,2.927119506176380996e-09
2.569000000000000000e+03,2.545885888331655160e-09,6.241088490658500802e-09,1.872691674355836189e-09
2.570000000000000000e+03,2.542232806005795587e-09,6.232133175668208745e-09,2.775768926503083839e-09
2.571000000000000000e+03,2.537493578880704603e-09,6.220515241022910812e-09,1.687341310335417117e-09
2.572000000000000000e+03,2.531054600409073983e-09,6.204730466608993512e-09,2.446796911051614519e-09
2.573000000000000000e+03,2.526265305673025038e-09,6.192989794180382042e-09,1.206656233504858146e-09
2.574000000000000000e+03,2.521430783390726043e-09,6.181138249100464533e-09,3.989309756255168612e-10
2.575000000000000000e+03,2.517462079079067431e-09,6.171409205502776058e-09,7.733602708377182405e-10
2.576000000000000000e+03,2.515302396618241771e-09,6.166114871844101880e-09,2.755185633141895887e-09
2.577000000000000000e+03,2.513183337225700115e-09,6.160920123231673447e-09,9.662322221800192496e-10
2.578000000000000000e+03,2.508149408723819057e-09,6.148579745613069337e-09,1.715883991040145772e-09
2.579000000000000000e+03,2.504416312540843061e-09,6.139428281390389647e-09,6.204914831467232331e-10
2.580000000000000000e+03,2.498495473818240777e-09,6.124913695887543411e-09,5.723816693220691542e-09
2.581000000000000000e+03,2.495991676245384826e-09,6.118775784409849625e-09,2.151955481477896518e-09
2.582000000000000000e+03,2.488704712768407651e-09,6.100912224972071966e-09,1.519381212970451222e-10
2.583000000000000000e+03,2.485455752770407480e-09,6.092947591936843769e-09,9.371143145141863041e-11
2.584000000000000000e+03,2.477085880279795521e-09,6.072429345180831780e-09,2.616185555834646113e-10
2.585000000000000000e+03,2.460745847848338749e-09,6.032372723314020586e-09,3.772863434252815855e-09
2.586000000000000000e+03,2.455835392734133441e-09,6.020335033393344581e-09,2.913077818628584013e-09
2.587000000000000000e+03,2.453845002222221768e-09,6.015455708922148864e-09,1.063551373837459002e-09
2.588000000000000000e+03,2.441959589130192440e-09,5.986319322568243946e-09,3.674792947312517480e-09
2.589000000000000000e+03,2.434984974036039837e-09,5.969221466694029914e-09,3.700941761066793975e-09
2.590000000000000000e+03,2.432230268160961345e-09,5.962468468371953868e-09,4.446806148762695262e-09
2.591000000000000000e+03,2.427389143059095187e-09,5.950600736870879238e-09,3.609427300879576695e-09
2.592000000000000000e+03,2.421709399348635510e-09,5.936677181512917132e-09,1.894543427921632747e-09
2.593000000000000000e+03,2.415560251268434690e-09,5.921602909140149724e-09,1.966261295584144888e-09
2.594000000000000000e+03,2.408825768726094935e-09,5.905093723996317526e-09,1.064528009057686052e-09
2.595000000000000000e+03,2.406741360967207156e-09,5.899983921811759032e-09,3.996050672472189067e-10
2.596000000000000000e+03,2.405877538774400577e-09,5.897866312860701915e-09,4.092853026729469761e-09
2.597000000000000000e+03,2.397197418001855935e-09,5.876587510814097245e-09,3.495574204438388797e-09
2.598000000000000000e+03,2.391109779576267921e-09,5.861664025717078574e-09,1.439214442997534173e-09
2.599000000000000000e+03,2.388945260449510712e-09,5.856357835258296040e-09,1.599379860099592866e-09
2.600000000000000000e+03,2.386362781997131631e-09,5.850027042263846883e-09,8.562126875364633746e-10
2.601000000000000000e+03,2.380180544247915179e-09,5.834871652527022133e-09,1.034723755254857695e-08
2.602000000000000000e+03,2.377477900352146603e-09,5.828246281064169909e-09,2.211969280482453363e-09
2.603000000000000000e+03,2.371750458187539109e-09,5.814205795770514924e-09,4.779479253882957736e-09
2.604000000000000000e+03,2.366885563656249101e-09,5.802279794920807757e-09,4.015289519121631103e-10
2.605000000000000000e+03,2.365110258829514446e-09,5.797927740269683543e-09,6.139851561703975901e-10
2.606000000000000000e+03,2.359868673265282346e-09,5.785078303659951113e-09,1.883065422885348223e-11
2.607000000000000000e+03,2.352284229906635392e-09,5.766485489908694540e-09,4.221672054234389351e-10
2.608000000000000000e+03,2.349443012315294740e-09,5.759520413237330918e-09,9.620717192195283929e-11
2.609000000000000000e+03,2.343134201450703618e-09,5.744054737003686557e-09,8.676109241174525190e-10
2.610000000000000000e+03,2.339780761668275679e-09,5.735833977964112863e-09,1.156445168621683487e-09
2.611000000000000000e+03,2.333600003965064093e-09,5.720682216472421796e-09,8.413695973321588260e-10
2.612000000000000000e+03,2.326612401686944730e-09,5.703552523285800731e-09,4.213061464807877792e-12
2.613000000000000000e+03,2.321751955708569007e-09,5.691637427800124256e-09,1.927032666905513416e-10
2.614000000000000000e+03,2.318627356668344083e-09,5.683977658288360622e-09,3.574015225671794587e-10
2.615000000000000000e+03,2.311113702478124998e-09,5.665558379991448035e-09,2.853867328475864390e-09
2.616000000000000000e+03,2.305719334897723884e-09,5.652334407316661311e-09,3.577673215569853165e-10
2.617000000000000000e+03,2.299205348468428082e-09,5.636365755336416690e-09,1.096077671557544455e-10
2.618000000000000000e+03,2.294393015189213702e-09,5.624568605283553002e-09,2.509771758235501425e-10
2.619000000000000000e+03,2.290739081672321310e-09,5.615611203648849790e-09,3.123594701321481117e-11
2.620000000000000000e+03,2.288450706832992150e-09,5.610001388245297685e-09,9.927543662803298133e-10
2.621000000000000000e+03,2.286154247013544345e-09,5.604371752991767822e-09,3.809320845397450021e-10
2.622000000000000000e+03,2.282586324894505666e-09,5.595625203205402382e-09,2.052436129071337431e-10
2.623000000000000000e+03,2.277431984839560581e-09,5.582989643795102603e-09,7.582640033861363800e-10
2.624000000000000000e+03,2.270980249634549565e-09,5.567173597004742842e-09,8.147723683491471379e-10
2.625000000000000000e+03,2.267820440950137317e-09,5.559427513135331305e-09,2.111445262963980673e-10
2.626000000000000000e+03,2.264628479499142260e-09,5.551602608662694192e-09,3.458547778567884679e-10
2.627000000000000000e+03,2.260995532160683535e-09,5.542696653401642612e-09,9.299625377544720285e-11
2.628000000000000000e+03,2.254488038077070697e-09,5.526743917022371037e-09,1.669232540841759027e-09
2.629000000000000000e+03,2.252226946685204438e-09,5.521200985374577226e-09,2.343350797508270839e-10
2.630000000000000000e+03,2.246349871229968605e-09,5.506793682930067311e-09,3.891949202469188661e-10
2.631000000000000000e+03,2.244902361598910490e-09,5.503245198789470924e-09,2.746294119449820549e-10
2.632000000000000000e+03,2.239370969203342219e-09,5.489685317894761782e-09,1.038755485129445584e-09
2.633000000000000000e+03,2.236194425608418713e-09,5.481898209383255324e-09,8.658513488000495960e-10
2.634000000000000000e+03,2.234690428721976916e-09,5.478211250081199184e-09,9.372101379143775292e-10
2.635000000000000000e+03,2.231079836191068843e-09,5.469360096307031323e-09,3.928368825116311328e-11
2.636000000000000000e+03,2.221033033050644359e-09,5.444730953369008581e-09,4.275671523998464553e-10
2.637000000000000000e+03,2.215397962173487817e-09,5.430916910816412981e-09,1.572088802141238535e-12
2.638000000000000000e+03,2.210308908515525848e-09,5.418441397142128400e-09,3.088532065329163580e-10
2.639000000000000000e+03,2.205144059424739713e-09,5.405780075452798195e-09,1.383326336325062411e-09
2.640000000000000000e+03,2.204391546629561349e-09,5.403935334898405115e-09,5.492318505424057421e-10
2.641000000000000000e+03,2.198319226493091689e-09,5.389049401680028155e-09,3.108280429592004946e-10
2.642000000000000000e+03,2.194942525569446695e-09,5.380771619330259155e-09,4.208890054357344426e-10
2.643000000000000000e+03,2.190876035950021901e-09,5.370802860841320877e-09,6.917187448327118810e-10
2.644000000000000000e+03,2.188941267371215632e-09,5.366059890245263294e-09,1.196267610409353486e-10
2.645000000000000000e+03,2.187053563334494036e-09,5.361432295587015081e-09,2.281593711282780073e-09
2.646000000000000000e+03,2.182578836753060008e-09,5.350462768361058955e-09,3.414727659457500805e-09
2.647000000000000000e+03,2.178753599815627292e-09,5.341085426535303464e-09,4.262657916249888475e-10
2.648000000000000000e+03,2.174757459426807161e-09,5.331289125019187935e-09,3.022332925214699223e-10
2.649000000000000000e+03,2.171696402386536781e-09,5.323785124957425814e-09,5.890203007848371246e-10
2.650000000000000000e+03,2.164265479684213192e-09,5.305568658003819765e-09,3.623605238527262257e-10
2.651000000000000000e+03,2.160027896135316419e-09,5.295180472878776854e-09,6.289360447629267920e-10
2.652000000000000000e+03,2.157807394273565119e-09,5.289737044060392664e-09,8.448672948338241148e-10
2.653000000000000000e+03,2.150827327215889145e-09,5.272625823020461392e-09,1.596827047057077906e-10
2.654000000000000000e+03,2.146150200089276093e-09,5.261160122843938116e-09,1.254751460818154546e-09
2.655000000000000000e+03,2.135563775421887734e-09,5.235208129688362085e-09,2.329746950097042249e-10
2.656000000000000000e+03,2.131885369798230403e-09,5.226190736133136305e-09,2.335020595173267694e-10
2.657000000000000000e+03,2.126333157059578530e-09,5.212579815400316444e-09,5.928997363351915676e-10
2.658000000000000000e+03,2.123856852127953118e-09,5.206509300504514649e-09,9.343332397456326739e-09
2.659000000000000000e+03,2.120567972743367355e-09,5.198446807457054508e-09,1.924344895824673825e-09
2.660000000000000000e+03,2.117297352341264519e-09,5.190429075223873485e-09,9.716609428029194789e-10
2.661000000000000000e+03,2.109201867167531722e-09,5.170583472726272833e-09,2.146512866657474430e-09
2.662000000000000000e+03,2.100212752537139311e-09,5.148547190535434076e-09,1.434456563273656823e-09
2.663000000000000000e+03,2.097753890144776334e-09,5.142519434991706074e-09,3.510509034588548422e-09
2.664000000000000000e+03,2.090257745669572474e-09,5.124143080724246793e-09,1.831667985863405398e-10
2.665000000000000000e+03,2.083981562606247168e-09,5.108757389613222961e-09,2.174517265053410815e-09
2.666000000000000000e+03,2.080010491033127127e-09,5.099022542814247714e-09,4.392630747228361568e-09
2.667000000000000000e+03,2.074151920839220836e-09,5.084660604922025616e-09,8.584666853886882944e-09
2.668000000000000000e+03,2.069297559318340068e-09,5.072760425123583572e-09,5.080789723933565567e-10
2.669000000000000000e+03,2.068221313184364492e-09,5.070122071460264722e-09,4.884784872857932944e-10
2.670000000000000000e+03,2.057269596957811425e-09,5.043274587679564070e-09,1.881483913384339834e-09
2.671000000000000000e+03,2.055477113776521798e-09,5.038880421309532049e-09,1.137068779211696904e-09
2.672000000000000000e+03,2.051861485750194378e-09,5.030016923316540442e-09,2.767764484387624944e-09
2.673000000000000000e+03,2.047102666950299022e-09,5.018350960840657743e-09,1.217611761810215990e-09
2.674000000000000000e+03,2.045092343789350057e-09,5.013422772660736844e-09,2.813593500476555273e-10
2.675000000000000000e+03,2.038301224871280626e-09,4.996774746795748153e-09,9.307409304283773387e-10
2.676000000000000000e+03,2.035809655588772310e-09,4.990666812247695552e-09,4.750776248958429115e-10
2.677000000000000000e+03,2.030744130097648623e-09,4.978248976481101972e-09,1.298276361828211745e-09
2.678000000000000000e+03,2.028515094874775721e-09,4.972784628633264791e-09,1.223647017881888205e-09
2.679000000000000000e+03,2.024034993134867477e-09,4.961801924524620297e-09,5.574320139254484285e-10
2.680000000000000000e+03,2.018077773807147900e-09,4.947198154122749099e-09,3.268785555745369570e-11
2.681000000000000000e+03,2.008369979369604908e-09,4.923400070944114461e-09,5.026848140118445701e-10
2.682000000000000000e+03,2.002275690137701861e-09,4.908460281789268418e-09,3.724836733223749126e-10
2.683000000000000000e+03,1.990538931554416325e-09,4.879688313160390199e-09,1.657052856909926721e-09
2.684000000000000000e+03,1.987341131337786955e-09,4.871849095299565615e-09,7.486968555963487901e-10
2.685000000000000000e+03,1.983041098955946846e-09,4.861307820558714022e-09,4.555581066318098645e-10
2.686000000000000000e+03,1.979350251243739124e-09,4.852259925960214343e-09,1.173497271170787271e-09
2.687000000000000000e+03,1.974352159573544571e-09,4.840007400212271623e-09,4.780884955879286151e-10
2.688000000000000000e+03,1.969990573224690406e-09,4.829315229566443701e-09,7.154925562116754665e-09
2.689000000000000000e+03,1.968111291095964575e-09,4.824708280716911822e-09,7.068585344542872008e-10
2.690000000000000000e+03,1.963494784785501649e-09,4.813391188881281843e-09,4.436426703925492443e-10
2.691000000000000000e+03,1.957313712973493362e-09,4.798238657370477199e-09,2.232273725449356494e-09
2.692000000000000000e+03,1.954391638913908315e-09,4.791075365855444024e-09,5.394433040172228775e-10
2.693000000000000000e+03,1.950634446209017280e-09,4.781864830436259684e-09,1.092052548487900351e-09
2.694000000000000000e+03,1.948793108873724782e-09,4.777350901000779071e-09,3.366484701545374792e-09
2.695000000000000000e+03,1.944672046264480373e-09,4.767248360059050964e-09,4.236656242578499740e-09
2.696000000000000000e+03,1.938650354736333440e-09,4.752486539875806160e-09,8.748280316157413203e-09
2.697000000000000000e+03,1.932865948699878580e-09,4.738306411023655738e-09,4.948315225375529098e-09
2.698000000000000000e+03,1.928340552217864112e-09,4.727212669537043098e-09,6.769811613886411896e-09
2.699000000000000000e+03,1.925220629211515528e-09,4.719564363045417802e-09,2.412238052486201154e-08
2.700000000000000000e+03,1.918311554697179689e-09,4.702627176021383443e-09,6.495000551424500738e-09
2.701000000000000000e+03,1.914707230466424156e-09,4.693791388613837581e-09,9.409830887592105771e-09
2.702000000000000000e+03,1.911849653038385001e-09,4.686786206771619510e-09,6.700370174840779051e-09
2.703000000000000000e+03,1.906342995862834639e-09,4.673286962803991939e-09,3.340189444844989797e-09
2.704000000000000000e+03,1.900876056181148215e-09,4.659885083920545067e-09,1.011553854854647859e-08
2.705000000000000000e+03,1.897666642918343708e-09,4.652017397364733912e-09,1.147996419465406345e-08
2.706000000000000000e+03,1.892704818018309608e-09,4.639853777456161272e-09,2.850483248898537532e-09
2.707000000000000000e+03,1.885644768154620505e-09,4.622546483303782488e-09,5.378103671846130518e-10
2.708000000000000000e+03,1.881202869878530845e-09,4.611657432724321523e-09,2.721595245438523086e-10
2.709000000000000000e+03,1.876850657471670170e-09,4.600988241742176237e-09,2.633988693499784293e-09
2.710000000000000000e+03,1.872486917328245027e-09,4.590290791196502984e-09,6.282622112919478400e-10
2.711000000000000000e+03,1.870423961696270021e-09,4.585233577630699664e-09,4.538016118920354035e-10
2.712000000000000000e+03,1.866483285067607543e-09,4.575573242238107245e-09,1.590215439908225003e-09
2.713000000000000000e+03,1.864817464751326302e-09,4.571489582380806221e-09,6.604406198413480380e-09
2.714000000000000000e+03,1.858032013697634550e-09,4.554855450949694667e-09,1.957784830492268412e-10
2.715000000000000000e+03,1.853040174748656102e-09,4.542618253377533574e-09,2.061376685754258632e-09
2.716000000000000000e+03,1.849716115058797922e-09,4.534469517895036984e-09,1.412813001322726453e-09
2.717000000000000000e+03,1.847920504867891439e-09,4.530067685846107516e-09,1.905482760915469540e-09
2.718000000000000000e+03,1.846000526370004444e-09,4.525360972257570851e-09,4.159343815757212265e-09
2.719000000000000000e+03,1.844063011336990747e-09,4.520611268891665905e-09,5.184271026118891070e-10
2.720000000000000000e+03,1.837180599257107482e-09,4.503739443246771573e-09,2.139935082804189796e-09
2.721000000000000000e+03,1.836016117471852447e-09,4.500884785109560059e-09,2.751789841060869245e-09
2.722000000000000000e+03,1.834419932101396778e-09,4.496971831198245684e-09,2.581553560375837828e-11
2.723000000000000000e+03,1.832043287901192138e-09,4.491145628683722296e-09,1.047074060955954514e-09
2.724000000000000000e+03,1.825830383258122290e-09,4.475915060872675447e-09,2.198353886143549280e-09
2.725000000000000000e+03,1.823019822960361334e-09,4.469025138741031196e-09,3.401481216416692650e-09
2.726000000000000000e+03,1.820940993322847165e-09,4.463929010990690071e-09,1.708192366950378727e-09
2.727000000000000000e+03,1.814362924153524811e-09,4.447803263968180128e-09,1.922916413722381771e-10
2.728000000000000000e+03,1.811850698629108938e-09,4.441644691866331617e-09,6.082776551450417669e-11
2.729000000000000000e+03,1.806591077095331204e-09,4.428751041145328043e-09,1.589780690908947041e-09
2.730000000000000000e+03,1.805149521301666765e-09,4.425217152484521826e-09,8.604878525708644505e-10
2.731000000000000000e+03,1.800377388910707871e-09,4.413518552528563156e-09,5.626910838680363592e-09
2.732000000000000000e+03,1.796526958457036741e-09,4.404079450289681738e-09,1.134582454542668612e-08
2.733000000000000000e+03,1.790495274837638418e-09,4.389293135086454285e-09,5.055256619003964954e-10
2.734000000000000000e+03,1.786036797495553718e-09,4.378363441908501494e-09,6.428029184922094651e-10
2.735000000000000000e+03,1.783165449367806695e-09,4.371324502011435185e-09,1.116924973922195242e-08
2.736000000000000000e+03,1.771596079484828890e-09,4.342962876868785206e-09,1.651830592971306808e-09
2.737000000000000000e+03,1.763953149469162493e-09,4.324226686541361824e-09,1.406232552713338110e-09
2.738000000000000000e+03,1.759193554434158021e-09,4.312558821171076776e-09,5.026407928425462426e-10
2.739000000000000000e+03,1.757649784485150998e-09,4.308774360561459372e-09,1.950528588809261938e-09
2.740000000000000000e+03,1.744230830381286070e-09,4.275878589231665894e-09,1.553147059782284710e-09
2.741000000000000000e+03,1.738065753498347470e-09,4.260765268342273166e-09,2.274739159149285609e-09
2.742000000000000000e+03,1.733027229910823134e-09,4.248413626143330833e-09,5.013136259704670265e-09
2.743000000000000000e+03,1.726860894943265260e-09,4.233297221133995834e-09,3.641181817280400829e-09
2.744000000000000000e+03,1.721592878611448979e-09,4.220382991062732432e-09,3.546286880788749720e-09
2.745000000000000000e+03,1.716404427883176232e-09,4.207663811356767014e-09,9.702490416417108404e-10
2.746000000000000000e+03,1.711433098822318880e-09,4.195476892560761414e-09,5.879286560264692265e-09
2.747000000000000000e+03,1.707486123565201946e-09,4.185801116453511292e-09,2.003099673750756001e-09
2.748000000000000000e+03,1.703372519683910030e-09,4.175716860141660679e-09,5.227461118300520710e-09
2.749000000000000000e+03,1.699547306369691234e-09,4.166339576226814910e-09,4.323203389909516085e-09
2.750000000000000000e+03,1.697730622483057812e-09,4.161886083260772340e-09,9.476661091759514414e-10
2.751000000000000000e+03,1.689927059432130696e-09,4.142756110559920328e-09,3.570803356144334345e-09
2.752000000000000000e+03,1.687350682919688757e-09,4.136440276109876951e-09,9.226706028616200221e-09
2.753000000000000000e+03,1.680998270179138817e-09,4.120867712459375044e-09,1.178756303599826571e-08
2.754000000000000000e+03,1.676277359000099063e-09,4.109294678271172405e-09,4.905576354833471923e-08
2.755000000000000000e+03,1.672361008368682739e-09,4.099693976620269762e-09,5.507709672641557628e-08
2.756000000000000000e+03,1.669831812428907932e-09,4.093493802550137514e-09,7.628056166684412697e-09
2.757000000000000000e+03,1.666128056565000940e-09,4.084414264382153816e-09,3.506331454222174150e-09
2.758000000000000000e+03,1.660593760772025812e-09,4.070847265980637894e-09,2.429771060974729929e-09
2.759000000000000000e+03,1.658798044832554219e-09,4.066445174695363304e-09,3.225997369597722107e-09
2.760000000000000000e+03,1.651456542692301353e-09,4.048447916954285677e-09,3.580608195930042722e-10
2.761000000000000000e+03,1.649038175609466016e-09,4.042519433263777136e-09,3.073310855407542574e-09
2.762000000000000000e+03,1.646440732014989947e-09,4.036151954109696499e-09,7.317014967053557593e-09
2.763000000000000000e+03,1.643730472197183297e-09,4.029507912664974589e-09,3.689947962016718521e-09
2.764000000000000000e+03,1.639075603162827987e-09,4.018096776883522325e-09,1.534425735913217911e-09
2.765000000000000000e+03,1.632414309438888566e-09,4.001767009793836031e-09,8.796279780778316984e-10
2.766000000000000000e+03,1.627385371598094905e-09,3.989438866485346759e-09,1.942433990530546688e-09
2.767000000000000000e+03,1.622673687538943124e-09,3.977888452035128306e-09,2.117041935106873388e-09
2.768000000000000000e+03,1.615528079989168103e-09,3.960371418281943554e-09,2.196361094024738259e-10
2.769000000000000000e+03,1.612192276280072435e-09,3.952193893031753778e-09,4.062326585907122200e-09
2.770000000000000000e+03,1.607202428226497947e-09,3.939961576021777948e-09,2.554981879323165565e-09
2.771000000000000000e+03,1.602339575870105847e-09,3.928040581442897167e-09,5.966778812911512770e-11
2.772000000000000000e+03,1.600023683153227877e-09,3.922363307592112132e-09,3.043869814295061646e-09
2.773000000000000000e+03,1.596466861137780771e-09,3.913643969052365187e-09,3.809017972665323998e-10
2.774000000000000000e+03,1.589683196790469349e-09,3.897014217626138207e-09,2.270796787664770310e-09
2.775000000000000000e+03,1.584211835918795268e-09,3.883601500457254454e-09,1.135947369706583176e-09
2.776000000000000000e+03,1.580413818282491375e-09,3.874290885136319345e-09,1.651991816682576066e-09
2.777000000000000000e+03,1.576918735574898818e-09,3.865722896853643033e-09,8.590972782239705800e-10
2.778000000000000000e+03,1.573864258207858749e-09,3.858235026471163645e-09,6.945458071512915002e-10
2.779000000000000000e+03,1.569823890161591617e-09,3.848330303471930333e-09,1.121844436434283653e-10
2.780000000000000000e+03,1.563321251290288763e-09,3.832389469358115862e-09,1.454870093571706741e-10
2.781000000000000000e+03,1.556163573231152876e-09,3.814842845466034579e-09,3.188696996877772668e-11
2.782000000000000000e+03,1.548351404205138044e-09,3.795691775726891888e-09,9.002240194375847422e-09
2.783000000000000000e+03,1.544463711859521294e-09,3.786161328166514068e-09,2.373877938180973999e-09
2.784000000000000000e+03,1.539366448102275348e-09,3.773665687920027765e-09,2.056288894044767154e-09
2.785000000000000000e+03,1.531201845232577644e-09,3.753650647483844334e-09,2.081526628167420311e-10
2.786000000000000000e+03,1.529326547995862214e-09,3.749053467361094024e-09,8.476814653027416569e-09
2.787000000000000000e+03,1.522183411990039495e-09,3.731542492451545629e-09,1.890870873350783482e-08
2.788000000000000000e+03,1.514661395937916656e-09,3.713102715545356172e-09,1.189881485321372208e-09
2.789000000000000000e+03,1.508248197408565236e-09,3.697381139133275622e-09,8.181247845586213664e-10
2.790000000000000000e+03,1.505563937444424148e-09,3.690800834790132503e-09,2.896313574888738213e-09
2.791000000000000000e+03,1.498605836200307326e-09,3.673743461641349136e-09,7.164829281257782155e-10
2.792000000000000000e+03,1.491859919358028136e-09,3.657206245988342436e-09,2.696318013451779281e-09
2.793000000000000000e+03,1.485362805355986185e-09,3.641278955764343900e-09,9.087356126498659719e-09
2.794000000000000000e+03,1.478298154462904291e-09,3.623960382460876800e-09,8.983167713696386066e-09
2.795000000000000000e+03,1.476936039432324980e-09,3.620621238126378833e-09,4.995074752669991844e-09
2.796000000000000000e+03,1.469947545905328913e-09,3.603489360095915288e-09,1.125849058840193008e-08
2.797000000000000000e+03,1.464377480950584800e-09,3.589834675712533422e-09,4.798138535833581259e-09
2.798000000000000000e+03,1.462938423438876744e-09,3.586306911441998198e-09,3.493114882481453300e-10
2.799000000000000000e+03,1.459380463371783766e-09,3.577584783036035495e-09,2.490352385602434775e-09
2.800000000000000000e+03,1.453721880575043472e-09,3.563713102404930486e-09,1.739557806157373020e-08
2.801000000000000000e+03,1.448391973371727233e-09,3.550647150527293993e-09,4.935543998691572047e-09
2.802000000000000000e+03,1.445485888260343252e-09,3.543523054971928223e-09,1.336311438076568537e-08
2.803000000000000000e+03,1.440243360346752105e-09,3.530671308248546810e-09,6.475792259979404202e-09
2.804000000000000000e+03,1.436661178775023644e-09,3.521889802258341277e-09,2.370307056706649864e-08
2.805000000000000000e+03,1.428422167257906469e-09,3.501692353429407747e-09,6.569448963208291778e-09
2.806000000000000000e+03,1.426126823761178474e-09,3.496065454774918390e-09,7.426023184048127687e-09
2.807000000000000000e+03,1.420443726986428598e-09,3.482133679578413860e-09,8.972337968904336321e-09
2.808000000000000000e+03,1.414210036610008081e-09,3.466852156772966580e-09,3.412810996497301869e-09
2.809000000000000000e+03,1.405711789326471919e-09,3.446019206814316172e-09,2.871742177282349427e-09
2.810000000000000000e+03,1.399122827143781550e-09,3.429866756214607181e-09,2.294670534484199847e-09
2.811000000000000000e+03,1.394444454035385074e-09,3.418398001587528223e-09,6.287872194937548978e-10
2.812000000000000000e+03,1.380990799779535947e-09,3.385417164890050497e-09,1.070015548866020560e-08
2.813000000000000000e+03,1.377670195558684196e-09,3.377276900285194079e-09,4.667669922769023835e-09
2.814000000000000000e+03,1.372384843856399791e-09,3.364320173579808926e-09,1.614714242842258560e-08
2.815000000000000000e+03,1.366529763633679735e-09,3.349966791145278018e-09,1.605405611282866583e-09
2.816000000000000000e+03,1.359410030717059600e-09,3.332513187523004395e-09,1.493025813003887856e-08
2.817000000000000000e+03,1.356197209955220485e-09,3.324637147685098380e-09,1.407491521369119380e-08
2.818000000000000000e+03,1.353614811383627663e-09,3.318306550513666367e-09,1.362120296703427943e-09
2.819000000000000000e+03,1.351819930381586781e-09,3.313906506028059178e-09,2.147644029521833566e-09
2.820000000000000000e+03,1.347989146273546949e-09,3.304515565642057666e-09,4.686002312724559542e-09
2.821000000000000000e+03,1.342862899890953346e-09,3.291948876205851121e-09,2.409282916141384792e-09
2.822000000000000000e+03,1.329943051716971767e-09,3.260276633506657999e-09,3.694858930905911858e-09
2.823000000000000000e+03,1.322098422275747787e-09,3.241045988981899706e-09,4.368618598491960536e-09
2.824000000000000000e+03,1.309482836184604760e-09,3.210119626760716344e-09,1.989840074156768568e-10
2.825000000000000000e+03,1.301347269868845031e-09,3.190175767716998276e-09,4.095965294447753958e-10
2.826000000000000000e+03,1.289065250562837792e-09,3.160067124716114241e-09,2.238340075843554983e-10
2.827000000000000000e+03,1.285481806488945645e-09,3.151282523776618359e-09,5.326713368033905651e-10
2.828000000000000000e+03,1.258417718426234767e-09,3.084936514596670233e-09,1.433612587045732439e-09
2.829000000000000000e+03,1.254489370523428273e-09,3.075306402345419644e-09,1.220059874457807288e-10
2.830000000000000000e+03,1.239271151450739919e-09,3.037999839495065550e-09,1.680573547907945628e-10
2.831000000000000000e+03,1.235622597320604543e-09,3.029055625108436071e-09,8.351475841141135535e-11
2.832000000000000000e+03,1.230157193610690640e-09,3.015657511568830935e-09,2.442653165223500141e-10
2.833000000000000000e+03,1.219253201077048394e-09,2.988927019595156610e-09,3.303383648172030363e-10
2.834000000000000000e+03,1.213864604930328566e-09,2.975717195248261462e-09,2.290802405896680251e-11
2.835000000000000000e+03,1.202570298976561282e-09,2.948029873039085397e-09,1.622165677932391613e-11
2.836000000000000000e+03,1.195245543826371424e-09,2.930073669552408855e-09,3.200266452965345569e-10
2.837000000000000000e+03,1.188388927368660570e-09,2.913265080347681604e-09,4.075537656741951347e-10
2.838000000000000000e+03,1.186151063317611592e-09,2.907779089150404387e-09,1.327413950963252172e-10
2.839000000000000000e+03,1.174566261849158015e-09,2.879379634389802681e-09,4.736157613804743800e-10
2.840000000000000000e+03,1.164299611580391138e-09,2.854211549235755723e-09,2.801441355028721917e-10
