,a,b,c,abbc
0,7,14,9,0.004544649036589637
1,9,14,7,0.004544649036589637
2,3,4,13,0.004544649036589634
3,13,4,3,0.004544649036589633
4,15,6,1,0.004544649036589632
5,5,12,11,0.004544649036589632
6,1,6,15,0.004544649036589632
7,11,12,5,0.004544649036589632
8,7,0,9,0.004544649036589625
9,9,0,7,0.004544649036589624
10,13,10,3,0.004544649036589618
11,3,10,13,0.004544649036589618
12,5,2,11,0.004544649036589617
13,11,2,5,0.004544649036589617
14,15,8,1,0.004544649036589616
15,1,8,15,0.004544649036589616
16,7,12,9,0.004419884639551925
17,1,4,15,0.004419884639551925
18,9,12,7,0.004419884639551925
19,15,4,1,0.004419884639551924
20,13,6,3,0.004419884639551919
21,3,6,13,0.004419884639551919
22,5,14,11,0.004419884639551918
23,3,8,13,0.004419884639551917
24,11,0,5,0.004419884639551917
25,11,14,5,0.004419884639551917
26,5,0,11,0.004419884639551917
27,13,8,3,0.004419884639551917
28,1,10,15,0.004419884639551912
29,15,10,1,0.004419884639551912
30,7,2,9,0.00441988463955191
31,9,2,7,0.0044198846395519095
32,9,4,7,0.00320355378416077
33,7,4,9,0.0032035537841607698
34,15,12,1,0.0032035537841607607
35,1,12,15,0.0032035537841607602
36,5,6,11,0.00320355378416076
37,11,6,5,0.0032035537841607594
38,5,8,11,0.0032035537841607576
39,11,8,5,0.003203553784160757
40,13,0,3,0.0032035537841607568
41,3,0,13,0.0032035537841607563
42,13,14,3,0.00320355378416075
43,3,14,13,0.00320355378416075
44,15,2,1,0.003203553784160749
45,1,2,15,0.003203553784160749
46,9,10,7,0.0032035537841607464
47,7,10,9,0.0032035537841607464
48,13,8,1,0.0018292347674335413
49,1,8,13,0.0018292347674335413
50,9,0,5,0.0018292347674335404
51,5,0,9,0.0018292347674335402
52,9,12,5,0.0018292347674335307
53,5,12,9,0.0018292347674335305
54,7,2,11,0.0018292347674335292
55,11,2,7,0.001829234767433529
56,13,4,1,0.0018292347674335283
57,15,10,3,0.001829234767433528
58,1,4,13,0.0018292347674335279
59,3,10,15,0.0018292347674335279
60,15,6,3,0.0018292347674335194
61,3,6,15,0.0018292347674335194
62,7,14,11,0.0018292347674335185
63,11,14,7,0.0018292347674335183
64,3,0,9,0.0014139466023946811
65,9,0,3,0.0014139466023946811
66,11,2,1,0.0014139466023946785
67,13,14,7,0.0014139466023946785
68,7,14,13,0.0014139466023946785
69,1,2,11,0.001413946602394678
70,5,12,15,0.0014139466023946727
71,15,12,5,0.0014139466023946727
72,1,8,11,0.0014139466023946722
73,11,8,1,0.0014139466023946722
74,5,6,15,0.001413946602394671
75,15,6,5,0.0014139466023946705
76,13,4,7,0.0014139466023946699
77,7,4,13,0.0014139466023946696
78,9,10,3,0.0014139466023946683
79,3,10,9,0.0014139466023946681
80,9,12,15,0.0010479477200158916
81,15,12,9,0.0010479477200158913
82,11,14,13,0.0010479477200158835
83,13,14,11,0.001047947720015883
84,3,6,5,0.0010479477200158805
85,7,4,1,0.0010479477200158803
86,1,4,7,0.0010479477200158803
87,5,6,3,0.0010479477200158803
88,11,8,13,0.0010479477200158796
89,9,10,15,0.0010479477200158796
90,13,8,11,0.0010479477200158796
91,15,10,9,0.0010479477200158794
92,7,2,1,0.0010479477200158749
93,1,2,7,0.0010479477200158749
94,5,0,3,0.0010479477200158642
95,3,0,5,0.001047947720015864
96,6,1,8,0.000614017804468748
97,8,1,6,0.000614017804468748
98,8,15,6,0.0006140178044687478
99,0,9,14,0.0006140178044687478
100,6,15,8,0.0006140178044687478
101,14,9,0,0.0006140178044687477
102,14,7,0,0.0006140178044687467
103,0,7,14,0.0006140178044687467
104,2,5,12,0.0006140178044687466
105,12,5,2,0.0006140178044687464
106,4,13,10,0.0006140178044687464
107,2,11,12,0.0006140178044687463
108,10,13,4,0.0006140178044687463
109,12,11,2,0.0006140178044687461
110,10,3,4,0.0006140178044687459
111,4,3,10,0.0006140178044687459
112,12,7,2,0.0006114679842241608
113,2,7,12,0.0006114679842241607
114,6,3,8,0.0006114679842241606
115,8,3,6,0.0006114679842241604
116,14,5,0,0.0006114679842241586
117,0,5,14,0.0006114679842241585
118,10,15,4,0.000611467984224158
119,4,15,10,0.000611467984224158
120,14,11,0,0.0006114679842241574
121,0,11,14,0.0006114679842241573
122,4,1,10,0.0006114679842241568
123,10,1,4,0.0006114679842241567
124,8,13,6,0.0006114679842241563
125,6,13,8,0.0006114679842241563
126,12,9,2,0.0006114679842241551
127,2,9,12,0.000611467984224155
128,7,12,11,0.0005990457308623692
129,11,12,7,0.000599045730862369
130,15,8,3,0.0005990457308623676
131,3,8,15,0.0005990457308623674
132,15,4,3,0.0005990457308623663
133,3,4,15,0.0005990457308623662
134,7,0,11,0.0005990457308623662
135,11,0,7,0.000599045730862366
136,13,6,1,0.0005990457308623628
137,1,6,13,0.0005990457308623627
138,5,14,9,0.0005990457308623617
139,9,14,5,0.0005990457308623615
140,1,10,13,0.000599045730862359
141,5,2,9,0.0005990457308623588
142,13,10,1,0.0005990457308623588
143,9,2,5,0.0005990457308623588
144,0,13,14,0.00045911591805884066
145,14,13,0,0.0004591159180588406
146,4,9,10,0.00045911591805884044
147,10,9,4,0.0004591159180588404
148,6,11,8,0.0004591159180588395
149,8,11,6,0.0004591159180588395
150,12,15,2,0.000459115918058839
151,2,15,12,0.00045911591805883887
152,12,1,2,0.0004591159180588386
153,2,1,12,0.00045911591805883854
154,6,5,8,0.0004591159180588379
155,8,5,6,0.0004591159180588379
156,14,3,0,0.0004591159180588374
157,0,3,14,0.00045911591805883735
158,10,7,4,0.00045911591805883567
159,4,7,10,0.0004591159180588356
160,9,4,3,0.0003348275492989319
161,3,4,9,0.00033482754929893186
162,5,2,15,0.0003348275492989308
163,7,0,13,0.0003348275492989308
164,15,2,5,0.0003348275492989308
165,13,0,7,0.0003348275492989308
166,1,6,11,0.0003348275492989307
167,11,6,1,0.0003348275492989307
168,1,12,11,0.00033482754929892834
169,11,12,1,0.00033482754929892834
170,5,8,15,0.00033482754929892796
171,15,8,5,0.00033482754929892796
172,13,10,7,0.0003348275492989274
173,7,10,13,0.0003348275492989274
174,9,14,3,0.00033482754929892687
175,3,14,9,0.00033482754929892687
176,3,8,5,0.0002937784196051196
177,5,8,3,0.0002937784196051196
178,7,10,1,0.0002937784196051191
179,1,10,7,0.00029377841960511906
180,1,12,7,0.0002937784196051189
181,7,12,1,0.0002937784196051189
182,11,0,13,0.00029377841960511825
183,13,0,11,0.0002937784196051182
184,3,14,5,0.00029377841960511765
185,5,14,3,0.00029377841960511765
186,9,4,15,0.0002937784196051175
187,15,2,9,0.00029377841960511744
188,9,2,15,0.00029377841960511744
189,15,4,9,0.00029377841960511744
190,11,6,13,0.0002937784196051155
191,13,6,11,0.0002937784196051155
192,11,8,2,0.00019326382449181358
193,2,8,11,0.00019326382449181358
194,10,0,3,0.00019326382449181341
195,3,0,10,0.00019326382449181341
196,15,12,6,0.00019326382449181314
197,6,12,15,0.00019326382449181312
198,13,14,4,0.00019326382449181304
199,4,14,13,0.00019326382449181304
200,12,6,5,0.00019326382449181233
201,8,2,1,0.00019326382449181233
202,5,6,12,0.0001932638244918123
203,1,2,8,0.0001932638244918123
204,0,10,9,0.00019326382449181228
205,9,10,0,0.00019326382449181225
206,14,4,7,0.00019326382449181209
207,7,4,14,0.00019326382449181203
208,12,10,9,0.00019017231573691695
209,9,10,12,0.0001901723157369169
210,4,2,1,0.0001901723157369169
211,1,2,4,0.00019017231573691684
212,11,8,14,0.00019017231573691617
213,14,8,11,0.00019017231573691614
214,13,14,8,0.00019017231573691546
215,8,14,13,0.00019017231573691546
216,10,12,15,0.0001901723157369152
217,15,12,10,0.00019017231573691514
218,3,0,6,0.0001901723157369149
219,6,0,3,0.00019017231573691487
220,5,6,0,0.00019017231573691465
221,0,6,5,0.00019017231573691465
222,2,4,7,0.00019017231573691438
223,7,4,2,0.00019017231573691435
224,4,8,3,0.00014140869169753886
225,3,8,4,0.0001414086916975388
226,0,12,7,0.0001414086916975387
227,7,12,0,0.00014140869169753867
228,6,10,1,0.00014140869169753864
229,1,10,6,0.00014140869169753864
230,2,14,5,0.00014140869169753861
231,5,14,2,0.0001414086916975386
232,11,0,12,0.00014140869169753837
233,12,0,11,0.00014140869169753832
234,10,6,13,0.0001414086916975382
235,13,6,10,0.0001414086916975382
236,9,2,14,0.00014140869169753818
237,14,2,9,0.00014140869169753815
238,15,4,8,0.0001414086916975379
239,8,4,15,0.00014140869169753788
240,1,6,12,0.00013505576215391165
241,12,6,1,0.00013505576215391162
242,9,14,4,0.00013505576215391157
243,4,14,9,0.00013505576215391152
244,11,12,6,0.00013505576215391146
245,6,12,11,0.0001350557621539114
246,3,4,14,0.00013505576215391108
247,14,4,3,0.00013505576215391108
248,8,2,5,0.00013505576215390997
249,5,2,8,0.00013505576215390994
250,0,10,13,0.00013505576215390948
251,13,10,0,0.00013505576215390946
252,10,0,7,0.00013505576215390924
253,7,0,10,0.00013505576215390924
254,2,8,15,0.0001350557621539088
255,15,8,2,0.0001350557621539088
256,4,8,15,0.00013355743924618678
257,15,8,4,0.00013355743924618675
258,8,4,3,0.00013355743924618654
259,3,4,8,0.00013355743924618654
260,11,12,0,0.0001335574392461863
261,0,12,11,0.0001335574392461863
262,12,0,7,0.00013355743924618608
263,7,0,12,0.00013355743924618605
264,13,10,6,0.00013355743924618567
265,6,10,13,0.00013355743924618567
266,1,6,10,0.00013355743924618537
267,10,6,1,0.00013355743924618535
268,14,2,5,0.0001335574392461851
269,5,2,14,0.00013355743924618507
270,9,14,2,0.00013355743924618486
271,2,14,9,0.00013355743924618486
272,10,12,9,0.00013309229123017902
273,9,12,10,0.000133092291230179
274,13,8,14,0.00013309229123017888
275,14,8,13,0.00013309229123017888
276,15,10,12,0.00013309229123017872
277,12,10,15,0.00013309229123017872
278,11,14,8,0.00013309229123017799
279,8,14,11,0.00013309229123017793
280,2,4,1,0.00013309229123017736
281,1,4,2,0.00013309229123017736
282,4,2,7,0.00013309229123017725
283,7,2,4,0.0001330922912301772
284,6,0,5,0.0001330922912301767
285,5,0,6,0.00013309229123017666
286,3,6,0,0.00013309229123017606
287,0,6,3,0.00013309229123017606
288,1,8,2,0.00013075661927528225
289,2,8,1,0.00013075661927528225
290,6,12,5,0.00013075661927528222
291,5,12,6,0.0001307566192752822
292,0,10,3,0.00013075661927528138
293,11,2,8,0.00013075661927528133
294,8,2,11,0.00013075661927528133
295,3,10,0,0.0001307566192752813
296,7,14,4,0.00013075661927528052
297,9,0,10,0.0001307566192752805
298,4,14,7,0.00013075661927528046
299,10,0,9,0.00013075661927528044
300,15,6,12,0.00013075661927528027
301,14,4,13,0.00013075661927528027
302,12,6,15,0.00013075661927528027
303,13,4,14,0.00013075661927528025
304,14,7,2,0.00011704559232570894
305,2,7,14,0.00011704559232570891
306,12,5,0,0.00011704559232570842
307,0,5,12,0.00011704559232570838
308,10,3,6,0.00011704559232570827
309,6,3,10,0.00011704559232570822
310,8,1,4,0.000117045592325708
311,4,1,8,0.00011704559232570795
312,6,15,10,0.00011704559232570781
313,10,15,6,0.00011704559232570777
314,8,13,4,0.00011704559232570731
315,4,13,8,0.00011704559232570728
316,2,11,14,0.0001170455923257072
317,14,11,2,0.00011704559232570719
318,0,9,12,0.00011704559232570658
319,12,9,0,0.00011704559232570658
320,1,10,12,0.00011593320838553894
321,12,10,1,0.0001159332083855389
322,9,2,4,0.00011593320838553829
323,4,2,9,0.00011593320838553829
324,3,8,14,0.00011593320838553816
325,14,8,3,0.00011593320838553814
326,7,12,10,0.00011593320838553789
327,10,12,7,0.00011593320838553789
328,8,14,5,0.00011593320838553779
329,5,14,8,0.00011593320838553778
330,13,6,0,0.0001159332083855372
331,6,0,11,0.00011593320838553718
332,0,6,13,0.00011593320838553718
333,11,0,6,0.00011593320838553717
334,15,4,2,0.00011593320838553709
335,2,4,15,0.00011593320838553707
336,1,12,6,0.00011074274747782746
337,6,12,1,0.00011074274747782746
338,14,4,9,0.00011074274747782716
339,9,4,14,0.00011074274747782716
340,2,8,5,0.00011074274747782713
341,5,8,2,0.00011074274747782713
342,13,0,10,0.0001107427474778269
343,10,0,13,0.00011074274747782687
344,8,2,15,0.0001107427474778266
345,15,2,8,0.00011074274747782659
346,11,6,12,0.0001107427474778263
347,12,6,11,0.0001107427474778263
348,4,14,3,0.00011074274747782624
349,3,14,4,0.00011074274747782624
350,7,10,0,0.00011074274747782622
351,0,10,7,0.00011074274747782622
352,12,15,6,0.0001054912319159079
353,4,13,14,0.0001054912319159079
354,6,15,12,0.0001054912319159079
355,14,13,4,0.00010549123191590789
356,2,11,8,0.00010549123191590782
357,8,11,2,0.0001054912319159078
358,12,5,6,0.00010549123191590728
359,6,5,12,0.00010549123191590725
360,14,7,4,0.0001054912319159071
361,4,7,14,0.00010549123191590709
362,10,9,0,0.00010549123191590701
363,0,9,10,0.00010549123191590701
364,10,3,0,0.00010549123191590652
365,0,3,10,0.00010549123191590652
366,8,1,2,0.0001054912319159061
367,2,1,8,0.0001054912319159061
368,3,6,10,0.00010331917508631309
369,10,6,3,0.000103319175086313
370,8,4,1,0.0001033191750863129
371,1,4,8,0.00010331917508631287
372,12,0,5,0.00010331917508631236
373,5,0,12,0.00010331917508631233
374,13,8,4,0.00010331917508631198
375,4,8,13,0.00010331917508631192
376,7,2,14,0.00010331917508631168
377,14,2,7,0.00010331917508631165
378,2,14,11,0.00010331917508631165
379,11,14,2,0.00010331917508631154
380,0,12,9,0.00010331917508631149
381,9,12,0,0.00010331917508631133
382,6,10,15,0.00010331917508631019
383,15,10,6,0.00010331917508631017
384,6,0,13,9.345001339188731e-05
385,13,0,6,9.345001339188731e-05
386,2,4,9,9.345001339188728e-05
387,9,4,2,9.345001339188727e-05
388,1,12,10,9.345001339188692e-05
389,10,12,1,9.34500133918869e-05
390,0,6,11,9.345001339188685e-05
391,14,8,5,9.345001339188685e-05
392,11,6,0,9.345001339188685e-05
393,5,8,14,9.345001339188685e-05
394,4,2,15,9.345001339188666e-05
395,15,2,4,9.345001339188665e-05
396,12,10,7,9.345001339188662e-05
397,7,10,12,9.345001339188661e-05
398,3,14,8,9.345001339188653e-05
399,8,14,3,9.34500133918865e-05
400,6,10,3,9.322663985466336e-05
401,13,4,8,9.32266398546633e-05
402,8,4,13,9.322663985466325e-05
403,3,10,6,9.322663985466324e-05
404,15,6,10,9.322663985466317e-05
405,10,6,15,9.322663985466309e-05
406,9,0,12,9.32266398546629e-05
407,12,0,9,9.322663985466276e-05
408,14,2,11,9.322663985466271e-05
409,11,2,14,9.322663985466265e-05
410,1,8,4,9.322663985466255e-05
411,4,8,1,9.322663985466249e-05
412,5,12,0,9.322663985466195e-05
413,0,12,5,9.32266398546619e-05
414,2,14,7,9.32266398546619e-05
415,7,14,2,9.322663985466188e-05
416,4,7,2,8.553334071151686e-05
417,2,7,4,8.553334071151686e-05
418,10,15,12,8.553334071151678e-05
419,12,15,10,8.553334071151678e-05
420,14,13,8,8.553334071151627e-05
421,8,13,14,8.553334071151626e-05
422,4,1,2,8.553334071151596e-05
423,2,1,4,8.553334071151596e-05
424,12,9,10,8.553334071151594e-05
425,10,9,12,8.553334071151594e-05
426,6,5,0,8.553334071151585e-05
427,0,5,6,8.553334071151583e-05
428,8,11,14,8.553334071151518e-05
429,14,11,8,8.553334071151518e-05
430,6,3,0,8.553334071151417e-05
431,0,3,6,8.553334071151416e-05
432,13,14,9,8.363955753113055e-05
433,9,14,13,8.363955753113053e-05
434,11,12,15,8.363955753112952e-05
435,15,12,11,8.363955753112949e-05
436,1,6,5,8.363955753112838e-05
437,5,6,1,8.363955753112838e-05
438,3,4,7,8.363955753112824e-05
439,7,4,3,8.363955753112822e-05
440,3,0,7,8.363955753112662e-05
441,7,0,3,8.36395575311266e-05
442,1,2,5,8.363955753112575e-05
443,5,2,1,8.363955753112575e-05
444,15,8,11,8.363955753112373e-05
445,11,8,15,8.36395575311237e-05
446,13,10,9,8.363955753112321e-05
447,9,10,13,8.363955753112321e-05
448,9,12,11,7.760844681531284e-05
449,11,12,9,7.760844681531276e-05
450,13,8,15,7.760844681530796e-05
451,15,8,13,7.760844681530793e-05
452,3,4,1,7.760844681530392e-05
453,1,4,3,7.760844681530387e-05
454,11,14,9,7.760844681530349e-05
455,9,14,11,7.760844681530346e-05
456,5,0,7,7.760844681530285e-05
457,7,0,5,7.760844681530284e-05
458,13,10,15,7.760844681530172e-05
459,15,10,13,7.76084468153017e-05
460,5,2,7,7.760844681529587e-05
461,7,2,5,7.760844681529587e-05
462,3,6,1,7.760844681529583e-05
463,1,6,3,7.760844681529579e-05
464,11,0,9,7.198948116075271e-05
465,9,0,11,7.198948116075268e-05
466,1,8,3,7.198948116075229e-05
467,3,8,1,7.19894811607522e-05
468,9,2,11,7.198948116074753e-05
469,11,2,9,7.198948116074753e-05
470,3,10,1,7.19894811607458e-05
471,13,6,15,7.198948116074575e-05
472,1,10,3,7.198948116074575e-05
473,15,6,13,7.198948116074572e-05
474,15,4,13,7.198948116074569e-05
475,13,4,15,7.198948116074564e-05
476,5,12,7,7.198948116074386e-05
477,7,12,5,7.198948116074385e-05
478,5,14,7,7.198948116074014e-05
479,7,14,5,7.19894811607401e-05
480,2,6,3,5.7461845816852515e-05
481,3,6,2,5.74618458168525e-05
482,1,4,0,5.746184581685231e-05
483,0,4,1,5.7461845816852305e-05
484,5,0,4,5.746184581685225e-05
485,4,0,5,5.7461845816852244e-05
486,12,8,13,5.746184581685196e-05
487,13,8,12,5.746184581685195e-05
488,14,10,15,5.746184581685187e-05
489,15,10,14,5.7461845816851865e-05
490,10,14,11,5.746184581685182e-05
491,11,14,10,5.746184581685182e-05
492,9,12,8,5.746184581685174e-05
493,8,12,9,5.7461845816851736e-05
494,6,2,7,5.74618458168517e-05
495,7,2,6,5.7461845816851695e-05
496,4,12,5,5.5448371828173335e-05
497,5,12,4,5.544837182817332e-05
498,12,4,13,5.544837182817329e-05
499,13,4,12,5.544837182817328e-05
500,9,0,8,5.544837182817319e-05
501,8,0,9,5.5448371828173186e-05
502,0,8,1,5.544837182817314e-05
503,1,8,0,5.544837182817313e-05
504,14,6,15,5.54483718281729e-05
505,15,6,14,5.54483718281729e-05
506,7,14,6,5.544837182817277e-05
507,11,2,10,5.544837182817277e-05
508,10,2,11,5.544837182817276e-05
509,6,14,7,5.544837182817276e-05
510,2,10,3,5.544837182817275e-05
511,3,10,2,5.5448371828172746e-05
512,1,2,0,5.1277698951299864e-05
513,0,2,1,5.1277698951299864e-05
514,4,6,5,5.1277698951299796e-05
515,5,6,4,5.1277698951299796e-05
516,6,4,7,5.127769895129978e-05
517,7,4,6,5.1277698951299776e-05
518,14,12,15,5.127769895129958e-05
519,15,12,14,5.1277698951299566e-05
520,2,0,3,5.127769895129956e-05
521,3,0,2,5.127769895129955e-05
522,13,14,12,5.127769895129955e-05
523,12,14,13,5.127769895129955e-05
524,8,10,9,5.1277698951299505e-05
525,9,10,8,5.127769895129949e-05
526,10,8,11,5.127769895129928e-05
527,11,8,10,5.127769895129927e-05
528,10,13,6,4.752657855406199e-05
529,6,13,10,4.752657855406199e-05
530,4,15,8,4.75265785540618e-05
531,8,15,4,4.7526578554061794e-05
532,2,9,14,4.752657855406161e-05
533,14,9,2,4.752657855406161e-05
534,2,5,14,4.752657855406161e-05
535,12,7,0,4.75265785540616e-05
536,14,5,2,4.75265785540616e-05
537,0,7,12,4.752657855406159e-05
538,12,11,0,4.752657855406141e-05
539,0,11,12,4.75265785540614e-05
540,10,1,6,4.7526578554061374e-05
541,6,1,10,4.752657855406137e-05
542,8,3,4,4.7526578554061354e-05
543,4,3,8,4.752657855406134e-05
544,7,11,14,4.485234137056413e-05
545,14,11,7,4.485234137056412e-05
546,2,7,11,4.485234137056411e-05
547,10,15,3,4.485234137056409e-05
548,11,7,2,4.485234137056409e-05
549,3,15,10,4.485234137056407e-05
550,1,13,8,4.485234137056397e-05
551,8,13,1,4.485234137056394e-05
552,4,1,13,4.4852341370563914e-05
553,13,1,4,4.4852341370563914e-05
554,5,9,12,4.4852341370563893e-05
555,12,9,5,4.485234137056389e-05
556,9,5,0,4.4852341370563866e-05
557,0,5,9,4.485234137056385e-05
558,6,3,15,4.485234137056381e-05
559,15,3,6,4.4852341370563805e-05
560,1,11,8,4.1270790356535186e-05
561,8,11,1,4.127079035653518e-05
562,9,3,0,4.127079035653503e-05
563,0,3,9,4.127079035653502e-05
564,3,9,10,4.1270790356534996e-05
565,10,9,3,4.1270790356534996e-05
566,4,7,13,4.1270790356534976e-05
567,13,7,4,4.1270790356534976e-05
568,7,13,14,4.12707903565349e-05
569,14,13,7,4.1270790356534894e-05
570,12,15,5,4.127079035653486e-05
571,5,15,12,4.1270790356534854e-05
572,2,1,11,4.127079035653484e-05
573,11,1,2,4.127079035653484e-05
574,6,5,15,4.127079035653468e-05
575,15,5,6,4.127079035653467e-05
576,1,13,4,3.7868808046798714e-05
577,4,13,1,3.786880804679871e-05
578,0,9,5,3.786880804679843e-05
579,5,9,0,3.786880804679842e-05
580,6,15,3,3.7868808046798395e-05
581,3,15,6,3.7868808046798395e-05
582,11,7,14,3.786880804679817e-05
583,14,7,11,3.786880804679816e-05
584,15,3,10,3.78688080467979e-05
585,10,3,15,3.786880804679788e-05
586,2,11,7,3.786880804679783e-05
587,7,11,2,3.786880804679782e-05
588,12,5,9,3.786880804679779e-05
589,9,5,12,3.786880804679775e-05
590,13,1,8,3.786880804679771e-05
591,8,1,13,3.7868808046797684e-05
592,15,1,7,3.2143559629503715e-05
593,7,1,15,3.214355962950371e-05
594,5,3,13,3.21435596295037e-05
595,13,3,5,3.21435596295037e-05
596,7,9,15,3.2143559629503695e-05
597,15,9,7,3.2143559629503695e-05
598,5,11,13,3.2143559629503675e-05
599,13,11,5,3.2143559629503675e-05
600,11,13,3,3.214355962950366e-05
601,3,13,11,3.214355962950366e-05
602,9,15,1,3.214355962950364e-05
603,1,7,9,3.2143559629503634e-05
604,1,15,9,3.2143559629503634e-05
605,9,7,1,3.214355962950363e-05
606,11,5,3,3.214355962950362e-05
607,3,5,11,3.214355962950362e-05
608,15,9,10,2.9505865336157997e-05
609,10,9,15,2.9505865336157997e-05
610,14,13,11,2.9505865336157916e-05
611,11,13,14,2.950586533615791e-05
612,6,5,3,2.9505865336157516e-05
613,3,5,6,2.9505865336157516e-05
614,8,11,13,2.95058653361575e-05
615,13,11,8,2.950586533615749e-05
616,7,1,2,2.950586533615745e-05
617,2,1,7,2.950586533615745e-05
618,12,15,9,2.950586533615736e-05
619,9,15,12,2.9505865336157354e-05
620,5,3,0,2.9505865336157235e-05
621,0,3,5,2.9505865336157235e-05
622,4,7,1,2.9505865336157062e-05
623,1,7,4,2.950586533615706e-05
624,3,9,0,2.9075883640361933e-05
625,0,9,3,2.9075883640361933e-05
626,1,11,2,2.907588364036173e-05
627,2,11,1,2.9075883640361723e-05
628,7,13,4,2.907588364036099e-05
629,4,13,7,2.9075883640360985e-05
630,8,1,11,2.9075883640360707e-05
631,11,1,8,2.907588364036068e-05
632,10,3,9,2.9075883640360646e-05
633,9,3,10,2.9075883640360636e-05
634,5,15,6,2.9075883640360517e-05
635,6,15,5,2.9075883640360497e-05
636,12,5,15,2.9075883640360253e-05
637,15,5,12,2.9075883640360246e-05
638,13,7,14,2.9075883640359765e-05
639,14,7,13,2.9075883640359765e-05
640,7,11,5,2.512266158476711e-05
641,5,11,7,2.5122661584767107e-05
642,13,3,15,2.51226615847671e-05
643,5,9,7,2.5122661584767094e-05
644,15,3,13,2.5122661584767094e-05
645,7,9,5,2.5122661584767084e-05
646,3,15,1,2.5122661584767063e-05
647,3,13,1,2.5122661584767063e-05
648,1,15,3,2.5122661584767063e-05
649,1,13,3,2.5122661584767063e-05
650,15,1,13,2.512266158476706e-05
651,13,1,15,2.512266158476706e-05
652,9,7,11,2.5122661584767026e-05
653,11,7,9,2.5122661584767016e-05
654,11,5,9,2.512266158476697e-05
655,9,5,11,2.5122661584766958e-05
656,3,9,7,2.5083007960692473e-05
657,7,9,3,2.5083007960692473e-05
658,13,7,9,2.508300796069244e-05
659,11,1,15,2.508300796069244e-05
660,9,7,13,2.508300796069244e-05
661,15,1,11,2.508300796069244e-05
662,15,5,11,2.5083007960692425e-05
663,11,5,15,2.5083007960692425e-05
664,13,3,9,2.5083007960692425e-05
665,9,3,13,2.5083007960692422e-05
666,7,13,3,2.508300796069239e-05
667,3,13,7,2.508300796069239e-05
668,5,15,1,2.508300796069238e-05
669,1,15,5,2.5083007960692378e-05
670,5,11,1,2.5083007960692364e-05
671,1,11,5,2.508300796069236e-05
672,0,5,3,1.9731469703362113e-05
673,3,5,0,1.9731469703362106e-05
674,8,13,11,1.973146970336208e-05
675,11,13,8,1.9731469703362076e-05
676,10,15,9,1.9731469703361923e-05
677,9,15,10,1.9731469703361917e-05
678,2,7,1,1.973146970336169e-05
679,1,7,2,1.973146970336169e-05
680,14,11,13,1.9731469703361585e-05
681,13,11,14,1.9731469703361578e-05
682,5,3,6,1.973146970336142e-05
683,6,3,5,1.9731469703361412e-05
684,7,1,4,1.9731469703361405e-05
685,4,1,7,1.97314697033614e-05
686,15,9,12,1.9731469703361395e-05
687,12,9,15,1.9731469703361388e-05
688,10,13,0,1.6671585656462478e-05
689,0,13,10,1.6671585656462478e-05
690,4,9,14,1.6671585656462285e-05
691,14,9,4,1.667158565646228e-05
692,12,1,6,1.667158565646227e-05
693,6,1,12,1.6671585656462268e-05
694,8,15,2,1.6671585656462254e-05
695,2,15,8,1.667158565646225e-05
696,2,5,8,1.6671585656462217e-05
697,8,5,2,1.6671585656462213e-05
698,12,11,6,1.6671585656462105e-05
699,6,11,12,1.6671585656462105e-05
700,14,3,4,1.6671585656461922e-05
701,4,3,14,1.667158565646192e-05
702,10,7,0,1.6671585656461885e-05
703,0,7,10,1.667158565646188e-05
704,12,0,3,1.4918408736903112e-05
705,3,0,12,1.491840873690311e-05
706,4,8,11,1.491840873690304e-05
707,11,8,4,1.4918408736903036e-05
708,7,4,8,1.4918408736902972e-05
709,8,4,7,1.491840873690297e-05
710,15,12,0,1.4918408736902868e-05
711,0,12,15,1.4918408736902863e-05
712,6,10,9,1.4918408736902746e-05
713,9,10,6,1.4918408736902741e-05
714,2,14,13,1.4918408736902445e-05
715,13,14,2,1.491840873690244e-05
716,14,2,1,1.4918408736902167e-05
717,1,2,14,1.4918408736902162e-05
718,5,6,10,1.4918408736902077e-05
719,10,6,5,1.4918408736902077e-05
720,13,2,15,1.2425070414333043e-05
721,15,2,13,1.242507041433304e-05
722,11,4,9,1.2425070414333012e-05
723,9,4,11,1.242507041433301e-05
724,1,12,3,1.242507041433287e-05
725,3,12,1,1.2425070414332865e-05
726,11,6,9,1.242507041433286e-05
727,9,6,11,1.2425070414332856e-05
728,15,0,13,1.2425070414332826e-05
729,13,0,15,1.2425070414332826e-05
730,7,8,5,1.2425070414332804e-05
731,5,8,7,1.2425070414332799e-05
732,5,10,7,1.2425070414332797e-05
733,7,10,5,1.2425070414332797e-05
734,1,14,3,1.2425070414332685e-05
735,3,14,1,1.2425070414332685e-05
736,11,0,4,1.2051458583019037e-05
737,4,0,11,1.2051458583019035e-05
738,2,6,13,1.205145858301899e-05
739,13,6,2,1.2051458583018984e-05
740,9,2,6,1.2051458583018937e-05
741,6,2,9,1.2051458583018934e-05
742,10,14,5,1.2051458583018932e-05
743,5,14,10,1.205145858301893e-05
744,15,4,0,1.2051458583018874e-05
745,0,4,15,1.205145858301887e-05
746,7,12,8,1.2051458583018791e-05
747,8,12,7,1.2051458583018788e-05
748,1,10,14,1.2051458583018739e-05
749,14,10,1,1.2051458583018734e-05
750,12,8,3,1.2051458583018727e-05
751,3,8,12,1.2051458583018727e-05
752,11,12,3,1.2036111989530477e-05
753,3,12,11,1.2036111989530476e-05
754,3,4,11,1.203611198953042e-05
755,11,4,3,1.203611198953042e-05
756,15,0,7,1.2036111989530413e-05
757,7,0,15,1.2036111989530411e-05
758,15,8,7,1.203611198953032e-05
759,7,8,15,1.2036111989530318e-05
760,9,14,1,1.2036111989530313e-05
761,1,14,9,1.2036111989530311e-05
762,9,6,1,1.2036111989530166e-05
763,1,6,9,1.2036111989530164e-05
764,5,2,13,1.2036111989530069e-05
765,13,2,5,1.2036111989530067e-05
766,13,10,5,1.203611198953005e-05
767,5,10,13,1.2036111989530049e-05
768,9,2,13,1.1644871682591318e-05
769,13,2,9,1.1644871682591318e-05
770,11,0,15,1.164487168259128e-05
771,15,0,11,1.1644871682591279e-05
772,9,6,13,1.164487168259121e-05
773,13,6,9,1.1644871682591206e-05
774,11,4,15,1.1644871682590877e-05
775,15,4,11,1.1644871682590874e-05
776,1,10,5,1.1644871682590731e-05
777,5,10,1,1.1644871682590726e-05
778,5,14,1,1.1644871682590594e-05
779,1,14,5,1.1644871682590593e-05
780,3,8,7,1.1644871682590386e-05
781,7,8,3,1.1644871682590386e-05
782,7,12,3,1.1644871682590162e-05
783,3,12,7,1.1644871682590162e-05
784,11,4,10,1.0544272023507441e-05
785,10,4,11,1.0544272023507441e-05
786,8,6,9,1.054427202350742e-05
787,9,6,8,1.0544272023507417e-05
788,15,0,14,1.0544272023507407e-05
789,14,0,15,1.0544272023507404e-05
790,2,12,3,1.0544272023507324e-05
791,3,12,2,1.0544272023507323e-05
792,1,14,0,1.054427202350732e-05
793,0,14,1,1.0544272023507316e-05
794,7,8,6,1.0544272023507289e-05
795,6,8,7,1.0544272023507287e-05
796,13,2,12,1.0544272023507285e-05
797,12,2,13,1.0544272023507284e-05
798,4,10,5,1.0544272023507255e-05
799,5,10,4,1.0544272023507253e-05
800,0,8,15,9.73797958554206e-06
801,15,8,0,9.73797958554206e-06
802,7,0,8,9.737979585542025e-06
803,8,0,7,9.737979585542021e-06
804,10,2,5,9.73797958554191e-06
805,5,2,10,9.737979585541908e-06
806,13,10,2,9.737979585541901e-06
807,2,10,13,9.737979585541901e-06
808,4,12,11,9.737979585541713e-06
809,11,12,4,9.737979585541708e-06
810,12,4,3,9.73797958554152e-06
811,3,4,12,9.737979585541518e-06
812,6,14,9,9.737979585541403e-06
813,9,14,6,9.737979585541403e-06
814,1,6,14,9.737979585541401e-06
815,14,6,1,9.737979585541398e-06
816,14,1,15,8.721562919370568e-06
817,15,1,14,8.721562919370568e-06
818,12,3,13,8.721562919370566e-06
819,13,3,12,8.721562919370566e-06
820,8,7,9,8.721562919370556e-06
821,9,7,8,8.721562919370556e-06
822,4,11,5,8.72156291937055e-06
823,7,9,6,8.721562919370548e-06
824,6,9,7,8.721562919370548e-06
825,5,11,4,8.721562919370548e-06
826,10,5,11,8.721562919370544e-06
827,11,5,10,8.721562919370544e-06
828,2,13,3,8.721562919370529e-06
829,3,13,2,8.721562919370529e-06
830,1,15,0,8.72156291937051e-06
831,0,15,1,8.721562919370509e-06
832,12,1,10,8.679604397468098e-06
833,10,1,12,8.679604397468098e-06
834,12,7,10,8.679604397468027e-06
835,10,7,12,8.679604397468027e-06
836,4,15,2,8.679604397468008e-06
837,2,15,4,8.679604397468007e-06
838,8,3,14,8.679604397467986e-06
839,14,3,8,8.679604397467986e-06
840,4,9,2,8.679604397467966e-06
841,2,9,4,8.679604397467962e-06
842,6,11,0,8.679604397467913e-06
843,0,11,6,8.679604397467912e-06
844,14,5,8,8.679604397467896e-06
845,8,5,14,8.679604397467893e-06
846,0,13,6,8.6796043974678e-06
847,6,13,0,8.679604397467798e-06
848,6,5,7,6.52736751467289e-06
849,7,5,6,6.527367514672889e-06
850,9,11,8,6.527367514672887e-06
851,8,11,9,6.527367514672885e-06
852,14,13,15,6.527367514672868e-06
853,15,13,14,6.527367514672868e-06
854,5,7,4,6.527367514672864e-06
855,4,7,5,6.527367514672863e-06
856,10,9,11,6.527367514672841e-06
857,11,9,10,6.52736751467284e-06
858,0,3,1,6.527367514672833e-06
859,1,3,0,6.527367514672832e-06
860,12,15,13,6.5273675146728085e-06
861,13,15,12,6.527367514672808e-06
862,2,1,3,6.527367514672788e-06
863,3,1,2,6.527367514672787e-06
864,9,4,6,6.433696842307231e-06
865,6,4,9,6.433696842307228e-06
866,8,10,7,6.4336968423071995e-06
867,7,10,8,6.4336968423071995e-06
868,4,6,11,6.433696842307187e-06
869,11,6,4,6.433696842307184e-06
870,15,2,0,6.433696842307164e-06
871,14,12,1,6.433696842307162e-06
872,12,14,3,6.433696842307162e-06
873,3,14,12,6.433696842307162e-06
874,0,2,15,6.433696842307162e-06
875,1,12,14,6.4336968423071605e-06
876,13,0,2,6.43369684230712e-06
877,2,0,13,6.433696842307117e-06
878,10,8,5,6.433696842307054e-06
879,5,8,10,6.433696842307054e-06
880,12,9,13,6.25814490389441e-06
881,13,9,12,6.25814490389441e-06
882,4,1,5,6.258144903894353e-06
883,5,1,4,6.258144903894351e-06
884,7,3,6,6.258144903894295e-06
885,6,3,7,6.258144903894291e-06
886,8,13,9,6.258144903894268e-06
887,9,13,8,6.258144903894268e-06
888,0,5,1,6.2581449038942485e-06
889,1,5,0,6.2581449038942485e-06
890,14,11,15,6.2581449038942205e-06
891,15,11,14,6.258144903894219e-06
892,10,15,11,6.258144903894116e-06
893,11,15,10,6.258144903894113e-06
894,3,7,2,6.258144903894111e-06
895,2,7,3,6.25814490389411e-06
896,13,5,12,5.634273398242775e-06
897,12,5,13,5.634273398242774e-06
898,9,1,8,5.634273398242772e-06
899,8,1,9,5.634273398242771e-06
900,5,13,4,5.6342733982427425e-06
901,4,13,5,5.6342733982427425e-06
902,1,9,0,5.6342733982427375e-06
903,0,9,1,5.6342733982427375e-06
904,6,15,7,5.634273398242687e-06
905,7,15,6,5.634273398242685e-06
906,14,7,15,5.634273398242614e-06
907,15,7,14,5.63427339824261e-06
908,2,11,3,5.634273398242545e-06
909,3,11,2,5.634273398242543e-06
910,10,3,11,5.6342733982424715e-06
911,11,3,10,5.634273398242471e-06
912,2,12,13,4.680710082208182e-06
913,13,12,2,4.680710082208182e-06
914,15,14,0,4.680710082208113e-06
915,0,14,15,4.6807100822081125e-06
916,9,8,6,4.68071008220809e-06
917,6,8,9,4.680710082208088e-06
918,7,6,8,4.680710082208076e-06
919,8,6,7,4.6807100822080735e-06
920,1,0,14,4.680710082207985e-06
921,14,0,1,4.6807100822079846e-06
922,11,10,4,4.6807100822079685e-06
923,4,10,11,4.680710082207968e-06
924,5,4,10,4.680710082207944e-06
925,10,4,5,4.68071008220794e-06
926,3,2,12,4.680710082207909e-06
927,12,2,3,4.680710082207908e-06
928,14,0,10,4.503918193338953e-06
929,10,0,14,4.503918193338948e-06
930,0,14,4,4.503918193338929e-06
931,4,14,0,4.503918193338929e-06
932,10,4,14,4.503918193338882e-06
933,14,4,10,4.5039181933388805e-06
934,8,2,12,4.503918193338815e-06
935,12,2,8,4.503918193338815e-06
936,12,6,8,4.503918193338747e-06
937,8,6,12,4.503918193338742e-06
938,0,10,4,4.50391819333869e-06
939,4,10,0,4.503918193338686e-06
940,6,8,2,4.503918193338667e-06
941,2,8,6,4.503918193338666e-06
942,2,12,6,4.503918193338469e-06
943,6,12,2,4.503918193338468e-06
944,2,14,0,3.5347876589712464e-06
945,0,14,2,3.534787658971231e-06
946,12,2,14,3.5347876589712295e-06
947,14,2,12,3.5347876589712193e-06
948,8,4,10,3.5347876589711897e-06
949,10,4,8,3.534787658971187e-06
950,4,10,6,3.534787658971182e-06
951,6,10,4,3.5347876589711702e-06
952,6,8,4,3.53478765897116e-06
953,4,8,6,3.5347876589711567e-06
954,12,0,14,3.53478765897115e-06
955,14,0,12,3.534787658971137e-06
956,0,12,2,3.534787658971062e-06
957,10,6,8,3.5347876589710567e-06
958,2,12,0,3.5347876589710567e-06
959,8,6,10,3.534787658971054e-06
960,4,14,1,3.4902325772350516e-06
961,1,14,4,3.4902325772350503e-06
962,0,10,5,3.4902325772350457e-06
963,5,10,0,3.4902325772350457e-06
964,6,12,3,3.490232577235033e-06
965,3,12,6,3.4902325772350317e-06
966,7,8,2,3.4902325772349707e-06
967,2,8,7,3.4902325772349694e-06
968,8,2,13,3.4902325772348644e-06
969,10,0,15,3.4902325772348644e-06
970,13,2,8,3.4902325772348627e-06
971,15,0,10,3.49023257723486e-06
972,14,4,11,3.4902325772348195e-06
973,11,4,14,3.490232577234816e-06
974,9,6,12,3.4902325772348043e-06
975,12,6,9,3.4902325772348017e-06
976,7,8,4,3.0538712507990826e-06
977,4,8,7,3.0538712507990784e-06
978,9,6,10,3.053871250799007e-06
979,8,4,11,3.053871250799004e-06
980,10,6,9,3.053871250799004e-06
981,11,4,8,3.0538712507990017e-06
982,13,2,14,3.053871250798972e-06
983,14,2,13,3.05387125079897e-06
984,0,12,3,3.0538712507989564e-06
985,3,12,0,3.053871250798956e-06
986,12,0,15,3.0538712507989344e-06
987,15,0,12,3.053871250798932e-06
988,6,10,5,3.0538712507988903e-06
989,5,10,6,3.0538712507988895e-06
990,2,14,1,3.0538712507988785e-06
991,1,14,2,3.053871250798878e-06
992,15,2,14,3.020393112806384e-06
993,7,10,6,3.020393112806384e-06
994,6,10,7,3.0203931128063838e-06
995,14,2,15,3.0203931128063838e-06
996,5,8,4,3.0203931128063575e-06
997,4,8,5,3.0203931128063566e-06
998,11,6,10,3.020393112806268e-06
999,10,6,11,3.0203931128062664e-06
1000,0,12,1,3.0203931128062656e-06
1001,1,12,0,3.020393112806263e-06
1002,13,0,12,3.020393112806252e-06
1003,8,4,9,3.0203931128062508e-06
1004,9,4,8,3.0203931128062508e-06
1005,12,0,13,3.02039311280625e-06
1006,3,14,2,3.0203931128062224e-06
1007,2,14,3,3.0203931128062215e-06
1008,3,13,12,2.6657288088408132e-06
1009,12,13,3,2.6657288088408132e-06
1010,1,15,14,2.6657288088408e-06
1011,14,15,1,2.6657288088408e-06
1012,10,11,5,2.6657288088407904e-06
1013,5,11,10,2.6657288088407904e-06
1014,7,9,8,2.665728808840778e-06
1015,8,9,7,2.6657288088407777e-06
1016,6,7,9,2.6657288088407777e-06
1017,9,7,6,2.6657288088407772e-06
1018,11,5,4,2.665728808840768e-06
1019,4,5,11,2.6657288088407675e-06
1020,2,3,13,2.6657288088407637e-06
1021,13,3,2,2.6657288088407633e-06
1022,0,1,15,2.6657288088407446e-06
1023,15,1,0,2.6657288088407446e-06
1024,0,3,15,2.6603351084919517e-06
1025,15,3,0,2.6603351084919517e-06
1026,13,1,2,2.66033510849185e-06
1027,2,1,13,2.660335108491849e-06
1028,8,11,7,2.660335108491793e-06
1029,7,11,8,2.660335108491792e-06
1030,4,7,11,2.6603351084917573e-06
1031,11,7,4,2.6603351084917573e-06
1032,10,9,5,2.660335108491733e-06
1033,5,9,10,2.6603351084917323e-06
1034,9,5,6,2.6603351084917116e-06
1035,6,5,9,2.6603351084917107e-06
1036,12,15,3,2.660335108491703e-06
1037,3,15,12,2.6603351084917023e-06
1038,1,13,14,2.66033510849167e-06
1039,14,13,1,2.6603351084916696e-06
1040,6,13,9,2.619865680072189e-06
1041,9,13,6,2.619865680072189e-06
1042,5,1,10,2.619865680072183e-06
1043,10,1,5,2.619865680072182e-06
1044,2,9,13,2.619865680072169e-06
1045,13,9,2,2.619865680072168e-06
1046,1,5,14,2.6198656800721275e-06
1047,14,5,1,2.6198656800721275e-06
1048,8,3,7,2.619865680072118e-06
1049,7,3,8,2.619865680072118e-06
1050,15,11,0,2.6198656800720564e-06
1051,0,11,15,2.619865680072056e-06
1052,3,7,12,2.6198656800720276e-06
1053,12,7,3,2.6198656800720276e-06
1054,11,15,4,2.6198656800720043e-06
1055,4,15,11,2.619865680072003e-06
1056,7,6,5,2.5209086863561107e-06
1057,5,6,7,2.5209086863561107e-06
1058,5,4,7,2.5209086863559565e-06
1059,7,4,5,2.520908686355953e-06
1060,1,0,3,2.520908686355936e-06
1061,3,0,1,2.5209086863559337e-06
1062,9,8,11,2.520908686355857e-06
1063,11,8,9,2.520908686355849e-06
1064,13,12,15,2.520908686355763e-06
1065,15,12,13,2.5209086863557583e-06
1066,9,10,11,2.5209086863555627e-06
1067,11,10,9,2.5209086863555605e-06
1068,3,2,1,2.5209086863551743e-06
1069,1,2,3,2.520908686355173e-06
1070,13,14,15,2.5209086863550104e-06
1071,15,14,13,2.5209086863550104e-06
1072,2,4,11,2.476399336496765e-06
1073,11,4,2,2.4763993364967648e-06
1074,6,0,15,2.476399336496749e-06
1075,15,0,6,2.4763993364967474e-06
1076,0,6,9,2.4763993364967296e-06
1077,9,6,0,2.476399336496727e-06
1078,13,2,4,2.476399336496723e-06
1079,4,2,13,2.4763993364967186e-06
1080,8,14,1,2.476399336496716e-06
1081,3,12,10,2.4763993364967148e-06
1082,1,14,8,2.4763993364967144e-06
1083,10,12,3,2.4763993364967135e-06
1084,14,8,7,2.476399336496688e-06
1085,7,8,14,2.4763993364966864e-06
1086,5,10,12,2.4763993364966466e-06
1087,12,10,5,2.4763993364966466e-06
1088,15,5,0,1.2408251482955402e-06
1089,0,5,15,1.2408251482955393e-06
1090,8,13,7,1.2408251482955266e-06
1091,7,13,8,1.2408251482955245e-06
1092,12,9,3,1.2408251482954284e-06
1093,3,9,12,1.2408251482954258e-06
1094,6,3,9,1.2408251482954241e-06
1095,9,3,6,1.2408251482954235e-06
1096,11,1,4,1.2408251482954224e-06
1097,4,1,11,1.2408251482954193e-06
1098,2,7,13,1.2408251482953517e-06
1099,13,7,2,1.2408251482953507e-06
1100,5,15,10,1.2408251482952797e-06
1101,10,15,5,1.2408251482952793e-06
1102,1,11,14,1.2408251482952255e-06
1103,14,11,1,1.2408251482952253e-06
1104,14,3,1,1.1593424012646438e-06
1105,1,3,14,1.1593424012646436e-06
1106,12,1,3,1.1593424012646008e-06
1107,3,1,12,1.1593424012646002e-06
1108,10,7,5,1.159342401264591e-06
1109,5,7,10,1.159342401264591e-06
1110,8,5,7,1.1593424012645752e-06
1111,7,5,8,1.159342401264575e-06
1112,11,9,4,1.1593424012645625e-06
1113,4,9,11,1.159342401264562e-06
1114,9,11,6,1.1593424012645369e-06
1115,6,11,9,1.1593424012645365e-06
1116,2,15,13,1.1593424012645343e-06
1117,13,15,2,1.1593424012645343e-06
1118,15,13,0,1.1593424012644967e-06
1119,0,13,15,1.1593424012644958e-06
1120,11,3,4,6.916801117175868e-07
1121,4,3,11,6.91680111717586e-07
1122,6,1,9,6.916801117175776e-07
1123,9,1,6,6.916801117175767e-07
1124,15,7,0,6.916801117175205e-07
1125,0,7,15,6.916801117175199e-07
1126,8,15,7,6.916801117175019e-07
1127,7,15,8,6.916801117175007e-07
1128,1,9,14,6.916801117174882e-07
1129,14,9,1,6.916801117174873e-07
1130,12,11,3,6.916801117174817e-07
1131,3,11,12,6.916801117174814e-07
1132,13,5,2,6.916801117174706e-07
1133,2,5,13,6.916801117174698e-07
1134,10,13,5,6.916801117174033e-07
1135,5,13,10,6.916801117174029e-07
1136,5,13,9,3.407588024779734e-07
1137,9,13,5,3.407588024779732e-07
1138,11,15,7,3.407588024779678e-07
1139,7,15,11,3.407588024779678e-07
1140,13,5,1,3.407588024779641e-07
1141,1,5,13,3.407588024779639e-07
1142,13,9,1,3.4075880247795876e-07
1143,1,9,13,3.407588024779587e-07
1144,3,11,15,3.4075880247795775e-07
1145,15,11,3,3.407588024779576e-07
1146,9,1,5,3.4075880247795066e-07
1147,5,1,9,3.4075880247795055e-07
1148,11,3,7,3.4075880247795034e-07
1149,7,3,11,3.4075880247795024e-07
1150,15,7,3,3.4075880247795024e-07
1151,3,7,15,3.407588024779502e-07
1152,5,7,15,3.230785313028975e-07
1153,15,7,5,3.2307853130289747e-07
1154,11,3,1,3.2307853130288995e-07
1155,1,3,11,3.2307853130288974e-07
1156,7,5,13,3.2307853130288656e-07
1157,13,5,7,3.2307853130288656e-07
1158,7,15,13,3.2307853130288476e-07
1159,13,15,7,3.2307853130288455e-07
1160,3,11,9,3.230785313028783e-07
1161,9,11,3,3.230785313028783e-07
1162,5,13,15,3.2307853130287693e-07
1163,15,13,5,3.2307853130287693e-07
1164,1,9,11,3.23078531302876e-07
1165,11,9,1,3.2307853130287576e-07
1166,3,1,9,3.230785313028714e-07
1167,9,1,3,3.230785313028713e-07
1168,5,9,4,2.142382344529183e-07
1169,4,9,5,2.1423823445291804e-07
1170,15,3,14,2.142382344529129e-07
1171,14,3,15,2.1423823445291285e-07
1172,13,1,12,2.142382344529075e-07
1173,12,1,13,2.1423823445290713e-07
1174,7,11,6,2.142382344529058e-07
1175,6,11,7,2.1423823445290512e-07
1176,11,7,10,2.142382344528695e-07
1177,10,7,11,2.1423823445286886e-07
1178,0,13,1,2.1423823445286033e-07
1179,1,13,0,2.142382344528598e-07
1180,9,5,8,2.1423823445284318e-07
1181,8,5,9,2.1423823445284265e-07
1182,3,15,2,2.1423823445284186e-07
1183,2,15,3,2.1423823445284138e-07
1184,13,15,11,2.1240049957522185e-07
1185,11,15,13,2.124004995752218e-07
1186,5,7,3,2.124004995752164e-07
1187,3,7,5,2.1240049957521622e-07
1188,9,11,15,2.1240049957521053e-07
1189,15,11,9,2.1240049957521042e-07
1190,1,3,7,2.1240049957520343e-07
1191,7,3,1,2.1240049957520338e-07
1192,1,5,7,2.124004995751983e-07
1193,7,5,1,2.1240049957519814e-07
1194,15,13,9,2.1240049957519626e-07
1195,9,13,15,2.1240049957519626e-07
1196,3,1,5,2.1240049957518824e-07
1197,5,1,3,2.1240049957518813e-07
1198,11,9,13,2.1240049957518522e-07
1199,13,9,11,2.1240049957518503e-07
1200,5,15,4,2.0739643994202909e-07
1201,4,15,5,2.0739643994202723e-07
1202,1,11,0,2.0739643994200738e-07
1203,0,11,1,2.073964399420061e-07
1204,3,9,2,2.0739643994194666e-07
1205,2,9,3,2.073964399419465e-07
1206,7,13,6,2.0739643994182008e-07
1207,6,13,7,2.073964399418185e-07
1208,13,7,12,2.0739643994173702e-07
1209,12,7,13,2.073964399417366e-07
1210,8,3,9,2.0739643994171335e-07
1211,9,3,8,2.0739643994171182e-07
1212,11,1,10,2.0739643994162479e-07
1213,10,1,11,2.0739643994162394e-07
1214,15,5,14,2.0739643994156856e-07
1215,14,5,15,2.0739643994156798e-07
1216,4,12,3,1.1501914609825768e-07
1217,3,12,4,1.150191460982572e-07
1218,11,4,12,1.1501914609825456e-07
1219,12,4,11,1.1501914609825429e-07
1220,0,8,7,1.1501914609825323e-07
1221,7,8,0,1.1501914609825297e-07
1222,14,6,9,1.1501914609824519e-07
1223,9,6,14,1.150191460982449e-07
1224,15,0,8,1.1501914609823963e-07
1225,8,0,15,1.1501914609823947e-07
1226,5,10,2,1.1501914609823841e-07
1227,2,10,5,1.150191460982382e-07
1228,1,14,6,1.1501914609822359e-07
1229,6,14,1,1.1501914609822359e-07
1230,10,2,13,1.1501914609821935e-07
1231,13,2,10,1.1501914609821917e-07
1232,4,0,15,2.078911164337983e-08
1233,15,0,4,2.0789111643379407e-08
1234,13,2,6,2.0789111643330597e-08
1235,6,2,13,2.0789111643329644e-08
1236,11,4,0,2.0789111643327844e-08
1237,0,4,11,2.0789111643327103e-08
1238,2,6,9,2.078911164330529e-08
1239,9,6,2,2.078911164330529e-08
1240,7,8,12,2.0789111643268128e-08
1241,12,8,7,2.07891116432676e-08
1242,3,12,8,2.078911164326527e-08
1243,8,12,3,2.0789111643265057e-08
1244,10,14,1,2.078911164324981e-08
1245,1,14,10,2.078911164324981e-08
1246,5,10,14,2.0789111643233082e-08
1247,14,10,5,2.078911164323266e-08
1248,2,3,9,-6.873407566173167e-08
1249,9,3,2,-6.873407566173178e-08
1250,1,11,10,-6.87340756617354e-08
1251,10,11,1,-6.873407566173542e-08
1252,8,9,3,-6.873407566173604e-08
1253,3,9,8,-6.873407566173617e-08
1254,7,13,12,-6.873407566173924e-08
1255,12,13,7,-6.873407566173927e-08
1256,4,5,15,-6.873407566174251e-08
1257,15,5,4,-6.87340756617426e-08
1258,6,7,13,-6.873407566174329e-08
1259,13,7,6,-6.873407566174329e-08
1260,11,1,0,-6.873407566174509e-08
1261,0,1,11,-6.87340756617451e-08
1262,5,15,14,-6.873407566174567e-08
1263,14,15,5,-6.873407566174573e-08
1264,2,13,7,-1.476053266846882e-07
1265,7,13,2,-1.4760532668468947e-07
1266,11,1,14,-1.4760532668469307e-07
1267,10,5,15,-1.4760532668469328e-07
1268,15,5,10,-1.476053266846935e-07
1269,14,1,11,-1.476053266846937e-07
1270,6,9,3,-1.476053266847043e-07
1271,3,9,6,-1.4760532668470472e-07
1272,12,3,9,-1.476053266847064e-07
1273,9,3,12,-1.4760532668470683e-07
1274,13,7,8,-1.4760532668470916e-07
1275,8,7,13,-1.476053266847098e-07
1276,5,15,0,-1.4760532668472166e-07
1277,0,15,5,-1.4760532668472208e-07
1278,1,11,4,-1.4760532668472822e-07
1279,4,11,1,-1.4760532668472843e-07
1280,10,3,5,-1.5688964136790595e-07
1281,5,3,10,-1.5688964136790658e-07
1282,14,7,1,-1.5688964136801394e-07
1283,1,7,14,-1.5688964136801585e-07
1284,7,1,8,-1.568896413680619e-07
1285,8,1,7,-1.5688964136806307e-07
1286,2,11,13,-1.5688964136812152e-07
1287,13,11,2,-1.5688964136812438e-07
1288,12,5,3,-1.5688964136821257e-07
1289,3,5,12,-1.568896413682129e-07
1290,0,9,15,-1.568896413683519e-07
1291,15,9,0,-1.568896413683519e-07
1292,6,15,9,-1.5688964136838367e-07
1293,9,15,6,-1.5688964136838569e-07
1294,4,13,11,-1.5688964136862465e-07
1295,11,13,4,-1.5688964136862476e-07
1296,0,6,2,-2.0981051165664651e-07
1297,2,6,0,-2.0981051165664704e-07
1298,10,14,8,-2.0981051165665853e-07
1299,8,14,10,-2.098105116566587e-07
1300,10,12,8,-2.0981051165667711e-07
1301,8,12,10,-2.0981051165667733e-07
1302,2,4,0,-2.098105116566893e-07
1303,0,4,2,-2.098105116566894e-07
1304,6,2,4,-2.0981051165669257e-07
1305,4,2,6,-2.0981051165669268e-07
1306,12,10,14,-2.0981051165669787e-07
1307,14,10,12,-2.0981051165669808e-07
1308,12,8,14,-2.098105116567219e-07
1309,14,8,12,-2.098105116567219e-07
1310,4,0,6,-2.0981051165673026e-07
1311,6,0,4,-2.0981051165673058e-07
1312,10,8,0,-2.4987440562445264e-07
1313,0,8,10,-2.4987440562445274e-07
1314,0,2,10,-2.4987440562445465e-07
1315,10,2,0,-2.4987440562445486e-07
1316,2,10,8,-2.4987440562445915e-07
1317,8,10,2,-2.4987440562445915e-07
1318,8,0,2,-2.498744056244615e-07
1319,2,0,8,-2.4987440562446153e-07
1320,4,6,14,-2.498744056244618e-07
1321,14,6,4,-2.4987440562446185e-07
1322,12,14,6,-2.4987440562446757e-07
1323,6,14,12,-2.4987440562446767e-07
1324,6,4,12,-2.498744056244695e-07
1325,12,4,6,-2.498744056244695e-07
1326,4,12,14,-2.4987440562447593e-07
1327,14,12,4,-2.4987440562447593e-07
1328,12,13,2,-6.173063391238886e-07
1329,2,13,12,-6.173063391238888e-07
1330,14,15,0,-6.173063391238903e-07
1331,0,15,14,-6.173063391238904e-07
1332,6,9,8,-6.173063391238918e-07
1333,10,5,4,-6.173063391238919e-07
1334,4,5,10,-6.17306339123892e-07
1335,8,9,6,-6.173063391238921e-07
1336,8,7,6,-6.173063391238946e-07
1337,6,7,8,-6.173063391238946e-07
1338,0,1,14,-6.173063391239009e-07
1339,14,1,0,-6.17306339123901e-07
1340,4,11,10,-6.173063391239019e-07
1341,10,11,4,-6.173063391239021e-07
1342,12,3,2,-6.173063391239063e-07
1343,2,3,12,-6.173063391239063e-07
1344,0,15,11,-6.380842592553638e-07
1345,11,15,0,-6.380842592553638e-07
1346,9,13,2,-6.380842592553688e-07
1347,1,5,10,-6.380842592553688e-07
1348,2,13,9,-6.380842592553688e-07
1349,10,5,1,-6.380842592553693e-07
1350,8,7,3,-6.380842592553697e-07
1351,3,7,8,-6.380842592553699e-07
1352,15,11,4,-6.380842592553714e-07
1353,4,11,15,-6.380842592553716e-07
1354,7,3,12,-6.380842592553729e-07
1355,12,3,7,-6.380842592553729e-07
1356,14,1,5,-6.380842592553795e-07
1357,5,1,14,-6.380842592553796e-07
1358,6,9,13,-6.380842592553811e-07
1359,13,9,6,-6.380842592553813e-07
1360,12,13,1,-6.94556857812817e-07
1361,1,13,12,-6.945568578128172e-07
1362,3,15,14,-6.945568578128189e-07
1363,14,15,3,-6.945568578128191e-07
1364,15,3,2,-6.945568578128272e-07
1365,2,3,15,-6.945568578128273e-07
1366,11,7,6,-6.945568578128298e-07
1367,6,7,11,-6.945568578128302e-07
1368,4,5,9,-6.945568578128324e-07
1369,9,5,4,-6.945568578128325e-07
1370,8,9,5,-6.945568578128327e-07
1371,7,11,10,-6.945568578128328e-07
1372,5,9,8,-6.94556857812833e-07
1373,10,11,7,-6.945568578128331e-07
1374,13,1,0,-6.945568578128389e-07
1375,0,1,13,-6.945568578128392e-07
1376,11,3,2,-7.233423267190397e-07
1377,2,3,11,-7.2334232671904e-07
1378,12,13,5,-7.233423267190407e-07
1379,5,13,12,-7.233423267190408e-07
1380,15,7,6,-7.233423267190409e-07
1381,6,7,15,-7.233423267190409e-07
1382,7,15,14,-7.233423267190434e-07
1383,14,15,7,-7.233423267190436e-07
1384,10,11,3,-7.233423267190531e-07
1385,3,11,10,-7.233423267190534e-07
1386,13,5,4,-7.233423267190539e-07
1387,4,5,13,-7.233423267190542e-07
1388,8,9,1,-7.233423267190551e-07
1389,1,9,8,-7.233423267190553e-07
1390,9,1,0,-7.233423267190564e-07
1391,0,1,9,-7.233423267190565e-07
1392,5,3,1,-7.649848593567868e-07
1393,1,3,5,-7.649848593567869e-07
1394,13,15,9,-7.649848593567884e-07
1395,9,15,13,-7.649848593567884e-07
1396,5,7,1,-7.649848593567916e-07
1397,1,7,5,-7.649848593567918e-07
1398,11,13,15,-7.649848593567919e-07
1399,15,13,11,-7.64984859356792e-07
1400,3,5,7,-7.649848593567921e-07
1401,7,5,3,-7.649848593567922e-07
1402,11,9,15,-7.649848593567943e-07
1403,15,9,11,-7.649848593567945e-07
1404,9,11,13,-7.649848593567951e-07
1405,13,11,9,-7.649848593567954e-07
1406,3,1,7,-7.649848593567959e-07
1407,7,1,3,-7.64984859356796e-07
1408,1,7,6,-8.64388004972555e-07
1409,6,7,1,-8.64388004972555e-07
1410,3,5,4,-8.643880049725681e-07
1411,4,5,3,-8.643880049725681e-07
1412,5,3,2,-8.643880049725725e-07
1413,2,3,5,-8.643880049725727e-07
1414,9,15,14,-8.643880049725749e-07
1415,14,15,9,-8.643880049725751e-07
1416,10,11,13,-8.643880049725753e-07
1417,13,11,10,-8.643880049725756e-07
1418,7,1,0,-8.643880049725758e-07
1419,0,1,7,-8.643880049725758e-07
1420,12,13,11,-8.643880049725767e-07
1421,11,13,12,-8.643880049725768e-07
1422,15,9,8,-8.643880049725877e-07
1423,8,9,15,-8.643880049725878e-07
1424,9,5,10,-8.865821021570499e-07
1425,10,5,9,-8.865821021570503e-07
1426,11,7,8,-8.865821021570541e-07
1427,8,7,11,-8.865821021570545e-07
1428,4,11,7,-8.86582102157057e-07
1429,7,11,4,-8.865821021570575e-07
1430,12,3,15,-8.865821021570583e-07
1431,15,3,12,-8.865821021570587e-07
1432,13,1,14,-8.865821021570634e-07
1433,14,1,13,-8.865821021570643e-07
1434,3,15,0,-8.865821021570672e-07
1435,0,15,3,-8.865821021570672e-07
1436,1,13,2,-8.865821021570689e-07
1437,2,13,1,-8.865821021570693e-07
1438,6,9,5,-8.865821021570744e-07
1439,5,9,6,-8.865821021570753e-07
1440,0,4,6,-9.086627654779838e-07
1441,6,4,0,-9.08662765477984e-07
1442,0,2,6,-9.086627654779913e-07
1443,6,2,0,-9.086627654779915e-07
1444,4,0,2,-9.086627654779976e-07
1445,2,0,4,-9.086627654779979e-07
1446,4,6,2,-9.086627654779991e-07
1447,2,6,4,-9.086627654779991e-07
1448,14,12,8,-9.086627654780026e-07
1449,8,12,14,-9.086627654780028e-07
1450,10,14,12,-9.086627654780072e-07
1451,12,14,10,-9.086627654780074e-07
1452,8,10,14,-9.086627654780148e-07
1453,14,10,8,-9.086627654780149e-07
1454,12,8,10,-9.086627654780156e-07
1455,10,8,12,-9.086627654780157e-07
1456,12,15,0,-9.386581803616944e-07
1457,0,15,12,-9.386581803616944e-07
1458,6,9,10,-9.386581803617431e-07
1459,10,9,6,-9.386581803617453e-07
1460,2,1,14,-9.386581803617469e-07
1461,14,1,2,-9.386581803617482e-07
1462,8,7,4,-9.386581803617601e-07
1463,4,7,8,-9.386581803617605e-07
1464,8,11,4,-9.386581803617635e-07
1465,4,11,8,-9.386581803617635e-07
1466,2,13,14,-9.38658180361769e-07
1467,12,3,0,-9.386581803617707e-07
1468,0,3,12,-9.386581803617707e-07
1469,14,13,2,-9.386581803617707e-07
1470,10,5,6,-9.386581803617732e-07
1471,6,5,10,-9.386581803617732e-07
1472,14,12,10,-9.958509228744064e-07
1473,10,12,14,-9.958509228744066e-07
1474,14,8,10,-9.958509228744236e-07
1475,10,8,14,-9.95850922874424e-07
1476,2,0,6,-9.95850922874429e-07
1477,6,0,2,-9.95850922874429e-07
1478,2,4,6,-9.958509228744295e-07
1479,6,4,2,-9.958509228744295e-07
1480,8,10,12,-9.958509228744414e-07
1481,12,10,8,-9.958509228744416e-07
1482,4,6,0,-9.958509228744429e-07
1483,0,6,4,-9.95850922874443e-07
1484,0,2,4,-9.95850922874444e-07
1485,4,2,0,-9.958509228744448e-07
1486,8,14,12,-9.95850922874454e-07
1487,12,14,8,-9.958509228744543e-07
1488,13,7,15,-1.013188932201362e-06
1489,15,7,13,-1.0131889322013622e-06
1490,3,11,1,-1.013188932201364e-06
1491,1,11,3,-1.0131889322013643e-06
1492,7,15,5,-1.0131889322013717e-06
1493,5,15,7,-1.0131889322013719e-06
1494,13,5,15,-1.0131889322013825e-06
1495,15,5,13,-1.013188932201383e-06
1496,9,1,11,-1.0131889322013859e-06
1497,11,1,9,-1.0131889322013863e-06
1498,3,9,1,-1.0131889322013893e-06
1499,1,9,3,-1.0131889322013897e-06
1500,11,3,9,-1.0131889322013929e-06
1501,9,3,11,-1.0131889322013935e-06
1502,7,13,5,-1.0131889322013969e-06
1503,5,13,7,-1.0131889322013973e-06
1504,4,5,7,-1.0357454759463446e-06
1505,7,5,4,-1.0357454759463446e-06
1506,14,15,13,-1.0357454759463454e-06
1507,13,15,14,-1.0357454759463456e-06
1508,10,11,9,-1.0357454759463492e-06
1509,9,11,10,-1.0357454759463492e-06
1510,1,3,2,-1.0357454759463518e-06
1511,2,3,1,-1.035745475946352e-06
1512,12,13,15,-1.0357454759463526e-06
1513,15,13,12,-1.0357454759463528e-06
1514,6,7,5,-1.035745475946353e-06
1515,5,7,6,-1.035745475946353e-06
1516,3,1,0,-1.0357454759463558e-06
1517,0,1,3,-1.035745475946356e-06
1518,11,9,8,-1.03574547594636e-06
1519,8,9,11,-1.0357454759463603e-06
1520,11,1,3,-1.0849365342000801e-06
1521,3,1,11,-1.0849365342000804e-06
1522,3,9,11,-1.0849365342000865e-06
1523,11,9,3,-1.0849365342000867e-06
1524,9,3,1,-1.0849365342000945e-06
1525,1,3,9,-1.0849365342000948e-06
1526,7,5,15,-1.0849365342000964e-06
1527,15,5,7,-1.0849365342000969e-06
1528,9,11,1,-1.0849365342001032e-06
1529,1,11,9,-1.0849365342001036e-06
1530,7,13,15,-1.0849365342001051e-06
1531,15,13,7,-1.0849365342001053e-06
1532,5,7,13,-1.084936534200107e-06
1533,13,7,5,-1.0849365342001072e-06
1534,5,15,13,-1.0849365342001329e-06
1535,13,15,5,-1.0849365342001329e-06
1536,4,12,8,-1.093099742789601e-06
1537,8,12,4,-1.0930997427896014e-06
1538,14,10,2,-1.0930997427896044e-06
1539,2,10,14,-1.0930997427896044e-06
1540,10,14,6,-1.0930997427896065e-06
1541,6,14,10,-1.0930997427896065e-06
1542,12,8,0,-1.0930997427896114e-06
1543,0,8,12,-1.0930997427896116e-06
1544,10,2,6,-1.0930997427896152e-06
1545,6,2,10,-1.0930997427896156e-06
1546,8,0,4,-1.093099742789623e-06
1547,4,0,8,-1.093099742789623e-06
1548,14,6,2,-1.0930997427896264e-06
1549,2,6,14,-1.0930997427896264e-06
1550,12,4,0,-1.0930997427896415e-06
1551,0,4,12,-1.0930997427896417e-06
1552,8,5,10,-1.1049165116318998e-06
1553,10,5,8,-1.1049165116319002e-06
1554,0,15,2,-1.1049165116319186e-06
1555,2,15,0,-1.1049165116319193e-06
1556,4,11,6,-1.1049165116319366e-06
1557,6,11,4,-1.104916511631937e-06
1558,0,13,2,-1.104916511631943e-06
1559,2,13,0,-1.1049165116319438e-06
1560,8,7,10,-1.1049165116319502e-06
1561,10,7,8,-1.1049165116319506e-06
1562,4,9,6,-1.1049165116319586e-06
1563,6,9,4,-1.1049165116319589e-06
1564,14,1,12,-1.104916511631964e-06
1565,12,1,14,-1.1049165116319646e-06
1566,14,3,12,-1.1049165116319766e-06
1567,12,3,14,-1.1049165116319773e-06
1568,1,9,6,-1.1952279271856698e-06
1569,6,9,1,-1.1952279271856698e-06
1570,3,11,4,-1.1952279271856732e-06
1571,4,11,3,-1.1952279271856734e-06
1572,5,13,2,-1.195227927185674e-06
1573,2,13,5,-1.1952279271856745e-06
1574,12,3,11,-1.195227927185676e-06
1575,11,3,12,-1.1952279271856762e-06
1576,9,1,14,-1.1952279271856791e-06
1577,14,1,9,-1.1952279271856791e-06
1578,0,15,7,-1.1952279271856842e-06
1579,7,15,0,-1.1952279271856842e-06
1580,13,5,10,-1.1952279271856868e-06
1581,10,5,13,-1.1952279271856868e-06
1582,8,7,15,-1.1952279271856904e-06
1583,15,7,8,-1.1952279271856904e-06
1584,1,13,5,-1.2177495461695935e-06
1585,5,13,1,-1.2177495461695942e-06
1586,13,5,9,-1.2177495461695952e-06
1587,9,5,13,-1.2177495461695954e-06
1588,13,1,9,-1.217749546169605e-06
1589,9,1,13,-1.217749546169605e-06
1590,5,9,1,-1.217749546169611e-06
1591,1,9,5,-1.2177495461696115e-06
1592,7,15,3,-1.2177495461696287e-06
1593,3,15,7,-1.217749546169629e-06
1594,11,7,15,-1.2177495461696446e-06
1595,15,7,11,-1.2177495461696446e-06
1596,15,3,11,-1.2177495461696456e-06
1597,11,3,15,-1.2177495461696456e-06
1598,7,11,3,-1.2177495461696467e-06
1599,3,11,7,-1.217749546169647e-06
1600,13,15,0,-1.2195842675438173e-06
1601,0,15,13,-1.2195842675438175e-06
1602,7,5,10,-1.21958426754382e-06
1603,10,5,7,-1.2195842675438203e-06
1604,1,3,12,-1.2195842675438207e-06
1605,12,3,1,-1.219584267543821e-06
1606,8,7,5,-1.2195842675438218e-06
1607,5,7,8,-1.2195842675438222e-06
1608,4,11,9,-1.219584267543824e-06
1609,9,11,4,-1.2195842675438243e-06
1610,6,9,11,-1.2195842675438247e-06
1611,11,9,6,-1.2195842675438247e-06
1612,2,13,15,-1.2195842675438256e-06
1613,15,13,2,-1.2195842675438258e-06
1614,3,1,14,-1.2195842675438296e-06
1615,14,1,3,-1.2195842675438298e-06
1616,15,11,10,-1.2289787511791251e-06
1617,10,11,15,-1.2289787511791256e-06
1618,2,3,7,-1.2289787511791264e-06
1619,7,3,2,-1.2289787511791264e-06
1620,11,15,14,-1.2289787511791393e-06
1621,14,15,11,-1.2289787511791393e-06
1622,4,5,1,-1.2289787511791419e-06
1623,1,5,4,-1.2289787511791419e-06
1624,6,7,3,-1.2289787511791431e-06
1625,3,7,6,-1.2289787511791433e-06
1626,8,9,13,-1.2289787511791486e-06
1627,13,9,8,-1.2289787511791489e-06
1628,0,1,5,-1.2289787511791525e-06
1629,5,1,0,-1.2289787511791527e-06
1630,9,13,12,-1.228978751179154e-06
1631,12,13,9,-1.2289787511791541e-06
1632,6,12,14,-1.2341909593076512e-06
1633,14,12,6,-1.2341909593076512e-06
1634,10,8,2,-1.2341909593076658e-06
1635,2,8,10,-1.234190959307666e-06
1636,4,14,12,-1.2341909593076677e-06
1637,12,14,4,-1.2341909593076679e-06
1638,4,6,12,-1.2341909593076867e-06
1639,12,6,4,-1.2341909593076872e-06
1640,6,4,14,-1.2341909593076996e-06
1641,14,4,6,-1.2341909593077003e-06
1642,8,10,0,-1.2341909593077047e-06
1643,0,10,8,-1.234190959307705e-06
1644,2,0,10,-1.2341909593077062e-06
1645,10,0,2,-1.2341909593077066e-06
1646,0,2,8,-1.2341909593077225e-06
1647,8,2,0,-1.2341909593077227e-06
1648,6,12,4,-1.2433491134467794e-06
1649,4,12,6,-1.2433491134467794e-06
1650,4,14,6,-1.243349113446783e-06
1651,6,14,4,-1.2433491134467838e-06
1652,8,2,10,-1.243349113446795e-06
1653,10,2,8,-1.2433491134467965e-06
1654,8,0,10,-1.2433491134468048e-06
1655,10,0,8,-1.243349113446805e-06
1656,14,4,12,-1.243349113446819e-06
1657,12,4,14,-1.2433491134468192e-06
1658,12,6,14,-1.2433491134468285e-06
1659,14,6,12,-1.2433491134468285e-06
1660,2,10,0,-1.2433491134468287e-06
1661,0,10,2,-1.2433491134468287e-06
1662,2,8,0,-1.2433491134468395e-06
1663,0,8,2,-1.2433491134468397e-06
1664,6,1,14,-1.3652312935781243e-06
1665,14,1,6,-1.3652312935781245e-06
1666,12,3,4,-1.3652312935781377e-06
1667,14,9,6,-1.3652312935781387e-06
1668,4,3,12,-1.365231293578139e-06
1669,6,9,14,-1.3652312935781394e-06
1670,2,13,10,-1.3652312935781626e-06
1671,10,13,2,-1.3652312935781635e-06
1672,2,5,10,-1.3652312935781694e-06
1673,4,11,12,-1.3652312935781703e-06
1674,12,11,4,-1.3652312935781705e-06
1675,10,5,2,-1.3652312935781707e-06
1676,0,7,8,-1.3652312935781726e-06
1677,8,7,0,-1.3652312935781728e-06
1678,0,15,8,-1.3652312935781787e-06
1679,8,15,0,-1.3652312935781796e-06
1680,8,12,0,-1.3778444977763253e-06
1681,0,12,8,-1.3778444977763261e-06
1682,0,4,8,-1.3778444977763274e-06
1683,8,4,0,-1.3778444977763274e-06
1684,10,14,2,-1.377844497776343e-06
1685,2,14,10,-1.3778444977763435e-06
1686,10,6,2,-1.377844497776346e-06
1687,2,6,10,-1.3778444977763465e-06
1688,12,8,4,-1.3778444977763746e-06
1689,4,8,12,-1.3778444977763749e-06
1690,4,0,12,-1.377844497776393e-06
1691,12,0,4,-1.3778444977763935e-06
1692,14,2,6,-1.3778444977764092e-06
1693,6,2,14,-1.3778444977764104e-06
1694,14,10,6,-1.377844497776421e-06
1695,6,10,14,-1.3778444977764214e-06
1696,6,13,2,-1.453285413623111e-06
1697,2,13,6,-1.4532854136231118e-06
1698,6,9,2,-1.453285413623122e-06
1699,2,9,6,-1.4532854136231232e-06
1700,0,15,4,-1.4532854136231482e-06
1701,4,15,0,-1.4532854136231486e-06
1702,14,5,10,-1.4532854136231508e-06
1703,10,5,14,-1.4532854136231508e-06
1704,10,1,14,-1.4532854136231552e-06
1705,8,3,12,-1.4532854136231554e-06
1706,12,3,8,-1.4532854136231558e-06
1707,14,1,10,-1.4532854136231558e-06
1708,0,11,4,-1.4532854136231599e-06
1709,4,11,0,-1.453285413623161e-06
1710,12,7,8,-1.4532854136231664e-06
1711,8,7,12,-1.4532854136231677e-06
1712,4,8,0,-1.4735774550419406e-06
1713,0,8,4,-1.4735774550419413e-06
1714,12,4,8,-1.4735774550419491e-06
1715,8,4,12,-1.47357745504195e-06
1716,0,12,4,-1.4735774550419606e-06
1717,4,12,0,-1.473577455041961e-06
1718,6,10,2,-1.4735774550419652e-06
1719,2,10,6,-1.4735774550419654e-06
1720,2,14,6,-1.4735774550419678e-06
1721,6,14,2,-1.4735774550419686e-06
1722,14,6,10,-1.4735774550419743e-06
1723,10,6,14,-1.4735774550419745e-06
1724,8,0,12,-1.4735774550419792e-06
1725,12,0,8,-1.4735774550419792e-06
1726,10,2,14,-1.4735774550419946e-06
1727,14,2,10,-1.4735774550419949e-06
1728,1,14,12,-1.6008982647910088e-06
1729,12,14,1,-1.6008982647910088e-06
1730,7,8,10,-1.6008982647910155e-06
1731,10,8,7,-1.6008982647910155e-06
1732,8,10,5,-1.60089826479103e-06
1733,5,10,8,-1.6008982647910301e-06
1734,15,0,2,-1.6008982647910316e-06
1735,2,0,15,-1.600898264791033e-06
1736,0,2,13,-1.6008982647910354e-06
1737,13,2,0,-1.6008982647910354e-06
1738,3,12,14,-1.6008982647910371e-06
1739,14,12,3,-1.6008982647910373e-06
1740,9,6,4,-1.6008982647910458e-06
1741,4,6,9,-1.6008982647910464e-06
1742,11,4,6,-1.6008982647910534e-06
1743,6,4,11,-1.6008982647910547e-06
1744,6,1,7,-1.6617527474100969e-06
1745,7,1,6,-1.661752747410098e-06
1746,15,9,14,-1.6617527474101348e-06
1747,14,9,15,-1.6617527474101358e-06
1748,5,3,4,-1.6617527474101415e-06
1749,4,3,5,-1.6617527474101424e-06
1750,12,11,13,-1.661752747410172e-06
1751,13,11,12,-1.6617527474101722e-06
1752,2,5,3,-1.6617527474103004e-06
1753,3,5,2,-1.661752747410301e-06
1754,11,13,10,-1.6617527474103406e-06
1755,10,13,11,-1.6617527474103406e-06
1756,0,7,1,-1.661752747410413e-06
1757,1,7,0,-1.6617527474104143e-06
1758,8,15,9,-1.6617527474104473e-06
1759,9,15,8,-1.6617527474104473e-06
1760,11,10,13,-1.696831115430956e-06
1761,13,10,11,-1.696831115430958e-06
1762,9,8,15,-1.696831115430986e-06
1763,15,8,9,-1.696831115430986e-06
1764,1,6,7,-1.6968311154311303e-06
1765,7,6,1,-1.6968311154311316e-06
1766,15,14,9,-1.69683111543123e-06
1767,9,14,15,-1.696831115431232e-06
1768,3,2,5,-1.6968311154312752e-06
1769,5,2,3,-1.6968311154312756e-06
1770,1,0,7,-1.6968311154312858e-06
1771,7,0,1,-1.6968311154312917e-06
1772,3,4,5,-1.6968311154313133e-06
1773,5,4,3,-1.696831115431314e-06
1774,11,12,13,-1.6968311154313353e-06
1775,13,12,11,-1.6968311154313391e-06
1776,14,1,7,-1.722073197868511e-06
1777,5,3,12,-1.7220731978685117e-06
1778,7,1,14,-1.7220731978685117e-06
1779,12,3,5,-1.7220731978685119e-06
1780,6,9,15,-1.7220731978685163e-06
1781,15,9,6,-1.7220731978685172e-06
1782,13,11,4,-1.7220731978685227e-06
1783,4,11,13,-1.7220731978685229e-06
1784,1,7,8,-1.7220731978685305e-06
1785,8,7,1,-1.7220731978685307e-06
1786,3,5,10,-1.7220731978685337e-06
1787,10,5,3,-1.7220731978685339e-06
1788,11,13,2,-1.7220731978685339e-06
1789,2,13,11,-1.722073197868534e-06
1790,0,15,9,-1.722073197868538e-06
1791,9,15,0,-1.7220731978685388e-06
1792,12,13,10,-1.7713552348148462e-06
1793,10,13,12,-1.7713552348148465e-06
1794,10,11,12,-1.7713552348148505e-06
1795,14,9,8,-1.7713552348148511e-06
1796,8,9,14,-1.7713552348148513e-06
1797,12,11,10,-1.7713552348148513e-06
1798,2,3,4,-1.7713552348148645e-06
1799,4,3,2,-1.7713552348148647e-06
1800,14,15,8,-1.7713552348148683e-06
1801,8,15,14,-1.7713552348148687e-06
1802,6,1,0,-1.7713552348148878e-06
1803,0,1,6,-1.7713552348148884e-06
1804,2,5,4,-1.7713552348148939e-06
1805,6,7,0,-1.7713552348148945e-06
1806,4,5,2,-1.7713552348148947e-06
1807,0,7,6,-1.771355234814895e-06
1808,7,10,11,-1.8211274551889336e-06
1809,11,10,7,-1.8211274551889379e-06
1810,5,8,9,-1.821127455188965e-06
1811,9,8,5,-1.821127455188967e-06
1812,13,12,1,-1.8211274551890226e-06
1813,1,12,13,-1.8211274551890251e-06
1814,13,0,1,-1.821127455189059e-06
1815,1,0,13,-1.8211274551890607e-06
1816,5,4,9,-1.8211274551891429e-06
1817,9,4,5,-1.8211274551891429e-06
1818,11,6,7,-1.821127455189209e-06
1819,7,6,11,-1.8211274551892098e-06
1820,3,2,15,-1.8211274551892322e-06
1821,15,2,3,-1.8211274551892352e-06
1822,15,14,3,-1.8211274551893525e-06
1823,3,14,15,-1.8211274551893546e-06
1824,0,1,10,-1.8777953781406272e-06
1825,10,1,0,-1.8777953781406282e-06
1826,4,5,14,-1.8777953781406318e-06
1827,14,5,4,-1.8777953781406327e-06
1828,2,3,8,-1.8777953781406397e-06
1829,8,3,2,-1.8777953781406397e-06
1830,0,11,10,-1.8777953781406437e-06
1831,10,11,0,-1.8777953781406445e-06
1832,6,7,12,-1.8777953781406553e-06
1833,12,7,6,-1.8777953781406555e-06
1834,6,13,12,-1.8777953781406689e-06
1835,12,13,6,-1.8777953781406693e-06
1836,8,9,2,-1.877795378140676e-06
1837,2,9,8,-1.877795378140676e-06
1838,4,15,14,-1.877795378140688e-06
1839,14,15,4,-1.8777953781406882e-06
1840,9,5,1,-2.0533503542741268e-06
1841,1,5,9,-2.053350354274127e-06
1842,7,3,15,-2.053350354274134e-06
1843,15,3,7,-2.0533503542741344e-06
1844,13,1,5,-2.0533503542741365e-06
1845,5,1,13,-2.0533503542741365e-06
1846,5,9,13,-2.0533503542741395e-06
1847,13,9,5,-2.0533503542741395e-06
1848,3,7,11,-2.053350354274148e-06
1849,11,7,3,-2.053350354274148e-06
1850,1,13,9,-2.0533503542741492e-06
1851,9,13,1,-2.0533503542741492e-06
1852,7,11,15,-2.053350354274153e-06
1853,15,11,7,-2.053350354274153e-06
1854,11,15,3,-2.0533503542741607e-06
1855,3,15,11,-2.0533503542741607e-06
1856,14,15,2,-2.2574586562334566e-06
1857,2,15,14,-2.2574586562334575e-06
1858,2,3,14,-2.2574586562334604e-06
1859,14,3,2,-2.2574586562334613e-06
1860,6,11,10,-2.2574586562334757e-06
1861,10,11,6,-2.257458656233476e-06
1862,4,9,8,-2.257458656233488e-06
1863,8,9,4,-2.257458656233488e-06
1864,12,13,0,-2.2574586562334943e-06
1865,0,13,12,-2.2574586562334947e-06
1866,6,7,10,-2.2574586562334956e-06
1867,10,7,6,-2.257458656233496e-06
1868,12,1,0,-2.2574586562335168e-06
1869,0,1,12,-2.2574586562335168e-06
1870,4,5,8,-2.2574586562335193e-06
1871,8,5,4,-2.2574586562335197e-06
1872,3,7,1,-2.3798140848727183e-06
1873,1,7,3,-2.3798140848727187e-06
1874,11,15,9,-2.3798140848727204e-06
1875,9,15,11,-2.379814084872721e-06
1876,11,13,9,-2.379814084872723e-06
1877,9,13,11,-2.379814084872723e-06
1878,7,1,5,-2.379814084872726e-06
1879,5,1,7,-2.3798140848727263e-06
1880,3,5,1,-2.379814084872727e-06
1881,1,5,3,-2.379814084872727e-06
1882,5,3,7,-2.3798140848727285e-06
1883,7,3,5,-2.3798140848727285e-06
1884,15,9,13,-2.3798140848727373e-06
1885,13,9,15,-2.3798140848727373e-06
1886,13,11,15,-2.3798140848727386e-06
1887,15,11,13,-2.379814084872739e-06
1888,2,3,0,-2.964453274148756e-06
1889,0,3,2,-2.9644532741487566e-06
1890,8,11,10,-2.9644532741487655e-06
1891,10,11,8,-2.9644532741487676e-06
1892,2,1,0,-2.9644532741487727e-06
1893,0,1,2,-2.964453274148773e-06
1894,8,9,10,-2.964453274148774e-06
1895,10,9,8,-2.9644532741487744e-06
1896,14,15,12,-2.964453274148789e-06
1897,12,15,14,-2.9644532741487905e-06
1898,4,7,6,-2.964453274148857e-06
1899,6,7,4,-2.9644532741488574e-06
1900,4,5,6,-2.964453274148859e-06
1901,6,5,4,-2.964453274148859e-06
1902,14,13,12,-2.9644532741488612e-06
1903,12,13,14,-2.9644532741488612e-06
1904,2,15,6,-3.09103689539348e-06
1905,6,15,2,-3.0910368953934814e-06
1906,8,1,12,-3.0910368953936e-06
1907,12,1,8,-3.091036895393607e-06
1908,0,13,4,-3.091036895393648e-06
1909,4,13,0,-3.0910368953936546e-06
1910,0,9,4,-3.0910368953936554e-06
1911,4,9,0,-3.091036895393658e-06
1912,2,11,6,-3.0910368953937524e-06
1913,6,11,2,-3.0910368953937596e-06
1914,12,5,8,-3.0910368953938977e-06
1915,8,5,12,-3.0910368953938985e-06
1916,14,3,10,-3.0910368953939764e-06
1917,10,3,14,-3.091036895393981e-06
1918,10,7,14,-3.091036895394102e-06
1919,14,7,10,-3.091036895394106e-06
1920,0,15,10,-3.4282642095171983e-06
1921,10,15,0,-3.4282642095171987e-06
1922,8,13,2,-3.4282642095172364e-06
1923,2,13,8,-3.4282642095172376e-06
1924,2,7,8,-3.4282642095172406e-06
1925,8,7,2,-3.4282642095172423e-06
1926,4,11,14,-3.4282642095172525e-06
1927,14,11,4,-3.428264209517253e-06
1928,6,9,12,-3.4282642095172635e-06
1929,12,9,6,-3.428264209517265e-06
1930,0,5,10,-3.428264209517271e-06
1931,14,1,4,-3.428264209517273e-06
1932,4,1,14,-3.4282642095172732e-06
1933,10,5,0,-3.4282642095172736e-06
1934,6,3,12,-3.4282642095173024e-06
1935,12,3,6,-3.428264209517303e-06
1936,10,11,14,-3.5151485494340072e-06
1937,14,11,10,-3.515148549434008e-06
1938,2,3,6,-3.515148549434019e-06
1939,6,3,2,-3.5151485494340195e-06
1940,8,9,12,-3.515148549434026e-06
1941,12,9,8,-3.515148549434026e-06
1942,0,5,4,-3.515148549434044e-06
1943,12,13,8,-3.515148549434044e-06
1944,4,5,0,-3.5151485494340445e-06
1945,8,13,12,-3.5151485494340454e-06
1946,4,1,0,-3.5151485494340504e-06
1947,0,1,4,-3.5151485494340504e-06
1948,14,15,10,-3.5151485494340784e-06
1949,6,7,2,-3.515148549434079e-06
1950,10,15,14,-3.5151485494340792e-06
1951,2,7,6,-3.5151485494340792e-06
1952,2,6,8,-3.5650351797531897e-06
1953,8,6,2,-3.5650351797531906e-06
1954,10,4,0,-3.565035179753195e-06
1955,0,4,10,-3.5650351797531957e-06
1956,14,0,4,-3.5650351797532838e-06
1957,4,0,14,-3.5650351797532846e-06
1958,6,2,12,-3.565035179753294e-06
1959,12,2,6,-3.5650351797532948e-06
1960,4,10,14,-3.565035179753329e-06
1961,12,8,6,-3.565035179753329e-06
1962,6,8,12,-3.5650351797533295e-06
1963,14,10,4,-3.5650351797533303e-06
1964,0,14,10,-3.5650351797533443e-06
1965,10,14,0,-3.5650351797533447e-06
1966,2,12,8,-3.5650351797533515e-06
1967,8,12,2,-3.5650351797533528e-06
1968,4,10,2,-3.624031689827057e-06
1969,2,10,4,-3.624031689827057e-06
1970,6,8,0,-3.624031689827089e-06
1971,0,8,6,-3.624031689827091e-06
1972,6,14,0,-3.6240316898270947e-06
1973,0,14,6,-3.624031689827095e-06
1974,2,12,4,-3.62403168982711e-06
1975,4,12,2,-3.624031689827111e-06
1976,12,4,10,-3.6240316898271163e-06
1977,10,4,12,-3.624031689827118e-06
1978,8,0,14,-3.624031689827138e-06
1979,14,0,8,-3.6240316898271396e-06
1980,8,6,14,-3.6240316898271772e-06
1981,14,6,8,-3.624031689827179e-06
1982,12,2,10,-3.624031689827231e-06
1983,10,2,12,-3.624031689827231e-06
1984,7,13,0,-3.712911567492237e-06
1985,0,13,7,-3.7129115674922437e-06
1986,5,15,2,-3.712911567492278e-06
1987,2,15,5,-3.712911567492281e-06
1988,1,11,6,-3.712911567492453e-06
1989,6,11,1,-3.712911567492457e-06
1990,13,7,10,-3.712911567492502e-06
1991,10,7,13,-3.7129115674925045e-06
1992,3,9,4,-3.7129115674925367e-06
1993,4,9,3,-3.7129115674925384e-06
1994,15,5,8,-3.712911567492622e-06
1995,14,3,9,-3.712911567492623e-06
1996,9,3,14,-3.7129115674926235e-06
1997,8,5,15,-3.7129115674926265e-06
1998,11,1,12,-3.7129115674927354e-06
1999,12,1,11,-3.7129115674927417e-06
2000,1,10,0,-3.729963308897517e-06
2001,0,10,1,-3.729963308897521e-06
2002,9,2,8,-3.729963308897713e-06
2003,8,2,9,-3.729963308897716e-06
2004,12,6,13,-3.7299633088980643e-06
2005,13,6,12,-3.729963308898066e-06
2006,11,0,10,-3.7299633088980724e-06
2007,10,0,11,-3.7299633088980736e-06
2008,14,4,15,-3.7299633088981956e-06
2009,15,4,14,-3.7299633088981977e-06
2010,3,8,2,-3.729963308898232e-06
2011,2,8,3,-3.7299633088982337e-06
2012,4,14,5,-3.7299633088983116e-06
2013,5,14,4,-3.7299633088983163e-06
2014,7,12,6,-3.7299633088985124e-06
2015,6,12,7,-3.7299633088985154e-06
2016,6,14,15,-3.780311293321691e-06
2017,15,14,6,-3.780311293321692e-06
2018,10,2,3,-3.780311293321699e-06
2019,3,2,10,-3.7803112933217e-06
2020,4,12,13,-3.7803112933217237e-06
2021,13,12,4,-3.7803112933217237e-06
2022,7,6,14,-3.7803112933217355e-06
2023,14,6,7,-3.7803112933217364e-06
2024,8,0,1,-3.780311293321745e-06
2025,1,0,8,-3.780311293321745e-06
2026,5,4,12,-3.7803112933217614e-06
2027,12,4,5,-3.780311293321762e-06
2028,11,10,2,-3.7803112933217677e-06
2029,2,10,11,-3.7803112933217677e-06
2030,9,8,0,-3.780311293321772e-06
2031,0,8,9,-3.7803112933217724e-06
2032,2,11,10,-4.004390417039034e-06
2033,10,11,2,-4.004390417039034e-06
2034,10,3,2,-4.004390417039039e-06
2035,2,3,10,-4.004390417039041e-06
2036,6,15,14,-4.004390417039085e-06
2037,14,15,6,-4.004390417039086e-06
2038,6,7,14,-4.004390417039099e-06
2039,14,7,6,-4.004390417039099e-06
2040,8,1,0,-4.004390417039106e-06
2041,0,1,8,-4.004390417039107e-06
2042,0,9,8,-4.004390417039114e-06
2043,4,13,12,-4.004390417039115e-06
2044,8,9,0,-4.004390417039115e-06
2045,12,13,4,-4.0043904170391156e-06
2046,12,5,4,-4.0043904170391274e-06
2047,4,5,12,-4.0043904170391274e-06
2048,10,12,11,-4.0407792298230436e-06
2049,11,12,10,-4.040779229823044e-06
2050,2,4,3,-4.040779229823447e-06
2051,3,4,2,-4.040779229823453e-06
2052,15,8,14,-4.040779229823513e-06
2053,14,8,15,-4.0407792298235145e-06
2054,9,14,8,-4.040779229823518e-06
2055,8,14,9,-4.040779229823521e-06
2056,6,0,7,-4.040779229823777e-06
2057,7,0,6,-4.040779229823781e-06
2058,13,10,12,-4.040779229823882e-06
2059,12,10,13,-4.040779229823885e-06
2060,1,6,0,-4.040779229824078e-06
2061,0,6,1,-4.04077922982408e-06
2062,5,2,4,-4.040779229824281e-06
2063,4,2,5,-4.040779229824284e-06
2064,12,3,10,-4.058863690099452e-06
2065,10,3,12,-4.058863690099453e-06
2066,14,1,8,-4.058863690099482e-06
2067,8,1,14,-4.058863690099484e-06
2068,12,5,10,-4.058863690099565e-06
2069,10,5,12,-4.058863690099568e-06
2070,14,7,8,-4.058863690099595e-06
2071,8,7,14,-4.058863690099595e-06
2072,2,11,4,-4.058863690099641e-06
2073,4,11,2,-4.058863690099642e-06
2074,0,9,6,-4.058863690099653e-06
2075,6,9,0,-4.058863690099653e-06
2076,2,13,4,-4.058863690099676e-06
2077,4,13,2,-4.058863690099678e-06
2078,6,15,0,-4.0588636900997115e-06
2079,0,15,6,-4.0588636900997115e-06
2080,0,10,11,-4.111752895735299e-06
2081,11,10,0,-4.1117528957353e-06
2082,15,14,4,-4.111752895735322e-06
2083,4,14,15,-4.111752895735323e-06
2084,2,8,9,-4.11175289573533e-06
2085,9,8,2,-4.111752895735331e-06
2086,6,12,13,-4.111752895735332e-06
2087,13,12,6,-4.111752895735333e-06
2088,12,6,7,-4.111752895735449e-06
2089,7,6,12,-4.11175289573545e-06
2090,5,4,14,-4.11175289573549e-06
2091,14,4,5,-4.111752895735492e-06
2092,3,2,8,-4.111752895735499e-06
2093,8,2,3,-4.111752895735501e-06
2094,1,0,10,-4.111752895735531e-06
2095,10,0,1,-4.111752895735531e-06
2096,4,3,7,-4.324601919084616e-06
2097,7,3,4,-4.324601919084617e-06
2098,0,7,3,-4.324601919084723e-06
2099,3,7,0,-4.324601919084724e-06
2100,6,1,5,-4.324601919084784e-06
2101,5,1,6,-4.324601919084786e-06
2102,1,5,2,-4.3246019190847905e-06
2103,2,5,1,-4.3246019190847905e-06
2104,15,11,12,-4.3246019190848e-06
2105,12,11,15,-4.324601919084804e-06
2106,10,13,9,-4.3246019190848066e-06
2107,9,13,10,-4.324601919084807e-06
2108,14,9,13,-4.324601919084826e-06
2109,13,9,14,-4.324601919084828e-06
2110,8,15,11,-4.3246019190848294e-06
2111,11,15,8,-4.324601919084832e-06
2112,11,10,8,-4.405313293407501e-06
2113,8,10,11,-4.405313293407501e-06
2114,1,0,2,-4.405313293407528e-06
2115,2,0,1,-4.405313293407528e-06
2116,12,14,15,-4.4053132934075396e-06
2117,15,14,12,-4.4053132934075396e-06
2118,9,8,10,-4.40531329340754e-06
2119,10,8,9,-4.405313293407541e-06
2120,13,12,14,-4.405313293407541e-06
2121,14,12,13,-4.405313293407541e-06
2122,6,4,5,-4.405313293407567e-06
2123,5,4,6,-4.405313293407567e-06
2124,0,2,3,-4.40531329340757e-06
2125,3,2,0,-4.40531329340757e-06
2126,7,6,4,-4.4053132934076e-06
2127,4,6,7,-4.4053132934076005e-06
2128,11,10,12,-4.55765869237446e-06
2129,12,10,11,-4.557658692374461e-06
2130,3,2,4,-4.557658692374515e-06
2131,4,2,3,-4.557658692374516e-06
2132,5,4,2,-4.557658692374529e-06
2133,2,4,5,-4.557658692374529e-06
2134,9,8,14,-4.5576586923745386e-06
2135,14,8,9,-4.55765869237454e-06
2136,1,0,6,-4.557658692374546e-06
2137,6,0,1,-4.557658692374546e-06
2138,10,12,13,-4.5576586923745885e-06
2139,15,14,8,-4.5576586923745885e-06
2140,13,12,10,-4.5576586923745885e-06
2141,8,14,15,-4.55765869237459e-06
2142,0,6,7,-4.5576586923746e-06
2143,7,6,0,-4.5576586923746e-06
2144,3,2,6,-4.616333639350096e-06
2145,6,2,3,-4.616333639350096e-06
2146,4,0,1,-4.616333639350135e-06
2147,1,0,4,-4.616333639350136e-06
2148,9,8,12,-4.6163336393501405e-06
2149,12,8,9,-4.616333639350142e-06
2150,14,10,11,-4.616333639350144e-06
2151,11,10,14,-4.616333639350144e-06
2152,5,4,0,-4.616333639350167e-06
2153,0,4,5,-4.6163336393501676e-06
2154,15,14,10,-4.616333639350171e-06
2155,10,14,15,-4.616333639350171e-06
2156,8,12,13,-4.616333639350178e-06
2157,13,12,8,-4.6163336393501786e-06
2158,2,6,7,-4.616333639350221e-06
2159,7,6,2,-4.616333639350221e-06
2160,8,10,4,-4.672168710086353e-06
2161,4,10,8,-4.672168710086354e-06
2162,2,12,14,-4.672168710086356e-06
2163,14,12,2,-4.672168710086358e-06
2164,6,8,10,-4.672168710086387e-06
2165,10,8,6,-4.672168710086388e-06
2166,0,2,12,-4.67216871008641e-06
2167,14,0,2,-4.672168710086411e-06
2168,2,0,14,-4.672168710086412e-06
2169,12,2,0,-4.672168710086412e-06
2170,8,6,4,-4.672168710086429e-06
2171,4,6,8,-4.67216871008643e-06
2172,10,4,6,-4.672168710086437e-06
2173,6,4,10,-4.672168710086437e-06
2174,0,14,12,-4.6721687100864525e-06
2175,12,14,0,-4.672168710086456e-06
2176,3,2,14,-4.9673864391997944e-06
2177,14,2,3,-4.967386439199798e-06
2178,7,6,10,-4.96738643919985e-06
2179,11,10,6,-4.967386439199852e-06
2180,10,6,7,-4.967386439199852e-06
2181,6,10,11,-4.967386439199854e-06
2182,9,8,4,-4.967386439199872e-06
2183,4,8,9,-4.967386439199873e-06
2184,0,12,13,-4.967386439199875e-06
2185,1,0,12,-4.967386439199875e-06
2186,12,0,1,-4.967386439199876e-06
2187,13,12,0,-4.967386439199876e-06
2188,5,4,8,-4.967386439199877e-06
2189,8,4,5,-4.9673864391998774e-06
2190,2,14,15,-4.967386439199898e-06
2191,15,14,2,-4.967386439199899e-06
2192,3,15,9,-5.345347775776131e-06
2193,9,15,3,-5.345347775776131e-06
2194,11,13,1,-5.345347775776141e-06
2195,1,13,11,-5.345347775776141e-06
2196,3,5,9,-5.3453477757761495e-06
2197,9,5,3,-5.345347775776151e-06
2198,1,7,11,-5.345347775776165e-06
2199,11,7,1,-5.345347775776166e-06
2200,5,3,15,-5.345347775776177e-06
2201,15,3,5,-5.3453477757761774e-06
2202,7,11,13,-5.345347775776185e-06
2203,13,11,7,-5.345347775776185e-06
2204,13,1,7,-5.34534777577619e-06
2205,7,1,13,-5.34534777577619e-06
2206,5,9,15,-5.345347775776204e-06
2207,15,9,5,-5.345347775776206e-06
2208,9,12,13,-5.812820365207068e-06
2209,13,12,9,-5.812820365207069e-06
2210,1,4,5,-5.8128203652071255e-06
2211,5,4,1,-5.8128203652071315e-06
2212,15,14,11,-5.8128203652072975e-06
2213,11,14,15,-5.812820365207298e-06
2214,7,6,3,-5.812820365207324e-06
2215,3,6,7,-5.812820365207326e-06
2216,5,0,1,-5.8128203652076295e-06
2217,1,0,5,-5.812820365207631e-06
2218,9,8,13,-5.81282036520767e-06
2219,13,8,9,-5.812820365207675e-06
2220,7,2,3,-5.812820365208224e-06
2221,3,2,7,-5.812820365208228e-06
2222,15,10,11,-5.812820365208512e-06
2223,11,10,15,-5.812820365208515e-06
2224,2,8,14,-5.962164575886162e-06
2225,14,8,2,-5.962164575886163e-06
2226,10,0,6,-5.962164575886196e-06
2227,6,0,10,-5.962164575886197e-06
2228,12,10,0,-5.962164575886261e-06
2229,0,10,12,-5.962164575886261e-06
2230,8,2,4,-5.9621645758862635e-06
2231,4,2,8,-5.962164575886264e-06
2232,4,14,8,-5.9621645758862745e-06
2233,8,14,4,-5.962164575886277e-06
2234,6,12,10,-5.962164575886285e-06
2235,10,12,6,-5.962164575886286e-06
2236,2,4,14,-5.962164575886291e-06
2237,14,4,2,-5.962164575886291e-06
2238,12,6,0,-5.96216457588631e-06
2239,0,6,12,-5.962164575886311e-06
2240,0,11,3,-6.389824097196889e-06
2241,3,11,0,-6.38982409719689e-06
2242,2,9,1,-6.389824097196933e-06
2243,1,9,2,-6.389824097196934e-06
2244,4,15,7,-6.389824097196941e-06
2245,7,15,4,-6.389824097196944e-06
2246,5,13,6,-6.389824097196984e-06
2247,6,13,5,-6.389824097196987e-06
2248,8,3,11,-6.3898240971971535e-06
2249,11,3,8,-6.389824097197154e-06
2250,12,7,15,-6.389824097197167e-06
2251,15,7,12,-6.3898240971971705e-06
2252,9,1,10,-6.389824097197202e-06
2253,10,1,9,-6.389824097197203e-06
2254,13,5,14,-6.389824097197232e-06
2255,14,5,13,-6.389824097197236e-06
2256,5,15,8,-6.465804680292727e-06
2257,8,15,5,-6.465804680292737e-06
2258,7,13,10,-6.465804680292793e-06
2259,10,13,7,-6.4658046802928e-06
2260,1,11,12,-6.465804680292934e-06
2261,12,11,1,-6.4658046802929404e-06
2262,0,7,13,-6.465804680292986e-06
2263,13,7,0,-6.465804680292996e-06
2264,2,5,15,-6.4658046802930014e-06
2265,15,5,2,-6.465804680293003e-06
2266,14,9,3,-6.465804680293034e-06
2267,3,9,14,-6.465804680293044e-06
2268,4,3,9,-6.465804680293208e-06
2269,6,1,11,-6.465804680293222e-06
2270,9,3,4,-6.465804680293223e-06
2271,11,1,6,-6.46580468029323e-06
2272,9,15,5,-7.006152608775409e-06
2273,5,15,9,-7.00615260877541e-06
2274,11,13,7,-7.006152608775412e-06
2275,7,13,11,-7.006152608775413e-06
2276,15,5,3,-7.0061526087754154e-06
2277,3,5,15,-7.006152608775416e-06
2278,3,9,15,-7.006152608775432e-06
2279,13,7,1,-7.006152608775432e-06
2280,1,11,13,-7.006152608775432e-06
2281,13,11,1,-7.006152608775432e-06
2282,15,9,3,-7.006152608775434e-06
2283,1,7,13,-7.006152608775434e-06
2284,11,1,7,-7.006152608775436e-06
2285,7,1,11,-7.006152608775437e-06
2286,9,3,5,-7.006152608775443e-06
2287,5,3,9,-7.006152608775444e-06
2288,15,3,9,-7.051349954286233e-06
2289,9,3,15,-7.051349954286236e-06
2290,13,1,11,-7.051349954286237e-06
2291,11,1,13,-7.051349954286238e-06
2292,13,7,11,-7.051349954286239e-06
2293,11,7,13,-7.05134995428624e-06
2294,9,5,15,-7.051349954286284e-06
2295,15,5,9,-7.051349954286285e-06
2296,1,11,7,-7.0513499542862915e-06
2297,7,11,1,-7.051349954286292e-06
2298,3,9,5,-7.051349954286298e-06
2299,5,9,3,-7.051349954286299e-06
2300,5,15,3,-7.051349954286328e-06
2301,3,15,5,-7.051349954286328e-06
2302,7,13,1,-7.051349954286335e-06
2303,1,13,7,-7.051349954286336e-06
2304,0,5,8,-7.903266508894294e-06
2305,8,5,0,-7.903266508894298e-06
2306,4,1,12,-7.903266508894887e-06
2307,12,1,4,-7.9032665088949e-06
2308,2,7,10,-7.903266508895094e-06
2309,10,7,2,-7.903266508895097e-06
2310,10,15,2,-7.903266508895153e-06
2311,2,15,10,-7.903266508895158e-06
2312,0,13,8,-7.903266508895273e-06
2313,8,13,0,-7.903266508895284e-06
2314,14,3,6,-7.90326650889543e-06
2315,6,3,14,-7.903266508895443e-06
2316,4,9,12,-7.903266508895636e-06
2317,12,9,4,-7.90326650889564e-06
2318,6,11,14,-7.903266508895717e-06
2319,14,11,6,-7.903266508895733e-06
2320,7,1,9,-8.842504157611103e-06
2321,9,1,7,-8.842504157611105e-06
2322,13,11,3,-8.842504157611112e-06
2323,3,11,13,-8.842504157611113e-06
2324,5,3,11,-8.84250415761113e-06
2325,11,3,5,-8.84250415761113e-06
2326,15,9,1,-8.842504157611134e-06
2327,13,5,3,-8.842504157611137e-06
2328,1,9,15,-8.842504157611137e-06
2329,3,5,13,-8.842504157611137e-06
2330,5,13,11,-8.842504157611152e-06
2331,11,13,5,-8.842504157611152e-06
2332,15,7,1,-8.842504157611157e-06
2333,1,7,15,-8.842504157611159e-06
2334,9,15,7,-8.842504157611173e-06
2335,7,15,9,-8.842504157611173e-06
2336,1,5,8,-8.916105732140038e-06
2337,8,5,1,-8.916105732140041e-06
2338,13,9,4,-8.916105732140122e-06
2339,4,9,13,-8.916105732140122e-06
2340,0,13,9,-8.916105732140143e-06
2341,9,13,0,-8.916105732140143e-06
2342,10,7,3,-8.91610573214017e-06
2343,3,7,10,-8.916105732140171e-06
2344,14,3,7,-8.91610573214018e-06
2345,7,3,14,-8.91610573214018e-06
2346,5,1,12,-8.91610573214019e-06
2347,12,1,5,-8.91610573214019e-06
2348,6,11,15,-8.91610573214025e-06
2349,15,11,6,-8.916105732140251e-06
2350,2,15,11,-8.916105732140261e-06
2351,11,15,2,-8.916105732140261e-06
2352,2,8,4,-9.274766074656825e-06
2353,4,8,2,-9.274766074656827e-06
2354,12,6,10,-9.274766074656842e-06
2355,10,6,12,-9.274766074656844e-06
2356,2,14,4,-9.274766074656866e-06
2357,4,14,2,-9.274766074656867e-06
2358,12,0,10,-9.274766074656891e-06
2359,0,10,6,-9.274766074656893e-06
2360,8,4,14,-9.274766074656893e-06
2361,6,10,0,-9.274766074656894e-06
2362,14,4,8,-9.274766074656894e-06
2363,10,0,12,-9.274766074656896e-06
2364,0,12,6,-9.274766074656933e-06
2365,6,12,0,-9.274766074656933e-06
2366,8,2,14,-9.274766074656972e-06
2367,14,2,8,-9.274766074656974e-06
2368,13,8,2,-9.302010846907404e-06
2369,2,8,13,-9.302010846907413e-06
2370,0,10,15,-9.302010846907682e-06
2371,15,10,0,-9.30201084690769e-06
2372,7,2,8,-9.302010846908272e-06
2373,8,2,7,-9.302010846908285e-06
2374,5,0,10,-9.302010846908536e-06
2375,10,0,5,-9.302010846908543e-06
2376,4,14,11,-9.302010846908656e-06
2377,11,14,4,-9.30201084690867e-06
2378,9,12,6,-9.302010846909081e-06
2379,6,12,9,-9.302010846909088e-06
2380,12,6,3,-9.302010846909452e-06
2381,3,6,12,-9.302010846909466e-06
2382,1,4,14,-9.302010846909783e-06
2383,14,4,1,-9.302010846909788e-06
2384,14,8,1,-9.404174388862182e-06
2385,1,8,14,-9.404174388862183e-06
2386,0,6,15,-9.404174388862365e-06
2387,15,6,0,-9.404174388862368e-06
2388,7,14,8,-9.404174388862498e-06
2389,8,14,7,-9.404174388862504e-06
2390,5,12,10,-9.404174388862529e-06
2391,10,12,5,-9.404174388862536e-06
2392,13,4,2,-9.40417438886255e-06
2393,2,4,13,-9.404174388862556e-06
2394,9,0,6,-9.40417438886256e-06
2395,6,0,9,-9.404174388862563e-06
2396,3,10,12,-9.404174388862786e-06
2397,12,10,3,-9.40417438886279e-06
2398,4,2,11,-9.404174388862839e-06
2399,11,2,4,-9.40417438886284e-06
2400,2,1,5,-1.0462905376871374e-05
2401,5,1,2,-1.0462905376871375e-05
2402,10,9,13,-1.0462905376871404e-05
2403,13,9,10,-1.0462905376871407e-05
2404,1,5,6,-1.0462905376871414e-05
2405,6,5,1,-1.0462905376871414e-05
2406,14,13,9,-1.0462905376871514e-05
2407,9,13,14,-1.0462905376871518e-05
2408,8,11,15,-1.0462905376871699e-05
2409,15,11,8,-1.04629053768717e-05
2410,12,15,11,-1.0462905376871743e-05
2411,11,15,12,-1.0462905376871746e-05
2412,4,7,3,-1.0462905376871746e-05
2413,3,7,4,-1.0462905376871748e-05
2414,7,3,0,-1.0462905376871777e-05
2415,0,3,7,-1.0462905376871778e-05
2416,4,8,14,-1.060072428212837e-05
2417,14,8,4,-1.060072428212837e-05
2418,12,10,6,-1.0600724282128374e-05
2419,6,10,12,-1.0600724282128376e-05
2420,14,2,4,-1.0600724282128381e-05
2421,4,2,14,-1.0600724282128385e-05
2422,12,0,6,-1.06007242821284e-05
2423,6,0,12,-1.06007242821284e-05
2424,10,12,0,-1.0600724282128434e-05
2425,0,12,10,-1.0600724282128434e-05
2426,2,14,8,-1.060072428212846e-05
2427,8,14,2,-1.060072428212846e-05
2428,8,4,2,-1.0600724282128474e-05
2429,2,4,8,-1.0600724282128476e-05
2430,0,6,10,-1.0600724282128508e-05
2431,10,6,0,-1.0600724282128512e-05
2432,7,15,2,-1.0615840492438359e-05
2433,2,15,7,-1.0615840492438362e-05
2434,10,7,15,-1.0615840492438444e-05
2435,15,7,10,-1.0615840492438445e-05
2436,0,13,5,-1.0615840492438464e-05
2437,5,13,0,-1.0615840492438466e-05
2438,11,3,14,-1.0615840492438503e-05
2439,14,3,11,-1.0615840492438503e-05
2440,3,11,6,-1.061584049243852e-05
2441,6,11,3,-1.0615840492438523e-05
2442,13,5,8,-1.0615840492438549e-05
2443,8,5,13,-1.0615840492438549e-05
2444,9,1,12,-1.0615840492438578e-05
2445,12,1,9,-1.061584049243858e-05
2446,1,9,4,-1.0615840492438591e-05
2447,4,9,1,-1.0615840492438591e-05
2448,3,7,13,-1.0635735844323258e-05
2449,13,7,3,-1.0635735844323258e-05
2450,5,15,11,-1.063573584432326e-05
2451,11,15,5,-1.063573584432326e-05
2452,1,11,15,-1.0635735844323266e-05
2453,9,13,7,-1.0635735844323268e-05
2454,15,5,1,-1.0635735844323268e-05
2455,7,13,9,-1.0635735844323268e-05
2456,15,11,1,-1.0635735844323268e-05
2457,1,5,15,-1.0635735844323268e-05
2458,5,1,11,-1.0635735844323275e-05
2459,11,1,5,-1.0635735844323277e-05
2460,3,9,13,-1.0635735844323288e-05
2461,13,9,3,-1.0635735844323288e-05
2462,7,3,9,-1.0635735844323319e-05
2463,9,3,7,-1.0635735844323319e-05
2464,11,10,5,-1.0756293334309137e-05
2465,5,10,11,-1.0756293334309139e-05
2466,13,2,3,-1.0756293334309139e-05
2467,3,2,13,-1.075629333430914e-05
2468,1,14,15,-1.0756293334309159e-05
2469,15,14,1,-1.0756293334309162e-05
2470,3,12,13,-1.0756293334309169e-05
2471,13,12,3,-1.075629333430917e-05
2472,5,4,11,-1.075629333430918e-05
2473,11,4,5,-1.075629333430918e-05
2474,7,8,9,-1.0756293334309195e-05
2475,9,8,7,-1.0756293334309196e-05
2476,7,6,9,-1.0756293334309218e-05
2477,9,6,7,-1.0756293334309222e-05
2478,15,0,1,-1.0756293334309232e-05
2479,1,0,15,-1.0756293334309235e-05
2480,12,15,7,-1.0879006685493652e-05
2481,7,15,12,-1.0879006685493656e-05
2482,1,9,10,-1.0879006685493685e-05
2483,2,1,9,-1.0879006685493685e-05
2484,9,1,2,-1.0879006685493685e-05
2485,10,9,1,-1.0879006685493688e-05
2486,14,13,5,-1.0879006685493703e-05
2487,5,13,14,-1.0879006685493703e-05
2488,8,11,3,-1.087900668549371e-05
2489,3,11,8,-1.0879006685493713e-05
2490,0,3,11,-1.087900668549373e-05
2491,11,3,0,-1.087900668549373e-05
2492,4,7,15,-1.0879006685493798e-05
2493,15,7,4,-1.0879006685493802e-05
2494,13,5,6,-1.0879006685493805e-05
2495,6,5,13,-1.0879006685493805e-05
2496,13,6,7,-1.1105617199684708e-05
2497,7,6,13,-1.110561719968471e-05
2498,5,4,15,-1.1105617199684752e-05
2499,15,4,5,-1.1105617199684754e-05
2500,15,14,5,-1.1105617199684776e-05
2501,5,14,15,-1.1105617199684779e-05
2502,7,12,13,-1.1105617199684803e-05
2503,13,12,7,-1.1105617199684803e-05
2504,9,8,3,-1.1105617199684921e-05
2505,3,8,9,-1.1105617199684921e-05
2506,9,2,3,-1.1105617199684935e-05
2507,3,2,9,-1.1105617199684935e-05
2508,1,0,11,-1.1105617199685013e-05
2509,11,0,1,-1.1105617199685013e-05
2510,1,10,11,-1.1105617199685131e-05
2511,11,10,1,-1.1105617199685133e-05
2512,14,11,3,-1.1415439648734324e-05
2513,3,11,14,-1.1415439648734327e-05
2514,6,3,11,-1.1415439648734527e-05
2515,11,3,6,-1.141543964873453e-05
2516,4,1,9,-1.1415439648734646e-05
2517,9,1,4,-1.1415439648734648e-05
2518,10,15,7,-1.1415439648734666e-05
2519,7,15,10,-1.1415439648734668e-05
2520,1,9,12,-1.1415439648734668e-05
2521,12,9,1,-1.1415439648734673e-05
2522,0,5,13,-1.1415439648734753e-05
2523,13,5,0,-1.1415439648734754e-05
2524,8,13,5,-1.1415439648734875e-05
2525,5,13,8,-1.1415439648734876e-05
2526,2,7,15,-1.1415439648734881e-05
2527,15,7,2,-1.1415439648734881e-05
2528,13,5,11,-1.1427075810495587e-05
2529,11,5,13,-1.142707581049559e-05
2530,15,1,9,-1.1427075810495621e-05
2531,9,1,15,-1.1427075810495625e-05
2532,11,3,13,-1.1427075810495655e-05
2533,13,3,11,-1.1427075810495655e-05
2534,15,7,9,-1.1427075810495659e-05
2535,9,7,15,-1.1427075810495659e-05
2536,7,9,1,-1.1427075810495662e-05
2537,1,9,7,-1.1427075810495662e-05
2538,3,13,5,-1.1427075810495693e-05
2539,5,13,3,-1.1427075810495693e-05
2540,3,11,5,-1.1427075810495694e-05
2541,5,11,3,-1.1427075810495696e-05
2542,1,15,7,-1.142707581049572e-05
2543,7,15,1,-1.1427075810495721e-05
2544,4,2,12,-1.2154305884033839e-05
2545,12,2,4,-1.2154305884033845e-05
2546,8,14,0,-1.2154305884033867e-05
2547,0,14,8,-1.2154305884033874e-05
2548,6,8,14,-1.215430588403388e-05
2549,6,0,14,-1.2154305884033883e-05
2550,14,8,6,-1.2154305884033884e-05
2551,14,0,6,-1.2154305884033888e-05
2552,0,6,8,-1.2154305884033945e-05
2553,8,6,0,-1.2154305884033949e-05
2554,2,12,10,-1.2154305884033957e-05
2555,10,12,2,-1.2154305884033966e-05
2556,12,10,4,-1.215430588403403e-05
2557,4,10,12,-1.2154305884034033e-05
2558,2,4,10,-1.2154305884034108e-05
2559,10,4,2,-1.2154305884034108e-05
2560,15,13,1,-1.2617759922913136e-05
2561,1,13,15,-1.2617759922913138e-05
2562,3,15,13,-1.2617759922913138e-05
2563,13,15,3,-1.261775992291314e-05
2564,7,11,9,-1.261775992291315e-05
2565,9,11,7,-1.2617759922913151e-05
2566,15,3,1,-1.2617759922913167e-05
2567,1,3,15,-1.2617759922913168e-05
2568,11,7,5,-1.2617759922913172e-05
2569,5,7,11,-1.2617759922913173e-05
2570,11,9,5,-1.2617759922913177e-05
2571,5,9,11,-1.2617759922913178e-05
2572,7,5,9,-1.261775992291318e-05
2573,9,5,7,-1.2617759922913182e-05
2574,3,1,13,-1.2617759922913202e-05
2575,13,1,3,-1.2617759922913202e-05
2576,6,5,2,-1.2949230173483905e-05
2577,2,5,6,-1.2949230173483908e-05
2578,14,13,10,-1.294923017348391e-05
2579,10,13,14,-1.2949230173483911e-05
2580,14,9,10,-1.2949230173484132e-05
2581,10,9,14,-1.2949230173484135e-05
2582,2,1,6,-1.2949230173484138e-05
2583,6,1,2,-1.2949230173484148e-05
2584,12,11,8,-1.2949230173484426e-05
2585,8,11,12,-1.2949230173484433e-05
2586,0,3,4,-1.2949230173484467e-05
2587,4,3,0,-1.2949230173484467e-05
2588,8,15,12,-1.2949230173484514e-05
2589,12,15,8,-1.2949230173484514e-05
2590,4,7,0,-1.2949230173484752e-05
2591,0,7,4,-1.2949230173484758e-05
2592,12,11,9,-1.3287600490744545e-05
2593,9,11,12,-1.3287600490744547e-05
2594,1,3,4,-1.328760049074462e-05
2595,4,3,1,-1.3287600490744621e-05
2596,8,15,13,-1.3287600490744721e-05
2597,13,15,8,-1.3287600490744723e-05
2598,5,7,0,-1.3287600490744726e-05
2599,0,7,5,-1.3287600490744728e-05
2600,6,1,3,-1.3287600490744741e-05
2601,3,1,6,-1.3287600490744743e-05
2602,14,9,11,-1.3287600490744755e-05
2603,11,9,14,-1.3287600490744758e-05
2604,2,5,7,-1.3287600490744831e-05
2605,7,5,2,-1.3287600490744833e-05
2606,10,13,15,-1.3287600490744851e-05
2607,15,13,10,-1.3287600490744851e-05
2608,15,13,3,-1.3508624741800153e-05
2609,3,13,15,-1.3508624741800153e-05
2610,5,11,9,-1.350862474180017e-05
2611,9,11,5,-1.3508624741800171e-05
2612,7,9,11,-1.3508624741800176e-05
2613,11,9,7,-1.350862474180018e-05
2614,1,15,13,-1.350862474180019e-05
2615,13,15,1,-1.3508624741800193e-05
2616,3,1,15,-1.350862474180022e-05
2617,15,1,3,-1.350862474180022e-05
2618,7,5,11,-1.350862474180023e-05
2619,11,5,7,-1.3508624741800232e-05
2620,13,3,1,-1.3508624741800236e-05
2621,1,3,13,-1.3508624741800237e-05
2622,5,7,9,-1.3508624741800271e-05
2623,9,7,5,-1.3508624741800271e-05
2624,6,14,8,-1.3833629707297497e-05
2625,8,14,6,-1.3833629707297499e-05
2626,12,4,2,-1.3833629707297517e-05
2627,2,4,12,-1.3833629707297517e-05
2628,10,12,4,-1.3833629707297527e-05
2629,4,12,10,-1.3833629707297527e-05
2630,6,0,8,-1.3833629707297554e-05
2631,8,0,6,-1.3833629707297554e-05
2632,10,2,4,-1.3833629707297563e-05
2633,4,2,10,-1.3833629707297565e-05
2634,14,8,0,-1.3833629707297582e-05
2635,0,8,14,-1.3833629707297582e-05
2636,12,10,2,-1.3833629707297585e-05
2637,2,10,12,-1.3833629707297585e-05
2638,0,6,14,-1.383362970729759e-05
2639,14,6,0,-1.383362970729759e-05
2640,3,5,8,-1.3995467077443251e-05
2641,8,5,3,-1.3995467077443255e-05
2642,15,9,4,-1.3995467077443262e-05
2643,4,9,15,-1.3995467077443268e-05
2644,0,13,11,-1.3995467077443285e-05
2645,11,13,0,-1.3995467077443287e-05
2646,10,7,1,-1.399546707744335e-05
2647,1,7,10,-1.399546707744335e-05
2648,6,11,13,-1.3995467077443375e-05
2649,13,11,6,-1.399546707744338e-05
2650,7,1,12,-1.399546707744342e-05
2651,12,1,7,-1.3995467077443421e-05
2652,9,15,2,-1.3995467077443489e-05
2653,2,15,9,-1.3995467077443489e-05
2654,14,3,5,-1.399546707744352e-05
2655,5,3,14,-1.3995467077443526e-05
2656,14,5,7,-1.4209739839245174e-05
2657,7,5,14,-1.4209739839245174e-05
2658,10,1,3,-1.4209739839245195e-05
2659,3,1,10,-1.4209739839245196e-05
2660,15,13,6,-1.4209739839245254e-05
2661,6,13,15,-1.4209739839245256e-05
2662,13,15,4,-1.420973983924535e-05
2663,11,9,2,-1.4209739839245352e-05
2664,2,9,11,-1.4209739839245354e-05
2665,4,15,13,-1.4209739839245354e-05
2666,9,11,0,-1.4209739839245418e-05
2667,0,11,9,-1.4209739839245422e-05
2668,1,3,8,-1.420973983924543e-05
2669,8,3,1,-1.4209739839245432e-05
2670,12,7,5,-1.4209739839245435e-05
2671,5,7,12,-1.4209739839245435e-05
2672,7,3,10,-1.4296541730376571e-05
2673,10,3,7,-1.4296541730376573e-05
2674,3,7,14,-1.429654173037664e-05
2675,14,7,3,-1.429654173037664e-05
2676,5,1,8,-1.429654173037667e-05
2677,8,1,5,-1.4296541730376673e-05
2678,0,9,13,-1.4296541730376697e-05
2679,13,9,0,-1.4296541730376698e-05
2680,15,11,2,-1.4296541730376713e-05
2681,2,11,15,-1.4296541730376717e-05
2682,1,5,12,-1.4296541730376876e-05
2683,12,5,1,-1.4296541730376881e-05
2684,6,15,11,-1.429654173037691e-05
2685,11,15,6,-1.4296541730376917e-05
2686,9,13,4,-1.4296541730377034e-05
2687,4,13,9,-1.4296541730377035e-05
2688,2,6,12,-1.5372972396442777e-05
2689,12,6,2,-1.537297239644278e-05
2690,10,0,4,-1.5372972396442807e-05
2691,4,0,10,-1.5372972396442807e-05
2692,14,4,0,-1.5372972396442827e-05
2693,0,4,14,-1.5372972396442827e-05
2694,6,2,8,-1.537297239644285e-05
2695,8,2,6,-1.5372972396442855e-05
2696,10,14,4,-1.5372972396442865e-05
2697,4,14,10,-1.5372972396442868e-05
2698,12,8,2,-1.5372972396442922e-05
2699,2,8,12,-1.5372972396442922e-05
2700,0,10,14,-1.5372972396442943e-05
2701,14,10,0,-1.5372972396442943e-05
2702,6,12,8,-1.5372972396442956e-05
2703,8,12,6,-1.5372972396442956e-05
2704,2,14,12,-1.6779510945897327e-05
2705,12,14,2,-1.677951094589733e-05
2706,6,4,8,-1.677951094589736e-05
2707,8,4,6,-1.6779510945897364e-05
2708,0,2,14,-1.6779510945897374e-05
2709,14,2,0,-1.6779510945897377e-05
2710,2,0,12,-1.6779510945897384e-05
2711,12,0,2,-1.6779510945897384e-05
2712,4,6,10,-1.6779510945897394e-05
2713,10,6,4,-1.6779510945897394e-05
2714,8,10,6,-1.6779510945897398e-05
2715,6,10,8,-1.67795109458974e-05
2716,0,12,14,-1.6779510945897405e-05
2717,14,12,0,-1.6779510945897408e-05
2718,4,8,10,-1.6779510945897442e-05
2719,10,8,4,-1.677951094589745e-05
2720,4,12,1,-1.680535233863319e-05
2721,1,12,4,-1.6805352338633193e-05
2722,2,10,7,-1.6805352338633356e-05
2723,7,10,2,-1.680535233863336e-05
2724,10,2,15,-1.6805352338633373e-05
2725,15,2,10,-1.6805352338633376e-05
2726,0,8,5,-1.6805352338633427e-05
2727,5,8,0,-1.6805352338633427e-05
2728,11,6,14,-1.6805352338633485e-05
2729,3,14,6,-1.6805352338633485e-05
2730,6,14,3,-1.6805352338633488e-05
2731,14,6,11,-1.6805352338633488e-05
2732,9,4,12,-1.68053523386335e-05
2733,12,4,9,-1.68053523386335e-05
2734,13,0,8,-1.6805352338633512e-05
2735,8,0,13,-1.6805352338633515e-05
2736,4,7,12,-1.7152851015786765e-05
2737,12,7,4,-1.7152851015786772e-05
2738,10,1,2,-1.715285101578694e-05
2739,2,1,10,-1.715285101578694e-05
2740,14,5,6,-1.7152851015787e-05
2741,6,5,14,-1.7152851015787006e-05
2742,10,9,2,-1.715285101578739e-05
2743,2,9,10,-1.7152851015787395e-05
2744,14,13,6,-1.715285101578745e-05
2745,6,13,14,-1.715285101578745e-05
2746,0,3,8,-1.7152851015787748e-05
2747,8,3,0,-1.715285101578775e-05
2748,4,15,12,-1.7152851015788056e-05
2749,12,15,4,-1.7152851015788056e-05
2750,0,11,8,-1.715285101578855e-05
2751,8,11,0,-1.7152851015788558e-05
2752,13,0,9,-1.877878980323582e-05
2753,9,0,13,-1.8778789803235825e-05
2754,1,8,5,-1.8778789803237312e-05
2755,5,8,1,-1.8778789803237326e-05
2756,3,10,7,-1.8778789803238132e-05
2757,7,10,3,-1.8778789803238166e-05
2758,3,14,7,-1.877878980323864e-05
2759,7,14,3,-1.8778789803238658e-05
2760,1,12,5,-1.8778789803238847e-05
2761,5,12,1,-1.8778789803238864e-05
2762,15,2,11,-1.8778789803239003e-05
2763,11,2,15,-1.877878980323904e-05
2764,13,4,9,-1.8778789803239582e-05
2765,9,4,13,-1.877878980323959e-05
2766,11,6,15,-1.877878980324154e-05
2767,15,6,11,-1.877878980324156e-05
2768,9,13,3,-2.014692639969084e-05
2769,3,13,9,-2.0146926399690846e-05
2770,13,9,7,-2.01469263996909e-05
2771,5,11,15,-2.01469263996909e-05
2772,7,9,13,-2.01469263996909e-05
2773,15,11,5,-2.01469263996909e-05
2774,11,5,1,-2.0146926399690948e-05
2775,1,5,11,-2.014692639969095e-05
2776,1,15,11,-2.0146926399690954e-05
2777,15,1,5,-2.014692639969096e-05
2778,5,1,15,-2.014692639969096e-05
2779,11,15,1,-2.014692639969096e-05
2780,13,3,7,-2.0146926399691042e-05
2781,7,3,13,-2.0146926399691042e-05
2782,3,7,9,-2.014692639969107e-05
2783,9,7,3,-2.0146926399691073e-05
2784,11,7,0,-2.0297332539298743e-05
2785,0,7,11,-2.0297332539298746e-05
2786,3,15,8,-2.0297332539298858e-05
2787,8,15,3,-2.0297332539298858e-05
2788,9,5,2,-2.0297332539298905e-05
2789,2,5,9,-2.029733253929891e-05
2790,6,1,13,-2.029733253929894e-05
2791,13,1,6,-2.0297332539298943e-05
2792,5,9,14,-2.029733253929896e-05
2793,1,13,10,-2.029733253929896e-05
2794,14,9,5,-2.0297332539298963e-05
2795,10,13,1,-2.0297332539298976e-05
2796,4,3,15,-2.029733253929907e-05
2797,15,3,4,-2.029733253929908e-05
2798,7,11,12,-2.029733253929917e-05
2799,12,11,7,-2.0297332539299176e-05
2800,8,3,15,-2.067668097827951e-05
2801,15,3,8,-2.067668097827951e-05
2802,11,7,12,-2.067668097827952e-05
2803,12,7,11,-2.067668097827952e-05
2804,5,9,2,-2.067668097827959e-05
2805,2,9,5,-2.0676680978279595e-05
2806,14,5,9,-2.067668097827962e-05
2807,9,5,14,-2.0676680978279625e-05
2808,4,15,3,-2.0676680978279645e-05
2809,13,1,10,-2.067668097827965e-05
2810,3,15,4,-2.0676680978279656e-05
2811,10,1,13,-2.0676680978279656e-05
2812,7,11,0,-2.067668097827967e-05
2813,0,11,7,-2.067668097827968e-05
2814,1,13,6,-2.067668097827972e-05
2815,6,13,1,-2.0676680978279723e-05
2816,10,14,3,-2.162535933773169e-05
2817,3,14,10,-2.1625359337731693e-05
2818,7,10,14,-2.1625359337731737e-05
2819,14,10,7,-2.162535933773174e-05
2820,1,12,8,-2.162535933773174e-05
2821,8,12,1,-2.162535933773174e-05
2822,9,4,0,-2.162535933773178e-05
2823,0,4,9,-2.1625359337731788e-05
2824,12,8,5,-2.162535933773183e-05
2825,5,8,12,-2.162535933773183e-05
2826,13,0,4,-2.1625359337731917e-05
2827,4,0,13,-2.162535933773192e-05
2828,15,2,6,-2.1625359337731985e-05
2829,6,2,15,-2.1625359337731985e-05
2830,2,6,11,-2.1625359337731988e-05
2831,11,6,2,-2.162535933773199e-05
2832,1,8,9,-2.2023287574702904e-05
2833,9,8,1,-2.2023287574702907e-05
2834,3,10,11,-2.2023287574703107e-05
2835,11,10,3,-2.202328757470311e-05
2836,5,12,13,-2.2023287574703345e-05
2837,13,12,5,-2.2023287574703345e-05
2838,15,14,7,-2.2023287574703358e-05
2839,7,14,15,-2.2023287574703365e-05
2840,13,4,5,-2.202328757470352e-05
2841,5,4,13,-2.2023287574703524e-05
2842,9,0,1,-2.202328757470363e-05
2843,1,0,9,-2.202328757470363e-05
2844,15,6,7,-2.2023287574703968e-05
2845,7,6,15,-2.2023287574703978e-05
2846,3,2,11,-2.202328757470411e-05
2847,11,2,3,-2.2023287574704114e-05
2848,8,1,3,-2.2421312546707517e-05
2849,3,1,8,-2.2421312546707517e-05
2850,7,5,12,-2.2421312546707534e-05
2851,12,5,7,-2.2421312546707537e-05
2852,9,11,2,-2.2421312546707557e-05
2853,2,11,9,-2.2421312546707557e-05
2854,10,3,1,-2.2421312546707557e-05
2855,1,3,10,-2.242131254670756e-05
2856,5,7,14,-2.2421312546707635e-05
2857,14,7,5,-2.2421312546707635e-05
2858,11,9,0,-2.2421312546707676e-05
2859,0,9,11,-2.242131254670768e-05
2860,13,15,6,-2.2421312546707713e-05
2861,6,15,13,-2.2421312546707713e-05
2862,4,13,15,-2.2421312546707713e-05
2863,15,13,4,-2.2421312546707713e-05
2864,2,9,15,-2.403890280940637e-05
2865,15,9,2,-2.4038902809406375e-05
2866,14,5,3,-2.403890280940642e-05
2867,3,5,14,-2.403890280940642e-05
2868,6,13,11,-2.4038902809406453e-05
2869,11,13,6,-2.4038902809406453e-05
2870,10,1,7,-2.4038902809406466e-05
2871,7,1,10,-2.4038902809406473e-05
2872,12,7,1,-2.4038902809406554e-05
2873,1,7,12,-2.4038902809406565e-05
2874,4,15,9,-2.4038902809406717e-05
2875,9,15,4,-2.4038902809406724e-05
2876,0,11,13,-2.403890280940686e-05
2877,13,11,0,-2.403890280940686e-05
2878,8,3,5,-2.4038902809406866e-05
2879,5,3,8,-2.4038902809406866e-05
2880,8,13,15,-2.5559214210917512e-05
2881,15,13,8,-2.5559214210917515e-05
2882,10,15,13,-2.555921421091757e-05
2883,11,9,12,-2.555921421091757e-05
2884,2,7,5,-2.5559214210917573e-05
2885,5,7,2,-2.5559214210917573e-05
2886,13,15,10,-2.5559214210917576e-05
2887,12,9,11,-2.5559214210917576e-05
2888,7,5,0,-2.555921421091759e-05
2889,0,5,7,-2.5559214210917596e-05
2890,3,1,4,-2.555921421091765e-05
2891,4,1,3,-2.555921421091766e-05
2892,14,11,9,-2.555921421091767e-05
2893,9,11,14,-2.555921421091767e-05
2894,6,3,1,-2.55592142109177e-05
2895,1,3,6,-2.5559214210917705e-05
2896,6,14,11,-2.7041149402831077e-05
2897,11,14,6,-2.7041149402831077e-05
2898,3,6,14,-2.704114940283109e-05
2899,14,6,3,-2.7041149402831094e-05
2900,12,4,1,-2.7041149402831148e-05
2901,1,4,12,-2.7041149402831158e-05
2902,9,12,4,-2.7041149402831233e-05
2903,4,12,9,-2.7041149402831246e-05
2904,10,2,7,-2.704114940283134e-05
2905,7,2,10,-2.704114940283135e-05
2906,2,10,15,-2.704114940283139e-05
2907,15,10,2,-2.7041149402831395e-05
2908,0,8,13,-2.7041149402831758e-05
2909,13,8,0,-2.704114940283176e-05
2910,8,0,5,-2.704114940283177e-05
2911,5,0,8,-2.7041149402831775e-05
2912,8,0,3,-2.795985309957731e-05
2913,3,0,8,-2.7959853099577316e-05
2914,13,14,6,-2.795985309957734e-05
2915,6,14,13,-2.7959853099577347e-05
2916,1,2,10,-2.7959853099577513e-05
2917,10,2,1,-2.7959853099577513e-05
2918,5,6,14,-2.7959853099577533e-05
2919,14,6,5,-2.7959853099577533e-05
2920,7,4,12,-2.795985309957754e-05
2921,12,4,7,-2.795985309957754e-05
2922,9,10,2,-2.7959853099577557e-05
2923,2,10,9,-2.7959853099577557e-05
2924,0,8,11,-2.7959853099577615e-05
2925,11,8,0,-2.795985309957762e-05
2926,15,12,4,-2.7959853099577696e-05
2927,4,12,15,-2.7959853099577703e-05
2928,1,12,9,-2.910584883921635e-05
2929,9,12,1,-2.9105848839216358e-05
2930,13,8,5,-2.9105848839219922e-05
2931,5,8,13,-2.9105848839219942e-05
2932,11,6,3,-2.9105848839220735e-05
2933,3,6,11,-2.9105848839220742e-05
2934,1,4,9,-2.9105848839223696e-05
2935,9,4,1,-2.910584883922373e-05
2936,13,0,5,-2.9105848839223954e-05
2937,5,0,13,-2.910584883922396e-05
2938,15,2,7,-2.9105848839224137e-05
2939,7,2,15,-2.9105848839224184e-05
2940,7,10,15,-2.9105848839224286e-05
2941,15,10,7,-2.91058488392243e-05
2942,3,14,11,-2.9105848839224733e-05
2943,11,14,3,-2.910584883922476e-05
2944,8,0,11,-2.9937320579405153e-05
2945,11,0,8,-2.993732057940516e-05
2946,12,4,15,-2.9937320579405173e-05
2947,15,4,12,-2.9937320579405173e-05
2948,14,6,13,-2.9937320579405197e-05
2949,13,6,14,-2.9937320579405203e-05
2950,10,2,9,-2.9937320579405424e-05
2951,9,2,10,-2.9937320579405427e-05
2952,3,8,0,-2.9937320579405664e-05
2953,0,8,3,-2.9937320579405668e-05
2954,2,10,1,-2.9937320579405712e-05
2955,1,10,2,-2.9937320579405712e-05
2956,7,12,4,-2.993732057940587e-05
2957,4,12,7,-2.9937320579405874e-05
2958,5,14,6,-2.9937320579405952e-05
2959,6,14,5,-2.9937320579405952e-05
2960,12,8,15,-3.2042317487130135e-05
2961,15,8,12,-3.2042317487130135e-05
2962,7,0,4,-3.2042317487130135e-05
2963,4,0,7,-3.204231748713014e-05
2964,3,4,0,-3.20423174871305e-05
2965,0,4,3,-3.204231748713051e-05
2966,6,2,5,-3.204231748713062e-05
2967,5,2,6,-3.204231748713063e-05
2968,8,12,11,-3.204231748713065e-05
2969,11,12,8,-3.204231748713065e-05
2970,13,10,14,-3.2042317487130725e-05
2971,14,10,13,-3.204231748713073e-05
2972,10,14,9,-3.204231748713088e-05
2973,9,14,10,-3.204231748713088e-05
2974,1,6,2,-3.204231748713092e-05
2975,2,6,1,-3.204231748713092e-05
2976,0,4,13,-3.350509222058391e-05
2977,13,4,0,-3.350509222058391e-05
2978,1,8,12,-3.350509222058399e-05
2979,12,8,1,-3.350509222058399e-05
2980,6,2,11,-3.350509222058399e-05
2981,11,2,6,-3.3505092220584e-05
2982,3,10,14,-3.350509222058432e-05
2983,14,10,3,-3.3505092220584324e-05
2984,9,0,4,-3.350509222058436e-05
2985,4,0,9,-3.3505092220584364e-05
2986,15,6,2,-3.350509222058439e-05
2987,2,6,15,-3.350509222058439e-05
2988,5,12,8,-3.350509222058444e-05
2989,8,12,5,-3.3505092220584446e-05
2990,10,14,7,-3.350509222058447e-05
2991,7,14,10,-3.350509222058448e-05
2992,0,2,5,-3.415272030685763e-05
2993,5,2,0,-3.415272030685764e-05
2994,12,14,9,-3.415272030685774e-05
2995,9,14,12,-3.415272030685775e-05
2996,13,10,8,-3.415272030685776e-05
2997,8,10,13,-3.415272030685777e-05
2998,14,12,11,-3.415272030685779e-05
2999,11,12,14,-3.4152720306857794e-05
3000,1,6,4,-3.4152720306857794e-05
3001,4,6,1,-3.4152720306857794e-05
3002,6,4,3,-3.415272030685781e-05
3003,3,4,6,-3.415272030685781e-05
3004,7,0,2,-3.415272030685797e-05
3005,2,0,7,-3.4152720306857984e-05
3006,15,8,10,-3.415272030685809e-05
3007,10,8,15,-3.415272030685809e-05
3008,13,6,4,-3.6733515691080905e-05
3009,4,6,13,-3.673351569108091e-05
3010,11,0,2,-3.6733515691081e-05
3011,2,0,11,-3.6733515691081e-05
3012,9,2,0,-3.67335156910812e-05
3013,0,2,9,-3.6733515691081216e-05
3014,10,8,3,-3.6733515691081237e-05
3015,3,8,10,-3.6733515691081237e-05
3016,15,4,6,-3.6733515691081237e-05
3017,6,4,15,-3.673351569108124e-05
3018,12,14,5,-3.6733515691081284e-05
3019,5,14,12,-3.673351569108129e-05
3020,1,10,8,-3.6733515691081365e-05
3021,14,12,7,-3.6733515691081365e-05
3022,7,12,14,-3.6733515691081365e-05
3023,8,10,1,-3.673351569108137e-05
3024,0,9,2,-3.784034780847861e-05
3025,2,9,0,-3.784034780847865e-05
3026,2,11,0,-3.784034780847877e-05
3027,0,11,2,-3.78403478084788e-05
3028,6,15,4,-3.7840347808478806e-05
3029,4,15,6,-3.784034780847881e-05
3030,12,7,14,-3.784034780847885e-05
3031,14,7,12,-3.784034780847888e-05
3032,6,13,4,-3.784034780847903e-05
3033,4,13,6,-3.784034780847903e-05
3034,8,3,10,-3.7840347808479056e-05
3035,10,3,8,-3.784034780847906e-05
3036,12,5,14,-3.7840347808479165e-05
3037,14,5,12,-3.7840347808479185e-05
3038,10,1,8,-3.7840347808479226e-05
3039,8,1,10,-3.784034780847923e-05
3040,0,7,2,-3.949982934887247e-05
3041,0,5,2,-3.949982934887248e-05
3042,2,5,0,-3.949982934887248e-05
3043,2,7,0,-3.949982934887248e-05
3044,6,3,4,-3.949982934887281e-05
3045,4,3,6,-3.949982934887281e-05
3046,8,13,10,-3.9499829348873196e-05
3047,10,13,8,-3.9499829348873196e-05
3048,6,1,4,-3.949982934887322e-05
3049,4,1,6,-3.9499829348873244e-05
3050,12,11,14,-3.949982934887329e-05
3051,14,11,12,-3.94998293488733e-05
3052,10,15,8,-3.949982934887336e-05
3053,8,15,10,-3.949982934887337e-05
3054,14,9,12,-3.9499829348873854e-05
3055,12,9,14,-3.949982934887389e-05
3056,3,10,8,-4.291290971531699e-05
3057,8,10,3,-4.2912909715317e-05
3058,11,2,0,-4.2912909715317215e-05
3059,0,2,11,-4.291290971531722e-05
3060,7,14,12,-4.291290971531727e-05
3061,12,14,7,-4.291290971531727e-05
3062,4,6,15,-4.291290971531743e-05
3063,15,6,4,-4.2912909715317445e-05
3064,14,12,5,-4.291290971531747e-05
3065,5,12,14,-4.291290971531748e-05
3066,13,4,6,-4.291290971531767e-05
3067,6,4,13,-4.291290971531768e-05
3068,1,8,10,-4.291290971531783e-05
3069,10,8,1,-4.291290971531784e-05
3070,9,0,2,-4.291290971531789e-05
3071,2,0,9,-4.29129097153179e-05
3072,9,10,14,-4.553350123252078e-05
3073,14,10,9,-4.553350123252078e-05
3074,12,8,11,-4.553350123252082e-05
3075,11,8,12,-4.5533501232520834e-05
3076,7,4,0,-4.553350123252097e-05
3077,0,4,7,-4.553350123252097e-05
3078,5,6,2,-4.553350123252112e-05
3079,1,2,6,-4.553350123252112e-05
3080,13,14,10,-4.553350123252112e-05
3081,2,6,5,-4.5533501232521125e-05
3082,10,14,13,-4.5533501232521125e-05
3083,6,2,1,-4.5533501232521125e-05
3084,3,0,4,-4.553350123252117e-05
3085,4,0,3,-4.553350123252118e-05
3086,8,12,15,-4.5533501232521186e-05
3087,15,12,8,-4.55335012325212e-05
3088,13,8,10,-5.550077552999807e-05
3089,15,10,8,-5.5500775529998084e-05
3090,10,8,13,-5.55007755299981e-05
3091,0,2,7,-5.55007755299981e-05
3092,8,10,15,-5.55007755299981e-05
3093,7,2,0,-5.55007755299981e-05
3094,5,0,2,-5.550077552999811e-05
3095,2,0,5,-5.5500775529998124e-05
3096,12,14,11,-5.5500775529998124e-05
3097,11,14,12,-5.550077552999813e-05
3098,3,6,4,-5.550077552999822e-05
3099,4,6,3,-5.550077552999822e-05
3100,14,12,9,-5.550077552999833e-05
3101,9,12,14,-5.550077552999833e-05
3102,1,4,6,-5.550077552999835e-05
3103,6,4,1,-5.550077552999837e-05
3104,15,0,3,-5.934527874031106e-05
3105,3,0,15,-5.934527874031109e-05
3106,11,8,7,-5.934527874031113e-05
3107,7,8,11,-5.934527874031113e-05
3108,15,12,3,-5.934527874031125e-05
3109,3,12,15,-5.9345278740311264e-05
3110,1,2,13,-5.9345278740311426e-05
3111,9,10,5,-5.934527874031144e-05
3112,13,2,1,-5.934527874031144e-05
3113,5,10,9,-5.934527874031144e-05
3114,7,4,11,-5.9345278740311454e-05
3115,11,4,7,-5.934527874031148e-05
3116,13,14,1,-5.9345278740311535e-05
3117,1,14,13,-5.9345278740311535e-05
3118,5,6,9,-5.934527874031177e-05
3119,9,6,5,-5.934527874031179e-05
3120,3,8,11,-6.592885769807029e-05
3121,11,8,3,-6.592885769807029e-05
3122,7,12,15,-6.592885769807056e-05
3123,15,12,7,-6.59288576980706e-05
3124,13,14,5,-6.592885769807236e-05
3125,5,14,13,-6.592885769807238e-05
3126,1,10,9,-6.592885769807249e-05
3127,9,10,1,-6.592885769807251e-05
3128,7,4,15,-6.592885769807373e-05
3129,15,4,7,-6.592885769807377e-05
3130,11,0,3,-6.59288576980748e-05
3131,3,0,11,-6.592885769807482e-05
3132,13,6,5,-6.592885769807654e-05
3133,5,6,13,-6.592885769807655e-05
3134,9,2,1,-6.592885769807673e-05
3135,1,2,9,-6.592885769807673e-05
3136,13,2,11,-6.65036991986489e-05
3137,11,2,13,-6.650369919864891e-05
3138,5,10,3,-6.650369919864948e-05
3139,3,10,5,-6.650369919864948e-05
3140,9,0,15,-6.65036991986498e-05
3141,15,0,9,-6.650369919864981e-05
3142,15,6,9,-6.650369919865004e-05
3143,9,6,15,-6.650369919865005e-05
3144,13,4,11,-6.650369919865008e-05
3145,11,4,13,-6.650369919865009e-05
3146,7,14,1,-6.650369919865015e-05
3147,1,14,7,-6.650369919865016e-05
3148,1,8,7,-6.650369919865035e-05
3149,7,8,1,-6.650369919865035e-05
3150,5,12,3,-6.650369919865053e-05
3151,3,12,5,-6.650369919865054e-05
3152,9,6,3,-8.053434847802485e-05
3153,3,6,9,-8.053434847802486e-05
3154,13,2,7,-8.053434847802505e-05
3155,7,2,13,-8.053434847802505e-05
3156,11,14,1,-8.05343484780252e-05
3157,1,14,11,-8.053434847802522e-05
3158,5,10,15,-8.053434847802535e-05
3159,15,10,5,-8.053434847802535e-05
3160,5,0,15,-8.053434847802583e-05
3161,15,0,5,-8.053434847802584e-05
3162,3,12,9,-8.053434847802599e-05
3163,9,12,3,-8.0534348478026e-05
3164,7,8,13,-8.053434847802608e-05
3165,13,8,7,-8.053434847802611e-05
3166,1,4,11,-8.053434847802629e-05
3167,11,4,1,-8.053434847802629e-05
3168,8,5,11,-0.00048209932496226407
3169,11,5,8,-0.00048209932496226407
3170,10,7,9,-0.0004820993249622645
3171,9,7,10,-0.0004820993249622645
3172,5,11,6,-0.0004820993249622649
3173,6,11,5,-0.0004820993249622649
3174,1,15,2,-0.00048209932496226537
3175,2,15,1,-0.00048209932496226537
3176,3,13,0,-0.0004820993249622654
3177,0,13,3,-0.0004820993249622655
3178,4,9,7,-0.0004820993249622656
3179,7,9,4,-0.00048209932496226564
3180,15,1,12,-0.0004820993249622659
3181,12,1,15,-0.000482099324962266
3182,13,3,14,-0.00048209932496226613
3183,14,3,13,-0.00048209932496226613
3184,5,11,14,-0.0005832420261140693
3185,14,11,5,-0.0005832420261140694
3186,9,7,2,-0.0005832420261140695
3187,2,7,9,-0.0005832420261140697
3188,7,9,12,-0.0005832420261140698
3189,12,9,7,-0.0005832420261140698
3190,13,3,6,-0.0005832420261140698
3191,6,3,13,-0.0005832420261140699
3192,10,15,1,-0.0005832420261140703
3193,1,15,10,-0.0005832420261140703
3194,3,13,8,-0.0005832420261140704
3195,8,13,3,-0.0005832420261140704
3196,0,5,11,-0.0005832420261140706
3197,11,5,0,-0.0005832420261140706
3198,15,1,4,-0.0005832420261140706
3199,4,1,15,-0.0005832420261140707
3200,10,3,13,-0.0005834016056426121
3201,13,3,10,-0.0005834016056426121
3202,15,1,8,-0.0005834016056426123
3203,8,1,15,-0.0005834016056426123
3204,5,11,2,-0.0005834016056426127
3205,2,11,5,-0.0005834016056426127
3206,9,7,14,-0.0005834016056426134
3207,14,7,9,-0.0005834016056426134
3208,7,9,0,-0.0005834016056426135
3209,0,9,7,-0.0005834016056426136
3210,12,5,11,-0.0005834016056426141
3211,11,5,12,-0.0005834016056426141
3212,6,15,1,-0.0005834016056426146
3213,1,15,6,-0.0005834016056426146
3214,4,13,3,-0.0005834016056426158
3215,3,13,4,-0.0005834016056426158
3216,5,11,8,-0.0006221316939110761
3217,8,11,5,-0.0006221316939110761
3218,12,15,1,-0.0006221316939110763
3219,1,15,12,-0.0006221316939110763
3220,0,3,13,-0.0006221316939110768
3221,2,1,15,-0.0006221316939110768
3222,15,1,2,-0.0006221316939110768
3223,13,3,0,-0.0006221316939110768
3224,9,7,4,-0.000622131693911077
3225,4,7,9,-0.000622131693911077
3226,7,9,10,-0.000622131693911077
3227,10,9,7,-0.000622131693911077
3228,6,5,11,-0.0006221316939110774
3229,3,13,14,-0.0006221316939110775
3230,14,13,3,-0.0006221316939110775
3231,11,5,6,-0.0006221316939110775
3232,3,13,10,-0.0006223649804675802
3233,10,13,3,-0.0006223649804675803
3234,2,5,11,-0.0006223649804675806
3235,11,5,2,-0.0006223649804675806
3236,5,11,12,-0.0006223649804675813
3237,12,11,5,-0.0006223649804675813
3238,14,9,7,-0.0006223649804675815
3239,7,9,14,-0.0006223649804675815
3240,6,1,15,-0.0006223649804675817
3241,8,15,1,-0.0006223649804675817
3242,15,1,6,-0.0006223649804675818
3243,1,15,8,-0.0006223649804675819
3244,0,7,9,-0.000622364980467582
3245,13,3,4,-0.000622364980467582
3246,9,7,0,-0.000622364980467582
3247,4,3,13,-0.0006223649804675822
3248,2,9,7,-0.0006655382314696874
3249,7,9,2,-0.0006655382314696874
3250,15,1,10,-0.0006655382314696883
3251,10,1,15,-0.0006655382314696883
3252,14,5,11,-0.0006655382314696883
3253,11,5,14,-0.0006655382314696884
3254,6,13,3,-0.0006655382314696885
3255,3,13,6,-0.0006655382314696885
3256,9,7,12,-0.000665538231469689
3257,12,7,9,-0.0006655382314696891
3258,0,11,5,-0.0006655382314696899
3259,5,11,0,-0.00066553823146969
3260,4,15,1,-0.0006655382314696902
3261,1,15,4,-0.0006655382314696902
3262,13,3,8,-0.0006655382314696903
3263,8,3,13,-0.0006655382314696904
3264,6,8,5,-0.0008905504967771609
3265,5,8,6,-0.0008905504967771609
3266,4,10,7,-0.0008905504967771623
3267,7,10,4,-0.0008905504967771625
3268,14,0,13,-0.0008905504967771627
3269,13,0,14,-0.0008905504967771627
3270,15,2,12,-0.0008905504967771631
3271,12,2,15,-0.0008905504967771631
3272,11,6,8,-0.0008905504967771636
3273,8,6,11,-0.0008905504967771637
3274,10,4,9,-0.0008905504967771639
3275,9,4,10,-0.0008905504967771639
3276,3,14,0,-0.0008905504967771648
3277,0,14,3,-0.0008905504967771648
3278,2,12,1,-0.0008905504967771649
3279,1,12,2,-0.000890550496777165
3280,14,0,9,-0.000900202566817606
3281,9,0,14,-0.000900202566817606
3282,11,2,12,-0.0009002025668176076
3283,12,2,11,-0.0009002025668176077
3284,6,8,1,-0.0009002025668176084
3285,1,8,6,-0.0009002025668176084
3286,4,10,3,-0.0009002025668176087
3287,3,10,4,-0.0009002025668176088
3288,7,14,0,-0.0009002025668176097
3289,0,14,7,-0.0009002025668176098
3290,13,4,10,-0.000900202566817611
3291,10,4,13,-0.0009002025668176111
3292,5,12,2,-0.0009002025668176116
3293,2,12,5,-0.0009002025668176117
3294,8,6,15,-0.0009002025668176127
3295,15,6,8,-0.0009002025668176128
3296,5,0,14,-0.0009042256812531371
3297,14,0,5,-0.0009042256812531373
3298,9,12,2,-0.0009042256812531381
3299,2,12,9,-0.0009042256812531384
3300,13,8,6,-0.0009042256812531387
3301,1,4,10,-0.0009042256812531388
3302,6,8,13,-0.0009042256812531389
3303,10,4,1,-0.000904225681253139
3304,7,2,12,-0.000904225681253139
3305,12,2,7,-0.0009042256812531392
3306,8,6,3,-0.0009042256812531393
3307,3,6,8,-0.0009042256812531394
3308,0,14,11,-0.0009042256812531398
3309,11,14,0,-0.0009042256812531399
3310,15,10,4,-0.0009042256812531411
3311,4,10,15,-0.0009042256812531412
3312,14,0,3,-0.0010159399858586998
3313,3,0,14,-0.0010159399858587
3314,7,4,10,-0.0010159399858587009
3315,10,4,7,-0.001015939985858701
3316,12,2,1,-0.0010159399858587015
3317,8,6,5,-0.0010159399858587017
3318,1,2,12,-0.0010159399858587017
3319,5,6,8,-0.001015939985858702
3320,6,8,11,-0.0010159399858587026
3321,11,8,6,-0.0010159399858587026
3322,9,10,4,-0.0010159399858587035
3323,4,10,9,-0.0010159399858587037
3324,13,14,0,-0.0010159399858587046
3325,0,14,13,-0.0010159399858587048
3326,15,12,2,-0.0010159399858587048
3327,2,12,15,-0.001015939985858705
3328,4,10,13,-0.0010291212850435292
3329,9,14,0,-0.0010291212850435292
3330,13,10,4,-0.0010291212850435292
3331,3,4,10,-0.0010291212850435292
3332,0,14,9,-0.0010291212850435294
3333,7,0,14,-0.0010291212850435296
3334,10,4,3,-0.0010291212850435296
3335,14,0,7,-0.0010291212850435298
3336,8,6,1,-0.0010291212850435303
3337,1,6,8,-0.0010291212850435303
3338,5,2,12,-0.001029121285043531
3339,12,2,5,-0.001029121285043531
3340,15,8,6,-0.0010291212850435313
3341,6,8,15,-0.0010291212850435313
3342,2,12,11,-0.0010291212850435324
3343,11,12,2,-0.0010291212850435324
3344,1,10,4,-0.0010874146281204286
3345,4,10,1,-0.0010874146281204286
3346,12,2,9,-0.001087414628120429
3347,9,2,12,-0.0010874146281204295
3348,5,14,0,-0.00108741462812043
3349,0,14,5,-0.0010874146281204303
3350,13,6,8,-0.0010874146281204305
3351,8,6,13,-0.0010874146281204305
3352,2,12,7,-0.001087414628120431
3353,11,0,14,-0.0010874146281204312
3354,7,12,2,-0.0010874146281204312
3355,14,0,11,-0.0010874146281204314
3356,3,8,6,-0.0010874146281204316
3357,10,4,15,-0.0010874146281204316
3358,6,8,3,-0.0010874146281204316
3359,15,4,10,-0.0010874146281204318
