,a,b,c,acba
0,11,2,12,0.004289311146776472
1,11,12,2,0.004289311146776472
2,9,14,0,0.0042893111467764665
3,9,0,14,0.004289311146776466
4,3,10,4,0.004289311146776464
5,3,4,10,0.004289311146776463
6,1,6,8,0.0042893111467764535
7,1,8,6,0.0042893111467764535
8,15,6,8,0.004289311146776453
9,15,8,6,0.004289311146776452
10,13,10,4,0.004289311146776451
11,13,4,10,0.00428931114677645
12,7,14,0,0.004289311146776449
13,7,0,14,0.004289311146776449
14,5,12,2,0.004289311146776443
15,5,2,12,0.004289311146776442
16,13,8,6,0.0041761278448594836
17,15,10,4,0.004176127844859483
18,13,6,8,0.004176127844859483
19,15,4,10,0.004176127844859482
20,5,0,14,0.004176127844859479
21,5,14,0,0.004176127844859479
22,7,12,2,0.0041761278448594775
23,7,2,12,0.0041761278448594775
24,9,12,2,0.004176127844859476
25,9,2,12,0.004176127844859476
26,11,0,14,0.0041761278448594705
27,11,14,0,0.00417612784485947
28,1,10,4,0.004176127844859469
29,1,4,10,0.004176127844859469
30,3,8,6,0.004176127844859465
31,3,6,8,0.004176127844859465
32,9,4,10,0.003114730483169243
33,9,10,4,0.0031147304831692425
34,1,2,12,0.0031147304831692364
35,1,12,2,0.0031147304831692355
36,11,6,8,0.0031147304831692347
37,11,8,6,0.0031147304831692342
38,5,8,6,0.0031147304831692303
39,5,6,8,0.00311473048316923
40,13,0,14,0.0031147304831692264
41,13,14,0,0.0031147304831692264
42,15,12,2,0.0031147304831692217
43,15,2,12,0.0031147304831692212
44,7,10,4,0.0031147304831692186
45,3,14,0,0.0031147304831692186
46,3,0,14,0.0031147304831692186
47,7,4,10,0.0031147304831692178
48,15,1,4,0.0014633408747769154
49,15,4,1,0.0014633408747769154
50,11,5,0,0.001463340874776915
51,11,0,5,0.0014633408747769148
52,3,13,8,0.0014633408747769146
53,3,8,13,0.0014633408747769146
54,13,3,6,0.0014633408747769137
55,13,6,3,0.0014633408747769135
56,7,9,12,0.0014633408747769128
57,7,12,9,0.0014633408747769128
58,1,15,10,0.0014633408747769124
59,1,10,15,0.0014633408747769124
60,5,14,11,0.0014633408747769122
61,5,11,14,0.001463340874776912
62,9,2,7,0.0014633408747769115
63,9,7,2,0.0014633408747769115
64,1,6,15,0.0014251085550035492
65,1,15,6,0.0014251085550035492
66,9,7,14,0.0014251085550035481
67,9,14,7,0.001425108555003548
68,3,13,4,0.0014251085550035475
69,3,4,13,0.0014251085550035475
70,11,5,12,0.001425108555003547
71,11,12,5,0.0014251085550035466
72,5,11,2,0.0014251085550035457
73,7,9,0,0.0014251085550035457
74,5,2,11,0.0014251085550035457
75,7,0,9,0.0014251085550035457
76,15,8,1,0.0014251085550035444
77,15,1,8,0.0014251085550035444
78,13,3,10,0.001425108555003544
79,13,10,3,0.001425108555003544
80,1,15,2,0.0012704988193767788
81,1,2,15,0.0012704988193767786
82,7,9,4,0.0012704988193767775
83,7,4,9,0.0012704988193767775
84,5,6,11,0.0012704988193767775
85,5,11,6,0.0012704988193767775
86,3,0,13,0.0012704988193767766
87,3,13,0,0.0012704988193767766
88,13,14,3,0.0012704988193767766
89,13,3,14,0.0012704988193767766
90,9,7,10,0.0012704988193767762
91,9,10,7,0.001270498819376776
92,15,1,12,0.0012704988193767749
93,15,12,1,0.0012704988193767747
94,11,8,5,0.001270498819376774
95,11,5,8,0.0012704988193767738
96,13,3,4,0.0011466312066135383
97,13,4,3,0.0011466312066135383
98,15,1,6,0.001146631206613537
99,15,6,1,0.0011466312066135368
100,9,0,7,0.001146631206613534
101,9,7,0,0.001146631206613534
102,5,12,11,0.001146631206613534
103,5,11,12,0.0011466312066135337
104,7,9,14,0.001146631206613533
105,7,14,9,0.001146631206613533
106,11,5,2,0.0011466312066135327
107,11,2,5,0.0011466312066135322
108,1,15,8,0.001146631206613531
109,1,8,15,0.001146631206613531
110,3,10,13,0.0011466312066135305
111,3,13,10,0.00114663120661353
112,1,15,4,0.0011049053038526754
113,5,0,11,0.0011049053038526752
114,1,4,15,0.0011049053038526752
115,5,11,0,0.001104905303852675
116,13,3,8,0.0011049053038526733
117,13,8,3,0.0011049053038526733
118,9,7,12,0.0011049053038526728
119,9,12,7,0.0011049053038526728
120,3,6,13,0.0011049053038526722
121,3,13,6,0.001104905303852672
122,15,10,1,0.001104905303852672
123,15,1,10,0.001104905303852672
124,11,5,14,0.0011049053038526713
125,7,9,2,0.001104905303852671
126,7,2,9,0.001104905303852671
127,11,14,5,0.001104905303852671
128,9,7,4,0.001083419396281631
129,9,4,7,0.0010834193962816307
130,1,15,12,0.0010834193962816303
131,1,12,15,0.00108341939628163
132,3,14,13,0.001083419396281629
133,13,3,0,0.0010834193962816286
134,3,13,14,0.0010834193962816286
135,13,0,3,0.0010834193962816284
136,11,5,6,0.0010834193962816281
137,11,6,5,0.0010834193962816281
138,15,2,1,0.0010834193962816277
139,15,1,2,0.0010834193962816277
140,7,10,9,0.0010834193962816268
141,7,9,10,0.0010834193962816268
142,5,11,8,0.0010834193962816264
143,5,8,11,0.0010834193962816264
144,9,12,0,0.0008499769068849921
145,9,0,12,0.000849976906884992
146,13,4,8,0.0008499769068849786
147,13,8,4,0.0008499769068849786
148,1,8,4,0.0008499769068849779
149,1,4,8,0.0008499769068849778
150,11,14,2,0.0008499769068849752
151,11,2,14,0.0008499769068849749
152,5,0,12,0.0008499769068849707
153,5,12,0,0.0008499769068849703
154,15,10,6,0.0008499769068849702
155,15,6,10,0.0008499769068849701
156,3,10,6,0.0008499769068849665
157,3,6,10,0.0008499769068849663
158,7,2,14,0.000849976906884964
159,7,14,2,0.000849976906884964
160,0,11,14,0.0007721991229767671
161,0,14,11,0.0007721991229767671
162,4,15,10,0.0007721991229767667
163,4,10,15,0.0007721991229767666
164,12,2,7,0.0007721991229767662
165,12,7,2,0.0007721991229767662
166,8,6,3,0.0007721991229767661
167,8,3,6,0.0007721991229767661
168,14,5,0,0.0007721991229767647
169,14,0,5,0.0007721991229767646
170,2,9,12,0.0007721991229767645
171,2,12,9,0.0007721991229767644
172,6,13,8,0.0007721991229767643
173,6,8,13,0.0007721991229767641
174,10,1,4,0.0007721991229767636
175,10,4,1,0.0007721991229767634
176,0,14,7,0.000716255138175369
177,0,7,14,0.000716255138175369
178,12,2,11,0.0007162551381753683
179,12,11,2,0.0007162551381753683
180,14,0,9,0.0007162551381753683
181,14,9,0,0.0007162551381753681
182,6,8,1,0.0007162551381753681
183,6,1,8,0.0007162551381753681
184,2,12,5,0.0007162551381753678
185,8,6,15,0.0007162551381753677
186,2,5,12,0.0007162551381753677
187,8,15,6,0.0007162551381753677
188,4,10,3,0.0007162551381753675
189,4,3,10,0.0007162551381753675
190,10,13,4,0.0007162551381753666
191,10,4,13,0.0007162551381753666
192,3,10,0,0.0006257946459660257
193,3,0,10,0.0006257946459660255
194,1,2,8,0.0006257946459660242
195,1,8,2,0.0006257946459660241
196,13,14,4,0.000625794645966022
197,13,4,14,0.0006257946459660219
198,7,14,4,0.0006257946459660186
199,5,6,12,0.0006257946459660185
200,7,4,14,0.0006257946459660185
201,5,12,6,0.0006257946459660184
202,15,6,12,0.0006257946459660181
203,15,12,6,0.000625794645966018
204,9,0,10,0.0006257946459660174
205,9,10,0,0.0006257946459660174
206,11,8,2,0.0006257946459660152
207,11,2,8,0.0006257946459660151
208,0,13,14,0.0005838594467249259
209,0,14,13,0.0005838594467249259
210,4,9,10,0.0005838594467249258
211,4,10,9,0.0005838594467249257
212,2,15,12,0.000583859446724925
213,2,12,15,0.0005838594467249249
214,6,11,8,0.0005838594467249248
215,6,8,11,0.0005838594467249247
216,12,2,1,0.0005838594467249246
217,12,1,2,0.0005838594467249246
218,14,0,3,0.000583859446724924
219,14,3,0,0.0005838594467249239
220,8,6,5,0.000583859446724923
221,8,5,6,0.000583859446724923
222,10,4,7,0.0005838594467249226
223,10,7,4,0.0005838594467249226
224,14,0,13,0.0005373715952783375
225,14,13,0,0.0005373715952783375
226,2,1,12,0.0005373715952783367
227,12,15,2,0.0005373715952783367
228,2,12,1,0.0005373715952783367
229,8,6,11,0.0005373715952783366
230,12,2,15,0.0005373715952783366
231,8,11,6,0.0005373715952783366
232,0,14,3,0.0005373715952783364
233,0,3,14,0.0005373715952783364
234,4,10,7,0.0005373715952783362
235,4,7,10,0.0005373715952783362
236,6,5,8,0.0005373715952783362
237,6,8,5,0.0005373715952783362
238,10,9,4,0.0005373715952783358
239,10,4,9,0.0005373715952783358
240,6,15,8,0.00044602984920660366
241,6,8,15,0.00044602984920660366
242,4,13,10,0.0004460298492066034
243,4,10,13,0.00044602984920660333
244,14,0,7,0.00044602984920660274
245,0,9,14,0.00044602984920660263
246,14,7,0,0.00044602984920660263
247,0,14,9,0.00044602984920660263
248,12,2,5,0.0004460298492066023
249,8,1,6,0.0004460298492066022
250,12,5,2,0.0004460298492066022
251,8,6,1,0.0004460298492066022
252,2,12,11,0.000446029849206602
253,2,11,12,0.000446029849206602
254,10,3,4,0.00044602984920660133
255,10,4,3,0.00044602984920660133
256,4,10,1,0.00044575982751528795
257,4,1,10,0.0004457598275152879
258,0,14,5,0.00044575982751528763
259,0,5,14,0.00044575982751528763
260,6,3,8,0.0004457598275152874
261,6,8,3,0.0004457598275152874
262,14,0,11,0.00044575982751528676
263,14,11,0,0.00044575982751528676
264,12,2,9,0.00044575982751528665
265,12,9,2,0.00044575982751528655
266,2,12,7,0.00044575982751528655
267,2,7,12,0.0004457598275152865
268,8,6,13,0.00044575982751528633
269,8,13,6,0.0004457598275152863
270,10,4,15,0.00044575982751528617
271,10,15,4,0.0004457598275152861
272,9,10,12,0.00034052087285851916
273,9,12,10,0.00034052087285851916
274,11,8,14,0.00034052087285851667
275,11,14,8,0.00034052087285851667
276,3,0,6,0.0003405208728585131
277,3,6,0,0.0003405208728585129
278,13,8,14,0.00034052087285851103
279,13,14,8,0.00034052087285851103
280,1,2,4,0.00034052087285850815
281,1,4,2,0.00034052087285850815
282,7,2,4,0.00034052087285850783
283,7,4,2,0.0003405208728585078
284,5,6,0,0.00034052087285850696
285,5,0,6,0.00034052087285850696
286,15,10,12,0.00034052087285850577
287,15,12,10,0.0003405208728585056
288,11,0,12,0.00018827380224279369
289,11,12,0,0.00018827380224279366
290,15,4,8,0.0001882738022427928
291,15,8,4,0.00018827380224279274
292,13,10,6,0.00018827380224279257
293,13,6,10,0.00018827380224279257
294,7,12,0,0.0001882738022427923
295,7,0,12,0.00018827380224279225
296,3,4,8,0.00018827380224279209
297,3,8,4,0.00018827380224279209
298,9,2,14,0.00018827380224279206
299,9,14,2,0.00018827380224279192
300,1,10,6,0.00018827380224278965
301,1,6,10,0.00018827380224278946
302,5,14,2,0.00018827380224278905
303,5,2,14,0.00018827380224278897
304,6,15,1,0.00013782490519680373
305,6,1,15,0.0001378249051968037
306,2,11,5,0.0001378249051968026
307,2,5,11,0.00013782490519680257
308,14,7,9,0.00013782490519680248
309,14,9,7,0.00013782490519680248
310,10,3,13,0.00013782490519680137
311,10,13,3,0.00013782490519680137
312,4,3,13,0.00013782490519680088
313,4,13,3,0.00013782490519680083
314,12,11,5,0.00013782490519680023
315,12,5,11,0.0001378249051968002
316,8,1,15,0.00013782490519680018
317,8,15,1,0.00013782490519680018
318,0,7,9,0.00013782490519680015
319,0,9,7,0.00013782490519680013
320,15,8,2,0.0001268823095109844
321,15,2,8,0.0001268823095109844
322,11,6,12,0.0001268823095109837
323,11,12,6,0.0001268823095109837
324,13,10,0,0.0001268823095109834
325,9,14,4,0.00012688230951098337
326,13,0,10,0.00012688230951098337
327,9,4,14,0.00012688230951098337
328,5,2,8,0.00012688230951098123
329,5,8,2,0.00012688230951098123
330,7,0,10,0.00012688230951098076
331,7,10,0,0.00012688230951098074
332,1,12,6,0.00012688230951098068
333,1,6,12,0.00012688230951098066
334,3,4,14,0.00012688230951097995
335,3,14,4,0.00012688230951097995
336,14,11,5,0.00011307150929702105
337,14,5,11,0.00011307150929702102
338,12,9,7,0.00011307150929702094
339,12,7,9,0.00011307150929702093
340,8,13,3,0.00011307150929702064
341,8,3,13,0.00011307150929702062
342,4,15,1,0.00011307150929702045
343,4,1,15,0.00011307150929702045
344,6,13,3,0.0001130715092970204
345,6,3,13,0.00011307150929702037
346,0,11,5,0.00011307150929702032
347,0,5,11,0.00011307150929702029
348,10,15,1,0.00011307150929702017
349,10,1,15,0.00011307150929702015
350,2,9,7,0.00011307150929701949
351,2,7,9,0.00011307150929701945
352,3,14,8,9.762652206758848e-05
353,3,8,14,9.762652206758845e-05
354,1,12,10,9.762652206758838e-05
355,1,10,12,9.762652206758838e-05
356,7,12,10,9.762652206758819e-05
357,7,10,12,9.762652206758818e-05
358,5,8,14,9.762652206758796e-05
359,5,14,8,9.762652206758796e-05
360,15,4,2,9.762652206758783e-05
361,15,2,4,9.762652206758781e-05
362,13,6,0,9.762652206758734e-05
363,13,0,6,9.762652206758734e-05
364,9,4,2,9.762652206758674e-05
365,9,2,4,9.762652206758674e-05
366,11,6,0,9.762652206758597e-05
367,11,0,6,9.762652206758597e-05
368,4,9,7,8.437561225273484e-05
369,4,7,9,8.437561225273484e-05
370,0,3,13,8.437561225273478e-05
371,0,13,3,8.437561225273476e-05
372,6,11,5,8.437561225273456e-05
373,2,1,15,8.437561225273455e-05
374,2,15,1,8.437561225273453e-05
375,6,5,11,8.437561225273452e-05
376,12,15,1,8.437561225273377e-05
377,12,1,15,8.437561225273376e-05
378,14,13,3,8.437561225273284e-05
379,14,3,13,8.437561225273284e-05
380,8,5,11,8.437561225273276e-05
381,8,11,5,8.437561225273274e-05
382,10,9,7,8.437561225273249e-05
383,10,7,9,8.437561225273247e-05
384,6,8,0,8.261425644942403e-05
385,6,0,8,8.261425644942403e-05
386,14,0,8,8.261425644942401e-05
387,14,8,0,8.261425644942401e-05
388,8,6,14,8.261425644942396e-05
389,8,14,6,8.261425644942396e-05
390,12,2,10,8.261425644942385e-05
391,12,10,2,8.261425644942385e-05
392,10,4,12,8.261425644942384e-05
393,10,12,4,8.261425644942384e-05
394,0,6,14,8.26142564494238e-05
395,0,14,6,8.261425644942378e-05
396,2,4,12,8.261425644942375e-05
397,2,12,4,8.261425644942375e-05
398,4,2,10,8.261425644942373e-05
399,4,10,2,8.261425644942371e-05
400,4,8,10,6.4124668970971e-05
401,4,10,8,6.412466897097098e-05
402,8,6,4,6.412466897097097e-05
403,8,4,6,6.412466897097097e-05
404,10,6,4,6.412466897097094e-05
405,10,4,6,6.412466897097093e-05
406,6,10,8,6.412466897097093e-05
407,6,8,10,6.412466897097092e-05
408,2,14,12,6.412466897097086e-05
409,2,12,14,6.412466897097086e-05
410,0,12,14,6.412466897097085e-05
411,0,14,12,6.412466897097085e-05
412,14,2,0,6.412466897097083e-05
413,14,0,2,6.412466897097082e-05
414,12,2,0,6.41246689709708e-05
415,12,0,2,6.41246689709708e-05
416,12,6,2,5.6788053670726736e-05
417,12,2,6,5.678805367072673e-05
418,8,2,6,5.67880536707267e-05
419,8,6,2,5.6788053670726696e-05
420,6,12,8,5.678805367072668e-05
421,6,8,12,5.678805367072668e-05
422,14,4,0,5.6788053670726675e-05
423,2,8,12,5.678805367072667e-05
424,14,0,4,5.678805367072667e-05
425,2,12,8,5.678805367072666e-05
426,10,4,0,5.6788053670726615e-05
427,10,0,4,5.678805367072661e-05
428,0,14,10,5.67880536707266e-05
429,0,10,14,5.6788053670726594e-05
430,4,14,10,5.678805367072654e-05
431,4,10,14,5.678805367072654e-05
432,1,4,3,5.5857186432509164e-05
433,1,3,4,5.585718643250915e-05
434,9,12,11,5.585718643250903e-05
435,9,11,12,5.585718643250903e-05
436,3,1,6,5.585718643250898e-05
437,7,5,2,5.5857186432508975e-05
438,3,6,1,5.5857186432508975e-05
439,11,9,14,5.585718643250897e-05
440,11,14,9,5.585718643250896e-05
441,7,2,5,5.585718643250896e-05
442,13,15,8,5.585718643250887e-05
443,13,8,15,5.5857186432508866e-05
444,5,0,7,5.585718643250884e-05
445,15,13,10,5.585718643250884e-05
446,5,7,0,5.585718643250883e-05
447,15,10,13,5.5857186432508826e-05
448,15,13,6,5.579880304801337e-05
449,15,6,13,5.5798803048013365e-05
450,13,4,15,5.579880304801325e-05
451,13,15,4,5.579880304801324e-05
452,9,0,11,5.579880304801304e-05
453,9,11,0,5.579880304801304e-05
454,5,7,12,5.5798803048013e-05
455,7,14,5,5.5798803048013e-05
456,7,5,14,5.5798803048013e-05
457,5,12,7,5.5798803048012985e-05
458,11,9,2,5.57988030480129e-05
459,11,2,9,5.579880304801289e-05
460,1,8,3,5.5798803048012836e-05
461,1,3,8,5.579880304801282e-05
462,3,1,10,5.579880304801282e-05
463,3,10,1,5.579880304801281e-05
464,11,15,12,4.973738722810908e-05
465,11,12,15,4.9737387228109077e-05
466,3,4,7,4.973738722810894e-05
467,3,7,4,4.973738722810894e-05
468,9,14,13,4.973738722810893e-05
469,9,13,14,4.973738722810893e-05
470,15,11,8,4.973738722810891e-05
471,15,8,11,4.973738722810891e-05
472,5,1,2,4.9737387228108846e-05
473,5,2,1,4.9737387228108846e-05
474,7,3,0,4.973738722810883e-05
475,7,0,3,4.973738722810883e-05
476,13,9,10,4.9737387228108805e-05
477,13,10,9,4.9737387228108805e-05
478,1,6,5,4.973738722810871e-05
479,1,5,6,4.973738722810871e-05
480,5,13,14,4.720704093566603e-05
481,5,14,13,4.720704093566603e-05
482,7,12,15,4.720704093566592e-05
483,7,15,12,4.720704093566591e-05
484,13,6,5,4.720704093566579e-05
485,13,5,6,4.7207040935665784e-05
486,1,9,10,4.720704093566577e-05
487,1,10,9,4.720704093566576e-05
488,3,11,8,4.7207040935665716e-05
489,3,8,11,4.7207040935665716e-05
490,9,2,1,4.7207040935665696e-05
491,9,1,2,4.7207040935665696e-05
492,15,7,4,4.720704093566556e-05
493,15,4,7,4.720704093566555e-05
494,11,0,3,4.720704093566551e-05
495,11,3,0,4.720704093566551e-05
496,1,6,3,4.642160812634527e-05
497,1,3,6,4.642160812634526e-05
498,9,11,14,4.642160812634513e-05
499,9,14,11,4.642160812634513e-05
500,5,2,7,4.6421608126345106e-05
501,5,7,2,4.64216081263451e-05
502,13,15,10,4.642160812634505e-05
503,13,10,15,4.6421608126345045e-05
504,3,4,1,4.64216081263449e-05
505,3,1,4,4.642160812634489e-05
506,7,0,5,4.642160812634477e-05
507,7,5,0,4.642160812634475e-05
508,11,9,12,4.642160812634466e-05
509,11,12,9,4.642160812634465e-05
510,15,8,13,4.642160812634464e-05
511,15,13,8,4.642160812634463e-05
512,5,12,1,4.520855762719635e-05
513,5,1,12,4.520855762719634e-05
514,7,3,14,4.520855762719608e-05
515,7,14,3,4.520855762719608e-05
516,15,11,6,4.520855762719604e-05
517,15,6,11,4.520855762719603e-05
518,13,4,9,4.520855762719594e-05
519,13,9,4,4.5208557627195936e-05
520,3,7,10,4.5208557627195915e-05
521,3,10,7,4.5208557627195915e-05
522,11,2,15,4.520855762719571e-05
523,11,15,2,4.52085576271957e-05
524,1,8,5,4.520855762719536e-05
525,1,5,8,4.520855762719536e-05
526,9,0,13,4.520855762719531e-05
527,9,13,0,4.5208557627195305e-05
528,3,1,8,4.3938368583275e-05
529,3,8,1,4.3938368583274984e-05
530,7,5,12,4.393836858327496e-05
531,7,12,5,4.393836858327495e-05
532,11,0,9,4.3938368583274773e-05
533,11,9,0,4.3938368583274773e-05
534,15,13,4,4.393836858327477e-05
535,1,3,10,4.393836858327477e-05
536,9,11,2,4.393836858327477e-05
537,9,2,11,4.393836858327477e-05
538,15,4,13,4.393836858327476e-05
539,1,10,3,4.393836858327475e-05
540,5,14,7,4.393836858327457e-05
541,5,7,14,4.3938368583274563e-05
542,13,15,6,4.3938368583274516e-05
543,13,6,15,4.393836858327451e-05
544,7,15,2,4.038820790768048e-05
545,7,2,15,4.038820790768047e-05
546,13,5,8,4.038820790768019e-05
547,13,8,5,4.0388207907680174e-05
548,5,13,0,4.0388207907680133e-05
549,5,0,13,4.0388207907680133e-05
550,9,12,1,4.038820790767979e-05
551,3,11,6,4.038820790767978e-05
552,3,6,11,4.0388207907679774e-05
553,9,1,12,4.038820790767977e-05
554,15,10,7,4.0388207907679734e-05
555,15,7,10,4.0388207907679734e-05
556,1,4,9,4.038820790767968e-05
557,1,9,4,4.038820790767968e-05
558,11,14,3,4.038820790767909e-05
559,11,3,14,4.038820790767908e-05
560,11,6,15,3.878177236875588e-05
561,11,15,6,3.878177236875588e-05
562,15,11,2,3.87817723687558e-05
563,15,2,11,3.878177236875579e-05
564,13,9,0,3.8781772368755684e-05
565,13,0,9,3.8781772368755684e-05
566,9,4,13,3.8781772368755663e-05
567,9,13,4,3.8781772368755663e-05
568,7,10,3,3.878177236875561e-05
569,7,3,10,3.87817723687556e-05
570,3,7,14,3.8781772368755535e-05
571,3,14,7,3.8781772368755535e-05
572,1,5,12,3.8781772368755494e-05
573,1,12,5,3.8781772368755494e-05
574,5,1,8,3.878177236875536e-05
575,5,8,1,3.878177236875536e-05
576,11,3,6,3.7164083137942194e-05
577,11,6,3,3.716408313794219e-05
578,7,10,15,3.716408313794201e-05
579,7,15,10,3.7164083137942005e-05
580,3,14,11,3.7164083137942e-05
581,3,11,14,3.716408313794199e-05
582,9,4,1,3.716408313794197e-05
583,9,1,4,3.716408313794197e-05
584,5,13,8,3.716408313794194e-05
585,5,8,13,3.716408313794194e-05
586,15,2,7,3.716408313794193e-05
587,15,7,2,3.716408313794193e-05
588,1,12,9,3.7164083137941917e-05
589,1,9,12,3.716408313794191e-05
590,13,0,5,3.7164083137941896e-05
591,13,5,0,3.716408313794189e-05
592,11,8,3,3.665987443632087e-05
593,11,3,8,3.665987443632087e-05
594,13,5,14,3.665987443632081e-05
595,7,15,4,3.6659874436320806e-05
596,7,4,15,3.6659874436320806e-05
597,5,13,6,3.6659874436320806e-05
598,5,6,13,3.66598744363208e-05
599,13,14,5,3.66598744363208e-05
600,9,1,10,3.665987443632078e-05
601,9,10,1,3.665987443632078e-05
602,3,0,11,3.665987443632068e-05
603,3,11,0,3.665987443632067e-05
604,1,2,9,3.6659874436320664e-05
605,1,9,2,3.665987443632066e-05
606,15,12,7,3.665987443632051e-05
607,15,7,12,3.66598744363205e-05
608,3,0,7,3.498867265802612e-05
609,3,7,0,3.498867265802612e-05
610,7,4,3,3.498867265802579e-05
611,7,3,4,3.498867265802578e-05
612,11,15,8,3.4988672658025706e-05
613,11,8,15,3.49886726580257e-05
614,15,11,12,3.498867265802561e-05
615,15,12,11,3.4988672658025605e-05
616,1,2,5,3.498867265802528e-05
617,1,5,2,3.498867265802528e-05
618,9,10,13,3.4988672658024995e-05
619,9,13,10,3.4988672658024995e-05
620,5,1,6,3.498867265802496e-05
621,13,14,9,3.4988672658024954e-05
622,5,6,1,3.4988672658024954e-05
623,13,9,14,3.498867265802494e-05
624,5,11,3,3.1633112355446765e-05
625,5,3,11,3.1633112355446765e-05
626,15,9,1,3.1633112355446724e-05
627,1,7,15,3.1633112355446724e-05
628,7,1,9,3.1633112355446724e-05
629,7,9,1,3.1633112355446724e-05
630,13,11,3,3.163311235544672e-05
631,15,1,9,3.163311235544672e-05
632,3,13,5,3.163311235544672e-05
633,1,15,7,3.163311235544672e-05
634,3,5,13,3.163311235544672e-05
635,13,3,11,3.163311235544671e-05
636,9,15,7,3.1633112355446677e-05
637,9,7,15,3.163311235544667e-05
638,11,13,5,3.163311235544666e-05
639,11,5,13,3.1633112355446656e-05
640,1,15,13,2.4260132690605297e-05
641,1,13,15,2.4260132690605287e-05
642,7,11,9,2.426013269060527e-05
643,7,9,11,2.4260132690605263e-05
644,5,9,11,2.426013269060526e-05
645,5,11,9,2.4260132690605257e-05
646,9,7,5,2.4260132690605236e-05
647,13,1,3,2.426013269060523e-05
648,13,3,1,2.426013269060523e-05
649,9,5,7,2.426013269060523e-05
650,15,3,1,2.426013269060521e-05
651,15,1,3,2.426013269060521e-05
652,3,15,13,2.4260132690605182e-05
653,11,5,7,2.4260132690605182e-05
654,11,7,5,2.426013269060518e-05
655,3,13,15,2.4260132690605175e-05
656,3,13,9,1.937330921643389e-05
657,3,9,13,1.937330921643389e-05
658,13,7,3,1.9373309216433883e-05
659,13,3,7,1.937330921643388e-05
660,5,11,15,1.937330921643385e-05
661,5,15,11,1.937330921643385e-05
662,7,9,13,1.9373309216433833e-05
663,15,1,5,1.937330921643383e-05
664,7,13,9,1.937330921643383e-05
665,15,5,1,1.937330921643383e-05
666,1,11,15,1.9373309216433816e-05
667,1,15,11,1.9373309216433812e-05
668,11,1,5,1.9373309216433748e-05
669,11,5,1,1.9373309216433744e-05
670,9,3,7,1.937330921643373e-05
671,9,7,3,1.9373309216433728e-05
672,14,9,10,1.9092398451004683e-05
673,14,10,9,1.909239845100468e-05
674,6,1,2,1.909239845100464e-05
675,6,2,1,1.9092398451004632e-05
676,12,8,11,1.909239845100449e-05
677,12,11,8,1.9092398451004483e-05
678,10,13,14,1.909239845100444e-05
679,10,14,13,1.9092398451004436e-05
680,2,6,5,1.9092398451004395e-05
681,2,5,6,1.9092398451004392e-05
682,4,0,3,1.9092398451004355e-05
683,4,3,0,1.9092398451004348e-05
684,0,4,7,1.9092398451004236e-05
685,0,7,4,1.9092398451004233e-05
686,8,15,12,1.909239845100415e-05
687,8,12,15,1.9092398451004148e-05
688,14,6,5,1.7365335672502605e-05
689,14,5,6,1.7365335672502605e-05
690,8,3,0,1.7365335672502503e-05
691,8,0,3,1.7365335672502503e-05
692,10,1,2,1.736533567250248e-05
693,10,2,1,1.7365335672502476e-05
694,12,4,7,1.7365335672502466e-05
695,12,7,4,1.7365335672502466e-05
696,2,10,9,1.7365335672502022e-05
697,2,9,10,1.736533567250202e-05
698,6,14,13,1.7365335672501883e-05
699,6,13,14,1.736533567250188e-05
700,4,15,12,1.7365335672501744e-05
701,0,11,8,1.7365335672501744e-05
702,0,8,11,1.7365335672501744e-05
703,4,12,15,1.7365335672501744e-05
704,0,2,7,1.6965930994352358e-05
705,0,7,2,1.6965930994352358e-05
706,8,15,10,1.6965930994352338e-05
707,8,10,15,1.6965930994352338e-05
708,6,1,4,1.6965930994352287e-05
709,6,4,1,1.6965930994352287e-05
710,14,9,12,1.696593099435228e-05
711,14,12,9,1.6965930994352277e-05
712,10,13,8,1.6965930994352246e-05
713,2,5,0,1.6965930994352246e-05
714,10,8,13,1.6965930994352246e-05
715,2,0,5,1.6965930994352246e-05
716,12,11,14,1.6965930994352212e-05
717,12,14,11,1.696593099435221e-05
718,4,3,6,1.696593099435221e-05
719,4,6,3,1.6965930994352206e-05
720,4,1,6,1.6896998654764053e-05
721,4,6,1,1.6896998654764053e-05
722,12,9,14,1.6896998654763975e-05
723,12,14,9,1.6896998654763975e-05
724,6,3,4,1.6896998654763945e-05
725,6,4,3,1.6896998654763945e-05
726,0,5,2,1.689699865476392e-05
727,0,2,5,1.689699865476392e-05
728,8,10,13,1.6896998654763887e-05
729,8,13,10,1.6896998654763887e-05
730,14,12,11,1.6896998654763846e-05
731,14,11,12,1.6896998654763843e-05
732,2,7,0,1.6896998654763833e-05
733,2,0,7,1.6896998654763833e-05
734,10,15,8,1.6896998654763765e-05
735,10,8,15,1.6896998654763762e-05
736,10,7,1,1.6429128639022382e-05
737,10,1,7,1.6429128639022382e-05
738,2,9,15,1.642912863902217e-05
739,2,15,9,1.6429128639022165e-05
740,8,5,3,1.642912863902211e-05
741,8,3,5,1.642912863902211e-05
742,0,11,13,1.642912863902199e-05
743,0,13,11,1.642912863902199e-05
744,12,1,7,1.642912863902199e-05
745,12,7,1,1.642912863902199e-05
746,6,13,11,1.64291286390219e-05
747,6,11,13,1.64291286390219e-05
748,14,5,3,1.6429128639021874e-05
749,14,3,5,1.6429128639021874e-05
750,4,15,9,1.6429128639021752e-05
751,4,9,15,1.6429128639021745e-05
752,14,5,12,1.5983379232040894e-05
753,14,12,5,1.598337923204089e-05
754,10,8,1,1.5983379232040823e-05
755,10,1,8,1.5983379232040816e-05
756,2,9,0,1.598337923204081e-05
757,2,0,9,1.598337923204081e-05
758,0,2,11,1.5983379232040776e-05
759,0,11,2,1.5983379232040776e-05
760,12,14,7,1.598337923204077e-05
761,12,7,14,1.598337923204077e-05
762,4,15,6,1.5983379232040735e-05
763,4,6,15,1.5983379232040735e-05
764,6,13,4,1.5983379232040698e-05
765,6,4,13,1.5983379232040698e-05
766,8,3,10,1.5983379232040694e-05
767,8,10,3,1.598337923204069e-05
768,6,2,11,1.415394858126169e-05
769,6,11,2,1.415394858126169e-05
770,4,9,0,1.4153948581261633e-05
771,4,0,9,1.4153948581261633e-05
772,8,5,12,1.4153948581261566e-05
773,8,12,5,1.4153948581261566e-05
774,2,15,6,1.4153948581261562e-05
775,0,13,4,1.415394858126156e-05
776,2,6,15,1.415394858126156e-05
777,0,4,13,1.415394858126156e-05
778,12,8,1,1.4153948581261488e-05
779,12,1,8,1.4153948581261484e-05
780,10,7,14,1.415394858126146e-05
781,10,14,7,1.415394858126146e-05
782,14,3,10,1.415394858126144e-05
783,14,10,3,1.4153948581261437e-05
784,8,1,10,1.3921430563095476e-05
785,8,10,1,1.3921430563095474e-05
786,0,9,2,1.3921430563095398e-05
787,0,2,9,1.3921430563095393e-05
788,12,14,5,1.392143056309538e-05
789,12,5,14,1.392143056309538e-05
790,4,6,13,1.3921430563095313e-05
791,4,13,6,1.3921430563095312e-05
792,10,8,3,1.392143056309527e-05
793,10,3,8,1.392143056309527e-05
794,14,12,7,1.3921430563095261e-05
795,14,7,12,1.3921430563095256e-05
796,6,15,4,1.3921430563095252e-05
797,6,4,15,1.392143056309525e-05
798,2,11,0,1.3921430563095225e-05
799,2,0,11,1.392143056309522e-05
800,4,7,0,1.3244648617910223e-05
801,4,0,7,1.324464861791022e-05
802,0,4,3,1.3244648617910196e-05
803,0,3,4,1.3244648617910194e-05
804,2,6,1,1.3244648617910184e-05
805,6,5,2,1.3244648617910179e-05
806,6,2,5,1.3244648617910179e-05
807,2,1,6,1.3244648617910177e-05
808,12,8,15,1.3244648617910145e-05
809,12,15,8,1.3244648617910138e-05
810,10,14,9,1.3244648617910133e-05
811,10,9,14,1.3244648617910128e-05
812,8,11,12,1.3244648617910077e-05
813,8,12,11,1.3244648617910076e-05
814,14,13,10,1.3244648617910067e-05
815,14,10,13,1.3244648617910066e-05
816,7,13,14,1.2212251004818517e-05
817,7,14,13,1.221225100481848e-05
818,15,6,5,1.2212251004817115e-05
819,15,5,6,1.2212251004817077e-05
820,5,12,15,1.22122510048168e-05
821,5,15,12,1.2212251004816769e-05
822,13,7,4,1.2212251004815668e-05
823,13,4,7,1.2212251004815664e-05
824,3,9,10,1.2212251004815546e-05
825,3,10,9,1.2212251004815509e-05
826,1,11,8,1.221225100481537e-05
827,1,8,11,1.2212251004815346e-05
828,11,2,1,1.2212251004812612e-05
829,11,1,2,1.2212251004812588e-05
830,9,3,0,1.221225100481248e-05
831,9,0,3,1.221225100481248e-05
832,0,8,13,1.206981095269045e-05
833,0,13,8,1.2069810952690446e-05
834,8,0,5,1.20698109526904e-05
835,8,5,0,1.2069810952690399e-05
836,4,9,12,1.2069810952690343e-05
837,4,12,9,1.2069810952690343e-05
838,6,14,11,1.2069810952690307e-05
839,6,11,14,1.2069810952690304e-05
840,2,15,10,1.2069810952690277e-05
841,2,10,15,1.2069810952690273e-05
842,10,7,2,1.2069810952690236e-05
843,10,2,7,1.2069810952690233e-05
844,14,3,6,1.206981095269022e-05
845,14,6,3,1.206981095269022e-05
846,12,1,4,1.2069810952690195e-05
847,12,4,1,1.2069810952690195e-05
848,4,12,7,9.103275176016817e-06
849,8,11,0,9.103275176016814e-06
850,4,7,12,9.103275176016814e-06
851,0,3,8,9.103275176016812e-06
852,8,0,11,9.103275176016812e-06
853,0,8,3,9.103275176016809e-06
854,12,4,15,9.103275176016805e-06
855,12,15,4,9.103275176016802e-06
856,14,13,6,9.103275176016799e-06
857,14,6,13,9.103275176016797e-06
858,6,5,14,9.103275176016778e-06
859,6,14,5,9.103275176016777e-06
860,10,2,9,9.10327517601673e-06
861,10,9,2,9.103275176016726e-06
862,2,10,1,9.103275176016712e-06
863,2,1,10,9.103275176016712e-06
864,9,15,12,7.894020293966939e-06
865,9,12,15,7.894020293966939e-06
866,1,4,7,7.894020293966715e-06
867,1,7,4,7.894020293966708e-06
868,7,1,2,7.894020293966417e-06
869,7,2,1,7.894020293966417e-06
870,3,5,6,7.894020293966234e-06
871,3,6,5,7.89402029396622e-06
872,11,14,13,7.894020293966138e-06
873,11,13,14,7.894020293966102e-06
874,15,9,10,7.894020293966e-06
875,15,10,9,7.894020293965978e-06
876,13,11,8,7.894020293965743e-06
877,13,8,11,7.894020293965721e-06
878,5,0,3,7.894020293965324e-06
879,5,3,0,7.894020293965313e-06
880,14,9,3,7.738322178919386e-06
881,14,3,9,7.738322178919385e-06
882,10,13,7,7.738322178919325e-06
883,10,7,13,7.738322178919324e-06
884,6,1,11,7.738322178919246e-06
885,6,11,1,7.738322178919244e-06
886,2,5,15,7.738322178919125e-06
887,2,15,5,7.738322178919124e-06
888,8,5,15,7.738322178919103e-06
889,8,15,5,7.738322178919102e-06
890,12,1,11,7.738322178919068e-06
891,12,11,1,7.738322178919064e-06
892,0,13,7,7.73832217891884e-06
893,0,7,13,7.738322178918837e-06
894,4,9,3,7.738322178918683e-06
895,4,3,9,7.738322178918682e-06
896,10,14,3,6.700022859863937e-06
897,10,3,14,6.700022859863936e-06
898,2,6,11,6.700022859863928e-06
899,2,11,6,6.700022859863927e-06
900,0,9,4,6.700022859863847e-06
901,0,4,9,6.700022859863845e-06
902,8,12,1,6.700022859863828e-06
903,8,1,12,6.700022859863826e-06
904,14,10,7,6.700022859863806e-06
905,14,7,10,6.700022859863804e-06
906,6,2,15,6.700022859863774e-06
907,6,15,2,6.700022859863772e-06
908,12,5,8,6.7000228598637435e-06
909,12,8,5,6.700022859863743e-06
910,4,13,0,6.700022859863684e-06
911,4,0,13,6.700022859863682e-06
912,8,0,13,6.072814518934949e-06
913,8,13,0,6.072814518934947e-06
914,0,5,8,6.072814518934882e-06
915,0,8,5,6.07281451893488e-06
916,10,15,2,6.072814518934871e-06
917,10,2,15,6.072814518934871e-06
918,2,10,7,6.072814518934869e-06
919,2,7,10,6.072814518934867e-06
920,12,4,9,6.072814518934793e-06
921,12,9,4,6.072814518934789e-06
922,6,14,3,6.072814518934757e-06
923,6,3,14,6.072814518934756e-06
924,14,6,11,6.072814518934709e-06
925,14,11,6,6.072814518934708e-06
926,4,1,12,6.072814518934666e-06
927,4,12,1,6.072814518934661e-06
928,11,10,12,5.3457956823422936e-06
929,11,12,10,5.3457956823422936e-06
930,9,14,8,5.3457956823422775e-06
931,9,8,14,5.345795682342277e-06
932,7,0,6,5.345795682342239e-06
933,7,6,0,5.3457956823422385e-06
934,5,2,4,5.345795682342211e-06
935,5,4,2,5.3457956823422106e-06
936,1,0,6,5.345795682342198e-06
937,1,6,0,5.345795682342197e-06
938,3,4,2,5.345795682342142e-06
939,13,12,10,5.345795682342142e-06
940,13,10,12,5.345795682342141e-06
941,3,2,4,5.34579568234214e-06
942,15,8,14,5.345795682342106e-06
943,15,14,8,5.3457956823421055e-06
944,5,10,3,5.171924224489741e-06
945,5,3,10,5.1719242244897385e-06
946,11,13,4,5.171924224489734e-06
947,11,4,13,5.171924224489731e-06
948,15,9,0,5.1719242244897275e-06
949,7,1,8,5.1719242244897275e-06
950,15,0,9,5.171924224489727e-06
951,7,8,1,5.171924224489726e-06
952,13,2,11,5.171924224489717e-06
953,9,6,15,5.171924224489716e-06
954,9,15,6,5.171924224489714e-06
955,13,11,2,5.171924224489712e-06
956,3,12,5,5.171924224489706e-06
957,3,5,12,5.171924224489705e-06
958,1,7,14,5.171924224489695e-06
959,1,14,7,5.171924224489691e-06
960,13,9,12,4.570653165776613e-06
961,13,12,9,4.570653165776612e-06
962,9,8,13,4.57065316577661e-06
963,9,13,8,4.570653165776609e-06
964,7,6,3,4.570653165776601e-06
965,7,3,6,4.570653165776601e-06
966,1,5,0,4.5706531657765975e-06
967,1,0,5,4.5706531657765975e-06
968,5,4,1,4.570653165776581e-06
969,5,1,4,4.570653165776581e-06
970,15,14,11,4.5706531657765526e-06
971,15,11,14,4.570653165776552e-06
972,3,7,2,4.5706531657765195e-06
973,3,2,7,4.570653165776519e-06
974,11,10,15,4.570653165776499e-06
975,11,15,10,4.570653165776499e-06
976,1,0,3,4.381801614509705e-06
977,1,3,0,4.381801614509703e-06
978,9,8,11,4.381801614509702e-06
979,9,11,8,4.3818016145097015e-06
980,13,15,12,4.381801614509688e-06
981,13,12,15,4.381801614509687e-06
982,7,6,5,4.381801614509678e-06
983,7,5,6,4.381801614509677e-06
984,5,7,4,4.381801614509674e-06
985,5,4,7,4.381801614509674e-06
986,3,1,2,4.381801614509669e-06
987,3,2,1,4.381801614509669e-06
988,15,14,13,4.381801614509663e-06
989,15,13,14,4.3818016145096625e-06
990,11,9,10,4.3818016145096574e-06
991,11,10,9,4.381801614509656e-06
992,11,4,7,3.914303885584682e-06
993,11,7,4,3.914303885584681e-06
994,15,0,3,3.91430388558467e-06
995,15,3,0,3.914303885584669e-06
996,1,13,14,3.9143038855846666e-06
997,1,14,13,3.9143038855846666e-06
998,3,15,12,3.9143038855846666e-06
999,3,12,15,3.9143038855846615e-06
1000,13,2,1,3.914303885584661e-06
1001,9,6,5,3.91430388558466e-06
1002,9,5,6,3.914303885584659e-06
1003,13,1,2,3.914303885584658e-06
1004,5,9,10,3.914303885584634e-06
1005,5,10,9,3.914303885584634e-06
1006,7,11,8,3.914303885584625e-06
1007,7,8,11,3.9143038855846225e-06
1008,15,13,1,3.894294920696797e-06
1009,15,1,13,3.894294920696796e-06
1010,13,3,15,3.894294920696787e-06
1011,13,15,3,3.894294920696786e-06
1012,9,11,7,3.894294920696783e-06
1013,9,7,11,3.894294920696783e-06
1014,11,5,9,3.894294920696782e-06
1015,11,9,5,3.8942949206967815e-06
1016,7,5,9,3.894294920696763e-06
1017,7,9,5,3.894294920696761e-06
1018,3,13,1,3.894294920696742e-06
1019,3,1,13,3.89429492069674e-06
1020,1,15,3,3.894294920696738e-06
1021,1,3,15,3.8942949206967375e-06
1022,5,11,7,3.894294920696729e-06
1023,5,7,11,3.894294920696729e-06
1024,14,0,12,3.522301116629349e-06
1025,14,12,0,3.522301116629348e-06
1026,4,10,6,3.522301116629347e-06
1027,4,6,10,3.522301116629347e-06
1028,6,4,8,3.5223011166293298e-06
1029,6,8,4,3.522301116629328e-06
1030,12,14,2,3.522301116629324e-06
1031,12,2,14,3.522301116629323e-06
1032,0,14,2,3.5223011166292912e-06
1033,0,2,14,3.522301116629291e-06
1034,8,10,6,3.52230111662928e-06
1035,8,6,10,3.522301116629278e-06
1036,2,0,12,3.522301116629219e-06
1037,2,12,0,3.5223011166292175e-06
1038,10,8,4,3.522301116629206e-06
1039,10,4,8,3.5223011166292057e-06
1040,9,8,1,3.3841152364146905e-06
1041,9,1,8,3.38411523641469e-06
1042,11,10,3,3.3841152364146787e-06
1043,11,3,10,3.3841152364146782e-06
1044,5,13,4,3.38411523641467e-06
1045,5,4,13,3.3841152364146693e-06
1046,1,0,9,3.384115236414662e-06
1047,1,9,0,3.384115236414661e-06
1048,15,7,14,3.384115236414642e-06
1049,15,14,7,3.3841152364146414e-06
1050,13,12,5,3.3841152364146376e-06
1051,13,5,12,3.384115236414637e-06
1052,7,6,15,3.384115236414625e-06
1053,7,15,6,3.3841152364146245e-06
1054,3,11,2,3.3841152364146096e-06
1055,3,2,11,3.3841152364146096e-06
1056,13,5,3,3.2475589916215803e-06
1057,13,3,5,3.24755899162158e-06
1058,7,15,9,3.247558991621557e-06
1059,7,9,15,3.247558991621556e-06
1060,9,1,7,3.2475589916215537e-06
1061,9,7,1,3.247558991621553e-06
1062,1,15,9,3.2475589916215435e-06
1063,1,9,15,3.247558991621543e-06
1064,5,11,13,3.2475589916215376e-06
1065,5,13,11,3.247558991621537e-06
1066,15,1,7,3.247558991621526e-06
1067,3,11,13,3.2475589916215257e-06
1068,3,13,11,3.2475589916215257e-06
1069,15,7,1,3.2475589916215257e-06
1070,11,3,5,3.2475589916215134e-06
1071,11,5,3,3.2475589916215134e-06
1072,7,11,13,2.4600130228972867e-06
1073,7,13,11,2.4600130228972863e-06
1074,5,15,9,2.4600130228972783e-06
1075,5,9,15,2.4600130228972783e-06
1076,3,15,9,2.4600130228972774e-06
1077,3,9,15,2.460013022897277e-06
1078,1,11,13,2.460013022897275e-06
1079,1,13,11,2.460013022897274e-06
1080,13,1,7,2.4600130228972584e-06
1081,13,7,1,2.460013022897258e-06
1082,15,5,3,2.460013022897252e-06
1083,15,3,5,2.4600130228972516e-06
1084,11,7,1,2.460013022897242e-06
1085,11,1,7,2.4600130228972414e-06
1086,9,5,3,2.460013022897224e-06
1087,9,3,5,2.4600130228972236e-06
1088,9,5,15,2.3927505344643605e-06
1089,9,15,5,2.3927505344643605e-06
1090,1,7,13,2.3927505344643584e-06
1091,1,13,7,2.3927505344643576e-06
1092,11,13,7,2.3927505344643576e-06
1093,11,7,13,2.3927505344643567e-06
1094,3,5,15,2.3927505344643533e-06
1095,3,15,5,2.3927505344643533e-06
1096,13,1,11,2.3927505344643406e-06
1097,13,11,1,2.3927505344643398e-06
1098,15,3,9,2.3927505344643313e-06
1099,15,9,3,2.392750534464331e-06
1100,7,11,1,2.39275053446433e-06
1101,7,1,11,2.39275053446433e-06
1102,5,9,3,2.392750534464326e-06
1103,5,3,9,2.3927505344643254e-06
1104,0,15,9,2.222547117892611e-06
1105,0,9,15,2.222547117892611e-06
1106,2,11,13,2.222547117892599e-06
1107,2,13,11,2.2225471178925987e-06
1108,10,3,5,2.2225471178925928e-06
1109,10,5,3,2.2225471178925928e-06
1110,6,9,15,2.2225471178925928e-06
1111,6,15,9,2.2225471178925923e-06
1112,14,7,1,2.222547117892585e-06
1113,14,1,7,2.222547117892584e-06
1114,4,13,11,2.2225471178925762e-06
1115,4,11,13,2.2225471178925762e-06
1116,12,5,3,2.222547117892572e-06
1117,12,3,5,2.222547117892572e-06
1118,8,1,7,2.222547117892565e-06
1119,8,7,1,2.2225471178925644e-06
1120,6,7,10,2.0597175742839347e-06
1121,6,10,7,2.0597175742839343e-06
1122,12,0,13,2.0597175742839334e-06
1123,12,13,0,2.0597175742839334e-06
1124,4,5,8,2.0597175742839313e-06
1125,4,8,5,2.0597175742839313e-06
1126,14,2,15,2.059717574283922e-06
1127,14,15,2,2.0597175742839216e-06
1128,10,6,11,2.059717574283915e-06
1129,10,11,6,2.059717574283915e-06
1130,2,3,14,2.0597175742839076e-06
1131,2,14,3,2.0597175742839076e-06
1132,0,1,12,2.0597175742839063e-06
1133,0,12,1,2.059717574283906e-06
1134,8,4,9,2.059717574283902e-06
1135,8,9,4,2.059717574283902e-06
1136,6,2,7,2.042233529834945e-06
1137,6,7,2,2.0422335298349446e-06
1138,4,5,0,2.0422335298349425e-06
1139,4,0,5,2.042233529834942e-06
1140,0,1,4,2.042233529834933e-06
1141,0,4,1,2.042233529834933e-06
1142,8,12,9,2.0422335298349315e-06
1143,8,9,12,2.0422335298349315e-06
1144,12,13,8,2.042233529834921e-06
1145,12,8,13,2.042233529834921e-06
1146,10,14,11,2.042233529834919e-06
1147,10,11,14,2.042233529834919e-06
1148,14,15,10,2.0422335298349183e-06
1149,14,10,15,2.042233529834918e-06
1150,2,6,3,2.0422335298349124e-06
1151,2,3,6,2.0422335298349124e-06
1152,10,5,15,2.001252093315417e-06
1153,10,15,5,2.001252093315416e-06
1154,0,5,15,2.0012520933154134e-06
1155,0,15,5,2.0012520933154126e-06
1156,8,13,7,2.001252093315406e-06
1157,8,7,13,2.0012520933154054e-06
1158,2,7,13,2.001252093315396e-06
1159,2,13,7,2.0012520933153957e-06
1160,12,9,3,2.001252093315366e-06
1161,12,3,9,2.0012520933153656e-06
1162,4,11,1,2.0012520933153635e-06
1163,6,3,9,2.001252093315363e-06
1164,6,9,3,2.0012520933153626e-06
1165,4,1,11,2.001252093315362e-06
1166,14,1,11,2.0012520933153516e-06
1167,14,11,1,2.0012520933153516e-06
1168,13,5,10,1.9818011823367757e-06
1169,13,10,5,1.981801182336775e-06
1170,5,13,2,1.9818011823366296e-06
1171,5,2,13,1.981801182336629e-06
1172,9,14,1,1.981801182336558e-06
1173,9,1,14,1.981801182336556e-06
1174,7,0,15,1.981801182336535e-06
1175,7,15,0,1.981801182336533e-06
1176,15,8,7,1.981801182336436e-06
1177,15,7,8,1.9818011823364356e-06
1178,1,9,6,1.9818011823364217e-06
1179,1,6,9,1.98180118233642e-06
1180,11,12,3,1.9818011823363336e-06
1181,11,3,12,1.9818011823363323e-06
1182,3,4,11,1.981801182336299e-06
1183,3,11,4,1.9818011823362967e-06
1184,10,2,11,1.959863584700102e-06
1185,10,11,2,1.9598635847001016e-06
1186,0,8,1,1.9598635847001004e-06
1187,0,1,8,1.9598635847001004e-06
1188,8,9,0,1.9598635847000987e-06
1189,8,0,9,1.9598635847000987e-06
1190,4,12,5,1.9598635847000864e-06
1191,4,5,12,1.9598635847000864e-06
1192,6,14,7,1.959863584700083e-06
1193,6,7,14,1.959863584700083e-06
1194,14,6,15,1.959863584700073e-06
1195,14,15,6,1.9598635847000724e-06
1196,12,4,13,1.9598635847000724e-06
1197,12,13,4,1.959863584700072e-06
1198,2,10,3,1.959863584700069e-06
1199,2,3,10,1.959863584700069e-06
1200,6,7,4,1.8469879737838711e-06
1201,6,4,7,1.8469879737838707e-06
1202,4,5,6,1.8469879737838648e-06
1203,4,6,5,1.8469879737838646e-06
1204,2,0,3,1.8469879737838627e-06
1205,2,3,0,1.8469879737838622e-06
1206,12,13,14,1.8469879737838544e-06
1207,12,14,13,1.8469879737838542e-06
1208,8,10,9,1.846987973783853e-06
1209,8,9,10,1.846987973783853e-06
1210,0,2,1,1.8469879737838497e-06
1211,0,1,2,1.8469879737838495e-06
1212,14,15,12,1.8469879737838491e-06
1213,14,12,15,1.846987973783849e-06
1214,10,11,8,1.8469879737838307e-06
1215,10,8,11,1.8469879737838307e-06
1216,11,13,1,1.7988193405963295e-06
1217,11,1,13,1.7988193405963293e-06
1218,15,9,5,1.7988193405963227e-06
1219,15,5,9,1.7988193405963223e-06
1220,13,11,7,1.7988193405963204e-06
1221,13,7,11,1.7988193405963204e-06
1222,9,3,15,1.7988193405963039e-06
1223,9,15,3,1.7988193405963035e-06
1224,7,1,13,1.7988193405962848e-06
1225,7,13,1,1.7988193405962848e-06
1226,3,9,5,1.798819340596279e-06
1227,3,5,9,1.7988193405962787e-06
1228,5,3,15,1.7988193405962685e-06
1229,5,15,3,1.7988193405962679e-06
1230,1,7,11,1.7988193405962497e-06
1231,1,11,7,1.7988193405962495e-06
1232,6,0,7,1.3860458881084555e-06
1233,6,7,0,1.3860458881084553e-06
1234,14,8,15,1.3860458881084513e-06
1235,14,15,8,1.386045888108451e-06
1236,2,4,3,1.3860458881084477e-06
1237,2,3,4,1.3860458881084473e-06
1238,12,13,10,1.386045888108444e-06
1239,12,10,13,1.3860458881084437e-06
1240,4,2,5,1.3860458881084405e-06
1241,4,5,2,1.3860458881084403e-06
1242,8,14,9,1.3860458881084399e-06
1243,8,9,14,1.3860458881084397e-06
1244,10,11,12,1.386045888108437e-06
1245,10,12,11,1.3860458881084367e-06
1246,0,6,1,1.386045888108436e-06
1247,0,1,6,1.3860458881084354e-06
1248,0,1,10,1.363056965858335e-06
1249,0,10,1,1.3630569658583347e-06
1250,2,3,8,1.3630569658583264e-06
1251,2,8,3,1.3630569658583262e-06
1252,6,12,7,1.3630569658583114e-06
1253,6,7,12,1.3630569658583112e-06
1254,4,5,14,1.3630569658583044e-06
1255,4,14,5,1.3630569658583042e-06
1256,14,4,15,1.3630569658582949e-06
1257,14,15,4,1.3630569658582944e-06
1258,12,13,6,1.3630569658582913e-06
1259,12,6,13,1.363056965858291e-06
1260,10,0,11,1.36305696585827e-06
1261,10,11,0,1.36305696585827e-06
1262,8,9,2,1.3630569658582692e-06
1263,8,2,9,1.363056965858269e-06
1264,2,10,6,1.2317049682450346e-06
1265,2,6,10,1.2317049682450346e-06
1266,8,12,0,1.2317049682450335e-06
1267,8,0,12,1.2317049682450333e-06
1268,10,2,14,1.2317049682450325e-06
1269,10,14,2,1.2317049682450325e-06
1270,4,0,12,1.2317049682450295e-06
1271,4,12,0,1.2317049682450295e-06
1272,6,14,2,1.2317049682450278e-06
1273,6,2,14,1.2317049682450278e-06
1274,0,4,8,1.231704968245025e-06
1275,0,8,4,1.2317049682450248e-06
1276,12,8,4,1.231704968245024e-06
1277,12,4,8,1.231704968245024e-06
1278,14,6,10,1.2317049682450223e-06
1279,14,10,6,1.2317049682450223e-06
1280,12,8,3,1.1473238450393502e-06
1281,12,3,8,1.14732384503935e-06
1282,14,1,10,1.1473238450393455e-06
1283,14,10,1,1.1473238450393455e-06
1284,6,2,9,1.1473238450393436e-06
1285,6,9,2,1.1473238450393436e-06
1286,8,7,12,1.1473238450393358e-06
1287,8,12,7,1.1473238450393356e-06
1288,10,14,5,1.147323845039329e-06
1289,10,5,14,1.147323845039329e-06
1290,2,6,13,1.1473238450393286e-06
1291,2,13,6,1.1473238450393286e-06
1292,4,11,0,1.1473238450393277e-06
1293,4,0,11,1.1473238450393277e-06
1294,0,4,15,1.1473238450393146e-06
1295,0,15,4,1.1473238450393146e-06
1296,10,1,11,1.0410911124481084e-06
1297,10,11,1,1.0410911124481082e-06
1298,2,3,9,1.041091112448099e-06
1299,2,9,3,1.0410911124480989e-06
1300,8,3,9,1.0410911124480898e-06
1301,8,9,3,1.0410911124480893e-06
1302,14,15,5,1.041091112448077e-06
1303,14,5,15,1.0410911124480764e-06
1304,0,11,1,1.0410911124480735e-06
1305,0,1,11,1.0410911124480733e-06
1306,6,7,13,1.0410911124480686e-06
1307,6,13,7,1.0410911124480684e-06
1308,12,13,7,1.0410911124480629e-06
1309,12,7,13,1.0410911124480625e-06
1310,4,5,15,1.0410911124480483e-06
1311,4,15,5,1.0410911124480478e-06
1312,12,3,14,8.637865681875941e-07
1313,12,14,3,8.63786568187594e-07
1314,4,6,11,8.63786568187587e-07
1315,4,11,6,8.637865681875865e-07
1316,6,9,4,8.63786568187585e-07
1317,6,4,9,8.637865681875846e-07
1318,2,13,0,8.637865681875823e-07
1319,2,0,13,8.637865681875821e-07
1320,10,5,8,8.63786568187582e-07
1321,10,8,5,8.637865681875818e-07
1322,8,10,7,8.63786568187576e-07
1323,8,7,10,8.637865681875757e-07
1324,0,2,15,8.637865681875753e-07
1325,0,15,2,8.637865681875751e-07
1326,14,12,1,8.637865681875732e-07
1327,14,1,12,8.637865681875729e-07
1328,4,5,3,8.55534659750273e-07
1329,4,3,5,8.555346597502727e-07
1330,14,15,9,8.555346597502718e-07
1331,14,9,15,8.555346597502717e-07
1332,6,7,1,8.555346597502699e-07
1333,6,1,7,8.555346597502699e-07
1334,2,3,5,8.555346597502664e-07
1335,2,5,3,8.555346597502664e-07
1336,12,11,13,8.555346597502646e-07
1337,12,13,11,8.555346597502645e-07
1338,0,1,7,8.55534659750234e-07
1339,0,7,1,8.555346597502339e-07
1340,10,11,13,8.555346597502306e-07
1341,10,13,11,8.555346597502303e-07
1342,8,15,9,8.555346597502105e-07
1343,8,9,15,8.555346597502103e-07
1344,14,1,13,8.470998913897919e-07
1345,14,13,1,8.470998913897918e-07
1346,12,15,3,8.470998913897738e-07
1347,12,3,15,8.470998913897735e-07
1348,2,1,13,8.470998913897727e-07
1349,2,13,1,8.470998913897716e-07
1350,6,9,5,8.470998913897665e-07
1351,6,5,9,8.470998913897663e-07
1352,10,5,9,8.470998913897586e-07
1353,10,9,5,8.470998913897584e-07
1354,4,11,7,8.470998913897478e-07
1355,4,7,11,8.470998913897476e-07
1356,0,3,15,8.470998913897434e-07
1357,0,15,3,8.470998913897428e-07
1358,8,11,7,8.470998913897387e-07
1359,8,7,11,8.470998913897387e-07
1360,15,7,0,8.111968318229823e-07
1361,15,0,7,8.111968318229819e-07
1362,7,15,8,8.111968318229806e-07
1363,7,8,15,8.111968318229806e-07
1364,5,10,13,8.111968318229685e-07
1365,5,13,10,8.111968318229683e-07
1366,13,2,5,8.111968318229592e-07
1367,13,5,2,8.11196831822959e-07
1368,1,9,14,8.111968318229488e-07
1369,1,14,9,8.111968318229484e-07
1370,11,3,4,8.111968318229383e-07
1371,3,11,12,8.111968318229378e-07
1372,11,4,3,8.111968318229374e-07
1373,3,12,11,8.111968318229374e-07
1374,9,6,1,8.111968318229277e-07
1375,9,1,6,8.111968318229277e-07
1376,12,3,4,7.716317426680034e-07
1377,12,4,3,7.716317426680033e-07
1378,14,6,1,7.716317426679997e-07
1379,14,1,6,7.716317426679997e-07
1380,8,0,7,7.71631742667998e-07
1381,8,7,0,7.716317426679979e-07
1382,4,11,12,7.716317426679909e-07
1383,10,2,5,7.716317426679906e-07
1384,4,12,11,7.716317426679906e-07
1385,10,5,2,7.716317426679904e-07
1386,0,15,8,7.716317426679871e-07
1387,0,8,15,7.71631742667987e-07
1388,6,14,9,7.716317426679835e-07
1389,6,9,14,7.716317426679834e-07
1390,2,13,10,7.7163174266798e-07
1391,2,10,13,7.716317426679798e-07
1392,14,6,12,7.583454417321198e-07
1393,14,12,6,7.583454417321197e-07
1394,12,4,14,7.583454417321139e-07
1395,12,14,4,7.583454417321139e-07
1396,10,8,2,7.58345441732112e-07
1397,10,2,8,7.58345441732112e-07
1398,8,10,0,7.583454417321117e-07
1399,8,0,10,7.583454417321117e-07
1400,0,8,2,7.583454417321079e-07
1401,0,2,8,7.583454417321075e-07
1402,6,14,4,7.583454417321054e-07
1403,6,4,14,7.583454417321052e-07
1404,4,6,12,7.583454417321001e-07
1405,4,12,6,7.583454417321001e-07
1406,2,10,0,7.58345441732095e-07
1407,2,0,10,7.583454417320949e-07
1408,10,7,11,5.228066964119041e-07
1409,10,11,7,5.228066964119039e-07
1410,14,15,3,5.228066964119037e-07
1411,14,3,15,5.228066964119035e-07
1412,6,11,7,5.228066964118931e-07
1413,6,7,11,5.22806696411893e-07
1414,8,5,9,5.228066964118876e-07
1415,8,9,5,5.228066964118874e-07
1416,0,13,1,5.228066964118846e-07
1417,0,1,13,5.228066964118845e-07
1418,4,9,5,5.228066964118832e-07
1419,4,5,9,5.22806696411883e-07
1420,12,13,1,5.228066964118783e-07
1421,12,1,13,5.228066964118782e-07
1422,2,3,15,5.228066964118694e-07
1423,2,15,3,5.228066964118693e-07
1424,9,13,1,5.104429615673699e-07
1425,9,1,13,5.104429615673697e-07
1426,7,15,3,5.104429615673673e-07
1427,7,3,15,5.104429615673672e-07
1428,11,3,15,5.10442961567366e-07
1429,11,15,3,5.104429615673659e-07
1430,5,1,13,5.104429615673637e-07
1431,5,13,1,5.104429615673637e-07
1432,15,7,11,5.104429615673624e-07
1433,15,11,7,5.104429615673623e-07
1434,13,5,9,5.104429615673597e-07
1435,13,9,5,5.104429615673595e-07
1436,3,11,7,5.104429615673587e-07
1437,3,7,11,5.104429615673584e-07
1438,1,9,5,5.10442961567352e-07
1439,1,5,9,5.104429615673519e-07
1440,0,2,4,4.809862743727181e-07
1441,0,4,2,4.80986274372718e-07
1442,8,10,12,4.80986274372718e-07
1443,8,12,10,4.80986274372718e-07
1444,10,8,14,4.809862743727156e-07
1445,10,14,8,4.809862743727155e-07
1446,14,12,10,4.809862743727091e-07
1447,14,10,12,4.80986274372709e-07
1448,2,6,0,4.809862743727058e-07
1449,2,0,6,4.809862743727056e-07
1450,12,8,14,4.809862743727042e-07
1451,12,14,8,4.809862743727041e-07
1452,6,4,2,4.809862743727021e-07
1453,6,2,4,4.80986274372702e-07
1454,4,6,0,4.809862743726977e-07
1455,4,0,6,4.809862743726976e-07
1456,4,2,6,4.5803887013455555e-07
1457,4,6,2,4.580388701345555e-07
1458,14,8,12,4.5803887013454236e-07
1459,14,12,8,4.5803887013454226e-07
1460,6,4,0,4.580388701345397e-07
1461,6,0,4,4.5803887013453966e-07
1462,2,4,0,4.5803887013453913e-07
1463,2,0,4,4.5803887013453887e-07
1464,10,8,12,4.5803887013453416e-07
1465,10,12,8,4.5803887013453384e-07
1466,12,14,10,4.5803887013453273e-07
1467,12,10,14,4.5803887013453225e-07
1468,0,2,6,4.580388701345283e-07
1469,0,6,2,4.580388701345282e-07
1470,8,14,10,4.5803887013451124e-07
1471,8,10,14,4.5803887013451113e-07
1472,5,7,1,4.0469812271561e-07
1473,5,1,7,4.0469812271561e-07
1474,1,5,3,4.046981227156039e-07
1475,1,3,5,4.0469812271560386e-07
1476,9,11,13,4.046981227155998e-07
1477,9,13,11,4.046981227155997e-07
1478,13,15,9,4.0469812271559745e-07
1479,13,9,15,4.0469812271559745e-07
1480,3,7,1,4.046981227155951e-07
1481,3,1,7,4.0469812271559507e-07
1482,11,15,9,4.046981227155947e-07
1483,11,9,15,4.046981227155946e-07
1484,7,3,5,4.0469812271559226e-07
1485,7,5,3,4.0469812271559216e-07
1486,15,11,13,4.046981227155875e-07
1487,15,13,11,4.0469812271558744e-07
1488,15,5,0,3.8587140841637474e-07
1489,15,0,5,3.8587140841637474e-07
1490,11,4,1,3.8587140841636627e-07
1491,11,1,4,3.858714084163646e-07
1492,9,6,3,3.858714084163485e-07
1493,9,3,6,3.8587140841634594e-07
1494,13,7,2,3.8587140841633493e-07
1495,13,2,7,3.858714084163324e-07
1496,5,15,10,3.8587140841621296e-07
1497,5,10,15,3.858714084162104e-07
1498,1,11,14,3.85871408416196e-07
1499,7,13,8,3.8587140841619517e-07
1500,1,14,11,3.858714084161943e-07
1501,7,8,13,3.858714084161943e-07
1502,3,12,9,3.858714084161799e-07
1503,3,9,12,3.858714084161799e-07
1504,2,0,8,3.632014139084957e-07
1505,2,8,0,3.6320141390849547e-07
1506,6,4,12,3.632014139084938e-07
1507,6,12,4,3.6320141390849335e-07
1508,8,2,10,3.6320141390848615e-07
1509,8,10,2,3.6320141390848594e-07
1510,14,4,12,3.6320141390848594e-07
1511,14,12,4,3.6320141390848584e-07
1512,12,6,14,3.632014139084834e-07
1513,12,14,6,3.632014139084834e-07
1514,0,10,2,3.6320141390847557e-07
1515,0,2,10,3.6320141390847546e-07
1516,4,6,14,3.632014139084748e-07
1517,4,14,6,3.632014139084745e-07
1518,10,0,8,3.632014139084705e-07
1519,10,8,0,3.6320141390847017e-07
1520,9,11,1,3.175203050126179e-07
1521,9,1,11,3.175203050126179e-07
1522,1,3,9,3.1752030501261364e-07
1523,1,9,3,3.175203050126136e-07
1524,13,15,5,3.1752030501261253e-07
1525,13,5,15,3.175203050126124e-07
1526,5,7,13,3.1752030501261083e-07
1527,5,13,7,3.175203050126106e-07
1528,7,15,5,3.175203050126085e-07
1529,7,5,15,3.175203050126085e-07
1530,11,9,3,3.1752030501260845e-07
1531,11,3,9,3.175203050126084e-07
1532,3,11,1,3.17520305012606e-07
1533,3,1,11,3.1752030501260596e-07
1534,15,13,7,3.175203050126051e-07
1535,15,7,13,3.17520305012605e-07
1536,14,1,8,-1.7492669340148617e-07
1537,12,10,3,-1.7492669340148617e-07
1538,14,8,1,-1.749266934014868e-07
1539,12,3,10,-1.749266934014885e-07
1540,8,7,14,-1.7492669340149104e-07
1541,6,9,0,-1.7492669340149146e-07
1542,6,0,9,-1.7492669340149188e-07
1543,10,12,5,-1.749266934014923e-07
1544,10,5,12,-1.749266934014923e-07
1545,8,14,7,-1.7492669340149337e-07
1546,0,6,15,-1.7492669340150438e-07
1547,0,15,6,-1.7492669340150438e-07
1548,4,11,2,-1.7492669340151052e-07
1549,4,2,11,-1.7492669340151094e-07
1550,2,4,13,-1.7492669340151264e-07
1551,2,13,4,-1.7492669340151306e-07
1552,9,11,6,-3.334583196635422e-07
1553,9,6,11,-3.334583196635425e-07
1554,11,9,4,-3.3345831966354715e-07
1555,11,4,9,-3.334583196635478e-07
1556,13,15,2,-3.3345831966356525e-07
1557,13,2,15,-3.3345831966356557e-07
1558,15,13,0,-3.334583196635677e-07
1559,15,0,13,-3.334583196635682e-07
1560,1,3,14,-3.334583196635723e-07
1561,1,14,3,-3.3345831966357256e-07
1562,3,12,1,-3.3345831966357944e-07
1563,3,1,12,-3.3345831966357976e-07
1564,7,5,8,-3.334583196635863e-07
1565,7,8,5,-3.3345831966358643e-07
1566,5,10,7,-3.3345831966359575e-07
1567,5,7,10,-3.3345831966359575e-07
1568,11,10,13,-3.4403279136189277e-07
1569,11,13,10,-3.44032791361893e-07
1570,15,9,14,-3.4403279136189615e-07
1571,15,14,9,-3.4403279136189615e-07
1572,3,5,2,-3.440327913619169e-07
1573,3,2,5,-3.440327913619184e-07
1574,9,15,8,-3.4403279136192453e-07
1575,9,8,15,-3.4403279136192495e-07
1576,1,0,7,-3.4403279136193025e-07
1577,1,7,0,-3.4403279136193046e-07
1578,13,12,11,-3.440327913619311e-07
1579,13,11,12,-3.440327913619311e-07
1580,5,4,3,-3.440327913619345e-07
1581,5,3,4,-3.440327913619351e-07
1582,7,1,6,-3.44032791361951e-07
1583,7,6,1,-3.4403279136195206e-07
1584,7,10,6,-5.616421258834648e-07
1585,7,6,10,-5.616421258834656e-07
1586,5,8,4,-5.616421258834775e-07
1587,5,4,8,-5.616421258834783e-07
1588,1,0,12,-5.616421258835605e-07
1589,1,12,0,-5.616421258835622e-07
1590,13,0,12,-5.616421258836215e-07
1591,13,12,0,-5.616421258836215e-07
1592,11,10,6,-5.616421258836308e-07
1593,11,6,10,-5.616421258836316e-07
1594,15,14,2,-5.616421258837443e-07
1595,15,2,14,-5.616421258837451e-07
1596,3,2,14,-5.616421258837722e-07
1597,3,14,2,-5.616421258837731e-07
1598,9,4,8,-5.616421258837782e-07
1599,9,8,4,-5.61642125883779e-07
1600,3,2,15,-5.876992494957076e-07
1601,3,15,2,-5.876992494957093e-07
1602,1,0,13,-5.876992494957184e-07
1603,11,10,7,-5.876992494957187e-07
1604,1,13,0,-5.876992494957187e-07
1605,11,7,10,-5.876992494957191e-07
1606,9,8,5,-5.876992494957271e-07
1607,9,5,8,-5.876992494957271e-07
1608,5,4,9,-5.876992494957362e-07
1609,5,9,4,-5.876992494957381e-07
1610,7,6,11,-5.876992494957383e-07
1611,7,11,6,-5.87699249495739e-07
1612,15,14,3,-5.876992494957455e-07
1613,15,3,14,-5.876992494957464e-07
1614,13,12,1,-5.8769924949575e-07
1615,13,1,12,-5.876992494957504e-07
1616,12,6,7,-7.134735999193015e-07
1617,12,7,6,-7.134735999193019e-07
1618,8,3,2,-7.134735999193209e-07
1619,8,2,3,-7.13473599919322e-07
1620,0,10,11,-7.134735999193963e-07
1621,0,11,10,-7.13473599919397e-07
1622,4,15,14,-7.134735999194613e-07
1623,14,4,5,-7.134735999194613e-07
1624,14,5,4,-7.134735999194632e-07
1625,4,14,15,-7.134735999194638e-07
1626,2,9,8,-7.134735999195378e-07
1627,2,8,9,-7.134735999195379e-07
1628,6,13,12,-7.134735999195795e-07
1629,6,12,13,-7.134735999195798e-07
1630,10,1,0,-7.134735999195899e-07
1631,10,0,1,-7.134735999195907e-07
1632,1,11,0,-7.350604306815897e-07
1633,1,0,11,-7.350604306815903e-07
1634,7,6,13,-7.350604306815999e-07
1635,7,13,6,-7.350604306816002e-07
1636,3,9,2,-7.350604306816139e-07
1637,3,2,9,-7.350604306816142e-07
1638,5,15,4,-7.350604306816294e-07
1639,5,4,15,-7.350604306816307e-07
1640,11,10,1,-7.350604306816328e-07
1641,11,1,10,-7.350604306816328e-07
1642,15,14,5,-7.350604306816437e-07
1643,15,5,14,-7.350604306816442e-07
1644,13,12,7,-7.350604306816469e-07
1645,13,7,12,-7.35060430681647e-07
1646,9,8,3,-7.350604306816471e-07
1647,9,3,8,-7.350604306816485e-07
1648,15,1,11,-7.368547453428757e-07
1649,15,11,1,-7.368547453428763e-07
1650,11,5,15,-7.368547453428967e-07
1651,11,15,5,-7.368547453428969e-07
1652,7,9,3,-7.368547453429132e-07
1653,7,3,9,-7.368547453429134e-07
1654,3,7,13,-7.368547453429138e-07
1655,3,13,7,-7.368547453429142e-07
1656,1,5,15,-7.368547453429452e-07
1657,1,15,5,-7.368547453429456e-07
1658,5,11,1,-7.368547453429672e-07
1659,5,1,11,-7.368547453429672e-07
1660,9,13,7,-7.368547453430083e-07
1661,9,7,13,-7.368547453430083e-07
1662,13,3,9,-7.36854745343025e-07
1663,13,9,3,-7.368547453430252e-07
1664,1,13,9,-7.815287216035873e-07
1665,1,9,13,-7.815287216035874e-07
1666,3,11,15,-7.815287216035946e-07
1667,3,15,11,-7.815287216035946e-07
1668,9,1,5,-7.81528721603602e-07
1669,9,5,1,-7.81528721603602e-07
1670,5,9,13,-7.815287216036083e-07
1671,5,13,9,-7.815287216036083e-07
1672,13,1,5,-7.81528721603616e-07
1673,13,5,1,-7.815287216036161e-07
1674,7,11,15,-7.81528721603619e-07
1675,7,15,11,-7.815287216036193e-07
1676,11,7,3,-7.815287216036272e-07
1677,11,3,7,-7.815287216036276e-07
1678,15,3,7,-7.815287216036388e-07
1679,15,7,3,-7.815287216036388e-07
1680,3,5,1,-8.103231148536779e-07
1681,3,1,5,-8.103231148536784e-07
1682,11,9,13,-8.103231148536792e-07
1683,11,13,9,-8.103231148536796e-07
1684,1,3,7,-8.103231148536797e-07
1685,1,7,3,-8.103231148536797e-07
1686,9,11,15,-8.103231148536847e-07
1687,9,15,11,-8.103231148536851e-07
1688,15,9,13,-8.103231148536852e-07
1689,15,13,9,-8.103231148536858e-07
1690,7,1,5,-8.10323114853689e-07
1691,7,5,1,-8.10323114853689e-07
1692,13,15,11,-8.103231148536904e-07
1693,13,11,15,-8.103231148536904e-07
1694,5,3,7,-8.103231148536934e-07
1695,5,7,3,-8.103231148536935e-07
1696,6,14,1,-9.107515529244315e-07
1697,6,1,14,-9.107515529244319e-07
1698,14,6,9,-9.107515529244355e-07
1699,14,9,6,-9.107515529244358e-07
1700,4,12,3,-9.107515529244577e-07
1701,4,3,12,-9.107515529244583e-07
1702,0,8,7,-9.107515529244899e-07
1703,0,7,8,-9.107515529244903e-07
1704,8,0,15,-9.107515529245099e-07
1705,8,15,0,-9.107515529245107e-07
1706,10,2,13,-9.107515529245196e-07
1707,10,13,2,-9.107515529245196e-07
1708,12,11,4,-9.107515529245336e-07
1709,12,4,11,-9.10751552924534e-07
1710,2,10,5,-9.107515529245668e-07
1711,2,5,10,-9.107515529245673e-07
1712,13,15,7,-9.309345621119634e-07
1713,15,13,5,-9.309345621119638e-07
1714,13,7,15,-9.309345621119638e-07
1715,15,5,13,-9.309345621119643e-07
1716,9,11,3,-9.309345621119699e-07
1717,9,3,11,-9.309345621119702e-07
1718,3,1,9,-9.309345621119769e-07
1719,3,9,1,-9.30934562111977e-07
1720,1,11,3,-9.309345621119774e-07
1721,1,3,11,-9.309345621119774e-07
1722,7,5,13,-9.309345621119786e-07
1723,7,13,5,-9.309345621119787e-07
1724,11,9,1,-9.309345621119791e-07
1725,11,1,9,-9.309345621119797e-07
1726,5,7,15,-9.309345621119841e-07
1727,5,15,7,-9.309345621119842e-07
1728,1,5,14,-9.40290035763956e-07
1729,1,14,5,-9.402900357639571e-07
1730,3,7,12,-9.402900357639666e-07
1731,3,12,7,-9.40290035763967e-07
1732,7,3,8,-9.402900357639916e-07
1733,11,15,4,-9.40290035763992e-07
1734,7,8,3,-9.40290035763992e-07
1735,11,4,15,-9.402900357639925e-07
1736,9,6,13,-9.402900357639954e-07
1737,9,13,6,-9.402900357639959e-07
1738,5,10,1,-9.402900357639997e-07
1739,5,1,10,-9.402900357640001e-07
1740,13,2,9,-9.402900357640158e-07
1741,13,9,2,-9.402900357640158e-07
1742,15,0,11,-9.402900357640185e-07
1743,15,11,0,-9.402900357640187e-07
1744,14,1,15,-9.841497381218815e-07
1745,14,15,1,-9.841497381218815e-07
1746,10,11,5,-9.841497381218824e-07
1747,10,5,11,-9.841497381218824e-07
1748,2,3,13,-9.841497381218832e-07
1749,2,13,3,-9.841497381218832e-07
1750,12,3,13,-9.841497381218853e-07
1751,12,13,3,-9.841497381218853e-07
1752,8,9,7,-9.841497381218866e-07
1753,6,9,7,-9.841497381218866e-07
1754,6,7,9,-9.841497381218866e-07
1755,4,11,5,-9.841497381218868e-07
1756,8,7,9,-9.84149738121887e-07
1757,4,5,11,-9.84149738121887e-07
1758,0,1,15,-9.841497381218938e-07
1759,0,15,1,-9.841497381218938e-07
1760,8,5,4,-1.1663357593167293e-06
1761,8,4,5,-1.1663357593167297e-06
1762,12,1,0,-1.1663357593167568e-06
1763,12,0,1,-1.166335759316757e-06
1764,14,2,3,-1.166335759316779e-06
1765,14,3,2,-1.1663357593167801e-06
1766,4,8,9,-1.1663357593167808e-06
1767,6,10,11,-1.1663357593167808e-06
1768,6,11,10,-1.166335759316781e-06
1769,4,9,8,-1.166335759316781e-06
1770,10,6,7,-1.1663357593167969e-06
1771,10,7,6,-1.1663357593167973e-06
1772,0,12,13,-1.1663357593168009e-06
1773,0,13,12,-1.166335759316801e-06
1774,2,15,14,-1.1663357593168254e-06
1775,2,14,15,-1.1663357593168263e-06
1776,0,15,12,-1.189152004416138e-06
1777,0,12,15,-1.189152004416138e-06
1778,4,11,8,-1.1891520044161485e-06
1779,4,8,11,-1.189152004416149e-06
1780,2,13,14,-1.1891520044161493e-06
1781,2,14,13,-1.1891520044161493e-06
1782,6,9,10,-1.1891520044161493e-06
1783,6,10,9,-1.189152004416151e-06
1784,14,2,1,-1.1891520044161515e-06
1785,10,5,6,-1.1891520044161527e-06
1786,14,1,2,-1.1891520044161527e-06
1787,10,6,5,-1.189152004416154e-06
1788,12,0,3,-1.189152004416162e-06
1789,12,3,0,-1.1891520044161646e-06
1790,8,4,7,-1.1891520044161845e-06
1791,8,7,4,-1.1891520044161853e-06
1792,5,15,13,-1.1982519708567553e-06
1793,5,13,15,-1.1982519708567553e-06
1794,1,9,11,-1.1982519708567593e-06
1795,1,11,9,-1.1982519708567601e-06
1796,3,11,9,-1.1982519708567671e-06
1797,3,9,11,-1.1982519708567676e-06
1798,7,13,15,-1.1982519708567737e-06
1799,7,15,13,-1.1982519708567743e-06
1800,13,5,7,-1.1982519708567748e-06
1801,13,7,5,-1.198251970856775e-06
1802,11,1,3,-1.1982519708567864e-06
1803,11,3,1,-1.1982519708567868e-06
1804,9,3,1,-1.1982519708567925e-06
1805,9,1,3,-1.1982519708567925e-06
1806,15,5,7,-1.1982519708567985e-06
1807,15,7,5,-1.1982519708567989e-06
1808,10,9,11,-1.2318495507260838e-06
1809,10,11,9,-1.231849550726084e-06
1810,14,15,13,-1.231849550726093e-06
1811,14,13,15,-1.2318495507260935e-06
1812,8,11,9,-1.2318495507261103e-06
1813,8,9,11,-1.2318495507261107e-06
1814,12,15,13,-1.231849550726125e-06
1815,12,13,15,-1.231849550726125e-06
1816,2,3,1,-1.231849550726125e-06
1817,2,1,3,-1.2318495507261253e-06
1818,0,1,3,-1.231849550726126e-06
1819,0,3,1,-1.2318495507261264e-06
1820,4,7,5,-1.2318495507261293e-06
1821,4,5,7,-1.2318495507261293e-06
1822,6,7,5,-1.2318495507261547e-06
1823,6,5,7,-1.2318495507261554e-06
1824,10,11,4,-1.2644208658658122e-06
1825,10,4,11,-1.2644208658658122e-06
1826,2,3,12,-1.2644208658658133e-06
1827,2,12,3,-1.2644208658658133e-06
1828,4,10,5,-1.2644208658658175e-06
1829,4,5,10,-1.2644208658658175e-06
1830,6,7,8,-1.2644208658658226e-06
1831,6,8,7,-1.2644208658658234e-06
1832,0,14,1,-1.2644208658658366e-06
1833,0,1,14,-1.2644208658658368e-06
1834,14,15,0,-1.2644208658658598e-06
1835,14,0,15,-1.2644208658658603e-06
1836,8,6,9,-1.2644208658658656e-06
1837,8,9,6,-1.2644208658658656e-06
1838,12,13,2,-1.2644208658658793e-06
1839,12,2,13,-1.2644208658658795e-06
1840,4,6,9,-1.526559947314929e-06
1841,4,9,6,-1.5265599473149294e-06
1842,6,4,11,-1.5265599473149332e-06
1843,6,11,4,-1.5265599473149336e-06
1844,2,0,15,-1.526559947314942e-06
1845,2,15,0,-1.526559947314942e-06
1846,0,13,2,-1.526559947314942e-06
1847,0,2,13,-1.5265599473149425e-06
1848,14,3,12,-1.5265599473149652e-06
1849,14,12,3,-1.5265599473149654e-06
1850,12,14,1,-1.5265599473149694e-06
1851,12,1,14,-1.5265599473149696e-06
1852,8,5,10,-1.52655994731497e-06
1853,8,10,5,-1.5265599473149703e-06
1854,10,8,7,-1.5265599473150041e-06
1855,10,7,8,-1.5265599473150046e-06
1856,13,0,15,-1.5849320439961202e-06
1857,13,15,0,-1.584932043996121e-06
1858,15,2,13,-1.5849320439961228e-06
1859,15,13,2,-1.5849320439961244e-06
1860,11,9,6,-1.58493204399613e-06
1861,11,6,9,-1.5849320439961304e-06
1862,7,5,10,-1.5849320439962386e-06
1863,7,10,5,-1.5849320439962388e-06
1864,9,4,11,-1.5849320439963102e-06
1865,9,11,4,-1.5849320439963104e-06
1866,3,14,1,-1.5849320439963144e-06
1867,1,12,3,-1.5849320439963148e-06
1868,3,1,14,-1.584932043996315e-06
1869,1,3,12,-1.5849320439963159e-06
1870,5,7,8,-1.5849320439963366e-06
1871,5,8,7,-1.5849320439963375e-06
1872,12,13,5,-1.588838116170489e-06
1873,12,5,13,-1.5888381161704897e-06
1874,14,7,15,-1.5888381161704939e-06
1875,10,3,11,-1.5888381161704939e-06
1876,14,15,7,-1.5888381161704939e-06
1877,10,11,3,-1.5888381161704947e-06
1878,2,3,11,-1.5888381161704983e-06
1879,2,11,3,-1.588838116170499e-06
1880,6,15,7,-1.5888381161704998e-06
1881,6,7,15,-1.5888381161705e-06
1882,4,13,5,-1.588838116170525e-06
1883,4,5,13,-1.5888381161705252e-06
1884,8,9,1,-1.5888381161705303e-06
1885,8,1,9,-1.5888381161705307e-06
1886,0,9,1,-1.5888381161705329e-06
1887,0,1,9,-1.5888381161705337e-06
1888,14,6,4,-1.6116645853229367e-06
1889,14,4,6,-1.6116645853229367e-06
1890,10,0,2,-1.6116645853229452e-06
1891,10,2,0,-1.6116645853229454e-06
1892,8,2,0,-1.6116645853229558e-06
1893,8,0,2,-1.6116645853229558e-06
1894,12,6,4,-1.6116645853229685e-06
1895,12,4,6,-1.611664585322969e-06
1896,0,8,10,-1.6116645853229732e-06
1897,0,10,8,-1.6116645853229736e-06
1898,2,10,8,-1.611664585322993e-06
1899,2,8,10,-1.611664585322993e-06
1900,6,12,14,-1.611664585322997e-06
1901,6,14,12,-1.611664585322997e-06
1902,4,12,14,-1.6116645853229986e-06
1903,4,14,12,-1.6116645853229988e-06
1904,6,12,9,-1.6596786562150825e-06
1905,6,9,12,-1.6596786562150827e-06
1906,2,13,8,-1.6596786562150871e-06
1907,2,8,13,-1.6596786562150888e-06
1908,4,14,11,-1.6596786562150952e-06
1909,4,11,14,-1.659678656215097e-06
1910,0,10,15,-1.6596786562151002e-06
1911,0,15,10,-1.6596786562151002e-06
1912,8,7,2,-1.6596786562151375e-06
1913,8,2,7,-1.6596786562151384e-06
1914,10,0,5,-1.6596786562151426e-06
1915,10,5,0,-1.6596786562151437e-06
1916,14,1,4,-1.6596786562151534e-06
1917,14,4,1,-1.6596786562151553e-06
1918,12,3,6,-1.659678656215162e-06
1919,12,6,3,-1.659678656215164e-06
1920,7,3,1,-1.6781813966449653e-06
1921,7,1,3,-1.6781813966449653e-06
1922,13,9,11,-1.6781813966449675e-06
1923,13,11,9,-1.6781813966449675e-06
1924,15,11,9,-1.6781813966449692e-06
1925,5,1,3,-1.6781813966449696e-06
1926,5,3,1,-1.67818139664497e-06
1927,15,9,11,-1.6781813966449708e-06
1928,1,7,5,-1.678181396644986e-06
1929,1,5,7,-1.6781813966449872e-06
1930,3,5,7,-1.6781813966449956e-06
1931,3,7,5,-1.678181396644997e-06
1932,9,15,13,-1.678181396645004e-06
1933,9,13,15,-1.6781813966450043e-06
1934,11,13,15,-1.6781813966450143e-06
1935,11,15,13,-1.6781813966450153e-06
1936,2,14,10,-1.693827361537268e-06
1937,2,10,14,-1.6938273615372686e-06
1938,6,14,10,-1.693827361537289e-06
1939,6,10,14,-1.693827361537289e-06
1940,14,6,2,-1.6938273615373054e-06
1941,0,12,8,-1.6938273615373056e-06
1942,14,2,6,-1.6938273615373059e-06
1943,10,6,2,-1.693827361537306e-06
1944,0,8,12,-1.6938273615373063e-06
1945,10,2,6,-1.6938273615373067e-06
1946,12,4,0,-1.6938273615373111e-06
1947,12,0,4,-1.6938273615373111e-06
1948,8,4,0,-1.6938273615373141e-06
1949,8,0,4,-1.6938273615373147e-06
1950,4,12,8,-1.6938273615373215e-06
1951,4,8,12,-1.6938273615373215e-06
1952,15,14,4,-1.8625477130748063e-06
1953,15,4,14,-1.8625477130748067e-06
1954,13,12,6,-1.8625477130749405e-06
1955,13,6,12,-1.8625477130749405e-06
1956,9,8,2,-1.8625477130749617e-06
1957,9,2,8,-1.8625477130749634e-06
1958,11,0,10,-1.862547713075032e-06
1959,11,10,0,-1.8625477130750354e-06
1960,3,2,8,-1.8625477130750693e-06
1961,3,8,2,-1.8625477130750701e-06
1962,7,6,12,-1.8625477130751684e-06
1963,7,12,6,-1.8625477130751692e-06
1964,1,10,0,-1.8625477130751879e-06
1965,1,0,10,-1.8625477130751896e-06
1966,5,14,4,-1.8625477130753886e-06
1967,5,4,14,-1.8625477130753895e-06
1968,10,15,11,-1.8979674485666578e-06
1969,10,11,15,-1.8979674485666578e-06
1970,6,7,3,-1.89796744856667e-06
1971,2,3,7,-1.89796744856667e-06
1972,14,15,11,-1.8979674485666707e-06
1973,2,7,3,-1.8979674485666707e-06
1974,6,3,7,-1.8979674485666707e-06
1975,14,11,15,-1.897967448566671e-06
1976,4,1,5,-1.897967448566675e-06
1977,4,5,1,-1.8979674485666756e-06
1978,12,13,9,-1.8979674485666946e-06
1979,12,9,13,-1.8979674485666946e-06
1980,0,1,5,-1.8979674485667078e-06
1981,0,5,1,-1.897967448566708e-06
1982,8,13,9,-1.8979674485667097e-06
1983,8,9,13,-1.8979674485667099e-06
1984,6,13,2,-1.9224618433795906e-06
1985,6,2,13,-1.922461843379591e-06
1986,2,9,6,-1.9224618433795914e-06
1987,2,6,9,-1.922461843379592e-06
1988,4,15,0,-1.9224618433795965e-06
1989,4,0,15,-1.922461843379597e-06
1990,8,3,12,-1.922461843379634e-06
1991,8,12,3,-1.9224618433796346e-06
1992,0,11,4,-1.922461843379654e-06
1993,0,4,11,-1.922461843379654e-06
1994,12,7,8,-1.9224618433796834e-06
1995,10,1,14,-1.9224618433796838e-06
1996,12,8,7,-1.922461843379684e-06
1997,10,14,1,-1.9224618433796846e-06
1998,14,10,5,-1.922461843379702e-06
1999,14,5,10,-1.9224618433797024e-06
2000,15,11,3,-2.1389033417535516e-06
2001,15,3,11,-2.1389033417535516e-06
2002,13,1,9,-2.1389033417535524e-06
2003,13,9,1,-2.138903341753553e-06
2004,5,1,9,-2.1389033417535545e-06
2005,5,9,1,-2.1389033417535545e-06
2006,7,11,3,-2.1389033417535613e-06
2007,7,3,11,-2.1389033417535617e-06
2008,9,13,5,-2.1389033417535698e-06
2009,9,5,13,-2.1389033417535698e-06
2010,1,13,5,-2.1389033417535765e-06
2011,1,5,13,-2.138903341753578e-06
2012,11,15,7,-2.1389033417535914e-06
2013,11,7,15,-2.1389033417535926e-06
2014,3,15,7,-2.1389033417535994e-06
2015,3,7,15,-2.1389033417536e-06
2016,4,0,2,-2.158236065391947e-06
2017,4,2,0,-2.1582360653919473e-06
2018,6,2,0,-2.15823606539196e-06
2019,6,0,2,-2.15823606539196e-06
2020,8,12,14,-2.158236065391961e-06
2021,8,14,12,-2.1582360653919617e-06
2022,0,6,4,-2.1582360653919643e-06
2023,12,10,8,-2.1582360653919647e-06
2024,12,8,10,-2.158236065391965e-06
2025,0,4,6,-2.158236065391965e-06
2026,2,6,4,-2.158236065391968e-06
2027,2,4,6,-2.1582360653919685e-06
2028,10,12,14,-2.158236065391971e-06
2029,10,14,12,-2.158236065391971e-06
2030,14,8,10,-2.1582360653919897e-06
2031,14,10,8,-2.15823606539199e-06
2032,15,11,4,-2.3582710158892947e-06
2033,15,4,11,-2.358271015889295e-06
2034,11,15,0,-2.358271015889535e-06
2035,11,0,15,-2.3582710158895366e-06
2036,7,3,12,-2.3582710158895853e-06
2037,7,12,3,-2.3582710158895857e-06
2038,9,2,13,-2.358271015889805e-06
2039,9,13,2,-2.3582710158898063e-06
2040,13,9,6,-2.358271015889821e-06
2041,13,6,9,-2.358271015889823e-06
2042,3,7,8,-2.358271015889856e-06
2043,3,8,7,-2.3582710158898567e-06
2044,5,1,14,-2.3582710158899122e-06
2045,5,14,1,-2.358271015889915e-06
2046,1,10,5,-2.3582710158901058e-06
2047,1,5,10,-2.358271015890106e-06
2048,2,4,5,-2.702105992701363e-06
2049,2,5,4,-2.702105992701364e-06
2050,10,12,13,-2.702105992701378e-06
2051,10,13,12,-2.702105992701379e-06
2052,6,0,1,-2.702105992701498e-06
2053,6,1,0,-2.7021059927014984e-06
2054,0,6,7,-2.7021059927015496e-06
2055,0,7,6,-2.7021059927015504e-06
2056,8,15,14,-2.7021059927015682e-06
2057,8,14,15,-2.7021059927015687e-06
2058,14,8,9,-2.702105992701621e-06
2059,14,9,8,-2.7021059927016233e-06
2060,4,2,3,-2.7021059927016936e-06
2061,4,3,2,-2.7021059927016944e-06
2062,12,10,11,-2.7021059927018177e-06
2063,12,11,10,-2.702105992701819e-06
2064,4,14,1,-2.7384979364626395e-06
2065,4,1,14,-2.7384979364626403e-06
2066,12,6,9,-2.7384979364627043e-06
2067,12,9,6,-2.7384979364627043e-06
2068,6,12,3,-2.7384979364628445e-06
2069,6,3,12,-2.7384979364628457e-06
2070,14,4,11,-2.7384979364632028e-06
2071,14,11,4,-2.7384979364632045e-06
2072,0,5,10,-2.7384979364632803e-06
2073,0,10,5,-2.738497936463282e-06
2074,2,8,7,-2.7384979364633214e-06
2075,2,7,8,-2.7384979364633247e-06
2076,8,2,13,-2.738497936463403e-06
2077,8,13,2,-2.738497936463404e-06
2078,10,0,15,-2.7384979364636953e-06
2079,10,15,0,-2.738497936463697e-06
2080,8,12,4,-2.8336328873653353e-06
2081,8,4,12,-2.8336328873653357e-06
2082,2,14,6,-2.833632887365353e-06
2083,2,6,14,-2.833632887365354e-06
2084,10,6,14,-2.8336328873653624e-06
2085,10,14,6,-2.833632887365363e-06
2086,4,0,8,-2.833632887365364e-06
2087,4,8,0,-2.8336328873653645e-06
2088,0,4,12,-2.8336328873653666e-06
2089,0,12,4,-2.833632887365367e-06
2090,12,0,8,-2.833632887365385e-06
2091,12,8,0,-2.8336328873653857e-06
2092,6,2,10,-2.833632887365391e-06
2093,6,10,2,-2.833632887365391e-06
2094,14,10,2,-2.833632887365403e-06
2095,14,2,10,-2.833632887365403e-06
2096,2,1,14,-3.1853442290294353e-06
2097,2,14,1,-3.1853442290294357e-06
2098,10,6,9,-3.185344229029611e-06
2099,10,9,6,-3.185344229029612e-06
2100,6,5,10,-3.1853442290296174e-06
2101,6,10,5,-3.185344229029618e-06
2102,8,11,4,-3.1853442290296526e-06
2103,8,4,11,-3.185344229029653e-06
2104,4,8,7,-3.1853442290296695e-06
2105,4,7,8,-3.1853442290296695e-06
2106,0,12,3,-3.1853442290296818e-06
2107,0,3,12,-3.1853442290296826e-06
2108,12,15,0,-3.185344229029702e-06
2109,12,0,15,-3.185344229029703e-06
2110,14,13,2,-3.1853442290297195e-06
2111,14,2,13,-3.1853442290297195e-06
2112,6,10,0,-3.2604899316957524e-06
2113,6,0,10,-3.2604899316957524e-06
2114,2,4,14,-3.260489931695762e-06
2115,2,14,4,-3.2604899316957626e-06
2116,14,2,8,-3.2604899316957897e-06
2117,14,8,2,-3.2604899316957905e-06
2118,10,12,6,-3.2604899316958087e-06
2119,10,6,12,-3.260489931695809e-06
2120,8,14,4,-3.260489931695823e-06
2121,8,4,14,-3.2604899316958244e-06
2122,12,10,0,-3.2604899316958286e-06
2123,12,0,10,-3.2604899316958295e-06
2124,4,8,2,-3.2604899316958418e-06
2125,4,2,8,-3.260489931695842e-06
2126,0,12,6,-3.2604899316958617e-06
2127,0,6,12,-3.2604899316958617e-06
2128,14,4,2,-3.336180387107266e-06
2129,14,2,4,-3.336180387107266e-06
2130,10,0,6,-3.3361803871072746e-06
2131,10,6,0,-3.336180387107276e-06
2132,6,10,12,-3.3361803871072797e-06
2133,6,12,10,-3.33618038710728e-06
2134,4,8,14,-3.3361803871072823e-06
2135,4,14,8,-3.336180387107283e-06
2136,0,10,12,-3.336180387107284e-06
2137,2,8,14,-3.3361803871072844e-06
2138,2,14,8,-3.3361803871072852e-06
2139,0,12,10,-3.3361803871072852e-06
2140,12,0,6,-3.336180387107306e-06
2141,12,6,0,-3.336180387107307e-06
2142,8,4,2,-3.336180387107331e-06
2143,8,2,4,-3.3361803871073314e-06
2144,6,8,14,-3.5160613138394756e-06
2145,6,14,8,-3.5160613138394756e-06
2146,14,6,0,-3.516061313839494e-06
2147,14,0,6,-3.516061313839494e-06
2148,12,4,2,-3.5160613138394967e-06
2149,12,2,4,-3.5160613138394967e-06
2150,8,6,0,-3.516061313839499e-06
2151,8,0,6,-3.5160613138394993e-06
2152,2,12,10,-3.5160613138395077e-06
2153,2,10,12,-3.5160613138395094e-06
2154,4,10,12,-3.516061313839525e-06
2155,4,12,10,-3.5160613138395255e-06
2156,0,14,8,-3.516061313839551e-06
2157,0,8,14,-3.516061313839551e-06
2158,10,4,2,-3.516061313839592e-06
2159,10,2,4,-3.516061313839593e-06
2160,0,15,13,-3.555317541783046e-06
2161,0,13,15,-3.555317541783046e-06
2162,4,11,9,-3.555317541783047e-06
2163,4,9,11,-3.5553175417830473e-06
2164,8,5,7,-3.555317541783064e-06
2165,8,7,5,-3.5553175417830642e-06
2166,2,15,13,-3.555317541783068e-06
2167,2,13,15,-3.555317541783069e-06
2168,10,7,5,-3.555317541783069e-06
2169,6,9,11,-3.5553175417830693e-06
2170,6,11,9,-3.5553175417830693e-06
2171,10,5,7,-3.5553175417830693e-06
2172,14,3,1,-3.5553175417830803e-06
2173,14,1,3,-3.5553175417830808e-06
2174,12,3,1,-3.5553175417830833e-06
2175,12,1,3,-3.5553175417830833e-06
2176,10,12,3,-3.686011603835689e-06
2177,10,3,12,-3.686011603835691e-06
2178,2,4,11,-3.686011603835749e-06
2179,2,11,4,-3.6860116038357494e-06
2180,0,6,9,-3.686011603835804e-06
2181,0,9,6,-3.6860116038358053e-06
2182,8,14,1,-3.686011603835895e-06
2183,8,1,14,-3.6860116038358976e-06
2184,14,8,7,-3.6860116038359468e-06
2185,14,7,8,-3.686011603835949e-06
2186,12,10,5,-3.686011603836114e-06
2187,12,5,10,-3.686011603836114e-06
2188,6,15,0,-3.6860116038361145e-06
2189,6,0,15,-3.6860116038361204e-06
2190,4,2,13,-3.686011603836298e-06
2191,4,13,2,-3.686011603836299e-06
2192,13,14,1,-3.9346427717165634e-06
2193,13,1,14,-3.9346427717165634e-06
2194,9,5,10,-3.934642771716578e-06
2195,9,10,5,-3.9346427717165795e-06
2196,7,4,11,-3.93464277171669e-06
2197,7,11,4,-3.93464277171669e-06
2198,15,12,3,-3.9346427717167015e-06
2199,15,3,12,-3.934642771716704e-06
2200,5,9,6,-3.9346427717167294e-06
2201,5,6,9,-3.93464277171673e-06
2202,1,2,13,-3.9346427717167845e-06
2203,1,13,2,-3.9346427717167845e-06
2204,11,8,7,-3.934642771716857e-06
2205,11,7,8,-3.934642771716859e-06
2206,3,15,0,-3.934642771716956e-06
2207,3,0,15,-3.934642771716956e-06
2208,5,11,4,-4.0141984255552175e-06
2209,5,4,11,-4.014198425555218e-06
2210,1,0,15,-4.014198425555224e-06
2211,1,15,0,-4.014198425555225e-06
2212,11,5,10,-4.014198425555235e-06
2213,11,10,5,-4.014198425555236e-06
2214,7,9,6,-4.014198425555239e-06
2215,7,6,9,-4.014198425555239e-06
2216,3,2,13,-4.014198425555242e-06
2217,3,13,2,-4.014198425555242e-06
2218,9,8,7,-4.014198425555246e-06
2219,9,7,8,-4.014198425555247e-06
2220,15,14,1,-4.0141984255552845e-06
2221,15,1,14,-4.014198425555285e-06
2222,13,3,12,-4.014198425555303e-06
2223,13,12,3,-4.014198425555303e-06
2224,12,3,7,-4.015410419992153e-06
2225,12,7,3,-4.015410419992153e-06
2226,4,11,15,-4.0154104199921554e-06
2227,4,15,11,-4.0154104199921554e-06
2228,6,9,13,-4.0154104199921825e-06
2229,6,13,9,-4.015410419992184e-06
2230,8,7,3,-4.015410419992193e-06
2231,8,3,7,-4.0154104199921936e-06
2232,14,1,5,-4.015410419992217e-06
2233,14,5,1,-4.015410419992218e-06
2234,10,5,1,-4.015410419992223e-06
2235,10,1,5,-4.015410419992224e-06
2236,0,15,11,-4.015410419992241e-06
2237,0,11,15,-4.015410419992241e-06
2238,2,9,13,-4.0154104199922435e-06
2239,2,13,9,-4.015410419992244e-06
2240,10,14,4,-4.194487765844789e-06
2241,10,4,14,-4.194487765844789e-06
2242,14,0,10,-4.194487765844796e-06
2243,14,10,0,-4.194487765844797e-06
2244,6,8,2,-4.194487765844803e-06
2245,6,2,8,-4.194487765844803e-06
2246,2,12,6,-4.194487765844823e-06
2247,2,6,12,-4.194487765844824e-06
2248,12,8,2,-4.194487765844835e-06
2249,12,2,8,-4.1944877658448355e-06
2250,0,4,14,-4.1944877658448415e-06
2251,0,14,4,-4.194487765844842e-06
2252,8,12,6,-4.194487765844854e-06
2253,8,6,12,-4.194487765844855e-06
2254,4,10,0,-4.194487765844856e-06
2255,4,0,10,-4.1944877658448576e-06
2256,4,2,14,-4.526325018710015e-06
2257,4,14,2,-4.526325018710017e-06
2258,2,4,8,-4.526325018710023e-06
2259,2,8,4,-4.526325018710023e-06
2260,0,6,10,-4.5263250187100365e-06
2261,0,10,6,-4.5263250187100365e-06
2262,6,0,12,-4.52632501871004e-06
2263,6,12,0,-4.526325018710042e-06
2264,8,2,14,-4.5263250187100644e-06
2265,12,10,6,-4.526325018710067e-06
2266,12,6,10,-4.526325018710067e-06
2267,8,14,2,-4.526325018710069e-06
2268,14,4,8,-4.526325018710079e-06
2269,14,8,4,-4.5263250187100805e-06
2270,10,0,12,-4.526325018710122e-06
2271,10,12,0,-4.5263250187101246e-06
2272,10,5,13,-4.62239372767708e-06
2273,10,13,5,-4.6223937276770815e-06
2274,12,11,3,-4.622393727677085e-06
2275,12,3,11,-4.622393727677086e-06
2276,14,1,9,-4.62239372767709e-06
2277,14,9,1,-4.622393727677092e-06
2278,4,11,3,-4.622393727677092e-06
2279,4,3,11,-4.6223937276770925e-06
2280,2,13,5,-4.622393727677101e-06
2281,2,5,13,-4.622393727677102e-06
2282,6,9,1,-4.622393727677109e-06
2283,6,1,9,-4.6223937276771095e-06
2284,8,15,7,-4.622393727677112e-06
2285,8,7,15,-4.622393727677112e-06
2286,0,15,7,-4.622393727677142e-06
2287,0,7,15,-4.622393727677142e-06
2288,5,8,9,-5.184027231328789e-06
2289,5,9,8,-5.1840272313287894e-06
2290,7,10,11,-5.1840272313288614e-06
2291,7,11,10,-5.184027231328862e-06
2292,13,0,1,-5.184027231328881e-06
2293,13,1,0,-5.184027231328883e-06
2294,15,2,3,-5.184027231328893e-06
2295,15,3,2,-5.184027231328893e-06
2296,1,12,13,-5.18402723132892e-06
2297,1,13,12,-5.18402723132892e-06
2298,3,14,15,-5.18402723132898e-06
2299,3,15,14,-5.18402723132898e-06
2300,9,4,5,-5.184027231329032e-06
2301,9,5,4,-5.184027231329033e-06
2302,11,7,6,-5.184027231329094e-06
2303,11,6,7,-5.184027231329096e-06
2304,13,1,15,-6.9053783715553245e-06
2305,13,15,1,-6.905378371555325e-06
2306,15,13,3,-6.905378371555329e-06
2307,15,3,13,-6.9053783715553305e-06
2308,9,11,5,-6.905378371555339e-06
2309,9,5,11,-6.90537837155534e-06
2310,7,11,5,-6.9053783715553415e-06
2311,7,5,11,-6.9053783715553415e-06
2312,11,9,7,-6.905378371555342e-06
2313,5,9,7,-6.905378371555344e-06
2314,11,7,9,-6.905378371555344e-06
2315,5,7,9,-6.905378371555344e-06
2316,3,1,15,-6.905378371555357e-06
2317,3,15,1,-6.905378371555358e-06
2318,1,3,13,-6.905378371555371e-06
2319,1,13,3,-6.905378371555371e-06
2320,5,14,15,-7.03159860458412e-06
2321,5,15,14,-7.031598604584121e-06
2322,1,11,10,-7.0315986045841675e-06
2323,1,10,11,-7.031598604584168e-06
2324,3,9,8,-7.031598604584262e-06
2325,3,8,9,-7.031598604584264e-06
2326,7,13,12,-7.031598604584425e-06
2327,7,12,13,-7.031598604584427e-06
2328,13,6,7,-7.031598604584628e-06
2329,13,7,6,-7.031598604584628e-06
2330,9,2,3,-7.031598604584779e-06
2331,9,3,2,-7.031598604584779e-06
2332,11,1,0,-7.031598604585144e-06
2333,11,0,1,-7.031598604585145e-06
2334,15,4,5,-7.0315986045851585e-06
2335,15,5,4,-7.031598604585159e-06
2336,1,7,9,-7.281092251095493e-06
2337,1,9,7,-7.281092251095494e-06
2338,9,1,15,-7.281092251095528e-06
2339,9,15,1,-7.281092251095528e-06
2340,3,5,11,-7.2810922510955305e-06
2341,3,11,5,-7.281092251095531e-06
2342,11,13,3,-7.281092251095533e-06
2343,11,3,13,-7.281092251095533e-06
2344,13,5,11,-7.281092251095535e-06
2345,13,11,5,-7.281092251095535e-06
2346,5,13,3,-7.28109225109554e-06
2347,5,3,13,-7.2810922510955415e-06
2348,15,7,9,-7.281092251095543e-06
2349,15,9,7,-7.281092251095543e-06
2350,7,1,15,-7.281092251095567e-06
2351,7,15,1,-7.281092251095567e-06
2352,15,8,9,-7.314921381470041e-06
2353,15,9,8,-7.314921381470042e-06
2354,7,0,1,-7.314921381470173e-06
2355,7,1,0,-7.314921381470173e-06
2356,13,11,10,-7.3149213814702435e-06
2357,13,10,11,-7.314921381470244e-06
2358,5,2,3,-7.314921381470343e-06
2359,5,3,2,-7.314921381470344e-06
2360,3,4,5,-7.314921381470701e-06
2361,3,5,4,-7.3149213814707026e-06
2362,11,12,13,-7.314921381470751e-06
2363,11,13,12,-7.3149213814707525e-06
2364,1,6,7,-7.314921381470753e-06
2365,1,7,6,-7.314921381470756e-06
2366,9,15,14,-7.314921381470769e-06
2367,9,14,15,-7.31492138147077e-06
2368,11,14,1,-7.626510838590075e-06
2369,11,1,14,-7.626510838590075e-06
2370,9,3,12,-7.626510838590142e-06
2371,9,12,3,-7.626510838590142e-06
2372,1,11,4,-7.626510838590407e-06
2373,1,4,11,-7.626510838590412e-06
2374,3,9,6,-7.626510838590487e-06
2375,3,6,9,-7.62651083859049e-06
2376,15,5,10,-7.626510838590722e-06
2377,15,10,5,-7.626510838590729e-06
2378,7,2,13,-7.62651083859086e-06
2379,7,13,2,-7.6265108385908625e-06
2380,13,8,7,-7.626510838590889e-06
2381,13,7,8,-7.626510838590893e-06
2382,5,0,15,-7.626510838591108e-06
2383,5,15,0,-7.626510838591112e-06
2384,1,5,11,-8.185952833501133e-06
2385,1,11,5,-8.185952833501133e-06
2386,5,1,15,-8.185952833501175e-06
2387,5,15,1,-8.185952833501177e-06
2388,3,7,9,-8.185952833501177e-06
2389,3,9,7,-8.185952833501177e-06
2390,7,3,13,-8.185952833501184e-06
2391,7,13,3,-8.185952833501184e-06
2392,13,9,7,-8.185952833501189e-06
2393,13,7,9,-8.185952833501189e-06
2394,9,13,3,-8.18595283350119e-06
2395,9,3,13,-8.18595283350119e-06
2396,15,5,11,-8.1859528335012e-06
2397,15,11,5,-8.1859528335012e-06
2398,11,1,15,-8.185952833501208e-06
2399,11,15,1,-8.185952833501208e-06
2400,13,11,4,-8.656229517670548e-06
2401,13,4,11,-8.65622951767055e-06
2402,15,6,9,-8.656229517670982e-06
2403,15,9,6,-8.656229517670992e-06
2404,5,3,12,-8.656229517671424e-06
2405,5,12,3,-8.656229517671426e-06
2406,9,0,15,-8.656229517671617e-06
2407,9,15,0,-8.656229517671619e-06
2408,7,1,14,-8.65622951767165e-06
2409,7,14,1,-8.656229517671653e-06
2410,1,7,8,-8.65622951767192e-06
2411,1,8,7,-8.65622951767192e-06
2412,11,2,13,-8.65622951767194e-06
2413,11,13,2,-8.65622951767194e-06
2414,3,10,5,-8.656229517671986e-06
2415,3,5,10,-8.656229517671988e-06
2416,6,15,14,-8.925147159626324e-06
2417,2,10,11,-8.925147159626326e-06
2418,6,14,15,-8.925147159626326e-06
2419,2,11,10,-8.92514715962633e-06
2420,4,13,12,-8.925147159626417e-06
2421,4,12,13,-8.925147159626419e-06
2422,0,8,9,-8.92514715962646e-06
2423,0,9,8,-8.925147159626461e-06
2424,10,2,3,-8.925147159626463e-06
2425,10,3,2,-8.925147159626463e-06
2426,14,7,6,-8.925147159626493e-06
2427,14,6,7,-8.925147159626493e-06
2428,8,1,0,-8.925147159626576e-06
2429,8,0,1,-8.925147159626576e-06
2430,12,5,4,-8.925147159626604e-06
2431,12,4,5,-8.925147159626605e-06
2432,6,3,15,-9.478963789078777e-06
2433,6,15,3,-9.478963789078777e-06
2434,14,11,7,-9.478963789079347e-06
2435,14,7,11,-9.478963789079353e-06
2436,2,11,7,-9.47896378907957e-06
2437,2,7,11,-9.478963789079618e-06
2438,10,3,15,-9.478963789079814e-06
2439,10,15,3,-9.478963789079828e-06
2440,0,9,5,-9.478963789080234e-06
2441,0,5,9,-9.478963789080241e-06
2442,8,1,13,-9.47896378908037e-06
2443,8,13,1,-9.47896378908039e-06
2444,4,13,1,-9.478963789080424e-06
2445,12,5,9,-9.478963789080438e-06
2446,12,9,5,-9.478963789080444e-06
2447,4,1,13,-9.478963789080444e-06
2448,11,8,10,-9.609416736096678e-06
2449,11,10,8,-9.609416736096683e-06
2450,7,6,4,-9.60941673609674e-06
2451,7,4,6,-9.609416736096741e-06
2452,5,4,6,-9.609416736096887e-06
2453,5,6,4,-9.609416736096887e-06
2454,13,14,12,-9.609416736096904e-06
2455,13,12,14,-9.609416736096909e-06
2456,9,8,10,-9.60941673609697e-06
2457,9,10,8,-9.609416736096971e-06
2458,1,0,2,-9.609416736097039e-06
2459,1,2,0,-9.609416736097039e-06
2460,15,12,14,-9.609416736097095e-06
2461,15,14,12,-9.609416736097103e-06
2462,3,2,0,-9.609416736097207e-06
2463,3,0,2,-9.609416736097207e-06
2464,10,5,4,-1.1857708072183608e-05
2465,10,4,5,-1.185770807218361e-05
2466,8,7,6,-1.1857708072183614e-05
2467,8,6,7,-1.1857708072183614e-05
2468,14,1,0,-1.1857708072183618e-05
2469,14,0,1,-1.1857708072183618e-05
2470,2,13,12,-1.1857708072183623e-05
2471,2,12,13,-1.1857708072183625e-05
2472,4,11,10,-1.1857708072183638e-05
2473,12,2,3,-1.1857708072183638e-05
2474,12,3,2,-1.185770807218364e-05
2475,4,10,11,-1.185770807218364e-05
2476,6,9,8,-1.1857708072183652e-05
2477,6,8,9,-1.1857708072183652e-05
2478,0,15,14,-1.1857708072183672e-05
2479,0,14,15,-1.1857708072183672e-05
2480,6,1,13,-1.226222180695968e-05
2481,6,13,1,-1.2262221806959705e-05
2482,2,9,5,-1.226222180695972e-05
2483,2,5,9,-1.226222180695972e-05
2484,14,9,5,-1.2262221806959771e-05
2485,14,5,9,-1.226222180695978e-05
2486,12,11,7,-1.2262221806959825e-05
2487,12,7,11,-1.2262221806959829e-05
2488,0,11,7,-1.2262221806959856e-05
2489,0,7,11,-1.2262221806959861e-05
2490,4,3,15,-1.2262221806959942e-05
2491,4,15,3,-1.2262221806959944e-05
2492,10,13,1,-1.2262221806960003e-05
2493,10,1,13,-1.2262221806960007e-05
2494,8,15,3,-1.2262221806960049e-05
2495,8,3,15,-1.226222180696005e-05
2496,10,14,15,-1.2405528936588951e-05
2497,10,15,14,-1.2405528936588953e-05
2498,2,7,6,-1.2405528936589004e-05
2499,2,6,7,-1.2405528936589006e-05
2500,8,13,12,-1.2405528936589067e-05
2501,8,12,13,-1.2405528936589068e-05
2502,14,10,11,-1.2405528936589112e-05
2503,14,11,10,-1.2405528936589116e-05
2504,12,8,9,-1.2405528936589124e-05
2505,12,9,8,-1.2405528936589126e-05
2506,0,4,5,-1.2405528936589187e-05
2507,0,5,4,-1.2405528936589187e-05
2508,6,2,3,-1.2405528936589207e-05
2509,6,3,2,-1.2405528936589207e-05
2510,4,1,0,-1.240552893658922e-05
2511,4,0,1,-1.240552893658922e-05
2512,15,2,0,-1.305181791483843e-05
2513,15,0,2,-1.305181791483843e-05
2514,9,6,4,-1.3051817914838481e-05
2515,9,4,6,-1.3051817914838483e-05
2516,13,2,0,-1.3051817914838501e-05
2517,13,0,2,-1.3051817914838503e-05
2518,11,4,6,-1.3051817914838506e-05
2519,11,6,4,-1.305181791483851e-05
2520,3,12,14,-1.3051817914838808e-05
2521,3,14,12,-1.305181791483881e-05
2522,7,10,8,-1.3051817914838838e-05
2523,1,12,14,-1.3051817914838842e-05
2524,7,8,10,-1.3051817914838842e-05
2525,1,14,12,-1.3051817914838845e-05
2526,5,8,10,-1.3051817914838879e-05
2527,5,10,8,-1.3051817914838882e-05
2528,13,5,4,-1.3342384569380102e-05
2529,13,4,5,-1.3342384569380107e-05
2530,3,11,10,-1.3342384569380196e-05
2531,3,10,11,-1.3342384569380203e-05
2532,9,1,0,-1.3342384569380286e-05
2533,9,0,1,-1.3342384569380288e-05
2534,7,15,14,-1.3342384569380344e-05
2535,7,14,15,-1.3342384569380347e-05
2536,15,6,7,-1.3342384569380423e-05
2537,15,7,6,-1.3342384569380429e-05
2538,5,13,12,-1.3342384569380457e-05
2539,5,12,13,-1.3342384569380462e-05
2540,1,8,9,-1.3342384569380473e-05
2541,1,9,8,-1.3342384569380474e-05
2542,11,3,2,-1.3342384569380474e-05
2543,11,2,3,-1.3342384569380481e-05
2544,11,10,4,-1.3804325526021885e-05
2545,11,4,10,-1.3804325526021886e-05
2546,3,12,2,-1.3804325526021924e-05
2547,3,2,12,-1.3804325526021924e-05
2548,13,12,2,-1.3804325526021937e-05
2549,15,14,0,-1.3804325526021939e-05
2550,15,0,14,-1.380432552602194e-05
2551,13,2,12,-1.380432552602194e-05
2552,9,6,8,-1.380432552602198e-05
2553,9,8,6,-1.3804325526021983e-05
2554,5,4,10,-1.3804325526021984e-05
2555,5,10,4,-1.3804325526021988e-05
2556,1,14,0,-1.3804325526022037e-05
2557,1,0,14,-1.380432552602204e-05
2558,7,6,8,-1.380432552602205e-05
2559,7,8,6,-1.380432552602205e-05
2560,4,7,6,-1.4193348916738371e-05
2561,12,15,14,-1.4193348916738371e-05
2562,12,14,15,-1.4193348916738371e-05
2563,4,6,7,-1.4193348916738375e-05
2564,8,11,10,-1.4193348916738375e-05
2565,8,10,11,-1.4193348916738375e-05
2566,6,4,5,-1.4193348916738432e-05
2567,6,5,4,-1.4193348916738436e-05
2568,0,3,2,-1.419334891673844e-05
2569,0,2,3,-1.419334891673844e-05
2570,2,0,1,-1.4193348916738453e-05
2571,2,1,0,-1.4193348916738453e-05
2572,10,9,8,-1.4193348916738482e-05
2573,10,8,9,-1.4193348916738483e-05
2574,14,13,12,-1.4193348916738509e-05
2575,14,12,13,-1.419334891673851e-05
2576,10,1,3,-1.6005000718612026e-05
2577,10,3,1,-1.6005000718612036e-05
2578,8,3,1,-1.6005000718612365e-05
2579,8,1,3,-1.6005000718612402e-05
2580,0,9,11,-1.6005000718612517e-05
2581,0,11,9,-1.6005000718612527e-05
2582,2,9,11,-1.6005000718612554e-05
2583,2,11,9,-1.6005000718612554e-05
2584,6,15,13,-1.6005000718612825e-05
2585,6,13,15,-1.6005000718612825e-05
2586,4,13,15,-1.6005000718612896e-05
2587,4,15,13,-1.60050007186129e-05
2588,14,5,7,-1.600500071861303e-05
2589,14,7,5,-1.6005000718613046e-05
2590,12,7,5,-1.6005000718613056e-05
2591,12,5,7,-1.6005000718613062e-05
2592,3,14,5,-1.8107963677190948e-05
2593,3,5,14,-1.8107963677190955e-05
2594,7,10,1,-1.810796367719103e-05
2595,7,1,10,-1.8107963677191033e-05
2596,1,7,12,-1.8107963677191063e-05
2597,1,12,7,-1.8107963677191066e-05
2598,5,3,8,-1.8107963677191083e-05
2599,5,8,3,-1.810796367719109e-05
2600,15,9,2,-1.8107963677191487e-05
2601,9,4,15,-1.8107963677191493e-05
2602,15,2,9,-1.8107963677191493e-05
2603,9,15,4,-1.8107963677191493e-05
2604,11,6,13,-1.810796367719152e-05
2605,11,13,6,-1.810796367719152e-05
2606,13,0,11,-1.8107963677191737e-05
2607,13,11,0,-1.8107963677191744e-05
2608,4,13,7,-2.0020985863713963e-05
2609,4,7,13,-2.0020985863713976e-05
2610,12,15,5,-2.0020985863714586e-05
2611,12,5,15,-2.0020985863714613e-05
2612,0,9,3,-2.002098586371465e-05
2613,0,3,9,-2.002098586371466e-05
2614,8,1,11,-2.002098586371485e-05
2615,8,11,1,-2.0020985863714857e-05
2616,6,5,15,-2.002098586371508e-05
2617,6,15,5,-2.0020985863715104e-05
2618,10,3,9,-2.0020985863715203e-05
2619,10,9,3,-2.0020985863715216e-05
2620,2,1,11,-2.0020985863715237e-05
2621,2,11,1,-2.0020985863715243e-05
2622,14,13,7,-2.0020985863715643e-05
2623,14,7,13,-2.0020985863715664e-05
2624,2,7,1,-2.0498334485796404e-05
2625,2,1,7,-2.049833448579642e-05
2626,10,15,9,-2.0498334485797078e-05
2627,10,9,15,-2.0498334485797098e-05
2628,6,3,5,-2.0498334485797833e-05
2629,6,5,3,-2.0498334485797844e-05
2630,12,15,9,-2.0498334485797966e-05
2631,12,9,15,-2.0498334485797966e-05
2632,14,11,13,-2.0498334485797993e-05
2633,14,13,11,-2.0498334485797993e-05
2634,8,11,13,-2.0498334485798033e-05
2635,8,13,11,-2.0498334485798043e-05
2636,4,1,7,-2.0498334485798365e-05
2637,4,7,1,-2.0498334485798365e-05
2638,0,3,5,-2.0498334485798948e-05
2639,0,5,3,-2.049833448579895e-05
2640,15,0,8,-2.0648608100780776e-05
2641,15,8,0,-2.0648608100780776e-05
2642,7,0,8,-2.0648608100780925e-05
2643,7,8,0,-2.064860810078093e-05
2644,13,2,10,-2.064860810078114e-05
2645,13,10,2,-2.064860810078115e-05
2646,11,4,12,-2.0648608100781172e-05
2647,11,12,4,-2.0648608100781172e-05
2648,3,4,12,-2.0648608100781308e-05
2649,3,12,4,-2.0648608100781308e-05
2650,5,2,10,-2.0648608100781335e-05
2651,5,10,2,-2.0648608100781338e-05
2652,9,14,6,-2.0648608100781426e-05
2653,9,6,14,-2.064860810078143e-05
2654,1,14,6,-2.0648608100781585e-05
2655,1,6,14,-2.0648608100781596e-05
2656,13,2,6,-2.1279305555416463e-05
2657,13,6,2,-2.1279305555416463e-05
2658,11,0,4,-2.127930555541657e-05
2659,11,4,0,-2.127930555541657e-05
2660,9,2,6,-2.1279305555416632e-05
2661,9,6,2,-2.1279305555416632e-05
2662,15,0,4,-2.1279305555416686e-05
2663,15,4,0,-2.1279305555416686e-05
2664,5,14,10,-2.1279305555416697e-05
2665,5,10,14,-2.12793055554167e-05
2666,7,8,12,-2.127930555541697e-05
2667,7,12,8,-2.1279305555416978e-05
2668,1,14,10,-2.127930555541698e-05
2669,1,10,14,-2.1279305555416985e-05
2670,3,8,12,-2.1279305555417096e-05
2671,3,12,8,-2.1279305555417096e-05
2672,15,10,11,-2.1970453174778395e-05
2673,15,11,10,-2.19704531747784e-05
2674,7,2,3,-2.1970453174778507e-05
2675,7,3,2,-2.1970453174778517e-05
2676,11,15,14,-2.1970453174778653e-05
2677,11,14,15,-2.197045317477866e-05
2678,5,0,1,-2.1970453174778886e-05
2679,5,1,0,-2.197045317477889e-05
2680,13,9,8,-2.1970453174778924e-05
2681,13,8,9,-2.1970453174778927e-05
2682,9,13,12,-2.197045317477905e-05
2683,9,12,13,-2.197045317477905e-05
2684,3,7,6,-2.197045317477906e-05
2685,3,6,7,-2.1970453174779066e-05
2686,1,5,4,-2.1970453174779137e-05
2687,1,4,5,-2.197045317477914e-05
2688,9,12,8,-2.214789887666504e-05
2689,9,8,12,-2.2147898876665043e-05
2690,3,6,2,-2.214789887666523e-05
2691,3,2,6,-2.214789887666523e-05
2692,11,14,10,-2.2147898876665236e-05
2693,5,4,0,-2.2147898876665243e-05
2694,11,10,14,-2.2147898876665243e-05
2695,1,4,0,-2.214789887666525e-05
2696,1,0,4,-2.214789887666525e-05
2697,5,0,4,-2.214789887666525e-05
2698,13,8,12,-2.2147898876665263e-05
2699,13,12,8,-2.2147898876665266e-05
2700,7,2,6,-2.2147898876665304e-05
2701,7,6,2,-2.2147898876665314e-05
2702,15,10,14,-2.214789887666545e-05
2703,15,14,10,-2.2147898876665453e-05
2704,4,3,1,-2.2205698926510805e-05
2705,4,1,3,-2.220569892651081e-05
2706,14,11,9,-2.2205698926510897e-05
2707,14,9,11,-2.2205698926510914e-05
2708,6,1,3,-2.2205698926511036e-05
2709,6,3,1,-2.220569892651104e-05
2710,2,5,7,-2.2205698926511496e-05
2711,2,7,5,-2.22056989265115e-05
2712,0,7,5,-2.2205698926511585e-05
2713,0,5,7,-2.220569892651159e-05
2714,12,11,9,-2.2205698926511673e-05
2715,12,9,11,-2.2205698926511673e-05
2716,10,15,13,-2.220569892651184e-05
2717,10,13,15,-2.220569892651185e-05
2718,8,15,13,-2.2205698926512398e-05
2719,8,13,15,-2.2205698926512405e-05
2720,13,6,11,-2.3739490709139627e-05
2721,13,11,6,-2.3739490709139627e-05
2722,5,14,3,-2.3739490709139766e-05
2723,5,3,14,-2.373949070913977e-05
2724,9,15,2,-2.3739490709139773e-05
2725,15,9,4,-2.3739490709139776e-05
2726,15,4,9,-2.3739490709139776e-05
2727,9,2,15,-2.3739490709139783e-05
2728,1,10,7,-2.3739490709139817e-05
2729,1,7,10,-2.3739490709139823e-05
2730,3,8,5,-2.373949070913984e-05
2731,3,5,8,-2.373949070913984e-05
2732,11,13,0,-2.373949070913984e-05
2733,11,0,13,-2.3739490709139844e-05
2734,7,1,12,-2.37394907091401e-05
2735,7,12,1,-2.3739490709140108e-05
2736,1,8,13,-2.40457801851874e-05
2737,1,13,8,-2.4045780185187462e-05
2738,11,7,2,-2.4045780185188146e-05
2739,11,2,7,-2.4045780185188197e-05
2740,5,12,9,-2.4045780185188333e-05
2741,5,9,12,-2.4045780185188424e-05
2742,3,10,15,-2.404578018518851e-05
2743,3,15,10,-2.4045780185188566e-05
2744,9,5,0,-2.4045780185188797e-05
2745,9,0,5,-2.404578018518883e-05
2746,7,11,14,-2.4045780185188946e-05
2747,7,14,11,-2.4045780185189014e-05
2748,15,3,6,-2.4045780185189678e-05
2749,15,6,3,-2.404578018518969e-05
2750,13,4,1,-2.4045780185190274e-05
2751,13,1,4,-2.404578018519041e-05
2752,3,0,5,-2.433169142664171e-05
2753,3,5,0,-2.4331691426641732e-05
2754,7,4,1,-2.4331691426641813e-05
2755,7,1,4,-2.433169142664185e-05
2756,1,7,2,-2.4331691426641983e-05
2757,1,2,7,-2.4331691426641986e-05
2758,15,12,9,-2.43316914266422e-05
2759,15,9,12,-2.433169142664221e-05
2760,11,8,13,-2.433169142664254e-05
2761,11,13,8,-2.4331691426642562e-05
2762,5,6,3,-2.4331691426642904e-05
2763,5,3,6,-2.433169142664292e-05
2764,13,14,11,-2.433169142664318e-05
2765,13,11,14,-2.4331691426643196e-05
2766,9,15,10,-2.4331691426643416e-05
2767,9,10,15,-2.4331691426643426e-05
2768,15,13,12,-2.7573325346302933e-05
2769,15,12,13,-2.7573325346302943e-05
2770,11,9,8,-2.757332534630305e-05
2771,11,8,9,-2.757332534630306e-05
2772,13,15,14,-2.757332534630307e-05
2773,13,14,15,-2.757332534630307e-05
2774,1,3,2,-2.7573325346303123e-05
2775,1,2,3,-2.7573325346303123e-05
2776,9,11,10,-2.757332534630314e-05
2777,9,10,11,-2.7573325346303143e-05
2778,3,1,0,-2.7573325346303157e-05
2779,3,0,1,-2.7573325346303157e-05
2780,5,7,6,-2.757332534630324e-05
2781,5,6,7,-2.7573325346303245e-05
2782,7,4,5,-2.7573325346303272e-05
2783,7,5,4,-2.7573325346303272e-05
2784,13,14,2,-2.761438600556027e-05
2785,13,2,14,-2.761438600556027e-05
2786,15,12,0,-2.7614386005560432e-05
2787,15,0,12,-2.7614386005560432e-05
2788,5,6,10,-2.761438600556055e-05
2789,5,10,6,-2.7614386005560554e-05
2790,1,2,14,-2.7614386005560567e-05
2791,1,14,2,-2.761438600556057e-05
2792,9,6,10,-2.76143860055606e-05
2793,9,10,6,-2.76143860055606e-05
2794,3,12,0,-2.761438600556062e-05
2795,3,0,12,-2.761438600556063e-05
2796,7,8,4,-2.7614386005560672e-05
2797,7,4,8,-2.7614386005560676e-05
2798,11,8,4,-2.7614386005560764e-05
2799,11,4,8,-2.7614386005560764e-05
2800,7,14,8,-2.8713321058177034e-05
2801,7,8,14,-2.871332105817704e-05
2802,1,8,14,-2.871332105817717e-05
2803,1,14,8,-2.8713321058177173e-05
2804,5,12,10,-2.8713321058177203e-05
2805,3,12,10,-2.8713321058177203e-05
2806,3,10,12,-2.8713321058177207e-05
2807,5,10,12,-2.871332105817721e-05
2808,11,4,2,-2.8713321058177217e-05
2809,11,2,4,-2.8713321058177224e-05
2810,15,0,6,-2.871332105817732e-05
2811,15,6,0,-2.8713321058177325e-05
2812,13,2,4,-2.871332105817738e-05
2813,13,4,2,-2.8713321058177386e-05
2814,9,0,6,-2.8713321058177427e-05
2815,9,6,0,-2.8713321058177434e-05
2816,15,0,1,-3.038460550513827e-05
2817,15,1,0,-3.038460550513827e-05
2818,9,7,6,-3.038460550513828e-05
2819,9,6,7,-3.0384605505138284e-05
2820,5,10,11,-3.0384605505138304e-05
2821,11,5,4,-3.0384605505138307e-05
2822,13,3,2,-3.0384605505138307e-05
2823,5,11,10,-3.0384605505138307e-05
2824,11,4,5,-3.038460550513831e-05
2825,7,8,9,-3.038460550513831e-05
2826,13,2,3,-3.038460550513831e-05
2827,7,9,8,-3.0384605505138314e-05
2828,3,13,12,-3.0384605505138382e-05
2829,3,12,13,-3.038460550513839e-05
2830,1,14,15,-3.0384605505138402e-05
2831,1,15,14,-3.038460550513841e-05
2832,12,0,14,-3.105408160405774e-05
2833,12,14,0,-3.105408160405774e-05
2834,4,8,6,-3.1054081604057765e-05
2835,4,6,8,-3.1054081604057765e-05
2836,6,4,10,-3.10540816040578e-05
2837,6,10,4,-3.10540816040578e-05
2838,8,4,10,-3.105408160405781e-05
2839,14,2,12,-3.105408160405781e-05
2840,14,12,2,-3.105408160405781e-05
2841,8,10,4,-3.105408160405781e-05
2842,0,12,2,-3.105408160405783e-05
2843,0,2,12,-3.105408160405783e-05
2844,10,8,6,-3.1054081604057914e-05
2845,10,6,8,-3.105408160405792e-05
2846,2,14,0,-3.105408160405793e-05
2847,2,0,14,-3.1054081604057934e-05
2848,13,7,14,-3.150738476038906e-05
2849,5,6,15,-3.150738476038906e-05
2850,13,14,7,-3.150738476038908e-05
2851,5,15,6,-3.15073847603891e-05
2852,15,5,12,-3.150738476038963e-05
2853,15,12,5,-3.150738476038964e-05
2854,7,13,4,-3.1507384760389654e-05
2855,7,4,13,-3.1507384760389695e-05
2856,9,3,10,-3.150738476038983e-05
2857,9,10,3,-3.150738476038987e-05
2858,3,0,9,-3.150738476038999e-05
2859,3,9,0,-3.150738476039004e-05
2860,11,8,1,-3.150738476039011e-05
2861,11,1,8,-3.1507384760390115e-05
2862,1,11,2,-3.150738476039012e-05
2863,1,2,11,-3.1507384760390197e-05
2864,2,10,4,-3.284645575735014e-05
2865,2,4,10,-3.2846455757350144e-05
2866,14,6,8,-3.2846455757350144e-05
2867,6,0,14,-3.2846455757350144e-05
2868,14,8,6,-3.284645575735015e-05
2869,6,14,0,-3.284645575735015e-05
2870,10,2,12,-3.2846455757350185e-05
2871,10,12,2,-3.2846455757350185e-05
2872,4,12,2,-3.28464557573502e-05
2873,4,2,12,-3.28464557573502e-05
2874,12,10,4,-3.2846455757350205e-05
2875,12,4,10,-3.2846455757350205e-05
2876,8,0,14,-3.2846455757350225e-05
2877,8,14,0,-3.2846455757350225e-05
2878,0,8,6,-3.284645575735023e-05
2879,0,6,8,-3.284645575735024e-05
2880,9,8,0,-3.3484939545086385e-05
2881,9,0,8,-3.3484939545086385e-05
2882,13,4,12,-3.348493954508669e-05
2883,13,12,4,-3.348493954508669e-05
2884,11,2,10,-3.348493954508682e-05
2885,11,10,2,-3.3484939545086825e-05
2886,1,8,0,-3.348493954508684e-05
2887,1,0,8,-3.3484939545086845e-05
2888,15,14,6,-3.348493954508697e-05
2889,15,6,14,-3.348493954508698e-05
2890,3,10,2,-3.348493954508706e-05
2891,3,2,10,-3.3484939545087076e-05
2892,5,12,4,-3.348493954508733e-05
2893,5,4,12,-3.348493954508734e-05
2894,7,6,14,-3.348493954508742e-05
2895,7,14,6,-3.348493954508742e-05
2896,4,13,9,-3.401434219209979e-05
2897,4,9,13,-3.401434219209979e-05
2898,0,13,9,-3.401434219210009e-05
2899,0,9,13,-3.40143421921001e-05
2900,6,15,11,-3.4014342192100166e-05
2901,6,11,15,-3.4014342192100166e-05
2902,2,11,15,-3.401434219210026e-05
2903,2,15,11,-3.401434219210027e-05
2904,12,1,5,-3.4014342192100546e-05
2905,12,5,1,-3.4014342192100546e-05
2906,8,5,1,-3.4014342192100796e-05
2907,8,1,5,-3.40143421921008e-05
2908,10,3,7,-3.401434219210087e-05
2909,10,7,3,-3.401434219210088e-05
2910,14,3,7,-3.401434219210094e-05
2911,14,7,3,-3.401434219210094e-05
2912,3,6,12,-3.484343491574474e-05
2913,3,12,6,-3.484343491574475e-05
2914,13,2,8,-3.4843434915745024e-05
2915,13,8,2,-3.484343491574503e-05
2916,11,4,14,-3.4843434915745065e-05
2917,11,14,4,-3.484343491574507e-05
2918,9,6,12,-3.484343491574508e-05
2919,9,12,6,-3.484343491574509e-05
2920,15,0,10,-3.484343491574512e-05
2921,15,10,0,-3.484343491574513e-05
2922,7,8,2,-3.4843434915745174e-05
2923,7,2,8,-3.4843434915745174e-05
2924,5,0,10,-3.484343491574544e-05
2925,5,10,0,-3.4843434915745445e-05
2926,1,14,4,-3.4843434915745506e-05
2927,1,4,14,-3.484343491574551e-05
2928,0,10,9,-3.583386207755283e-05
2929,0,9,10,-3.583386207755285e-05
2930,4,13,14,-3.5833862077552865e-05
2931,4,14,13,-3.5833862077552865e-05
2932,6,15,12,-3.5833862077552946e-05
2933,10,3,0,-3.583386207755296e-05
2934,10,0,3,-3.583386207755297e-05
2935,6,12,15,-3.583386207755297e-05
2936,8,1,2,-3.583386207755302e-05
2937,8,2,1,-3.5833862077553034e-05
2938,14,7,4,-3.583386207755305e-05
2939,14,4,7,-3.5833862077553055e-05
2940,2,11,8,-3.5833862077553075e-05
2941,2,8,11,-3.5833862077553095e-05
2942,12,6,5,-3.583386207755322e-05
2943,12,5,6,-3.583386207755324e-05
2944,10,0,14,-3.6029711583082575e-05
2945,10,14,0,-3.602971158308258e-05
2946,12,8,6,-3.6029711583082616e-05
2947,12,6,8,-3.6029711583082616e-05
2948,14,10,4,-3.6029711583082616e-05
2949,8,12,2,-3.6029711583082616e-05
2950,14,4,10,-3.6029711583082616e-05
2951,8,2,12,-3.6029711583082616e-05
2952,2,8,6,-3.602971158308274e-05
2953,2,6,8,-3.6029711583082744e-05
2954,4,14,0,-3.6029711583082744e-05
2955,4,0,14,-3.602971158308275e-05
2956,0,4,10,-3.602971158308278e-05
2957,0,10,4,-3.6029711583082785e-05
2958,6,12,2,-3.602971158308281e-05
2959,6,2,12,-3.602971158308281e-05
2960,6,3,0,-3.848026748097511e-05
2961,6,0,3,-3.848026748097511e-05
2962,0,6,5,-3.848026748097525e-05
2963,0,5,6,-3.848026748097527e-05
2964,4,2,1,-3.848026748097538e-05
2965,4,1,2,-3.848026748097538e-05
2966,2,4,7,-3.848026748097542e-05
2967,2,7,4,-3.8480267480975436e-05
2968,14,8,11,-3.8480267480975693e-05
2969,14,11,8,-3.8480267480975693e-05
2970,10,12,15,-3.848026748097594e-05
2971,10,15,12,-3.848026748097595e-05
2972,8,14,13,-3.8480267480976026e-05
2973,8,13,14,-3.848026748097603e-05
2974,12,10,9,-3.848026748097608e-05
2975,12,9,10,-3.848026748097608e-05
2976,3,15,6,-4.158762894380883e-05
2977,3,6,15,-4.158762894380885e-05
2978,7,11,2,-4.158762894380908e-05
2979,7,2,11,-4.158762894380909e-05
2980,9,12,5,-4.158762894380999e-05
2981,9,5,12,-4.158762894380999e-05
2982,5,0,9,-4.1587628943810315e-05
2983,1,4,13,-4.158762894381033e-05
2984,5,9,0,-4.1587628943810335e-05
2985,1,13,4,-4.158762894381039e-05
2986,11,14,7,-4.158762894381044e-05
2987,11,7,14,-4.158762894381045e-05
2988,13,8,1,-4.158762894381045e-05
2989,13,1,8,-4.158762894381046e-05
2990,15,10,3,-4.15876289438105e-05
2991,15,3,10,-4.1587628943810525e-05
2992,7,10,13,-4.395911620774075e-05
2993,7,13,10,-4.395911620774075e-05
2994,3,9,14,-4.395911620774087e-05
2995,3,14,9,-4.3959116207740876e-05
2996,5,8,15,-4.395911620774098e-05
2997,5,15,8,-4.3959116207740984e-05
2998,11,1,6,-4.395911620774108e-05
2999,11,6,1,-4.395911620774109e-05
3000,1,12,11,-4.3959116207741106e-05
3001,1,11,12,-4.395911620774111e-05
3002,15,5,2,-4.39591162077412e-05
3003,15,2,5,-4.3959116207741215e-05
3004,9,3,4,-4.3959116207741255e-05
3005,9,4,3,-4.395911620774126e-05
3006,13,0,7,-4.395911620774162e-05
3007,13,7,0,-4.395911620774163e-05
3008,8,14,5,-4.4483730127965094e-05
3009,8,5,14,-4.448373012796511e-05
3010,10,7,12,-4.448373012796516e-05
3011,10,12,7,-4.448373012796516e-05
3012,2,4,15,-4.448373012796531e-05
3013,2,15,4,-4.448373012796533e-05
3014,6,0,11,-4.4483730127965344e-05
3015,6,11,0,-4.448373012796535e-05
3016,14,8,3,-4.448373012796542e-05
3017,14,3,8,-4.4483730127965426e-05
3018,4,9,2,-4.448373012796548e-05
3019,4,2,9,-4.448373012796548e-05
3020,12,10,1,-4.448373012796552e-05
3021,12,1,10,-4.448373012796552e-05
3022,0,6,13,-4.4483730127965615e-05
3023,0,13,6,-4.448373012796563e-05
3024,2,15,7,-4.7904416437721235e-05
3025,2,7,15,-4.790441643772124e-05
3026,6,3,11,-4.7904416437721425e-05
3027,6,11,3,-4.790441643772143e-05
3028,14,3,11,-4.790441643772146e-05
3029,14,11,3,-4.7904416437721466e-05
3030,10,15,7,-4.7904416437721574e-05
3031,10,7,15,-4.7904416437721574e-05
3032,4,9,1,-4.7904416437721635e-05
3033,4,1,9,-4.790441643772164e-05
3034,0,5,13,-4.790441643772176e-05
3035,0,13,5,-4.790441643772176e-05
3036,8,5,13,-4.790441643772212e-05
3037,8,13,5,-4.790441643772213e-05
3038,12,9,1,-4.790441643772216e-05
3039,12,1,9,-4.7904416437722164e-05
3040,10,7,0,-5.243368521943062e-05
3041,10,0,7,-5.2433685219430625e-05
3042,6,11,12,-5.243368521943064e-05
3043,6,12,11,-5.243368521943065e-05
3044,4,9,14,-5.243368521943075e-05
3045,4,14,9,-5.243368521943075e-05
3046,2,15,8,-5.243368521943082e-05
3047,14,3,4,-5.243368521943083e-05
3048,2,8,15,-5.243368521943083e-05
3049,14,4,3,-5.2433685219430835e-05
3050,8,5,2,-5.2433685219430856e-05
3051,8,2,5,-5.2433685219430856e-05
3052,0,10,13,-5.243368521943089e-05
3053,0,13,10,-5.2433685219430896e-05
3054,12,6,1,-5.243368521943112e-05
3055,12,1,6,-5.243368521943113e-05
3056,14,4,13,-5.7282845884671706e-05
3057,14,13,4,-5.728284588467171e-05
3058,12,6,15,-5.728284588467172e-05
3059,12,15,6,-5.7282845884671727e-05
3060,10,0,9,-5.728284588467205e-05
3061,10,9,0,-5.7282845884672065e-05
3062,8,2,11,-5.728284588467227e-05
3063,8,11,2,-5.728284588467228e-05
3064,6,12,5,-5.728284588467232e-05
3065,6,5,12,-5.728284588467233e-05
3066,4,7,14,-5.7282845884672364e-05
3067,4,14,7,-5.728284588467237e-05
3068,2,1,8,-5.7282845884672594e-05
3069,2,8,1,-5.7282845884672594e-05
3070,0,10,3,-5.7282845884672635e-05
3071,0,3,10,-5.728284588467265e-05
3072,12,10,15,-5.7955407531369114e-05
3073,12,15,10,-5.795540753136912e-05
3074,4,2,7,-5.795540753136912e-05
3075,4,7,2,-5.795540753136914e-05
3076,14,8,13,-5.795540753136917e-05
3077,14,13,8,-5.7955407531369175e-05
3078,6,5,0,-5.795540753136942e-05
3079,0,6,3,-5.795540753136942e-05
3080,8,14,11,-5.795540753136942e-05
3081,6,0,5,-5.7955407531369426e-05
3082,8,11,14,-5.7955407531369426e-05
3083,0,3,6,-5.795540753136943e-05
3084,10,9,12,-5.7955407531369595e-05
3085,10,12,9,-5.79554075313696e-05
3086,2,1,4,-5.795540753136983e-05
3087,2,4,1,-5.795540753136984e-05
3088,0,7,3,-5.8894498628480474e-05
3089,0,3,7,-5.8894498628480474e-05
3090,8,11,15,-5.889449862848054e-05
3091,8,15,11,-5.889449862848054e-05
3092,4,7,3,-5.889449862848064e-05
3093,4,3,7,-5.8894498628480643e-05
3094,2,1,5,-5.88944986284808e-05
3095,2,5,1,-5.8894498628480806e-05
3096,10,9,13,-5.889449862848089e-05
3097,10,13,9,-5.8894498628480894e-05
3098,12,15,11,-5.8894498628480935e-05
3099,12,11,15,-5.8894498628480935e-05
3100,6,5,1,-5.889449862848122e-05
3101,6,1,5,-5.889449862848123e-05
3102,14,9,13,-5.889449862848141e-05
3103,14,13,9,-5.889449862848142e-05
3104,10,15,6,-6.199514638511095e-05
3105,10,6,15,-6.199514638511095e-05
3106,14,2,11,-6.199514638511114e-05
3107,14,11,2,-6.199514638511114e-05
3108,8,4,13,-6.199514638511168e-05
3109,8,13,4,-6.19951463851117e-05
3110,12,9,0,-6.19951463851119e-05
3111,12,0,9,-6.19951463851119e-05
3112,2,7,14,-6.199514638511196e-05
3113,2,14,7,-6.199514638511205e-05
3114,6,10,3,-6.199514638511221e-05
3115,6,3,10,-6.199514638511222e-05
3116,0,12,5,-6.199514638511237e-05
3117,0,5,12,-6.199514638511241e-05
3118,4,1,8,-6.199514638511257e-05
3119,4,8,1,-6.19951463851126e-05
3120,7,13,0,-6.367352256650985e-05
3121,7,0,13,-6.367352256650986e-05
3122,5,15,2,-6.367352256651018e-05
3123,5,2,15,-6.367352256651018e-05
3124,3,9,4,-6.36735225665102e-05
3125,3,4,9,-6.367352256651022e-05
3126,15,5,8,-6.367352256651035e-05
3127,15,8,5,-6.367352256651037e-05
3128,1,11,6,-6.367352256651043e-05
3129,1,6,11,-6.367352256651045e-05
3130,13,7,10,-6.367352256651066e-05
3131,13,10,7,-6.367352256651066e-05
3132,11,12,1,-6.367352256651094e-05
3133,11,1,12,-6.367352256651094e-05
3134,9,3,14,-6.367352256651095e-05
3135,9,14,3,-6.367352256651095e-05
3136,6,13,0,-6.40347342440661e-05
3137,6,0,13,-6.403473424406612e-05
3138,0,6,11,-6.403473424406627e-05
3139,0,11,6,-6.403473424406627e-05
3140,2,4,9,-6.403473424406635e-05
3141,2,9,4,-6.403473424406635e-05
3142,4,2,15,-6.40347342440664e-05
3143,4,15,2,-6.40347342440664e-05
3144,12,10,7,-6.403473424406676e-05
3145,12,7,10,-6.403473424406676e-05
3146,14,8,5,-6.40347342440669e-05
3147,14,5,8,-6.403473424406692e-05
3148,8,3,14,-6.403473424406694e-05
3149,8,14,3,-6.403473424406696e-05
3150,10,1,12,-6.403473424406696e-05
3151,10,12,1,-6.403473424406696e-05
3152,10,6,3,-6.645195201446596e-05
3153,10,3,6,-6.645195201446596e-05
3154,14,7,2,-6.645195201446619e-05
3155,14,2,7,-6.64519520144662e-05
3156,8,1,4,-6.645195201446649e-05
3157,8,4,1,-6.645195201446652e-05
3158,12,0,5,-6.645195201446671e-05
3159,12,5,0,-6.645195201446672e-05
3160,4,8,13,-6.645195201446684e-05
3161,4,13,8,-6.645195201446686e-05
3162,0,9,12,-6.645195201446702e-05
3163,0,12,9,-6.645195201446703e-05
3164,2,11,14,-6.64519520144671e-05
3165,2,14,11,-6.645195201446714e-05
3166,6,15,10,-6.645195201446729e-05
3167,6,10,15,-6.645195201446733e-05
3168,10,1,9,-6.975817088619376e-05
3169,10,9,1,-6.975817088619376e-05
3170,14,13,5,-6.975817088619402e-05
3171,14,5,13,-6.975817088619404e-05
3172,8,3,11,-6.975817088619405e-05
3173,8,11,3,-6.975817088619406e-05
3174,12,7,15,-6.975817088619408e-05
3175,12,15,7,-6.975817088619408e-05
3176,4,15,7,-6.975817088619421e-05
3177,4,7,15,-6.975817088619422e-05
3178,0,3,11,-6.975817088619429e-05
3179,0,11,3,-6.97581708861943e-05
3180,2,1,9,-6.97581708861944e-05
3181,2,9,1,-6.975817088619441e-05
3182,6,13,5,-6.975817088619474e-05
3183,6,5,13,-6.975817088619474e-05
3184,10,0,13,-7.231470483545721e-05
3185,10,13,0,-7.231470483545722e-05
3186,8,2,15,-7.231470483545728e-05
3187,8,15,2,-7.231470483545728e-05
3188,2,5,8,-7.231470483545741e-05
3189,2,8,5,-7.231470483545743e-05
3190,0,7,10,-7.231470483545744e-05
3191,0,10,7,-7.231470483545745e-05
3192,14,9,4,-7.231470483545766e-05
3193,14,4,9,-7.231470483545767e-05
3194,6,12,1,-7.231470483545774e-05
3195,6,1,12,-7.231470483545774e-05
3196,4,14,3,-7.231470483545777e-05
3197,4,3,14,-7.231470483545777e-05
3198,12,6,11,-7.23147048354578e-05
3199,12,11,6,-7.231470483545782e-05
3200,11,12,7,-7.709632466170915e-05
3201,5,2,9,-7.709632466170917e-05
3202,11,7,12,-7.709632466170919e-05
3203,5,9,2,-7.70963246617092e-05
3204,13,10,1,-7.709632466170928e-05
3205,13,1,10,-7.70963246617093e-05
3206,9,5,14,-7.709632466170935e-05
3207,9,14,5,-7.709632466170936e-05
3208,3,15,4,-7.709632466170938e-05
3209,3,4,15,-7.709632466170942e-05
3210,15,8,3,-7.709632466170961e-05
3211,15,3,8,-7.709632466170963e-05
3212,1,13,6,-7.709632466170965e-05
3213,1,6,13,-7.709632466170968e-05
3214,7,11,0,-7.709632466170977e-05
3215,7,0,11,-7.709632466170981e-05
3216,9,5,2,-8.670290850708156e-05
3217,9,2,5,-8.670290850708156e-05
3218,5,14,9,-8.670290850708187e-05
3219,1,13,10,-8.67029085070819e-05
3220,5,9,14,-8.67029085070819e-05
3221,1,10,13,-8.67029085070819e-05
3222,13,1,6,-8.67029085070819e-05
3223,13,6,1,-8.67029085070819e-05
3224,15,3,4,-8.670290850708221e-05
3225,15,4,3,-8.670290850708221e-05
3226,11,7,0,-8.670290850708222e-05
3227,11,0,7,-8.670290850708222e-05
3228,7,11,12,-8.670290850708255e-05
3229,7,12,11,-8.670290850708256e-05
3230,3,15,8,-8.67029085070829e-05
3231,3,8,15,-8.67029085070829e-05
3232,6,1,10,-9.986227727901622e-05
3233,6,10,1,-9.986227727901624e-05
3234,14,9,2,-9.986227727901649e-05
3235,14,2,9,-9.986227727901649e-05
3236,4,3,8,-9.986227727901667e-05
3237,4,8,3,-9.986227727901668e-05
3238,0,7,12,-9.986227727901674e-05
3239,2,14,5,-9.986227727901674e-05
3240,2,5,14,-9.986227727901674e-05
3241,0,12,7,-9.986227727901675e-05
3242,8,4,15,-9.986227727901682e-05
3243,8,15,4,-9.986227727901685e-05
3244,10,6,13,-9.986227727901687e-05
3245,10,13,6,-9.98622772790169e-05
3246,12,11,0,-9.986227727901694e-05
3247,12,0,11,-9.986227727901695e-05
3248,10,6,1,-0.00010724247559881081
3249,2,14,9,-0.00010724247559881082
3250,10,1,6,-0.00010724247559881084
3251,2,9,14,-0.00010724247559881084
3252,4,8,15,-0.00010724247559881089
3253,8,3,4,-0.0001072424755988109
3254,4,15,8,-0.00010724247559881092
3255,8,4,3,-0.00010724247559881093
3256,6,10,13,-0.00010724247559881095
3257,6,13,10,-0.00010724247559881097
3258,0,12,11,-0.00010724247559881108
3259,0,11,12,-0.00010724247559881108
3260,12,7,0,-0.0001072424755988113
3261,12,0,7,-0.0001072424755988113
3262,14,2,5,-0.00010724247559881157
3263,14,5,2,-0.00010724247559881157
3264,11,6,2,-0.0001945342121282595
3265,11,2,6,-0.00019453421212825952
3266,15,6,2,-0.00019453421212826038
3267,15,2,6,-0.00019453421212826038
3268,9,4,0,-0.00019453421212826046
3269,9,0,4,-0.0001945342121282605
3270,13,4,0,-0.00019453421212826168
3271,13,0,4,-0.00019453421212826168
3272,3,14,10,-0.00019453421212826193
3273,3,10,14,-0.00019453421212826196
3274,1,8,12,-0.000194534212128262
3275,1,12,8,-0.00019453421212826206
3276,7,10,14,-0.00019453421212826347
3277,7,14,10,-0.0001945342121282635
3278,5,12,8,-0.00019453421212826429
3279,5,8,12,-0.00019453421212826434
3280,1,8,10,-0.0002319495072334956
3281,1,10,8,-0.00023194950723349567
3282,3,8,10,-0.00023194950723349702
3283,3,10,8,-0.00023194950723349708
3284,9,0,2,-0.00023194950723349748
3285,9,2,0,-0.00023194950723349754
3286,11,2,0,-0.00023194950723349843
3287,11,0,2,-0.0002319495072334985
3288,13,4,6,-0.00023194950723350106
3289,13,6,4,-0.0002319495072335011
3290,5,14,12,-0.0002319495072335027
3291,5,12,14,-0.00023194950723350272
3292,15,4,6,-0.0002319495072335066
3293,15,6,4,-0.00023194950723350662
3294,7,12,14,-0.00023194950723350757
3295,7,14,12,-0.00023194950723350765
3296,11,12,14,-0.0002336527067473795
3297,11,14,12,-0.00023365270674737966
3298,9,14,12,-0.00023365270674738156
3299,9,12,14,-0.00023365270674738167
3300,1,4,6,-0.0002336527067473847
3301,1,6,4,-0.0002336527067473848
3302,3,6,4,-0.0002336527067473852
3303,3,4,6,-0.00023365270674738527
3304,15,8,10,-0.00023365270674738565
3305,15,10,8,-0.00023365270674738579
3306,5,0,2,-0.00023365270674738614
3307,5,2,0,-0.00023365270674738625
3308,7,0,2,-0.00023365270674738752
3309,7,2,0,-0.00023365270674738755
3310,13,10,8,-0.00023365270674738785
3311,13,8,10,-0.00023365270674738787
3312,9,4,12,-0.000257116675380151
3313,9,12,4,-0.000257116675380151
3314,3,6,14,-0.00025711667538015105
3315,3,14,6,-0.00025711667538015105
3316,1,12,4,-0.0002571166753801526
3317,1,4,12,-0.0002571166753801527
3318,5,0,8,-0.0002571166753801528
3319,5,8,0,-0.0002571166753801528
3320,11,6,14,-0.0002571166753801535
3321,11,14,6,-0.00025711667538015355
3322,13,0,8,-0.0002571166753801541
3323,13,8,0,-0.0002571166753801541
3324,15,2,10,-0.0002571166753801553
3325,15,10,2,-0.0002571166753801554
3326,7,2,10,-0.00025711667538015593
3327,7,10,2,-0.00025711667538015593
3328,3,0,4,-0.0002587462449770568
3329,3,4,0,-0.0002587462449770568
3330,11,8,12,-0.00025874624497705917
3331,11,12,8,-0.00025874624497705917
3332,1,2,6,-0.0002587462449770594
3333,1,6,2,-0.0002587462449770594
3334,7,4,0,-0.00025874624497706036
3335,7,0,4,-0.00025874624497706047
3336,15,8,12,-0.0002587462449770605
3337,15,12,8,-0.0002587462449770606
3338,9,14,10,-0.00025874624497706193
3339,9,10,14,-0.000258746244977062
3340,5,6,2,-0.00025874624497706274
3341,5,2,6,-0.00025874624497706274
3342,13,14,10,-0.0002587462449770635
3343,13,10,14,-0.0002587462449770635
3344,15,4,12,-0.0004394567240908606
3345,15,12,4,-0.00043945672409086064
3346,11,8,0,-0.0004394567240908632
3347,11,0,8,-0.00043945672409086324
3348,7,12,4,-0.00043945672409086335
3349,7,4,12,-0.0004394567240908634
3350,5,14,6,-0.00043945672409086384
3351,5,6,14,-0.0004394567240908639
3352,3,0,8,-0.0004394567240908644
3353,3,8,0,-0.0004394567240908644
3354,13,6,14,-0.0004394567240908655
3355,13,14,6,-0.00043945672409086557
3356,1,2,10,-0.00043945672409086655
3357,1,10,2,-0.00043945672409086655
3358,9,10,2,-0.0004394567240908667
3359,9,2,10,-0.0004394567240908667
