#K-Path     Band-1    Band-2    Band-3    Band-4      ...     Band-n
  0.0000  -20.7772  -20.7764  -20.7747  -20.7742  -12.6843  -12.5947  -12.5756  -12.5424  -11.5865  -11.5645  -11.5510  -11.4276  -10.8124  -10.8102  -10.7870  -10.7487   -7.6532   -7.6380   -7.6346   -7.6183   -7.6143   -7.6063   -7.6027   -7.5943   -7.5777   -7.5648   -7.5630   -7.5490   -4.0054   -3.9485   -3.7972   -3.7280   -2.4132   -2.2769   -2.2181   -2.1454   -1.9811   -1.9580   -1.9283   -1.7779   -1.7153   -1.6907   -1.5570   -1.4698   -1.3434   -1.1872   -1.1510   -1.1406   -1.1065   -1.0893   -0.9892   -0.8355   -0.7845   -0.6454   -0.6310   -0.6132   -0.6035   -0.4385   -0.4022   -0.3292    1.6419    1.6864    1.7157    1.7916    3.8197    4.7672    4.8453    5.0494    5.0670    5.1931    5.3003    5.4018    5.4585    5.6859    5.8728    5.8889    5.9126    5.9557    5.9818    6.0032    6.1011    6.2661    6.3521    6.3587    6.4989    6.4990    6.5892    6.6165    6.6340    6.7815    7.0159    7.1180    7.2522    7.2745    7.2784    7.3526    7.4930    7.6383    7.6533    7.6740    7.6991    7.8164    8.0919    8.1423    8.1669    8.1854    8.1857    8.3009    8.6099    8.6327    8.6391    8.7610    8.8750    9.1142    9.1529    9.1959    9.2905    9.3758    9.4338    9.4413    9.7165    9.7983    9.8881   10.0663   10.2248   10.2386   10.6633   10.8238   10.8506   10.8767   10.9315   10.9548   11.1348   11.1427   11.1691   11.1897   11.2089   11.3967   11.3998   11.4997
  0.0147  -20.7772  -20.7764  -20.7747  -20.7742  -12.6842  -12.5946  -12.5759  -12.5425  -11.5865  -11.5642  -11.5510  -11.4278  -10.8126  -10.8099  -10.7871  -10.7488   -7.6532   -7.6380   -7.6346   -7.6182   -7.6142   -7.6064   -7.6026   -7.5943   -7.5778   -7.5650   -7.5629   -7.5490   -4.0050   -3.9482   -3.7975   -3.7284   -2.4129   -2.2768   -2.2185   -2.1465   -1.9822   -1.9596   -1.9273   -1.7778   -1.7148   -1.6891   -1.5569   -1.4698   -1.3444   -1.1866   -1.1498   -1.1396   -1.1051   -1.0899   -0.9892   -0.8354   -0.7855   -0.6441   -0.6312   -0.6128   -0.6043   -0.4385   -0.4030   -0.3294    1.6416    1.6861    1.7152    1.7906    3.8220    4.7690    4.8460    5.0489    5.0675    5.1933    5.2997    5.4016    5.4506    5.6895    5.8718    5.8900    5.9062    5.9550    5.9877    6.0019    6.1010    6.2671    6.3495    6.3571    6.4987    6.4988    6.5816    6.6259    6.6357    6.7867    7.0150    7.1122    7.2373    7.2786    7.2993    7.3494    7.4922    7.6408    7.6604    7.6738    7.6997    7.8137    8.0907    8.1422    8.1676    8.1853    8.1855    8.3015    8.5881    8.6038    8.6864    8.7589    8.8798    9.1172    9.1486    9.1952    9.2857    9.3759    9.4289    9.4471    9.7132    9.8048    9.8810   10.0747   10.2225   10.2390   10.6577   10.7993   10.8278   10.9022   10.9337   10.9522   11.1223   11.1597   11.1819   11.1863   11.2110   11.3939   11.4020   11.4875
  0.0293  -20.7772  -20.7764  -20.7747  -20.7742  -12.6837  -12.5943  -12.5767  -12.5426  -11.5864  -11.5631  -11.5512  -11.4283  -10.8129  -10.8093  -10.7874  -10.7491   -7.6531   -7.6381   -7.6343   -7.6181   -7.6141   -7.6064   -7.6023   -7.5941   -7.5779   -7.5656   -7.5626   -7.5492   -4.0039   -3.9471   -3.7985   -3.7297   -2.4121   -2.2766   -2.2198   -2.1497   -1.9854   -1.9642   -1.9245   -1.7777   -1.7134   -1.6845   -1.5566   -1.4698   -1.3473   -1.1848   -1.1464   -1.1368   -1.1010   -1.0916   -0.9890   -0.8352   -0.7882   -0.6404   -0.6318   -0.6115   -0.6066   -0.4387   -0.4053   -0.3298    1.6404    1.6852    1.7137    1.7876    3.8289    4.7742    4.8478    5.0472    5.0692    5.1939    5.2982    5.4011    5.4299    5.6970    5.8688    5.8913    5.8930    5.9541    5.9982    6.0013    6.1007    6.2700    6.3373    6.3573    6.4978    6.4982    6.5697    6.6407    6.6437    6.8014    7.0124    7.0967    7.2259    7.2790    7.3384    7.3410    7.4897    7.6477    7.6733    7.6805    7.7015    7.8058    8.0875    8.1418    8.1698    8.1850    8.1850    8.3032    8.5439    8.5872    8.7391    8.7530    8.8927    9.1258    9.1359    9.1930    9.2733    9.3765    9.4149    9.4623    9.7030    9.8233    9.8643   10.0952   10.2158   10.2404   10.6414   10.7605   10.7733   10.9421   10.9427   10.9433   11.0855   11.1789   11.1957   11.2170   11.2182   11.3828   11.4077   11.4743
  0.0440  -20.7772  -20.7764  -20.7747  -20.7743  -12.6830  -12.5938  -12.5781  -12.5428  -11.5863  -11.5613  -11.5514  -11.4292  -10.8133  -10.8085  -10.7879  -10.7497   -7.6530   -7.6383   -7.6340   -7.6180   -7.6140   -7.6065   -7.6019   -7.5938   -7.5781   -7.5664   -7.5624   -7.5494   -4.0020   -3.9454   -3.8002   -3.7317   -2.4108   -2.2762   -2.2219   -2.1549   -1.9907   -1.9716   -1.9199   -1.7776   -1.7104   -1.6777   -1.5561   -1.4699   -1.3520   -1.1818   -1.1408   -1.1323   -1.0962   -1.0927   -0.9886   -0.8349   -0.7921   -0.6346   -0.6328   -0.6103   -0.6093   -0.4389   -0.4091   -0.3306    1.6385    1.6838    1.7112    1.7828    3.8404    4.7828    4.8506    5.0438    5.0719    5.1948    5.2956    5.4004    5.4026    5.7021    5.8643    5.8730    5.8953    5.9566    5.9924    6.0174    6.0998    6.2739    6.3174    6.3593    6.4957    6.4978    6.5593    6.6489    6.6639    6.8241    7.0081    7.0760    7.2236    7.2792    7.3301    7.3800    7.4860    7.6584    7.6735    7.7040    7.7111    7.7933    8.0827    8.1410    8.1738    8.1837    8.1846    8.3060    8.5037    8.5633    8.7444    8.7935    8.9102    9.1157    9.1384    9.1893    9.2563    9.3776    9.3941    9.4832    9.6853    9.8453    9.8515   10.1204   10.2057   10.2432   10.6163   10.7059   10.7204   10.9251   10.9572   10.9819   11.0398   11.1743   11.2037   11.2265   11.2907   11.3605   11.4162   11.4721
  0.0587  -20.7772  -20.7764  -20.7747  -20.7743  -12.6820  -12.5931  -12.5799  -12.5431  -11.5861  -11.5589  -11.5517  -11.4303  -10.8137  -10.8075  -10.7886  -10.7505   -7.6529   -7.6385   -7.6334   -7.6178   -7.6138   -7.6066   -7.6014   -7.5935   -7.5783   -7.5673   -7.5622   -7.5498   -3.9993   -3.9429   -3.8025   -3.7346   -2.4089   -2.2757   -2.2247   -2.1617   -1.9980   -1.9814   -1.9139   -1.7774   -1.7056   -1.6690   -1.5554   -1.4700   -1.3581   -1.1777   -1.1334   -1.1261   -1.0999   -1.0847   -0.9882   -0.8346   -0.7967   -0.6342   -0.6269   -0.6154   -0.6063   -0.4394   -0.4144   -0.3317    1.6360    1.6819    1.7077    1.7763    3.8562    4.7947    4.8539    5.0382    5.0756    5.1961    5.2919    5.3740    5.3995    5.7003    5.8536    5.8586    5.8937    5.9664    5.9848    6.0336    6.0978    6.2781    6.2926    6.3620    6.4922    6.4981    6.5520    6.6603    6.6853    6.8526    7.0022    7.0545    7.2274    7.2781    7.3206    7.4196    7.4814    7.6719    7.6762    7.7060    7.7495    7.7776    8.0772    8.1399    8.1800    8.1811    8.1843    8.3100    8.4685    8.5356    8.7345    8.8492    8.9289    9.0891    9.1533    9.1840    9.2374    9.3689    9.3799    9.5063    9.6609    9.8277    9.8869   10.1430   10.1958   10.2484   10.5850   10.6346   10.6790   10.8956   10.9782   10.9861   11.0139   11.1773   11.2067   11.2392   11.3356   11.3676   11.4275   11.4835
  0.0734  -20.7772  -20.7764  -20.7747  -20.7743  -12.6807  -12.5923  -12.5822  -12.5435  -11.5857  -11.5560  -11.5521  -11.4318  -10.8139  -10.8065  -10.7895  -10.7514   -7.6527   -7.6388   -7.6328   -7.6176   -7.6136   -7.6068   -7.6007   -7.5930   -7.5787   -7.5683   -7.5621   -7.5503   -3.9959   -3.9398   -3.8054   -3.7382   -2.4065   -2.2749   -2.2279   -2.1699   -2.0069   -1.9931   -1.9068   -1.7772   -1.6991   -1.6589   -1.5544   -1.4703   -1.3655   -1.1723   -1.1244   -1.1187   -1.1063   -1.0740   -0.9877   -0.8343   -0.8011   -0.6360   -0.6215   -0.6180   -0.6024   -0.4402   -0.4213   -0.3333    1.6328    1.6797    1.7033    1.7684    3.8760    4.8097    4.8568    5.0298    5.0802    5.1977    5.2870    5.3482    5.3986    5.6904    5.8343    5.8525    5.8875    5.9756    5.9826    6.0491    6.0945    6.2647    6.2820    6.3651    6.4875    6.4998    6.5483    6.6745    6.7076    6.8843    6.9952    7.0347    7.2356    7.2742    7.3158    7.4528    7.4761    7.6841    7.6872    7.7045    7.7622    7.7934    8.0722    8.1381    8.1766    8.1841    8.1889    8.3153    8.4390    8.5067    8.7246    8.9057    8.9465    9.0576    9.1683    9.1773    9.2185    9.3410    9.3837    9.5289    9.6317    9.8114    9.9274   10.1493   10.1986   10.2568   10.5507   10.5630   10.6349   10.8556   10.9258   11.0045   11.0313   11.1883   11.2069   11.2558   11.3216   11.4412   11.4428   11.5072
  0.0880  -20.7772  -20.7765  -20.7747  -20.7743  -12.6792  -12.5912  -12.5849  -12.5441  -11.5852  -11.5526  -11.5526  -11.4337  -10.8142  -10.8052  -10.7905  -10.7526   -7.6524   -7.6391   -7.6320   -7.6173   -7.6133   -7.6070   -7.5999   -7.5924   -7.5791   -7.5693   -7.5621   -7.5508   -3.9918   -3.9360   -3.8090   -3.7426   -2.4036   -2.2740   -2.2315   -2.1792   -2.0173   -2.0065   -1.8989   -1.7771   -1.6907   -1.6477   -1.5531   -1.4707   -1.3738   -1.1659   -1.1147   -1.1140   -1.1100   -1.0619   -0.9872   -0.8341   -0.8046   -0.6382   -0.6286   -0.6078   -0.5978   -0.4413   -0.4295   -0.3353    1.6292    1.6770    1.6979    1.7594    3.8997    4.8276    4.8579    5.0188    5.0858    5.1994    5.2809    5.3279    5.3978    5.6731    5.8157    5.8463    5.8788    5.9651    6.0010    6.0632    6.0901    6.2348    6.2853    6.3681    6.4821    6.5032    6.5482    6.6912    6.7308    6.9168    6.9871    7.0176    7.2468    7.2680    7.3173    7.4700    7.4755    7.6931    7.6994    7.7032    7.7536    7.8409    8.0690    8.1356    8.1695    8.1841    8.2011    8.3220    8.4161    8.4784    8.7156    8.9612    8.9623    9.0225    9.1690    9.1783    9.2043    9.3120    9.3894    9.5486    9.6003    9.7949    9.9709   10.1356   10.2182   10.2692   10.4929   10.5164   10.5870   10.8077   10.8609   11.0289   11.0353   11.2036   11.2063   11.2782   11.3259   11.4552   11.5050   11.5320
  0.1027  -20.7771  -20.7765  -20.7747  -20.7743  -12.6773  -12.5900  -12.5880  -12.5448  -11.5845  -11.5532  -11.5487  -11.4359  -10.8143  -10.8039  -10.7916  -10.7540   -7.6521   -7.6395   -7.6310   -7.6170   -7.6130   -7.6072   -7.5990   -7.5917   -7.5796   -7.5704   -7.5622   -7.5515   -3.9870   -3.9316   -3.8131   -3.7477   -2.4002   -2.2729   -2.2352   -2.1893   -2.0288   -2.0210   -1.8905   -1.7770   -1.6808   -1.6353   -1.5515   -1.4714   -1.3828   -1.1585   -1.1252   -1.1024   -1.1005   -1.0491   -0.9870   -0.8342   -0.8067   -0.6408   -0.6364   -0.5968   -0.5924   -0.4428   -0.4392   -0.3378    1.6252    1.6742    1.6917    1.7496    3.9269    4.8482    4.8548    5.0071    5.0921    5.2012    5.2736    5.3145    5.3972    5.6497    5.7981    5.8409    5.8693    5.9533    6.0177    6.0756    6.0849    6.2037    6.2882    6.3705    6.4765    6.5086    6.5518    6.7098    6.7547    6.9477    6.9786    7.0036    7.2604    7.2618    7.3240    7.4629    7.4865    7.6697    7.7190    7.7222    7.7543    7.8901    8.0686    8.1321    8.1594    8.1842    8.2172    8.3305    8.4003    8.4525    8.7084    8.9724    8.9852    9.0181    9.1595    9.1695    9.2082    9.2833    9.3971    9.5635    9.5688    9.7765   10.0158   10.1150   10.2430   10.2853   10.4254   10.4849   10.5351   10.7551   10.7940   11.0094   11.0699   11.2065   11.2170   11.3066   11.3482   11.4687   11.5273   11.5590
  0.1174  -20.7771  -20.7765  -20.7747  -20.7743  -12.6752  -12.5914  -12.5886  -12.5458  -11.5837  -11.5538  -11.5445  -11.4384  -10.8144  -10.8025  -10.7929  -10.7555   -7.6518   -7.6400   -7.6300   -7.6167   -7.6127   -7.6074   -7.5981   -7.5910   -7.5802   -7.5715   -7.5624   -7.5522   -3.9815   -3.9267   -3.8178   -3.7535   -2.3962   -2.2715   -2.2389   -2.1999   -2.0413   -2.0362   -1.8817   -1.7770   -1.6695   -1.6218   -1.5496   -1.4726   -1.3923   -1.1501   -1.1379   -1.0903   -1.0899   -1.0360   -0.9871   -0.8348   -0.8068   -0.6445   -0.6438   -0.5865   -0.5849   -0.4504   -0.4448   -0.3409    1.6209    1.6712    1.6846    1.7395    3.9573    4.8443    4.8713    4.9981    5.0991    5.2031    5.2652    5.3080    5.3969    5.6217    5.7820    5.8366    5.8599    5.9400    6.0299    6.0795    6.0863    6.1719    6.2912    6.3717    6.4716    6.5156    6.5585    6.7298    6.7795    6.9702    6.9746    6.9924    7.2580    7.2758    7.3354    7.4546    7.4879    7.6389    7.7338    7.7494    7.7601    7.9392    8.0715    8.1274    8.1467    8.1840    8.2380    8.3415    8.3913    8.4304    8.7036    8.9471    8.9797    9.0712    9.1491    9.1522    9.2200    9.2572    9.4068    9.5386    9.5720    9.7553   10.0597   10.0924   10.2694   10.3026   10.3610   10.4574   10.4826   10.6999   10.7281   10.9804   11.1073   11.2086   11.2216   11.3379   11.3849   11.4836   11.5090   11.5845
  0.1321  -20.7771  -20.7765  -20.7746  -20.7743  -12.6729  -12.5950  -12.5871  -12.5469  -11.5826  -11.5546  -11.5399  -11.4412  -10.8143  -10.8009  -10.7943  -10.7572   -7.6514   -7.6404   -7.6288   -7.6163   -7.6124   -7.6077   -7.5971   -7.5902   -7.5808   -7.5726   -7.5626   -7.5530   -3.9755   -3.9212   -3.8230   -3.7599   -2.3917   -2.2699   -2.2423   -2.2110   -2.0545   -2.0518   -1.8728   -1.7772   -1.6571   -1.6072   -1.5473   -1.4742   -1.4022   -1.1529   -1.1410   -1.0796   -1.0766   -1.0234   -0.9877   -0.8360   -0.8043   -0.6528   -0.6470   -0.5799   -0.5722   -0.4628   -0.4473   -0.3447    1.6165    1.6682    1.6767    1.7293    3.9904    4.8243    4.8965    4.9948    5.1067    5.2047    5.2556    5.3075    5.3971    5.5903    5.7676    5.8340    5.8510    5.9252    6.0363    6.0745    6.0950    6.1399    6.2947    6.3714    6.4681    6.5233    6.5680    6.7498    6.8052    6.9630    6.9839    6.9956    7.2574    7.2922    7.3515    7.4446    7.4833    7.6038    7.7471    7.7679    7.7776    7.9862    8.0775    8.1212    8.1322    8.1828    8.2638    8.3558    8.3883    8.4135    8.7016    8.9092    8.9834    9.1159    9.1345    9.1382    9.2317    9.2392    9.4180    9.5103    9.5736    9.7310   10.0691   10.0996   10.2974   10.3003   10.3148   10.4108   10.4607   10.6443   10.6676   10.9474   11.1463   11.2123   11.2130   11.3708   11.4311   11.4746   11.5026   11.6079
  0.1467  -20.7771  -20.7765  -20.7746  -20.7743  -12.6703  -12.5989  -12.5854  -12.5482  -11.5815  -11.5555  -11.5350  -11.4444  -10.8142  -10.7992  -10.7957  -10.7591   -7.6510   -7.6409   -7.6275   -7.6159   -7.6121   -7.6080   -7.5961   -7.5893   -7.5814   -7.5737   -7.5629   -7.5539   -3.9690   -3.9151   -3.8286   -3.7668   -2.3867   -2.2681   -2.2453   -2.2223   -2.0679   -2.0674   -1.8639   -1.7776   -1.6441   -1.5912   -1.5446   -1.4766   -1.4123   -1.1700   -1.1313   -1.0686   -1.0625   -1.0119   -0.9889   -0.8382   -0.7991   -0.6607   -0.6505   -0.5729   -0.5589   -0.4767   -0.4503   -0.3492    1.6121    1.6654    1.6682    1.7194    4.0260    4.7954    4.9236    4.9977    5.1147    5.2061    5.2450    5.3116    5.3977    5.5565    5.7551    5.8332    5.8432    5.9091    6.0369    6.0705    6.1019    6.1079    6.2988    6.3693    6.4665    6.5308    6.5798    6.7683    6.8321    6.9583    6.9780    7.0097    7.2597    7.3084    7.3725    7.4327    7.4764    7.5662    7.7585    7.7766    7.8045    8.0286    8.0855    8.1134    8.1171    8.1797    8.2943    8.3748    8.3901    8.4029    8.7030    8.8724    8.9842    9.1180    9.1273    9.1366    9.2423    9.2451    9.4305    9.4841    9.5684    9.7039   10.0458   10.1307   10.2436   10.3154   10.3268   10.3482   10.4739   10.5899   10.6180   10.9134   11.1857   11.1888   11.2200   11.4051   11.4333   11.4829   11.5253   11.6289
  0.1614  -20.7771  -20.7766  -20.7746  -20.7743  -12.6674  -12.6029  -12.5836  -12.5496  -11.5802  -11.5565  -11.5299  -11.4479  -10.8140  -10.7975  -10.7972  -10.7611   -7.6506   -7.6415   -7.6262   -7.6154   -7.6118   -7.6083   -7.5951   -7.5884   -7.5821   -7.5747   -7.5632   -7.5549   -3.9619   -3.9086   -3.8348   -3.7743   -2.3812   -2.2659   -2.2477   -2.2337   -2.0826   -2.0814   -1.8551   -1.7783   -1.6308   -1.5737   -1.5414   -1.4796   -1.4224   -1.1891   -1.1212   -1.0575   -1.0479   -1.0026   -0.9901   -0.8415   -0.7909   -0.6681   -0.6542   -0.5655   -0.5451   -0.4918   -0.4539   -0.3544    1.6079    1.6591    1.6628    1.7101    4.0637    4.7600    4.9523    5.0056    5.1231    5.2070    5.2336    5.3190    5.3987    5.5211    5.7449    5.8345    5.8368    5.8917    6.0322    6.0680    6.0762    6.1068    6.3031    6.3653    6.4670    6.5369    6.5933    6.7831    6.8601    6.9583    6.9744    7.0175    7.2638    7.3229    7.3979    7.4184    7.4706    7.5269    7.7680    7.7852    7.8294    8.0635    8.0944    8.1027    8.1047    8.1740    8.3288    8.3956    8.3993    8.3994    8.7076    8.8374    8.9828    9.1036    9.1171    9.1278    9.2518    9.2802    9.4439    9.4601    9.5574    9.6750   10.0226   10.1465   10.1909   10.2812   10.3080   10.3575   10.5072   10.5381   10.5867   10.8795   11.1546   11.2235   11.2295   11.3882   11.4397   11.5380   11.5481   11.6493
  0.1761  -20.7770  -20.7766  -20.7746  -20.7743  -12.6643  -12.6071  -12.5817  -12.5513  -11.5787  -11.5575  -11.5246  -11.4517  -10.8137  -10.7987  -10.7956  -10.7632   -7.6501   -7.6420   -7.6248   -7.6150   -7.6116   -7.6087   -7.5941   -7.5875   -7.5828   -7.5756   -7.5636   -7.5559   -3.9544   -3.9017   -3.8413   -3.7822   -2.3752   -2.2635   -2.2495   -2.2451   -2.0973   -2.0946   -1.8467   -1.7794   -1.6175   -1.5546   -1.5377   -1.4835   -1.4326   -1.2100   -1.1107   -1.0466   -1.0327   -0.9988   -0.9884   -0.8462   -0.7798   -0.6745   -0.6581   -0.5577   -0.5307   -0.5082   -0.4581   -0.3605    1.6041    1.6499    1.6605    1.7014    4.1032    4.7203    4.9823    5.0166    5.1316    5.2074    5.2215    5.3286    5.4000    5.4847    5.7371    5.8320    5.8380    5.8735    6.0233    6.0452    6.0670    6.1099    6.3074    6.3599    6.4694    6.5409    6.6080    6.7919    6.8892    6.9647    6.9731    7.0202    7.2689    7.3335    7.4017    7.4263    7.4689    7.4867    7.7760    7.7932    7.8524    8.0812    8.0898    8.1027    8.1031    8.1654    8.3657    8.4019    8.4035    8.4303    8.7150    8.8046    8.9800    9.0919    9.1073    9.1082    9.2605    9.3263    9.4381    9.4578    9.5424    9.6452    9.9994   10.1417   10.1424   10.2145   10.2972   10.3881   10.4913   10.5514   10.5798   10.8464   11.1142   11.2415   11.2553   11.3432   11.4716   11.5669   11.5950   11.6714
  0.1907  -20.7770  -20.7766  -20.7746  -20.7743  -12.6611  -12.6114  -12.5796  -12.5531  -11.5772  -11.5587  -11.5191  -11.4557  -10.8133  -10.8002  -10.7936  -10.7655   -7.6496   -7.6426   -7.6233   -7.6145   -7.6116   -7.6091   -7.5932   -7.5866   -7.5834   -7.5764   -7.5639   -7.5569   -3.9466   -3.8943   -3.8482   -3.7905   -2.3686   -2.2609   -2.2565   -2.2507   -2.1111   -2.1074   -1.8385   -1.7808   -1.6043   -1.5340   -1.5335   -1.4882   -1.4426   -1.2325   -1.1001   -1.0359   -1.0172   -1.0011   -0.9835   -0.8525   -0.7660   -0.6798   -0.6621   -0.5497   -0.5257   -0.5160   -0.4628   -0.3675    1.6008    1.6406    1.6587    1.6934    4.1442    4.6780    5.0133    5.0296    5.1402    5.2071    5.2089    5.3389    5.4014    5.4480    5.7319    5.8293    5.8437    5.8548    6.0113    6.0151    6.0675    6.1113    6.3113    6.3538    6.4733    6.5424    6.6236    6.7937    6.9195    6.9737    6.9784    7.0195    7.2742    7.3382    7.3826    7.4462    7.4560    7.4737    7.7827    7.8003    7.8740    8.0723    8.0793    8.1099    8.1181    8.1545    8.4035    8.4094    8.4130    8.4667    8.7239    8.7740    8.9767    9.0836    9.0845    9.1010    9.2687    9.3739    9.4176    9.4724    9.5255    9.6160    9.9759   10.0980   10.1174   10.1485   10.2880   10.4104   10.4585   10.5974   10.5998   10.8149   11.0715   11.2556   11.2588   11.3198   11.4968   11.5783   11.6525   11.6990
  0.2054  -20.7770  -20.7767  -20.7745  -20.7744  -12.6576  -12.6157  -12.5775  -12.5550  -11.5756  -11.5599  -11.5135  -11.4601  -10.8127  -10.8017  -10.7915  -10.7678   -7.6491   -7.6432   -7.6218   -7.6141   -7.6117   -7.6095   -7.5924   -7.5860   -7.5838   -7.5772   -7.5641   -7.5580   -3.9385   -3.8866   -3.8555   -3.7990   -2.3616   -2.2677   -2.2581   -2.2511   -2.1235   -2.1192   -1.8308   -1.7827   -1.5914   -1.5288   -1.5120   -1.4938   -1.4525   -1.2564   -1.0895   -1.0256   -1.0055   -1.0014   -0.9795   -0.8605   -0.7498   -0.6836   -0.6661   -0.5443   -0.5416   -0.5011   -0.4681   -0.3755    1.5982    1.6317    1.6575    1.6862    4.1864    4.6342    5.0438    5.0450    5.1488    5.1961    5.2059    5.3486    5.4028    5.4123    5.7294    5.8289    5.8361    5.8515    5.9862    5.9971    6.0695    6.1111    6.3145    6.3474    6.4783    6.5412    6.6398    6.7891    6.9506    6.9758    6.9981    7.0168    7.2794    7.3371    7.3613    7.4061    7.4846    7.4851    7.7885    7.8060    7.8942    8.0572    8.0718    8.1158    8.1304    8.1421    8.4198    8.4232    8.4408    8.5066    8.7320    8.7455    8.9737    9.0622    9.0792    9.0958    9.2767    9.3985    9.4195    9.4875    9.5091    9.5887    9.9522   10.0576   10.0805   10.0852   10.2817   10.3944   10.4700   10.6334   10.6466   10.7871   11.0298   11.2158   11.2715   11.3347   11.5113   11.5809   11.7062   11.7385
  0.2201  -20.7770  -20.7767  -20.7745  -20.7744  -12.6539  -12.6201  -12.5753  -12.5570  -11.5740  -11.5613  -11.5078  -11.4647  -10.8121  -10.8032  -10.7893  -10.7702   -7.6486   -7.6438   -7.6203   -7.6136   -7.6119   -7.6099   -7.5916   -7.5861   -7.5835   -7.5778   -7.5642   -7.5591   -3.9301   -3.8786   -3.8631   -3.8078   -2.3541   -2.2787   -2.2553   -2.2509   -2.1344   -2.1300   -1.8235   -1.7850   -1.5790   -1.5235   -1.5003   -1.4886   -1.4621   -1.2812   -1.0791   -1.0159   -1.0110   -0.9854   -0.9772   -0.8702   -0.7317   -0.6860   -0.6701   -0.5638   -0.5334   -0.4862   -0.4738   -0.3844    1.5965    1.6234    1.6569    1.6798    4.2295    4.5895    5.0587    5.0769    5.1572    5.1835    5.2039    5.3509    5.3837    5.4039    5.7296    5.8178    5.8313    5.8613    5.9589    5.9816    6.0728    6.1094    6.3171    6.3414    6.4841    6.5377    6.6563    6.7800    6.9790    6.9822    7.0129    7.0213    7.2843    7.3321    7.3385    7.3673    7.5008    7.5103    7.7938    7.8100    7.9130    8.0406    8.0675    8.1205    8.1290    8.1376    8.4310    8.4332    8.4767    8.5475    8.7189    8.7370    8.9715    9.0414    9.0787    9.0927    9.2848    9.3804    9.4610    9.4959    9.5032    9.5646    9.9288   10.0214   10.0267   10.0393   10.2785   10.3653   10.5002   10.6812   10.6816   10.7709   10.9911   11.1607   11.2887   11.3524   11.5149   11.5750   11.7525   11.8011
  0.2348  -20.7769  -20.7767  -20.7745  -20.7744  -12.6501  -12.6246  -12.5730  -12.5592  -11.5723  -11.5627  -11.5021  -11.4696  -10.8114  -10.8046  -10.7870  -10.7726   -7.6480   -7.6444   -7.6189   -7.6131   -7.6124   -7.6103   -7.5909   -7.5866   -7.5828   -7.5784   -7.5641   -7.5602   -3.9216   -3.8709   -3.8702   -3.8168   -2.3462   -2.2894   -2.2527   -2.2502   -2.1433   -2.1392   -1.8168   -1.7879   -1.5670   -1.5177   -1.5076   -1.4714   -1.4641   -1.3069   -1.0689   -1.0174   -1.0070   -0.9769   -0.9693   -0.8814   -0.7121   -0.6871   -0.6740   -0.5842   -0.5252   -0.4801   -0.4714   -0.3943    1.5957    1.6160    1.6570    1.6742    4.2735    4.5443    5.0737    5.1076    5.1653    5.1725    5.2009    5.3275    5.3801    5.4042    5.7325    5.8004    5.8366    5.8728    5.9335    5.9652    6.0770    6.1065    6.3192    6.3360    6.4905    6.5324    6.6730    6.7679    6.9828    7.0086    7.0132    7.0451    7.2892    7.3152    7.3253    7.3313    7.5178    7.5310    7.7986    7.8124    7.9304    8.0234    8.0666    8.1158    8.1246    8.1406    8.4413    8.4423    8.5110    8.5864    8.6940    8.7367    8.9709    9.0228    9.0811    9.0914    9.2931    9.3633    9.4880    9.4966    9.5187    9.5444    9.9073    9.9752    9.9901   10.0002   10.2783   10.3400   10.5318   10.6860   10.7359   10.7829   10.9567   11.1022   11.3066   11.3638   11.5120   11.5624   11.7970   11.8678
  0.2494  -20.7769  -20.7768  -20.7745  -20.7744  -12.6461  -12.6290  -12.5707  -12.5614  -11.5706  -11.5642  -11.4965  -11.4746  -10.8105  -10.8060  -10.7847  -10.7750   -7.6474   -7.6450   -7.6175   -7.6131   -7.6126   -7.6108   -7.5902   -7.5873   -7.5820   -7.5790   -7.5639   -7.5612   -3.9130   -3.8790   -3.8617   -3.8258   -2.3377   -2.2998   -2.2505   -2.2494   -2.1498   -2.1466   -1.8105   -1.7913   -1.5556   -1.5158   -1.5112   -1.4803   -1.4388   -1.3332   -1.0590   -1.0244   -0.9989   -0.9783   -0.9533   -0.8940   -0.6914   -0.6869   -0.6776   -0.6052   -0.5171   -0.4868   -0.4569   -0.4051    1.5960    1.6096    1.6579    1.6693    4.3179    4.4989    5.0887    5.1296    5.1705    5.1730    5.1970    5.2933    5.3864    5.4035    5.7381    5.7842    5.8451    5.8858    5.9104    5.9486    6.0819    6.1025    6.3211    6.3315    6.4973    6.5260    6.6897    6.7539    6.9870    7.0041    7.0422    7.0660    7.2936    7.2941    7.3003    7.3181    7.5336    7.5454    7.8029    7.8130    7.9463    8.0067    8.0689    8.1033    8.1283    8.1407    8.4494    8.4496    8.5434    8.6179    8.6739    8.7298    8.9725    9.0068    9.0849    9.0912    9.3015    9.3474    9.4868    9.5240    9.5276    9.5330    9.8905    9.9330    9.9647    9.9685   10.2808   10.3201   10.5623   10.6678   10.7948   10.8133   10.9266   11.0417   11.3244   11.3676   11.5086   11.5460   11.8425   11.8462
  0.2641  -20.7769  -20.7768  -20.7745  -20.7744  -12.6420  -12.6334  -12.5683  -12.5637  -11.5690  -11.5657  -11.4908  -11.4799  -10.8095  -10.8073  -10.7823  -10.7775   -7.6468   -7.6456   -7.6162   -7.6139   -7.6122   -7.6112   -7.5895   -7.5881   -7.5811   -7.5796   -7.5635   -7.5621   -3.9044   -3.8874   -3.8529   -3.8349   -2.3289   -2.3099   -2.2491   -2.2487   -2.1534   -2.1517   -1.8049   -1.7952   -1.5446   -1.5247   -1.5043   -1.4887   -1.4127   -1.3597   -1.0495   -1.0322   -0.9918   -0.9814   -0.9376   -0.9078   -0.6857   -0.6809   -0.6701   -0.6267   -0.5091   -0.4939   -0.4429   -0.4169    1.5975    1.6043    1.6595    1.6652    4.3629    4.4534    5.1033    5.1286    5.1801    5.1917    5.1922    5.2582    5.3929    5.4015    5.7463    5.7696    5.8567    5.8891    5.9007    5.9320    6.0872    6.0978    6.3229    6.3279    6.5044    6.5190    6.7063    6.7387    6.9912    6.9998    7.0660    7.0792    7.2769    7.2784    7.2993    7.3112    7.5458    7.5527    7.8067    7.8121    7.9613    7.9908    8.0742    8.0918    8.1320    8.1387    8.4544    8.4545    8.5737    8.6227    8.6755    8.7161    8.9766    8.9937    9.0883    9.0912    9.3105    9.3331    9.4919    9.5135    9.5411    9.5435    9.8822    9.9026    9.9475    9.9481   10.2860   10.3050   10.5910   10.6438   10.8446   10.8558   10.8995   10.9801   11.3408   11.3641   11.5093   11.5296   11.8566   11.8884
  0.2788  -20.7768  -20.7768  -20.7745  -20.7745  -12.6377  -12.6377  -12.5660  -12.5660  -11.5673  -11.5673  -11.4853  -11.4853  -10.8085  -10.8085  -10.7799  -10.7799   -7.6462   -7.6462   -7.6150   -7.6150   -7.6117   -7.6117   -7.5888   -7.5888   -7.5803   -7.5803   -7.5628   -7.5628   -3.8958   -3.8958   -3.8439   -3.8439   -2.3196   -2.3196   -2.2485   -2.2485   -2.1541   -2.1541   -1.7998   -1.7998   -1.5343   -1.5343   -1.4968   -1.4968   -1.3863   -1.3863   -1.0406   -1.0406   -0.9859   -0.9859   -0.9224   -0.9224   -0.6836   -0.6836   -0.6484   -0.6484   -0.5013   -0.5013   -0.4295   -0.4295    1.6003    1.6003    1.6620    1.6620    4.4081    4.4081    5.1171    5.1171    5.1865    5.1865    5.2237    5.2237    5.3980    5.3980    5.7568    5.7568    5.8715    5.8715    5.9159    5.9159    6.0926    6.0926    6.3251    6.3251    6.5117    6.5117    6.7227    6.7227    6.9954    6.9954    7.0797    7.0797    7.2703    7.2703    7.3049    7.3049    7.5526    7.5526    7.8099    7.8099    7.9758    7.9758    8.0820    8.0820    8.1356    8.1356    8.4562    8.4562    8.6013    8.6013    8.6965    8.6965    8.9837    8.9837    9.0904    9.0904    9.3209    9.3209    9.5014    9.5014    9.5472    9.5472    9.8856    9.8856    9.9412    9.9412   10.2938   10.2938   10.6180   10.6180   10.8730   10.8730   10.9179   10.9179   11.3546   11.3546   11.5165   11.5165   11.8726   11.8733
  0.2788  -20.7768  -20.7768  -20.7745  -20.7745  -12.6377  -12.6377  -12.5660  -12.5660  -11.5673  -11.5673  -11.4853  -11.4853  -10.8085  -10.8085  -10.7799  -10.7799   -7.6462   -7.6462   -7.6150   -7.6150   -7.6117   -7.6117   -7.5888   -7.5888   -7.5803   -7.5803   -7.5628   -7.5628   -3.8958   -3.8958   -3.8439   -3.8439   -2.3196   -2.3196   -2.2485   -2.2485   -2.1541   -2.1541   -1.7998   -1.7998   -1.5343   -1.5343   -1.4968   -1.4968   -1.3863   -1.3863   -1.0406   -1.0406   -0.9859   -0.9859   -0.9224   -0.9224   -0.6836   -0.6836   -0.6484   -0.6484   -0.5013   -0.5013   -0.4295   -0.4295    1.6003    1.6003    1.6620    1.6620    4.4081    4.4081    5.1171    5.1171    5.1865    5.1865    5.2237    5.2237    5.3980    5.3980    5.7568    5.7568    5.8715    5.8715    5.9159    5.9159    6.0926    6.0926    6.3251    6.3251    6.5117    6.5117    6.7227    6.7227    6.9954    6.9954    7.0797    7.0797    7.2703    7.2703    7.3049    7.3049    7.5526    7.5526    7.8099    7.8099    7.9758    7.9758    8.0820    8.0820    8.1356    8.1356    8.4562    8.4562    8.6013    8.6013    8.6965    8.6965    8.9837    8.9837    9.0904    9.0904    9.3209    9.3209    9.5014    9.5014    9.5472    9.5472    9.8856    9.8856    9.9412    9.9412   10.2938   10.2938   10.6180   10.6180   10.8730   10.8730   10.9179   10.9179   11.3546   11.3546   11.5165   11.5165   11.8723   11.8855
  0.3016  -20.7768  -20.7768  -20.7745  -20.7745  -12.6376  -12.6376  -12.5661  -12.5661  -11.5672  -11.5672  -11.4855  -11.4855  -10.8084  -10.8084  -10.7800  -10.7800   -7.6459   -7.6459   -7.6155   -7.6155   -7.6109   -7.6109   -7.5888   -7.5888   -7.5804   -7.5804   -7.5628   -7.5628   -3.8957   -3.8957   -3.8440   -3.8440   -2.3232   -2.3232   -2.2485   -2.2485   -2.1508   -2.1508   -1.7998   -1.7998   -1.5415   -1.5415   -1.4885   -1.4885   -1.3871   -1.3871   -1.0409   -1.0409   -0.9880   -0.9880   -0.9213   -0.9213   -0.6832   -0.6832   -0.6479   -0.6479   -0.5016   -0.5016   -0.4297   -0.4297    1.6008    1.6008    1.6622    1.6622    4.4119    4.4119    5.0950    5.0950    5.1912    5.1912    5.2397    5.2397    5.4063    5.4063    5.7368    5.7368    5.8757    5.8757    5.9148    5.9148    6.1045    6.1045    6.3284    6.3284    6.5090    6.5090    6.7275    6.7275    6.9667    6.9667    7.0939    7.0939    7.2417    7.2417    7.3287    7.3287    7.5628    7.5628    7.7959    7.7959    7.9786    7.9786    8.0811    8.0811    8.1430    8.1430    8.4458    8.4458    8.6084    8.6084    8.6972    8.6972    8.9825    8.9825    9.0942    9.0942    9.3302    9.3302    9.5054    9.5054    9.5451    9.5451    9.8756    9.8756    9.9441    9.9441   10.2962   10.2962   10.6238   10.6238   10.8494   10.8494   10.9248   10.9248   11.3475   11.3475   11.5202   11.5202   11.8164   11.8166
  0.3244  -20.7768  -20.7768  -20.7745  -20.7745  -12.6373  -12.6373  -12.5666  -12.5666  -11.5669  -11.5669  -11.4860  -11.4860  -10.8083  -10.8083  -10.7801  -10.7801   -7.6450   -7.6450   -7.6164   -7.6164   -7.6092   -7.6092   -7.5889   -7.5889   -7.5807   -7.5807   -7.5629   -7.5629   -3.8952   -3.8952   -3.8441   -3.8441   -2.3329   -2.3329   -2.2491   -2.2491   -2.1418   -2.1418   -1.8001   -1.8001   -1.5548   -1.5548   -1.4718   -1.4718   -1.3893   -1.3893   -1.0421   -1.0421   -0.9934   -0.9934   -0.9185   -0.9185   -0.6818   -0.6818   -0.6467   -0.6467   -0.5022   -0.5022   -0.4304   -0.4304    1.6024    1.6024    1.6628    1.6628    4.4235    4.4235    5.0528    5.0528    5.1986    5.1986    5.2698    5.2698    5.4311    5.4311    5.6916    5.6916    5.8748    5.8748    5.9137    5.9137    6.1366    6.1366    6.3378    6.3378    6.5026    6.5026    6.7396    6.7396    6.9084    6.9084    7.1097    7.1097    7.1997    7.1997    7.3574    7.3574    7.5920    7.5920    7.7591    7.7591    7.9842    7.9842    8.0795    8.0795    8.1620    8.1620    8.4222    8.4222    8.6229    8.6229    8.7002    8.7002    8.9821    8.9821    9.1000    9.1000    9.3576    9.3576    9.5011    9.5011    9.5552    9.5552    9.8540    9.8540    9.9467    9.9467   10.3002   10.3002   10.6411   10.6411   10.8076   10.8076   10.9195   10.9195   11.3289   11.3289   11.5232   11.5232   11.7174   11.7174
  0.3472  -20.7768  -20.7768  -20.7745  -20.7745  -12.6368  -12.6368  -12.5673  -12.5673  -11.5664  -11.5664  -11.4869  -11.4869  -10.8080  -10.8080  -10.7803  -10.7803   -7.6435   -7.6435   -7.6172   -7.6172   -7.6071   -7.6071   -7.5891   -7.5891   -7.5812   -7.5812   -7.5629   -7.5629   -3.8944   -3.8944   -3.8443   -3.8443   -2.3464   -2.3464   -2.2511   -2.2511   -2.1285   -2.1285   -1.8009   -1.8009   -1.5681   -1.5681   -1.4524   -1.4524   -1.3930   -1.3930   -1.0441   -1.0441   -1.0007   -1.0007   -0.9152   -0.9152   -0.6796   -0.6796   -0.6446   -0.6446   -0.5033   -0.5033   -0.4316   -0.4316    1.6049    1.6049    1.6639    1.6639    4.4427    4.4427    5.0082    5.0082    5.2082    5.2082    5.2975    5.2975    5.4703    5.4703    5.6375    5.6375    5.8633    5.8633    5.9114    5.9114    6.1804    6.1804    6.3517    6.3517    6.4966    6.4966    6.7512    6.7512    6.8440    6.8440    7.0999    7.0999    7.1705    7.1705    7.3785    7.3785    7.6356    7.6356    7.7082    7.7082    7.9891    7.9891    8.0790    8.0790    8.1850    8.1850    8.3980    8.3980    8.6346    8.6346    8.7090    8.7090    8.9858    8.9858    9.0999    9.0999    9.4000    9.4000    9.4752    9.4752    9.5906    9.5906    9.8330    9.8330    9.9434    9.9434   10.2992   10.2992   10.6673   10.6673   10.7706   10.7706   10.8884   10.8884   11.3029   11.3029   11.4972   11.4972   11.6356   11.6356
  0.3700  -20.7767  -20.7767  -20.7745  -20.7745  -12.6362  -12.6362  -12.5683  -12.5683  -11.5657  -11.5657  -11.4882  -11.4882  -10.8077  -10.8077  -10.7807  -10.7807   -7.6415   -7.6415   -7.6177   -7.6177   -7.6047   -7.6047   -7.5893   -7.5893   -7.5817   -7.5817   -7.5629   -7.5629   -3.8934   -3.8934   -3.8447   -3.8447   -2.3617   -2.3617   -2.2546   -2.2546   -2.1126   -2.1126   -1.8027   -1.8027   -1.5796   -1.5796   -1.4322   -1.4322   -1.3981   -1.3981   -1.0473   -1.0473   -1.0084   -1.0084   -0.9123   -0.9123   -0.6766   -0.6766   -0.6418   -0.6418   -0.5047   -0.5047   -0.4332   -0.4332    1.6083    1.6083    1.6653    1.6653    4.4691    4.4691    4.9662    4.9662    5.2202    5.2202    5.3214    5.3214    5.5171    5.5171    5.5821    5.5821    5.8482    5.8482    5.9047    5.9047    6.2259    6.2259    6.3675    6.3675    6.4964    6.4964    6.7315    6.7315    6.8064    6.8064    7.0541    7.0541    7.1693    7.1693    7.3899    7.3899    7.6467    7.6467    7.6892    7.6892    7.9923    7.9923    8.0819    8.0819    8.2027    8.2027    8.3841    8.3841    8.6387    8.6387    8.7265    8.7265    8.9935    8.9935    9.0901    9.0901    9.4359    9.4359    9.4539    9.4539    9.6349    9.6349    9.8253    9.8253    9.9328    9.9328   10.2892   10.2892   10.6865   10.6865   10.7614   10.7614   10.8326   10.8326   11.2719   11.2719   11.4260   11.4260   11.5855   11.5855
  0.3929  -20.7767  -20.7767  -20.7745  -20.7745  -12.6353  -12.6353  -12.5696  -12.5696  -11.5648  -11.5648  -11.4897  -11.4897  -10.8072  -10.8072  -10.7811  -10.7811   -7.6390   -7.6390   -7.6181   -7.6181   -7.6022   -7.6022   -7.5895   -7.5895   -7.5825   -7.5825   -7.5629   -7.5629   -3.8920   -3.8920   -3.8451   -3.8451   -2.3774   -2.3774   -2.2597   -2.2597   -2.0955   -2.0955   -1.8057   -1.8057   -1.5886   -1.5886   -1.4143   -1.4143   -1.4016   -1.4016   -1.0518   -1.0518   -1.0154   -1.0154   -0.9103   -0.9103   -0.6729   -0.6729   -0.6385   -0.6385   -0.5066   -0.5066   -0.4352   -0.4352    1.6124    1.6124    1.6671    1.6671    4.5025    4.5025    4.9287    4.9287    5.2337    5.2337    5.3439    5.3439    5.5291    5.5291    5.5627    5.5627    5.8347    5.8347    5.8953    5.8953    6.2624    6.2624    6.3843    6.3843    6.5073    6.5073    6.6675    6.6675    6.8056    6.8056    6.9994    6.9994    7.1791    7.1791    7.3899    7.3899    7.5825    7.5825    7.7435    7.7435    7.9941    7.9941    8.0887    8.0887    8.2075    8.2075    8.3893    8.3893    8.6381    8.6381    8.7498    8.7498    9.0035    9.0035    9.0699    9.0699    9.3981    9.3981    9.5028    9.5028    9.6721    9.6721    9.8405    9.8405    9.9187    9.9187   10.2739   10.2739   10.6811   10.6811   10.7538   10.7538   10.7995   10.7995   11.2369   11.2369   11.3404   11.3404   11.5442   11.5442
  0.4157  -20.7766  -20.7766  -20.7746  -20.7746  -12.6342  -12.6342  -12.5712  -12.5712  -11.5637  -11.5637  -11.4916  -11.4916  -10.8067  -10.8067  -10.7816  -10.7816   -7.6362   -7.6362   -7.6181   -7.6181   -7.5996   -7.5996   -7.5897   -7.5897   -7.5832   -7.5832   -7.5629   -7.5629   -3.8904   -3.8904   -3.8456   -3.8456   -2.3927   -2.3927   -2.2661   -2.2661   -2.0784   -2.0784   -1.8102   -1.8102   -1.5948   -1.5948   -1.4167   -1.4167   -1.3859   -1.3859   -1.0572   -1.0572   -1.0213   -1.0213   -0.9095   -0.9095   -0.6686   -0.6686   -0.6345   -0.6345   -0.5089   -0.5089   -0.4377   -0.4377    1.6170    1.6170    1.6690    1.6690    4.5424    4.5424    4.8969    4.8969    5.2468    5.2468    5.3671    5.3671    5.4820    5.4820    5.5980    5.5980    5.8219    5.8219    5.8915    5.8915    6.2801    6.2801    6.4050    6.4050    6.5302    6.5302    6.5979    6.5979    6.7927    6.7927    6.9600    6.9600    7.1937    7.1937    7.3773    7.3773    7.5162    7.5162    7.7976    7.7976    7.9948    7.9948    8.0982    8.0982    8.2001    8.2001    8.4139    8.4139    8.6368    8.6368    8.7738    8.7738    9.0159    9.0159    9.0392    9.0392    9.3611    9.3611    9.5413    9.5413    9.7020    9.7020    9.8418    9.8418    9.9381    9.9381   10.2630   10.2630   10.6515   10.6515   10.6888   10.6888   10.8459   10.8459   11.2011   11.2011   11.2593   11.2593   11.5062   11.5062
  0.4385  -20.7766  -20.7766  -20.7746  -20.7746  -12.6330  -12.6330  -12.5730  -12.5730  -11.5623  -11.5623  -11.4938  -11.4938  -10.8061  -10.8061  -10.7822  -10.7822   -7.6332   -7.6332   -7.6180   -7.6180   -7.5973   -7.5973   -7.5898   -7.5898   -7.5839   -7.5839   -7.5628   -7.5628   -3.8886   -3.8886   -3.8461   -3.8461   -2.4070   -2.4070   -2.2738   -2.2738   -2.0619   -2.0619   -1.8162   -1.8162   -1.5980   -1.5980   -1.4265   -1.4265   -1.3639   -1.3639   -1.0629   -1.0629   -1.0262   -1.0262   -0.9100   -0.9100   -0.6638   -0.6638   -0.6302   -0.6302   -0.5115   -0.5115   -0.4407   -0.4407    1.6219    1.6219    1.6711    1.6711    4.5877    4.5877    4.8719    4.8719    5.2557    5.2557    5.3917    5.3917    5.4449    5.4449    5.6176    5.6176    5.8011    5.8011    5.9070    5.9070    6.2773    6.2773    6.4281    6.4281    6.5270    6.5270    6.5687    6.5687    6.7490    6.7490    6.9516    6.9516    7.2126    7.2126    7.3507    7.3507    7.4534    7.4534    7.8485    7.8485    7.9935    7.9935    8.1076    8.1076    8.1892    8.1892    8.4511    8.4511    8.6361    8.6361    8.7942    8.7942    9.0001    9.0001    9.0325    9.0325    9.3298    9.3298    9.5579    9.5579    9.7387    9.7387    9.8007    9.8007   10.0032   10.0032   10.2657   10.2657   10.5696   10.5696   10.6706   10.6706   10.8900   10.8900   11.1647   11.1647   11.1948   11.1948   11.4696   11.4696
  0.4613  -20.7765  -20.7765  -20.7746  -20.7746  -12.6315  -12.6315  -12.5750  -12.5750  -11.5608  -11.5608  -11.4962  -11.4962  -10.8054  -10.8054  -10.7828  -10.7828   -7.6301   -7.6301   -7.6175   -7.6175   -7.5956   -7.5956   -7.5897   -7.5897   -7.5841   -7.5841   -7.5626   -7.5626   -3.8866   -3.8866   -3.8468   -3.8468   -2.4199   -2.4199   -2.2825   -2.2825   -2.0467   -2.0467   -1.8233   -1.8233   -1.5987   -1.5987   -1.4381   -1.4381   -1.3409   -1.3409   -1.0681   -1.0681   -1.0304   -1.0304   -0.9118   -0.9118   -0.6588   -0.6588   -0.6254   -0.6254   -0.5144   -0.5144   -0.4441   -0.4441    1.6271    1.6271    1.6733    1.6733    4.6373    4.6373    4.8545    4.8545    5.2553    5.2553    5.4156    5.4156    5.4246    5.4246    5.6241    5.6241    5.7692    5.7692    5.9421    5.9421    6.2582    6.2582    6.4447    6.4447    6.4763    6.4763    6.6010    6.6010    6.6905    6.6905    6.9629    6.9629    7.2357    7.2357    7.3090    7.3090    7.4011    7.4011    7.8940    7.8940    7.9887    7.9887    8.1128    8.1128    8.1838    8.1838    8.4940    8.4940    8.6365    8.6365    8.8079    8.8079    8.9586    8.9586    9.0552    9.0552    9.3037    9.3037    9.5539    9.5539    9.7416    9.7416    9.7872    9.7872   10.0739   10.0739   10.2840   10.2840   10.4905   10.4905   10.6524   10.6524   10.9219   10.9219   11.1109   11.1109   11.1737   11.1737   11.4279   11.4279
  0.4841  -20.7764  -20.7764  -20.7747  -20.7747  -12.6299  -12.6299  -12.5772  -12.5772  -11.5591  -11.5591  -11.4989  -11.4989  -10.8046  -10.8046  -10.7836  -10.7836   -7.6272   -7.6272   -7.6167   -7.6167   -7.5948   -7.5948   -7.5899   -7.5899   -7.5833   -7.5833   -7.5623   -7.5623   -3.8844   -3.8844   -3.8475   -3.8475   -2.4310   -2.4310   -2.2924   -2.2924   -2.0329   -2.0329   -1.8311   -1.8311   -1.5972   -1.5972   -1.4507   -1.4507   -1.3176   -1.3176   -1.0724   -1.0724   -1.0343   -1.0343   -0.9149   -0.9149   -0.6537   -0.6537   -0.6204   -0.6204   -0.5174   -0.5174   -0.4479   -0.4479    1.6324    1.6324    1.6753    1.6753    4.6887    4.6887    4.8466    4.8466    5.2431    5.2431    5.4144    5.4144    5.4463    5.4463    5.6247    5.6247    5.7307    5.7307    5.9866    5.9866    6.2250    6.2250    6.4306    6.4306    6.4585    6.4585    6.5971    6.5971    6.6703    6.6703    6.9784    6.9784    7.2450    7.2450    7.2729    7.2729    7.3632    7.3632    7.9303    7.9303    7.9806    7.9806    8.1131    8.1131    8.1870    8.1870    8.5361    8.5361    8.6376    8.6376    8.8128    8.8128    8.9252    8.9252    9.0840    9.0840    9.2790    9.2790    9.5318    9.5318    9.6907    9.6907    9.8270    9.8270   10.1304   10.1304   10.3093   10.3093   10.4392   10.4392   10.6295   10.6295   10.9268   10.9268   11.0690   11.0690   11.1771   11.1771   11.3761   11.3761
  0.5069  -20.7763  -20.7763  -20.7747  -20.7747  -12.6281  -12.6281  -12.5796  -12.5796  -11.5572  -11.5572  -11.5018  -11.5018  -10.8037  -10.8037  -10.7844  -10.7844   -7.6246   -7.6246   -7.6156   -7.6156   -7.5946   -7.5946   -7.5906   -7.5906   -7.5815   -7.5815   -7.5619   -7.5619   -3.8821   -3.8821   -3.8484   -3.8484   -2.4401   -2.4401   -2.3032   -2.3032   -2.0207   -2.0207   -1.8394   -1.8394   -1.5942   -1.5942   -1.4638   -1.4638   -1.2940   -1.2940   -1.0755   -1.0755   -1.0379   -1.0379   -0.9192   -0.9192   -0.6486   -0.6486   -0.6152   -0.6152   -0.5205   -0.5205   -0.4522   -0.4522    1.6377    1.6377    1.6773    1.6773    4.7368    4.7368    4.8523    4.8523    5.2232    5.2232    5.4173    5.4173    5.4727    5.4727    5.6251    5.6251    5.6918    5.6918    6.0315    6.0315    6.1797    6.1797    6.4087    6.4087    6.4444    6.4444    6.5535    6.5535    6.7007    6.7007    6.9890    6.9890    7.1945    7.1945    7.2927    7.2927    7.3437    7.3437    7.9477    7.9477    7.9758    7.9758    8.1154    8.1154    8.1949    8.1949    8.5696    8.5696    8.6394    8.6394    8.8106    8.8106    8.9106    8.9106    9.1167    9.1167    9.2515    9.2515    9.4908    9.4908    9.6548    9.6548    9.8532    9.8532   10.1596   10.1596   10.3204   10.3204   10.4423   10.4423   10.6157   10.6157   10.8794   10.8794   11.0656   11.0656   11.1884   11.1884   11.3249   11.3249
  0.5298  -20.7762  -20.7762  -20.7748  -20.7748  -12.6262  -12.6262  -12.5822  -12.5822  -11.5550  -11.5550  -11.5048  -11.5048  -10.8028  -10.8028  -10.7853  -10.7853   -7.6224   -7.6224   -7.6141   -7.6141   -7.5949   -7.5949   -7.5915   -7.5915   -7.5790   -7.5790   -7.5613   -7.5613   -3.8797   -3.8797   -3.8493   -3.8493   -2.4471   -2.4471   -2.3151   -2.3151   -2.0100   -2.0100   -1.8479   -1.8479   -1.5901   -1.5901   -1.4769   -1.4769   -1.2706   -1.2706   -1.0774   -1.0774   -1.0411   -1.0411   -0.9248   -0.9248   -0.6435   -0.6435   -0.6102   -0.6102   -0.5235   -0.5235   -0.4570   -0.4570    1.6429    1.6429    1.6789    1.6789    4.7735    4.7735    4.8780    4.8780    5.2016    5.2016    5.4201    5.4201    5.4932    5.4932    5.6245    5.6245    5.6670    5.6670    6.0704    6.0704    6.1274    6.1274    6.3837    6.3837    6.4218    6.4218    6.5261    6.5261    6.7281    6.7281    6.9885    6.9885    7.1510    7.1510    7.2924    7.2924    7.3612    7.3612    7.9422    7.9422    7.9770    7.9770    8.1238    8.1238    8.2059    8.2059    8.5878    8.5878    8.6381    8.6381    8.8136    8.8136    8.9154    8.9154    9.1474    9.1474    9.2199    9.2199    9.4377    9.4377    9.6356    9.6356    9.8557    9.8557   10.1719   10.1719   10.3021   10.3021   10.4999   10.4999   10.6243   10.6243   10.7979   10.7979   11.0655   11.0655   11.1980   11.1980   11.3093   11.3093
  0.5526  -20.7762  -20.7762  -20.7749  -20.7749  -12.6241  -12.6241  -12.5849  -12.5849  -11.5527  -11.5527  -11.5081  -11.5081  -10.8018  -10.8018  -10.7862  -10.7862   -7.6206   -7.6206   -7.6126   -7.6126   -7.5953   -7.5953   -7.5926   -7.5926   -7.5762   -7.5762   -7.5608   -7.5608   -3.8773   -3.8773   -3.8503   -3.8503   -2.4518   -2.4518   -2.3278   -2.3278   -2.0005   -2.0005   -1.8567   -1.8567   -1.5854   -1.5854   -1.4894   -1.4894   -1.2476   -1.2476   -1.0787   -1.0787   -1.0436   -1.0436   -0.9316   -0.9316   -0.6386   -0.6386   -0.6055   -0.6055   -0.5259   -0.5259   -0.4622   -0.4622    1.6480    1.6480    1.6802    1.6802    4.7979    4.7979    4.9225    4.9225    5.1821    5.1821    5.4145    5.4145    5.4978    5.4978    5.6256    5.6256    5.6715    5.6715    6.0639    6.0639    6.1087    6.1087    6.3357    6.3357    6.4200    6.4200    6.5103    6.5103    6.7390    6.7390    6.9719    6.9719    7.1308    7.1308    7.2860    7.2860    7.3943    7.3943    7.9355    7.9355    7.9684    7.9684    8.1332    8.1332    8.2243    8.2243    8.5929    8.5929    8.6262    8.6262    8.8329    8.8329    8.9330    8.9330    9.1534    9.1534    9.2015    9.2015    9.3860    9.3860    9.6261    9.6261    9.8332    9.8332   10.1876   10.1876   10.2667   10.2667   10.5699   10.5699   10.6518   10.6518   10.7213   10.7213   11.0394   11.0394   11.2017   11.2017   11.3444   11.3444
  0.5754  -20.7761  -20.7761  -20.7749  -20.7749  -12.6218  -12.6218  -12.5877  -12.5877  -11.5503  -11.5503  -11.5114  -11.5114  -10.8008  -10.8008  -10.7872  -10.7872   -7.6190   -7.6190   -7.6111   -7.6111   -7.5959   -7.5959   -7.5935   -7.5935   -7.5734   -7.5734   -7.5602   -7.5602   -3.8748   -3.8748   -3.8514   -3.8514   -2.4542   -2.4542   -2.3412   -2.3412   -1.9917   -1.9917   -1.8658   -1.8658   -1.5803   -1.5803   -1.5009   -1.5009   -1.2252   -1.2252   -1.0802   -1.0802   -1.0447   -1.0447   -0.9395   -0.9395   -0.6337   -0.6337   -0.6015   -0.6015   -0.5276   -0.5276   -0.4679   -0.4679    1.6529    1.6529    1.6810    1.6810    4.8188    4.8188    4.9741    4.9741    5.1667    5.1667    5.3928    5.3928    5.4892    5.4892    5.6460    5.6460    5.6937    5.6937    6.0061    6.0061    6.1301    6.1301    6.2851    6.2851    6.4268    6.4268    6.4964    6.4964    6.7304    6.7304    6.9404    6.9404    7.1359    7.1359    7.2908    7.2908    7.4225    7.4225    7.9380    7.9380    7.9490    7.9490    8.1402    8.1402    8.2496    8.2496    8.5909    8.5909    8.6047    8.6047    8.8617    8.8617    8.9580    8.9580    9.1164    9.1164    9.2126    9.2126    9.3468    9.3468    9.6207    9.6207    9.7947    9.7947   10.1823   10.1823   10.2553   10.2553   10.5497   10.5497   10.6840   10.6840   10.7522   10.7522   11.0041   11.0041   11.1972   11.1972   11.3725   11.3727
  0.5982  -20.7760  -20.7760  -20.7750  -20.7750  -12.6194  -12.6194  -12.5906  -12.5906  -11.5476  -11.5476  -11.5148  -11.5148  -10.7997  -10.7997  -10.7882  -10.7882   -7.6177   -7.6177   -7.6099   -7.6099   -7.5965   -7.5965   -7.5943   -7.5943   -7.5707   -7.5707   -7.5596   -7.5596   -3.8723   -3.8723   -3.8527   -3.8527   -2.4542   -2.4542   -2.3551   -2.3551   -1.9831   -1.9831   -1.8756   -1.8756   -1.5751   -1.5751   -1.5113   -1.5113   -1.2038   -1.2038   -1.0828   -1.0828   -1.0435   -1.0435   -0.9486   -0.9486   -0.6289   -0.6289   -0.5987   -0.5987   -0.5280   -0.5280   -0.4740   -0.4740    1.6575    1.6575    1.6814    1.6814    4.8418    4.8418    5.0226    5.0226    5.1566    5.1566    5.3544    5.3544    5.4843    5.4843    5.6808    5.6808    5.7229    5.7229    5.9463    5.9463    6.1444    6.1444    6.2413    6.2413    6.4329    6.4329    6.4816    6.4816    6.7098    6.7098    6.9006    6.9006    7.1551    7.1551    7.3094    7.3094    7.4410    7.4410    7.9182    7.9182    7.9564    7.9564    8.1507    8.1507    8.2718    8.2718    8.5778    8.5778    8.5890    8.5890    8.8833    8.8833    8.9836    8.9836    9.0812    9.0812    9.2182    9.2182    9.3265    9.3265    9.6169    9.6169    9.7499    9.7499   10.1389   10.1389   10.2753   10.2753   10.4843   10.4843   10.7096   10.7096   10.8632   10.8632   10.9769   10.9769   11.1773   11.1773   11.3584   11.3584
  0.6210  -20.7759  -20.7759  -20.7751  -20.7751  -12.6168  -12.6168  -12.5936  -12.5936  -11.5448  -11.5448  -11.5183  -11.5183  -10.7986  -10.7986  -10.7893  -10.7893   -7.6163   -7.6163   -7.6092   -7.6092   -7.5970   -7.5970   -7.5950   -7.5950   -7.5681   -7.5681   -7.5593   -7.5593   -3.8698   -3.8698   -3.8541   -3.8541   -2.4519   -2.4519   -2.3693   -2.3693   -1.9742   -1.9742   -1.8861   -1.8861   -1.5697   -1.5697   -1.5205   -1.5205   -1.1837   -1.1837   -1.0871   -1.0871   -1.0397   -1.0397   -0.9586   -0.9586   -0.6242   -0.6242   -0.5974   -0.5974   -0.5269   -0.5269   -0.4804   -0.4804    1.6618    1.6618    1.6812    1.6812    4.8689    4.8689    5.0595    5.0595    5.1530    5.1530    5.3087    5.3087    5.4891    5.4891    5.7223    5.7223    5.7522    5.7522    5.8891    5.8891    6.1503    6.1503    6.2061    6.2061    6.4330    6.4330    6.4652    6.4652    6.6897    6.6897    6.8577    6.8577    7.1779    7.1779    7.3335    7.3335    7.4571    7.4571    7.8814    7.8814    7.9848    7.9848    8.1727    8.1727    8.2783    8.2783    8.5553    8.5553    8.5872    8.5872    8.8746    8.8746    9.0054    9.0054    9.0767    9.0767    9.2174    9.2174    9.3193    9.3193    9.6130    9.6130    9.7053    9.7053   10.0904   10.0904   10.2575   10.2575   10.4727   10.4727   10.7343   10.7343   10.9471   10.9471   10.9991   10.9991   11.1346   11.1346   11.3500   11.3500
  0.6438  -20.7758  -20.7758  -20.7752  -20.7752  -12.6141  -12.6141  -12.5966  -12.5966  -11.5418  -11.5418  -11.5218  -11.5218  -10.7975  -10.7975  -10.7904  -10.7904   -7.6150   -7.6150   -7.6091   -7.6091   -7.5973   -7.5973   -7.5956   -7.5956   -7.5658   -7.5658   -7.5591   -7.5591   -3.8674   -3.8674   -3.8556   -3.8556   -2.4473   -2.4473   -2.3834   -2.3834   -1.9648   -1.9648   -1.8973   -1.8973   -1.5643   -1.5643   -1.5285   -1.5285   -1.1653   -1.1653   -1.0931   -1.0931   -1.0334   -1.0334   -0.9695   -0.9695   -0.6194   -0.6194   -0.5977   -0.5977   -0.5240   -0.5240   -0.4872   -0.4872    1.6658    1.6658    1.6805    1.6805    4.9003    4.9003    5.0765    5.0765    5.1576    5.1576    5.2648    5.2648    5.5052    5.5052    5.7597    5.7597    5.7703    5.7703    5.8494    5.8494    6.1483    6.1483    6.1784    6.1784    6.4261    6.4261    6.4481    6.4481    6.6791    6.6791    6.8153    6.8153    7.2011    7.2011    7.3429    7.3429    7.4896    7.4896    7.8380    7.8380    8.0190    8.0190    8.2105    8.2105    8.2620    8.2620    8.5306    8.5306    8.5967    8.5967    8.8326    8.8326    9.0323    9.0323    9.0947    9.0947    9.2209    9.2209    9.3136    9.3136    9.6083    9.6083    9.6653    9.6653   10.0478   10.0478   10.1970   10.1970   10.5214   10.5214   10.7590   10.7590   10.9410   10.9410   11.0732   11.0732   11.1174   11.1174   11.3586   11.3586
  0.6667  -20.7756  -20.7756  -20.7753  -20.7753  -12.6114  -12.6114  -12.5996  -12.5996  -11.5387  -11.5387  -11.5253  -11.5253  -10.7963  -10.7963  -10.7916  -10.7916   -7.6137   -7.6137   -7.6095   -7.6095   -7.5973   -7.5973   -7.5961   -7.5961   -7.5637   -7.5637   -7.5593   -7.5593   -3.8651   -3.8651   -3.8572   -3.8572   -2.4406   -2.4406   -2.3970   -2.3970   -1.9548   -1.9548   -1.9089   -1.9089   -1.5589   -1.5589   -1.5355   -1.5355   -1.1486   -1.1486   -1.1008   -1.1008   -1.0251   -1.0251   -0.9809   -0.9809   -0.6148   -0.6148   -0.5995   -0.5995   -0.5197   -0.5197   -0.4941   -0.4941    1.6694    1.6694    1.6793    1.6793    4.9356    4.9356    5.0708    5.0708    5.1674    5.1674    5.2295    5.2295    5.5338    5.5338    5.7288    5.7288    5.8097    5.8097    5.8511    5.8511    6.1403    6.1403    6.1567    6.1567    6.4164    6.4164    6.4317    6.4317    6.6807    6.6807    6.7761    6.7761    7.2254    7.2254    7.3307    7.3307    7.5436    7.5436    7.7884    7.7884    8.0551    8.0551    8.2255    8.2255    8.2650    8.2650    8.4966    8.4966    8.6191    8.6191    8.7799    8.7799    9.0635    9.0635    9.1118    9.1118    9.2331    9.2331    9.3032    9.3032    9.6024    9.6024    9.6333    9.6333   10.0199   10.0199   10.1309   10.1309   10.5931   10.5931   10.7798   10.7798   10.9322   10.9322   11.0052   11.0052   11.2305   11.2305   11.3786   11.3786
  0.6895  -20.7755  -20.7755  -20.7754  -20.7754  -12.6085  -12.6085  -12.6026  -12.6026  -11.5354  -11.5354  -11.5287  -11.5287  -10.7951  -10.7951  -10.7927  -10.7927   -7.6125   -7.6125   -7.6103   -7.6103   -7.5972   -7.5972   -7.5965   -7.5965   -7.5620   -7.5620   -7.5598   -7.5598   -3.8630   -3.8630   -3.8590   -3.8590   -2.4320   -2.4320   -2.4099   -2.4099   -1.9440   -1.9440   -1.9208   -1.9208   -1.5534   -1.5534   -1.5419   -1.5419   -1.1339   -1.1339   -1.1101   -1.1101   -1.0152   -1.0152   -0.9926   -0.9926   -0.6103   -0.6103   -0.6024   -0.6024   -0.5141   -0.5141   -0.5010   -0.5010    1.6726    1.6726    1.6776    1.6776    4.9737    4.9737    5.0469    5.0469    5.1781    5.1781    5.2056    5.2056    5.5739    5.5739    5.6760    5.6760    5.8441    5.8441    5.8638    5.8638    6.1321    6.1321    6.1399    6.1399    6.4100    6.4100    6.4184    6.4184    6.6930    6.6930    6.7419    6.7419    7.2515    7.2515    7.3069    7.3069    7.6073    7.6073    7.7329    7.7329    8.0938    8.0938    8.1816    8.1816    8.3273    8.3273    8.4497    8.4497    8.6501    8.6501    8.7300    8.7300    9.0919    9.0919    9.1184    9.1184    9.2509    9.2509    9.2881    9.2881    9.5976    9.5976    9.6111    9.6111   10.0142   10.0142   10.0740   10.0740   10.6703   10.6703   10.7809   10.7809   10.9238   10.9238   10.9494   10.9494   11.3235   11.3235   11.3956   11.3956
  0.7123  -20.7754  -20.7754  -20.7754  -20.7754  -12.6056  -12.6056  -12.6056  -12.6056  -11.5321  -11.5321  -11.5321  -11.5321  -10.7939  -10.7939  -10.7939  -10.7939   -7.6113   -7.6113   -7.6113   -7.6113   -7.5969   -7.5969   -7.5969   -7.5969   -7.5607   -7.5607   -7.5607   -7.5607   -3.8609   -3.8609   -3.8609   -3.8609   -2.4217   -2.4217   -2.4217   -2.4217   -1.9326   -1.9326   -1.9326   -1.9326   -1.5478   -1.5478   -1.5478   -1.5478   -1.1211   -1.1211   -1.1211   -1.1211   -1.0042   -1.0042   -1.0042   -1.0042   -0.6061   -0.6061   -0.6061   -0.6061   -0.5078   -0.5078   -0.5078   -0.5078    1.6753    1.6753    1.6753    1.6753    5.0122    5.0122    5.0122    5.0122    5.1899    5.1899    5.1899    5.1899    5.6225    5.6225    5.6225    5.6225    5.8634    5.8634    5.8634    5.8634    6.1308    6.1308    6.1308    6.1308    6.4106    6.4106    6.4106    6.4106    6.7138    6.7138    6.7138    6.7138    7.2793    7.2793    7.2793    7.2793    7.6719    7.6719    7.6719    7.6719    8.1362    8.1362    8.1362    8.1362    8.3915    8.3915    8.3915    8.3915    8.6869    8.6869    8.6869    8.6869    9.1116    9.1116    9.1116    9.1116    9.2701    9.2701    9.2701    9.2701    9.5994    9.5994    9.5994    9.5994   10.0333   10.0333   10.0333   10.0333   10.7405   10.7405   10.7405   10.7405   10.9245   10.9245   10.9245   10.9245   11.3823   11.3823   11.3823   11.3823
  0.7123  -20.7754  -20.7754  -20.7754  -20.7754  -12.6056  -12.6056  -12.6056  -12.6056  -11.5321  -11.5321  -11.5321  -11.5321  -10.7939  -10.7939  -10.7939  -10.7939   -7.6113   -7.6113   -7.6113   -7.6113   -7.5969   -7.5969   -7.5969   -7.5969   -7.5607   -7.5607   -7.5607   -7.5607   -3.8609   -3.8609   -3.8609   -3.8609   -2.4217   -2.4217   -2.4217   -2.4217   -1.9326   -1.9326   -1.9326   -1.9326   -1.5478   -1.5478   -1.5478   -1.5478   -1.1211   -1.1211   -1.1211   -1.1211   -1.0042   -1.0042   -1.0042   -1.0042   -0.6061   -0.6061   -0.6061   -0.6061   -0.5078   -0.5078   -0.5078   -0.5078    1.6753    1.6753    1.6753    1.6753    5.0122    5.0122    5.0122    5.0122    5.1899    5.1899    5.1899    5.1899    5.6225    5.6225    5.6225    5.6225    5.8634    5.8634    5.8634    5.8634    6.1308    6.1308    6.1308    6.1308    6.4106    6.4106    6.4106    6.4106    6.7138    6.7138    6.7138    6.7138    7.2793    7.2793    7.2793    7.2793    7.6719    7.6719    7.6719    7.6719    8.1362    8.1362    8.1362    8.1362    8.3915    8.3915    8.3915    8.3915    8.6869    8.6869    8.6869    8.6869    9.1116    9.1116    9.1116    9.1116    9.2701    9.2701    9.2701    9.2701    9.5994    9.5994    9.5994    9.5994   10.0333   10.0333   10.0333   10.0333   10.7405   10.7405   10.7405   10.7405   10.9245   10.9245   10.9245   10.9245   11.3823   11.3823   11.3823   11.3823
  0.7270  -20.7755  -20.7755  -20.7754  -20.7754  -12.6090  -12.6090  -12.6021  -12.6021  -11.5359  -11.5359  -11.5284  -11.5284  -10.7956  -10.7956  -10.7922  -10.7922   -7.6131   -7.6131   -7.6096   -7.6096   -7.5977   -7.5977   -7.5961   -7.5961   -7.5611   -7.5611   -7.5603   -7.5603   -3.8683   -3.8683   -3.8536   -3.8536   -2.4214   -2.4214   -2.4207   -2.4207   -1.9344   -1.9344   -1.9316   -1.9316   -1.5619   -1.5619   -1.5330   -1.5330   -1.1368   -1.1368   -1.1073   -1.1073   -1.0096   -1.0096   -0.9983   -0.9983   -0.6111   -0.6111   -0.6030   -0.6030   -0.5194   -0.5194   -0.4942   -0.4942    1.6716    1.6716    1.6795    1.6795    4.9975    4.9975    5.0273    5.0273    5.1793    5.1793    5.1974    5.1974    5.6221    5.6221    5.6248    5.6248    5.8597    5.8597    5.8664    5.8664    6.1256    6.1256    6.1367    6.1367    6.4114    6.4114    6.4133    6.4133    6.7077    6.7077    6.7206    6.7206    7.2789    7.2789    7.2821    7.2821    7.6509    7.6509    7.6903    7.6903    8.1306    8.1306    8.1385    8.1385    8.3872    8.3872    8.3912    8.3912    8.6674    8.6674    8.7027    8.7027    9.1047    9.1047    9.1076    9.1076    9.2577    9.2577    9.2917    9.2917    9.5978    9.5978    9.6084    9.6084   10.0215   10.0215   10.0514   10.0514   10.7240   10.7240   10.7563   10.7563   10.8917   10.8917   10.9597   10.9597   11.3761   11.3761   11.3893   11.3893
  0.7416  -20.7755  -20.7755  -20.7754  -20.7754  -12.6123  -12.6123  -12.5987  -12.5987  -11.5397  -11.5397  -11.5249  -11.5249  -10.7972  -10.7972  -10.7904  -10.7904   -7.6148   -7.6148   -7.6079   -7.6079   -7.5986   -7.5986   -7.5953   -7.5953   -7.5614   -7.5614   -7.5599   -7.5599   -3.8757   -3.8757   -3.8464   -3.8464   -2.4200   -2.4200   -2.4186   -2.4186   -1.9372   -1.9372   -1.9314   -1.9314   -1.5751   -1.5751   -1.5176   -1.5176   -1.1538   -1.1538   -1.0961   -1.0961   -1.0138   -1.0138   -0.9921   -0.9921   -0.6184   -0.6184   -0.6011   -0.6011   -0.5283   -0.5283   -0.4794   -0.4794    1.6685    1.6685    1.6842    1.6842    4.9834    4.9834    5.0425    5.0425    5.1659    5.1659    5.2016    5.2016    5.6242    5.6242    5.6283    5.6283    5.8554    5.8554    5.8688    5.8688    6.1207    6.1207    6.1436    6.1436    6.4158    6.4158    6.4193    6.4193    6.7022    6.7022    6.7280    6.7280    7.2805    7.2805    7.2881    7.2881    7.6277    7.6277    7.7059    7.7059    8.1215    8.1215    8.1377    8.1377    8.3801    8.3801    8.3841    8.3841    8.6458    8.6458    8.7138    8.7138    9.0907    9.0907    9.0916    9.0916    9.2554    9.2554    9.3195    9.3195    9.6029    9.6029    9.6248    9.6248   10.0163   10.0163   10.0754   10.0754   10.7064   10.7064   10.7720   10.7720   10.8633   10.8633   10.9939   10.9939   11.3715   11.3715   11.3965   11.3965
  0.7563  -20.7755  -20.7755  -20.7754  -20.7754  -12.6156  -12.6156  -12.5952  -12.5952  -11.5436  -11.5436  -11.5214  -11.5214  -10.7988  -10.7988  -10.7885  -10.7885   -7.6166   -7.6166   -7.6064   -7.6064   -7.5993   -7.5993   -7.5946   -7.5946   -7.5617   -7.5617   -7.5594   -7.5594   -3.8830   -3.8830   -3.8393   -3.8393   -2.4172   -2.4172   -2.4154   -2.4154   -1.9409   -1.9409   -1.9320   -1.9320   -1.5875   -1.5875   -1.5017   -1.5017   -1.1717   -1.1717   -1.0883   -1.0883   -1.0162   -1.0162   -0.9860   -0.9860   -0.6280   -0.6280   -0.6001   -0.6001   -0.5343   -0.5343   -0.4641   -0.4641    1.6659    1.6659    1.6894    1.6894    4.9699    4.9699    5.0577    5.0577    5.1501    5.1501    5.2028    5.2028    5.6287    5.6287    5.6316    5.6316    5.8515    5.8515    5.8713    5.8713    6.1156    6.1156    6.1518    6.1518    6.4239    6.4239    6.4277    6.4277    6.6974    6.6974    6.7361    6.7361    7.2832    7.2832    7.2975    7.2975    7.6027    7.6027    7.7184    7.7184    8.1090    8.1090    8.1340    8.1340    8.3683    8.3683    8.3713    8.3713    8.6244    8.6244    8.7206    8.7206    9.0665    9.0665    9.0739    9.0739    9.2611    9.2611    9.3506    9.3506    9.6127    9.6127    9.6476    9.6476   10.0179   10.0179   10.1043   10.1043   10.6880   10.6880   10.7879   10.7879   10.8399   10.8399   11.0231   11.0231   11.3693   11.3693   11.4040   11.4040
  0.7710  -20.7755  -20.7755  -20.7754  -20.7754  -12.6187  -12.6187  -12.5918  -12.5918  -11.5475  -11.5475  -11.5182  -11.5182  -10.8002  -10.8002  -10.7866  -10.7866   -7.6183   -7.6183   -7.6053   -7.6053   -7.5997   -7.5997   -7.5940   -7.5940   -7.5620   -7.5620   -7.5589   -7.5589   -3.8903   -3.8903   -3.8324   -3.8324   -2.4132   -2.4132   -2.4113   -2.4113   -1.9454   -1.9454   -1.9333   -1.9333   -1.5992   -1.5992   -1.4854   -1.4854   -1.1901   -1.1901   -1.0849   -1.0849   -1.0159   -1.0159   -0.9801   -0.9801   -0.6395   -0.6395   -0.5995   -0.5995   -0.5378   -0.5378   -0.4486   -0.4486    1.6639    1.6639    1.6949    1.6949    4.9571    4.9571    5.0725    5.0725    5.1325    5.1325    5.2015    5.2015    5.6335    5.6335    5.6354    5.6354    5.8491    5.8491    5.8745    5.8745    6.1105    6.1105    6.1611    6.1611    6.4353    6.4353    6.4377    6.4377    6.6933    6.6933    6.7449    6.7449    7.2864    7.2864    7.3105    7.3105    7.5762    7.5762    7.7275    7.7275    8.0932    8.0932    8.1275    8.1275    8.3426    8.3426    8.3611    8.3611    8.6044    8.6044    8.7243    8.7243    9.0358    9.0358    9.0578    9.0578    9.2717    9.2717    9.3827    9.3827    9.6250    9.6250    9.6757    9.6757   10.0258   10.0258   10.1375   10.1375   10.6702   10.6702   10.8036   10.8036   10.8205   10.8205   11.0437   11.0437   11.3700   11.3700   11.4130   11.4130
  0.7857  -20.7755  -20.7755  -20.7754  -20.7754  -12.6218  -12.6218  -12.5885  -12.5885  -11.5513  -11.5513  -11.5150  -11.5150  -10.8015  -10.8015  -10.7848  -10.7848   -7.6199   -7.6199   -7.6049   -7.6049   -7.5994   -7.5994   -7.5934   -7.5934   -7.5623   -7.5623   -7.5584   -7.5584   -3.8975   -3.8975   -3.8258   -3.8258   -2.4079   -2.4079   -2.4064   -2.4064   -1.9507   -1.9507   -1.9350   -1.9350   -1.6101   -1.6101   -1.4690   -1.4690   -1.2088   -1.2088   -1.0857   -1.0857   -1.0133   -1.0133   -0.9744   -0.9744   -0.6519   -0.6519   -0.5992   -0.5992   -0.5391   -0.5391   -0.4335   -0.4335    1.6623    1.6623    1.7008    1.7008    4.9449    4.9449    5.0863    5.0863    5.1136    5.1136    5.1984    5.1984    5.6330    5.6330    5.6436    5.6436    5.8495    5.8495    5.8791    5.8791    6.1053    6.1053    6.1712    6.1712    6.4482    6.4482    6.4500    6.4500    6.6901    6.6901    6.7545    6.7545    7.2895    7.2895    7.3270    7.3270    7.5487    7.5487    7.7333    7.7333    8.0745    8.0745    8.1182    8.1182    8.3080    8.3080    8.3497    8.3497    8.5858    8.5858    8.7266    8.7266    9.0024    9.0024    9.0450    9.0450    9.2849    9.2849    9.4143    9.4143    9.6379    9.6379    9.7080    9.7080   10.0397   10.0397   10.1736   10.1736   10.6547   10.6547   10.8034   10.8034   10.8185   10.8185   11.0535   11.0535   11.3737   11.3737   11.4253   11.4253
  0.8003  -20.7755  -20.7755  -20.7754  -20.7754  -12.6247  -12.6247  -12.5852  -12.5852  -11.5551  -11.5551  -11.5121  -11.5121  -10.8028  -10.8028  -10.7829  -10.7829   -7.6215   -7.6215   -7.6052   -7.6052   -7.5984   -7.5984   -7.5930   -7.5930   -7.5626   -7.5626   -7.5579   -7.5579   -3.9044   -3.9044   -3.8194   -3.8194   -2.4015   -2.4015   -2.4009   -2.4009   -1.9568   -1.9568   -1.9369   -1.9369   -1.6204   -1.6204   -1.4525   -1.4525   -1.2274   -1.2274   -1.0897   -1.0897   -1.0091   -1.0091   -0.9691   -0.9691   -0.6646   -0.6646   -0.5990   -0.5990   -0.5391   -0.5391   -0.4189   -0.4189    1.6613    1.6613    1.7069    1.7069    4.9335    4.9335    5.0938    5.0938    5.0983    5.0983    5.1946    5.1946    5.6295    5.6295    5.6528    5.6528    5.8536    5.8536    5.8856    5.8856    6.1006    6.1006    6.1814    6.1814    6.4583    6.4583    6.4677    6.4677    6.6881    6.6881    6.7648    6.7648    7.2918    7.2918    7.3465    7.3465    7.5210    7.5210    7.7356    7.7356    8.0536    8.0536    8.1056    8.1056    8.2672    8.2672    8.3367    8.3367    8.5677    8.5677    8.7291    8.7291    8.9686    8.9686    9.0372    9.0372    9.2991    9.2991    9.4441    9.4441    9.6500    9.6500    9.7433    9.7433   10.0591   10.0591   10.2116   10.2116   10.6425   10.6425   10.7870   10.7870   10.8315   10.8315   11.0537   11.0537   11.3801   11.3801   11.4418   11.4418
  0.8150  -20.7755  -20.7755  -20.7754  -20.7754  -12.6274  -12.6274  -12.5820  -12.5820  -11.5588  -11.5588  -11.5094  -11.5094  -10.8039  -10.8039  -10.7811  -10.7811   -7.6230   -7.6230   -7.6060   -7.6060   -7.5970   -7.5970   -7.5926   -7.5926   -7.5628   -7.5628   -7.5573   -7.5573   -3.9111   -3.9111   -3.8133   -3.8133   -2.3949   -2.3949   -2.3940   -2.3940   -1.9635   -1.9635   -1.9388   -1.9388   -1.6302   -1.6302   -1.4363   -1.4363   -1.2457   -1.2457   -1.0959   -1.0959   -1.0047   -1.0047   -0.9641   -0.9641   -0.6770   -0.6770   -0.5987   -0.5987   -0.5380   -0.5380   -0.4051   -0.4051    1.6606    1.6606    1.7132    1.7132    4.9228    4.9228    5.0736    5.0736    5.1075    5.1075    5.1917    5.1917    5.6229    5.6229    5.6622    5.6622    5.8616    5.8616    5.8942    5.8942    6.0968    6.0968    6.1913    6.1913    6.4672    6.4672    6.4882    6.4882    6.6872    6.6872    6.7757    6.7757    7.2930    7.2930    7.3673    7.3673    7.4942    7.4942    7.7346    7.7346    8.0310    8.0310    8.0885    8.0885    8.2244    8.2244    8.3218    8.3218    8.5491    8.5491    8.7321    8.7321    8.9371    8.9371    9.0347    9.0347    9.3127    9.3127    9.4711    9.4711    9.6605    9.6605    9.7809    9.7809   10.0835   10.0835   10.2498   10.2498   10.6332   10.6332   10.7711   10.7711   10.8414   10.8414   11.0485   11.0485   11.3881   11.3881   11.4613   11.4613
  0.8297  -20.7755  -20.7755  -20.7754  -20.7754  -12.6300  -12.6300  -12.5790  -12.5790  -11.5623  -11.5623  -11.5068  -11.5068  -10.8050  -10.8050  -10.7793  -10.7793   -7.6244   -7.6244   -7.6069   -7.6069   -7.5955   -7.5955   -7.5923   -7.5923   -7.5631   -7.5631   -7.5568   -7.5568   -3.9175   -3.9175   -3.8076   -3.8076   -2.3888   -2.3888   -2.3855   -2.3855   -1.9708   -1.9708   -1.9404   -1.9404   -1.6398   -1.6398   -1.4204   -1.4204   -1.2634   -1.2634   -1.1034   -1.1034   -1.0008   -1.0008   -0.9595   -0.9595   -0.6884   -0.6884   -0.5985   -0.5985   -0.5364   -0.5364   -0.3922   -0.3922    1.6604    1.6604    1.7195    1.7195    4.9128    4.9128    5.0533    5.0533    5.1128    5.1128    5.1909    5.1909    5.6142    5.6142    5.6714    5.6714    5.8730    5.8730    5.9047    5.9047    6.0945    6.0945    6.2005    6.2005    6.4745    6.4745    6.5111    6.5111    6.6876    6.6876    6.7872    6.7872    7.2927    7.2927    7.3856    7.3856    7.4720    7.4720    7.7306    7.7306    8.0075    8.0075    8.0640    8.0640    8.1855    8.1855    8.3050    8.3050    8.5297    8.5297    8.7346    8.7346    8.9112    8.9112    9.0373    9.0373    9.3244    9.3244    9.4947    9.4947    9.6692    9.6692    9.8197    9.8197   10.1123   10.1123   10.2867   10.2867   10.6247   10.6247   10.7574   10.7574   10.8473   10.8473   11.0436   11.0436   11.3967   11.3967   11.4816   11.4816
  0.8444  -20.7755  -20.7755  -20.7754  -20.7754  -12.6324  -12.6324  -12.5762  -12.5762  -11.5657  -11.5657  -11.5045  -11.5045  -10.8059  -10.8059  -10.7776  -10.7776   -7.6257   -7.6257   -7.6079   -7.6079   -7.5940   -7.5940   -7.5921   -7.5921   -7.5634   -7.5634   -7.5562   -7.5562   -3.9236   -3.9236   -3.8022   -3.8022   -2.3825   -2.3825   -2.3763   -2.3763   -1.9785   -1.9785   -1.9416   -1.9416   -1.6492   -1.6492   -1.4050   -1.4050   -1.2802   -1.2802   -1.1116   -1.1116   -0.9977   -0.9977   -0.9554   -0.9554   -0.6988   -0.6988   -0.5981   -0.5981   -0.5343   -0.5343   -0.3803   -0.3803    1.6605    1.6605    1.7259    1.7259    4.9035    4.9035    5.0335    5.0335    5.1137    5.1137    5.1930    5.1930    5.6041    5.6041    5.6801    5.6801    5.8870    5.8870    5.9166    5.9166    6.0942    6.0942    6.2085    6.2085    6.4801    6.4801    6.5361    6.5361    6.6892    6.6892    6.7991    6.7991    7.2906    7.2906    7.3902    7.3902    7.4648    7.4648    7.7240    7.7240    7.9838    7.9838    8.0294    8.0294    8.1560    8.1560    8.2865    8.2865    8.5093    8.5093    8.7332    8.7332    8.8954    8.8954    9.0440    9.0440    9.3333    9.3333    9.5141    9.5141    9.6765    9.6765    9.8591    9.8591   10.1453   10.1453   10.3207   10.3207   10.6135   10.6135   10.7486   10.7486   10.8494   10.8494   11.0433   11.0433   11.4041   11.4041   11.5002   11.5005
  0.8590  -20.7755  -20.7755  -20.7754  -20.7754  -12.6346  -12.6346  -12.5735  -12.5735  -11.5689  -11.5689  -11.5024  -11.5024  -10.8067  -10.8067  -10.7760  -10.7760   -7.6269   -7.6269   -7.6088   -7.6088   -7.5926   -7.5926   -7.5919   -7.5919   -7.5636   -7.5636   -7.5557   -7.5557   -3.9293   -3.9293   -3.7972   -3.7972   -2.3764   -2.3764   -2.3664   -2.3664   -1.9866   -1.9866   -1.9420   -1.9420   -1.6586   -1.6586   -1.3904   -1.3904   -1.2960   -1.2960   -1.1201   -1.1201   -0.9956   -0.9956   -0.9516   -0.9516   -0.7078   -0.7078   -0.5977   -0.5977   -0.5320   -0.5320   -0.3694   -0.3694    1.6608    1.6608    1.7320    1.7320    4.8949    4.8949    5.0143    5.0143    5.1110    5.1110    5.1976    5.1976    5.5937    5.5937    5.6881    5.6881    5.9026    5.9026    5.9290    5.9290    6.0964    6.0964    6.2153    6.2153    6.4841    6.4841    6.5625    6.5625    6.6918    6.6918    6.8111    6.8111    7.2868    7.2868    7.3745    7.3745    7.4784    7.4784    7.7152    7.7152    7.9604    7.9604    7.9860    7.9860    8.1372    8.1372    8.2667    8.2667    8.4884    8.4884    8.7248    8.7248    8.8936    8.8936    9.0535    9.0535    9.3387    9.3387    9.5292    9.5292    9.6829    9.6829    9.8982    9.8982   10.1817   10.1817   10.3505   10.3505   10.5965   10.5965   10.7474   10.7474   10.8485   10.8485   11.0503   11.0503   11.4091   11.4091   11.5153   11.5171
  0.8737  -20.7755  -20.7755  -20.7754  -20.7754  -12.6367  -12.6367  -12.5710  -12.5710  -11.5719  -11.5719  -11.5005  -11.5005  -10.8075  -10.8075  -10.7744  -10.7744   -7.6280   -7.6280   -7.6097   -7.6097   -7.5918   -7.5918   -7.5912   -7.5912   -7.5639   -7.5639   -7.5552   -7.5552   -3.9345   -3.9345   -3.7926   -3.7926   -2.3706   -2.3706   -2.3561   -2.3561   -1.9950   -1.9950   -1.9416   -1.9416   -1.6681   -1.6681   -1.3767   -1.3767   -1.3103   -1.3103   -1.1285   -1.1285   -0.9946   -0.9946   -0.9483   -0.9483   -0.7154   -0.7154   -0.5972   -0.5972   -0.5296   -0.5296   -0.3597   -0.3597    1.6614    1.6614    1.7379    1.7379    4.8869    4.8869    4.9962    4.9962    5.1060    5.1060    5.2034    5.2034    5.5834    5.5834    5.6955    5.6955    5.9190    5.9190    5.9412    5.9412    6.1014    6.1014    6.2209    6.2209    6.4868    6.4868    6.5896    6.5896    6.6952    6.6952    6.8231    6.8231    7.2813    7.2813    7.3495    7.3495    7.5009    7.5009    7.7051    7.7051    7.9379    7.9379    7.9384    7.9384    8.1268    8.1268    8.2461    8.2461    8.4674    8.4674    8.7096    8.7096    8.9055    8.9055    9.0647    9.0647    9.3401    9.3401    9.5400    9.5400    9.6890    9.6890    9.9362    9.9362   10.2207   10.2207   10.3755   10.3755   10.5736   10.5736   10.7532   10.7532   10.8454   10.8454   11.0657   11.0657   11.4100   11.4101   11.5264   11.5289
  0.8884  -20.7755  -20.7755  -20.7754  -20.7754  -12.6385  -12.6385  -12.5688  -12.5688  -11.5746  -11.5746  -11.4988  -11.4988  -10.8081  -10.8081  -10.7731  -10.7731   -7.6290   -7.6290   -7.6106   -7.6106   -7.5917   -7.5917   -7.5899   -7.5899   -7.5641   -7.5641   -7.5547   -7.5547   -3.9392   -3.9392   -3.7885   -3.7885   -2.3653   -2.3653   -2.3457   -2.3457   -2.0034   -2.0034   -1.9404   -1.9404   -1.6777   -1.6777   -1.3640   -1.3640   -1.3232   -1.3232   -1.1368   -1.1368   -0.9945   -0.9945   -0.9455   -0.9455   -0.7217   -0.7217   -0.5967   -0.5967   -0.5272   -0.5272   -0.3512   -0.3512    1.6621    1.6621    1.7435    1.7435    4.8796    4.8796    4.9795    4.9795    5.0999    5.0999    5.2094    5.2094    5.5740    5.5740    5.7021    5.7021    5.9356    5.9356    5.9524    5.9524    6.1090    6.1090    6.2253    6.2253    6.4888    6.4888    6.6168    6.6168    6.6990    6.6990    6.8348    6.8348    7.2744    7.2744    7.3223    7.3223    7.5245    7.5245    7.6941    7.6941    7.8910    7.8910    7.9167    7.9167    8.1227    8.1227    8.2256    8.2256    8.4467    8.4467    8.6908    8.6908    8.9273    8.9273    9.0762    9.0762    9.3375    9.3375    9.5466    9.5466    9.6954    9.6954    9.9724    9.9724   10.2606   10.2606   10.3962   10.3962   10.5478   10.5478   10.7632   10.7632   10.8397   10.8397   11.0902   11.0902   11.4057   11.4057   11.5315   11.5361
  0.9030  -20.7755  -20.7755  -20.7754  -20.7754  -12.6400  -12.6400  -12.5668  -12.5668  -11.5770  -11.5770  -11.4974  -11.4974  -10.8086  -10.8086  -10.7718  -10.7718   -7.6299   -7.6299   -7.6113   -7.6113   -7.5917   -7.5917   -7.5888   -7.5888   -7.5644   -7.5644   -7.5543   -7.5543   -3.9434   -3.9434   -3.7849   -3.7849   -2.3606   -2.3606   -2.3355   -2.3355   -2.0116   -2.0116   -1.9382   -1.9382   -1.6872   -1.6872   -1.3525   -1.3525   -1.3345   -1.3345   -1.1445   -1.1445   -0.9951   -0.9951   -0.9430   -0.9430   -0.7268   -0.7268   -0.5962   -0.5962   -0.5250   -0.5250   -0.3438   -0.3438    1.6628    1.6628    1.7485    1.7485    4.8730    4.8730    4.9646    4.9646    5.0937    5.0937    5.2149    5.2149    5.5655    5.5655    5.7081    5.7081    5.9515    5.9515    5.9622    5.9622    6.1185    6.1185    6.2286    6.2286    6.4905    6.4905    6.6430    6.6430    6.7029    6.7029    6.8458    6.8458    7.2666    7.2666    7.2950    7.2950    7.5463    7.5463    7.6830    7.6830    7.8465    7.8465    7.8971    7.8971    8.1235    8.1235    8.2058    8.2058    8.4267    8.4267    8.6716    8.6716    8.9552    8.9552    9.0870    9.0870    9.3312    9.3312    9.5497    9.5497    9.7021    9.7021   10.0060   10.0060   10.2990   10.2990   10.4136   10.4136   10.5232   10.5232   10.7740   10.7740   10.8307   10.8307   11.1238   11.1238   11.3960   11.3960   11.5253   11.5263
  0.9177  -20.7755  -20.7755  -20.7754  -20.7754  -12.6414  -12.6414  -12.5651  -12.5651  -11.5791  -11.5791  -11.4961  -11.4961  -10.8091  -10.8091  -10.7708  -10.7708   -7.6306   -7.6306   -7.6120   -7.6120   -7.5916   -7.5916   -7.5877   -7.5877   -7.5646   -7.5646   -7.5539   -7.5539   -3.9470   -3.9470   -3.7818   -3.7818   -2.3565   -2.3565   -2.3258   -2.3258   -2.0195   -2.0195   -1.9353   -1.9353   -1.6965   -1.6965   -1.3440   -1.3440   -1.3425   -1.3425   -1.1515   -1.1515   -0.9961   -0.9961   -0.9409   -0.9409   -0.7308   -0.7308   -0.5957   -0.5957   -0.5230   -0.5230   -0.3376   -0.3376    1.6636    1.6636    1.7530    1.7530    4.8671    4.8671    4.9516    4.9516    5.0879    5.0879    5.2196    5.2196    5.5583    5.5583    5.7132    5.7132    5.9662    5.9662    5.9707    5.9707    6.1290    6.1290    6.2310    6.2310    6.4922    6.4922    6.6675    6.6675    6.7068    6.7068    6.8560    6.8560    7.2583    7.2583    7.2691    7.2691    7.5648    7.5648    7.6722    7.6722    7.8069    7.8069    7.8798    7.8798    8.1285    8.1285    8.1875    8.1875    8.4078    8.4078    8.6538    8.6538    8.9861    8.9861    9.0965    9.0965    9.3219    9.3219    9.5501    9.5501    9.7089    9.7089   10.0363   10.0363   10.3313   10.3313   10.4288   10.4288   10.5056   10.5056   10.7826   10.7826   10.8183   10.8183   11.1651   11.1651   11.3828   11.3828   11.5035   11.5081
  0.9324  -20.7755  -20.7755  -20.7754  -20.7754  -12.6425  -12.6425  -12.5636  -12.5636  -11.5808  -11.5808  -11.4951  -11.4951  -10.8095  -10.8095  -10.7699  -10.7699   -7.6313   -7.6313   -7.6126   -7.6126   -7.5916   -7.5916   -7.5868   -7.5868   -7.5649   -7.5649   -7.5536   -7.5536   -3.9500   -3.9500   -3.7792   -3.7792   -2.3532   -2.3532   -2.3169   -2.3169   -2.0266   -2.0266   -1.9320   -1.9320   -1.7051   -1.7051   -1.3518   -1.3518   -1.3339   -1.3339   -1.1575   -1.1575   -0.9973   -0.9973   -0.9393   -0.9393   -0.7338   -0.7338   -0.5952   -0.5952   -0.5213   -0.5213   -0.3325   -0.3325    1.6643    1.6643    1.7568    1.7568    4.8620    4.8620    4.9408    4.9408    5.0829    5.0829    5.2234    5.2234    5.5524    5.5524    5.7175    5.7175    5.9777    5.9777    5.9792    5.9792    6.1393    6.1393    6.2327    6.2327    6.4941    6.4941    6.6892    6.6892    6.7103    6.7103    6.8648    6.8648    7.2456    7.2456    7.2504    7.2504    7.5792    7.5792    7.6625    7.6625    7.7736    7.7736    7.8649    7.8649    8.1366    8.1366    8.1714    8.1714    8.3904    8.3904    8.6386    8.6386    9.0174    9.0174    9.1040    9.1040    9.3103    9.3103    9.5488    9.5488    9.7155    9.7155   10.0626   10.0626   10.3505   10.3505   10.4426   10.4426   10.5028   10.5028   10.7866   10.7866   10.8034   10.8034   11.2117   11.2117   11.3694   11.3694   11.4831   11.4886
  0.9471  -20.7755  -20.7755  -20.7754  -20.7754  -12.6433  -12.6433  -12.5625  -12.5625  -11.5822  -11.5822  -11.4943  -11.4943  -10.8097  -10.8097  -10.7692  -10.7692   -7.6317   -7.6317   -7.6130   -7.6130   -7.5916   -7.5916   -7.5861   -7.5861   -7.5650   -7.5650   -7.5534   -7.5534   -3.9523   -3.9523   -3.7772   -3.7772   -2.3507   -2.3507   -2.3094   -2.3094   -2.0327   -2.0327   -1.9287   -1.9287   -1.7126   -1.7126   -1.3579   -1.3579   -1.3271   -1.3271   -1.1625   -1.1625   -0.9985   -0.9985   -0.9380   -0.9380   -0.7360   -0.7360   -0.5948   -0.5948   -0.5199   -0.5199   -0.3286   -0.3286    1.6649    1.6649    1.7599    1.7599    4.8579    4.8579    4.9323    4.9323    5.0788    5.0788    5.2262    5.2262    5.5479    5.5479    5.7210    5.7210    5.9833    5.9833    5.9899    5.9899    6.1483    6.1483    6.2338    6.2338    6.4962    6.4962    6.7072    6.7072    6.7134    6.7134    6.8721    6.8721    7.2255    7.2255    7.2434    7.2434    7.5895    7.5895    7.6541    7.6541    7.7476    7.7476    7.8530    7.8530    8.1463    8.1463    8.1581    8.1581    8.3750    8.3750    8.6265    8.6265    9.0470    9.0470    9.1096    9.1096    9.2976    9.2976    9.5467    9.5467    9.7214    9.7214   10.0841   10.0841   10.3536   10.3536   10.4552   10.4552   10.5173   10.5173   10.7850   10.7850   10.7876   10.7876   11.2603   11.2603   11.3594   11.3594   11.4637   11.4646
  0.9617  -20.7755  -20.7755  -20.7754  -20.7754  -12.6440  -12.6440  -12.5617  -12.5617  -11.5832  -11.5832  -11.4938  -11.4938  -10.8099  -10.8099  -10.7686  -10.7686   -7.6321   -7.6321   -7.6133   -7.6133   -7.5916   -7.5916   -7.5856   -7.5856   -7.5652   -7.5652   -7.5532   -7.5532   -3.9540   -3.9540   -3.7757   -3.7757   -2.3488   -2.3488   -2.3037   -2.3037   -2.0374   -2.0374   -1.9258   -1.9258   -1.7185   -1.7185   -1.3621   -1.3621   -1.3221   -1.3221   -1.1661   -1.1661   -0.9995   -0.9995   -0.9371   -0.9371   -0.7374   -0.7374   -0.5945   -0.5945   -0.5188   -0.5188   -0.3258   -0.3258    1.6654    1.6654    1.7621    1.7621    4.8548    4.8548    4.9263    4.9263    5.0758    5.0758    5.2282    5.2282    5.5446    5.5446    5.7234    5.7234    5.9875    5.9875    5.9978    5.9978    6.1552    6.1552    6.2345    6.2345    6.4981    6.4981    6.7157    6.7157    6.7208    6.7208    6.8775    6.8775    7.2101    7.2101    7.2379    7.2379    7.5959    7.5959    7.6478    7.6478    7.7293    7.7293    7.8443    7.8443    8.1482    8.1482    8.1557    8.1557    8.3625    8.3625    8.6177    8.6177    9.0720    9.0720    9.1132    9.1132    9.2853    9.2853    9.5447    9.5447    9.7260    9.7260   10.1001   10.1001   10.3481   10.3481   10.4659   10.4659   10.5404   10.5404   10.7733   10.7733   10.7785   10.7785   11.3067   11.3067   11.3545   11.3545   11.4458   11.4500
  0.9764  -20.7755  -20.7755  -20.7754  -20.7754  -12.6443  -12.6443  -12.5612  -12.5612  -11.5838  -11.5838  -11.4934  -11.4934  -10.8101  -10.8101  -10.7683  -10.7683   -7.6323   -7.6323   -7.6135   -7.6135   -7.5916   -7.5916   -7.5853   -7.5853   -7.5653   -7.5653   -7.5531   -7.5531   -3.9550   -3.9550   -3.7748   -3.7748   -2.3477   -2.3477   -2.3001   -2.3001   -2.0403   -2.0403   -1.9239   -1.9239   -1.7223   -1.7223   -1.3647   -1.3647   -1.3191   -1.3191   -1.1684   -1.1684   -1.0002   -1.0002   -0.9366   -0.9366   -0.7383   -0.7383   -0.5943   -0.5943   -0.5182   -0.5182   -0.3241   -0.3241    1.6656    1.6656    1.7634    1.7634    4.8529    4.8529    4.9226    4.9226    5.0739    5.0739    5.2293    5.2293    5.5427    5.5427    5.7249    5.7249    5.9901    5.9901    6.0028    6.0028    6.1595    6.1595    6.2349    6.2349    6.4995    6.4995    6.7172    6.7172    6.7293    6.7293    6.8808    6.8808    7.2003    7.2003    7.2344    7.2344    7.5991    7.5991    7.6437    7.6437    7.7186    7.7186    7.8390    7.8390    8.1421    8.1421    8.1627    8.1627    8.3542    8.3542    8.6124    8.6124    9.0895    9.0895    9.1152    9.1152    9.2759    9.2759    9.5432    9.5432    9.7290    9.7290   10.1100   10.1100   10.3420   10.3420   10.4732   10.4732   10.5606   10.5606   10.7633   10.7633   10.7708   10.7708   11.3441   11.3441   11.3538   11.3538   11.4326   11.4338
  0.9911  -20.7755  -20.7755  -20.7754  -20.7754  -12.6445  -12.6445  -12.5611  -12.5611  -11.5840  -11.5840  -11.4933  -11.4933  -10.8101  -10.8101  -10.7682  -10.7682   -7.6324   -7.6324   -7.6136   -7.6136   -7.5916   -7.5916   -7.5852   -7.5852   -7.5653   -7.5653   -7.5530   -7.5530   -3.9554   -3.9554   -3.7746   -3.7746   -2.3474   -2.3474   -2.2988   -2.2988   -2.0414   -2.0414   -1.9232   -1.9232   -1.7237   -1.7237   -1.3656   -1.3656   -1.3181   -1.3181   -1.1691   -1.1691   -1.0004   -1.0004   -0.9364   -0.9364   -0.7386   -0.7386   -0.5942   -0.5942   -0.5180   -0.5180   -0.3235   -0.3235    1.6657    1.6657    1.7639    1.7639    4.8523    4.8523    4.9214    4.9214    5.0733    5.0733    5.2297    5.2297    5.5421    5.5421    5.7254    5.7254    5.9909    5.9909    6.0044    6.0044    6.1610    6.1610    6.2350    6.2350    6.5000    6.5000    6.7177    6.7177    6.7322    6.7322    6.8819    6.8819    7.1970    7.1970    7.2332    7.2332    7.6000    7.6000    7.6423    7.6423    7.7151    7.7151    7.8372    7.8372    8.1400    8.1400    8.1653    8.1653    8.3512    8.3512    8.6106    8.6106    9.0958    9.0958    9.1158    9.1158    9.2723    9.2723    9.5427    9.5427    9.7300    9.7300   10.1134   10.1134   10.3395   10.3395   10.4758   10.4758   10.5687   10.5687   10.7596   10.7596   10.7672   10.7672   11.3542   11.3543   11.3600   11.3602   11.4276   11.4299
  0.9911  -20.7755  -20.7755  -20.7754  -20.7754  -12.6445  -12.6445  -12.5611  -12.5611  -11.5840  -11.5840  -11.4933  -11.4933  -10.8101  -10.8101  -10.7682  -10.7682   -7.6324   -7.6324   -7.6136   -7.6136   -7.5916   -7.5916   -7.5852   -7.5852   -7.5653   -7.5653   -7.5530   -7.5530   -3.9554   -3.9554   -3.7746   -3.7746   -2.3474   -2.3474   -2.2988   -2.2988   -2.0414   -2.0414   -1.9232   -1.9232   -1.7237   -1.7237   -1.3656   -1.3656   -1.3181   -1.3181   -1.1691   -1.1691   -1.0004   -1.0004   -0.9364   -0.9364   -0.7386   -0.7386   -0.5942   -0.5942   -0.5180   -0.5180   -0.3235   -0.3235    1.6657    1.6657    1.7639    1.7639    4.8523    4.8523    4.9214    4.9214    5.0733    5.0733    5.2297    5.2297    5.5421    5.5421    5.7254    5.7254    5.9909    5.9909    6.0044    6.0044    6.1610    6.1610    6.2350    6.2350    6.5000    6.5000    6.7177    6.7177    6.7322    6.7322    6.8819    6.8819    7.1970    7.1970    7.2332    7.2332    7.6000    7.6000    7.6423    7.6423    7.7151    7.7151    7.8372    7.8372    8.1400    8.1400    8.1653    8.1653    8.3512    8.3512    8.6106    8.6106    9.0958    9.0958    9.1158    9.1158    9.2723    9.2723    9.5427    9.5427    9.7300    9.7300   10.1134   10.1134   10.3395   10.3395   10.4758   10.4758   10.5687   10.5687   10.7596   10.7596   10.7672   10.7672   11.3542   11.3542   11.3600   11.3602   11.4273   11.4336
  1.0139  -20.7757  -20.7754  -20.7754  -20.7753  -12.6481  -12.6407  -12.5624  -12.5597  -11.5849  -11.5830  -11.4984  -11.4882  -10.8102  -10.8100  -10.7698  -10.7667   -7.6333   -7.6314   -7.6142   -7.6130   -7.5927   -7.5906   -7.5853   -7.5853   -7.5664   -7.5645   -7.5544   -7.5520   -3.9575   -3.9536   -3.7774   -3.7716   -2.3491   -2.3435   -2.3170   -2.2807   -2.0437   -2.0367   -1.9359   -1.9118   -1.7341   -1.7116   -1.3704   -1.3611   -1.3286   -1.3114   -1.1885   -1.1462   -1.0072   -0.9940   -0.9472   -0.9268   -0.7449   -0.7321   -0.5997   -0.5897   -0.5244   -0.5117   -0.3287   -0.3189    1.6637    1.6677    1.7609    1.7668    4.8400    4.8657    4.8917    4.9468    5.0275    5.1247    5.2186    5.2350    5.5231    5.5584    5.6882    5.7674    5.9813    5.9942    6.0009    6.0010    6.1482    6.1696    6.2387    6.2395    6.4940    6.5036    6.7176    6.7243    6.7295    6.7395    6.8585    6.9223    7.1823    7.2119    7.2148    7.2456    7.5342    7.6041    7.6541    7.6740    7.7043    7.7408    7.8108    7.8803    8.0546    8.1494    8.1753    8.2287    8.3578    8.3658    8.5856    8.6347    9.0327    9.0551    9.1252    9.1886    9.1956    9.3579    9.5272    9.5544    9.6676    9.7970   10.0492   10.1837   10.3274   10.3475   10.4619   10.4837   10.5596   10.5793   10.6676   10.6716   10.8468   10.8788   11.2684   11.3097   11.3589   11.3757   11.4167   11.4474
  1.0367  -20.7758  -20.7755  -20.7753  -20.7752  -12.6517  -12.6370  -12.5637  -12.5583  -11.5856  -11.5819  -11.5034  -11.4831  -10.8103  -10.8099  -10.7713  -10.7651   -7.6342   -7.6306   -7.6148   -7.6124   -7.5939   -7.5897   -7.5858   -7.5855   -7.5676   -7.5640   -7.5560   -7.5512   -3.9599   -3.9522   -3.7800   -3.7684   -2.3487   -2.3374   -2.3343   -2.2635   -2.0428   -2.0305   -1.9494   -1.9025   -1.7423   -1.6984   -1.3753   -1.3571   -1.3408   -1.3118   -1.2011   -1.1219   -1.0142   -0.9879   -0.9590   -0.9187   -0.7510   -0.7257   -0.6058   -0.5862   -0.5310   -0.5057   -0.3343   -0.3148    1.6617    1.6696    1.7577    1.7694    4.8315    4.8374    4.8997    4.9664    4.9883    5.1727    5.2101    5.2342    5.5016    5.5717    5.6571    5.8116    5.9735    5.9737    5.9871    6.0084    6.1362    6.1727    6.2429    6.2530    6.4848    6.5050    6.7222    6.7319    6.7395    6.7502    6.8557    6.9754    7.1712    7.1795    7.2351    7.2529    7.4637    7.5658    7.6754    7.6833    7.7322    7.7715    7.8190    7.9304    7.9775    8.1299    8.1796    8.3143    8.3839    8.3995    8.5626    8.6511    8.9409    9.0134    9.1336    9.1369    9.2504    9.4469    9.5077    9.5626    9.6121    9.8638    9.9931   10.2551   10.3144   10.3511   10.4417   10.4873   10.5559   10.5596   10.5848   10.6191   10.9310   10.9897   11.1675   11.2200   11.3128   11.3833   11.4321   11.4453
  1.0595  -20.7759  -20.7756  -20.7752  -20.7752  -12.6551  -12.6332  -12.5649  -12.5569  -11.5863  -11.5807  -11.5082  -11.4780  -10.8104  -10.8099  -10.7729  -10.7635   -7.6351   -7.6299   -7.6154   -7.6117   -7.5951   -7.5889   -7.5868   -7.5859   -7.5688   -7.5640   -7.5580   -7.5507   -3.9626   -3.9511   -3.7825   -3.7652   -2.3504   -2.3462   -2.3293   -2.2484   -2.0375   -2.0235   -1.9629   -1.8962   -1.7477   -1.6846   -1.3801   -1.3537   -1.3537   -1.3217   -1.2043   -1.0975   -1.0215   -0.9818   -0.9717   -0.9123   -0.7569   -0.7195   -0.6124   -0.5839   -0.5376   -0.4999   -0.3402   -0.3114    1.6597    1.6714    1.7544    1.7719    4.7831    4.8261    4.9299    4.9562    4.9825    5.1673    5.2283    5.2547    5.4781    5.5809    5.6322    5.8533    5.9479    5.9679    5.9717    6.0066    6.1352    6.1706    6.2364    6.2742    6.4721    6.5018    6.7329    6.7391    6.7620    6.7631    6.8743    7.0373    7.1355    7.1648    7.2572    7.2600    7.3913    7.5282    7.6716    7.6883    7.7764    7.8015    7.8587    7.9146    7.9835    8.1101    8.1796    8.3870    8.4259    8.4478    8.5424    8.6475    8.8434    8.9867    9.0948    9.1272    9.3018    9.4841    9.5335    9.5634    9.5675    9.9237    9.9454   10.3065   10.3173   10.3536   10.4158   10.4718   10.5098   10.5218   10.5566   10.6277   11.0089   11.0727   11.0894   11.1138   11.2440   11.3930   11.4232   11.4703
  1.0823  -20.7760  -20.7757  -20.7751  -20.7751  -12.6585  -12.6294  -12.5661  -12.5555  -11.5868  -11.5794  -11.5129  -11.4729  -10.8106  -10.8099  -10.7744  -10.7620   -7.6359   -7.6294   -7.6159   -7.6111   -7.5963   -7.5885   -7.5882   -7.5865   -7.5697   -7.5642   -7.5603   -7.5503   -3.9656   -3.9503   -3.7847   -3.7619   -2.3648   -2.3419   -2.3192   -2.2364   -2.0270   -2.0163   -1.9759   -1.8931   -1.7500   -1.6706   -1.3845   -1.3667   -1.3508   -1.3396   -1.1997   -1.0742   -1.0290   -0.9851   -0.9754   -0.9079   -0.7624   -0.7136   -0.6189   -0.5828   -0.5440   -0.4943   -0.3464   -0.3087    1.6578    1.6732    1.7509    1.7743    4.7180    4.8223    4.9313    4.9680    4.9971    5.1410    5.2186    5.3201    5.4542    5.5843    5.6131    5.8854    5.9203    5.9627    5.9654    5.9930    6.1539    6.1643    6.2168    6.2981    6.4571    6.4906    6.7508    6.7536    6.7726    6.7920    6.9106    7.0806    7.1036    7.1645    7.2723    7.2803    7.3196    7.4911    7.6562    7.7122    7.8176    7.8259    7.8550    7.9266    8.0370    8.0929    8.1755    8.4345    8.4801    8.5063    8.5249    8.6141    8.7440    8.9887    9.0898    9.0939    9.3436    9.4567    9.5200    9.5695    9.6117    9.9059    9.9705   10.3077   10.3477   10.3592   10.3855   10.4013   10.4900   10.5354   10.5589   10.6405   10.9889   11.0119   11.0725   11.1696   11.1700   11.3937   11.4207   11.5137
  1.1052  -20.7762  -20.7757  -20.7751  -20.7750  -12.6616  -12.6257  -12.5673  -12.5541  -11.5871  -11.5781  -11.5174  -11.4679  -10.8107  -10.8098  -10.7758  -10.7605   -7.6365   -7.6293   -7.6165   -7.6105   -7.5974   -7.5910   -7.5877   -7.5872   -7.5702   -7.5647   -7.5629   -7.5501   -3.9689   -3.9497   -3.7867   -3.7585   -2.3773   -2.3359   -2.3075   -2.2278   -2.0112   -2.0091   -1.9879   -1.8935   -1.7494   -1.6571   -1.3883   -1.3793   -1.3623   -1.3483   -1.1905   -1.0529   -1.0365   -0.9993   -0.9680   -0.9060   -0.7674   -0.7080   -0.6249   -0.5830   -0.5502   -0.4890   -0.3526   -0.3068    1.6559    1.6748    1.7475    1.7764    4.6444    4.8191    4.9138    5.0111    5.0135    5.1111    5.2064    5.3890    5.4323    5.5807    5.5993    5.8928    5.8968    5.9649    5.9672    5.9777    6.1548    6.1854    6.1917    6.3219    6.4414    6.4706    6.7669    6.7793    6.7873    6.8202    6.9566    7.0173    7.1683    7.1737    7.2507    7.2943    7.3039    7.4561    7.6431    7.7466    7.8245    7.8410    7.8540    7.9909    8.0806    8.0891    8.1669    8.4461    8.5093    8.5422    8.5575    8.5705    8.6474    9.0193    9.0382    9.1246    9.3752    9.4286    9.4803    9.5684    9.6775    9.8740    9.9982   10.2863   10.3209   10.3524   10.3719   10.3831   10.5103   10.5591   10.5684   10.6516   10.9188   10.9336   11.0599   11.1552   11.2252   11.3651   11.4278   11.5496
  1.1280  -20.7763  -20.7758  -20.7750  -20.7749  -12.6646  -12.6220  -12.5684  -12.5528  -11.5874  -11.5767  -11.5218  -11.4631  -10.8109  -10.8098  -10.7772  -10.7591   -7.6371   -7.6296   -7.6170   -7.6100   -7.5983   -7.5941   -7.5883   -7.5873   -7.5703   -7.5656   -7.5652   -7.5500   -3.9724   -3.9493   -3.7885   -3.7552   -2.3879   -2.3286   -2.2942   -2.2225   -2.0024   -1.9985   -1.9907   -1.8967   -1.7465   -1.6444   -1.3914   -1.3911   -1.3870   -1.3459   -1.1792   -1.0439   -1.0349   -1.0142   -0.9585   -0.9068   -0.7720   -0.7031   -0.6301   -0.5843   -0.5559   -0.4839   -0.3587   -0.3057    1.6540    1.6764    1.7440    1.7784    4.5647    4.8161    4.9033    5.0237    5.0660    5.0801    5.1932    5.4156    5.4578    5.5704    5.5905    5.8663    5.8808    5.9704    5.9751    5.9795    6.1431    6.1452    6.2437    6.3445    6.4261    6.4445    6.7808    6.7864    6.8341    6.8405    6.9446    7.0084    7.1856    7.1974    7.2216    7.3275    7.3277    7.4294    7.6319    7.7872    7.8133    7.8446    7.8841    8.0597    8.0746    8.1381    8.1547    8.4177    8.4949    8.4977    8.5582    8.6071    8.6372    8.9657    9.0699    9.1932    9.3771    9.4221    9.4433    9.5643    9.7313    9.8492    9.9995   10.1925   10.3184   10.3551   10.3785   10.3947   10.5536   10.5606   10.5839   10.6632   10.8643   10.8998   10.9812   11.1913   11.2420   11.3350   11.4470   11.5648
  1.1508  -20.7764  -20.7759  -20.7750  -20.7748  -12.6675  -12.6185  -12.5694  -12.5515  -11.5876  -11.5753  -11.5258  -11.4584  -10.8111  -10.8098  -10.7785  -10.7577   -7.6375   -7.6304   -7.6175   -7.6096   -7.5990   -7.5978   -7.5896   -7.5871   -7.5699   -7.5685   -7.5658   -7.5499   -3.9760   -3.9490   -3.7901   -3.7518   -2.3966   -2.3205   -2.2798   -2.2198   -2.0069   -1.9964   -1.9666   -1.9020   -1.7422   -1.6333   -1.4124   -1.4028   -1.3928   -1.3430   -1.1673   -1.0511   -1.0295   -1.0211   -0.9464   -0.9106   -0.7759   -0.6987   -0.6341   -0.5867   -0.5612   -0.4790   -0.3648   -0.3054    1.6523    1.6778    1.7405    1.7803    4.4812    4.8131    4.8997    5.0330    5.0494    5.1251    5.1801    5.4077    5.5210    5.5551    5.5891    5.8417    5.8491    5.9623    5.9910    6.0051    6.0996    6.1300    6.3048    6.3651    6.4120    6.4172    6.7770    6.8029    6.8474    6.8775    6.8922    7.0527    7.1272    7.2373    7.2501    7.3509    7.3610    7.4314    7.6228    7.8211    7.8284    7.8364    7.9025    8.0746    8.1272    8.1438    8.1817    8.3577    8.4490    8.4814    8.4829    8.6693    8.7012    8.8864    9.1323    9.2825    9.3463    9.4094    9.4438    9.5571    9.7757    9.8316    9.9746   10.0972   10.2850   10.3660   10.4096   10.4292   10.5399   10.5707   10.6210   10.6836   10.8281   10.9010   10.9154   11.2080   11.2183   11.3509   11.4775   11.5664
  1.1736  -20.7765  -20.7760  -20.7749  -20.7747  -12.6701  -12.6151  -12.5704  -12.5502  -11.5877  -11.5739  -11.5297  -11.4540  -10.8112  -10.8099  -10.7798  -10.7564   -7.6378   -7.6318   -7.6179   -7.6096   -7.6014   -7.5993   -7.5914   -7.5871   -7.5712   -7.5694   -7.5662   -7.5499   -3.9796   -3.9488   -3.7915   -3.7486   -2.4035   -2.3120   -2.2645   -2.2187   -2.0129   -1.9912   -1.9402   -1.9086   -1.7373   -1.6245   -1.4374   -1.4134   -1.3931   -1.3391   -1.1557   -1.0580   -1.0454   -1.0117   -0.9315   -0.9176   -0.7792   -0.6950   -0.6366   -0.5900   -0.5659   -0.4743   -0.3705   -0.3059    1.6507    1.6791    1.7371    1.7820    4.3962    4.8101    4.9023    5.0197    5.0369    5.1681    5.1906    5.4111    5.5370    5.5599    5.6106    5.8127    5.8198    5.9456    6.0169    6.0389    6.0521    6.1161    6.3602    6.3837    6.3993    6.4031    6.7686    6.7700    6.8401    6.8602    6.9591    7.0742    7.0883    7.2453    7.2947    7.3741    7.3857    7.4718    7.6185    7.8183    7.8412    7.8635    7.9018    8.0785    8.1430    8.1846    8.2128    8.2954    8.4080    8.4257    8.4724    8.7223    8.7597    8.8131    9.2007    9.3101    9.3555    9.4047    9.4697    9.5465    9.8090    9.8208    9.9372   10.0056   10.2539   10.3436   10.4650   10.4757   10.5181   10.5513   10.6689   10.7202   10.8241   10.8275   10.9565   11.1720   11.2361   11.3835   11.5147   11.5271
  1.1964  -20.7766  -20.7760  -20.7749  -20.7746  -12.6725  -12.6119  -12.5713  -12.5490  -11.5877  -11.5726  -11.5332  -11.4497  -10.8114  -10.8099  -10.7810  -10.7551   -7.6379   -7.6338   -7.6183   -7.6108   -7.6040   -7.5992   -7.5935   -7.5877   -7.5737   -7.5687   -7.5665   -7.5498   -3.9833   -3.9488   -3.7927   -3.7454   -2.4087   -2.3037   -2.2486   -2.2186   -2.0158   -1.9870   -1.9159   -1.9131   -1.7325   -1.6187   -1.4614   -1.4231   -1.3921   -1.3335   -1.1447   -1.0645   -1.0616   -1.0055   -0.9279   -0.9153   -0.7818   -0.6917   -0.6374   -0.5941   -0.5700   -0.4696   -0.3759   -0.3071    1.6492    1.6803    1.7338    1.7836    4.3117    4.8072    4.9105    4.9915    5.0349    5.1580    5.2615    5.4252    5.5183    5.5697    5.6575    5.7755    5.8019    5.9199    6.0061    6.0525    6.0785    6.1033    6.3525    6.3886    6.3999    6.4584    6.6958    6.7565    6.8225    6.8863    7.0259    7.0313    7.1118    7.2204    7.3657    7.3970    7.4083    7.5211    7.6217    7.7926    7.8582    7.8637    7.9113    8.0844    8.1506    8.2033    8.2147    8.2689    8.3800    8.3925    8.4817    8.7580    8.7608    8.8099    9.2707    9.2713    9.3353    9.4974    9.4999    9.5319    9.8110    9.8158    9.9178    9.9216   10.2277   10.3111   10.4886   10.5031   10.5372   10.5456   10.6783   10.7650   10.7798   10.8716   10.9999   11.1537   11.2489   11.4184   11.4678   11.5527
  1.2192  -20.7767  -20.7761  -20.7748  -20.7745  -12.6747  -12.6088  -12.5721  -12.5478  -11.5876  -11.5712  -11.5365  -11.4458  -10.8116  -10.8099  -10.7821  -10.7540   -7.6379   -7.6361   -7.6187   -7.6139   -7.6049   -7.5989   -7.5959   -7.5889   -7.5757   -7.5679   -7.5666   -7.5497   -3.9869   -3.9487   -3.7937   -3.7424   -2.4123   -2.2961   -2.2327   -2.2189   -2.0153   -1.9838   -1.9232   -1.8863   -1.7282   -1.6164   -1.4837   -1.4320   -1.3895   -1.3255   -1.1347   -1.0782   -1.0706   -1.0014   -0.9413   -0.8989   -0.7838   -0.6886   -0.6368   -0.5988   -0.5737   -0.4651   -0.3809   -0.3089    1.6479    1.6814    1.7307    1.7850    4.2297    4.8044    4.9235    4.9654    5.0286    5.1505    5.3365    5.4451    5.5012    5.5761    5.7029    5.7390    5.7904    5.8881    5.9656    6.0774    6.1106    6.1218    6.3281    6.3807    6.4136    6.5345    6.6175    6.7411    6.8008    6.9185    6.9803    7.1044    7.1224    7.1917    7.4154    7.4203    7.4452    7.5662    7.6330    7.7617    7.8153    7.8774    7.9397    8.0911    8.1479    8.1713    8.2054    8.2572    8.3809    8.3910    8.5244    8.7283    8.7826    8.8505    9.2249    9.3069    9.3416    9.5127    9.5365    9.5960    9.7674    9.8124    9.8486    9.9363   10.2115   10.2739   10.4638   10.5244   10.5571   10.6072   10.6559   10.7164   10.8662   10.9447   11.0308   11.1549   11.2596   11.4145   11.4527   11.5855
  1.2421  -20.7768  -20.7761  -20.7748  -20.7745  -12.6767  -12.6060  -12.5728  -12.5468  -11.5875  -11.5700  -11.5395  -11.4422  -10.8117  -10.8100  -10.7831  -10.7529   -7.6388   -7.6378   -7.6190   -7.6178   -7.6048   -7.5985   -7.5983   -7.5908   -7.5769   -7.5670   -7.5665   -7.5496   -3.9904   -3.9487   -3.7946   -3.7396   -2.4146   -2.2897   -2.2193   -2.2170   -2.0113   -1.9815   -1.9303   -1.8610   -1.7245   -1.6180   -1.5036   -1.4399   -1.3856   -1.3147   -1.1260   -1.0948   -1.0760   -0.9986   -0.9576   -0.8837   -0.7851   -0.6853   -0.6348   -0.6038   -0.5770   -0.4606   -0.3854   -0.3113    1.6466    1.6824    1.7277    1.7863    4.1519    4.8014    4.9402    4.9414    5.0211    5.1460    5.4097    5.4619    5.4917    5.5847    5.7030    5.7418    5.7892    5.8551    5.9348    6.0672    6.1576    6.1671    6.3007    6.3774    6.4245    6.5405    6.6144    6.7217    6.7806    6.9360    6.9493    7.1232    7.1674    7.1719    7.3946    7.4462    7.5259    7.6054    7.6504    7.7302    7.7687    7.8712    7.9668    8.0987    8.1232    8.1520    8.1752    8.2369    8.4063    8.4196    8.5907    8.7262    8.7897    8.8822    9.1689    9.2811    9.4090    9.4889    9.5775    9.6844    9.7068    9.7897    9.8027    9.9662   10.2130   10.2386   10.4489   10.5341   10.5835   10.6281   10.6830   10.6864   10.9592   11.0194   11.0392   11.1737   11.2701   11.3814   11.4843   11.6059
  1.2649  -20.7769  -20.7762  -20.7748  -20.7744  -12.6785  -12.6035  -12.5735  -12.5458  -11.5873  -11.5688  -11.5421  -11.4389  -10.8119  -10.8100  -10.7840  -10.7520   -7.6415   -7.6375   -7.6219   -7.6192   -7.6045   -7.6013   -7.5977   -7.5932   -7.5776   -7.5663   -7.5662   -7.5495   -3.9936   -3.9487   -3.7953   -3.7371   -2.4158   -2.2848   -2.2195   -2.2019   -2.0037   -1.9801   -1.9368   -1.8384   -1.7216   -1.6235   -1.5207   -1.4469   -1.3804   -1.3009   -1.1188   -1.1113   -1.0807   -0.9965   -0.9762   -0.8702   -0.7859   -0.6816   -0.6319   -0.6090   -0.5802   -0.4563   -0.3894   -0.3141    1.6456    1.6833    1.7251    1.7875    4.0796    4.7977    4.9197    4.9592    5.0154    5.1449    5.4442    5.4662    5.5262    5.5962    5.6664    5.7748    5.8008    5.8261    5.9196    6.0533    6.2047    6.2135    6.2696    6.3820    6.4327    6.4667    6.6961    6.6977    6.7667    6.8930    6.9694    7.1223    7.1508    7.2250    7.3465    7.4785    7.5843    7.6363    7.6703    7.7187    7.7303    7.8393    7.9904    8.0822    8.1074    8.1407    8.1491    8.2272    8.4408    8.4639    8.6558    8.7575    8.7872    8.9077    9.1013    9.2587    9.4609    9.4721    9.6104    9.6426    9.7513    9.7566    9.7785    9.9948   10.2101   10.2396   10.4527   10.5214   10.6182   10.6225   10.6647   10.7701   11.0235   11.0438   11.0854   11.2086   11.2811   11.3726   11.5120   11.6054
  1.2877  -20.7770  -20.7763  -20.7748  -20.7744  -12.6800  -12.6012  -12.5740  -12.5449  -11.5872  -11.5677  -11.5445  -11.4360  -10.8120  -10.8100  -10.7848  -10.7511   -7.6442   -7.6371   -7.6258   -7.6193   -7.6041   -7.6039   -7.5970   -7.5959   -7.5779   -7.5661   -7.5655   -7.5494   -3.9966   -3.9487   -3.7958   -3.7348   -2.4161   -2.2812   -2.2196   -2.1880   -1.9930   -1.9794   -1.9426   -1.8191   -1.7194   -1.6322   -1.5344   -1.4529   -1.3743   -1.2844   -1.1274   -1.1132   -1.0845   -0.9970   -0.9948   -0.8591   -0.7861   -0.6770   -0.6284   -0.6140   -0.5835   -0.4522   -0.3928   -0.3171    1.6446    1.6841    1.7227    1.7886    4.0143    4.7931    4.9006    4.9791    5.0138    5.1472    5.4385    5.4538    5.6053    5.6104    5.6284    5.8032    5.8061    5.8188    5.9291    6.0391    6.2333    6.2388    6.2599    6.3979    6.3981    6.4385    6.6688    6.7608    6.7782    6.8544    6.9648    7.1329    7.1389    7.2566    7.2844    7.5201    7.5758    7.6530    7.6882    7.7067    7.7699    7.7892    8.0010    8.0409    8.1178    8.1317    8.1351    8.2349    8.4779    8.5109    8.7011    8.7805    8.8270    8.9311    9.0242    9.2400    9.4297    9.5297    9.5791    9.6108    9.7375    9.7482    9.8096   10.0186   10.1919   10.2924   10.4800   10.4805   10.6370   10.6596   10.6731   10.8516   10.9930   11.0963   11.1505   11.2587   11.2928   11.3801   11.5362   11.5806
  1.3105  -20.7770  -20.7763  -20.7748  -20.7743  -12.6813  -12.5993  -12.5745  -12.5442  -11.5870  -11.5668  -11.5464  -11.4335  -10.8121  -10.8101  -10.7855  -10.7504   -7.6467   -7.6366   -7.6293   -7.6193   -7.6065   -7.6037   -7.5986   -7.5962   -7.5780   -7.5657   -7.5648   -7.5493   -3.9992   -3.9486   -3.7963   -3.7327   -2.4159   -2.2790   -2.2195   -2.1756   -1.9800   -1.9794   -1.9474   -1.8038   -1.7178   -1.6435   -1.5445   -1.4580   -1.3676   -1.2652   -1.1427   -1.1093   -1.0873   -1.0195   -0.9933   -0.8504   -0.7860   -0.6714   -0.6247   -0.6187   -0.5870   -0.4484   -0.3957   -0.3202    1.6438    1.6848    1.7206    1.7895    3.9570    4.7876    4.8840    4.9985    5.0172    5.1528    5.4281    5.4283    5.5891    5.6266    5.6919    5.7981    5.8277    5.8319    5.9694    6.0252    6.1915    6.2565    6.3047    6.3361    6.4232    6.4427    6.6360    6.7541    6.8338    6.8591    6.9300    7.1115    7.1593    7.2380    7.2677    7.5286    7.5655    7.6510    7.6989    7.7018    7.7361    7.8536    7.9587    8.0435    8.1298    8.1302    8.1304    8.2513    8.5142    8.5529    8.7372    8.7733    8.9138    8.9414    8.9569    9.2252    9.3968    9.5186    9.5808    9.5811    9.6833    9.7690    9.8443   10.0366   10.1864   10.3659   10.4269   10.5310   10.6652   10.6726   10.7349   10.9232   10.9594   11.1085   11.2195   11.3050   11.3197   11.3925   11.5336   11.5587
  1.3333  -20.7771  -20.7763  -20.7747  -20.7743  -12.6824  -12.5976  -12.5749  -12.5436  -11.5868  -11.5660  -11.5481  -11.4314  -10.8122  -10.8101  -10.7860  -10.7498   -7.6489   -7.6361   -7.6323   -7.6192   -7.6089   -7.6034   -7.6011   -7.5956   -7.5779   -7.5654   -7.5642   -7.5492   -4.0014   -3.9486   -3.7966   -3.7311   -2.4153   -2.2777   -2.2192   -2.1650   -1.9797   -1.9658   -1.9514   -1.7927   -1.7167   -1.6562   -1.5511   -1.4623   -1.3606   -1.2440   -1.1568   -1.1070   -1.0889   -1.0434   -0.9920   -0.8441   -0.7857   -0.6651   -0.6229   -0.6211   -0.5908   -0.4451   -0.3981   -0.3231    1.6431    1.6853    1.7189    1.7902    3.9087    4.7817    4.8703    5.0160    5.0257    5.1613    5.3952    5.4190    5.5502    5.6436    5.7783    5.8029    5.8411    5.8485    6.0120    6.0293    6.1444    6.2634    6.2854    6.3442    6.4484    6.4486    6.6024    6.7290    6.8511    6.8724    6.9366    7.0455    7.1932    7.2364    7.2662    7.4700    7.6022    7.6301    7.6831    7.7079    7.7183    7.8976    7.9413    8.0589    8.1299    8.1389    8.1448    8.2685    8.5470    8.5857    8.7676    8.7730    8.8576    8.9886    8.9995    9.2140    9.3644    9.4637    9.5417    9.6213    9.6259    9.7877    9.8651   10.0494   10.1929   10.3697   10.4522   10.6008   10.6793   10.7182   10.8075   10.9297   10.9790   11.0972   11.2814   11.3149   11.3765   11.4015   11.4683   11.5705
  1.3561  -20.7771  -20.7764  -20.7747  -20.7743  -12.6832  -12.5964  -12.5752  -12.5431  -11.5867  -11.5654  -11.5493  -11.4298  -10.8123  -10.8101  -10.7865  -10.7493   -7.6507   -7.6356   -7.6348   -7.6190   -7.6109   -7.6032   -7.6031   -7.5951   -7.5779   -7.5652   -7.5637   -7.5491   -4.0031   -3.9486   -3.7969   -3.7297   -2.4145   -2.2771   -2.2188   -2.1566   -1.9801   -1.9544   -1.9518   -1.7852   -1.7160   -1.6689   -1.5548   -1.4655   -1.3540   -1.2211   -1.1691   -1.1062   -1.0895   -1.0682   -0.9909   -0.8399   -0.7853   -0.6583   -0.6263   -0.6178   -0.5950   -0.4423   -0.3999   -0.3256    1.6426    1.6858    1.7175    1.7908    3.8702    4.7760    4.8595    5.0303    5.0379    5.1716    5.3608    5.4115    5.5146    5.6598    5.8199    5.8507    5.8603    5.8655    6.0002    6.0868    6.0934    6.2575    6.2655    6.3684    6.4630    6.4691    6.5733    6.6953    6.8004    6.8946    6.9619    7.0071    7.2266    7.2601    7.2621    7.4075    7.5950    7.6251    7.6518    7.6992    7.7506    7.8351    8.0241    8.0726    8.1330    8.1539    8.1599    8.2828    8.5740    8.6086    8.7638    8.7779    8.8089    9.0263    9.0727    9.2058    9.3349    9.4185    9.5032    9.5573    9.6632    9.7971    9.8770   10.0577   10.2072   10.3148   10.5411   10.6814   10.7016   10.7707   10.8868   10.9108   11.0192   11.0725   11.3078   11.3323   11.3954   11.3984   11.4055   11.5517
  1.3790  -20.7772  -20.7764  -20.7747  -20.7743  -12.6838  -12.5954  -12.5754  -12.5427  -11.5866  -11.5649  -11.5502  -11.4286  -10.8124  -10.8101  -10.7868  -10.7490   -7.6521   -7.6365   -7.6351   -7.6187   -7.6126   -7.6049   -7.6029   -7.5947   -7.5778   -7.5650   -7.5633   -7.5490   -4.0044   -3.9486   -3.7971   -3.7288   -2.4138   -2.2769   -2.2184   -2.1504   -1.9806   -1.9564   -1.9397   -1.7808   -1.7156   -1.6801   -1.5564   -1.4679   -1.3485   -1.1969   -1.1788   -1.1062   -1.0936   -1.0896   -0.9900   -0.8373   -0.7849   -0.6520   -0.6288   -0.6153   -0.5990   -0.4402   -0.4012   -0.3276    1.6422    1.6861    1.7165    1.7913    3.8423    4.7713    4.8516    5.0409    5.0514    5.1820    5.3302    5.4061    5.4852    5.6735    5.8478    5.8609    5.8782    5.9318    5.9905    6.0407    6.1110    6.2660    6.2765    6.3696    6.4846    6.4868    6.5593    6.6644    6.7219    6.8795    6.9475    7.0654    7.2542    7.2548    7.2983    7.3465    7.5526    7.6349    7.6414    7.6842    7.7747    7.7858    8.0831    8.0954    8.1373    8.1697    8.1736    8.2930    8.5939    8.6228    8.7082    8.7620    8.8416    9.0665    9.1235    9.2003    9.3111    9.3889    9.4708    9.4977    9.6919    9.7994    9.8836   10.0628   10.2229   10.2681   10.6145   10.7388   10.7623   10.8275   10.8884   10.9857   11.0382   11.0512   11.2508   11.3449   11.3653   11.3699   11.3875   11.5334
  1.4018  -20.7772  -20.7764  -20.7747  -20.7742  -12.6842  -12.5949  -12.5756  -12.5425  -11.5865  -11.5646  -11.5508  -11.4279  -10.8124  -10.8102  -10.7870  -10.7487   -7.6529   -7.6376   -7.6348   -7.6184   -7.6138   -7.6060   -7.6027   -7.5944   -7.5777   -7.5648   -7.5631   -7.5490   -4.0052   -3.9486   -3.7972   -3.7282   -2.4133   -2.2769   -2.2182   -2.1466   -1.9810   -1.9576   -1.9313   -1.7786   -1.7153   -1.6879   -1.5569   -1.4693   -1.3447   -1.1850   -1.1720   -1.1193   -1.1064   -1.0894   -0.9894   -0.8359   -0.7846   -0.6473   -0.6304   -0.6138   -0.6023   -0.4389   -0.4020   -0.3288    1.6420    1.6863    1.7159    1.7915    3.8253    4.7683    4.8469    5.0472    5.0626    5.1900    5.3083    5.4029    5.4655    5.6827    5.8694    5.8839    5.8862    5.9836    5.9841    5.9895    6.1059    6.2661    6.3289    6.3586    6.4950    6.4982    6.5737    6.6422    6.6503    6.8115    6.9950    7.1044    7.2524    7.2722    7.2960    7.3346    7.5124    7.6329    7.6584    7.6657    7.7268    7.8081    8.0897    8.1409    8.1469    8.1812    8.1830    8.2989    8.6059    8.6303    8.6580    8.7612    8.8658    9.1002    9.1475    9.1970    9.2957    9.3774    9.4490    9.4519    9.7102    9.7988    9.8870   10.0655   10.2345   10.2362   10.6530   10.7931   10.8260   10.8797   10.8854   10.9955   11.0842   11.0905   11.1779   11.2568   11.2896   11.3925   11.3930   11.5016
  1.4246  -20.7772  -20.7764  -20.7747  -20.7742  -12.6843  -12.5947  -12.5756  -12.5424  -11.5865  -11.5645  -11.5510  -11.4276  -10.8124  -10.8102  -10.7870  -10.7487   -7.6532   -7.6380   -7.6346   -7.6183   -7.6143   -7.6063   -7.6027   -7.5943   -7.5777   -7.5648   -7.5630   -7.5490   -4.0054   -3.9485   -3.7972   -3.7280   -2.4132   -2.2769   -2.2181   -2.1454   -1.9811   -1.9580   -1.9283   -1.7779   -1.7153   -1.6907   -1.5570   -1.4698   -1.3434   -1.1872   -1.1510   -1.1406   -1.1065   -1.0893   -0.9892   -0.8355   -0.7845   -0.6454   -0.6310   -0.6132   -0.6035   -0.4385   -0.4022   -0.3292    1.6419    1.6864    1.7157    1.7916    3.8197    4.7672    4.8453    5.0494    5.0670    5.1931    5.3003    5.4018    5.4585    5.6859    5.8728    5.8889    5.9126    5.9557    5.9818    6.0032    6.1011    6.2661    6.3521    6.3587    6.4989    6.4990    6.5892    6.6165    6.6340    6.7815    7.0159    7.1180    7.2522    7.2745    7.2784    7.3526    7.4930    7.6383    7.6533    7.6740    7.6991    7.8164    8.0919    8.1423    8.1669    8.1854    8.1857    8.3009    8.6099    8.6327    8.6391    8.7610    8.8750    9.1142    9.1529    9.1959    9.2905    9.3758    9.4338    9.4413    9.7165    9.7983    9.8881   10.0663   10.2248   10.2386   10.6633   10.8238   10.8506   10.8767   10.9315   10.9548   11.1348   11.1427   11.1691   11.1897   11.2089   11.3967   11.3998   11.5242
  1.4246  -20.7772  -20.7764  -20.7747  -20.7742  -12.6843  -12.5947  -12.5756  -12.5424  -11.5865  -11.5645  -11.5510  -11.4276  -10.8124  -10.8102  -10.7870  -10.7487   -7.6532   -7.6380   -7.6346   -7.6183   -7.6143   -7.6063   -7.6027   -7.5943   -7.5777   -7.5648   -7.5630   -7.5490   -4.0054   -3.9485   -3.7972   -3.7280   -2.4132   -2.2769   -2.2181   -2.1454   -1.9811   -1.9580   -1.9283   -1.7779   -1.7153   -1.6907   -1.5570   -1.4698   -1.3434   -1.1872   -1.1510   -1.1406   -1.1065   -1.0893   -0.9892   -0.8355   -0.7845   -0.6454   -0.6310   -0.6132   -0.6035   -0.4385   -0.4022   -0.3292    1.6419    1.6864    1.7157    1.7916    3.8197    4.7672    4.8453    5.0494    5.0670    5.1931    5.3003    5.4018    5.4585    5.6859    5.8728    5.8889    5.9126    5.9557    5.9818    6.0032    6.1011    6.2661    6.3521    6.3587    6.4989    6.4990    6.5892    6.6165    6.6340    6.7815    7.0159    7.1180    7.2522    7.2745    7.2784    7.3526    7.4930    7.6383    7.6533    7.6740    7.6991    7.8164    8.0919    8.1423    8.1669    8.1854    8.1857    8.3009    8.6099    8.6327    8.6391    8.7610    8.8750    9.1142    9.1529    9.1959    9.2905    9.3758    9.4338    9.4413    9.7165    9.7983    9.8881   10.0663   10.2248   10.2386   10.6633   10.8238   10.8506   10.8767   10.9315   10.9548   11.1348   11.1427   11.1691   11.1897   11.2089   11.3967   11.3998   11.5143
  1.4403  -20.7772  -20.7764  -20.7747  -20.7742  -12.6842  -12.5952  -12.5753  -12.5425  -11.5866  -11.5646  -11.5506  -11.4278  -10.8125  -10.8102  -10.7870  -10.7488   -7.6532   -7.6380   -7.6346   -7.6182   -7.6143   -7.6064   -7.6026   -7.5943   -7.5778   -7.5649   -7.5630   -7.5490   -4.0054   -3.9487   -3.7970   -3.7281   -2.4129   -2.2771   -2.2183   -2.1462   -1.9819   -1.9591   -1.9281   -1.7780   -1.7145   -1.6901   -1.5566   -1.4695   -1.3421   -1.1888   -1.1519   -1.1398   -1.1054   -1.0886   -0.9888   -0.8356   -0.7838   -0.6458   -0.6311   -0.6215   -0.5954   -0.4385   -0.4024   -0.3296    1.6416    1.6853    1.7157    1.7911    3.8223    4.7688    4.8462    5.0503    5.0665    5.1923    5.3008    5.4026    5.4578    5.6791    5.8472    5.9066    5.9181    5.9537    5.9830    6.0102    6.0989    6.2663    6.3521    6.3595    6.4982    6.5016    6.5903    6.6152    6.6380    6.7814    7.0173    7.1154    7.2440    7.2489    7.2970    7.3567    7.4855    7.6391    7.6571    7.6795    7.7023    7.8138    8.0894    8.1432    8.1686    8.1872    8.1911    8.3032    8.6075    8.6321    8.6358    8.7609    8.8742    9.1048    9.1552    9.1879    9.2991    9.3757    9.4355    9.4399    9.7214    9.8028    9.8933   10.0671   10.1783   10.2807   10.6595   10.8269   10.8521   10.8751   10.9313   10.9598   11.1334   11.1387   11.1696   11.1885   11.1970   11.3755   11.3856   11.5015
  1.4561  -20.7772  -20.7764  -20.7747  -20.7742  -12.6839  -12.5965  -12.5742  -12.5425  -11.5867  -11.5647  -11.5495  -11.4282  -10.8125  -10.8102  -10.7870  -10.7490   -7.6531   -7.6381   -7.6344   -7.6182   -7.6143   -7.6064   -7.6022   -7.5941   -7.5780   -7.5651   -7.5630   -7.5491   -4.0052   -3.9490   -3.7966   -3.7284   -2.4120   -2.2775   -2.2188   -2.1488   -1.9841   -1.9623   -1.9275   -1.7784   -1.7123   -1.6883   -1.5552   -1.4687   -1.3383   -1.1934   -1.1545   -1.1375   -1.1024   -1.0864   -0.9876   -0.8358   -0.7816   -0.6469   -0.6332   -0.6314   -0.5841   -0.4385   -0.4028   -0.3307    1.6405    1.6822    1.7156    1.7894    3.8300    4.7733    4.8489    5.0529    5.0652    5.1898    5.3023    5.4050    5.4560    5.6593    5.8208    5.8925    5.9480    5.9546    5.9865    6.0272    6.0927    6.2669    6.3518    6.3621    6.4958    6.5091    6.5937    6.6135    6.6476    6.7815    7.0214    7.1063    7.2149    7.2252    7.3109    7.3651    7.4650    7.6413    7.6675    7.6947    7.7081    7.8083    8.0816    8.1452    8.1743    8.1917    8.2073    8.3104    8.6006    8.6261    8.6304    8.7606    8.8718    9.0788    9.1618    9.1693    9.3183    9.3752    9.4356    9.4404    9.7351    9.8160    9.9088   10.0691   10.1221   10.3250   10.6485   10.8361   10.8562   10.8649   10.9309   10.9786   11.1089   11.1478   11.1606   11.1709   11.1842   11.3405   11.3552   11.5232
  1.4718  -20.7772  -20.7764  -20.7747  -20.7743  -12.6834  -12.5985  -12.5728  -12.5426  -11.5870  -11.5649  -11.5478  -11.4290  -10.8126  -10.8101  -10.7869  -10.7495   -7.6530   -7.6382   -7.6341   -7.6181   -7.6144   -7.6065   -7.6017   -7.5938   -7.5783   -7.5656   -7.5630   -7.5493   -4.0048   -3.9496   -3.7958   -3.7288   -2.4105   -2.2782   -2.2197   -2.1529   -1.9877   -1.9675   -1.9266   -1.7793   -1.7085   -1.6855   -1.5528   -1.4674   -1.3322   -1.2004   -1.1588   -1.1338   -1.0983   -1.0826   -0.9858   -0.8364   -0.7781   -0.6486   -0.6449   -0.6319   -0.5728   -0.4386   -0.4035   -0.3325    1.6388    1.6773    1.7152    1.7867    3.8428    4.7805    4.8534    5.0571    5.0631    5.1859    5.3048    5.4090    5.4531    5.6295    5.7998    5.8752    5.9388    5.9891    5.9916    6.0493    6.0835    6.2685    6.3509    6.3667    6.4909    6.5213    6.5991    6.6129    6.6607    6.7834    7.0283    7.0877    7.1759    7.2058    7.3199    7.3731    7.4358    7.6450    7.6816    7.7082    7.7167    7.8062    8.0684    8.1468    8.1853    8.1990    8.2318    8.3236    8.5898    8.6102    8.6272    8.7603    8.8687    9.0411    9.1460    9.1719    9.3399    9.3745    9.4287    9.4487    9.7551    9.8372    9.9340   10.0569   10.0799   10.3668   10.6314   10.8412   10.8504   10.8614   10.9304   11.0106   11.0712   11.1071   11.1634   11.1727   11.1757   11.3131   11.3206   11.5300
  1.4876  -20.7772  -20.7764  -20.7747  -20.7743  -12.6827  -12.6010  -12.5711  -12.5428  -11.5873  -11.5652  -11.5455  -11.4300  -10.8126  -10.8101  -10.7868  -10.7501   -7.6528   -7.6384   -7.6337   -7.6179   -7.6145   -7.6067   -7.6009   -7.5934   -7.5788   -7.5662   -7.5630   -7.5496   -4.0044   -3.9503   -3.7948   -3.7295   -2.4085   -2.2791   -2.2208   -2.1584   -1.9926   -1.9747   -1.9252   -1.7806   -1.7033   -1.6815   -1.5492   -1.4655   -1.3239   -1.2089   -1.1647   -1.1287   -1.0939   -1.0773   -0.9833   -0.8376   -0.7733   -0.6561   -0.6509   -0.6327   -0.5618   -0.4388   -0.4044   -0.3350    1.6364    1.6710    1.7144    1.7831    3.8605    4.7897    4.8596    5.0603    5.0626    5.1805    5.3079    5.4143    5.4496    5.5942    5.7822    5.8572    5.9263    5.9967    6.0192    6.0736    6.0739    6.2716    6.3487    6.3730    6.4828    6.5379    6.6065    6.6139    6.6760    6.7892    7.0379    7.0571    7.1339    7.1919    7.3254    7.3787    7.4014    7.6500    7.6965    7.6967    7.7419    7.8123    8.0501    8.1470    8.2022    8.2088    8.2620    8.3433    8.5756    8.5888    8.6231    8.7605    8.8655    8.9964    9.1202    9.1840    9.3608    9.3735    9.4201    9.4601    9.7777    9.8651    9.9680   10.0001   10.0850   10.4066   10.6099   10.8055   10.8636   10.8677   10.9300   11.0216   11.0271   11.0761   11.1620   11.1746   11.1845   11.2682   11.3170   11.4853
  1.5033  -20.7772  -20.7764  -20.7747  -20.7743  -12.6818  -12.6038  -12.5694  -12.5430  -11.5875  -11.5656  -11.5426  -11.4314  -10.8127  -10.8101  -10.7866  -10.7508   -7.6526   -7.6386   -7.6331   -7.6178   -7.6146   -7.6068   -7.6000   -7.5930   -7.5793   -7.5669   -7.5630   -7.5499   -4.0038   -3.9513   -3.7934   -3.7303   -2.4059   -2.2801   -2.2222   -2.1653   -1.9987   -1.9836   -1.9234   -1.7825   -1.6967   -1.6766   -1.5443   -1.4630   -1.3135   -1.2185   -1.1721   -1.1226   -1.0897   -1.0709   -0.9806   -0.8399   -0.7673   -0.6665   -0.6537   -0.6337   -0.5513   -0.4390   -0.4055   -0.3381    1.6334    1.6637    1.7132    1.7785    3.8828    4.8001    4.8676    5.0570    5.0692    5.1737    5.3111    5.4201    5.4469    5.5581    5.7660    5.8398    5.9111    5.9980    6.0434    6.0672    6.0996    6.2769    6.3441    6.3807    6.4716    6.5584    6.6155    6.6163    6.6928    6.8004    7.0161    7.0503    7.0908    7.1838    7.3287    7.3640    7.3813    7.6562    7.6753    7.7106    7.7674    7.8241    8.0280    8.1456    8.2205    8.2240    8.2951    8.3690    8.5583    8.5628    8.6189    8.7615    8.8632    8.9478    9.0936    9.1955    9.3721    9.3806    9.4115    9.4747    9.7995    9.8984    9.9426   10.0092   10.0963   10.4444   10.5857   10.7597   10.8515   10.8846   10.9296   10.9732   10.9904   11.1076   11.1424   11.1763   11.2101   11.2294   11.3305   11.4444
  1.5191  -20.7772  -20.7764  -20.7747  -20.7743  -12.6808  -12.6068  -12.5676  -12.5432  -11.5877  -11.5661  -11.5393  -11.4330  -10.8128  -10.8102  -10.7863  -10.7518   -7.6523   -7.6389   -7.6325   -7.6175   -7.6147   -7.6071   -7.5989   -7.5925   -7.5800   -7.5677   -7.5629   -7.5503   -4.0030   -3.9525   -3.7918   -3.7313   -2.4028   -2.2811   -2.2237   -2.1733   -2.0058   -1.9940   -1.9213   -1.7851   -1.6888   -1.6707   -1.5380   -1.4600   -1.3013   -1.2288   -1.1808   -1.1155   -1.0856   -1.0637   -0.9777   -0.8435   -0.7604   -0.6757   -0.6569   -0.6349   -0.5413   -0.4392   -0.4067   -0.3417    1.6299    1.6555    1.7115    1.7731    3.9095    4.8102    4.8776    5.0533    5.0765    5.1659    5.3132    5.4231    5.4483    5.5252    5.7500    5.8234    5.8935    5.9915    6.0609    6.0691    6.1258    6.2849    6.3357    6.3886    6.4587    6.5827    6.6201    6.6260    6.7103    6.8175    6.9684    7.0486    7.0654    7.1794    7.3249    7.3310    7.3808    7.6489    7.6636    7.7223    7.7908    7.8373    8.0037    8.1424    8.2336    8.2489    8.3290    8.3992    8.5336    8.5384    8.6159    8.7641    8.8625    8.8973    9.0682    9.2025    9.3705    9.3996    9.4068    9.4923    9.8173    9.8887    9.9357   10.0557   10.1111   10.4787   10.5601   10.7057   10.8102   10.8963   10.9278   10.9293   10.9782   11.1146   11.1375   11.1774   11.2068   11.2376   11.3640   11.4104
  1.5348  -20.7771  -20.7765  -20.7747  -20.7743  -12.6795  -12.6100  -12.5658  -12.5435  -11.5878  -11.5667  -11.5356  -11.4349  -10.8130  -10.8102  -10.7860  -10.7528   -7.6520   -7.6392   -7.6317   -7.6173   -7.6148   -7.6073   -7.5976   -7.5920   -7.5807   -7.5686   -7.5630   -7.5509   -4.0021   -3.9539   -3.7900   -3.7324   -2.3990   -2.2821   -2.2253   -2.1823   -2.0138   -2.0057   -1.9188   -1.7884   -1.6798   -1.6640   -1.5303   -1.4563   -1.2874   -1.2396   -1.1908   -1.1077   -1.0818   -1.0562   -0.9750   -0.8491   -0.7527   -0.6832   -0.6602   -0.6363   -0.5318   -0.4396   -0.4079   -0.3457    1.6259    1.6469    1.7095    1.7671    3.9401    4.8181    4.8901    5.0494    5.0841    5.1571    5.3128    5.4208    5.4567    5.4996    5.7335    5.8083    5.8742    5.9771    6.0720    6.0797    6.1520    6.2952    6.3219    6.3954    6.4467    6.6103    6.6251    6.6375    6.7277    6.8383    6.9180    7.0091    7.0831    7.1766    7.2851    7.3328    7.3769    7.6204    7.6719    7.7319    7.8108    7.8491    7.9792    8.1373    8.2470    8.2742    8.3608    8.4313    8.5027    8.5163    8.6160    8.7692    8.8468    8.8639    9.0461    9.1999    9.3686    9.4107    9.4186    9.5126    9.8289    9.8399    9.9756   10.1052   10.1285   10.5060   10.5343   10.6486   10.7448   10.8970   10.8986   10.9289   10.9873   11.0799   11.1564   11.1775   11.2071   11.2605   11.3896   11.4160
  1.5506  -20.7771  -20.7765  -20.7747  -20.7743  -12.6780  -12.6133  -12.5641  -12.5438  -11.5877  -11.5674  -11.5316  -11.4371  -10.8131  -10.8103  -10.7855  -10.7541   -7.6516   -7.6396   -7.6308   -7.6170   -7.6149   -7.6076   -7.5962   -7.5915   -7.5814   -7.5696   -7.5630   -7.5515   -4.0010   -3.9554   -3.7880   -3.7338   -2.3947   -2.2829   -2.2270   -2.1921   -2.0225   -2.0182   -1.9159   -1.7925   -1.6699   -1.6566   -1.5212   -1.4521   -1.2721   -1.2507   -1.2018   -1.0994   -1.0782   -1.0486   -0.9727   -0.8568   -0.7445   -0.6889   -0.6635   -0.6380   -0.5228   -0.4400   -0.4090   -0.3501    1.6215    1.6380    1.7071    1.7606    3.9743    4.8220    4.9052    5.0456    5.0915    5.1476    5.3081    5.4154    5.4703    5.4850    5.7166    5.7948    5.8536    5.9584    6.0779    6.0956    6.1777    6.3019    6.3073    6.3990    6.4376    6.6314    6.6408    6.6497    6.7445    6.8384    6.8900    6.9744    7.1033    7.1743    7.2452    7.3348    7.3691    7.5915    7.6809    7.7399    7.8266    7.8579    7.9567    8.1303    8.2595    8.2969    8.3878    8.4613    8.4718    8.4923    8.6219    8.7780    8.7987    8.8680    9.0291    9.1854    9.3667    9.4262    9.4383    9.5352    9.7967    9.8330   10.0168   10.1465   10.1548   10.5093   10.5175   10.6000   10.6682   10.8827   10.8878   10.9281   11.0069   11.0480   11.1678   11.1767   11.2264   11.2671   11.3927   11.4800
  1.5663  -20.7771  -20.7765  -20.7747  -20.7743  -12.6764  -12.6167  -12.5624  -12.5442  -11.5875  -11.5681  -11.5273  -11.4396  -10.8132  -10.8104  -10.7850  -10.7554   -7.6512   -7.6400   -7.6298   -7.6167   -7.6150   -7.6079   -7.5947   -7.5910   -7.5822   -7.5705   -7.5630   -7.5523   -3.9998   -3.9571   -3.7857   -3.7353   -2.3898   -2.2833   -2.2287   -2.2024   -2.0317   -2.0311   -1.9126   -1.7972   -1.6593   -1.6486   -1.5108   -1.4472   -1.2620   -1.2555   -1.2138   -1.0910   -1.0749   -1.0413   -0.9710   -0.8669   -0.7360   -0.6926   -0.6666   -0.6398   -0.5144   -0.4406   -0.4099   -0.3547    1.6169    1.6291    1.7047    1.7538    4.0118    4.8202    4.9225    5.0420    5.0985    5.1375    5.2993    5.4089    5.4829    5.4868    5.6996    5.7829    5.8326    5.9378    6.0801    6.1148    6.2025    6.2764    6.3200    6.3981    6.4320    6.6388    6.6621    6.6733    6.7603    6.7874    6.9145    6.9462    7.1259    7.1716    7.2057    7.3372    7.3574    7.5634    7.6904    7.7475    7.8376    7.8632    7.9381    8.1211    8.2693    8.3141    8.4075    8.4433    8.4670    8.4837    8.6357    8.7567    8.7913    8.8751    9.0188    9.1608    9.3649    9.4528    9.4593    9.5596    9.7589    9.8293   10.0579   10.1619   10.2014   10.4863   10.4979   10.5797   10.5870   10.8606   10.8846   10.9267   11.0312   11.0319   11.1748   11.1767   11.2559   11.2569   11.4197   11.5497
  1.5821  -20.7771  -20.7765  -20.7746  -20.7743  -12.6745  -12.6201  -12.5609  -12.5446  -11.5872  -11.5689  -11.5227  -11.4424  -10.8133  -10.8105  -10.7843  -10.7568   -7.6508   -7.6405   -7.6288   -7.6163   -7.6151   -7.6083   -7.5931   -7.5905   -7.5830   -7.5715   -7.5631   -7.5531   -3.9985   -3.9590   -3.7833   -3.7370   -2.3844   -2.2834   -2.2304   -2.2133   -2.0442   -2.0411   -1.9090   -1.8026   -1.6484   -1.6402   -1.4992   -1.4418   -1.2733   -1.2379   -1.2267   -1.0826   -1.0718   -1.0343   -0.9703   -0.8792   -0.7274   -0.6945   -0.6693   -0.6419   -0.5065   -0.4413   -0.4107   -0.3595    1.6121    1.6205    1.7022    1.7467    4.0522    4.8118    4.9414    5.0388    5.1045    5.1271    5.2892    5.4020    5.4920    5.5053    5.6829    5.7729    5.8119    5.9165    6.0800    6.1358    6.2259    6.2476    6.3315    6.3922    6.4294    6.6473    6.6745    6.7072    6.7260    6.7747    6.9262    6.9500    7.1503    7.1668    7.1681    7.3401    7.3415    7.5368    7.7000    7.7555    7.8435    7.8646    7.9255    8.1098    8.2744    8.3233    8.4186    8.4196    8.4411    8.4912    8.6580    8.7266    8.8099    8.8854    9.0160    9.1304    9.3637    9.4819    9.4875    9.5850    9.7255    9.8184   10.0974   10.1700   10.2415   10.4649   10.4668   10.5048   10.5772   10.8185   10.9000   10.9246   11.0348   11.0604   11.1721   11.1868   11.2375   11.2911   11.4565   11.5979
  1.5978  -20.7771  -20.7766  -20.7746  -20.7743  -12.6725  -12.6236  -12.5594  -12.5450  -11.5867  -11.5698  -11.5180  -11.4455  -10.8134  -10.8107  -10.7834  -10.7584   -7.6503   -7.6409   -7.6276   -7.6160   -7.6152   -7.6086   -7.5915   -7.5902   -7.5838   -7.5724   -7.5631   -7.5540   -3.9969   -3.9610   -3.7808   -3.7388   -2.3784   -2.2830   -2.2322   -2.2244   -2.0570   -2.0507   -1.9050   -1.8084   -1.6376   -1.6317   -1.4866   -1.4358   -1.2847   -1.2403   -1.2192   -1.0744   -1.0688   -1.0278   -0.9707   -0.8936   -0.7190   -0.6947   -0.6715   -0.6443   -0.4991   -0.4422   -0.4111   -0.3644    1.6073    1.6123    1.6997    1.7396    4.0950    4.7960    4.9609    5.0362    5.1093    5.1165    5.2810    5.3951    5.5093    5.5247    5.6673    5.7647    5.7927    5.8954    6.0791    6.1580    6.2174    6.2475    6.3374    6.3844    6.4288    6.6568    6.6616    6.6863    6.7418    6.7878    6.9154    6.9881    7.1290    7.1637    7.1763    7.3217    7.3433    7.5120    7.7096    7.7650    7.8441    7.8622    7.9202    8.0963    8.2726    8.3232    8.4035    8.4119    8.4257    8.4783    8.6875    8.7133    8.8331    8.8986    9.0204    9.0982    9.3637    9.5060    9.5276    9.6101    9.6956    9.8018   10.1337   10.1659   10.2717   10.4243   10.4428   10.4526   10.5762   10.7690   10.9223   10.9247   11.0559   11.0914   11.1688   11.2007   11.2183   11.3230   11.4900   11.5752
  1.6136  -20.7770  -20.7766  -20.7746  -20.7744  -12.6704  -12.6272  -12.5579  -12.5455  -11.5860  -11.5708  -11.5131  -11.4488  -10.8134  -10.8109  -10.7825  -10.7600   -7.6498   -7.6415   -7.6264   -7.6156   -7.6154   -7.6090   -7.5900   -7.5900   -7.5844   -7.5732   -7.5632   -7.5550   -3.9953   -3.9632   -3.7781   -3.7408   -2.3719   -2.2820   -2.2357   -2.2341   -2.0690   -2.0601   -1.9006   -1.8146   -1.6270   -1.6233   -1.4731   -1.4293   -1.2960   -1.2545   -1.1998   -1.0668   -1.0660   -1.0219   -0.9721   -0.9097   -0.7109   -0.6936   -0.6732   -0.6468   -0.4923   -0.4433   -0.4112   -0.3694    1.6025    1.6049    1.6976    1.7326    4.1399    4.7731    4.9803    5.0342    5.1060    5.1126    5.2768    5.3884    5.5315    5.5434    5.6544    5.7584    5.7764    5.8750    6.0785    6.1806    6.1876    6.2668    6.3286    6.3835    6.4293    6.5958    6.6671    6.6972    6.7763    6.7996    6.9136    7.0256    7.0924    7.1591    7.2033    7.2985    7.3465    7.4895    7.7188    7.7765    7.8416    7.8562    7.9210    8.0808    8.2640    8.3143    8.3859    8.3953    8.4249    8.4475    8.7149    8.7216    8.8588    8.9140    9.0307    9.0682    9.3658    9.5306    9.5698    9.6333    9.6695    9.7821   10.1496   10.1652   10.2896   10.3481   10.4355   10.4429   10.5757   10.7202   10.9210   10.9542   11.0901   11.1241   11.1650   11.2007   11.2199   11.3486   11.5035   11.5610
  1.6293  -20.7770  -20.7766  -20.7746  -20.7744  -12.6680  -12.6307  -12.5566  -12.5460  -11.5853  -11.5718  -11.5082  -11.4523  -10.8134  -10.8112  -10.7814  -10.7617   -7.6492   -7.6420   -7.6252   -7.6155   -7.6151   -7.6095   -7.5898   -7.5888   -7.5847   -7.5739   -7.5632   -7.5561   -3.9934   -3.9654   -3.7753   -3.7429   -2.3649   -2.2804   -2.2471   -2.2363   -2.0799   -2.0693   -1.8960   -1.8212   -1.6171   -1.6151   -1.4588   -1.4222   -1.3072   -1.2692   -1.1796   -1.0631   -1.0599   -1.0166   -0.9746   -0.9274   -0.7036   -0.6916   -0.6744   -0.6496   -0.4860   -0.4446   -0.4109   -0.3742    1.5979    1.5983    1.6957    1.7259    4.1866    4.7435    4.9991    5.0330    5.0957    5.1143    5.2775    5.3820    5.5540    5.5594    5.6471    5.7541    5.7650    5.8555    6.0793    6.1597    6.2031    6.2834    6.3047    6.3907    6.4305    6.5297    6.6780    6.7069    6.8105    6.8105    6.9202    7.0572    7.0581    7.1563    7.2308    7.2731    7.3491    7.4694    7.7273    7.7905    7.8387    7.8473    7.9260    8.0634    8.2516    8.2979    8.3596    8.3930    8.4063    8.4224    8.7253    8.7578    8.8831    8.9301    9.0444    9.0448    9.3713    9.5530    9.6013    9.6519    9.6576    9.7634   10.1263   10.1899   10.2794   10.2956   10.4332   10.4369   10.5779   10.6795   10.9226   10.9857   11.1339   11.1567   11.1612   11.1862   11.2450   11.3657   11.4830   11.5504
  1.6450  -20.7770  -20.7766  -20.7746  -20.7744  -12.6656  -12.6342  -12.5554  -12.5466  -11.5844  -11.5729  -11.5031  -11.4561  -10.8134  -10.8115  -10.7802  -10.7635   -7.6487   -7.6426   -7.6240   -7.6158   -7.6147   -7.6099   -7.5898   -7.5882   -7.5843   -7.5746   -7.5632   -7.5572   -3.9915   -3.9678   -3.7725   -3.7452   -2.3573   -2.2781   -2.2585   -2.2388   -2.0893   -2.0779   -1.8909   -1.8279   -1.6082   -1.6075   -1.4439   -1.4147   -1.3182   -1.2844   -1.1589   -1.0602   -1.0540   -1.0119   -0.9779   -0.9462   -0.6969   -0.6888   -0.6750   -0.6526   -0.4802   -0.4461   -0.4101   -0.3790    1.5927    1.5936    1.6944    1.7196    4.2346    4.7083    5.0170    5.0328    5.0858    5.1142    5.2825    5.3756    5.5696    5.5704    5.6516    5.7517    5.7602    5.8373    6.0827    6.1349    6.2249    6.2730    6.2967    6.4001    6.4314    6.4644    6.6892    6.7152    6.8208    6.8440    6.9339    7.0237    7.0775    7.1603    7.2480    7.2581    7.3504    7.4514    7.7352    7.8068    7.8359    7.8375    7.9333    8.0445    8.2392    8.2765    8.3340    8.3611    8.3937    8.4188    8.7401    8.7944    8.8989    8.9452    9.0327    9.0603    9.3817    9.5683    9.5934    9.6627    9.6873    9.7519   10.1020   10.2064   10.2220   10.2912   10.4182   10.4390   10.5845   10.6524   10.9295   11.0186   11.1575   11.1674   11.1840   11.1956   11.2751   11.3736   11.4374   11.5401
  1.6608  -20.7769  -20.7767  -20.7746  -20.7744  -12.6629  -12.6377  -12.5542  -12.5472  -11.5834  -11.5741  -11.4981  -11.4602  -10.8134  -10.8118  -10.7788  -10.7653   -7.6481   -7.6431   -7.6227   -7.6161   -7.6142   -7.6104   -7.5898   -7.5883   -7.5832   -7.5752   -7.5632   -7.5583   -3.9894   -3.9702   -3.7696   -3.7476   -2.3493   -2.2752   -2.2697   -2.2419   -2.0969   -2.0858   -1.8856   -1.8347   -1.6008   -1.6006   -1.4285   -1.4066   -1.3291   -1.2999   -1.1377   -1.0572   -1.0494   -1.0079   -0.9817   -0.9660   -0.6912   -0.6855   -0.6754   -0.6558   -0.4749   -0.4479   -0.4088   -0.3836    1.5881    1.5897    1.6936    1.7138    4.2836    4.6685    5.0335    5.0336    5.0765    5.1123    5.2909    5.3692    5.5734    5.5751    5.6714    5.7514    5.7623    5.8205    6.0898    6.1146    6.2378    6.2455    6.3064    6.3987    6.4092    6.4343    6.7001    6.7218    6.8312    6.8769    6.9531    6.9921    7.0783    7.1667    7.2325    7.2847    7.3496    7.4352    7.7424    7.8231    7.8249    7.8392    7.9418    8.0248    8.2295    8.2528    8.3097    8.3162    8.3954    8.4150    8.7572    8.8299    8.9002    8.9568    9.0374    9.0752    9.3985    9.5704    9.5708    9.6618    9.7330    9.7539   10.0810   10.1799   10.2137   10.2751   10.4000   10.4373   10.5950   10.6393   10.9437   11.0537   11.1545   11.1569   11.2243   11.2364   11.3079   11.3723   11.3857   11.5274
  1.6765  -20.7769  -20.7767  -20.7745  -20.7744  -12.6601  -12.6411  -12.5531  -12.5479  -11.5824  -11.5752  -11.4930  -11.4644  -10.8133  -10.8120  -10.7774  -10.7671   -7.6475   -7.6438   -7.6216   -7.6165   -7.6138   -7.6108   -7.5898   -7.5887   -7.5818   -7.5758   -7.5631   -7.5593   -3.9872   -3.9727   -3.7668   -3.7501   -2.3408   -2.2808   -2.2716   -2.2454   -2.1024   -2.0928   -1.8800   -1.8415   -1.5951   -1.5945   -1.4128   -1.3982   -1.3398   -1.3158   -1.1162   -1.0541   -1.0462   -1.0045   -0.9865   -0.9857   -0.6864   -0.6819   -0.6756   -0.6592   -0.4701   -0.4500   -0.4071   -0.3880    1.5846    1.5864    1.6934    1.7086    4.3333    4.6253    5.0353    5.0490    5.0678    5.1085    5.3015    5.3624    5.5707    5.5745    5.6994    5.7532    5.7688    5.8053    6.1004    6.1017    6.2023    6.2644    6.3122    6.3379    6.4171    6.4347    6.7101    6.7267    6.8426    6.9091    6.9626    6.9766    7.0663    7.1535    7.2421    7.3099    7.3460    7.4201    7.7493    7.8096    7.8431    7.8441    7.9503    8.0054    8.2240    8.2301    8.2747    8.2873    8.3974    8.4114    8.7756    8.8631    8.8893    8.9630    9.0539    9.0879    9.4230    9.5480    9.5607    9.6466    9.7699    9.7774   10.0667   10.1558   10.2117   10.2440   10.3879   10.4311   10.6070   10.6352   10.9665   11.0922   11.1462   11.1524   11.2371   11.2826   11.3405   11.3497   11.3662   11.5084
  1.6923  -20.7769  -20.7767  -20.7745  -20.7744  -12.6572  -12.6445  -12.5521  -12.5486  -11.5813  -11.5764  -11.4880  -11.4688  -10.8132  -10.8123  -10.7758  -10.7689   -7.6469   -7.6444   -7.6204   -7.6170   -7.6133   -7.6113   -7.5898   -7.5891   -7.5805   -7.5765   -7.5628   -7.5603   -3.9849   -3.9752   -3.7639   -3.7527   -2.3318   -2.2917   -2.2676   -2.2494   -2.1057   -2.0986   -1.8741   -1.8483   -1.5907   -1.5901   -1.3968   -1.3893   -1.3503   -1.3318   -1.0945   -1.0510   -1.0446   -1.0076   -1.0015   -0.9896   -0.6827   -0.6780   -0.6760   -0.6627   -0.4658   -0.4525   -0.4050   -0.3921    1.5823    1.5838    1.6940    1.7041    4.3833    4.5795    5.0382    5.0600    5.0629    5.1028    5.3131    5.3548    5.5670    5.5711    5.7280    5.7569    5.7751    5.7918    6.0941    6.1188    6.1699    6.2809    6.2812    6.3139    6.4236    6.4348    6.7186    6.7296    6.8556    6.9355    6.9404    7.0033    7.0476    7.1260    7.2656    7.3333    7.3387    7.4054    7.7563    7.7964    7.8517    7.8586    7.9579    7.9882    8.2115    8.2234    8.2397    8.2673    8.3993    8.4082    8.7949    8.8727    8.8931    8.9623    9.0731    9.0970    9.4552    9.5307    9.5447    9.6178    9.7932    9.8129   10.0637   10.1491   10.2007   10.2018   10.3855   10.4216   10.6180   10.6347   10.9980   11.1341   11.1344   11.1518   11.2142   11.2947   11.3542   11.3703   11.3793   11.4827
  1.7080  -20.7768  -20.7768  -20.7745  -20.7745  -12.6542  -12.6478  -12.5511  -12.5494  -11.5801  -11.5777  -11.4830  -11.4734  -10.8130  -10.8126  -10.7742  -10.7707   -7.6462   -7.6450   -7.6194   -7.6177   -7.6128   -7.6118   -7.5898   -7.5894   -7.5793   -7.5773   -7.5624   -7.5612   -3.9825   -3.9776   -3.7610   -3.7554   -2.3223   -2.3022   -2.2631   -2.2538   -2.1068   -2.1030   -1.8679   -1.8550   -1.5879   -1.5875   -1.3806   -1.3800   -1.3605   -1.3480   -1.0726   -1.0481   -1.0445   -1.0290   -0.9988   -0.9930   -0.6799   -0.6767   -0.6741   -0.6664   -0.4618   -0.4552   -0.4023   -0.3959    1.5811    1.5819    1.6953    1.7004    4.4334    4.5319    5.0421    5.0530    5.0753    5.0953    5.3249    5.3460    5.5648    5.5673    5.7523    5.7627    5.7762    5.7802    6.0973    6.1274    6.1582    6.2305    6.2946    6.3114    6.4285    6.4339    6.7250    6.7305    6.8711    6.9111    6.9704    7.0247    7.0323    7.0948    7.2898    7.3270    7.3544    7.3900    7.7642    7.7841    7.8606    7.8674    7.9637    7.9757    8.2008    8.2143    8.2278    8.2503    8.4012    8.4055    8.8146    8.8539    8.9189    8.9544    9.0890    9.1010    9.4938    9.5213    9.5299    9.5793    9.8160    9.8318   10.0775   10.1531   10.1556   10.1867   10.3903   10.4104   10.6264   10.6341   11.0367   11.1139   11.1538   11.1795   11.1800   11.2667   11.3829   11.3957   11.4109   11.4516
  1.7238  -20.7768  -20.7768  -20.7745  -20.7745  -12.6511  -12.6511  -12.5502  -12.5502  -11.5789  -11.5789  -11.4782  -11.4782  -10.8128  -10.8128  -10.7725  -10.7725   -7.6456   -7.6456   -7.6185   -7.6185   -7.6123   -7.6123   -7.5896   -7.5896   -7.5782   -7.5782   -7.5619   -7.5619   -3.9801   -3.9801   -3.7582   -3.7582   -2.3125   -2.3125   -2.2585   -2.2585   -2.1058   -2.1058   -1.8616   -1.8616   -1.5868   -1.5868   -1.3704   -1.3704   -1.3643   -1.3643   -1.0508   -1.0508   -1.0458   -1.0458   -0.9960   -0.9960   -0.6779   -0.6779   -0.6703   -0.6703   -0.4583   -0.4583   -0.3993   -0.3993    1.5810    1.5810    1.6974    1.6974    4.4830    4.4830    5.0470    5.0470    5.0861    5.0861    5.3361    5.3361    5.5649    5.5649    5.7689    5.7689    5.7705    5.7705    6.1101    6.1101    6.1878    6.1878    6.3049    6.3049    6.4319    6.4319    6.7290    6.7290    6.8896    6.8896    6.9988    6.9988    7.0631    7.0631    7.3107    7.3107    7.3732    7.3732    7.7734    7.7734    7.8673    7.8673    7.9685    7.9685    8.2011    8.2011    8.2370    8.2370    8.4032    8.4032    8.8344    8.8344    8.9397    8.9397    9.0986    9.0986    9.5211    9.5211    9.5364    9.5364    9.8313    9.8313   10.1093   10.1093   10.1698   10.1698   10.3994   10.3994   10.6317   10.6317   11.0785   11.0785   11.1608   11.1608   11.2250   11.2250   11.4140   11.4141   11.4173   11.4173
  1.7238  -20.7768  -20.7768  -20.7745  -20.7745  -12.6511  -12.6511  -12.5502  -12.5502  -11.5789  -11.5789  -11.4782  -11.4782  -10.8128  -10.8128  -10.7725  -10.7725   -7.6456   -7.6456   -7.6185   -7.6185   -7.6123   -7.6123   -7.5896   -7.5896   -7.5782   -7.5782   -7.5619   -7.5619   -3.9801   -3.9801   -3.7582   -3.7582   -2.3125   -2.3125   -2.2585   -2.2585   -2.1058   -2.1058   -1.8616   -1.8616   -1.5868   -1.5868   -1.3704   -1.3704   -1.3643   -1.3643   -1.0508   -1.0508   -1.0458   -1.0458   -0.9960   -0.9960   -0.6779   -0.6779   -0.6703   -0.6703   -0.4583   -0.4583   -0.3993   -0.3993    1.5810    1.5810    1.6974    1.6974    4.4830    4.4830    5.0470    5.0470    5.0861    5.0861    5.3361    5.3361    5.5649    5.5649    5.7689    5.7689    5.7705    5.7705    6.1101    6.1101    6.1878    6.1878    6.3049    6.3049    6.4319    6.4319    6.7290    6.7290    6.8896    6.8896    6.9988    6.9988    7.0631    7.0631    7.3107    7.3107    7.3732    7.3732    7.7734    7.7734    7.8673    7.8673    7.9685    7.9685    8.2011    8.2011    8.2370    8.2370    8.4032    8.4032    8.8344    8.8344    8.9397    8.9397    9.0986    9.0986    9.5211    9.5211    9.5364    9.5364    9.8313    9.8313   10.1093   10.1093   10.1698   10.1698   10.3994   10.3994   10.6317   10.6317   11.0785   11.0785   11.1608   11.1608   11.2250   11.2250   11.4140   11.4141   11.4173   11.4174
  1.7385  -20.7768  -20.7768  -20.7745  -20.7745  -12.6510  -12.6510  -12.5504  -12.5504  -11.5787  -11.5787  -11.4783  -11.4783  -10.8128  -10.8128  -10.7726  -10.7726   -7.6456   -7.6456   -7.6185   -7.6185   -7.6123   -7.6123   -7.5897   -7.5897   -7.5781   -7.5781   -7.5618   -7.5618   -3.9798   -3.9798   -3.7586   -3.7586   -2.3124   -2.3124   -2.2591   -2.2591   -2.1053   -2.1053   -1.8619   -1.8619   -1.5865   -1.5865   -1.3694   -1.3694   -1.3638   -1.3638   -1.0509   -1.0509   -1.0460   -1.0460   -0.9963   -0.9963   -0.6784   -0.6784   -0.6700   -0.6700   -0.4588   -0.4588   -0.3999   -0.3999    1.5817    1.5817    1.6977    1.6977    4.4835    4.4835    5.0477    5.0477    5.0843    5.0843    5.3359    5.3359    5.5653    5.5653    5.7685    5.7685    5.7710    5.7710    6.1085    6.1085    6.1873    6.1873    6.3030    6.3030    6.4336    6.4336    6.7285    6.7285    6.8899    6.8899    6.9836    6.9836    7.0750    7.0750    7.3112    7.3112    7.3736    7.3736    7.7720    7.7720    7.8667    7.8667    7.9693    7.9693    8.2075    8.2075    8.2349    8.2349    8.4096    8.4096    8.8377    8.8377    8.9390    8.9390    9.0984    9.0984    9.5236    9.5236    9.5373    9.5373    9.8316    9.8316   10.1080   10.1080   10.1673   10.1673   10.3980   10.3980   10.6300   10.6300   11.0676   11.0676   11.1593   11.1593   11.2203   11.2203   11.4117   11.4119   11.4307   11.4310
  1.7531  -20.7768  -20.7768  -20.7745  -20.7745  -12.6507  -12.6507  -12.5508  -12.5508  -11.5782  -11.5782  -11.4786  -11.4786  -10.8127  -10.8127  -10.7728  -10.7728   -7.6456   -7.6456   -7.6186   -7.6186   -7.6123   -7.6123   -7.5899   -7.5899   -7.5780   -7.5780   -7.5616   -7.5616   -3.9788   -3.9788   -3.7601   -3.7601   -2.3123   -2.3123   -2.2610   -2.2610   -2.1035   -2.1035   -1.8628   -1.8628   -1.5857   -1.5857   -1.3662   -1.3662   -1.3622   -1.3622   -1.0514   -1.0514   -1.0465   -1.0465   -0.9971   -0.9971   -0.6799   -0.6799   -0.6691   -0.6691   -0.4601   -0.4601   -0.4019   -0.4019    1.5837    1.5837    1.6986    1.6986    4.4852    4.4852    5.0495    5.0495    5.0789    5.0789    5.3353    5.3353    5.5664    5.5664    5.7674    5.7674    5.7727    5.7727    6.1038    6.1038    6.1859    6.1859    6.2974    6.2974    6.4388    6.4388    6.7271    6.7271    6.8911    6.8911    6.9525    6.9525    7.0963    7.0963    7.3131    7.3131    7.3748    7.3748    7.7680    7.7680    7.8652    7.8652    7.9718    7.9718    8.2258    8.2258    8.2302    8.2302    8.4276    8.4276    8.8472    8.8472    8.9369    8.9369    9.0979    9.0979    9.5310    9.5310    9.5398    9.5398    9.8326    9.8326   10.1042   10.1042   10.1598   10.1598   10.3939   10.3939   10.6257   10.6257   11.0375   11.0375   11.1568   11.1568   11.2077   11.2077   11.4061   11.4062   11.4659   11.4664
  1.7678  -20.7768  -20.7768  -20.7745  -20.7745  -12.6503  -12.6503  -12.5514  -12.5514  -11.5773  -11.5773  -11.4790  -11.4790  -10.8125  -10.8125  -10.7733  -10.7733   -7.6456   -7.6456   -7.6187   -7.6187   -7.6123   -7.6123   -7.5902   -7.5902   -7.5778   -7.5778   -7.5612   -7.5612   -3.9771   -3.9771   -3.7624   -3.7624   -2.3120   -2.3120   -2.2640   -2.2640   -2.1008   -2.1008   -1.8643   -1.8643   -1.5843   -1.5843   -1.3611   -1.3611   -1.3596   -1.3596   -1.0522   -1.0522   -1.0474   -1.0474   -0.9984   -0.9984   -0.6823   -0.6823   -0.6677   -0.6677   -0.4622   -0.4622   -0.4052   -0.4052    1.5870    1.5870    1.6999    1.6999    4.4878    4.4878    5.0524    5.0524    5.0700    5.0700    5.3344    5.3344    5.5684    5.5684    5.7656    5.7656    5.7753    5.7753    6.0960    6.0960    6.1837    6.1837    6.2882    6.2882    6.4467    6.4467    6.7244    6.7244    6.8934    6.8934    6.9159    6.9159    7.1162    7.1162    7.3171    7.3171    7.3766    7.3766    7.7616    7.7616    7.8640    7.8640    7.9771    7.9771    8.2253    8.2253    8.2538    8.2538    8.4540    8.4540    8.8622    8.8622    8.9337    8.9337    9.0975    9.0975    9.5428    9.5428    9.5440    9.5440    9.8344    9.8344   10.0976   10.0976   10.1475   10.1475   10.3865   10.3865   10.6205   10.6205   10.9950   10.9950   11.1547   11.1547   11.1899   11.1899   11.3981   11.3981   11.5150   11.5177
  1.7825  -20.7768  -20.7768  -20.7745  -20.7745  -12.6496  -12.6496  -12.5523  -12.5523  -11.5760  -11.5760  -11.4797  -11.4797  -10.8123  -10.8123  -10.7740  -10.7740   -7.6455   -7.6455   -7.6189   -7.6189   -7.6124   -7.6124   -7.5907   -7.5907   -7.5775   -7.5775   -7.5607   -7.5607   -3.9748   -3.9748   -3.7656   -3.7656   -2.3117   -2.3117   -2.2680   -2.2680   -2.0971   -2.0971   -1.8663   -1.8663   -1.5823   -1.5823   -1.3561   -1.3561   -1.3542   -1.3542   -1.0534   -1.0534   -1.0487   -1.0487   -1.0003   -1.0003   -0.6854   -0.6854   -0.6657   -0.6657   -0.4652   -0.4652   -0.4097   -0.4097    1.5915    1.5915    1.7018    1.7018    4.4916    4.4916    5.0565    5.0565    5.0578    5.0578    5.3334    5.3334    5.5712    5.5712    5.7635    5.7635    5.7791    5.7791    6.0854    6.0854    6.1807    6.1807    6.2760    6.2760    6.4566    6.4566    6.7200    6.7200    6.8767    6.8767    6.8973    6.8973    7.1316    7.1316    7.3246    7.3246    7.3783    7.3783    7.7532    7.7532    7.8645    7.8645    7.9857    7.9857    8.2223    8.2223    8.2891    8.2891    8.4861    8.4861    8.8813    8.8813    8.9294    8.9294    9.0974    9.0974    9.5501    9.5501    9.5581    9.5581    9.8372    9.8372   10.0879   10.0879   10.1307   10.1307   10.3756   10.3756   10.6168   10.6168   10.9460   10.9460   11.1524   11.1524   11.1698   11.1698   11.3878   11.3878   11.5354   11.5552
  1.7971  -20.7768  -20.7768  -20.7745  -20.7745  -12.6489  -12.6489  -12.5533  -12.5533  -11.5745  -11.5745  -11.4805  -11.4805  -10.8120  -10.8120  -10.7748  -10.7748   -7.6455   -7.6455   -7.6191   -7.6191   -7.6124   -7.6124   -7.5912   -7.5912   -7.5771   -7.5771   -7.5601   -7.5601   -3.9719   -3.9719   -3.7697   -3.7697   -2.3113   -2.3113   -2.2728   -2.2728   -2.0926   -2.0926   -1.8688   -1.8688   -1.5796   -1.5796   -1.3518   -1.3518   -1.3457   -1.3457   -1.0548   -1.0548   -1.0506   -1.0506   -1.0027   -1.0027   -0.6889   -0.6889   -0.6632   -0.6632   -0.4690   -0.4690   -0.4155   -0.4155    1.5971    1.5971    1.7040    1.7040    4.4964    4.4964    5.0425    5.0425    5.0616    5.0616    5.3325    5.3325    5.5748    5.5748    5.7610    5.7610    5.7838    5.7838    6.0727    6.0727    6.1764    6.1764    6.2609    6.2609    6.4674    6.4674    6.7138    6.7138    6.8362    6.8362    6.9032    6.9032    7.1411    7.1411    7.3368    7.3368    7.3797    7.3797    7.7435    7.7435    7.8679    7.8679    7.9978    7.9978    8.2223    8.2223    8.3291    8.3291    8.5219    8.5219    8.9027    8.9027    8.9246    8.9246    9.0982    9.0982    9.5580    9.5580    9.5761    9.5761    9.8413    9.8413   10.0747   10.0747   10.1099   10.1099   10.3616   10.3616   10.6170   10.6170   10.8940   10.8940   11.1482   11.1482   11.1491   11.1491   11.3746   11.3746   11.5388   11.5432
  1.8118  -20.7768  -20.7768  -20.7745  -20.7745  -12.6479  -12.6479  -12.5546  -12.5546  -11.5726  -11.5726  -11.4816  -11.4816  -10.8116  -10.8116  -10.7758  -10.7758   -7.6454   -7.6454   -7.6194   -7.6194   -7.6125   -7.6125   -7.5918   -7.5918   -7.5767   -7.5767   -7.5595   -7.5595   -3.9684   -3.9684   -3.7746   -3.7746   -2.3108   -2.3108   -2.2783   -2.2783   -2.0875   -2.0875   -1.8717   -1.8717   -1.5760   -1.5760   -1.3467   -1.3467   -1.3359   -1.3359   -1.0565   -1.0565   -1.0529   -1.0529   -1.0058   -1.0058   -0.6925   -0.6925   -0.6601   -0.6601   -0.4736   -0.4736   -0.4225   -0.4225    1.6037    1.6037    1.7066    1.7066    4.5023    4.5023    5.0244    5.0244    5.0677    5.0677    5.3318    5.3318    5.5791    5.5791    5.7585    5.7585    5.7894    5.7894    6.0588    6.0588    6.1707    6.1707    6.2435    6.2435    6.4780    6.4780    6.7057    6.7057    6.7955    6.7955    6.9113    6.9113    7.1443    7.1443    7.3546    7.3546    7.3800    7.3800    7.7331    7.7331    7.8752    7.8752    8.0133    8.0133    8.2254    8.2254    8.3717    8.3717    8.5598    8.5598    8.9196    8.9196    8.9245    8.9245    9.1003    9.1003    9.5679    9.5679    9.5952    9.5952    9.8471    9.8471   10.0579   10.0579   10.0858   10.0858   10.3458   10.3458   10.6228   10.6228   10.8409   10.8409   11.1290   11.1290   11.1409   11.1409   11.3580   11.3580   11.5349   11.5350
  1.8265  -20.7768  -20.7768  -20.7745  -20.7745  -12.6468  -12.6468  -12.5561  -12.5561  -11.5705  -11.5705  -11.4828  -11.4828  -10.8112  -10.8112  -10.7769  -10.7769   -7.6454   -7.6454   -7.6196   -7.6196   -7.6125   -7.6125   -7.5924   -7.5924   -7.5762   -7.5762   -7.5588   -7.5588   -3.9642   -3.9642   -3.7802   -3.7802   -2.3103   -2.3103   -2.2843   -2.2843   -2.0820   -2.0820   -1.8748   -1.8748   -1.5717   -1.5717   -1.3410   -1.3410   -1.3250   -1.3250   -1.0585   -1.0585   -1.0557   -1.0557   -1.0097   -1.0097   -0.6958   -0.6958   -0.6565   -0.6565   -0.4788   -0.4788   -0.4308   -0.4308    1.6111    1.6111    1.7093    1.7093    4.5093    4.5093    5.0038    5.0038    5.0746    5.0746    5.3317    5.3317    5.5840    5.5840    5.7562    5.7562    5.7959    5.7959    6.0442    6.0442    6.1635    6.1635    6.2243    6.2243    6.4864    6.4864    6.6959    6.6959    6.7564    6.7564    6.9215    6.9215    7.1418    7.1418    7.3780    7.3780    7.3786    7.3786    7.7228    7.7228    7.8866    7.8866    8.0320    8.0320    8.2314    8.2314    8.4152    8.4152    8.5986    8.5986    8.9150    8.9150    8.9446    8.9446    9.1042    9.1042    9.5796    9.5796    9.6141    9.6141    9.8549    9.8549   10.0375   10.0375   10.0589   10.0589   10.3312   10.3312   10.6343   10.6343   10.7879   10.7879   11.1096   11.1096   11.1293   11.1293   11.3381   11.3381   11.5249   11.5249
  1.8412  -20.7768  -20.7768  -20.7745  -20.7745  -12.6456  -12.6456  -12.5577  -12.5577  -11.5681  -11.5681  -11.4841  -11.4841  -10.8107  -10.8107  -10.7781  -10.7781   -7.6453   -7.6453   -7.6199   -7.6199   -7.6126   -7.6126   -7.5930   -7.5930   -7.5757   -7.5757   -7.5581   -7.5581   -3.9595   -3.9595   -3.7864   -3.7864   -2.3097   -2.3097   -2.2906   -2.2906   -2.0762   -2.0762   -1.8782   -1.8782   -1.5665   -1.5665   -1.3348   -1.3348   -1.3133   -1.3133   -1.0607   -1.0607   -1.0591   -1.0591   -1.0144   -1.0144   -0.6984   -0.6984   -0.6523   -0.6523   -0.4848   -0.4848   -0.4402   -0.4402    1.6192    1.6192    1.7122    1.7122    4.5174    4.5174    4.9810    4.9810    5.0821    5.0821    5.3323    5.3323    5.5890    5.5890    5.7542    5.7542    5.8031    5.8031    6.0297    6.0297    6.1550    6.1550    6.2036    6.2036    6.4903    6.4903    6.6848    6.6848    6.7209    6.7209    6.9337    6.9337    7.1351    7.1351    7.3752    7.3752    7.4065    7.4065    7.7135    7.7135    7.9017    7.9017    8.0537    8.0537    8.2395    8.2395    8.4578    8.4578    8.6373    8.6373    8.9114    8.9114    8.9612    8.9612    9.1102    9.1102    9.5933    9.5933    9.6308    9.6308    9.8641    9.8641   10.0159   10.0159   10.0302   10.0302   10.3207   10.3207   10.6508   10.6508   10.7355   10.7355   11.0906   11.0906   11.1127   11.1127   11.3163   11.3163   11.5110   11.5110
  1.8558  -20.7768  -20.7768  -20.7745  -20.7745  -12.6443  -12.6443  -12.5594  -12.5594  -11.5656  -11.5656  -11.4856  -11.4856  -10.8101  -10.8101  -10.7794  -10.7794   -7.6453   -7.6453   -7.6202   -7.6202   -7.6127   -7.6127   -7.5937   -7.5937   -7.5751   -7.5751   -7.5574   -7.5574   -3.9543   -3.9543   -3.7933   -3.7933   -2.3090   -2.3090   -2.2970   -2.2970   -2.0704   -2.0704   -1.8816   -1.8816   -1.5604   -1.5604   -1.3284   -1.3284   -1.3011   -1.3011   -1.0630   -1.0630   -1.0629   -1.0629   -1.0201   -1.0201   -0.6999   -0.6999   -0.6476   -0.6476   -0.4913   -0.4913   -0.4506   -0.4506    1.6278    1.6278    1.7151    1.7151    4.5267    4.5267    4.9566    4.9566    5.0902    5.0902    5.3338    5.3338    5.5936    5.5936    5.7530    5.7530    5.8111    5.8111    6.0157    6.0157    6.1459    6.1459    6.1821    6.1821    6.4866    6.4866    6.6729    6.6729    6.6919    6.6919    6.9475    6.9475    7.1254    7.1254    7.3694    7.3694    7.4396    7.4396    7.7056    7.7056    7.9195    7.9195    8.0784    8.0784    8.2491    8.2491    8.4979    8.4979    8.6746    8.6746    8.9096    8.9096    8.9729    8.9729    9.1181    9.1181    9.6086    9.6086    9.6431    9.6431    9.8709    9.8709    9.9993    9.9993   10.0006   10.0006   10.3163   10.3163   10.6705   10.6705   10.6842   10.6842   11.0715   11.0715   11.0908   11.0908   11.2953   11.2953   11.4949   11.4949
  1.8705  -20.7768  -20.7768  -20.7745  -20.7745  -12.6430  -12.6430  -12.5612  -12.5612  -11.5629  -11.5629  -11.4873  -11.4873  -10.8095  -10.8095  -10.7809  -10.7809   -7.6452   -7.6452   -7.6205   -7.6205   -7.6127   -7.6127   -7.5943   -7.5943   -7.5745   -7.5745   -7.5567   -7.5567   -3.9485   -3.9485   -3.8007   -3.8007   -2.3084   -2.3084   -2.3034   -2.3034   -2.0647   -2.0647   -1.8850   -1.8850   -1.5536   -1.5536   -1.3218   -1.3218   -1.2886   -1.2886   -1.0671   -1.0671   -1.0655   -1.0655   -1.0270   -1.0270   -0.7000   -0.7000   -0.6424   -0.6424   -0.4984   -0.4984   -0.4620   -0.4620    1.6366    1.6366    1.7178    1.7178    4.5372    4.5372    4.9308    4.9308    5.0985    5.0985    5.3364    5.3364    5.5971    5.5971    5.7532    5.7532    5.8196    5.8196    6.0025    6.0025    6.1366    6.1366    6.1600    6.1600    6.4725    6.4725    6.6605    6.6605    6.6719    6.6719    6.9627    6.9627    7.1142    7.1142    7.3610    7.3610    7.4764    7.4764    7.6995    7.6995    7.9385    7.9385    8.1060    8.1060    8.2594    8.2594    8.5342    8.5342    8.7095    8.7095    8.9103    8.9103    8.9788    8.9788    9.1279    9.1279    9.6251    9.6251    9.6486    9.6486    9.8679    9.8679    9.9713    9.9713    9.9993    9.9993   10.3188   10.3188   10.6343   10.6343   10.6912   10.6912   11.0520   11.0520   11.0642   11.0642   11.2789   11.2789   11.4762   11.4762
  1.8852  -20.7768  -20.7768  -20.7745  -20.7745  -12.6416  -12.6416  -12.5631  -12.5631  -11.5602  -11.5602  -11.4890  -11.4890  -10.8088  -10.8088  -10.7823  -10.7823   -7.6451   -7.6451   -7.6208   -7.6208   -7.6128   -7.6128   -7.5949   -7.5949   -7.5740   -7.5740   -7.5560   -7.5560   -3.9422   -3.9422   -3.8085   -3.8085   -2.3095   -2.3095   -2.3078   -2.3078   -2.0593   -2.0593   -1.8884   -1.8884   -1.5462   -1.5462   -1.3152   -1.3152   -1.2761   -1.2761   -1.0715   -1.0715   -1.0681   -1.0681   -1.0349   -1.0349   -0.6984   -0.6984   -0.6367   -0.6367   -0.5060   -0.5060   -0.4743   -0.4743    1.6455    1.6455    1.7203    1.7203    4.5489    4.5489    4.9041    4.9041    5.1069    5.1069    5.3400    5.3400    5.5986    5.5986    5.7554    5.7554    5.8285    5.8285    5.9904    5.9904    6.1282    6.1282    6.1380    6.1380    6.4481    6.4481    6.6482    6.6482    6.6610    6.6610    6.9790    6.9790    7.1023    7.1023    7.3502    7.3502    7.5162    7.5162    7.6954    7.6954    7.9571    7.9571    8.1365    8.1365    8.2696    8.2696    8.5659    8.5659    8.7409    8.7409    8.9143    8.9143    8.9787    8.9787    9.1393    9.1393    9.6420    9.6420    9.6447    9.6447    9.8551    9.8551    9.9437    9.9437   10.0207   10.0207   10.3273   10.3273   10.5862   10.5862   10.7101   10.7101   11.0325   11.0325   11.0338   11.0338   11.2708   11.2708   11.4536   11.4536
  1.8999  -20.7768  -20.7768  -20.7745  -20.7745  -12.6402  -12.6402  -12.5649  -12.5649  -11.5574  -11.5574  -11.4908  -11.4908  -10.8080  -10.8080  -10.7839  -10.7839   -7.6451   -7.6451   -7.6210   -7.6210   -7.6128   -7.6128   -7.5955   -7.5955   -7.5735   -7.5735   -7.5554   -7.5554   -3.9355   -3.9355   -3.8167   -3.8167   -2.3153   -2.3153   -2.3072   -2.3072   -2.0543   -2.0543   -1.8916   -1.8916   -1.5383   -1.5383   -1.3088   -1.3088   -1.2637   -1.2637   -1.0762   -1.0762   -1.0707   -1.0707   -1.0438   -1.0438   -0.6951   -0.6951   -0.6305   -0.6305   -0.5140   -0.5140   -0.4873   -0.4873    1.6543    1.6543    1.7225    1.7225    4.5618    4.5618    4.8768    4.8768    5.1152    5.1152    5.3448    5.3448    5.5973    5.5973    5.7603    5.7603    5.8378    5.8378    5.9791    5.9791    6.1163    6.1163    6.1213    6.1213    6.4162    6.4162    6.6363    6.6363    6.6566    6.6566    6.9959    6.9959    7.0908    7.0908    7.3374    7.3374    7.5584    7.5584    7.6931    7.6931    7.9735    7.9735    8.1696    8.1696    8.2791    8.2791    8.5924    8.5924    8.7678    8.7678    8.9220    8.9220    8.9726    8.9726    9.1520    9.1520    9.6293    9.6293    9.6579    9.6579    9.8428    9.8428    9.9197    9.9197   10.0570   10.0570   10.3403   10.3403   10.5401   10.5401   10.7243   10.7243   11.0012   11.0012   11.0150   11.0150   11.2733   11.2733   11.4249   11.4249
  1.9145  -20.7768  -20.7768  -20.7745  -20.7745  -12.6388  -12.6388  -12.5667  -12.5667  -11.5546  -11.5546  -11.4926  -11.4926  -10.8072  -10.8072  -10.7854  -10.7854   -7.6450   -7.6450   -7.6212   -7.6212   -7.6129   -7.6129   -7.5960   -7.5960   -7.5730   -7.5730   -7.5548   -7.5548   -3.9284   -3.9284   -3.8252   -3.8252   -2.3205   -2.3205   -2.3066   -2.3066   -2.0498   -2.0498   -1.8945   -1.8945   -1.5303   -1.5303   -1.3028   -1.3028   -1.2517   -1.2517   -1.0809   -1.0809   -1.0732   -1.0732   -1.0535   -1.0535   -0.6899   -0.6899   -0.6239   -0.6239   -0.5223   -0.5223   -0.5007   -0.5007    1.6628    1.6628    1.7242    1.7242    4.5760    4.5760    4.8493    4.8493    5.1231    5.1231    5.3505    5.3505    5.5930    5.5930    5.7683    5.7683    5.8472    5.8472    5.9684    5.9684    6.0956    6.0956    6.1170    6.1170    6.3802    6.3802    6.6252    6.6252    6.6557    6.6557    7.0132    7.0132    7.0802    7.0802    7.3229    7.3229    7.6018    7.6018    7.6922    7.6922    7.9861    7.9861    8.2050    8.2050    8.2874    8.2874    8.6136    8.6136    8.7899    8.7899    8.9331    8.9331    8.9613    8.9613    9.1650    9.1650    9.6032    9.6032    9.6709    9.6709    9.8379    9.8379    9.9016    9.9016   10.1014   10.1014   10.3556   10.3556   10.4966   10.4966   10.7315   10.7315   10.9679   10.9679   11.0020   11.0020   11.2868   11.2868   11.3895   11.3895
  1.9292  -20.7768  -20.7768  -20.7745  -20.7745  -12.6375  -12.6375  -12.5683  -12.5683  -11.5520  -11.5520  -11.4944  -11.4944  -10.8063  -10.8063  -10.7868  -10.7868   -7.6450   -7.6450   -7.6214   -7.6214   -7.6130   -7.6130   -7.5964   -7.5964   -7.5726   -7.5726   -7.5543   -7.5543   -3.9209   -3.9209   -3.8340   -3.8340   -2.3252   -2.3252   -2.3061   -2.3061   -2.0459   -2.0459   -1.8971   -1.8971   -1.5225   -1.5225   -1.2974   -1.2974   -1.2403   -1.2403   -1.0856   -1.0856   -1.0755   -1.0755   -1.0634   -1.0634   -0.6832   -0.6832   -0.6168   -0.6168   -0.5308   -0.5308   -0.5144   -0.5144    1.6707    1.6707    1.7254    1.7254    4.5915    4.5915    4.8219    4.8219    5.1303    5.1303    5.3572    5.3572    5.5859    5.5859    5.7792    5.7792    5.8566    5.8566    5.9578    5.9578    6.0761    6.0761    6.1160    6.1160    6.3428    6.3428    6.6153    6.6153    6.6562    6.6562    7.0305    7.0305    7.0708    7.0708    7.3075    7.3075    7.6453    7.6453    7.6925    7.6925    7.9938    7.9938    8.2415    8.2415    8.2943    8.2943    8.6297    8.6297    8.8073    8.8073    8.9465    8.9465    8.9466    8.9466    9.1773    9.1773    9.5710    9.5710    9.6789    9.6789    9.8408    9.8408    9.8917    9.8917   10.1493   10.1493   10.3713   10.3713   10.4560   10.4560   10.7314   10.7314   10.9359   10.9359   10.9956   10.9956   11.3051   11.3051   11.3529   11.3530
  1.9439  -20.7768  -20.7768  -20.7745  -20.7745  -12.6363  -12.6363  -12.5697  -12.5697  -11.5496  -11.5496  -11.4961  -11.4961  -10.8054  -10.8054  -10.7882  -10.7882   -7.6449   -7.6449   -7.6216   -7.6216   -7.6130   -7.6130   -7.5968   -7.5968   -7.5722   -7.5722   -7.5539   -7.5539   -3.9130   -3.9130   -3.8429   -3.8429   -2.3291   -2.3291   -2.3057   -2.3057   -2.0427   -2.0427   -1.8993   -1.8993   -1.5153   -1.5153   -1.2926   -1.2926   -1.2297   -1.2297   -1.0902   -1.0902   -1.0776   -1.0776   -1.0729   -1.0729   -0.6752   -0.6752   -0.6094   -0.6094   -0.5395   -0.5395   -0.5280   -0.5280    1.6778    1.6778    1.7261    1.7261    4.6083    4.6083    4.7949    4.7949    5.1366    5.1366    5.3643    5.3643    5.5770    5.5770    5.7924    5.7924    5.8656    5.8656    5.9469    5.9469    6.0585    6.0585    6.1189    6.1189    6.3058    6.3058    6.6067    6.6067    6.6571    6.6571    7.0471    7.0471    7.0631    7.0631    7.2920    7.2920    7.6876    7.6876    7.6934    7.6934    7.9960    7.9960    8.2775    8.2775    8.2997    8.2997    8.6409    8.6409    8.8207    8.8207    8.9303    8.9303    8.9608    8.9608    9.1875    9.1875    9.5384    9.5384    9.6809    9.6809    9.8485    9.8485    9.8908    9.8908   10.1967   10.1967   10.3852   10.3852   10.4193   10.4193   10.7262   10.7262   10.9068   10.9068   10.9960   10.9960   11.2861   11.2861   11.3576   11.3576
  1.9585  -20.7768  -20.7768  -20.7745  -20.7745  -12.6354  -12.6354  -12.5709  -12.5709  -11.5476  -11.5476  -11.4976  -11.4976  -10.8046  -10.8046  -10.7895  -10.7895   -7.6449   -7.6449   -7.6218   -7.6218   -7.6130   -7.6130   -7.5971   -7.5971   -7.5719   -7.5719   -7.5536   -7.5536   -3.9048   -3.9048   -3.8519   -3.8519   -2.3322   -2.3322   -2.3053   -2.3053   -2.0401   -2.0401   -1.9011   -1.9011   -1.5090   -1.5090   -1.2887   -1.2887   -1.2204   -1.2204   -1.0949   -1.0949   -1.0810   -1.0810   -1.0794   -1.0794   -0.6667   -0.6667   -0.6017   -0.6017   -0.5483   -0.5483   -0.5408   -0.5408    1.6838    1.6838    1.7264    1.7264    4.6264    4.6264    4.7687    4.7687    5.1419    5.1419    5.3713    5.3713    5.5676    5.5676    5.8069    5.8069    5.8738    5.8738    5.9356    5.9356    6.0434    6.0434    6.1263    6.1263    6.2707    6.2707    6.5998    6.5998    6.6579    6.6579    7.0570    7.0570    7.0622    7.0622    7.2775    7.2775    7.6945    7.6945    7.7265    7.7265    7.9931    7.9931    8.3036    8.3036    8.3109    8.3109    8.6476    8.6476    8.8308    8.8308    8.9150    8.9150    8.9739    8.9739    9.1946    9.1946    9.5100    9.5100    9.6780    9.6780    9.8583    9.8583    9.8968    9.8968   10.2399   10.2399   10.3876   10.3876   10.3959   10.3959   10.7194   10.7194   10.8823   10.8823   11.0018   11.0018   11.2416   11.2416   11.3908   11.3908
  1.9732  -20.7768  -20.7768  -20.7745  -20.7745  -12.6346  -12.6346  -12.5719  -12.5719  -11.5460  -11.5460  -11.4987  -11.4987  -10.8039  -10.8039  -10.7905  -10.7905   -7.6449   -7.6449   -7.6219   -7.6219   -7.6131   -7.6131   -7.5973   -7.5973   -7.5717   -7.5717   -7.5534   -7.5534   -3.8964   -3.8964   -3.8609   -3.8609   -2.3345   -2.3345   -2.3050   -2.3050   -2.0383   -2.0383   -1.9024   -1.9024   -1.5042   -1.5042   -1.2858   -1.2858   -1.2128   -1.2128   -1.0997   -1.0997   -1.0868   -1.0868   -1.0807   -1.0807   -0.6586   -0.6586   -0.5939   -0.5939   -0.5569   -0.5569   -0.5519   -0.5519    1.6885    1.6885    1.7263    1.7263    4.6453    4.6453    4.7437    4.7437    5.1457    5.1457    5.3773    5.3773    5.5593    5.5593    5.8209    5.8209    5.8806    5.8806    5.9245    5.9245    6.0315    6.0315    6.1380    6.1380    6.2384    6.2384    6.5948    6.5948    6.6584    6.6584    7.0527    7.0527    7.0748    7.0748    7.2652    7.2652    7.6956    7.6956    7.7595    7.7595    7.9867    7.9867    8.3063    8.3063    8.3386    8.3386    8.6505    8.6505    8.8380    8.8380    8.9028    8.9028    8.9843    8.9843    9.1984    9.1984    9.4886    9.4886    9.6732    9.6732    9.8674    9.8674    9.9059    9.9059   10.2748   10.2748   10.3626   10.3626   10.4028   10.4028   10.7139   10.7139   10.8638   10.8638   11.0109   11.0109   11.1995   11.1995   11.4208   11.4233
  1.9879  -20.7768  -20.7768  -20.7745  -20.7745  -12.6342  -12.6342  -12.5724  -12.5724  -11.5450  -11.5450  -11.4995  -11.4995  -10.8035  -10.8035  -10.7912  -10.7912   -7.6449   -7.6449   -7.6219   -7.6219   -7.6131   -7.6131   -7.5974   -7.5974   -7.5716   -7.5716   -7.5532   -7.5532   -3.8878   -3.8878   -3.8699   -3.8699   -2.3359   -2.3359   -2.3049   -2.3049   -2.0372   -2.0372   -1.9031   -1.9031   -1.5012   -1.5012   -1.2840   -1.2840   -1.2078   -1.2078   -1.1035   -1.1035   -1.0899   -1.0899   -1.0816   -1.0816   -0.6525   -0.6525   -0.5863   -0.5863   -0.5649   -0.5649   -0.5598   -0.5598    1.6916    1.6916    1.7261    1.7261    4.6642    4.6642    4.7212    4.7212    5.1481    5.1481    5.3816    5.3816    5.5534    5.5534    5.8321    5.8321    5.8853    5.8853    5.9154    5.9154    6.0238    6.0238    6.1529    6.1529    6.2109    6.2109    6.5917    6.5917    6.6586    6.6586    7.0501    7.0501    7.0834    7.0834    7.2567    7.2567    7.6963    7.6963    7.7826    7.7826    7.9799    7.9799    8.3078    8.3078    8.3573    8.3573    8.6509    8.6509    8.8422    8.8422    8.8950    8.8950    8.9910    8.9910    9.1998    9.1998    9.4757    9.4757    9.6691    9.6691    9.8739    9.8739    9.9136    9.9136   10.2977   10.2977   10.3464   10.3464   10.4063   10.4063   10.7108   10.7108   10.8522   10.8522   11.0202   11.0202   11.1685   11.1685   11.4374   11.4375
  2.0026  -20.7768  -20.7768  -20.7745  -20.7745  -12.6340  -12.6340  -12.5726  -12.5726  -11.5446  -11.5446  -11.4997  -11.4997  -10.8033  -10.8033  -10.7914  -10.7914   -7.6448   -7.6448   -7.6219   -7.6219   -7.6131   -7.6131   -7.5975   -7.5975   -7.5715   -7.5715   -7.5532   -7.5532   -3.8800   -3.8800   -3.8778   -3.8778   -2.3364   -2.3364   -2.3048   -2.3048   -2.0368   -2.0368   -1.9034   -1.9034   -1.5001   -1.5001   -1.2834   -1.2834   -1.2060   -1.2060   -1.1050   -1.1050   -1.0909   -1.0909   -1.0819   -1.0819   -0.6501   -0.6501   -0.5818   -0.5818   -0.5696   -0.5696   -0.5628   -0.5628    1.6926    1.6926    1.7260    1.7260    4.6755    4.6755    4.7087    4.7087    5.1489    5.1489    5.3831    5.3831    5.5513    5.5513    5.8366    5.8366    5.8869    5.8869    5.9116    5.9116    6.0211    6.0211    6.1634    6.1634    6.1962    6.1962    6.5906    6.5906    6.6587    6.6587    7.0492    7.0492    7.0865    7.0865    7.2537    7.2537    7.6966    7.6966    7.7911    7.7911    7.9769    7.9769    8.3082    8.3082    8.3639    8.3639    8.6508    8.6508    8.8437    8.8437    8.8924    8.8924    8.9934    8.9934    9.2001    9.2001    9.4714    9.4714    9.6676    9.6676    9.8762    9.8762    9.9165    9.9165   10.3057   10.3057   10.3407   10.3407   10.4073   10.4073   10.7099   10.7099   10.8483   10.8483   11.0244   11.0244   11.1566   11.1566   11.4419   11.4419
  2.0026  -20.7768  -20.7768  -20.7745  -20.7745  -12.6340  -12.6340  -12.5726  -12.5726  -11.5446  -11.5446  -11.4997  -11.4997  -10.8033  -10.8033  -10.7914  -10.7914   -7.6448   -7.6448   -7.6219   -7.6219   -7.6131   -7.6131   -7.5975   -7.5975   -7.5715   -7.5715   -7.5532   -7.5532   -3.8800   -3.8800   -3.8778   -3.8778   -2.3364   -2.3364   -2.3048   -2.3048   -2.0368   -2.0368   -1.9034   -1.9034   -1.5001   -1.5001   -1.2834   -1.2834   -1.2060   -1.2060   -1.1050   -1.1050   -1.0909   -1.0909   -1.0819   -1.0819   -0.6501   -0.6501   -0.5818   -0.5818   -0.5696   -0.5696   -0.5628   -0.5628    1.6926    1.6926    1.7260    1.7260    4.6755    4.6755    4.7087    4.7087    5.1489    5.1489    5.3831    5.3831    5.5513    5.5513    5.8366    5.8366    5.8869    5.8869    5.9116    5.9116    6.0211    6.0211    6.1634    6.1634    6.1962    6.1962    6.5906    6.5906    6.6587    6.6587    7.0492    7.0492    7.0865    7.0865    7.2537    7.2537    7.6966    7.6966    7.7911    7.7911    7.9769    7.9769    8.3082    8.3082    8.3639    8.3639    8.6508    8.6508    8.8437    8.8437    8.8924    8.8924    8.9934    8.9934    9.2001    9.2001    9.4714    9.4714    9.6676    9.6676    9.8762    9.8762    9.9165    9.9165   10.3057   10.3057   10.3407   10.3407   10.4073   10.4073   10.7099   10.7099   10.8483   10.8483   11.0244   11.0244   11.1566   11.1566   11.4419   11.4419
  2.0254  -20.7768  -20.7768  -20.7745  -20.7745  -12.6339  -12.6339  -12.5728  -12.5728  -11.5446  -11.5446  -11.4999  -11.4999  -10.8033  -10.8033  -10.7914  -10.7914   -7.6445   -7.6445   -7.6223   -7.6223   -7.6125   -7.6125   -7.5976   -7.5976   -7.5715   -7.5715   -7.5532   -7.5532   -3.8799   -3.8799   -3.8778   -3.8778   -2.3364   -2.3364   -2.3056   -2.3056   -2.0363   -2.0363   -1.9042   -1.9042   -1.4999   -1.4999   -1.2846   -1.2846   -1.2057   -1.2057   -1.1099   -1.1099   -1.0905   -1.0905   -1.0768   -1.0768   -0.6497   -0.6497   -0.5877   -0.5877   -0.5690   -0.5690   -0.5572   -0.5572    1.6927    1.6927    1.7260    1.7260    4.6783    4.6783    4.7106    4.7106    5.1476    5.1476    5.3851    5.3851    5.5489    5.5489    5.8243    5.8243    5.8977    5.8977    5.9037    5.9037    6.0302    6.0302    6.1689    6.1689    6.1962    6.1962    6.5807    6.5807    6.6630    6.6630    7.0350    7.0350    7.0910    7.0910    7.2656    7.2656    7.6831    7.6831    7.8012    7.8012    7.9736    7.9736    8.3000    8.3000    8.3673    8.3673    8.6440    8.6440    8.8345    8.8345    8.8913    8.8913    9.0086    9.0086    9.1952    9.1952    9.4706    9.4706    9.6667    9.6667    9.8798    9.8798    9.9239    9.9239   10.3067   10.3067   10.3312   10.3312   10.4281   10.4281   10.6973   10.6973   10.8542   10.8542   11.0231   11.0231   11.1568   11.1568   11.4430   11.4430
  2.0482  -20.7768  -20.7768  -20.7745  -20.7745  -12.6337  -12.6337  -12.5731  -12.5731  -11.5445  -11.5445  -11.5002  -11.5002  -10.8032  -10.8032  -10.7915  -10.7915   -7.6435   -7.6435   -7.6230   -7.6230   -7.6110   -7.6110   -7.5978   -7.5978   -7.5716   -7.5716   -7.5534   -7.5534   -3.8798   -3.8798   -3.8777   -3.8777   -2.3366   -2.3366   -2.3078   -2.3078   -2.0347   -2.0347   -1.9066   -1.9066   -1.4993   -1.4993   -1.2880   -1.2880   -1.2051   -1.2051   -1.1194   -1.1194   -1.0893   -1.0893   -1.0668   -1.0668   -0.6487   -0.6487   -0.5983   -0.5983   -0.5671   -0.5671   -0.5474   -0.5474    1.6930    1.6930    1.7260    1.7260    4.6867    4.6867    4.7163    4.7163    5.1439    5.1439    5.3911    5.3911    5.5407    5.5407    5.8011    5.8011    5.8897    5.8897    5.9158    5.9158    6.0471    6.0471    6.1860    6.1860    6.1965    6.1965    6.5578    6.5578    6.6691    6.6691    7.0004    7.0004    7.1049    7.1049    7.2932    7.2932    7.6501    7.6501    7.8255    7.8255    7.9623    7.9623    8.2780    8.2780    8.3751    8.3751    8.6298    8.6298    8.8098    8.8098    8.8868    8.8868    9.0450    9.0450    9.1836    9.1836    9.4689    9.4689    9.6652    9.6652    9.8901    9.8901    9.9441    9.9441   10.3094   10.3094   10.3190   10.3190   10.4718   10.4718   10.6659   10.6659   10.8670   10.8670   11.0197   11.0197   11.1563   11.1563   11.4468   11.4468
  2.0710  -20.7767  -20.7767  -20.7745  -20.7745  -12.6333  -12.6333  -12.5738  -12.5738  -11.5443  -11.5443  -11.5008  -11.5008  -10.8031  -10.8031  -10.7916  -10.7916   -7.6418   -7.6418   -7.6239   -7.6239   -7.6088   -7.6088   -7.5982   -7.5982   -7.5717   -7.5717   -7.5537   -7.5537   -3.8795   -3.8795   -3.8776   -3.8776   -2.3369   -2.3369   -2.3115   -2.3115   -2.0322   -2.0322   -1.9105   -1.9105   -1.4982   -1.4982   -1.2934   -1.2934   -1.2043   -1.2043   -1.1297   -1.1297   -1.0872   -1.0872   -1.0558   -1.0558   -0.6470   -0.6470   -0.6097   -0.6097   -0.5640   -0.5640   -0.5373   -0.5373    1.6936    1.6936    1.7260    1.7260    4.7004    4.7004    4.7258    4.7258    5.1388    5.1388    5.4009    5.4009    5.5255    5.5255    5.7766    5.7766    5.8818    5.8818    5.9302    5.9302    6.0601    6.0601    6.1979    6.1979    6.2141    6.2141    6.5295    6.5295    6.6691    6.6691    6.9573    6.9573    7.1294    7.1294    7.3245    7.3245    7.6066    7.6066    7.8581    7.8581    7.9388    7.9388    8.2503    8.2503    8.3812    8.3812    8.6174    8.6174    8.7734    8.7734    8.8798    8.8798    9.0793    9.0793    9.1786    9.1786    9.4681    9.4681    9.6650    9.6650    9.9062    9.9062    9.9720    9.9720   10.3121   10.3121   10.3136   10.3136   10.5232   10.5232   10.6261   10.6261   10.8805   10.8805   11.0164   11.0164   11.1538   11.1538   11.4536   11.4537
  2.0938  -20.7767  -20.7767  -20.7745  -20.7745  -12.6327  -12.6327  -12.5747  -12.5747  -11.5440  -11.5440  -11.5016  -11.5016  -10.8030  -10.8030  -10.7917  -10.7917   -7.6395   -7.6395   -7.6248   -7.6248   -7.6063   -7.6063   -7.5987   -7.5987   -7.5717   -7.5717   -7.5540   -7.5540   -3.8791   -3.8791   -3.8775   -3.8775   -2.3374   -2.3374   -2.3164   -2.3164   -2.0289   -2.0289   -1.9156   -1.9156   -1.4967   -1.4967   -1.3005   -1.3005   -1.2036   -1.2036   -1.1402   -1.1402   -1.0842   -1.0842   -1.0447   -1.0447   -0.6448   -0.6448   -0.6208   -0.6208   -0.5598   -0.5598   -0.5278   -0.5278    1.6943    1.6943    1.7260    1.7260    4.7193    4.7193    4.7392    4.7392    5.1332    5.1332    5.4146    5.4146    5.5035    5.5035    5.7531    5.7531    5.8834    5.8834    5.9371    5.9371    6.0682    6.0682    6.2003    6.2003    6.2479    6.2479    6.5000    6.5000    6.6606    6.6606    6.9124    6.9124    7.1649    7.1649    7.3524    7.3524    7.5582    7.5582    7.8967    7.8967    7.8996    7.8996    8.2262    8.2262    8.3788    8.3788    8.6106    8.6106    8.7280    8.7280    8.8755    8.8755    9.0841    9.0841    9.2013    9.2013    9.4706    9.4706    9.6662    9.6662    9.9278    9.9278   10.0007   10.0007   10.3119   10.3119   10.3146   10.3146   10.5751   10.5751   10.5872   10.5872   10.8933   10.8933   11.0166   11.0166   11.1500   11.1500   11.4629   11.4630
  2.1166  -20.7767  -20.7767  -20.7746  -20.7746  -12.6319  -12.6319  -12.5758  -12.5758  -11.5437  -11.5437  -11.5027  -11.5027  -10.8028  -10.8028  -10.7919  -10.7919   -7.6368   -7.6368   -7.6255   -7.6255   -7.6035   -7.6035   -7.5993   -7.5993   -7.5718   -7.5718   -7.5545   -7.5545   -3.8786   -3.8786   -3.8774   -3.8774   -2.3381   -2.3381   -2.3222   -2.3222   -2.0249   -2.0249   -1.9215   -1.9215   -1.4947   -1.4947   -1.3091   -1.3091   -1.2036   -1.2036   -1.1505   -1.1505   -1.0800   -1.0800   -1.0340   -1.0340   -0.6421   -0.6421   -0.6311   -0.6311   -0.5547   -0.5547   -0.5189   -0.5189    1.6952    1.6952    1.7260    1.7260    4.7429    4.7429    4.7563    4.7563    5.1285    5.1285    5.4320    5.4320    5.4768    5.4768    5.7314    5.7314    5.8927    5.8927    5.9352    5.9352    6.0748    6.0748    6.2017    6.2017    6.2809    6.2809    6.4718    6.4718    6.6448    6.6448    6.8695    6.8695    7.2098    7.2098    7.3730    7.3730    7.5101    7.5101    7.8465    7.8465    7.9387    7.9387    8.2101    8.2101    8.3622    8.3622    8.6090    8.6090    8.6785    8.6785    8.8779    8.8779    9.0705    9.0705    9.2379    9.2379    9.4789    9.4789    9.6670    9.6670    9.9545    9.9545   10.0225   10.0225   10.3055   10.3055   10.3198   10.3198   10.5588   10.5588   10.6222   10.6222   10.9065   10.9065   11.0237   11.0237   11.1470   11.1470   11.4724   11.4725
  2.1395  -20.7766  -20.7766  -20.7746  -20.7746  -12.6310  -12.6310  -12.5771  -12.5771  -11.5433  -11.5433  -11.5039  -11.5039  -10.8026  -10.8026  -10.7921  -10.7921   -7.6336   -7.6336   -7.6262   -7.6262   -7.6005   -7.6005   -7.6000   -7.6000   -7.5718   -7.5718   -7.5550   -7.5550   -3.8781   -3.8781   -3.8772   -3.8772   -2.3393   -2.3393   -2.3289   -2.3289   -2.0204   -2.0204   -1.9281   -1.9281   -1.4921   -1.4921   -1.3187   -1.3187   -1.2045   -1.2045   -1.1609   -1.1609   -1.0747   -1.0747   -1.0240   -1.0240   -0.6402   -0.6402   -0.6390   -0.6390   -0.5488   -0.5488   -0.5109   -0.5109    1.6963    1.6963    1.7260    1.7260    4.7704    4.7704    4.7770    4.7770    5.1256    5.1256    5.4488    5.4488    5.4529    5.4529    5.7115    5.7115    5.9046    5.9046    5.9252    5.9252    6.0836    6.0836    6.1982    6.1982    6.3080    6.3080    6.4462    6.4462    6.6254    6.6254    6.8302    6.8302    7.2590    7.2590    7.3838    7.3838    7.4693    7.4693    7.7870    7.7870    7.9803    7.9803    8.2000    8.2000    8.3306    8.3306    8.6104    8.6104    8.6321    8.6321    8.8873    8.8873    9.0598    9.0598    9.2665    9.2665    9.4951    9.4951    9.6648    9.6648    9.9854    9.9854   10.0295   10.0295   10.2941   10.2941   10.3268   10.3268   10.5477   10.5477   10.6605   10.6605   10.9218   10.9218   11.0410   11.0410   11.1454   11.1454   11.4785   11.4786
  2.1623  -20.7765  -20.7765  -20.7746  -20.7746  -12.6299  -12.6299  -12.5786  -12.5786  -11.5427  -11.5427  -11.5053  -11.5053  -10.8023  -10.8023  -10.7923  -10.7923   -7.6301   -7.6301   -7.6266   -7.6266   -7.6007   -7.6007   -7.5974   -7.5974   -7.5718   -7.5718   -7.5556   -7.5556   -3.8775   -3.8775   -3.8769   -3.8769   -2.3408   -2.3408   -2.3361   -2.3361   -2.0156   -2.0156   -1.9349   -1.9349   -1.4889   -1.4889   -1.3291   -1.3291   -1.2067   -1.2067   -1.1712   -1.1712   -1.0682   -1.0682   -1.0148   -1.0148   -0.6479   -0.6479   -0.6359   -0.6359   -0.5424   -0.5424   -0.5036   -0.5036    1.6975    1.6975    1.7259    1.7259    4.8011    4.8011    4.8014    4.8014    5.1254    5.1254    5.4229    5.4229    5.4767    5.4767    5.6931    5.6931    5.9091    5.9091    5.9143    5.9143    6.0968    6.0968    6.1857    6.1857    6.3260    6.3260    6.4228    6.4228    6.6078    6.6078    6.7948    6.7948    7.2977    7.2977    7.3831    7.3831    7.4502    7.4502    7.7302    7.7302    8.0144    8.0144    8.1924    8.1924    8.2901    8.2901    8.5951    8.5951    8.6116    8.6116    8.9015    8.9015    9.0615    9.0615    9.2798    9.2798    9.5181    9.5181    9.6581    9.6581   10.0169   10.0169   10.0184   10.0184   10.2857   10.2857   10.3340   10.3340   10.5525   10.5525   10.6867   10.6867   10.9403   10.9403   11.0708   11.0708   11.1423   11.1423   11.4793   11.5264
  2.1851  -20.7765  -20.7765  -20.7747  -20.7747  -12.6287  -12.6287  -12.5804  -12.5804  -11.5421  -11.5421  -11.5069  -11.5069  -10.8020  -10.8020  -10.7926  -10.7926   -7.6270   -7.6270   -7.6265   -7.6265   -7.6013   -7.6013   -7.5943   -7.5943   -7.5717   -7.5717   -7.5563   -7.5563   -3.8768   -3.8768   -3.8766   -3.8766   -2.3435   -2.3435   -2.3429   -2.3429   -2.0106   -2.0106   -1.9416   -1.9416   -1.4851   -1.4851   -1.3398   -1.3398   -1.2101   -1.2101   -1.1817   -1.1817   -1.0607   -1.0607   -1.0067   -1.0067   -0.6539   -0.6539   -0.6327   -0.6327   -0.5355   -0.5355   -0.4972   -0.4972    1.6989    1.6989    1.7257    1.7257    4.8293    4.8293    4.8339    4.8339    5.1283    5.1283    5.4021    5.4021    5.5029    5.5029    5.6757    5.6757    5.8890    5.8890    5.9188    5.9188    6.1140    6.1140    6.1632    6.1632    6.3343    6.3343    6.3986    6.3986    6.5962    6.5962    6.7619    6.7619    7.3029    7.3029    7.3706    7.3706    7.4747    7.4747    7.6837    7.6837    8.0298    8.0298    8.1851    8.1851    8.2559    8.2559    8.5708    8.5708    8.6097    8.6097    8.9170    8.9170    9.0796    9.0796    9.2779    9.2779    9.5408    9.5408    9.6466    9.6466    9.9907    9.9907   10.0502   10.0502   10.2857   10.2857   10.3410   10.3410   10.5656   10.5656   10.6987   10.6987   10.9611   10.9611   11.1143   11.1143   11.1311   11.1311   11.4754   11.4855
  2.2079  -20.7764  -20.7764  -20.7747  -20.7747  -12.6273  -12.6273  -12.5823  -12.5823  -11.5414  -11.5414  -11.5086  -11.5086  -10.8017  -10.8017  -10.7929  -10.7929   -7.6271   -7.6271   -7.6231   -7.6231   -7.6016   -7.6016   -7.5914   -7.5914   -7.5715   -7.5715   -7.5569   -7.5569   -3.8762   -3.8762   -3.8761   -3.8761   -2.3510   -2.3510   -2.3456   -2.3456   -2.0056   -2.0056   -1.9478   -1.9478   -1.4807   -1.4807   -1.3505   -1.3505   -1.2148   -1.2148   -1.1924   -1.1924   -1.0524   -1.0524   -0.9997   -0.9997   -0.6580   -0.6580   -0.6298   -0.6298   -0.5284   -0.5284   -0.4917   -0.4917    1.7004    1.7004    1.7255    1.7255    4.8603    4.8603    4.8675    4.8675    5.1344    5.1344    5.3891    5.3891    5.5302    5.5302    5.6586    5.6586    5.8673    5.8673    5.9181    5.9181    6.1313    6.1313    6.1325    6.1325    6.3346    6.3346    6.3719    6.3719    6.5910    6.5910    6.7287    6.7287    7.2841    7.2841    7.3485    7.3485    7.5296    7.5296    7.6510    7.6510    8.0179    8.0179    8.1779    8.1779    8.2436    8.2436    8.5607    8.5607    8.6042    8.6042    8.9310    8.9310    9.1138    9.1138    9.2634    9.2634    9.5528    9.5528    9.6311    9.6311    9.9674    9.9674   10.0770   10.0770   10.2916   10.2916   10.3480   10.3480   10.5784   10.5784   10.6970   10.6970   10.9806   10.9806   11.1073   11.1073   11.1705   11.1705   11.4551   11.4672
  2.2307  -20.7763  -20.7763  -20.7748  -20.7748  -12.6258  -12.6258  -12.5843  -12.5843  -11.5406  -11.5406  -11.5104  -11.5104  -10.8013  -10.8013  -10.7932  -10.7932   -7.6272   -7.6272   -7.6201   -7.6201   -7.6014   -7.6014   -7.5888   -7.5888   -7.5710   -7.5710   -7.5576   -7.5576   -3.8758   -3.8758   -3.8754   -3.8754   -2.3583   -2.3583   -2.3488   -2.3488   -2.0007   -2.0007   -1.9534   -1.9534   -1.4757   -1.4757   -1.3610   -1.3610   -1.2206   -1.2206   -1.2034   -1.2034   -1.0436   -1.0436   -0.9937   -0.9937   -0.6603   -0.6603   -0.6271   -0.6271   -0.5212   -0.5212   -0.4869   -0.4869    1.7020    1.7020    1.7251    1.7251    4.8941    4.8941    4.9006    4.9006    5.1434    5.1434    5.3864    5.3864    5.5553    5.5553    5.6426    5.6426    5.8460    5.8460    5.9134    5.9134    6.0969    6.0969    6.1430    6.1430    6.3312    6.3312    6.3441    6.3441    6.5876    6.5876    6.6920    6.6920    7.2621    7.2621    7.3221    7.3221    7.5866    7.5866    7.6309    7.6309    7.9936    7.9936    8.1715    8.1715    8.2498    8.2498    8.5645    8.5645    8.5962    8.5962    8.9415    8.9415    9.1573    9.1573    9.2406    9.2406    9.5460    9.5460    9.6132    9.6132    9.9629    9.9629   10.0955   10.0955   10.2991   10.2991   10.3557   10.3557   10.5814   10.5814   10.6855   10.6855   10.9902   10.9902   11.0823   11.0823   11.2343   11.2343   11.4490   11.4572
  2.2535  -20.7762  -20.7762  -20.7748  -20.7748  -12.6241  -12.6241  -12.5865  -12.5865  -11.5397  -11.5397  -11.5123  -11.5123  -10.8010  -10.8010  -10.7936  -10.7936   -7.6271   -7.6271   -7.6180   -7.6180   -7.6005   -7.6005   -7.5865   -7.5865   -7.5703   -7.5703   -7.5583   -7.5583   -3.8754   -3.8754   -3.8747   -3.8747   -2.3652   -2.3652   -2.3527   -2.3527   -1.9959   -1.9959   -1.9582   -1.9582   -1.4702   -1.4702   -1.3710   -1.3710   -1.2273   -1.2273   -1.2144   -1.2144   -1.0346   -1.0346   -0.9888   -0.9888   -0.6608   -0.6608   -0.6250   -0.6250   -0.5141   -0.5141   -0.4828   -0.4828    1.7037    1.7037    1.7247    1.7247    4.9301    4.9301    4.9322    4.9322    5.1545    5.1545    5.3959    5.3959    5.5694    5.5694    5.6333    5.6333    5.8272    5.8272    5.9061    5.9061    6.0602    6.0602    6.1439    6.1439    6.3184    6.3184    6.3278    6.3278    6.5801    6.5801    6.6502    6.6502    7.2436    7.2436    7.2966    7.2966    7.6202    7.6202    7.6256    7.6256    7.9867    7.9867    8.1673    8.1673    8.2622    8.2622    8.5799    8.5799    8.5877    8.5877    8.9473    8.9473    9.1744    9.1744    9.2400    9.2400    9.5207    9.5207    9.5943    9.5943    9.9826    9.9826   10.1034   10.1034   10.3037   10.3037   10.3639   10.3639   10.5659   10.5659   10.6711   10.6711   10.9827   10.9827   11.0802   11.0802   11.2938   11.2938   11.4613   11.4623
  2.2764  -20.7761  -20.7761  -20.7749  -20.7749  -12.6223  -12.6223  -12.5889  -12.5889  -11.5386  -11.5386  -11.5143  -11.5143  -10.8005  -10.8005  -10.7940  -10.7940   -7.6269   -7.6269   -7.6169   -7.6169   -7.5987   -7.5987   -7.5847   -7.5847   -7.5694   -7.5694   -7.5590   -7.5590   -3.8749   -3.8749   -3.8740   -3.8740   -2.3714   -2.3714   -2.3570   -2.3570   -1.9915   -1.9915   -1.9621   -1.9621   -1.4643   -1.4643   -1.3803   -1.3803   -1.2345   -1.2345   -1.2254   -1.2254   -1.0256   -1.0256   -0.9849   -0.9849   -0.6597   -0.6597   -0.6235   -0.6235   -0.5073   -0.5073   -0.4795   -0.4795    1.7054    1.7054    1.7242    1.7242    4.9617    4.9617    4.9676    4.9676    5.1672    5.1672    5.4180    5.4180    5.5600    5.5600    5.6393    5.6393    5.8135    5.8135    5.8970    5.8970    6.0263    6.0263    6.1331    6.1331    6.2970    6.2970    6.3250    6.3250    6.5640    6.5640    6.6042    6.6042    7.2297    7.2297    7.2747    7.2747    7.6162    7.6162    7.6365    7.6365    8.0153    8.0153    8.1664    8.1664    8.2765    8.2765    8.5807    8.5807    8.6025    8.6025    8.9485    8.9485    9.1339    9.1339    9.2869    9.2869    9.4861    9.4861    9.5762    9.5762   10.0217   10.0217   10.1003   10.1003   10.3001   10.3001   10.3723   10.3723   10.5321   10.5321   10.6599   10.6599   10.9765   10.9765   11.0983   11.0983   11.3285   11.3285   11.4733   11.4776
  2.2992  -20.7760  -20.7760  -20.7749  -20.7749  -12.6204  -12.6204  -12.5913  -12.5913  -11.5375  -11.5375  -11.5163  -11.5163  -10.8001  -10.8001  -10.7944  -10.7944   -7.6265   -7.6265   -7.6168   -7.6168   -7.5962   -7.5962   -7.5834   -7.5834   -7.5682   -7.5682   -7.5596   -7.5596   -3.8744   -3.8744   -3.8735   -3.8735   -2.3767   -2.3767   -2.3617   -2.3617   -1.9875   -1.9875   -1.9651   -1.9651   -1.4581   -1.4581   -1.3888   -1.3888   -1.2421   -1.2421   -1.2362   -1.2362   -1.0170   -1.0170   -0.9819   -0.9819   -0.6574   -0.6574   -0.6226   -0.6226   -0.5008   -0.5008   -0.4768   -0.4768    1.7072    1.7072    1.7236    1.7236    4.9890    4.9890    5.0052    5.0052    5.1817    5.1817    5.4512    5.4512    5.5343    5.5343    5.6489    5.6489    5.8072    5.8072    5.8863    5.8863    5.9996    5.9996    6.1142    6.1142    6.2811    6.2811    6.3194    6.3194    6.5371    6.5371    6.5568    6.5568    7.2188    7.2188    7.2568    7.2568    7.6170    7.6170    7.6294    7.6294    8.0713    8.0713    8.1697    8.1697    8.2948    8.2948    8.5758    8.5758    8.6272    8.6272    8.9461    8.9461    9.0769    9.0769    9.3308    9.3308    9.4554    9.4554    9.5600    9.5600   10.0718   10.0718   10.0879   10.0879   10.2800   10.2800   10.3806   10.3806   10.4968   10.4968   10.6554   10.6554   10.9831   10.9831   11.1268   11.1268   11.3285   11.3285   11.4968   11.4995
  2.3220  -20.7759  -20.7759  -20.7750  -20.7750  -12.6183  -12.6183  -12.5938  -12.5938  -11.5362  -11.5362  -11.5184  -11.5184  -10.7997  -10.7997  -10.7948  -10.7948   -7.6261   -7.6261   -7.6172   -7.6172   -7.5934   -7.5934   -7.5825   -7.5825   -7.5669   -7.5669   -7.5601   -7.5601   -3.8739   -3.8739   -3.8730   -3.8730   -2.3812   -2.3812   -2.3666   -2.3666   -1.9838   -1.9838   -1.9673   -1.9673   -1.4517   -1.4517   -1.3963   -1.3963   -1.2496   -1.2496   -1.2462   -1.2462   -1.0090   -1.0090   -0.9797   -0.9797   -0.6541   -0.6541   -0.6225   -0.6225   -0.4949   -0.4949   -0.4748   -0.4748    1.7089    1.7089    1.7228    1.7228    5.0145    5.0145    5.0413    5.0413    5.1987    5.1987    5.4923    5.4923    5.5021    5.5021    5.6504    5.6504    5.8088    5.8088    5.8735    5.8735    5.9847    5.9847    6.0934    6.0934    6.2705    6.2705    6.3065    6.3065    6.4999    6.4999    6.5117    6.5117    7.2089    7.2089    7.2415    7.2415    7.6207    7.6207    7.6216    7.6216    8.1348    8.1348    8.1775    8.1775    8.3213    8.3213    8.5719    8.5719    8.6509    8.6509    8.9422    8.9422    9.0148    9.0148    9.3383    9.3383    9.4532    9.4532    9.5470    9.5470   10.0694   10.0694   10.1201   10.1201   10.2444   10.2444   10.3891   10.3891   10.4806   10.4806   10.6564   10.6564   10.9981   10.9981   11.1636   11.1636   11.3085   11.3085   11.5053   11.5054
  2.3448  -20.7758  -20.7758  -20.7751  -20.7751  -12.6161  -12.6161  -12.5963  -12.5963  -11.5348  -11.5348  -11.5204  -11.5204  -10.7992  -10.7992  -10.7953  -10.7953   -7.6255   -7.6255   -7.6180   -7.6180   -7.5907   -7.5907   -7.5820   -7.5820   -7.5656   -7.5656   -7.5606   -7.5606   -3.8734   -3.8734   -3.8726   -3.8726   -2.3845   -2.3845   -2.3714   -2.3714   -1.9806   -1.9806   -1.9689   -1.9689   -1.4454   -1.4454   -1.4029   -1.4029   -1.2566   -1.2566   -1.2551   -1.2551   -1.0017   -1.0017   -0.9784   -0.9784   -0.6502   -0.6502   -0.6232   -0.6232   -0.4896   -0.4896   -0.4736   -0.4736    1.7107    1.7107    1.7219    1.7219    5.0387    5.0387    5.0735    5.0735    5.2187    5.2187    5.4670    5.4670    5.5364    5.5364    5.6435    5.6435    5.8135    5.8135    5.8578    5.8578    5.9856    5.9856    6.0775    6.0775    6.2632    6.2632    6.2834    6.2834    6.4558    6.4558    6.4724    6.4724    7.1991    7.1991    7.2276    7.2276    7.6185    7.6185    7.6287    7.6287    8.1896    8.1896    8.1903    8.1903    8.3576    8.3576    8.5664    8.5664    8.6752    8.6752    8.9397    8.9397    8.9543    8.9543    9.3031    9.3031    9.4800    9.4800    9.5376    9.5376   10.0486   10.0486   10.1256   10.1256   10.2401   10.2401   10.3979   10.3979   10.4858   10.4858   10.6589   10.6589   11.0179   11.0179   11.2046   11.2046   11.2821   11.2821   11.4851   11.4907
  2.3676  -20.7757  -20.7757  -20.7752  -20.7752  -12.6139  -12.6139  -12.5989  -12.5989  -11.5333  -11.5333  -11.5224  -11.5224  -10.7987  -10.7987  -10.7958  -10.7958   -7.6248   -7.6248   -7.6190   -7.6190   -7.5883   -7.5883   -7.5819   -7.5819   -7.5645   -7.5645   -7.5610   -7.5610   -3.8730   -3.8730   -3.8723   -3.8723   -2.3866   -2.3866   -2.3759   -2.3759   -1.9780   -1.9780   -1.9700   -1.9700   -1.4393   -1.4393   -1.4086   -1.4086   -1.2628   -1.2628   -1.2626   -1.2626   -0.9953   -0.9953   -0.9779   -0.9779   -0.6458   -0.6458   -0.6246   -0.6246   -0.4850   -0.4850   -0.4730   -0.4730    1.7124    1.7124    1.7209    1.7209    5.0616    5.0616    5.0989    5.0989    5.2419    5.2419    5.4312    5.4312    5.5776    5.5776    5.6343    5.6343    5.8156    5.8156    5.8396    5.8396    6.0030    6.0030    6.0727    6.0727    6.2503    6.2503    6.2540    6.2540    6.4123    6.4123    6.4402    6.4402    7.1903    7.1903    7.2145    7.2145    7.6233    7.6233    7.6366    7.6366    8.2079    8.2079    8.2304    8.2304    8.3959    8.3959    8.5552    8.5552    8.7057    8.7057    8.9022    8.9022    8.9419    8.9419    9.2488    9.2488    9.5073    9.5073    9.5325    9.5325   10.0288   10.0288   10.0824   10.0824   10.2846   10.2846   10.4061   10.4061   10.5054   10.5054   10.6575   10.6575   11.0437   11.0437   11.2412   11.2412   11.2577   11.2577   11.4297   11.4301
  2.3904  -20.7756  -20.7756  -20.7753  -20.7753  -12.6115  -12.6115  -12.6014  -12.6014  -11.5317  -11.5317  -11.5244  -11.5244  -10.7982  -10.7982  -10.7962  -10.7962   -7.6240   -7.6240   -7.6201   -7.6201   -7.5862   -7.5862   -7.5821   -7.5821   -7.5635   -7.5635   -7.5614   -7.5614   -3.8726   -3.8726   -3.8721   -3.8721   -2.3875   -2.3875   -2.3800   -2.3800   -1.9758   -1.9758   -1.9709   -1.9709   -1.4336   -1.4336   -1.4138   -1.4138   -1.2681   -1.2681   -1.2678   -1.2678   -0.9899   -0.9899   -0.9783   -0.9783   -0.6414   -0.6414   -0.6268   -0.6268   -0.4811   -0.4811   -0.4731   -0.4731    1.7140    1.7140    1.7197    1.7197    5.0828    5.0828    5.1148    5.1148    5.2684    5.2684    5.3959    5.3959    5.6094    5.6094    5.6283    5.6283    5.8138    5.8138    5.8222    5.8222    6.0333    6.0333    6.0829    6.0829    6.2101    6.2101    6.2338    6.2338    6.3814    6.3814    6.4142    6.4142    7.1844    7.1844    7.2024    7.2024    7.6318    7.6318    7.6433    7.6433    8.2292    8.2292    8.2580    8.2580    8.4255    8.4255    8.5349    8.5349    8.7458    8.7458    8.8632    8.8632    8.9542    8.9542    9.1833    9.1833    9.5253    9.5253    9.5311    9.5311   10.0128   10.0128   10.0406   10.0406   10.3336   10.3336   10.4114   10.4114   10.5337   10.5337   10.6479   10.6479   11.0789   11.0789   11.2407   11.2407   11.2624   11.2624   11.3570   11.3570
  2.4133  -20.7755  -20.7755  -20.7754  -20.7754  -12.6091  -12.6091  -12.6040  -12.6040  -11.5301  -11.5301  -11.5264  -11.5264  -10.7977  -10.7977  -10.7967  -10.7967   -7.6231   -7.6231   -7.6211   -7.6211   -7.5846   -7.5846   -7.5825   -7.5825   -7.5628   -7.5628   -7.5618   -7.5618   -3.8723   -3.8723   -3.8721   -3.8721   -2.3873   -2.3873   -2.3834   -2.3834   -1.9741   -1.9741   -1.9718   -1.9718   -1.4283   -1.4283   -1.4186   -1.4186   -1.2714   -1.2714   -1.2711   -1.2711   -0.9854   -0.9854   -0.9797   -0.9797   -0.6371   -0.6371   -0.6297   -0.6297   -0.4779   -0.4779   -0.4739   -0.4739    1.7156    1.7156    1.7185    1.7185    5.1012    5.1012    5.1198    5.1198    5.2975    5.2975    5.3617    5.3617    5.6265    5.6265    5.6278    5.6278    5.8102    5.8102    5.8107    5.8107    6.0715    6.0715    6.1067    6.1067    6.1685    6.1685    6.1979    6.1979    6.3717    6.3717    6.3933    6.3933    7.1827    7.1827    7.1924    7.1924    7.6402    7.6402    7.6467    7.6467    8.2509    8.2509    8.2711    8.2711    8.4487    8.4487    8.5062    8.5062    8.7860    8.7860    8.8368    8.8368    8.9857    8.9857    9.1114    9.1114    9.5325    9.5325    9.5333    9.5333   10.0030   10.0030   10.0137   10.0137   10.3729   10.3729   10.4102   10.4102   10.5664   10.5664   10.6280   10.6280   11.1267   11.1267   11.2281   11.2281   11.2653   11.2653   11.2866   11.2866
  2.4361  -20.7754  -20.7754  -20.7754  -20.7754  -12.6066  -12.6066  -12.6066  -12.6066  -11.5283  -11.5283  -11.5283  -11.5283  -10.7972  -10.7972  -10.7972  -10.7972   -7.6222   -7.6222   -7.6222   -7.6222   -7.5834   -7.5834   -7.5834   -7.5834   -7.5622   -7.5622   -7.5622   -7.5622   -3.8721   -3.8721   -3.8721   -3.8721   -2.3858   -2.3858   -2.3858   -2.3858   -1.9728   -1.9728   -1.9728   -1.9728   -1.4233   -1.4233   -1.4233   -1.4233   -1.2724   -1.2724   -1.2724   -1.2724   -0.9821   -0.9821   -0.9821   -0.9821   -0.6332   -0.6332   -0.6332   -0.6332   -0.4755   -0.4755   -0.4755   -0.4755    1.7171    1.7171    1.7171    1.7171    5.1144    5.1144    5.1144    5.1144    5.3288    5.3288    5.3288    5.3288    5.6299    5.6299    5.6299    5.6299    5.8077    5.8077    5.8077    5.8077    6.1102    6.1102    6.1102    6.1102    6.1589    6.1589    6.1589    6.1589    6.3780    6.3780    6.3780    6.3780    7.1854    7.1854    7.1854    7.1854    7.6456    7.6456    7.6456    7.6456    8.2674    8.2674    8.2674    8.2674    8.4752    8.4752    8.4752    8.4752    8.8149    8.8149    8.8149    8.8149    9.0412    9.0412    9.0412    9.0412    9.5344    9.5344    9.5344    9.5344   10.0021   10.0021   10.0021   10.0021   10.3983   10.3983   10.3983   10.3983   10.5995   10.5995   10.5995   10.5995   11.1850   11.1850   11.1850   11.1850   11.2615   11.2615   11.2615   11.2615
  2.4361  -20.7754  -20.7754  -20.7754  -20.7754  -12.6066  -12.6066  -12.6066  -12.6066  -11.5283  -11.5283  -11.5283  -11.5283  -10.7972  -10.7972  -10.7972  -10.7972   -7.6222   -7.6222   -7.6222   -7.6222   -7.5834   -7.5834   -7.5834   -7.5834   -7.5622   -7.5622   -7.5622   -7.5622   -3.8721   -3.8721   -3.8721   -3.8721   -2.3858   -2.3858   -2.3858   -2.3858   -1.9728   -1.9728   -1.9728   -1.9728   -1.4233   -1.4233   -1.4233   -1.4233   -1.2724   -1.2724   -1.2724   -1.2724   -0.9821   -0.9821   -0.9821   -0.9821   -0.6332   -0.6332   -0.6332   -0.6332   -0.4755   -0.4755   -0.4755   -0.4755    1.7171    1.7171    1.7171    1.7171    5.1144    5.1144    5.1144    5.1144    5.3288    5.3288    5.3288    5.3288    5.6299    5.6299    5.6299    5.6299    5.8077    5.8077    5.8077    5.8077    6.1102    6.1102    6.1102    6.1102    6.1589    6.1589    6.1589    6.1589    6.3780    6.3780    6.3780    6.3780    7.1854    7.1854    7.1854    7.1854    7.6456    7.6456    7.6456    7.6456    8.2674    8.2674    8.2674    8.2674    8.4752    8.4752    8.4752    8.4752    8.8149    8.8149    8.8149    8.8149    9.0412    9.0412    9.0412    9.0412    9.5344    9.5344    9.5344    9.5344   10.0021   10.0021   10.0021   10.0021   10.3983   10.3983   10.3983   10.3983   10.5995   10.5995   10.5995   10.5995   11.1850   11.1850   11.1850   11.1850   11.2615   11.2615   11.2615   11.2615
  2.4508  -20.7755  -20.7755  -20.7754  -20.7754  -12.6099  -12.6099  -12.6032  -12.6032  -11.5322  -11.5322  -11.5244  -11.5244  -10.7984  -10.7984  -10.7960  -10.7960   -7.6224   -7.6224   -7.6219   -7.6219   -7.5835   -7.5835   -7.5833   -7.5833   -7.5624   -7.5624   -7.5620   -7.5620   -3.8796   -3.8796   -3.8645   -3.8645   -2.3943   -2.3943   -2.3776   -2.3776   -1.9775   -1.9775   -1.9675   -1.9675   -1.4371   -1.4371   -1.4113   -1.4113   -1.2749   -1.2749   -1.2680   -1.2680   -0.9849   -0.9849   -0.9796   -0.9796   -0.6490   -0.6490   -0.6173   -0.6173   -0.4755   -0.4755   -0.4754   -0.4754    1.7127    1.7127    1.7209    1.7209    5.1090    5.1090    5.1189    5.1189    5.3221    5.3221    5.3367    5.3367    5.6258    5.6258    5.6325    5.6325    5.7928    5.7928    5.8237    5.8237    6.0832    6.0832    6.1286    6.1286    6.1623    6.1623    6.1636    6.1636    6.3660    6.3660    6.3991    6.3991    7.1752    7.1752    7.1964    7.1964    7.6317    7.6317    7.6546    7.6546    8.2195    8.2195    8.3092    8.3092    8.4615    8.4615    8.4869    8.4869    8.7983    8.7983    8.8301    8.8301    9.0172    9.0172    9.0667    9.0667    9.5014    9.5014    9.5711    9.5711    9.9957    9.9957   10.0062   10.0062   10.3662   10.3662   10.4248   10.4248   10.5917   10.5917   10.6071   10.6071   11.1587   11.1587   11.2017   11.2017   11.2566   11.2566   11.2704   11.2704
  2.4654  -20.7755  -20.7755  -20.7754  -20.7754  -12.6131  -12.6131  -12.5999  -12.5999  -11.5362  -11.5362  -11.5207  -11.5207  -10.7995  -10.7995  -10.7947  -10.7947   -7.6225   -7.6225   -7.6215   -7.6215   -7.5838   -7.5838   -7.5832   -7.5832   -7.5626   -7.5626   -7.5619   -7.5619   -3.8869   -3.8869   -3.8568   -3.8568   -2.4032   -2.4032   -2.3697   -2.3697   -1.9817   -1.9817   -1.9615   -1.9615   -1.4521   -1.4521   -1.4017   -1.4017   -1.2751   -1.2751   -1.2622   -1.2622   -0.9882   -0.9882   -0.9777   -0.9777   -0.6644   -0.6644   -0.6020   -0.6020   -0.4755   -0.4755   -0.4749   -0.4749    1.7079    1.7079    1.7242    1.7242    5.1028    5.1028    5.1223    5.1223    5.3168    5.3168    5.3458    5.3458    5.6201    5.6201    5.6337    5.6337    5.7789    5.7789    5.8405    5.8405    6.0544    6.0544    6.1337    6.1337    6.1697    6.1697    6.1784    6.1784    6.3661    6.3661    6.4263    6.4263    7.1658    7.1658    7.2075    7.2075    7.6132    7.6132    7.6585    7.6585    8.1679    8.1679    8.3397    8.3397    8.4496    8.4496    8.4952    8.4952    8.7801    8.7801    8.8436    8.8436    8.9956    8.9956    9.0931    9.0931    9.4740    9.4740    9.6089    9.6089    9.9887    9.9887   10.0064   10.0064   10.3301   10.3301   10.4445   10.4445   10.5832   10.5832   10.6147   10.6147   11.1284   11.1284   11.2075   11.2075   11.2527   11.2527   11.2830   11.2830
  2.4801  -20.7755  -20.7755  -20.7754  -20.7754  -12.6163  -12.6163  -12.5965  -12.5965  -11.5402  -11.5402  -11.5171  -11.5171  -10.8005  -10.8005  -10.7934  -10.7934   -7.6225   -7.6225   -7.6210   -7.6210   -7.5842   -7.5842   -7.5833   -7.5833   -7.5629   -7.5629   -7.5618   -7.5618   -3.8939   -3.8939   -3.8489   -3.8489   -2.4123   -2.4123   -2.3619   -2.3619   -1.9854   -1.9854   -1.9550   -1.9550   -1.4678   -1.4678   -1.3951   -1.3951   -1.2725   -1.2725   -1.2554   -1.2554   -0.9917   -0.9917   -0.9766   -0.9766   -0.6790   -0.6790   -0.5876   -0.5876   -0.4756   -0.4756   -0.4738   -0.4738    1.7026    1.7026    1.7270    1.7270    5.0961    5.0961    5.1246    5.1246    5.3126    5.3126    5.3559    5.3559    5.6130    5.6130    5.6336    5.6336    5.7660    5.7660    5.8576    5.8576    6.0265    6.0265    6.1329    6.1329    6.1798    6.1798    6.1946    6.1946    6.3800    6.3800    6.4577    6.4577    7.1575    7.1575    7.2181    7.2181    7.5914    7.5914    7.6579    7.6579    8.1139    8.1139    8.3488    8.3488    8.4485    8.4485    8.4995    8.4995    8.7601    8.7601    8.8550    8.8550    8.9767    8.9767    9.1197    9.1197    9.4540    9.4540    9.6450    9.6450    9.9835    9.9835   10.0016   10.0016   10.2922   10.2922   10.4578   10.4578   10.5732   10.5732   10.6213   10.6213   11.0982   11.0982   11.2068   11.2068   11.2489   11.2489   11.2943   11.2943
  2.4948  -20.7755  -20.7755  -20.7754  -20.7754  -12.6194  -12.6194  -12.5932  -12.5932  -11.5442  -11.5442  -11.5136  -11.5136  -10.8015  -10.8015  -10.7920  -10.7920   -7.6224   -7.6224   -7.6204   -7.6204   -7.5847   -7.5847   -7.5834   -7.5834   -7.5632   -7.5632   -7.5617   -7.5617   -3.9007   -3.9007   -3.8411   -3.8411   -2.4217   -2.4217   -2.3543   -2.3543   -1.9888   -1.9888   -1.9478   -1.9478   -1.4838   -1.4838   -1.3915   -1.3915   -1.2670   -1.2670   -1.2478   -1.2478   -0.9955   -0.9955   -0.9763   -0.9763   -0.6925   -0.6925   -0.5747   -0.5747   -0.4759   -0.4759   -0.4716   -0.4716    1.6970    1.6970    1.7292    1.7292    5.0890    5.0890    5.1258    5.1258    5.3095    5.3095    5.3668    5.3668    5.6048    5.6048    5.6326    5.6326    5.7538    5.7538    5.8743    5.8743    6.0011    6.0011    6.1305    6.1305    6.1922    6.1922    6.2094    6.2094    6.4060    6.4060    6.4917    6.4917    7.1503    7.1503    7.2271    7.2271    7.5679    7.5679    7.6538    7.6538    8.0585    8.0585    8.3332    8.3332    8.4603    8.4603    8.4995    8.4995    8.7384    8.7384    8.8638    8.8638    8.9611    8.9611    9.1461    9.1461    9.4424    9.4424    9.6762    9.6762    9.9820    9.9820    9.9915    9.9915   10.2543   10.2543   10.4664   10.4664   10.5611   10.5611   10.6258   10.6258   11.0711   11.0711   11.2029   11.2029   11.2468   11.2468   11.3009   11.3009
  2.5094  -20.7755  -20.7755  -20.7754  -20.7754  -12.6223  -12.6223  -12.5899  -12.5899  -11.5482  -11.5482  -11.5104  -11.5104  -10.8024  -10.8024  -10.7907  -10.7907   -7.6222   -7.6222   -7.6198   -7.6198   -7.5854   -7.5854   -7.5836   -7.5836   -7.5636   -7.5636   -7.5615   -7.5615   -3.9072   -3.9072   -3.8332   -3.8332   -2.4313   -2.4313   -2.3469   -2.3469   -1.9919   -1.9919   -1.9401   -1.9401   -1.4999   -1.4999   -1.3906   -1.3906   -1.2592   -1.2592   -1.2398   -1.2398   -0.9995   -0.9995   -0.9771   -0.9771   -0.7044   -0.7044   -0.5638   -0.5638   -0.4763   -0.4763   -0.4681   -0.4681    1.6911    1.6911    1.7309    1.7309    5.0817    5.0817    5.1260    5.1260    5.3070    5.3070    5.3782    5.3782    5.5961    5.5961    5.6311    5.6311    5.7419    5.7419    5.8897    5.8897    5.9796    5.9796    6.1281    6.1281    6.2067    6.2067    6.2246    6.2246    6.4406    6.4406    6.5273    6.5273    7.1440    7.1440    7.2331    7.2331    7.5446    7.5446    7.6477    7.6477    8.0029    8.0029    8.3032    8.3032    8.4729    8.4729    8.4946    8.4946    8.7163    8.7163    8.8698    8.8698    8.9485    8.9485    9.1720    9.1720    9.4394    9.4394    9.7001    9.7001    9.9763    9.9763    9.9853    9.9853   10.2182   10.2182   10.4726   10.4726   10.5468   10.5468   10.6277   10.6277   11.0483   11.0483   11.1961   11.1961   11.2479   11.2479   11.3039   11.3039
  2.5241  -20.7755  -20.7755  -20.7754  -20.7754  -12.6251  -12.6251  -12.5868  -12.5868  -11.5521  -11.5521  -11.5073  -11.5073  -10.8032  -10.8032  -10.7893  -10.7893   -7.6219   -7.6219   -7.6191   -7.6191   -7.5861   -7.5861   -7.5838   -7.5838   -7.5640   -7.5640   -7.5614   -7.5614   -3.9133   -3.9133   -3.8254   -3.8254   -2.4411   -2.4411   -2.3395   -2.3395   -1.9949   -1.9949   -1.9318   -1.9318   -1.5157   -1.5157   -1.3917   -1.3917   -1.2496   -1.2496   -1.2313   -1.2313   -1.0037   -1.0037   -0.9791   -0.9791   -0.7146   -0.7146   -0.5555   -0.5555   -0.4769   -0.4769   -0.4627   -0.4627    1.6849    1.6849    1.7322    1.7322    5.0745    5.0745    5.1253    5.1253    5.3050    5.3050    5.3895    5.3895    5.5871    5.5871    5.6296    5.6296    5.7300    5.7300    5.9020    5.9020    5.9635    5.9635    6.1269    6.1269    6.2229    6.2229    6.2418    6.2418    6.4804    6.4804    6.5634    6.5634    7.1385    7.1385    7.2343    7.2343    7.5241    7.5241    7.6410    7.6410    7.9479    7.9479    8.2663    8.2663    8.4770    8.4770    8.4847    8.4847    8.6962    8.6962    8.8724    8.8724    8.9383    8.9383    9.1970    9.1970    9.4445    9.4445    9.7161    9.7161    9.9570    9.9570    9.9921    9.9921   10.1848   10.1848   10.4784   10.4784   10.5308   10.5308   10.6285   10.6285   11.0302   11.0302   11.1851   11.1851   11.2531   11.2531   11.3061   11.3061
  2.5388  -20.7755  -20.7755  -20.7754  -20.7754  -12.6278  -12.6278  -12.5837  -12.5837  -11.5559  -11.5559  -11.5044  -11.5044  -10.8039  -10.8039  -10.7879  -10.7879   -7.6216   -7.6216   -7.6184   -7.6184   -7.5869   -7.5869   -7.5840   -7.5840   -7.5644   -7.5644   -7.5613   -7.5613   -3.9191   -3.9191   -3.8178   -3.8178   -2.4510   -2.4510   -2.3321   -2.3321   -1.9977   -1.9977   -1.9232   -1.9232   -1.5312   -1.5312   -1.3942   -1.3942   -1.2391   -1.2391   -1.2225   -1.2225   -1.0083   -1.0083   -0.9823   -0.9823   -0.7228   -0.7228   -0.5498   -0.5498   -0.4777   -0.4777   -0.4556   -0.4556    1.6786    1.6786    1.7330    1.7330    5.0674    5.0674    5.1240    5.1240    5.3031    5.3031    5.4000    5.4000    5.5783    5.5783    5.6289    5.6289    5.7182    5.7182    5.9084    5.9084    5.9553    5.9553    6.1279    6.1279    6.2403    6.2403    6.2617    6.2617    6.5230    6.5230    6.5994    6.5994    7.1333    7.1333    7.2288    7.2288    7.5086    7.5086    7.6355    7.6355    7.8947    7.8947    8.2258    8.2258    8.4679    8.4679    8.4695    8.4695    8.6808    8.6808    8.8714    8.8714    8.9297    8.9297    9.2209    9.2209    9.4563    9.4563    9.7254    9.7254    9.9353    9.9353    9.9993    9.9993   10.1546   10.1546   10.4841   10.4841   10.5136   10.5136   10.6321   10.6321   11.0166   11.0166   11.1687   11.1687   11.2623   11.2623   11.3092   11.3092
  2.5535  -20.7755  -20.7755  -20.7754  -20.7754  -12.6303  -12.6303  -12.5808  -12.5808  -11.5595  -11.5595  -11.5017  -11.5017  -10.8045  -10.8045  -10.7866  -10.7866   -7.6211   -7.6211   -7.6176   -7.6176   -7.5878   -7.5878   -7.5843   -7.5843   -7.5649   -7.5649   -7.5612   -7.5612   -3.9246   -3.9246   -3.8103   -3.8103   -2.4608   -2.4608   -2.3248   -2.3248   -2.0006   -2.0006   -1.9143   -1.9143   -1.5460   -1.5460   -1.3975   -1.3975   -1.2282   -1.2282   -1.2133   -1.2133   -1.0131   -1.0131   -0.9868   -0.9868   -0.7290   -0.7290   -0.5465   -0.5465   -0.4787   -0.4787   -0.4471   -0.4471    1.6723    1.6723    1.7334    1.7334    5.0606    5.0606    5.1223    5.1223    5.3009    5.3009    5.4090    5.4090    5.5700    5.5700    5.6301    5.6301    5.7064    5.7064    5.9075    5.9075    5.9562    5.9562    6.1318    6.1318    6.2583    6.2583    6.2841    6.2841    6.5666    6.5666    6.6349    6.6349    7.1285    7.1285    7.2157    7.2157    7.4992    7.4992    7.6324    7.6324    7.8445    7.8445    8.1835    8.1835    8.4452    8.4452    8.4491    8.4491    8.6703    8.6703    8.8666    8.8666    8.9217    8.9217    9.2437    9.2437    9.4731    9.4731    9.7303    9.7303    9.9136    9.9136   10.0039   10.0039   10.1276   10.1276   10.4874   10.4874   10.4960   10.4960   10.6438   10.6438   11.0069   11.0069   11.1474   11.1474   11.2749   11.2749   11.3129   11.3129
  2.5681  -20.7755  -20.7755  -20.7754  -20.7754  -12.6327  -12.6327  -12.5780  -12.5780  -11.5630  -11.5630  -11.4992  -11.4992  -10.8051  -10.8051  -10.7853  -10.7853   -7.6206   -7.6206   -7.6168   -7.6168   -7.5888   -7.5888   -7.5845   -7.5845   -7.5654   -7.5654   -7.5610   -7.5610   -3.9297   -3.9297   -3.8032   -3.8032   -2.4705   -2.4705   -2.3175   -2.3175   -2.0036   -2.0036   -1.9052   -1.9052   -1.5603   -1.5603   -1.4012   -1.4012   -1.2175   -1.2175   -1.2040   -1.2040   -1.0182   -1.0182   -0.9925   -0.9925   -0.7332   -0.7332   -0.5450   -0.5450   -0.4799   -0.4799   -0.4378   -0.4378    1.6661    1.6661    1.7335    1.7335    5.0542    5.0542    5.1203    5.1203    5.2983    5.2983    5.4156    5.4156    5.5625    5.5625    5.6341    5.6341    5.6947    5.6947    5.9029    5.9029    5.9620    5.9620    6.1388    6.1388    6.2762    6.2762    6.3085    6.3085    6.6099    6.6099    6.6693    6.6693    7.1238    7.1238    7.1959    7.1959    7.4947    7.4947    7.6327    7.6327    7.7991    7.7991    8.1408    8.1408    8.4122    8.4122    8.4239    8.4239    8.6628    8.6628    8.8581    8.8581    8.9134    8.9134    9.2651    9.2651    9.4929    9.4929    9.7328    9.7328    9.8943    9.8943   10.0043   10.0043   10.1036   10.1036   10.4784   10.4784   10.4852   10.4852   10.6675   10.6675   11.0012   11.0012   11.1223   11.1223   11.2896   11.2896   11.3157   11.3157
  2.5828  -20.7755  -20.7755  -20.7754  -20.7754  -12.6348  -12.6348  -12.5754  -12.5754  -11.5663  -11.5663  -11.4970  -11.4970  -10.8056  -10.8056  -10.7841  -10.7841   -7.6199   -7.6199   -7.6160   -7.6160   -7.5899   -7.5899   -7.5848   -7.5848   -7.5659   -7.5659   -7.5609   -7.5609   -3.9344   -3.9344   -3.7964   -3.7964   -2.4798   -2.4798   -2.3103   -2.3103   -2.0067   -2.0067   -1.8962   -1.8962   -1.5737   -1.5737   -1.4049   -1.4049   -1.2071   -1.2071   -1.1945   -1.1945   -1.0237   -1.0237   -0.9991   -0.9991   -0.7356   -0.7356   -0.5449   -0.5449   -0.4811   -0.4811   -0.4281   -0.4281    1.6600    1.6600    1.7334    1.7334    5.0483    5.0483    5.1184    5.1184    5.2951    5.2951    5.4192    5.4192    5.5559    5.5559    5.6418    5.6418    5.6834    5.6834    5.8981    5.8981    5.9684    5.9684    6.1488    6.1488    6.2929    6.2929    6.3344    6.3344    6.6514    6.6514    6.7026    6.7026    7.1194    7.1194    7.1714    7.1714    7.4923    7.4923    7.6368    7.6368    7.7609    7.7609    8.0991    8.0991    8.3731    8.3731    8.3945    8.3945    8.6554    8.6554    8.8460    8.8460    8.9036    8.9036    9.2851    9.2851    9.5139    9.5139    9.7341    9.7341    9.8793    9.8793   10.0011   10.0011   10.0824   10.0824   10.4614   10.4614   10.4771   10.4771   10.7019   10.7019   11.0005   11.0005   11.0952   11.0952   11.3052   11.3052   11.3164   11.3164
  2.5975  -20.7755  -20.7755  -20.7754  -20.7754  -12.6368  -12.6368  -12.5730  -12.5730  -11.5693  -11.5693  -11.4949  -11.4949  -10.8060  -10.8060  -10.7830  -10.7830   -7.6193   -7.6193   -7.6152   -7.6152   -7.5910   -7.5910   -7.5851   -7.5851   -7.5664   -7.5664   -7.5608   -7.5608   -3.9386   -3.9386   -3.7900   -3.7900   -2.4887   -2.4887   -2.3033   -2.3033   -2.0098   -2.0098   -1.8873   -1.8873   -1.5862   -1.5862   -1.4085   -1.4085   -1.1975   -1.1975   -1.1848   -1.1848   -1.0296   -1.0296   -1.0062   -1.0062   -0.7366   -0.7366   -0.5456   -0.5456   -0.4825   -0.4825   -0.4186   -0.4186    1.6543    1.6543    1.7330    1.7330    5.0430    5.0430    5.1166    5.1166    5.2913    5.2913    5.4199    5.4199    5.5503    5.5503    5.6535    5.6535    5.6727    5.6727    5.8944    5.8944    5.9738    5.9738    6.1614    6.1614    6.3077    6.3077    6.3612    6.3612    6.6897    6.6897    6.7346    6.7346    7.1156    7.1156    7.1451    7.1451    7.4874    7.4874    7.6439    7.6439    7.7332    7.7332    8.0598    8.0598    8.3314    8.3314    8.3617    8.3617    8.6463    8.6463    8.8307    8.8307    8.8920    8.8920    9.3037    9.3037    9.5346    9.5346    9.7346    9.7346    9.8699    9.8699    9.9958    9.9958   10.0641   10.0641   10.4453   10.4453   10.4649   10.4649   10.7416   10.7416   11.0064   11.0064   11.0674   11.0674   11.3145   11.3145   11.3206   11.3206
  2.6122  -20.7755  -20.7755  -20.7754  -20.7754  -12.6385  -12.6385  -12.5708  -12.5708  -11.5721  -11.5721  -11.4931  -11.4931  -10.8064  -10.8064  -10.7819  -10.7819   -7.6185   -7.6185   -7.6144   -7.6144   -7.5921   -7.5921   -7.5854   -7.5854   -7.5670   -7.5670   -7.5607   -7.5607   -3.9424   -3.9424   -3.7841   -3.7841   -2.4970   -2.4970   -2.2965   -2.2965   -2.0131   -2.0131   -1.8787   -1.8787   -1.5978   -1.5978   -1.4118   -1.4118   -1.1887   -1.1887   -1.1751   -1.1751   -1.0358   -1.0358   -1.0136   -1.0136   -0.7363   -0.7363   -0.5469   -0.5469   -0.4839   -0.4839   -0.4097   -0.4097    1.6490    1.6490    1.7325    1.7325    5.0382    5.0382    5.1150    5.1150    5.2870    5.2870    5.4178    5.4178    5.5456    5.5456    5.6628    5.6628    5.6691    5.6691    5.8915    5.8915    5.9777    5.9777    6.1762    6.1762    6.3197    6.3197    6.3881    6.3881    6.7230    6.7230    6.7653    6.7653    7.1128    7.1128    7.1201    7.1201    7.4763    7.4763    7.6527    7.6527    7.7186    7.7186    8.0247    8.0247    8.2899    8.2899    8.3263    8.3263    8.6346    8.6346    8.8131    8.8131    8.8785    8.8785    9.3208    9.3208    9.5539    9.5539    9.7345    9.7345    9.8661    9.8661    9.9903    9.9903   10.0488   10.0488   10.4301   10.4301   10.4507   10.4507   10.7793   10.7793   11.0215   11.0215   11.0403   11.0403   11.3101   11.3101   11.3349   11.3349
  2.6268  -20.7755  -20.7755  -20.7754  -20.7754  -12.6401  -12.6401  -12.5689  -12.5689  -11.5745  -11.5745  -11.4916  -11.4916  -10.8067  -10.8067  -10.7810  -10.7810   -7.6178   -7.6178   -7.6136   -7.6136   -7.5932   -7.5932   -7.5857   -7.5857   -7.5675   -7.5675   -7.5606   -7.5606   -3.9457   -3.9457   -3.7788   -3.7788   -2.5045   -2.5045   -2.2900   -2.2900   -2.0164   -2.0164   -1.8706   -1.8706   -1.6082   -1.6082   -1.4146   -1.4146   -1.1809   -1.1809   -1.1653   -1.1653   -1.0424   -1.0424   -1.0208   -1.0208   -0.7353   -0.7353   -0.5484   -0.5484   -0.4852   -0.4852   -0.4016   -0.4016    1.6441    1.6441    1.7320    1.7320    5.0341    5.0341    5.1137    5.1137    5.2825    5.2825    5.4140    5.4140    5.5420    5.5420    5.6539    5.6539    5.6876    5.6876    5.8890    5.8890    5.9800    5.9800    6.1923    6.1923    6.3286    6.3286    6.4145    6.4145    6.7493    6.7493    6.7944    6.7944    7.0994    7.0994    7.1113    7.1113    7.4578    7.4578    7.6606    7.6606    7.7176    7.7176    7.9961    7.9961    8.2506    8.2506    8.2895    8.2895    8.6199    8.6199    8.7941    8.7941    8.8638    8.8638    9.3363    9.3363    9.5711    9.5711    9.7337    9.7337    9.8674    9.8674    9.9858    9.9858   10.0363   10.0363   10.4161   10.4161   10.4359   10.4359   10.8093   10.8093   11.0151   11.0151   11.0477   11.0477   11.3038   11.3038   11.3477   11.3477
  2.6415  -20.7755  -20.7755  -20.7754  -20.7754  -12.6414  -12.6414  -12.5672  -12.5672  -11.5766  -11.5766  -11.4903  -11.4903  -10.8069  -10.8069  -10.7801  -10.7801   -7.6171   -7.6171   -7.6129   -7.6129   -7.5943   -7.5943   -7.5860   -7.5860   -7.5679   -7.5679   -7.5605   -7.5605   -3.9485   -3.9485   -3.7742   -3.7742   -2.5111   -2.5111   -2.2841   -2.2841   -2.0195   -2.0195   -1.8633   -1.8633   -1.6174   -1.6174   -1.4170   -1.4170   -1.1742   -1.1742   -1.1556   -1.1556   -1.0492   -1.0492   -1.0276   -1.0276   -0.7338   -0.7338   -0.5499   -0.5499   -0.4865   -0.4865   -0.3944   -0.3944    1.6399    1.6399    1.7314    1.7314    5.0306    5.0306    5.1127    5.1127    5.2779    5.2779    5.4091    5.4091    5.5391    5.5391    5.6461    5.6461    5.7080    5.7080    5.8865    5.8865    5.9807    5.9807    6.2088    6.2088    6.3344    6.3344    6.4397    6.4397    6.7667    6.7667    6.8216    6.8216    7.0858    7.0858    7.1115    7.1115    7.4340    7.4340    7.6647    7.6647    7.7272    7.7272    7.9763    7.9763    8.2150    8.2150    8.2525    8.2525    8.6027    8.6027    8.7750    8.7750    8.8490    8.8490    9.3501    9.3501    9.5858    9.5858    9.7321    9.7321    9.8725    9.8725    9.9830    9.9830   10.0267   10.0267   10.4035   10.4035   10.4217   10.4217   10.8293   10.8293   10.9924   10.9924   11.0836   11.0836   11.2965   11.2965   11.3584   11.3584
  2.6562  -20.7755  -20.7755  -20.7754  -20.7754  -12.6424  -12.6424  -12.5658  -12.5658  -11.5784  -11.5784  -11.4892  -11.4892  -10.8071  -10.8071  -10.7795  -10.7795   -7.6164   -7.6164   -7.6123   -7.6123   -7.5953   -7.5953   -7.5862   -7.5862   -7.5683   -7.5683   -7.5604   -7.5604   -3.9509   -3.9509   -3.7703   -3.7703   -2.5167   -2.5167   -2.2789   -2.2789   -2.0224   -2.0224   -1.8569   -1.8569   -1.6252   -1.6252   -1.4190   -1.4190   -1.1685   -1.1685   -1.1463   -1.1463   -1.0563   -1.0563   -1.0336   -1.0336   -0.7322   -0.7322   -0.5513   -0.5513   -0.4876   -0.4876   -0.3884   -0.3884    1.6363    1.6363    1.7308    1.7308    5.0278    5.0278    5.1121    5.1121    5.2736    5.2736    5.4041    5.4041    5.5370    5.5370    5.6396    5.6396    5.7292    5.7292    5.8835    5.8835    5.9803    5.9803    6.2247    6.2247    6.3374    6.3374    6.4629    6.4629    6.7745    6.7745    6.8460    6.8460    7.0805    7.0805    7.1133    7.1133    7.4084    7.4084    7.6632    7.6632    7.7434    7.7434    7.9669    7.9669    8.1841    8.1841    8.2168    8.2168    8.5838    8.5838    8.7570    8.7570    8.8354    8.8354    9.3618    9.3618    9.5979    9.5979    9.7301    9.7301    9.8799    9.8799    9.9818    9.9818   10.0193   10.0193   10.3925   10.3925   10.4088   10.4088   10.8410   10.8410   10.9732   10.9732   11.1242   11.1242   11.2891   11.2891   11.3670   11.3670
  2.6708  -20.7755  -20.7755  -20.7754  -20.7754  -12.6433  -12.6433  -12.5648  -12.5648  -11.5798  -11.5798  -11.4884  -11.4884  -10.8073  -10.8073  -10.7789  -10.7789   -7.6157   -7.6157   -7.6118   -7.6118   -7.5961   -7.5961   -7.5864   -7.5864   -7.5686   -7.5686   -7.5603   -7.5603   -3.9527   -3.9527   -3.7673   -3.7673   -2.5212   -2.5212   -2.2746   -2.2746   -2.0249   -2.0249   -1.8516   -1.8516   -1.6315   -1.6315   -1.4205   -1.4205   -1.1641   -1.1641   -1.1375   -1.1375   -1.0632   -1.0632   -1.0386   -1.0386   -0.7306   -0.7306   -0.5526   -0.5526   -0.4885   -0.4885   -0.3837   -0.3837    1.6334    1.6334    1.7303    1.7303    5.0256    5.0256    5.1116    5.1116    5.2699    5.2699    5.3996    5.3996    5.5355    5.5355    5.6345    5.6345    5.7497    5.7497    5.8796    5.8796    5.9790    5.9790    6.2388    6.2388    6.3385    6.3385    6.4831    6.4831    6.7742    6.7742    6.8665    6.8665    7.0824    7.0824    7.1163    7.1163    7.3841    7.3841    7.6565    7.6565    7.7621    7.7621    7.9667    7.9667    8.1587    8.1587    8.1843    8.1843    8.5650    8.5650    8.7415    8.7415    8.8241    8.8241    9.3713    9.3713    9.6072    9.6072    9.7279    9.7279    9.8882    9.8882    9.9819    9.9819   10.0138   10.0138   10.3833   10.3833   10.3981   10.3981   10.8474   10.8474   10.9579   10.9579   11.1633   11.1633   11.2823   11.2823   11.3733   11.3733
  2.6855  -20.7755  -20.7755  -20.7754  -20.7754  -12.6439  -12.6439  -12.5640  -12.5640  -11.5808  -11.5808  -11.4878  -11.4878  -10.8074  -10.8074  -10.7785  -10.7785   -7.6152   -7.6152   -7.6115   -7.6115   -7.5968   -7.5968   -7.5865   -7.5865   -7.5689   -7.5689   -7.5603   -7.5603   -3.9540   -3.9540   -3.7650   -3.7650   -2.5245   -2.5245   -2.2714   -2.2714   -2.0268   -2.0268   -1.8476   -1.8476   -1.6362   -1.6362   -1.4216   -1.4216   -1.1609   -1.1609   -1.1297   -1.1297   -1.0695   -1.0695   -1.0423   -1.0423   -0.7293   -0.7293   -0.5535   -0.5535   -0.4892   -0.4892   -0.3802   -0.3802    1.6313    1.6313    1.7300    1.7300    5.0241    5.0241    5.1114    5.1114    5.2670    5.2670    5.3961    5.3961    5.5345    5.5345    5.6308    5.6308    5.7676    5.7676    5.8749    5.8749    5.9775    5.9775    6.2499    6.2499    6.3384    6.3384    6.4992    6.4992    6.7694    6.7694    6.8821    6.8821    7.0883    7.0883    7.1198    7.1198    7.3638    7.3638    7.6476    7.6476    7.7798    7.7798    7.9721    7.9721    8.1395    8.1395    8.1575    8.1575    8.5488    8.5488    8.7294    8.7294    8.8157    8.8157    9.3783    9.3783    9.6137    9.6137    9.7260    9.7260    9.8958    9.8958    9.9825    9.9825   10.0098   10.0098   10.3764   10.3764   10.3900   10.3900   10.8506   10.8506   10.9467   10.9467   11.1956   11.1956   11.2769   11.2769   11.3775   11.3775
  2.7002  -20.7755  -20.7755  -20.7754  -20.7754  -12.6442  -12.6442  -12.5635  -12.5635  -11.5814  -11.5814  -11.4874  -11.4874  -10.8074  -10.8074  -10.7783  -10.7783   -7.6149   -7.6149   -7.6112   -7.6112   -7.5972   -7.5972   -7.5866   -7.5866   -7.5690   -7.5690   -7.5602   -7.5602   -3.9548   -3.9548   -3.7637   -3.7637   -2.5265   -2.5265   -2.2694   -2.2694   -2.0280   -2.0280   -1.8452   -1.8452   -1.6390   -1.6390   -1.4222   -1.4222   -1.1590   -1.1590   -1.1241   -1.1241   -1.0744   -1.0744   -1.0446   -1.0446   -0.7285   -0.7285   -0.5541   -0.5541   -0.4897   -0.4897   -0.3782   -0.3782    1.6300    1.6300    1.7297    1.7297    5.0232    5.0232    5.1112    5.1112    5.2651    5.2651    5.3938    5.3938    5.5340    5.5340    5.6285    5.6285    5.7805    5.7805    5.8705    5.8705    5.9763    5.9763    6.2571    6.2571    6.3380    6.3380    6.5097    6.5097    6.7643    6.7643    6.8918    6.8918    7.0941    7.0941    7.1225    7.1225    7.3502    7.3502    7.6402    7.6402    7.7926    7.7926    7.9781    7.9781    8.1273    8.1273    8.1394    8.1394    8.5376    8.5376    8.7218    8.7218    8.8106    8.8106    9.3826    9.3826    9.6176    9.6176    9.7247    9.7247    9.9012    9.9012    9.9832    9.9832   10.0073   10.0073   10.3722   10.3722   10.3849   10.3849   10.8521   10.8521   10.9400   10.9400   11.2168   11.2168   11.2735   11.2735   11.3798   11.3798
  2.7149  -20.7755  -20.7755  -20.7754  -20.7754  -12.6444  -12.6444  -12.5633  -12.5633  -11.5816  -11.5816  -11.4873  -11.4873  -10.8075  -10.8075  -10.7782  -10.7782   -7.6148   -7.6148   -7.6112   -7.6112   -7.5973   -7.5973   -7.5867   -7.5867   -7.5691   -7.5691   -7.5602   -7.5602   -3.9551   -3.9551   -3.7632   -3.7632   -2.5272   -2.5272   -2.2687   -2.2687   -2.0284   -2.0284   -1.8444   -1.8444   -1.6400   -1.6400   -1.4224   -1.4224   -1.1583   -1.1583   -1.1219   -1.1219   -1.0763   -1.0763   -1.0454   -1.0454   -0.7282   -0.7282   -0.5543   -0.5543   -0.4898   -0.4898   -0.3775   -0.3775    1.6296    1.6296    1.7297    1.7297    5.0229    5.0229    5.1112    5.1112    5.2645    5.2645    5.3930    5.3930    5.5338    5.5338    5.6278    5.6278    5.7854    5.7854    5.8686    5.8686    5.9759    5.9759    6.2596    6.2596    6.3377    6.3377    6.5134    6.5134    6.7621    6.7621    6.8951    6.8951    7.0965    7.0965    7.1236    7.1236    7.3453    7.3453    7.6373    7.6373    7.7973    7.7973    7.9807    7.9807    8.1230    8.1230    8.1329    8.1329    8.5336    8.5336    8.7192    8.7192    8.8089    8.8089    9.3840    9.3840    9.6189    9.6189    9.7242    9.7242    9.9032    9.9032    9.9834    9.9834   10.0064   10.0064   10.3707   10.3707   10.3832   10.3832   10.8525   10.8525   10.9377   10.9377   11.2242   11.2242   11.2723   11.2723   11.3806   11.3806
  2.7149  -20.7755  -20.7755  -20.7754  -20.7754  -12.6444  -12.6444  -12.5633  -12.5633  -11.5816  -11.5816  -11.4873  -11.4873  -10.8075  -10.8075  -10.7782  -10.7782   -7.6148   -7.6148   -7.6112   -7.6112   -7.5973   -7.5973   -7.5867   -7.5867   -7.5691   -7.5691   -7.5602   -7.5602   -3.9551   -3.9551   -3.7632   -3.7632   -2.5272   -2.5272   -2.2687   -2.2687   -2.0284   -2.0284   -1.8444   -1.8444   -1.6400   -1.6400   -1.4224   -1.4224   -1.1583   -1.1583   -1.1219   -1.1219   -1.0763   -1.0763   -1.0454   -1.0454   -0.7282   -0.7282   -0.5543   -0.5543   -0.4898   -0.4898   -0.3775   -0.3775    1.6296    1.6296    1.7297    1.7297    5.0229    5.0229    5.1112    5.1112    5.2645    5.2645    5.3930    5.3930    5.5338    5.5338    5.6278    5.6278    5.7854    5.7854    5.8686    5.8686    5.9759    5.9759    6.2596    6.2596    6.3377    6.3377    6.5134    6.5134    6.7621    6.7621    6.8951    6.8951    7.0965    7.0965    7.1236    7.1236    7.3453    7.3453    7.6373    7.6373    7.7973    7.7973    7.9807    7.9807    8.1230    8.1230    8.1329    8.1329    8.5336    8.5336    8.7192    8.7192    8.8089    8.8089    9.3840    9.3840    9.6189    9.6189    9.7242    9.7242    9.9032    9.9032    9.9834    9.9834   10.0064   10.0064   10.3707   10.3707   10.3832   10.3832   10.8525   10.8525   10.9377   10.9377   11.2242   11.2242   11.2723   11.2723   11.3806   11.3806
  2.7377  -20.7756  -20.7756  -20.7753  -20.7753  -12.6444  -12.6444  -12.5632  -12.5632  -11.5816  -11.5816  -11.4872  -11.4872  -10.8075  -10.8075  -10.7781  -10.7781   -7.6150   -7.6150   -7.6111   -7.6111   -7.5973   -7.5973   -7.5867   -7.5867   -7.5692   -7.5692   -7.5604   -7.5604   -3.9553   -3.9553   -3.7632   -3.7632   -2.5262   -2.5262   -2.2684   -2.2684   -2.0286   -2.0286   -1.8449   -1.8449   -1.6392   -1.6392   -1.4224   -1.4224   -1.1592   -1.1592   -1.1213   -1.1213   -1.0768   -1.0768   -1.0450   -1.0450   -0.7279   -0.7279   -0.5540   -0.5540   -0.4906   -0.4906   -0.3776   -0.3776    1.6293    1.6293    1.7295    1.7295    5.0203    5.0203    5.1125    5.1125    5.2446    5.2446    5.4061    5.4061    5.5394    5.5394    5.6203    5.6203    5.7948    5.7948    5.8663    5.8663    5.9765    5.9765    6.2548    6.2548    6.3449    6.3449    6.5168    6.5168    6.7492    6.7492    6.9076    6.9076    7.0838    7.0838    7.1383    7.1383    7.3363    7.3363    7.6584    7.6584    7.7995    7.7995    7.9805    7.9805    8.1151    8.1151    8.1389    8.1389    8.5330    8.5330    8.7113    8.7113    8.7971    8.7971    9.3970    9.3970    9.6054    9.6054    9.7328    9.7328    9.8720    9.8720    9.9456    9.9456   10.0629   10.0629   10.3584   10.3584   10.4114   10.4114   10.8553   10.8553   10.9303   10.9303   11.2272   11.2272   11.2767   11.2767   11.3843   11.3843
  2.7605  -20.7756  -20.7756  -20.7753  -20.7753  -12.6446  -12.6446  -12.5629  -12.5629  -11.5816  -11.5816  -11.4870  -11.4870  -10.8076  -10.8076  -10.7780  -10.7780   -7.6155   -7.6155   -7.6111   -7.6111   -7.5970   -7.5970   -7.5868   -7.5868   -7.5696   -7.5696   -7.5610   -7.5610   -3.9558   -3.9558   -3.7631   -3.7631   -2.5232   -2.5232   -2.2674   -2.2674   -2.0290   -2.0290   -1.8466   -1.8466   -1.6371   -1.6371   -1.4224   -1.4224   -1.1617   -1.1617   -1.1195   -1.1195   -1.0782   -1.0782   -1.0437   -1.0437   -0.7268   -0.7268   -0.5533   -0.5533   -0.4926   -0.4926   -0.3781   -0.3781    1.6285    1.6285    1.7289    1.7289    5.0129    5.0129    5.1162    5.1162    5.2018    5.2018    5.4244    5.4244    5.5565    5.5565    5.6057    5.6057    5.8179    5.8179    5.8608    5.8608    5.9793    5.9793    6.2449    6.2449    6.3578    6.3578    6.5284    6.5284    6.7228    6.7228    6.9344    6.9344    7.0654    7.0654    7.1562    7.1562    7.3265    7.3265    7.7079    7.7079    7.8070    7.8070    7.9789    7.9789    8.1039    8.1039    8.1441    8.1441    8.5309    8.5309    8.6878    8.6878    8.7721    8.7721    9.4190    9.4190    9.5832    9.5832    9.7437    9.7437    9.8051    9.8051    9.9212    9.9212   10.1326   10.1326   10.3419   10.3419   10.4649   10.4649   10.8543   10.8543   10.9217   10.9217   11.2385   11.2385   11.2876   11.2876   11.3905   11.3905
  2.7833  -20.7757  -20.7757  -20.7752  -20.7752  -12.6448  -12.6448  -12.5625  -12.5625  -11.5815  -11.5815  -11.4867  -11.4867  -10.8078  -10.8078  -10.7778  -10.7778   -7.6163   -7.6163   -7.6112   -7.6112   -7.5967   -7.5967   -7.5870   -7.5870   -7.5703   -7.5703   -7.5618   -7.5618   -3.9567   -3.9567   -3.7629   -3.7629   -2.5184   -2.5184   -2.2659   -2.2659   -2.0297   -2.0297   -1.8492   -1.8492   -1.6337   -1.6337   -1.4222   -1.4222   -1.1658   -1.1658   -1.1172   -1.1172   -1.0797   -1.0797   -1.0419   -1.0419   -0.7250   -0.7250   -0.5524   -0.5524   -0.4958   -0.4958   -0.3789   -0.3789    1.6271    1.6271    1.7280    1.7280    5.0017    5.0017    5.1219    5.1219    5.1522    5.1522    5.4269    5.4269    5.5732    5.5732    5.6066    5.6066    5.8403    5.8403    5.8627    5.8627    5.9849    5.9849    6.2340    6.2340    6.3655    6.3655    6.5447    6.5447    6.7041    6.7041    6.9594    6.9594    7.0498    7.0498    7.1616    7.1616    7.3413    7.3413    7.7604    7.7604    7.8243    7.8243    7.9723    7.9723    8.0952    8.0952    8.1433    8.1433    8.5270    8.5270    8.6562    8.6562    8.7478    8.7478    9.4167    9.4167    9.5674    9.5674    9.7090    9.7090    9.7821    9.7821    9.9154    9.9154   10.1942   10.1942   10.3254   10.3254   10.5252   10.5252   10.8333   10.8333   10.9374   10.9374   11.2617   11.2617   11.3016   11.3016   11.3888   11.3888
  2.8061  -20.7758  -20.7758  -20.7751  -20.7751  -12.6452  -12.6452  -12.5619  -12.5619  -11.5814  -11.5814  -11.4863  -11.4863  -10.8081  -10.8081  -10.7775  -10.7775   -7.6172   -7.6172   -7.6115   -7.6115   -7.5963   -7.5963   -7.5873   -7.5873   -7.5713   -7.5713   -7.5628   -7.5628   -3.9579   -3.9579   -3.7627   -3.7627   -2.5117   -2.5117   -2.2637   -2.2637   -2.0307   -2.0307   -1.8527   -1.8527   -1.6296   -1.6296   -1.4217   -1.4217   -1.1715   -1.1715   -1.1146   -1.1146   -1.0805   -1.0805   -1.0399   -1.0399   -0.7226   -0.7226   -0.5518   -0.5518   -0.4994   -0.4994   -0.3799   -0.3799    1.6251    1.6251    1.7268    1.7268    4.9876    4.9876    5.1005    5.1005    5.1290    5.1290    5.4124    5.4124    5.5750    5.5750    5.6346    5.6346    5.8395    5.8395    5.8952    5.8952    5.9933    5.9933    6.2228    6.2228    6.3671    6.3671    6.5483    6.5483    6.7151    6.7151    6.9607    6.9607    7.0522    7.0522    7.1613    7.1613    7.3804    7.3804    7.7924    7.7924    7.8597    7.8597    7.9554    7.9554    8.0921    8.0921    8.1354    8.1354    8.5226    8.5226    8.6311    8.6311    8.7290    8.7290    9.3878    9.3878    9.5264    9.5264    9.6579    9.6579    9.8093    9.8093    9.9307    9.9307   10.2194   10.2194   10.3347   10.3347   10.5760   10.5760   10.8079   10.8079   10.9706   10.9706   11.2936   11.2936   11.3175   11.3175   11.3742   11.3742
  2.8289  -20.7759  -20.7759  -20.7750  -20.7750  -12.6456  -12.6456  -12.5611  -12.5611  -11.5812  -11.5812  -11.4858  -11.4858  -10.8084  -10.8084  -10.7772  -10.7772   -7.6182   -7.6182   -7.6123   -7.6123   -7.5958   -7.5958   -7.5876   -7.5876   -7.5725   -7.5725   -7.5638   -7.5638   -3.9593   -3.9593   -3.7624   -3.7624   -2.5033   -2.5033   -2.2610   -2.2610   -2.0321   -2.0321   -1.8567   -1.8567   -1.6250   -1.6250   -1.4208   -1.4208   -1.1788   -1.1788   -1.1126   -1.1126   -1.0798   -1.0798   -1.0376   -1.0376   -0.7196   -0.7196   -0.5525   -0.5525   -0.5027   -0.5027   -0.3812   -0.3812    1.6227    1.6227    1.7252    1.7252    4.9712    4.9712    5.0490    5.0490    5.1364    5.1364    5.3894    5.3894    5.5779    5.5779    5.6629    5.6629    5.8375    5.8375    5.9350    5.9350    6.0074    6.0074    6.2109    6.2109    6.3674    6.3674    6.5340    6.5340    6.7590    6.7590    6.9334    6.9334    7.0777    7.0777    7.1659    7.1659    7.4291    7.4291    7.8082    7.8082    7.8976    7.8976    7.9258    7.9258    8.0880    8.0880    8.1304    8.1304    8.5199    8.5199    8.6178    8.6178    8.7217    8.7217    9.3498    9.3498    9.4516    9.4516    9.6277    9.6277    9.8386    9.8386    9.9697    9.9697   10.2004   10.2004   10.3811   10.3811   10.6020   10.6020   10.7979   10.7979   11.0084   11.0084   11.2958   11.2958   11.3429   11.3429   11.3757   11.3757
  2.8518  -20.7760  -20.7760  -20.7749  -20.7749  -12.6461  -12.6461  -12.5602  -12.5602  -11.5810  -11.5810  -11.4852  -11.4852  -10.8088  -10.8088  -10.7768  -10.7768   -7.6193   -7.6193   -7.6134   -7.6134   -7.5953   -7.5953   -7.5879   -7.5879   -7.5741   -7.5741   -7.5646   -7.5646   -3.9610   -3.9610   -3.7621   -3.7621   -2.4932   -2.4932   -2.2579   -2.2579   -2.0339   -2.0339   -1.8611   -1.8611   -1.6203   -1.6203   -1.4194   -1.4194   -1.1876   -1.1876   -1.1114   -1.1114   -1.0772   -1.0772   -1.0352   -1.0352   -0.7162   -0.7162   -0.5554   -0.5554   -0.5044   -0.5044   -0.3827   -0.3827    1.6199    1.6199    1.7233    1.7233    4.9505    4.9505    5.0012    5.0012    5.1433    5.1433    5.3664    5.3664    5.5828    5.5828    5.6814    5.6814    5.8395    5.8395    5.9653    5.9653    6.0379    6.0379    6.1987    6.1987    6.3706    6.3706    6.5157    6.5157    6.8179    6.8179    6.8962    6.8962    7.1099    7.1099    7.1795    7.1795    7.4746    7.4746    7.8185    7.8185    7.8787    7.8787    7.9311    7.9311    8.0702    8.0702    8.1436    8.1436    8.5167    8.5167    8.6102    8.6102    8.7374    8.7374    9.3098    9.3098    9.3732    9.3732    9.6052    9.6052    9.8530    9.8530   10.0187   10.0187   10.1783   10.1783   10.4347   10.4347   10.5966   10.5966   10.8105   10.8105   11.0398   11.0398   11.2579   11.2579   11.3743   11.3743   11.4119   11.4119
  2.8746  -20.7761  -20.7761  -20.7749  -20.7749  -12.6466  -12.6466  -12.5592  -12.5592  -11.5808  -11.5808  -11.4846  -11.4846  -10.8092  -10.8092  -10.7763  -10.7763   -7.6205   -7.6205   -7.6148   -7.6148   -7.5949   -7.5949   -7.5882   -7.5882   -7.5759   -7.5759   -7.5651   -7.5651   -3.9629   -3.9629   -3.7617   -3.7617   -2.4817   -2.4817   -2.2545   -2.2545   -2.0364   -2.0364   -1.8653   -1.8653   -1.6160   -1.6160   -1.4173   -1.4173   -1.1980   -1.1980   -1.1105   -1.1105   -1.0727   -1.0727   -1.0326   -1.0326   -0.7125   -0.7125   -0.5612   -0.5612   -0.5040   -0.5040   -0.3844   -0.3844    1.6166    1.6166    1.7211    1.7211    4.9152    4.9152    4.9689    4.9689    5.1483    5.1483    5.3487    5.3487    5.5880    5.5880    5.6883    5.6883    5.8437    5.8437    5.9808    5.9808    6.0874    6.0874    6.1894    6.1894    6.3785    6.3785    6.5019    6.5019    6.8580    6.8580    6.8786    6.8786    7.1407    7.1407    7.2039    7.2039    7.5044    7.5044    7.8145    7.8145    7.8476    7.8476    7.9472    7.9472    8.0479    8.0479    8.1669    8.1669    8.5060    8.5060    8.6067    8.6067    8.7779    8.7779    9.2643    9.2643    9.3136    9.3136    9.5879    9.5879    9.8546    9.8546   10.0465   10.0465   10.1817   10.1817   10.4845   10.4845   10.5708   10.5708   10.8372   10.8372   11.0513   11.0513   11.2233   11.2233   11.4095   11.4095   11.4415   11.4415
  2.8974  -20.7762  -20.7762  -20.7748  -20.7748  -12.6471  -12.6471  -12.5582  -12.5582  -11.5806  -11.5806  -11.4839  -11.4839  -10.8097  -10.8097  -10.7759  -10.7759   -7.6220   -7.6220   -7.6164   -7.6164   -7.5947   -7.5947   -7.5886   -7.5886   -7.5776   -7.5776   -7.5653   -7.5653   -3.9649   -3.9649   -3.7613   -3.7613   -2.4688   -2.4688   -2.2509   -2.2509   -2.0398   -2.0398   -1.8690   -1.8690   -1.6122   -1.6122   -1.4147   -1.4147   -1.2098   -1.2098   -1.1096   -1.1096   -1.0670   -1.0670   -1.0299   -1.0299   -0.7085   -0.7085   -0.5698   -0.5698   -0.5015   -0.5015   -0.3862   -0.3862    1.6131    1.6131    1.7187    1.7187    4.8649    4.8649    4.9540    4.9540    5.1506    5.1506    5.3387    5.3387    5.5924    5.5924    5.6851    5.6851    5.8473    5.8473    5.9914    5.9914    6.1360    6.1360    6.1931    6.1931    6.3915    6.3915    6.4947    6.4947    6.8224    6.8224    6.9329    6.9329    7.1664    7.1664    7.2404    7.2404    7.5070    7.5070    7.7802    7.7802    7.8562    7.8562    7.9524    7.9524    8.0318    8.0318    8.1923    8.1923    8.4874    8.4874    8.6095    8.6095    8.8282    8.8282    9.2210    9.2210    9.2775    9.2775    9.5770    9.5770    9.8479    9.8479   10.0498   10.0498   10.2042   10.2042   10.5280   10.5280   10.5379   10.5379   10.8708   10.8708   11.0395   11.0395   11.2030   11.2030   11.4186   11.4186   11.4730   11.4730
  2.9202  -20.7763  -20.7763  -20.7747  -20.7747  -12.6477  -12.6477  -12.5571  -12.5571  -11.5804  -11.5804  -11.4831  -11.4831  -10.8101  -10.8101  -10.7754  -10.7754   -7.6240   -7.6240   -7.6178   -7.6178   -7.5948   -7.5948   -7.5891   -7.5891   -7.5791   -7.5791   -7.5652   -7.5652   -3.9669   -3.9669   -3.7609   -3.7609   -2.4548   -2.4548   -2.2472   -2.2472   -2.0443   -2.0443   -1.8718   -1.8718   -1.6090   -1.6090   -1.4116   -1.4116   -1.2231   -1.2231   -1.1079   -1.1079   -1.0607   -1.0607   -1.0269   -1.0269   -0.7044   -0.7044   -0.5803   -0.5803   -0.4976   -0.4976   -0.3881   -0.3881    1.6093    1.6093    1.7162    1.7162    4.8105    4.8105    4.9473    4.9473    5.1499    5.1499    5.3371    5.3371    5.5931    5.5931    5.6762    5.6762    5.8489    5.8489    6.0022    6.0022    6.1590    6.1590    6.2280    6.2280    6.4090    6.4090    6.4938    6.4938    6.7906    6.7906    6.9761    6.9761    7.1865    7.1865    7.2870    7.2870    7.4825    7.4825    7.7474    7.7474    7.8752    7.8752    7.9449    7.9449    8.0310    8.0310    8.2153    8.2153    8.4689    8.4689    8.6165    8.6165    8.8656    8.8656    9.2042    9.2042    9.2530    9.2530    9.5747    9.5747    9.8384    9.8384   10.0500   10.0500   10.2138   10.2138   10.5064   10.5064   10.5641   10.5641   10.9083   10.9083   11.0251   11.0251   11.1801   11.1801   11.3879   11.3879   11.5216   11.5216
  2.9430  -20.7764  -20.7764  -20.7747  -20.7747  -12.6482  -12.6482  -12.5560  -12.5560  -11.5802  -11.5802  -11.4824  -11.4824  -10.8105  -10.8105  -10.7749  -10.7749   -7.6266   -7.6266   -7.6189   -7.6189   -7.5954   -7.5954   -7.5897   -7.5897   -7.5800   -7.5800   -7.5650   -7.5650   -3.9690   -3.9690   -3.7605   -3.7605   -2.4398   -2.4398   -2.2438   -2.2438   -2.0501   -2.0501   -1.8735   -1.8735   -1.6063   -1.6063   -1.4083   -1.4083   -1.2375   -1.2375   -1.1051   -1.1051   -1.0544   -1.0544   -1.0237   -1.0237   -0.7002   -0.7002   -0.5921   -0.5921   -0.4927   -0.4927   -0.3899   -0.3899    1.6054    1.6054    1.7135    1.7135    4.7564    4.7564    4.9459    4.9459    5.1466    5.1466    5.3429    5.3429    5.5834    5.5834    5.6707    5.6707    5.8487    5.8487    6.0138    6.0138    6.1723    6.1723    6.2708    6.2708    6.4300    6.4300    6.5002    6.5002    6.7639    6.7639    7.0064    7.0064    7.2019    7.2019    7.3355    7.3355    7.4475    7.4475    7.7160    7.7160    7.8938    7.8938    7.9290    7.9290    8.0475    8.0475    8.2308    8.2308    8.4599    8.4599    8.6243    8.6243    8.8768    8.8768    9.2130    9.2130    9.2435    9.2435    9.5850    9.5850    9.8325    9.8325   10.0524   10.0524   10.1987   10.1987   10.4823   10.4823   10.5912   10.5912   10.9379   10.9379   11.0372   11.0372   11.1392   11.1392   11.3460   11.3460   11.5686   11.5686
  2.9658  -20.7765  -20.7765  -20.7747  -20.7747  -12.6488  -12.6488  -12.5550  -12.5550  -11.5799  -11.5799  -11.4816  -11.4816  -10.8110  -10.8110  -10.7745  -10.7745   -7.6295   -7.6295   -7.6196   -7.6196   -7.5969   -7.5969   -7.5902   -7.5902   -7.5803   -7.5803   -7.5646   -7.5646   -3.9710   -3.9710   -3.7601   -3.7601   -2.4241   -2.4241   -2.2409   -2.2409   -2.0571   -2.0571   -1.8739   -1.8739   -1.6039   -1.6039   -1.4049   -1.4049   -1.2529   -1.2529   -1.1011   -1.1011   -1.0486   -1.0486   -1.0201   -1.0201   -0.6962   -0.6962   -0.6046   -0.6046   -0.4873   -0.4873   -0.3917   -0.3917    1.6014    1.6014    1.7107    1.7107    4.7045    4.7045    4.9491    4.9491    5.1418    5.1418    5.3551    5.3551    5.5590    5.5590    5.6750    5.6750    5.8478    5.8478    6.0259    6.0259    6.1900    6.1900    6.2990    6.2990    6.4473    6.4473    6.5203    6.5203    6.7440    6.7440    7.0246    7.0246    7.2120    7.2120    7.3586    7.3586    7.4369    7.4369    7.6825    7.6825    7.9004    7.9004    7.9216    7.9216    8.0745    8.0745    8.2337    8.2337    8.4658    8.4658    8.6316    8.6316    8.8712    8.8712    9.2044    9.2044    9.2713    9.2713    9.6138    9.6138    9.8348    9.8348   10.0482   10.0482   10.1698   10.1698   10.4668   10.4668   10.6072   10.6072   10.9525   10.9525   11.0751   11.0751   11.0941   11.0941   11.3050   11.3050   11.6051   11.6053
  2.9887  -20.7766  -20.7766  -20.7746  -20.7746  -12.6493  -12.6493  -12.5540  -12.5540  -11.5797  -11.5797  -11.4809  -11.4809  -10.8114  -10.8114  -10.7740  -10.7740   -7.6326   -7.6326   -7.6200   -7.6200   -7.5990   -7.5990   -7.5903   -7.5903   -7.5802   -7.5802   -7.5641   -7.5641   -3.9729   -3.9729   -3.7597   -3.7597   -2.4077   -2.4077   -2.2387   -2.2387   -2.0651   -2.0651   -1.8732   -1.8732   -1.6016   -1.6016   -1.4015   -1.4015   -1.2690   -1.2690   -1.0959   -1.0959   -1.0438   -1.0438   -1.0163   -1.0163   -0.6923   -0.6923   -0.6171   -0.6171   -0.4818   -0.4818   -0.3934   -0.3934    1.5974    1.5974    1.7081    1.7081    4.6562    4.6562    4.9562    4.9562    5.1362    5.1362    5.3729    5.3729    5.5248    5.5248    5.6863    5.6863    5.8477    5.8477    6.0380    6.0380    6.2115    6.2115    6.3080    6.3080    6.4535    6.4535    6.5574    6.5574    6.7332    6.7332    7.0337    7.0337    7.2134    7.2134    7.3401    7.3401    7.4700    7.4700    7.6482    7.6482    7.8885    7.8885    7.9360    7.9360    8.1047    8.1047    8.2248    8.2248    8.4808    8.4808    8.6413    8.6413    8.8645    8.8645    9.1904    9.1904    9.3016    9.3016    9.6623    9.6623    9.8475    9.8475   10.0192   10.0192   10.1530   10.1530   10.4590   10.4590   10.6102   10.6102   10.9612   10.9612   11.0292   11.0292   11.1555   11.1555   11.2678   11.2678   11.6247   11.6248
  3.0115  -20.7766  -20.7766  -20.7746  -20.7746  -12.6497  -12.6497  -12.5530  -12.5530  -11.5795  -11.5795  -11.4802  -11.4802  -10.8117  -10.8117  -10.7736  -10.7736   -7.6356   -7.6356   -7.6202   -7.6202   -7.6014   -7.6014   -7.5903   -7.5903   -7.5799   -7.5799   -7.5637   -7.5637   -3.9747   -3.9747   -3.7593   -3.7593   -2.3909   -2.3909   -2.2376   -2.2376   -2.0737   -2.0737   -1.8716   -1.8716   -1.5992   -1.5992   -1.3982   -1.3982   -1.2853   -1.2853   -1.0897   -1.0897   -1.0402   -1.0402   -1.0122   -1.0122   -0.6888   -0.6888   -0.6292   -0.6292   -0.4764   -0.4764   -0.3949   -0.3949    1.5936    1.5936    1.7056    1.7056    4.6125    4.6125    4.9668    4.9668    5.1300    5.1300    5.3957    5.3957    5.4869    5.4869    5.6998    5.6998    5.8488    5.8488    6.0501    6.0501    6.2328    6.2328    6.3014    6.3014    6.4523    6.4523    6.5997    6.5997    6.7353    6.7353    7.0380    7.0380    7.1991    7.1991    7.3221    7.3221    7.5021    7.5021    7.6204    7.6204    7.8801    7.8801    7.9551    7.9551    8.1334    8.1334    8.2100    8.2100    8.4898    8.4898    8.6613    8.6613    8.8642    8.8642    9.1776    9.1776    9.3220    9.3220    9.7193    9.7193    9.8711    9.8711    9.9652    9.9652   10.1563   10.1563   10.4577   10.4577   10.6002   10.6002   10.9459   10.9459   11.0245   11.0245   11.2242   11.2242   11.2364   11.2364   11.6220   11.6222
  3.0343  -20.7767  -20.7767  -20.7745  -20.7745  -12.6501  -12.6501  -12.5522  -12.5522  -11.5793  -11.5793  -11.4796  -11.4796  -10.8120  -10.8120  -10.7733  -10.7733   -7.6384   -7.6384   -7.6202   -7.6202   -7.6040   -7.6040   -7.5902   -7.5902   -7.5795   -7.5795   -7.5632   -7.5632   -3.9763   -3.9763   -3.7590   -3.7590   -2.3740   -2.3740   -2.2381   -2.2381   -2.0823   -2.0823   -1.8694   -1.8694   -1.5966   -1.5966   -1.3949   -1.3949   -1.3015   -1.3015   -1.0827   -1.0827   -1.0381   -1.0381   -1.0080   -1.0080   -0.6856   -0.6856   -0.6405   -0.6405   -0.4714   -0.4714   -0.3962   -0.3962    1.5902    1.5902    1.7033    1.7033    4.5742    4.5742    4.9800    4.9800    5.1233    5.1233    5.4211    5.4211    5.4511    5.4511    5.7128    5.7128    5.8495    5.8495    6.0625    6.0625    6.2443    6.2443    6.2909    6.2909    6.4479    6.4479    6.6359    6.6359    6.7535    6.7535    7.0415    7.0415    7.1686    7.1686    7.3131    7.3131    7.5080    7.5080    7.6153    7.6153    7.8796    7.8796    7.9734    7.9734    8.1584    8.1584    8.1961    8.1961    8.4835    8.4835    8.6951    8.6951    8.8713    8.8713    9.1651    9.1651    9.3381    9.3381    9.7659    9.7659    9.8741    9.8741    9.9369    9.9369   10.1665   10.1665   10.4592   10.4592   10.5826   10.5826   10.9295   10.9295   11.0539   11.0539   11.2105   11.2105   11.2892   11.2892   11.5933   11.5933
  3.0571  -20.7767  -20.7767  -20.7745  -20.7745  -12.6504  -12.6504  -12.5515  -12.5515  -11.5792  -11.5792  -11.4791  -11.4791  -10.8123  -10.8123  -10.7730  -10.7730   -7.6409   -7.6409   -7.6200   -7.6200   -7.6064   -7.6064   -7.5900   -7.5900   -7.5791   -7.5791   -7.5627   -7.5627   -3.9776   -3.9776   -3.7587   -3.7587   -2.3574   -2.3574   -2.2405   -2.2405   -2.0902   -2.0902   -1.8670   -1.8670   -1.5939   -1.5939   -1.3913   -1.3913   -1.3173   -1.3173   -1.0753   -1.0753   -1.0374   -1.0374   -1.0041   -1.0041   -0.6829   -0.6829   -0.6505   -0.6505   -0.4670   -0.4670   -0.3973   -0.3973    1.5871    1.5871    1.7013    1.7013    4.5420    4.5420    4.9951    4.9951    5.1161    5.1161    5.4094    5.4094    5.4595    5.4595    5.7239    5.7239    5.8467    5.8467    6.0752    6.0752    6.2333    6.2333    6.2937    6.2937    6.4423    6.4423    6.6638    6.6638    6.7847    6.7847    7.0458    7.0458    7.1290    7.1290    7.3071    7.3071    7.4851    7.4851    7.6384    7.6384    7.8851    7.8851    7.9846    7.9846    8.1772    8.1772    8.1916    8.1916    8.4655    8.4655    8.7360    8.7360    8.8846    8.8846    9.1510    9.1510    9.3577    9.3577    9.7872    9.7872    9.8181    9.8181    9.9826    9.9826   10.1748   10.1748   10.4540   10.4540   10.5731   10.5731   10.9391   10.9391   11.0865   11.0865   11.2026   11.2026   11.3372   11.3372   11.5439   11.5439
  3.0799  -20.7768  -20.7768  -20.7745  -20.7745  -12.6507  -12.6507  -12.5510  -12.5510  -11.5790  -11.5790  -11.4787  -11.4787  -10.8125  -10.8125  -10.7728  -10.7728   -7.6429   -7.6429   -7.6197   -7.6197   -7.6086   -7.6086   -7.5899   -7.5899   -7.5787   -7.5787   -7.5624   -7.5624   -3.9787   -3.9787   -3.7585   -3.7585   -2.3416   -2.3416   -2.2447   -2.2447   -2.0968   -2.0968   -1.8648   -1.8648   -1.5913   -1.5913   -1.3872   -1.3872   -1.3320   -1.3320   -1.0679   -1.0679   -1.0381   -1.0381   -1.0007   -1.0007   -0.6808   -0.6808   -0.6588   -0.6588   -0.4633   -0.4633   -0.3982   -0.3982    1.5845    1.5845    1.6996    1.6996    4.5165    4.5165    5.0112    5.0112    5.1082    5.1082    5.3798    5.3798    5.4933    5.4933    5.7333    5.7333    5.8364    5.8364    6.0878    6.0878    6.2136    6.2136    6.3012    6.3012    6.4372    6.4372    6.6877    6.6877    6.8198    6.8198    7.0510    7.0510    7.0870    7.0870    7.3022    7.3022    7.4512    7.4512    7.6748    7.6748    7.8913    7.8913    7.9841    7.9841    8.1845    8.1845    8.2050    8.2050    8.4433    8.4433    8.7754    8.7754    8.9018    8.9018    9.1347    9.1347    9.3857    9.3857    9.7321    9.7321    9.8177    9.8177   10.0337   10.0337   10.1778   10.1778   10.4370   10.4370   10.5832   10.5832   10.9752   10.9752   11.1021   11.1021   11.2272   11.2272   11.3559   11.3559   11.4927   11.4927
  3.1027  -20.7768  -20.7768  -20.7745  -20.7745  -12.6509  -12.6509  -12.5506  -12.5506  -11.5790  -11.5790  -11.4784  -11.4784  -10.8127  -10.8127  -10.7726  -10.7726   -7.6444   -7.6444   -7.6192   -7.6192   -7.6105   -7.6105   -7.5897   -7.5897   -7.5784   -7.5784   -7.5621   -7.5621   -3.9795   -3.9795   -3.7583   -3.7583   -2.3275   -2.3275   -2.2503   -2.2503   -2.1018   -2.1018   -1.8631   -1.8631   -1.5889   -1.5889   -1.3821   -1.3821   -1.3454   -1.3454   -1.0608   -1.0608   -1.0401   -1.0401   -0.9982   -0.9982   -0.6792   -0.6792   -0.6651   -0.6651   -0.4606   -0.4606   -0.3988   -0.3988    1.5826    1.5826    1.6984    1.6984    4.4980    4.4980    5.0272    5.0272    5.0993    5.0993    5.3563    5.3563    5.5272    5.5272    5.7422    5.7422    5.8173    5.8173    6.0991    6.0991    6.1983    6.1983    6.3049    6.3049    6.4337    6.4337    6.7085    6.7085    6.8523    6.8523    7.0448    7.0448    7.0585    7.0585    7.3012    7.3012    7.4162    7.4162    7.7160    7.7160    7.8905    7.8905    7.9761    7.9761    8.1917    8.1917    8.2212    8.2212    8.4228    8.4228    8.8071    8.8071    8.9196    8.9196    9.1178    9.1178    9.4237    9.4237    9.6614    9.6614    9.8258    9.8258   10.0743   10.0743   10.1758   10.1758   10.4176   10.4176   10.6046   10.6046   11.0292   11.0292   11.1034   11.1034   11.2768   11.2768   11.3358   11.3358   11.4608   11.4608
  3.1256  -20.7768  -20.7768  -20.7745  -20.7745  -12.6510  -12.6510  -12.5503  -12.5503  -11.5789  -11.5789  -11.4782  -11.4782  -10.8128  -10.8128  -10.7725  -10.7725   -7.6453   -7.6453   -7.6187   -7.6187   -7.6118   -7.6118   -7.5897   -7.5897   -7.5782   -7.5782   -7.5619   -7.5619   -3.9799   -3.9799   -3.7582   -3.7582   -2.3167   -2.3167   -2.2559   -2.2559   -2.1048   -2.1048   -1.8620   -1.8620   -1.5873   -1.5873   -1.3759   -1.3759   -1.3569   -1.3569   -1.0545   -1.0545   -1.0432   -1.0432   -0.9966   -0.9966   -0.6782   -0.6782   -0.6689   -0.6689   -0.4589   -0.4589   -0.3992   -0.3992    1.5814    1.5814    1.6977    1.6977    4.4868    4.4868    5.0408    5.0408    5.0906    5.0906    5.3412    5.3412    5.5542    5.5542    5.7532    5.7532    5.7927    5.7927    6.1072    6.1072    6.1901    6.1901    6.3052    6.3052    6.4322    6.4322    6.7235    6.7235    6.8782    6.8782    7.0130    7.0130    7.0616    7.0616    7.3061    7.3061    7.3866    7.3866    7.7545    7.7545    7.8780    7.8780    7.9701    7.9701    8.1984    8.1984    8.2328    8.2328    8.4084    8.4084    8.8274    8.8274    8.9340    8.9340    9.1040    9.1040    9.4715    9.4715    9.5930    9.5930    9.8300    9.8300   10.1003   10.1003   10.1718   10.1718   10.4041   10.4041   10.6240   10.6240   11.0725   11.0725   11.1219   11.1219   11.2652   11.2652   11.3607   11.3607   11.4410   11.4412
  3.1484  -20.7768  -20.7768  -20.7745  -20.7745  -12.6511  -12.6511  -12.5502  -12.5502  -11.5789  -11.5789  -11.4782  -11.4782  -10.8128  -10.8128  -10.7725  -10.7725   -7.6456   -7.6456   -7.6185   -7.6185   -7.6123   -7.6123   -7.5896   -7.5896   -7.5782   -7.5782   -7.5619   -7.5619   -3.9801   -3.9801   -3.7582   -3.7582   -2.3125   -2.3125   -2.2585   -2.2585   -2.1058   -2.1058   -1.8616   -1.8616   -1.5868   -1.5868   -1.3704   -1.3704   -1.3643   -1.3643   -1.0508   -1.0508   -1.0458   -1.0458   -0.9960   -0.9960   -0.6779   -0.6779   -0.6703   -0.6703   -0.4583   -0.4583   -0.3993   -0.3993    1.5810    1.5810    1.6974    1.6974    4.4830    4.4830    5.0470    5.0470    5.0861    5.0861    5.3361    5.3361    5.5649    5.5649    5.7689    5.7689    5.7705    5.7705    6.1101    6.1101    6.1878    6.1878    6.3049    6.3049    6.4319    6.4319    6.7290    6.7290    6.8896    6.8896    6.9988    6.9988    7.0631    7.0631    7.3107    7.3107    7.3732    7.3732    7.7734    7.7734    7.8673    7.8673    7.9685    7.9685    8.2011    8.2011    8.2370    8.2370    8.4032    8.4032    8.8344    8.8344    8.9397    8.9397    9.0986    9.0986    9.5211    9.5211    9.5364    9.5364    9.8313    9.8313   10.1093   10.1093   10.1698   10.1698   10.3994   10.3994   10.6317   10.6317   11.0785   11.0785   11.1608   11.1608   11.2250   11.2250   11.4140   11.4140   11.4173   11.4175
  3.1484  -20.7768  -20.7768  -20.7745  -20.7745  -12.6511  -12.6511  -12.5502  -12.5502  -11.5789  -11.5789  -11.4782  -11.4782  -10.8128  -10.8128  -10.7725  -10.7725   -7.6456   -7.6456   -7.6185   -7.6185   -7.6123   -7.6123   -7.5896   -7.5896   -7.5782   -7.5782   -7.5619   -7.5619   -3.9801   -3.9801   -3.7582   -3.7582   -2.3125   -2.3125   -2.2585   -2.2585   -2.1058   -2.1058   -1.8616   -1.8616   -1.5868   -1.5868   -1.3704   -1.3704   -1.3643   -1.3643   -1.0508   -1.0508   -1.0458   -1.0458   -0.9960   -0.9960   -0.6779   -0.6779   -0.6703   -0.6703   -0.4583   -0.4583   -0.3993   -0.3993    1.5810    1.5810    1.6974    1.6974    4.4830    4.4830    5.0470    5.0470    5.0861    5.0861    5.3361    5.3361    5.5649    5.5649    5.7689    5.7689    5.7705    5.7705    6.1101    6.1101    6.1878    6.1878    6.3049    6.3049    6.4319    6.4319    6.7290    6.7290    6.8896    6.8896    6.9988    6.9988    7.0631    7.0631    7.3107    7.3107    7.3732    7.3732    7.7734    7.7734    7.8673    7.8673    7.9685    7.9685    8.2011    8.2011    8.2370    8.2370    8.4032    8.4032    8.8344    8.8344    8.9397    8.9397    9.0986    9.0986    9.5211    9.5211    9.5364    9.5364    9.8313    9.8313   10.1093   10.1093   10.1698   10.1698   10.3994   10.3994   10.6317   10.6317   11.0785   11.0785   11.1608   11.1608   11.2250   11.2250   11.4140   11.4145   11.4173   11.4180
  3.1699  -20.7768  -20.7768  -20.7745  -20.7745  -12.6541  -12.6478  -12.5513  -12.5495  -11.5799  -11.5775  -11.4831  -11.4735  -10.8130  -10.8125  -10.7743  -10.7708   -7.6462   -7.6450   -7.6194   -7.6177   -7.6128   -7.6118   -7.5899   -7.5894   -7.5792   -7.5772   -7.5624   -7.5611   -3.9822   -3.9773   -3.7615   -3.7559   -2.3222   -2.3022   -2.2637   -2.2545   -2.1069   -2.1018   -1.8682   -1.8553   -1.5876   -1.5872   -1.3800   -1.3790   -1.3594   -1.3475   -1.0727   -1.0483   -1.0447   -1.0292   -0.9991   -0.9932   -0.6809   -0.6766   -0.6739   -0.6661   -0.4623   -0.4556   -0.4030   -0.3965    1.5818    1.5826    1.6956    1.7007    4.4339    4.5324    5.0427    5.0536    5.0739    5.0931    5.3248    5.3458    5.5643    5.5686    5.7519    5.7632    5.7758    5.7808    6.0954    6.1259    6.1578    6.2301    6.2923    6.3100    6.4304    6.4355    6.7250    6.7295    6.8716    6.9114    6.9592    6.9970    7.0577    7.1020    7.2905    7.3274    7.3551    7.3901    7.7629    7.7827    7.8550    7.8725    7.9597    7.9811    8.2029    8.2241    8.2255    8.2484    8.4068    8.4129    8.8179    8.8571    8.9181    8.9539    9.0887    9.1011    9.4947    9.5190    9.5370    9.5800    9.8158    9.8328   10.0764   10.1515   10.1531   10.1841   10.3883   10.4098   10.6250   10.6325   11.0238   11.1074   11.1532   11.1754   11.1755   11.2618   11.3838   11.3964   11.4244   11.4661
  3.1914  -20.7769  -20.7767  -20.7745  -20.7744  -12.6568  -12.6442  -12.5527  -12.5491  -11.5806  -11.5757  -11.4883  -11.4693  -10.8131  -10.8122  -10.7762  -10.7693   -7.6468   -7.6444   -7.6206   -7.6171   -7.6133   -7.6114   -7.5905   -7.5889   -7.5801   -7.5765   -7.5625   -7.5600   -3.9836   -3.9738   -3.7657   -3.7546   -2.3313   -2.2917   -2.2698   -2.2517   -2.1079   -2.0924   -1.8752   -1.8496   -1.5897   -1.5888   -1.3946   -1.3854   -1.3459   -1.3300   -1.0947   -1.0517   -1.0452   -1.0085   -1.0029   -0.9902   -0.6878   -0.6772   -0.6747   -0.6613   -0.4677   -0.4539   -0.4077   -0.3944    1.5848    1.5861    1.6949    1.7054    4.3859    4.5814    5.0407    5.0588    5.0623    5.0924    5.3128    5.3534    5.5638    5.5781    5.7272    5.7587    5.7735    5.7943    6.0847    6.1147    6.1672    6.2708    6.2795    6.3097    6.4321    6.4406    6.7187    6.7248    6.8580    6.9043    6.9368    6.9625    7.0813    7.1446    7.2697    7.3374    7.3403    7.4045    7.7521    7.7907    7.8293    7.8830    7.9467    8.0078    8.2140    8.2143    8.2600    8.2758    8.4210    8.4367    8.8079    8.8847    8.8896    8.9613    9.0729    9.0984    9.4588    9.5152    9.5768    9.6199    9.7905    9.8202   10.0591   10.1398   10.1918   10.1919   10.3750   10.4216   10.6159   10.6291   10.9482   11.1221   11.1230   11.1508   11.1924   11.2762   11.3359   11.4000   11.4164   11.4757
  3.2129  -20.7769  -20.7767  -20.7745  -20.7744  -12.6592  -12.6405  -12.5544  -12.5489  -11.5809  -11.5735  -11.4937  -11.4654  -10.8131  -10.8117  -10.7782  -10.7680   -7.6474   -7.6438   -7.6218   -7.6165   -7.6138   -7.6109   -7.5915   -7.5883   -7.5809   -7.5760   -7.5625   -7.5587   -3.9841   -3.9697   -3.7709   -3.7543   -2.3396   -2.2813   -2.2762   -2.2499   -2.1092   -2.0787   -1.8823   -1.8442   -1.5926   -1.5912   -1.4079   -1.3900   -1.3302   -1.3124   -1.1161   -1.0564   -1.0469   -1.0076   -0.9887   -0.9870   -0.6985   -0.6802   -0.6714   -0.6558   -0.4748   -0.4531   -0.4135   -0.3930    1.5894    1.5913    1.6953    1.7118    4.3397    4.6295    5.0410    5.0426    5.0727    5.0827    5.3009    5.3586    5.5629    5.5924    5.6994    5.7566    5.7644    5.8111    6.0729    6.0980    6.1953    6.2408    6.3058    6.3317    6.4379    6.4472    6.7041    6.7205    6.8388    6.8484    6.9277    6.9660    7.1016    7.1861    7.2527    7.3215    7.3506    7.4154    7.7417    7.7971    7.8001    7.8941    7.9416    8.0411    8.2034    8.2327    8.2702    8.3409    8.4473    8.4686    8.8034    8.8555    8.9126    8.9638    9.0572    9.0938    9.4308    9.5064    9.6312    9.6492    9.7595    9.8006   10.0577   10.1356   10.1914   10.2192   10.3589   10.4336   10.6093   10.6325   10.8641   11.0712   11.1328   11.1524   11.2100   11.2432   11.2996   11.3983   11.4210   11.4881
  3.2345  -20.7769  -20.7767  -20.7746  -20.7744  -12.6612  -12.6366  -12.5566  -12.5488  -11.5810  -11.5708  -11.4991  -11.4621  -10.8131  -10.8110  -10.7802  -10.7669   -7.6479   -7.6432   -7.6231   -7.6161   -7.6142   -7.6105   -7.5927   -7.5875   -7.5814   -7.5756   -7.5622   -7.5574   -3.9839   -3.9650   -3.7768   -3.7551   -2.3470   -2.2822   -2.2713   -2.2489   -2.1110   -2.0624   -1.8890   -1.8392   -1.5958   -1.5938   -1.4200   -1.3935   -1.3124   -1.2957   -1.1359   -1.0630   -1.0485   -1.0130   -0.9840   -0.9703   -0.7123   -0.6829   -0.6663   -0.6494   -0.4835   -0.4530   -0.4203   -0.3920    1.5942    1.5980    1.6966    1.7196    4.2963    4.6758    5.0261    5.0436    5.0650    5.0846    5.2895    5.3614    5.5614    5.6038    5.6789    5.7516    5.7565    5.8310    6.0555    6.0939    6.2042    6.2240    6.2988    6.3769    6.4457    6.4642    6.6810    6.7191    6.7666    6.8408    6.8965    6.9985    7.1140    7.2214    7.2474    7.3085    7.3613    7.4221    7.7331    7.7735    7.8016    7.9023    7.9488    8.0774    8.1943    8.2570    8.2771    8.4066    8.4865    8.5011    8.8036    8.8179    8.9304    8.9655    9.0500    9.0935    9.4111    9.4890    9.6620    9.6852    9.7307    9.7810   10.0719   10.1365   10.1917   10.2260   10.3407   10.4434   10.5976   10.6676   10.7803   11.0248   11.1323   11.1614   11.1842   11.2294   11.2425   11.4053   11.4527   11.4965
  3.2560  -20.7769  -20.7767  -20.7746  -20.7744  -12.6627  -12.6327  -12.5592  -12.5489  -11.5808  -11.5679  -11.5046  -11.4593  -10.8131  -10.8102  -10.7823  -10.7660   -7.6483   -7.6427   -7.6243   -7.6156   -7.6146   -7.6102   -7.5940   -7.5868   -7.5817   -7.5755   -7.5619   -7.5560   -3.9829   -3.9597   -3.7833   -3.7567   -2.3533   -2.2875   -2.2622   -2.2483   -2.1133   -2.0454   -1.8950   -1.8345   -1.5988   -1.5962   -1.4311   -1.3962   -1.2931   -1.2821   -1.1518   -1.0716   -1.0496   -1.0191   -0.9816   -0.9532   -0.7280   -0.6855   -0.6592   -0.6420   -0.4939   -0.4533   -0.4280   -0.3912    1.5985    1.6053    1.6983    1.7283    4.2567    4.7196    5.0086    5.0430    5.0484    5.0977    5.2790    5.3620    5.5586    5.5936    5.6843    5.7385    5.7578    5.8538    6.0376    6.0987    6.1631    6.2474    6.2889    6.4039    6.4485    6.5055    6.6539    6.6930    6.7195    6.8333    6.8702    7.0329    7.1185    7.2348    7.2680    7.2998    7.3765    7.4246    7.7273    7.7523    7.8038    7.9105    7.9643    8.1135    8.1862    8.2807    8.2858    8.4619    8.5264    8.5361    8.7802    8.8072    8.9298    8.9716    9.0505    9.1107    9.3983    9.4606    9.6572    9.7033    9.7322    9.7622   10.1032   10.1197   10.2115   10.2184   10.3248   10.4593   10.5841   10.7007   10.7316   10.9805   11.1195   11.1213   11.1654   11.1745   11.2518   11.4178   11.4886   11.4975
  3.2775  -20.7770  -20.7766  -20.7746  -20.7744  -12.6638  -12.6288  -12.5620  -12.5492  -11.5804  -11.5645  -11.5099  -11.4571  -10.8130  -10.8092  -10.7844  -10.7654   -7.6487   -7.6423   -7.6254   -7.6151   -7.6149   -7.6099   -7.5952   -7.5862   -7.5818   -7.5754   -7.5616   -7.5548   -3.9810   -3.9539   -3.7904   -3.7592   -2.3585   -2.2918   -2.2543   -2.2479   -2.1161   -2.0298   -1.8997   -1.8300   -1.6011   -1.5976   -1.4414   -1.3988   -1.2752   -1.2728   -1.1605   -1.0810   -1.0510   -1.0250   -0.9800   -0.9378   -0.7441   -0.6877   -0.6499   -0.6339   -0.5058   -0.4541   -0.4368   -0.3905    1.6019    1.6128    1.6999    1.7371    4.2221    4.7597    4.9874    5.0230    5.0551    5.1115    5.2697    5.3613    5.5493    5.5698    5.7018    5.7366    5.7598    5.8790    6.0220    6.1100    6.1199    6.2601    6.2762    6.4190    6.4458    6.5574    6.6264    6.6281    6.7219    6.8254    6.8507    7.0662    7.1193    7.2405    7.2945    7.2972    7.4001    7.4230    7.7247    7.7373    7.8033    7.9213    7.9851    8.1464    8.1781    8.2813    8.3181    8.4972    8.5379    8.5898    8.7489    8.8108    8.9211    8.9874    9.0516    9.1456    9.3893    9.4256    9.6385    9.6960    9.7374    9.7529   10.0861   10.1345   10.1874   10.2708   10.3244   10.4906   10.5754   10.6265   10.8049   10.9327   11.0607   11.0869   11.0922   11.1883   11.2775   11.4168   11.4984   11.5180
  3.2990  -20.7770  -20.7766  -20.7746  -20.7744  -12.6645  -12.6250  -12.5651  -12.5495  -11.5799  -11.5610  -11.5149  -11.4555  -10.8130  -10.8080  -10.7865  -10.7650   -7.6490   -7.6420   -7.6262   -7.6152   -7.6147   -7.6097   -7.5963   -7.5857   -7.5819   -7.5754   -7.5613   -7.5539   -3.9782   -3.9474   -3.7979   -3.7625   -2.3626   -2.2951   -2.2482   -2.2476   -2.1192   -2.0173   -1.9025   -1.8256   -1.6022   -1.5972   -1.4509   -1.4018   -1.2785   -1.2519   -1.1586   -1.0898   -1.0563   -1.0280   -0.9793   -0.9241   -0.7592   -0.6896   -0.6384   -0.6250   -0.5193   -0.4553   -0.4466   -0.3898    1.6043    1.6197    1.7010    1.7446    4.1935    4.7938    4.9619    5.0099    5.0636    5.1255    5.2621    5.3606    5.5200    5.5583    5.6982    5.7620    5.7660    5.9056    6.0097    6.0766    6.1275    6.2581    6.2607    6.4175    6.4444    6.5598    6.6018    6.6319    6.7261    6.8171    6.8400    7.0946    7.1209    7.2445    7.3031    7.3176    7.4176    7.4318    7.7251    7.7280    7.8003    7.9341    8.0115    8.1692    8.1732    8.2784    8.3522    8.5087    8.5332    8.6307    8.7406    8.8041    8.9224    9.0149    9.0574    9.1751    9.3807    9.3991    9.6105    9.6936    9.7156    9.7532   10.0495   10.1097   10.1852   10.3357   10.3607   10.5304   10.5577   10.5839   10.8474   10.8785   11.0089   11.0394   11.0485   11.2021   11.3059   11.4063   11.4896   11.5301
  3.3206  -20.7770  -20.7766  -20.7746  -20.7744  -12.6647  -12.6214  -12.5684  -12.5501  -11.5792  -11.5574  -11.5194  -11.4546  -10.8130  -10.8066  -10.7885  -10.7649   -7.6492   -7.6418   -7.6267   -7.6153   -7.6142   -7.6095   -7.5971   -7.5854   -7.5819   -7.5755   -7.5611   -7.5532   -3.9746   -3.9405   -3.8056   -3.7665   -2.3654   -2.2973   -2.2475   -2.2443   -2.1226   -2.0096   -1.9029   -1.8213   -1.6022   -1.5944   -1.4597   -1.4055   -1.2911   -1.2312   -1.1470   -1.0968   -1.0674   -1.0263   -0.9793   -0.9122   -0.7718   -0.6909   -0.6248   -0.6155   -0.5339   -0.4574   -0.4568   -0.3891    1.6058    1.6257    1.7008    1.7498    4.1721    4.8169    4.9390    5.0032    5.0734    5.1394    5.2565    5.3607    5.4833    5.5497    5.6900    5.7635    5.8057    5.9322    6.0008    6.0353    6.1506    6.2384    6.2427    6.3878    6.4530    6.5360    6.5825    6.6864    6.7325    6.8091    6.8396    7.1143    7.1259    7.2454    7.3202    7.3396    7.4089    7.4679    7.7240    7.7267    7.7962    7.9471    8.0443    8.1592    8.1916    8.2698    8.3840    8.5037    8.5171    8.6338    8.7774    8.7833    8.9361    9.0520    9.0705    9.1743    9.3692    9.3995    9.5755    9.6828    9.7045    9.7452   10.0207   10.0559   10.1787   10.3994   10.4148   10.4982   10.5502   10.6342   10.7871   10.8510   10.9751   10.9923   11.0605   11.2158   11.3353   11.3952   11.4756   11.5331
  3.3421  -20.7770  -20.7766  -20.7746  -20.7744  -12.6644  -12.6183  -12.5715  -12.5507  -11.5784  -11.5541  -11.5231  -11.4543  -10.8130  -10.8050  -10.7905  -10.7650   -7.6494   -7.6418   -7.6269   -7.6153   -7.6137   -7.6094   -7.5976   -7.5851   -7.5819   -7.5757   -7.5611   -7.5529   -3.9702   -3.9331   -3.8135   -3.7712   -2.3671   -2.2983   -2.2474   -2.2428   -2.1263   -2.0076   -1.9005   -1.8171   -1.6008   -1.5889   -1.4680   -1.4103   -1.3094   -1.2113   -1.1295   -1.1024   -1.0814   -1.0216   -0.9801   -0.9021   -0.7805   -0.6918   -0.6095   -0.6058   -0.5492   -0.4693   -0.4585   -0.3884    1.6065    1.6307    1.6986    1.7515    4.1585    4.8193    4.9305    5.0019    5.0843    5.1527    5.2529    5.3618    5.4476    5.5380    5.6855    5.7636    5.8445    5.9538    5.9959    6.0012    6.1772    6.2007    6.2228    6.3527    6.4602    6.5279    6.5703    6.7415    6.7416    6.8018    6.8491    7.1239    7.1351    7.2435    7.3484    7.3618    7.3976    7.5043    7.7258    7.7258    7.7943    7.9592    8.0820    8.1483    8.2008    8.2524    8.4004    8.4987    8.5022    8.6165    8.7582    8.8373    8.9490    9.0842    9.0945    9.1490    9.3540    9.4167    9.5337    9.6730    9.7009    9.7324    9.9976   10.0078   10.1680   10.4028   10.4373   10.4986   10.5565   10.6694   10.7364   10.8256   10.9345   10.9817   11.0982   11.2292   11.3632   11.3838   11.4820   11.5398
  3.3636  -20.7770  -20.7766  -20.7746  -20.7744  -12.6637  -12.6158  -12.5744  -12.5515  -11.5775  -11.5516  -11.5253  -11.4546  -10.8130  -10.8033  -10.7923  -10.7654   -7.6494   -7.6418   -7.6267   -7.6153   -7.6133   -7.6093   -7.5977   -7.5849   -7.5819   -7.5759   -7.5612   -7.5530   -3.9650   -3.9252   -3.8216   -3.7765   -2.3675   -2.2982   -2.2473   -2.2439   -2.1302   -2.0118   -1.8952   -1.8130   -1.5982   -1.5808   -1.4759   -1.4163   -1.3305   -1.1936   -1.1128   -1.1090   -1.0888   -1.0156   -0.9815   -0.8940   -0.7844   -0.6922   -0.5970   -0.5926   -0.5641   -0.4823   -0.4606   -0.3878    1.6066    1.6347    1.6943    1.7492    4.1534    4.7985    4.9400    5.0058    5.0959    5.1649    5.2505    5.3615    5.4180    5.5225    5.6861    5.7617    5.8775    5.9460    5.9962    5.9984    6.1477    6.2019    6.2077    6.3234    6.4660    6.5267    6.5662    6.7540    6.7935    6.7956    6.8669    7.1253    7.1480    7.2403    7.3840    7.3843    7.3845    7.5363    7.7188    7.7356    7.7979    7.9700    8.1211    8.1369    8.2019    8.2248    8.3875    8.4851    8.5242    8.5950    8.7388    8.8977    8.9492    9.0718    9.1395    9.1432    9.3350    9.4206    9.4880    9.6718    9.6938    9.7247    9.9419   10.0123   10.1620   10.3476   10.4118   10.5459   10.5528   10.5900   10.7640   10.8392   10.8918   11.0479   11.1130   11.2416   11.3797   11.3869   11.4933   11.5536
  3.3851  -20.7770  -20.7766  -20.7746  -20.7744  -12.6624  -12.6142  -12.5766  -12.5524  -11.5766  -11.5508  -11.5253  -11.4557  -10.8129  -10.8017  -10.7938  -10.7661   -7.6494   -7.6420   -7.6262   -7.6151   -7.6129   -7.6094   -7.5975   -7.5849   -7.5820   -7.5762   -7.5615   -7.5534   -3.9590   -3.9170   -3.8296   -3.7823   -2.3666   -2.2967   -2.2475   -2.2473   -2.1341   -2.0217   -1.8872   -1.8090   -1.5943   -1.5703   -1.4832   -1.4235   -1.3528   -1.1824   -1.1270   -1.0871   -1.0854   -1.0096   -0.9832   -0.8878   -0.7832   -0.6920   -0.5950   -0.5745   -0.5725   -0.4964   -0.4630   -0.3875    1.6062    1.6377    1.6877    1.7429    4.1567    4.7651    4.9578    5.0147    5.1079    5.1757    5.2477    5.3535    5.4020    5.5043    5.6916    5.7577    5.8997    5.9178    6.0011    6.0171    6.0965    6.1815    6.2330    6.3007    6.4729    6.5271    6.5702    6.7699    6.7914    6.8397    6.8916    7.1216    7.1637    7.2372    7.3692    7.4079    7.4218    7.5586    7.7064    7.7566    7.8069    7.9793    8.1254    8.1535    8.1895    8.2001    8.3602    8.4780    8.5599    8.5733    8.7316    8.9255    8.9477    9.0481    9.1566    9.1868    9.3087    9.4039    9.4489    9.6491    9.6730    9.7516    9.8911   10.0279   10.1664   10.2882   10.3605   10.4960   10.5438   10.5728   10.7549   10.8841   10.8841   11.0950   11.1706   11.2523   11.3819   11.4034   11.4857   11.5743
  3.4067  -20.7770  -20.7766  -20.7746  -20.7744  -12.6607  -12.6140  -12.5779  -12.5535  -11.5756  -11.5518  -11.5229  -11.4574  -10.8128  -10.8005  -10.7946  -10.7670   -7.6492   -7.6423   -7.6253   -7.6148   -7.6126   -7.6094   -7.5968   -7.5848   -7.5822   -7.5765   -7.5619   -7.5541   -3.9524   -3.9083   -3.8377   -3.7886   -2.3646   -2.2938   -2.2532   -2.2474   -2.1380   -2.0364   -1.8769   -1.8052   -1.5895   -1.5579   -1.4899   -1.4317   -1.3756   -1.1888   -1.1284   -1.0763   -1.0645   -1.0049   -0.9849   -0.8837   -0.7767   -0.6915   -0.6066   -0.5672   -0.5557   -0.5115   -0.4657   -0.3877    1.6054    1.6395    1.6794    1.7329    4.1683    4.7260    4.9784    5.0279    5.1199    5.1846    5.2416    5.3402    5.3986    5.4850    5.7015    5.7519    5.8903    5.9099    5.9971    6.0353    6.0644    6.1627    6.2462    6.2903    6.4816    6.5283    6.5817    6.7805    6.7988    6.8769    6.9218    7.1151    7.1818    7.2359    7.3531    7.4325    7.4539    7.5683    7.6942    7.7890    7.8178    7.9873    8.1136    8.1530    8.1629    8.2065    8.3383    8.4753    8.5523    8.5965    8.7388    8.8775    8.9803    9.0389    9.1647    9.2386    9.2673    9.3772    9.4316    9.6071    9.6432    9.7818    9.8498   10.0430   10.1775   10.2305   10.3141   10.4120   10.5255   10.5775   10.7353   10.9066   10.9151   11.0696   11.2603   11.2979   11.3905   11.4108   11.5000   11.6015
  3.4282  -20.7770  -20.7766  -20.7746  -20.7744  -12.6586  -12.6151  -12.5779  -12.5548  -11.5746  -11.5538  -11.5188  -11.4598  -10.8126  -10.8006  -10.7940  -10.7682   -7.6490   -7.6427   -7.6241   -7.6145   -7.6125   -7.6096   -7.5958   -7.5850   -7.5824   -7.5769   -7.5623   -7.5552   -3.9453   -3.8994   -3.8459   -3.7953   -2.3613   -2.2894   -2.2607   -2.2475   -2.1418   -2.0548   -1.8647   -1.8018   -1.5839   -1.5440   -1.4958   -1.4404   -1.3980   -1.2114   -1.1166   -1.0640   -1.0418   -1.0028   -0.9852   -0.8816   -0.7656   -0.6906   -0.6223   -0.5576   -0.5385   -0.5257   -0.4690   -0.3888    1.6043    1.6395    1.6706    1.7204    4.1874    4.6837    5.0003    5.0445    5.1316    5.1914    5.2297    5.3323    5.3967    5.4658    5.7157    5.7456    5.8654    5.9106    5.9714    6.0502    6.0610    6.1463    6.2438    6.2972    6.4900    6.5307    6.5988    6.7780    6.8262    6.9059    6.9523    7.1076    7.2022    7.2385    7.3366    7.4584    7.4704    7.5676    7.6911    7.8270    7.8279    7.9945    8.0980    8.1250    8.1546    8.2074    8.3393    8.4744    8.5324    8.6287    8.7579    8.8198    8.9949    9.0383    9.1608    9.2126    9.2957    9.3505    9.4375    9.5570    9.6096    9.7549    9.8536   10.0465   10.1617   10.1752   10.3083   10.3511   10.4974   10.5841   10.7214   10.8893   10.9654   11.0366   11.2657   11.3802   11.4095   11.4565   11.5376   11.6348
  3.4497  -20.7770  -20.7767  -20.7745  -20.7744  -12.6560  -12.6175  -12.5770  -12.5562  -11.5736  -11.5564  -11.5138  -11.4627  -10.8123  -10.8017  -10.7922  -10.7696   -7.6487   -7.6432   -7.6227   -7.6141   -7.6125   -7.6098   -7.5946   -7.5853   -7.5825   -7.5773   -7.5628   -7.5565   -3.9376   -3.8903   -3.8540   -3.8025   -2.3569   -2.2835   -2.2695   -2.2477   -2.1452   -2.0754   -1.8516   -1.7988   -1.5775   -1.5299   -1.5007   -1.4482   -1.4197   -1.2395   -1.1014   -1.0498   -1.0194   -1.0041   -0.9838   -0.8818   -0.7507   -0.6896   -0.6378   -0.5474   -0.5473   -0.5147   -0.4727   -0.3911    1.6028    1.6364    1.6635    1.7066    4.2133    4.6394    5.0230    5.0639    5.1429    5.1959    5.2131    5.3314    5.3908    5.4478    5.7346    5.7401    5.8429    5.9045    5.9462    6.0569    6.0616    6.1325    6.2456    6.3077    6.4957    6.5339    6.6196    6.7734    6.8628    6.9302    6.9762    7.1001    7.2235    7.2476    7.3201    7.4628    7.4849    7.5610    7.7042    7.8317    7.8662    8.0011    8.0784    8.1114    8.1440    8.1925    8.3653    8.4731    8.5136    8.6541    8.7617    8.7814    8.9967    9.0418    9.1454    9.1546    9.3293    9.3554    9.4568    9.5057    9.5750    9.6961    9.8742   10.0343   10.1066   10.1214   10.3024   10.3590   10.4676   10.6099   10.7185   10.8454   11.0021   11.0142   11.2703   11.4020   11.4251   11.5385   11.5895   11.6747
  3.4712  -20.7769  -20.7767  -20.7745  -20.7744  -12.6530  -12.6209  -12.5753  -12.5578  -11.5726  -11.5589  -11.5083  -11.4663  -10.8118  -10.8031  -10.7899  -10.7713   -7.6483   -7.6438   -7.6211   -7.6136   -7.6126   -7.6101   -7.5932   -7.5858   -7.5824   -7.5778   -7.5632   -7.5579   -3.9296   -3.8810   -3.8622   -3.8101   -2.3514   -2.2792   -2.2761   -2.2479   -2.1483   -2.0968   -1.8382   -1.7964   -1.5704   -1.5180   -1.5043   -1.4523   -1.4401   -1.2694   -1.0865   -1.0359   -1.0070   -0.9975   -0.9817   -0.8844   -0.7328   -0.6885   -0.6521   -0.5656   -0.5371   -0.4957   -0.4770   -0.3948    1.6010    1.6295    1.6598    1.6931    4.2449    4.5938    5.0457    5.0859    5.1534    5.1953    5.1980    5.3302    5.3829    5.4318    5.7368    5.7581    5.8221    5.8948    5.9306    6.0388    6.0702    6.1213    6.2597    6.3158    6.4985    6.5357    6.6421    6.7675    6.9069    6.9509    6.9910    7.0934    7.2433    7.2646    7.3045    7.4327    7.5099    7.5529    7.7301    7.8306    7.8986    8.0059    8.0648    8.1047    8.1361    8.1736    8.4058    8.4705    8.4961    8.6710    8.7118    8.7952    8.9920    9.0495    9.1007    9.1244    9.3157    9.4135    9.4556    9.4814    9.5432    9.6364    9.8866   10.0112   10.0421   10.0691   10.2850   10.3744   10.4742   10.6564   10.7251   10.7960   10.9695   11.0450   11.2792   11.3918   11.4623   11.5659   11.6780   11.7262
  3.4927  -20.7769  -20.7767  -20.7745  -20.7744  -12.6496  -12.6248  -12.5731  -12.5596  -11.5714  -11.5614  -11.5025  -11.4704  -10.8112  -10.8045  -10.7875  -10.7732   -7.6479   -7.6444   -7.6194   -7.6132   -7.6128   -7.6104   -7.5918   -7.5866   -7.5822   -7.5784   -7.5635   -7.5594   -3.9213   -3.8721   -3.8701   -3.8181   -2.3448   -2.2894   -2.2675   -2.2481   -2.1508   -2.1175   -1.8256   -1.7949   -1.5625   -1.5131   -1.5061   -1.4585   -1.4478   -1.2998   -1.0729   -1.0262   -1.0076   -0.9803   -0.9765   -0.8896   -0.7129   -0.6874   -0.6642   -0.5852   -0.5273   -0.4820   -0.4770   -0.4004    1.5992    1.6206    1.6587    1.6813    4.2811    4.5473    5.0670    5.1095    5.1632    5.1801    5.1979    5.3173    5.3811    5.4187    5.7365    5.7857    5.8029    5.8868    5.9208    6.0097    6.0768    6.1122    6.2811    6.3211    6.5001    6.5338    6.6645    6.7599    6.9570    6.9679    6.9980    7.0881    7.2621    7.2843    7.2908    7.3884    7.5308    7.5475    7.7597    7.8250    7.9238    8.0062    8.0609    8.1002    8.1323    8.1578    8.4551    8.4664    8.4805    8.6638    8.6872    8.7908    8.9856    9.0552    9.0618    9.1062    9.3092    9.4084    9.4658    9.5062    9.5181    9.5846    9.8893    9.9831    9.9852   10.0203   10.2790   10.3498   10.5210   10.7169   10.7184   10.7755   10.9412   11.0470   11.2967   11.3817   11.4871   11.5650   11.7615   11.7745
  3.5143  -20.7769  -20.7768  -20.7745  -20.7744  -12.6459  -12.6290  -12.5708  -12.5616  -11.5702  -11.5636  -11.4967  -11.4750  -10.8104  -10.8059  -10.7849  -10.7753   -7.6474   -7.6450   -7.6177   -7.6133   -7.6127   -7.6108   -7.5905   -7.5873   -7.5817   -7.5789   -7.5636   -7.5608   -3.9129   -3.8789   -3.8623   -3.8264   -2.3372   -2.2997   -2.2587   -2.2483   -2.1527   -2.1357   -1.8146   -1.7947   -1.5538   -1.5165   -1.5058   -1.4744   -1.4331   -1.3297   -1.0607   -1.0267   -1.0010   -0.9802   -0.9567   -0.8977   -0.6919   -0.6864   -0.6737   -0.6056   -0.5180   -0.4877   -0.4595   -0.4079    1.5980    1.6119    1.6588    1.6721    4.3209    4.5005    5.0861    5.1282    5.1720    5.1748    5.1958    5.2910    5.3865    5.4091    5.7398    5.7854    5.8162    5.8825    5.9136    5.9753    6.0823    6.1047    6.3025    6.3242    6.5020    6.5280    6.6858    6.7500    6.9808    6.9998    7.0095    7.0844    7.2798    7.2803    7.2996    7.3379    7.5428    7.5489    7.7857    7.8180    7.9436    8.0004    8.0646    8.0958    8.1318    8.1469    8.4616    8.4677    8.5096    8.6371    8.6868    8.7660    8.9804    9.0203    9.0758    9.0956    9.3088    9.3675    9.5018    9.5084    9.5276    9.5450    9.8854    9.9358    9.9624    9.9793   10.2804   10.3239   10.5625   10.6820   10.7842   10.8035   10.9176   11.0212   11.3194   11.3729   11.5006   11.5495   11.8156   11.8325
  3.5358  -20.7769  -20.7768  -20.7745  -20.7744  -12.6419  -12.6334  -12.5684  -12.5637  -11.5688  -11.5656  -11.4909  -11.4800  -10.8095  -10.8073  -10.7824  -10.7775   -7.6468   -7.6456   -7.6162   -7.6140   -7.6122   -7.6112   -7.5896   -7.5881   -7.5811   -7.5796   -7.5634   -7.5620   -3.9044   -3.8873   -3.8530   -3.8351   -2.3287   -2.3098   -2.2515   -2.2484   -2.1538   -2.1489   -1.8059   -1.7962   -1.5443   -1.5246   -1.5028   -1.4873   -1.4116   -1.3588   -1.0499   -1.0326   -0.9925   -0.9819   -0.9385   -0.9087   -0.6854   -0.6801   -0.6702   -0.6268   -0.5093   -0.4941   -0.4436   -0.4176    1.5981    1.6050    1.6599    1.6658    4.3635    4.4539    5.1028    5.1282    5.1798    5.1919    5.1925    5.2581    5.3930    5.4026    5.7467    5.7699    5.8472    5.8800    5.9097    5.9411    6.0874    6.0982    6.3184    6.3256    6.5056    6.5198    6.7053    6.7377    6.9898    6.9987    7.0563    7.0822    7.2728    7.2918    7.2954    7.3067    7.5478    7.5537    7.8030    7.8127    7.9605    7.9896    8.0727    8.0899    8.1330    8.1400    8.4577    8.4592    8.5630    8.6192    8.6863    8.7287    8.9790    8.9968    9.0863    9.0916    9.3128    9.3377    9.4959    9.5177    9.5370    9.5421    9.8816    9.9030    9.9467    9.9513   10.2859   10.3055   10.5923   10.6469   10.8413   10.8527   10.8966   10.9757   11.3399   11.3646   11.5084   11.5304   11.8491   11.8717
  3.5573  -20.7768  -20.7768  -20.7745  -20.7745  -12.6377  -12.6377  -12.5660  -12.5660  -11.5673  -11.5673  -11.4853  -11.4853  -10.8085  -10.8085  -10.7799  -10.7799   -7.6462   -7.6462   -7.6150   -7.6150   -7.6117   -7.6117   -7.5888   -7.5888   -7.5803   -7.5803   -7.5628   -7.5628   -3.8958   -3.8958   -3.8439   -3.8439   -2.3196   -2.3196   -2.2485   -2.2485   -2.1541   -2.1541   -1.7998   -1.7998   -1.5343   -1.5343   -1.4968   -1.4968   -1.3863   -1.3863   -1.0406   -1.0406   -0.9859   -0.9859   -0.9224   -0.9224   -0.6836   -0.6836   -0.6484   -0.6484   -0.5013   -0.5013   -0.4295   -0.4295    1.6003    1.6003    1.6620    1.6620    4.4081    4.4081    5.1171    5.1171    5.1865    5.1865    5.2237    5.2237    5.3980    5.3980    5.7568    5.7568    5.8715    5.8715    5.9159    5.9159    6.0926    6.0926    6.3251    6.3251    6.5117    6.5117    6.7227    6.7227    6.9954    6.9954    7.0797    7.0797    7.2703    7.2703    7.3049    7.3049    7.5526    7.5526    7.8099    7.8099    7.9758    7.9758    8.0820    8.0820    8.1356    8.1356    8.4562    8.4562    8.6013    8.6013    8.6965    8.6965    8.9837    8.9837    9.0904    9.0904    9.3209    9.3209    9.5014    9.5014    9.5472    9.5472    9.8856    9.8856    9.9412    9.9412   10.2938   10.2938   10.6180   10.6180   10.8730   10.8730   10.9179   10.9179   11.3546   11.3546   11.5165   11.5165   11.8728   11.8750
  3.5573  -20.7768  -20.7768  -20.7745  -20.7745  -12.6377  -12.6377  -12.5660  -12.5660  -11.5673  -11.5673  -11.4853  -11.4853  -10.8085  -10.8085  -10.7799  -10.7799   -7.6462   -7.6462   -7.6150   -7.6150   -7.6117   -7.6117   -7.5888   -7.5888   -7.5803   -7.5803   -7.5628   -7.5628   -3.8958   -3.8958   -3.8439   -3.8439   -2.3196   -2.3196   -2.2485   -2.2485   -2.1541   -2.1541   -1.7998   -1.7998   -1.5343   -1.5343   -1.4968   -1.4968   -1.3863   -1.3863   -1.0406   -1.0406   -0.9859   -0.9859   -0.9224   -0.9224   -0.6836   -0.6836   -0.6484   -0.6484   -0.5013   -0.5013   -0.4295   -0.4295    1.6003    1.6003    1.6620    1.6620    4.4081    4.4081    5.1171    5.1171    5.1865    5.1865    5.2237    5.2237    5.3980    5.3980    5.7568    5.7568    5.8715    5.8715    5.9159    5.9159    6.0926    6.0926    6.3251    6.3251    6.5117    6.5117    6.7227    6.7227    6.9954    6.9954    7.0797    7.0797    7.2703    7.2703    7.3049    7.3049    7.5526    7.5526    7.8099    7.8099    7.9758    7.9758    8.0820    8.0820    8.1356    8.1356    8.4562    8.4562    8.6013    8.6013    8.6965    8.6965    8.9837    8.9837    9.0904    9.0904    9.3209    9.3209    9.5014    9.5014    9.5472    9.5472    9.8856    9.8856    9.9412    9.9412   10.2938   10.2938   10.6180   10.6180   10.8730   10.8730   10.9179   10.9179   11.3546   11.3546   11.5165   11.5165   11.8724   11.8728
  3.5731  -20.7768  -20.7768  -20.7745  -20.7745  -12.6377  -12.6377  -12.5660  -12.5660  -11.5672  -11.5672  -11.4854  -11.4854  -10.8084  -10.8084  -10.7800  -10.7800   -7.6462   -7.6462   -7.6150   -7.6150   -7.6117   -7.6117   -7.5888   -7.5888   -7.5803   -7.5803   -7.5627   -7.5627   -3.8958   -3.8958   -3.8441   -3.8441   -2.3195   -2.3195   -2.2496   -2.2496   -2.1528   -2.1528   -1.8008   -1.8008   -1.5341   -1.5341   -1.4953   -1.4953   -1.3853   -1.3853   -1.0410   -1.0410   -0.9866   -0.9866   -0.9233   -0.9233   -0.6830   -0.6830   -0.6485   -0.6485   -0.5016   -0.5016   -0.4302   -0.4302    1.6009    1.6009    1.6624    1.6624    4.4086    4.4086    5.1167    5.1167    5.1862    5.1862    5.2240    5.2240    5.3986    5.3986    5.7572    5.7572    5.8623    5.8623    5.9249    5.9249    6.0929    6.0929    6.3216    6.3216    6.5127    6.5127    6.7217    6.7217    6.9942    6.9942    7.0754    7.0754    7.2759    7.2759    7.3007    7.3007    7.5541    7.5541    7.8083    7.8083    7.9748    7.9748    8.0803    8.0803    8.1368    8.1368    8.4602    8.4602    8.5928    8.5928    8.7098    8.7098    8.9864    8.9864    9.0896    9.0896    9.3243    9.3243    9.5055    9.5055    9.5444    9.5444    9.8856    9.8856    9.9425    9.9425   10.2941   10.2941   10.6204   10.6204   10.8696   10.8696   10.9142   10.9142   11.3542   11.3542   11.5166   11.5166   11.8573   11.8967
  3.5888  -20.7768  -20.7768  -20.7745  -20.7745  -12.6376  -12.6376  -12.5662  -12.5662  -11.5668  -11.5668  -11.4856  -11.4856  -10.8084  -10.8084  -10.7802  -10.7802   -7.6462   -7.6462   -7.6152   -7.6152   -7.6117   -7.6117   -7.5890   -7.5890   -7.5802   -7.5802   -7.5625   -7.5625   -3.8957   -3.8957   -3.8445   -3.8445   -2.3192   -2.3192   -2.2529   -2.2529   -2.1492   -2.1492   -1.8036   -1.8036   -1.5333   -1.5333   -1.4910   -1.4910   -1.3822   -1.3822   -1.0422   -1.0422   -0.9884   -0.9884   -0.9259   -0.9259   -0.6814   -0.6814   -0.6488   -0.6488   -0.5023   -0.5023   -0.4323   -0.4323    1.6028    1.6028    1.6638    1.6638    4.4103    4.4103    5.1152    5.1152    5.1855    5.1855    5.2250    5.2250    5.4003    5.4003    5.7583    5.7583    5.8445    5.8445    5.9419    5.9419    6.0939    6.0939    6.3118    6.3118    6.5153    6.5153    6.7187    6.7187    6.9905    6.9905    7.0643    7.0643    7.2886    7.2886    7.2909    7.2909    7.5586    7.5586    7.8033    7.8033    7.9715    7.9715    8.0762    8.0762    8.1404    8.1404    8.4716    8.4716    8.5763    8.5763    8.7399    8.7399    8.9944    8.9944    9.0874    9.0874    9.3345    9.3345    9.5174    9.5174    9.5361    9.5361    9.8855    9.8855    9.9462    9.9462   10.2948   10.2948   10.6266   10.6266   10.8607   10.8607   10.9035   10.9035   11.3516   11.3516   11.5164   11.5164   11.8248   11.8354
  3.6046  -20.7768  -20.7768  -20.7745  -20.7745  -12.6375  -12.6375  -12.5664  -12.5664  -11.5662  -11.5662  -11.4859  -11.4859  -10.8083  -10.8083  -10.7805  -10.7805   -7.6462   -7.6462   -7.6155   -7.6155   -7.6118   -7.6118   -7.5892   -7.5892   -7.5800   -7.5800   -7.5620   -7.5620   -3.8956   -3.8956   -3.8453   -3.8453   -2.3188   -2.3188   -2.2578   -2.2578   -2.1436   -2.1436   -1.8082   -1.8082   -1.5321   -1.5321   -1.4841   -1.4841   -1.3771   -1.3771   -1.0442   -1.0442   -0.9915   -0.9915   -0.9303   -0.9303   -0.6786   -0.6786   -0.6494   -0.6494   -0.5034   -0.5034   -0.4357   -0.4357    1.6058    1.6058    1.6660    1.6660    4.4132    4.4132    5.1124    5.1124    5.1842    5.1842    5.2266    5.2266    5.4033    5.4033    5.7603    5.7603    5.8258    5.8258    5.9593    5.9593    6.0952    6.0952    6.2970    6.2970    6.5181    6.5181    6.7137    6.7137    6.9841    6.9841    7.0495    7.0495    7.2695    7.2695    7.3120    7.3120    7.5663    7.5663    7.7943    7.7943    7.9653    7.9653    8.0716    8.0716    8.1473    8.1473    8.4892    8.4892    8.5612    8.5612    8.7757    8.7757    9.0073    9.0073    9.0851    9.0851    9.3513    9.3513    9.5227    9.5227    9.5364    9.5364    9.8852    9.8852    9.9523    9.9523   10.2964   10.2964   10.6346   10.6346   10.8494   10.8494   10.8865   10.8865   11.3427   11.3427   11.5145   11.5145   11.7922   11.7953
  3.6203  -20.7768  -20.7768  -20.7745  -20.7745  -12.6374  -12.6374  -12.5667  -12.5667  -11.5654  -11.5654  -11.4864  -11.4864  -10.8082  -10.8082  -10.7809  -10.7809   -7.6461   -7.6461   -7.6159   -7.6159   -7.6118   -7.6118   -7.5896   -7.5896   -7.5796   -7.5796   -7.5615   -7.5615   -3.8953   -3.8953   -3.8463   -3.8463   -2.3181   -2.3181   -2.2638   -2.2638   -2.1366   -2.1366   -1.8142   -1.8142   -1.5304   -1.5304   -1.4749   -1.4749   -1.3701   -1.3701   -1.0471   -1.0471   -0.9956   -0.9956   -0.9362   -0.9362   -0.6750   -0.6750   -0.6501   -0.6501   -0.5051   -0.5051   -0.4404   -0.4404    1.6099    1.6099    1.6690    1.6690    4.4173    4.4173    5.1077    5.1077    5.1825    5.1825    5.2290    5.2290    5.4077    5.4077    5.7630    5.7630    5.8086    5.8086    5.9747    5.9747    6.0968    6.0968    6.2787    6.2787    6.5199    6.5199    6.7067    6.7067    6.9748    6.9748    7.0339    7.0339    7.2453    7.2453    7.3363    7.3363    7.5771    7.5771    7.7809    7.7809    7.9561    7.9561    8.0691    8.0691    8.1577    8.1577    8.5114    8.5114    8.5507    8.5507    8.8113    8.8113    9.0246    9.0246    9.0845    9.0845    9.3742    9.3742    9.5051    9.5051    9.5612    9.5612    9.8849    9.8849    9.9602    9.9602   10.2992   10.2992   10.6407   10.6407   10.8408   10.8408   10.8642   10.8642   11.3224   11.3224   11.5089   11.5089   11.7716   11.7791
  3.6361  -20.7768  -20.7768  -20.7745  -20.7745  -12.6372  -12.6372  -12.5670  -12.5670  -11.5643  -11.5643  -11.4870  -11.4870  -10.8080  -10.8080  -10.7814  -10.7814   -7.6460   -7.6460   -7.6164   -7.6164   -7.6119   -7.6119   -7.5901   -7.5901   -7.5792   -7.5792   -7.5608   -7.5608   -3.8950   -3.8950   -3.8477   -3.8477   -2.3174   -2.3174   -2.2705   -2.2705   -2.1287   -2.1287   -1.8213   -1.8213   -1.5284   -1.5284   -1.4637   -1.4637   -1.3614   -1.3614   -1.0508   -1.0508   -1.0005   -1.0005   -0.9436   -0.9436   -0.6705   -0.6705   -0.6510   -0.6510   -0.5071   -0.5071   -0.4464   -0.4464    1.6150    1.6150    1.6728    1.6728    4.4227    4.4227    5.1003    5.1003    5.1804    5.1804    5.2328    5.2328    5.4134    5.4134    5.7667    5.7667    5.7944    5.7944    5.9866    5.9866    6.0984    6.0984    6.2585    6.2585    6.5194    6.5194    6.6981    6.6981    6.9622    6.9622    7.0193    7.0193    7.2179    7.2179    7.3616    7.3616    7.5909    7.5909    7.7630    7.7630    7.9447    7.9447    8.0704    8.0704    8.1715    8.1715    8.5367    8.5367    8.5453    8.5453    8.8420    8.8420    9.0452    9.0452    9.0886    9.0886    9.4022    9.4022    9.4844    9.4844    9.5902    9.5902    9.8845    9.8845    9.9696    9.9696   10.3035   10.3035   10.6405   10.6405   10.8374   10.8374   10.8411   10.8411   11.2879   11.2879   11.4973   11.4973   11.7552   11.7629
  3.6518  -20.7768  -20.7768  -20.7745  -20.7745  -12.6369  -12.6369  -12.5674  -12.5674  -11.5630  -11.5630  -11.4877  -11.4877  -10.8078  -10.8078  -10.7820  -10.7820   -7.6459   -7.6459   -7.6170   -7.6170   -7.6120   -7.6120   -7.5907   -7.5907   -7.5786   -7.5786   -7.5600   -7.5600   -3.8947   -3.8947   -3.8492   -3.8492   -2.3165   -2.3165   -2.2777   -2.2777   -2.1201   -2.1201   -1.8292   -1.8292   -1.5260   -1.5260   -1.4509   -1.4509   -1.3509   -1.3509   -1.0553   -1.0553   -1.0061   -1.0061   -0.9522   -0.9522   -0.6653   -0.6653   -0.6520   -0.6520   -0.5096   -0.5096   -0.4535   -0.4535    1.6209    1.6209    1.6771    1.6771    4.4295    4.4295    5.0893    5.0893    5.1779    5.1779    5.2383    5.2383    5.4202    5.4202    5.7714    5.7714    5.7843    5.7843    5.9941    5.9941    6.0995    6.0995    6.2379    6.2379    6.5156    6.5156    6.6880    6.6880    6.9460    6.9460    7.0071    7.0071    7.1894    7.1894    7.3859    7.3859    7.6072    7.6072    7.7415    7.7415    7.9326    7.9326    8.0765    8.0765    8.1879    8.1879    8.5446    8.5446    8.5642    8.5642    8.8640    8.8640    9.0680    9.0680    9.1001    9.1001    9.4339    9.4339    9.4621    9.4621    9.6222    9.6222    9.8844    9.8844    9.9800    9.9800   10.3091   10.3091   10.6329   10.6329   10.8068   10.8068   10.8534   10.8534   11.2406   11.2406   11.4790   11.4790   11.7347   11.7543
  3.6675  -20.7768  -20.7768  -20.7745  -20.7745  -12.6367  -12.6367  -12.5679  -12.5679  -11.5616  -11.5616  -11.4886  -11.4886  -10.8075  -10.8075  -10.7827  -10.7827   -7.6458   -7.6458   -7.6175   -7.6175   -7.6121   -7.6121   -7.5914   -7.5914   -7.5779   -7.5779   -7.5593   -7.5593   -3.8942   -3.8942   -3.8510   -3.8510   -2.3154   -2.3154   -2.2849   -2.2849   -2.1111   -2.1111   -1.8375   -1.8375   -1.5235   -1.5235   -1.4367   -1.4367   -1.3391   -1.3391   -1.0607   -1.0607   -1.0122   -1.0122   -0.9620   -0.9620   -0.6596   -0.6596   -0.6529   -0.6529   -0.5126   -0.5126   -0.4617   -0.4617    1.6275    1.6275    1.6819    1.6819    4.4378    4.4378    5.0743    5.0743    5.1752    5.1752    5.2461    5.2461    5.4280    5.4280    5.7772    5.7772    5.7790    5.7790    5.9961    5.9961    6.0997    6.0997    6.2179    6.2179    6.5080    6.5080    6.6769    6.6769    6.9260    6.9260    6.9978    6.9978    7.1619    7.1619    7.4076    7.4076    7.6256    7.6256    7.7181    7.7181    7.9216    7.9216    8.0875    8.0875    8.2063    8.2063    8.5480    8.5480    8.5929    8.5929    8.8755    8.8755    9.0911    9.0911    9.1198    9.1198    9.4401    9.4401    9.4670    9.4670    9.6560    9.6560    9.8851    9.8851    9.9908    9.9908   10.3156   10.3156   10.6216   10.6216   10.7723   10.7723   10.8762   10.8762   11.1854   11.1854   11.4551   11.4551   11.7208   11.7400
  3.6833  -20.7768  -20.7768  -20.7745  -20.7745  -12.6364  -12.6364  -12.5684  -12.5684  -11.5600  -11.5600  -11.4896  -11.4896  -10.8072  -10.8072  -10.7835  -10.7835   -7.6457   -7.6457   -7.6181   -7.6181   -7.6122   -7.6122   -7.5921   -7.5921   -7.5772   -7.5772   -7.5585   -7.5585   -3.8936   -3.8936   -3.8530   -3.8530   -2.3143   -2.3143   -2.2920   -2.2920   -2.1019   -2.1019   -1.8461   -1.8461   -1.5208   -1.5208   -1.4216   -1.4216   -1.3260   -1.3260   -1.0669   -1.0669   -1.0186   -1.0186   -0.9726   -0.9726   -0.6539   -0.6539   -0.6534   -0.6534   -0.5159   -0.5159   -0.4708   -0.4708    1.6346    1.6346    1.6871    1.6871    4.4477    4.4477    5.0550    5.0550    5.1722    5.1722    5.2563    5.2563    5.4363    5.4363    5.7792    5.7792    5.7840    5.7840    5.9923    5.9923    6.0989    6.0989    6.1991    6.1991    6.4963    6.4963    6.6651    6.6651    6.9023    6.9023    6.9919    6.9919    7.1367    7.1367    7.4246    7.4246    7.6455    7.6455    7.6951    7.6951    7.9132    7.9132    8.1027    8.1027    8.2257    8.2257    8.5547    8.5547    8.6224    8.6224    8.8779    8.8779    9.1118    9.1118    9.1456    9.1456    9.4213    9.4213    9.4988    9.4988    9.6910    9.6910    9.8874    9.8874   10.0015   10.0015   10.3224   10.3224   10.6124   10.6124   10.7339   10.7339   10.9051   10.9051   11.1276   11.1276   11.4281   11.4281   11.7081   11.7126
  3.6990  -20.7768  -20.7768  -20.7745  -20.7745  -12.6361  -12.6361  -12.5690  -12.5690  -11.5582  -11.5582  -11.4906  -11.4906  -10.8069  -10.8069  -10.7843  -10.7843   -7.6456   -7.6456   -7.6187   -7.6187   -7.6123   -7.6123   -7.5929   -7.5929   -7.5764   -7.5764   -7.5577   -7.5577   -3.8930   -3.8930   -3.8551   -3.8551   -2.3131   -2.3131   -2.2989   -2.2989   -2.0928   -2.0928   -1.8545   -1.8545   -1.5180   -1.5180   -1.4058   -1.4058   -1.3120   -1.3120   -1.0736   -1.0736   -1.0251   -1.0251   -0.9841   -0.9841   -0.6547   -0.6547   -0.6469   -0.6469   -0.5197   -0.5197   -0.4806   -0.4806    1.6421    1.6421    1.6924    1.6924    4.4594    4.4594    5.0315    5.0315    5.1692    5.1692    5.2687    5.2687    5.4451    5.4451    5.7851    5.7851    5.7920    5.7920    5.9829    5.9829    6.0966    6.0966    6.1815    6.1815    6.4807    6.4807    6.6533    6.6533    6.8752    6.8752    6.9895    6.9895    7.1150    7.1150    7.4346    7.4346    7.6660    7.6660    7.6756    7.6756    7.9084    7.9084    8.1215    8.1215    8.2456    8.2456    8.5640    8.5640    8.6521    8.6521    8.8744    8.8744    9.1265    9.1265    9.1733    9.1733    9.4094    9.4094    9.5253    9.5253    9.7279    9.7279    9.8919    9.8919   10.0114   10.0114   10.3292   10.3292   10.6102   10.6102   10.6914   10.6914   10.9359   10.9359   11.0715   11.0715   11.4004   11.4004   11.6889   11.6973
  3.7148  -20.7768  -20.7768  -20.7745  -20.7745  -12.6358  -12.6358  -12.5695  -12.5695  -11.5564  -11.5564  -11.4917  -11.4917  -10.8065  -10.8065  -10.7852  -10.7852   -7.6455   -7.6455   -7.6193   -7.6193   -7.6124   -7.6124   -7.5936   -7.5936   -7.5757   -7.5757   -7.5569   -7.5569   -3.8922   -3.8922   -3.8574   -3.8574   -2.3119   -2.3119   -2.3055   -2.3055   -2.0838   -2.0838   -1.8627   -1.8627   -1.5153   -1.5153   -1.3895   -1.3895   -1.2973   -1.2973   -1.0808   -1.0808   -1.0318   -1.0318   -0.9961   -0.9961   -0.6554   -0.6554   -0.6401   -0.6401   -0.5238   -0.5238   -0.4911   -0.4911    1.6496    1.6496    1.6978    1.6978    4.4730    4.4730    5.0044    5.0044    5.1661    5.1661    5.2830    5.2830    5.4543    5.4543    5.7963    5.7963    5.8010    5.8010    5.9693    5.9693    6.0926    6.0926    6.1645    6.1645    6.4615    6.4615    6.6418    6.6418    6.8454    6.8454    6.9905    6.9905    7.0970    7.0970    7.4352    7.4352    7.6625    7.6625    7.6865    7.6865    7.9078    7.9078    8.1431    8.1431    8.2652    8.2652    8.5754    8.5754    8.6817    8.6817    8.8679    8.8679    9.1316    9.1316    9.1995    9.1995    9.4083    9.4083    9.5429    9.5429    9.7674    9.7674    9.8996    9.8996   10.0195   10.0195   10.3369   10.3369   10.6172   10.6172   10.6448   10.6448   10.9644   10.9644   11.0207   11.0207   11.3732   11.3732   11.6612   11.6640
  3.7305  -20.7768  -20.7768  -20.7745  -20.7745  -12.6355  -12.6355  -12.5700  -12.5700  -11.5546  -11.5546  -11.4929  -11.4929  -10.8061  -10.8061  -10.7862  -10.7862   -7.6454   -7.6454   -7.6198   -7.6198   -7.6125   -7.6125   -7.5943   -7.5943   -7.5749   -7.5749   -7.5562   -7.5562   -3.8913   -3.8913   -3.8598   -3.8598   -2.3116   -2.3116   -2.3107   -2.3107   -2.0752   -2.0752   -1.8705   -1.8705   -1.5126   -1.5126   -1.3731   -1.3731   -1.2823   -1.2823   -1.0880   -1.0880   -1.0385   -1.0385   -1.0086   -1.0086   -0.6557   -0.6557   -0.6331   -0.6331   -0.5283   -0.5283   -0.5019   -0.5019    1.6571    1.6571    1.7030    1.7030    4.4887    4.4887    4.9741    4.9741    5.1630    5.1630    5.2986    5.2986    5.4644    5.4644    5.8110    5.8110    5.8115    5.8115    5.9534    5.9534    6.0868    6.0868    6.1471    6.1471    6.4394    6.4394    6.6311    6.6311    6.8141    6.8141    6.9950    6.9950    7.0829    7.0829    7.4255    7.4255    7.6571    7.6571    7.7061    7.7061    7.9115    7.9115    8.1666    8.1666    8.2840    8.2840    8.5881    8.5881    8.7106    8.7106    8.8610    8.8610    9.1255    9.1255    9.2211    9.2211    9.4202    9.4202    9.5497    9.5497    9.8083    9.8083    9.9124    9.9124   10.0250   10.0250   10.3471   10.3471   10.5949   10.5949   10.6331   10.6331   10.9769   10.9769   10.9872   10.9872   11.3463   11.3463   11.6292   11.6413
  3.7463  -20.7768  -20.7768  -20.7745  -20.7745  -12.6352  -12.6352  -12.5706  -12.5706  -11.5527  -11.5527  -11.4941  -11.4941  -10.8057  -10.8057  -10.7871  -10.7871   -7.6453   -7.6453   -7.6203   -7.6203   -7.6127   -7.6127   -7.5950   -7.5950   -7.5742   -7.5742   -7.5555   -7.5555   -3.8902   -3.8902   -3.8622   -3.8622   -2.3171   -2.3171   -2.3095   -2.3095   -2.0671   -2.0671   -1.8777   -1.8777   -1.5100   -1.5100   -1.3568   -1.3568   -1.2675   -1.2675   -1.0948   -1.0948   -1.0454   -1.0454   -1.0212   -1.0212   -0.6558   -0.6558   -0.6260   -0.6260   -0.5331   -0.5331   -0.5128   -0.5128    1.6643    1.6643    1.7079    1.7079    4.5064    4.5064    4.9413    4.9413    5.1601    5.1601    5.3146    5.3146    5.4756    5.4756    5.8219    5.8219    5.8285    5.8285    5.9381    5.9381    6.0794    6.0794    6.1289    6.1289    6.4147    6.4147    6.6215    6.6215    6.7827    6.7827    7.0026    7.0026    7.0721    7.0721    7.4069    7.4069    7.6585    7.6585    7.7244    7.7244    7.9188    7.9188    8.1912    8.1912    8.3015    8.3015    8.6016    8.6016    8.7383    8.7383    8.8553    8.8553    9.1099    9.1099    9.2365    9.2365    9.4435    9.4435    9.5462    9.5462    9.8431    9.8431    9.9370    9.9370   10.0266   10.0266   10.3611   10.3611   10.5434   10.5434   10.6553   10.6553   10.9409   10.9409   11.0012   11.0012   11.3188   11.3188   11.5978   11.6038
  3.7620  -20.7768  -20.7768  -20.7745  -20.7745  -12.6349  -12.6349  -12.5711  -12.5711  -11.5509  -11.5509  -11.4953  -11.4953  -10.8052  -10.8052  -10.7880  -10.7880   -7.6452   -7.6452   -7.6207   -7.6207   -7.6128   -7.6128   -7.5956   -7.5956   -7.5735   -7.5735   -7.5549   -7.5549   -3.8891   -3.8891   -3.8647   -3.8647   -2.3221   -2.3221   -2.3084   -2.3084   -2.0596   -2.0596   -1.8842   -1.8842   -1.5076   -1.5076   -1.3410   -1.3410   -1.2531   -1.2531   -1.1010   -1.1010   -1.0524   -1.0524   -1.0338   -1.0338   -0.6554   -0.6554   -0.6189   -0.6189   -0.5383   -0.5383   -0.5235   -0.5235    1.6711    1.6711    1.7125    1.7125    4.5262    4.5262    4.9068    4.9068    5.1574    5.1574    5.3303    5.3303    5.4881    5.4881    5.8335    5.8335    5.8429    5.8429    5.9275    5.9275    6.0703    6.0703    6.1108    6.1108    6.3878    6.3878    6.6131    6.6131    6.7525    6.7525    7.0130    7.0130    7.0642    7.0642    7.3823    7.3823    7.6643    7.6643    7.7410    7.7410    7.9289    7.9289    8.2159    8.2159    8.3173    8.3173    8.6150    8.6150    8.7641    8.7641    8.8526    8.8526    9.0885    9.0885    9.2445    9.2445    9.4752    9.4752    9.5354    9.5354    9.8631    9.8631    9.9804    9.9804   10.0231   10.0231   10.3790   10.3790   10.4931   10.4931   10.6799   10.6799   10.9123   10.9123   11.0058   11.0058   11.2900   11.2900   11.5679   11.5688
  3.7778  -20.7768  -20.7768  -20.7745  -20.7745  -12.6347  -12.6347  -12.5715  -12.5715  -11.5492  -11.5492  -11.4965  -11.4965  -10.8048  -10.8048  -10.7889  -10.7889   -7.6451   -7.6451   -7.6211   -7.6211   -7.6129   -7.6129   -7.5962   -7.5962   -7.5729   -7.5729   -7.5544   -7.5544   -3.8878   -3.8878   -3.8672   -3.8672   -2.3264   -2.3264   -2.3074   -2.3074   -2.0530   -2.0530   -1.8899   -1.8899   -1.5054   -1.5054   -1.3260   -1.3260   -1.2398   -1.2398   -1.1059   -1.1059   -1.0596   -1.0596   -1.0459   -1.0459   -0.6547   -0.6547   -0.6117   -0.6117   -0.5437   -0.5437   -0.5337   -0.5337    1.6772    1.6772    1.7165    1.7165    4.5483    4.5483    4.8711    4.8711    5.1549    5.1549    5.3450    5.3450    5.5018    5.5018    5.8455    5.8455    5.8490    5.8490    5.9259    5.9259    6.0602    6.0602    6.0952    6.0952    6.3585    6.3585    6.6060    6.6060    6.7251    6.7251    7.0260    7.0260    7.0585    7.0585    7.3547    7.3547    7.6720    7.6720    7.7555    7.7555    7.9403    7.9403    8.2399    8.2399    8.3310    8.3310    8.6270    8.6270    8.7873    8.7873    8.8539    8.8539    9.0649    9.0649    9.2450    9.2450    9.5122    9.5122    9.5206    9.5206    9.8715    9.8715   10.0132   10.0132   10.0379   10.0379   10.3988   10.3988   10.4469   10.4469   10.7024   10.7024   10.8903   10.8903   11.0033   11.0033   11.2605   11.2605   11.5392   11.5434
  3.7935  -20.7768  -20.7768  -20.7745  -20.7745  -12.6344  -12.6344  -12.5719  -12.5719  -11.5477  -11.5477  -11.4976  -11.4976  -10.8043  -10.8043  -10.7897  -10.7897   -7.6450   -7.6450   -7.6214   -7.6214   -7.6129   -7.6129   -7.5966   -7.5966   -7.5724   -7.5724   -7.5540   -7.5540   -3.8863   -3.8863   -3.8696   -3.8696   -2.3299   -2.3299   -2.3065   -2.3065   -2.0474   -2.0474   -1.8947   -1.8947   -1.5036   -1.5036   -1.3124   -1.3124   -1.2281   -1.2281   -1.1091   -1.1091   -1.0670   -1.0670   -1.0572   -1.0572   -0.6537   -0.6537   -0.6046   -0.6046   -0.5494   -0.5494   -0.5431   -0.5431    1.6825    1.6825    1.7199    1.7199    4.5725    4.5725    4.8349    4.8349    5.1528    5.1528    5.3579    5.3579    5.5160    5.5160    5.8464    5.8464    5.8574    5.8574    5.9302    5.9302    6.0494    6.0494    6.0873    6.0873    6.3268    6.3268    6.6004    6.6004    6.7017    6.7017    7.0407    7.0407    7.0546    7.0546    7.3263    7.3263    7.6798    7.6798    7.7678    7.7678    7.9518    7.9518    8.2619    8.2619    8.3425    8.3425    8.6368    8.6368    8.8072    8.8072    8.8596    8.8596    9.0419    9.0419    9.2386    9.2386    9.5049    9.5049    9.5520    9.5520    9.8747    9.8747    9.9963    9.9963   10.1017   10.1017   10.4078   10.4078   10.4170   10.4170   10.7175   10.7175   10.8738   10.8738   10.9993   10.9993   11.2318   11.2318   11.5111   11.5113
  3.8093  -20.7768  -20.7768  -20.7745  -20.7745  -12.6343  -12.6343  -12.5722  -12.5722  -11.5464  -11.5464  -11.4985  -11.4985  -10.8039  -10.8039  -10.7904  -10.7904   -7.6449   -7.6449   -7.6216   -7.6216   -7.6130   -7.6130   -7.5970   -7.5970   -7.5721   -7.5721   -7.5536   -7.5536   -3.8847   -3.8847   -3.8720   -3.8720   -2.3327   -2.3327   -2.3058   -2.3058   -2.0429   -2.0429   -1.8984   -1.8984   -1.5021   -1.5021   -1.3006   -1.3006   -1.2186   -1.2186   -1.1103   -1.1103   -1.0744   -1.0744   -1.0671   -1.0671   -0.6525   -0.6525   -0.5976   -0.5976   -0.5552   -0.5552   -0.5511   -0.5511    1.6868    1.6868    1.7225    1.7225    4.5988    4.5988    4.7987    4.7987    5.1512    5.1512    5.3685    5.3685    5.5297    5.5297    5.8412    5.8412    5.8685    5.8685    5.9306    5.9306    6.0390    6.0390    6.0928    6.0928    6.2927    6.2927    6.5961    6.5961    6.6829    6.6829    7.0520    7.0520    7.0563    7.0563    7.2993    7.2993    7.6868    7.6868    7.7777    7.7777    7.9621    7.9621    8.2809    8.2809    8.3517    8.3517    8.6438    8.6438    8.8231    8.8231    8.8691    8.8691    9.0218    9.0218    9.2274    9.2274    9.4909    9.4909    9.5921    9.5921    9.8759    9.8759    9.9733    9.9733   10.1670   10.1670   10.3775   10.3775   10.4287   10.4287   10.7220   10.7220   10.8621   10.8621   11.0004   11.0004   11.2049   11.2049   11.4848   11.4848
  3.8250  -20.7768  -20.7768  -20.7745  -20.7745  -12.6341  -12.6341  -12.5724  -12.5724  -11.5455  -11.5455  -11.4992  -11.4992  -10.8036  -10.8036  -10.7909  -10.7909   -7.6449   -7.6449   -7.6218   -7.6218   -7.6130   -7.6130   -7.5973   -7.5973   -7.5718   -7.5718   -7.5534   -7.5534   -3.8830   -3.8830   -3.8743   -3.8743   -2.3347   -2.3347   -2.3053   -2.3053   -2.0395   -2.0395   -1.9012   -1.9012   -1.5010   -1.5010   -1.2914   -1.2914   -1.2116   -1.2116   -1.1093   -1.1093   -1.0817   -1.0817   -1.0750   -1.0750   -0.6513   -0.6513   -0.5909   -0.5909   -0.5611   -0.5611   -0.5574   -0.5574    1.6900    1.6900    1.7245    1.7245    4.6269    4.6269    4.7633    4.7633    5.1499    5.1499    5.3765    5.3765    5.5410    5.5410    5.8376    5.8376    5.8780    5.8780    5.9240    5.9240    6.0298    6.0298    6.1124    6.1124    6.2569    6.2569    6.5930    6.5930    6.6695    6.6695    7.0504    7.0504    7.0710    7.0710    7.2761    7.2761    7.6921    7.6921    7.7851    7.7851    7.9701    7.9701    8.2957    8.2957    8.3584    8.3584    8.6480    8.6480    8.8346    8.8346    8.8800    8.8800    9.0063    9.0063    9.2145    9.2145    9.4802    9.4802    9.6289    9.6289    9.8762    9.8762    9.9475    9.9475   10.2293   10.2293   10.3566   10.3566   10.4292   10.4292   10.7182   10.7182   10.8542   10.8542   11.0086   11.0086   11.1813   11.1813   11.4626   11.4626
  3.8408  -20.7768  -20.7768  -20.7745  -20.7745  -12.6340  -12.6340  -12.5726  -12.5726  -11.5449  -11.5449  -11.4996  -11.4996  -10.8034  -10.8034  -10.7913  -10.7913   -7.6449   -7.6449   -7.6219   -7.6219   -7.6131   -7.6131   -7.5974   -7.5974   -7.5716   -7.5716   -7.5532   -7.5532   -3.8812   -3.8812   -3.8765   -3.8765   -2.3360   -2.3360   -2.3049   -2.3049   -2.0375   -2.0375   -1.9028   -1.9028   -1.5003   -1.5003   -1.2855   -1.2855   -1.2074   -1.2074   -1.1068   -1.1068   -1.0879   -1.0879   -1.0801   -1.0801   -0.6504   -0.6504   -0.5849   -0.5849   -0.5666   -0.5666   -0.5614   -0.5614    1.6920    1.6920    1.7256    1.7256    4.6557    4.6557    4.7300    4.7300    5.1492    5.1492    5.3814    5.3814    5.5487    5.5487    5.8366    5.8366    5.8845    5.8845    5.9154    5.9154    6.0235    6.0235    6.1409    6.1409    6.2209    6.2209    6.5912    6.5912    6.6614    6.6614    7.0495    7.0495    7.0822    7.0822    7.2597    7.2597    7.6955    7.6955    7.7896    7.7896    7.9751    7.9751    8.3050    8.3050    8.3625    8.3625    8.6502    8.6502    8.8414    8.8414    8.8889    8.8889    8.9966    8.9966    9.2041    9.2041    9.4736    9.4736    9.6568    9.6568    9.8762    9.8762    9.9255    9.9255   10.2815   10.2815   10.3446   10.3446   10.4176   10.4176   10.7124   10.7124   10.8497   10.8497   11.0193   11.0193   11.1635   11.1635   11.4473   11.4473
  3.8565  -20.7768  -20.7768  -20.7745  -20.7745  -12.6340  -12.6340  -12.5726  -12.5726  -11.5446  -11.5446  -11.4997  -11.4997  -10.8033  -10.8033  -10.7914  -10.7914   -7.6448   -7.6448   -7.6219   -7.6219   -7.6131   -7.6131   -7.5975   -7.5975   -7.5715   -7.5715   -7.5532   -7.5532   -3.8800   -3.8800   -3.8778   -3.8778   -2.3364   -2.3364   -2.3048   -2.3048   -2.0368   -2.0368   -1.9034   -1.9034   -1.5001   -1.5001   -1.2834   -1.2834   -1.2060   -1.2060   -1.1050   -1.1050   -1.0909   -1.0909   -1.0819   -1.0819   -0.6501   -0.6501   -0.5818   -0.5818   -0.5696   -0.5696   -0.5628   -0.5628    1.6926    1.6926    1.7260    1.7260    4.6755    4.6755    4.7087    4.7087    5.1489    5.1489    5.3831    5.3831    5.5513    5.5513    5.8366    5.8366    5.8869    5.8869    5.9116    5.9116    6.0211    6.0211    6.1634    6.1634    6.1962    6.1962    6.5906    6.5906    6.6587    6.6587    7.0492    7.0492    7.0865    7.0865    7.2537    7.2537    7.6966    7.6966    7.7911    7.7911    7.9769    7.9769    8.3082    8.3082    8.3639    8.3639    8.6508    8.6508    8.8437    8.8437    8.8924    8.8924    8.9934    8.9934    9.2001    9.2001    9.4714    9.4714    9.6676    9.6676    9.8762    9.8762    9.9165    9.9165   10.3057   10.3057   10.3407   10.3407   10.4073   10.4073   10.7099   10.7099   10.8483   10.8483   11.0244   11.0244   11.1566   11.1566   11.4419   11.4419
  3.8565  -20.7768  -20.7768  -20.7745  -20.7745  -12.6340  -12.6340  -12.5726  -12.5726  -11.5446  -11.5446  -11.4997  -11.4997  -10.8033  -10.8033  -10.7914  -10.7914   -7.6448   -7.6448   -7.6219   -7.6219   -7.6131   -7.6131   -7.5975   -7.5975   -7.5715   -7.5715   -7.5532   -7.5532   -3.8800   -3.8800   -3.8778   -3.8778   -2.3364   -2.3364   -2.3048   -2.3048   -2.0368   -2.0368   -1.9034   -1.9034   -1.5001   -1.5001   -1.2834   -1.2834   -1.2060   -1.2060   -1.1050   -1.1050   -1.0909   -1.0909   -1.0819   -1.0819   -0.6501   -0.6501   -0.5818   -0.5818   -0.5696   -0.5696   -0.5628   -0.5628    1.6926    1.6926    1.7260    1.7260    4.6755    4.6755    4.7087    4.7087    5.1489    5.1489    5.3831    5.3831    5.5513    5.5513    5.8366    5.8366    5.8869    5.8869    5.9116    5.9116    6.0211    6.0211    6.1634    6.1634    6.1962    6.1962    6.5906    6.5906    6.6587    6.6587    7.0492    7.0492    7.0865    7.0865    7.2537    7.2537    7.6966    7.6966    7.7911    7.7911    7.9769    7.9769    8.3082    8.3082    8.3639    8.3639    8.6508    8.6508    8.8437    8.8437    8.8924    8.8924    8.9934    8.9934    9.2001    9.2001    9.4714    9.4714    9.6676    9.6676    9.8762    9.8762    9.9165    9.9165   10.3057   10.3057   10.3407   10.3407   10.4073   10.4073   10.7099   10.7099   10.8483   10.8483   11.0244   11.0244   11.1566   11.1566   11.4419   11.4419
  3.8879  -20.7768  -20.7768  -20.7745  -20.7745  -12.6345  -12.6337  -12.5728  -12.5723  -11.5456  -11.5447  -11.5002  -11.4987  -10.8037  -10.8033  -10.7914  -10.7907   -7.6446   -7.6445   -7.6223   -7.6221   -7.6125   -7.6125   -7.5976   -7.5974   -7.5717   -7.5716   -7.5534   -7.5532   -3.8898   -3.8856   -3.8719   -3.8677   -2.3359   -2.3353   -2.3066   -2.3048   -2.0387   -2.0360   -1.9041   -1.9027   -1.5014   -1.5010   -1.2892   -1.2852   -1.2125   -1.2053   -1.1107   -1.1073   -1.0891   -1.0877   -1.0766   -1.0718   -0.6568   -0.6480   -0.5950   -0.5864   -0.5687   -0.5649   -0.5533   -0.5508    1.6896    1.6925    1.7240    1.7274    4.6362    4.6778    4.7167    4.7524    5.1466    5.1475    5.3798    5.3842    5.5420    5.5545    5.8163    5.8279    5.8758    5.8961    5.9060    5.9303    6.0262    6.0386    6.1275    6.1673    6.2059    6.2443    6.5810    6.5847    6.6640    6.6662    7.0307    7.0364    7.0834    7.0919    7.2671    7.2793    7.6797    7.6837    7.7875    7.7944    7.9728    7.9779    8.2927    8.2988    8.3539    8.3658    8.6367    8.6505    8.8288    8.8351    8.8847    8.8954    9.0066    9.0112    9.1966    9.2006    9.4665    9.4874    9.6479    9.6696    9.8725    9.8780    9.9122    9.9505   10.2537   10.3034   10.3266   10.3592   10.4145   10.4478   10.6879   10.7158   10.8496   10.8624   11.0126   11.0253   11.1553   11.1903   11.4245   11.4632
  3.9192  -20.7768  -20.7768  -20.7745  -20.7745  -12.6359  -12.6328  -12.5731  -12.5713  -11.5481  -11.5449  -11.5015  -11.4960  -10.8048  -10.8032  -10.7915  -10.7889   -7.6438   -7.6433   -7.6232   -7.6223   -7.6111   -7.6108   -7.5978   -7.5970   -7.5723   -7.5717   -7.5541   -7.5534   -3.9000   -3.8918   -3.8648   -3.8563   -2.3347   -2.3331   -2.3121   -2.3037   -2.0439   -2.0334   -1.9061   -1.9004   -1.5050   -1.5036   -1.3050   -1.2901   -1.2294   -1.2035   -1.1209   -1.1058   -1.0848   -1.0825   -1.0652   -1.0509   -0.6730   -0.6431   -0.6107   -0.5904   -0.5665   -0.5615   -0.5360   -0.5292    1.6820    1.6920    1.7183    1.7306    4.5908    4.6872    4.7378    4.8094    5.1406    5.1437    5.3719    5.3887    5.5162    5.5607    5.7859    5.8071    5.8466    5.8892    5.9255    5.9737    6.0080    6.0716    6.1197    6.1865    6.2322    6.3019    6.5620    6.5772    6.6708    6.6777    6.9790    7.0075    7.0954    7.1111    7.2962    7.3318    7.6366    7.6524    7.7723    7.7972    7.9628    7.9796    8.2493    8.2669    8.3288    8.3728    8.6063    8.6483    8.7931    8.8167    8.8723    8.8953    9.0379    9.0444    9.1880    9.1976    9.4525    9.5310    9.6159    9.6720    9.8578    9.8812    9.9065   10.0335   10.1709   10.2869   10.3098   10.3868   10.4383   10.5042   10.6447   10.7346   10.8190   10.8909   11.0221   11.0290   11.1688   11.2508   11.3859   11.4953
  3.9506  -20.7768  -20.7767  -20.7745  -20.7745  -12.6381  -12.6314  -12.5738  -12.5698  -11.5517  -11.5453  -11.5036  -11.4922  -10.8061  -10.8031  -10.7917  -10.7865   -7.6425   -7.6415   -7.6244   -7.6224   -7.6091   -7.6085   -7.5982   -7.5964   -7.5733   -7.5719   -7.5553   -7.5537   -3.9097   -3.8977   -3.8576   -3.8449   -2.3341   -2.3317   -2.3211   -2.2992   -2.0510   -2.0293   -1.9095   -1.8961   -1.5108   -1.5077   -1.3284   -1.2976   -1.2501   -1.2019   -1.1314   -1.1042   -1.0805   -1.0694   -1.0515   -1.0286   -0.6928   -0.6421   -0.6188   -0.5901   -0.5637   -0.5565   -0.5193   -0.5059    1.6719    1.6903    1.7108    1.7339    4.5529    4.7058    4.7676    4.8610    5.1329    5.1401    5.3627    5.3983    5.4808    5.5621    5.7531    5.7818    5.8318    5.8827    5.9453    5.9692    6.0216    6.0984    6.1452    6.2230    6.2717    6.3472    6.5430    6.5813    6.6681    6.6822    6.9240    6.9786    7.1154    7.1445    7.3243    7.3901    7.5770    7.6131    7.7488    7.7931    7.9442    7.9792    8.1878    8.2174    8.2970    8.3777    8.5808    8.6374    8.7472    8.7905    8.8681    8.8941    9.0600    9.0685    9.1802    9.1920    9.4315    9.5643    9.6178    9.6700    9.8421    9.8783    9.9099   10.1070   10.1289   10.2608   10.3027   10.3989   10.4613   10.5494   10.6201   10.7600   10.7631   10.9239   11.0134   11.0464   11.2200   11.3116   11.3589   11.4813
  3.9820  -20.7767  -20.7767  -20.7746  -20.7745  -12.6408  -12.6295  -12.5746  -12.5680  -11.5558  -11.5458  -11.5064  -11.4878  -10.8074  -10.8030  -10.7919  -10.7838   -7.6408   -7.6390   -7.6255   -7.6221   -7.6067   -7.6058   -7.5987   -7.5955   -7.5746   -7.5723   -7.5567   -7.5541   -3.9187   -3.9032   -3.8503   -3.8337   -2.3397   -2.3319   -2.3289   -2.2907   -2.0580   -2.0238   -1.9141   -1.8896   -1.5189   -1.5129   -1.3568   -1.3064   -1.2698   -1.2018   -1.1410   -1.1043   -1.0750   -1.0536   -1.0366   -1.0072   -0.7127   -0.6494   -0.6180   -0.5840   -0.5604   -0.5500   -0.5047   -0.4826    1.6608    1.6855    1.7050    1.7370    4.5238    4.7342    4.8022    4.8984    5.1237    5.1431    5.3526    5.4121    5.4484    5.5535    5.7230    5.7604    5.8264    5.8834    5.9119    5.9913    6.0516    6.1181    6.1843    6.2575    6.3227    6.3822    6.5217    6.5962    6.6523    6.6857    6.8821    6.9594    7.1344    7.1874    7.3375    7.4496    7.5143    7.5714    7.7284    7.7825    7.9146    7.9664    8.1207    8.1631    8.2680    8.3702    8.5693    8.6113    8.7011    8.7531    8.8605    8.9118    9.0539    9.0792    9.1729    9.1906    9.4057    9.5431    9.6645    9.6744    9.8352    9.8652    9.9212   10.0782   10.1834   10.2748   10.3034   10.4223   10.4465   10.5536   10.6426   10.7100   10.7958   10.9457   10.9961   11.0730   11.2678   11.3080   11.4030   11.4514
  4.0133  -20.7767  -20.7766  -20.7746  -20.7745  -12.6438  -12.6272  -12.5756  -12.5661  -11.5599  -11.5465  -11.5096  -11.4834  -10.8084  -10.8029  -10.7920  -10.7809   -7.6389   -7.6359   -7.6266   -7.6213   -7.6042   -7.6029   -7.5992   -7.5943   -7.5760   -7.5729   -7.5583   -7.5545   -3.9268   -3.9082   -3.8430   -3.8227   -2.3541   -2.3397   -2.3255   -2.2805   -2.0626   -2.0168   -1.9200   -1.8814   -1.5300   -1.5192   -1.3872   -1.3150   -1.2871   -1.2043   -1.1492   -1.1047   -1.0686   -1.0390   -1.0222   -0.9872   -0.7305   -0.6573   -0.6174   -0.5735   -0.5567   -0.5416   -0.4928   -0.4603    1.6499    1.6770    1.7030    1.7395    4.5043    4.7713    4.8378    4.9170    5.1148    5.1545    5.3352    5.4136    5.4485    5.5391    5.6963    5.7446    5.8204    5.8757    5.8990    6.0165    6.0648    6.1383    6.2210    6.2777    6.3790    6.4233    6.4954    6.5933    6.6343    6.7085    6.8545    6.9563    7.1407    7.2366    7.3121    7.4778    7.5066    7.5383    7.7130    7.7716    7.8781    7.9333    8.0563    8.1113    8.2498    8.3560    8.5558    8.5743    8.6606    8.7077    8.8421    8.9454    9.0376    9.0798    9.1537    9.1921    9.3771    9.5029    9.6562    9.7259    9.8363    9.8581    9.9337   10.0757   10.1750   10.3079   10.3466   10.4073   10.4496   10.5720   10.6511   10.6867   10.8416   10.9408   11.0013   11.0819   11.2671   11.3038   11.3979   11.4639
  4.0447  -20.7767  -20.7765  -20.7746  -20.7745  -12.6468  -12.6247  -12.5768  -12.5643  -11.5639  -11.5475  -11.5131  -11.4792  -10.8092  -10.8028  -10.7920  -10.7782   -7.6368   -7.6324   -7.6275   -7.6202   -7.6019   -7.5999   -7.5995   -7.5928   -7.5775   -7.5740   -7.5599   -7.5549   -3.9341   -3.9129   -3.8358   -3.8122   -2.3727   -2.3467   -2.3216   -2.2709   -2.0638   -2.0080   -1.9270   -1.8721   -1.5449   -1.5270   -1.4160   -1.3228   -1.3014   -1.2095   -1.1558   -1.1047   -1.0617   -1.0263   -1.0105   -0.9696   -0.7453   -0.6627   -0.6183   -0.5648   -0.5525   -0.5300   -0.4834   -0.4393    1.6405    1.6679    1.7034    1.7416    4.4943    4.8143    4.8707    4.9207    5.1086    5.1675    5.3054    5.4189    5.4722    5.5291    5.6683    5.7331    5.8097    5.8566    5.9202    6.0344    6.0657    6.1441    6.2473    6.3004    6.4103    6.4622    6.4984    6.5711    6.6260    6.7429    6.8312    6.9757    7.1307    7.2447    7.2925    7.4642    7.5067    7.5732    7.7027    7.7699    7.8370    7.8951    7.9965    8.0651    8.2338    8.3479    8.5045    8.5587    8.6081    8.6728    8.8187    8.9689    9.0120    9.0884    9.1296    9.1903    9.3518    9.4580    9.6387    9.7581    9.8271    9.8630    9.9593   10.0810   10.1581   10.3196   10.3624   10.4105   10.4599   10.6089   10.6736   10.6946   10.8900   10.9366   10.9843   11.0530   11.2215   11.3178   11.3584   11.4784
  4.0761  -20.7767  -20.7764  -20.7747  -20.7746  -12.6497  -12.6222  -12.5779  -12.5626  -11.5676  -11.5488  -11.5166  -11.4754  -10.8098  -10.8028  -10.7917  -10.7755   -7.6348   -7.6293   -7.6275   -7.6187   -7.6008   -7.5989   -7.5967   -7.5910   -7.5788   -7.5753   -7.5613   -7.5551   -3.9404   -3.9172   -3.8288   -3.8025   -2.3923   -2.3535   -2.3176   -2.2633   -2.0620   -1.9970   -1.9344   -1.8629   -1.5635   -1.5377   -1.4395   -1.3322   -1.3099   -1.2168   -1.1613   -1.1037   -1.0547   -1.0152   -1.0026   -0.9555   -0.7564   -0.6655   -0.6194   -0.5613   -0.5486   -0.5158   -0.4751   -0.4197    1.6331    1.6605    1.7049    1.7434    4.4941    4.8549    4.8985    4.9221    5.1051    5.1767    5.2731    5.4383    5.4974    5.5279    5.6397    5.7229    5.7946    5.8457    5.9513    6.0368    6.0684    6.1287    6.2618    6.3314    6.3835    6.5089    6.5233    6.5757    6.6293    6.7659    6.8070    7.0149    7.1131    7.1756    7.3432    7.4326    7.5217    7.5826    7.7202    7.7795    7.7992    7.8694    7.9436    8.0326    8.2099    8.3407    8.4424    8.5372    8.5513    8.6481    8.8007    8.9459    8.9816    9.0896    9.1366    9.1884    9.3383    9.4205    9.6105    9.7576    9.8185    9.8656    9.9900   10.0778   10.1497   10.3132   10.3470   10.4443   10.4981   10.5973   10.7129   10.7383   10.9093   10.9310   10.9662   11.0380   11.1464   11.3020   11.3690   11.4969
  4.1074  -20.7766  -20.7764  -20.7747  -20.7746  -12.6524  -12.6199  -12.5788  -12.5611  -11.5709  -11.5506  -11.5196  -11.4724  -10.8102  -10.8031  -10.7910  -10.7730   -7.6330   -7.6294   -7.6237   -7.6171   -7.6011   -7.5972   -7.5938   -7.5894   -7.5797   -7.5768   -7.5624   -7.5553   -3.9458   -3.9212   -3.8221   -3.7937   -2.4110   -2.3595   -2.3138   -2.2579   -2.0593   -1.9844   -1.9408   -1.8556   -1.5852   -1.5527   -1.4550   -1.3442   -1.3116   -1.2251   -1.1664   -1.1010   -1.0481   -1.0064   -0.9979   -0.9449   -0.7638   -0.6673   -0.6194   -0.5612   -0.5466   -0.5030   -0.4658   -0.4015    1.6285    1.6557    1.7073    1.7451    4.5033    4.8758    4.9094    4.9509    5.1011    5.1830    5.2498    5.4587    5.5183    5.5353    5.6158    5.7051    5.7783    5.8418    5.9878    6.0280    6.0808    6.1035    6.2626    6.3377    6.3678    6.5097    6.5642    6.6049    6.6613    6.7352    6.8278    7.0468    7.1036    7.1207    7.3776    7.4101    7.5346    7.5537    7.7359    7.7649    7.8290    7.8475    7.9187    8.0136    8.1809    8.3159    8.3860    8.4717    8.5416    8.6181    8.7995    8.8690    8.9698    9.0625    9.1728    9.1910    9.3353    9.3924    9.5778    9.7363    9.8003    9.8616   10.0124   10.0644   10.1618   10.2928   10.3553   10.4754   10.5153   10.5895   10.7201   10.7535   10.8696   10.9611   11.0220   11.0463   11.0815   11.2867   11.3816   11.4839
  4.1388  -20.7766  -20.7763  -20.7748  -20.7746  -12.6546  -12.6182  -12.5794  -12.5599  -11.5739  -11.5530  -11.5218  -11.4701  -10.8105  -10.8035  -10.7899  -10.7708   -7.6321   -7.6292   -7.6195   -7.6155   -7.6015   -7.5955   -7.5912   -7.5889   -7.5797   -7.5776   -7.5632   -7.5552   -3.9503   -3.9250   -3.8157   -3.7859   -2.4268   -2.3643   -2.3105   -2.2541   -2.0574   -1.9735   -1.9425   -1.8525   -1.6086   -1.5707   -1.4621   -1.3563   -1.3100   -1.2338   -1.1722   -1.0960   -1.0425   -1.0023   -0.9933   -0.9374   -0.7677   -0.6707   -0.6171   -0.5631   -0.5470   -0.4951   -0.4528   -0.3848    1.6268    1.6536    1.7104    1.7469    4.5216    4.8758    4.9161    4.9913    5.0984    5.1888    5.2408    5.4695    5.5225    5.5561    5.6025    5.6684    5.7667    5.8473    6.0135    6.0391    6.0750    6.1004    6.2476    6.3071    6.3825    6.4938    6.6038    6.6305    6.6856    6.7154    6.8790    7.0256    7.0914    7.1248    7.3582    7.4280    7.5140    7.5352    7.7262    7.7879    7.8199    7.8681    7.9312    8.0003    8.1478    8.2699    8.3420    8.4257    8.5392    8.5758    8.7818    8.8149    8.9598    9.0195    9.1934    9.2092    9.3324    9.3602    9.5596    9.7015    9.7732    9.8593    9.9988   10.0773   10.1886   10.2779   10.3490   10.4431   10.5306   10.6076   10.7095   10.7497   10.8852   10.9740   11.0161   11.0324   11.1745   11.2676   11.3773   11.3928
  4.1702  -20.7765  -20.7762  -20.7748  -20.7747  -12.6563  -12.6173  -12.5792  -12.5590  -11.5764  -11.5562  -11.5229  -11.4687  -10.8106  -10.8042  -10.7883  -10.7690   -7.6323   -7.6282   -7.6160   -7.6130   -7.6020   -7.5941   -7.5901   -7.5892   -7.5781   -7.5773   -7.5638   -7.5548   -3.9538   -3.9286   -3.8099   -3.7794   -2.4382   -2.3674   -2.3079   -2.2513   -2.0569   -1.9703   -1.9348   -1.8562   -1.6321   -1.5882   -1.4629   -1.3665   -1.3083   -1.2428   -1.1789   -1.0878   -1.0389   -1.0022   -0.9877   -0.9320   -0.7689   -0.6774   -0.6120   -0.5660   -0.5497   -0.4916   -0.4370   -0.3695    1.6277    1.6540    1.7142    1.7488    4.5483    4.8696    4.9222    5.0116    5.1115    5.1905    5.2457    5.4717    5.5111    5.5590    5.6036    5.6409    5.7561    5.8635    6.0210    6.0496    6.0782    6.1208    6.2254    6.2783    6.3892    6.4749    6.6123    6.6479    6.6792    6.7668    6.9392    6.9935    7.0752    7.1444    7.3194    7.4393    7.4810    7.5203    7.7348    7.7923    7.8358    7.8898    7.9323    8.0042    8.1032    8.2279    8.3081    8.4023    8.5232    8.5596    8.6972    8.8303    8.9529    8.9652    9.1941    9.2301    9.3084    9.3337    9.5689    9.6426    9.7661    9.8690    9.9594   10.0998   10.2243   10.2376   10.3349   10.4111   10.5623   10.5775   10.7281   10.7412   10.9253   10.9579   11.0288   11.0451   11.2293   11.2550   11.2912   11.3888
  4.2015  -20.7764  -20.7761  -20.7749  -20.7747  -12.6575  -12.6176  -12.5783  -12.5583  -11.5786  -11.5600  -11.5228  -11.4682  -10.8107  -10.8050  -10.7864  -10.7674   -7.6327   -7.6274   -7.6142   -7.6092   -7.6025   -7.5928   -7.5923   -7.5878   -7.5764   -7.5751   -7.5642   -7.5542   -3.9565   -3.9321   -3.8045   -3.7741   -2.4444   -2.3687   -2.3064   -2.2487   -2.0575   -1.9718   -1.9229   -1.8675   -1.6546   -1.6021   -1.4588   -1.3740   -1.3083   -1.2531   -1.1859   -1.0766   -1.0382   -1.0020   -0.9831   -0.9279   -0.7681   -0.6872   -0.6051   -0.5690   -0.5538   -0.4908   -0.4201   -0.3558    1.6309    1.6562    1.7187    1.7513    4.5826    4.8628    4.9255    5.0135    5.1372    5.1773    5.2650    5.4641    5.4714    5.5559    5.6155    5.6372    5.7567    5.8816    6.0196    6.0442    6.1002    6.1421    6.2139    6.2530    6.3962    6.4563    6.6099    6.6287    6.7215    6.8126    6.9460    7.0244    7.0686    7.1485    7.2771    7.4285    7.4443    7.5103    7.7536    7.7875    7.8651    7.8975    7.9025    8.0143    8.0729    8.2009    8.2952    8.3891    8.4729    8.5854    8.6322    8.8282    8.9085    8.9496    9.1917    9.1952    9.2945    9.3362    9.5733    9.5913    9.7754    9.8919    9.9122   10.0997   10.1977   10.2551   10.3527   10.3835   10.5487   10.5781   10.7277   10.7600   10.9209   10.9631   11.0183   11.0875   11.1751   11.2169   11.3167   11.4374
  4.2329  -20.7763  -20.7760  -20.7749  -20.7748  -12.6580  -12.6191  -12.5766  -12.5579  -11.5804  -11.5640  -11.5216  -11.4687  -10.8107  -10.8059  -10.7841  -10.7662   -7.6333   -7.6269   -7.6133   -7.6056   -7.6025   -7.5946   -7.5917   -7.5868   -7.5749   -7.5719   -7.5644   -7.5535   -3.9584   -3.9356   -3.7997   -3.7703   -2.4447   -2.3681   -2.3063   -2.2463   -2.0578   -1.9737   -1.9172   -1.8823   -1.6755   -1.6123   -1.4507   -1.3784   -1.3107   -1.2657   -1.1917   -1.0638   -1.0401   -1.0005   -0.9807   -0.9241   -0.7662   -0.6984   -0.5988   -0.5716   -0.5578   -0.4914   -0.4035   -0.3439    1.6357    1.6592    1.7239    1.7541    4.6230    4.8565    4.9246    5.0180    5.1483    5.1575    5.2768    5.4196    5.4691    5.5592    5.6130    5.6482    5.7834    5.8929    6.0099    6.0431    6.1090    6.1417    6.2227    6.2555    6.4078    6.4430    6.5993    6.6237    6.7529    6.8436    6.9324    7.0485    7.0963    7.1577    7.2411    7.3891    7.4098    7.5076    7.7380    7.8240    7.8415    7.8812    7.9077    7.9550    8.1142    8.2022    8.2965    8.3789    8.4455    8.5148    8.6617    8.7863    8.8723    8.9496    9.1262    9.1871    9.3061    9.3502    9.5147    9.6027    9.7740    9.8858    9.9210   10.0832   10.2122   10.2241   10.3661   10.4114   10.5363   10.5864   10.7169   10.7831   10.8706   10.9376   11.0091   11.1033   11.1841   11.2412   11.3112   11.4889
  4.2643  -20.7762  -20.7759  -20.7750  -20.7749  -12.6579  -12.6216  -12.5743  -12.5577  -11.5819  -11.5681  -11.5194  -11.4701  -10.8106  -10.8068  -10.7817  -10.7653   -7.6337   -7.6269   -7.6129   -7.6052   -7.6003   -7.5955   -7.5909   -7.5861   -7.5734   -7.5686   -7.5642   -7.5527   -3.9595   -3.9389   -3.7953   -3.7679   -2.4391   -2.3658   -2.3076   -2.2442   -2.0570   -1.9747   -1.9300   -1.8880   -1.6938   -1.6215   -1.4387   -1.3797   -1.3154   -1.2799   -1.1957   -1.0517   -1.0440   -0.9979   -0.9802   -0.9201   -0.7639   -0.7088   -0.5958   -0.5739   -0.5587   -0.4930   -0.3875   -0.3342    1.6411    1.6624    1.7296    1.7574    4.6678    4.8507    4.9217    5.0305    5.1113    5.1611    5.2556    5.4067    5.4742    5.5539    5.5886    5.6980    5.8238    5.8977    5.9963    6.0310    6.1071    6.1388    6.2423    6.2825    6.4044    6.4497    6.5857    6.6373    6.7640    6.8485    6.9341    7.0550    7.1186    7.1954    7.2182    7.3272    7.3900    7.5056    7.7037    7.7914    7.8373    7.8847    7.9089    7.9203    8.1036    8.2728    8.2983    8.3601    8.4205    8.4649    8.6816    8.7161    8.8515    8.9595    9.0616    9.1742    9.3337    9.3505    9.4894    9.5898    9.7702    9.8856    9.9376   10.0843   10.1809   10.2449   10.3789   10.4490   10.5389   10.6161   10.6820   10.7659   10.8300   10.9091   11.0178   11.1211   11.2035   11.2744   11.3417   11.5063
  4.2956  -20.7761  -20.7758  -20.7750  -20.7750  -12.6571  -12.6248  -12.5717  -12.5577  -11.5831  -11.5720  -11.5163  -11.4723  -10.8105  -10.8077  -10.7791  -10.7649   -7.6340   -7.6273   -7.6131   -7.6066   -7.5984   -7.5939   -7.5902   -7.5856   -7.5720   -7.5659   -7.5633   -7.5520   -3.9600   -3.9422   -3.7913   -3.7667   -2.4280   -2.3622   -2.3102   -2.2432   -2.0547   -1.9764   -1.9531   -1.8880   -1.7090   -1.6330   -1.4229   -1.3781   -1.3228   -1.2925   -1.1984   -1.0536   -1.0403   -0.9935   -0.9803   -0.9165   -0.7616   -0.7163   -0.5973   -0.5760   -0.5548   -0.4954   -0.3727   -0.3266    1.6467    1.6652    1.7359    1.7607    4.7149    4.8455    4.9207    5.0405    5.0709    5.1453    5.2385    5.3843    5.4792    5.5544    5.5851    5.7585    5.8615    5.9014    5.9812    6.0141    6.0983    6.1543    6.2575    6.3114    6.3875    6.4640    6.5901    6.6621    6.7541    6.8325    6.9432    7.0703    7.1264    7.1895    7.2193    7.3153    7.3685    7.5048    7.6551    7.7518    7.7931    7.8935    7.8995    7.9492    8.0640    8.2680    8.3361    8.3581    8.3658    8.4938    8.6440    8.6743    8.8293    8.9845    9.0142    9.1422    9.3366    9.3795    9.4984    9.5757    9.7485    9.8789    9.9612   10.0915   10.1860   10.2797   10.3760   10.4956   10.5413   10.5741   10.6863   10.7396   10.8142   10.9143   11.0375   11.1562   11.2315   11.2853   11.3788   11.5159
  4.3270  -20.7760  -20.7757  -20.7751  -20.7751  -12.6557  -12.6285  -12.5691  -12.5579  -11.5840  -11.5755  -11.5126  -11.4754  -10.8104  -10.8085  -10.7766  -10.7648   -7.6342   -7.6280   -7.6135   -7.6084   -7.5970   -7.5911   -7.5898   -7.5853   -7.5706   -7.5648   -7.5610   -7.5515   -3.9600   -3.9453   -3.7876   -3.7667   -2.4121   -2.3578   -2.3136   -2.2446   -2.0515   -1.9902   -1.9626   -1.8901   -1.7209   -1.6487   -1.4047   -1.3734   -1.3324   -1.3006   -1.2003   -1.0690   -1.0320   -0.9885   -0.9781   -0.9145   -0.7591   -0.7209   -0.6007   -0.5783   -0.5479   -0.4984   -0.3593   -0.3214    1.6519    1.6671    1.7425    1.7636    4.7621    4.8413    4.9226    5.0220    5.0375    5.1434    5.2337    5.3353    5.4787    5.5802    5.5894    5.8175    5.8759    5.9192    5.9737    6.0023    6.0982    6.1690    6.2624    6.3209    6.3842    6.4734    6.6149    6.6901    6.7375    6.8096    6.9363    7.0857    7.1061    7.1854    7.2121    7.3378    7.3682    7.5098    7.6144    7.7125    7.7577    7.8877    7.9136    7.9545    8.0232    8.1952    8.3229    8.3366    8.4143    8.5051    8.5997    8.6592    8.8112    8.9907    9.0214    9.1109    9.3232    9.4356    9.5169    9.5725    9.6763    9.8952    9.9668   10.1242   10.2275   10.3195   10.3692   10.4988   10.5166   10.5601   10.6250   10.7734   10.8510   10.9321   11.0848   11.1908   11.2557   11.2784   11.3999   11.4795
  4.3584  -20.7759  -20.7756  -20.7752  -20.7752  -12.6537  -12.6325  -12.5666  -12.5583  -11.5846  -11.5785  -11.5082  -11.4792  -10.8103  -10.8091  -10.7742  -10.7651   -7.6341   -7.6290   -7.6139   -7.6102   -7.5956   -7.5899   -7.5883   -7.5852   -7.5692   -7.5643   -7.5585   -7.5513   -3.9594   -3.9482   -3.7841   -3.7677   -2.3927   -2.3533   -2.3167   -2.2505   -2.0483   -2.0110   -1.9576   -1.8950   -1.7291   -1.6684   -1.3880   -1.3650   -1.3413   -1.3049   -1.2005   -1.0912   -1.0239   -0.9879   -0.9696   -0.9154   -0.7557   -0.7240   -0.6028   -0.5811   -0.5400   -0.5022   -0.3475   -0.3186    1.6564    1.6681    1.7491    1.7657    4.8063    4.8393    4.9197    4.9958    5.0078    5.1648    5.2257    5.2772    5.4881    5.5793    5.6213    5.8346    5.8992    5.9451    5.9776    6.0005    6.1078    6.1771    6.2574    6.2977    6.4131    6.4824    6.6475    6.7073    6.7328    6.7859    6.9064    7.0350    7.1376    7.1805    7.2316    7.3037    7.4186    7.5264    7.6051    7.6841    7.7328    7.8685    7.9032    7.9461    7.9929    8.1417    8.2926    8.3124    8.4209    8.4678    8.5871    8.6505    8.8385    8.9948    9.0558    9.1164    9.2991    9.4827    9.5416    9.5713    9.5852    9.9282    9.9324   10.1937   10.2633   10.3625   10.3834   10.4425   10.4946   10.5908   10.5981   10.7278   10.9282   10.9834   11.1434   11.1654   11.2763   11.2914   11.4118   11.4473
  4.3897  -20.7758  -20.7755  -20.7753  -20.7752  -12.6511  -12.6366  -12.5644  -12.5590  -11.5848  -11.5810  -11.5035  -11.4835  -10.8102  -10.8096  -10.7720  -10.7658   -7.6338   -7.6302   -7.6141   -7.6117   -7.5941   -7.5901   -7.5866   -7.5852   -7.5678   -7.5642   -7.5563   -7.5515   -3.9585   -3.9509   -3.7808   -3.7694   -2.3720   -2.3495   -2.3178   -2.2623   -2.0460   -2.0267   -1.9479   -1.9023   -1.7331   -1.6897   -1.3771   -1.3578   -1.3417   -1.3077   -1.1971   -1.1177   -1.0157   -0.9904   -0.9585   -0.9197   -0.7509   -0.7275   -0.6022   -0.5847   -0.5321   -0.5067   -0.3376   -0.3180    1.6603    1.6682    1.7551    1.7666    4.8344    4.8516    4.9005    4.9779    5.0008    5.1770    5.2030    5.2448    5.5045    5.5711    5.6539    5.8062    5.9426    5.9689    5.9875    6.0044    6.1261    6.1772    6.2475    6.2679    6.4519    6.4911    6.6800    6.7109    6.7392    6.7620    6.8741    6.9773    7.1705    7.1887    7.2322    7.2722    7.4692    7.5592    7.6270    7.6730    7.7102    7.8260    7.8412    7.9480    7.9919    8.1296    8.2343    8.2980    8.3717    8.4293    8.5748    8.6461    8.9176    9.0249    9.0872    9.1506    9.2573    9.4553    9.5251    9.5655    9.6025    9.8661    9.9825   10.2278   10.2822   10.3715   10.4360   10.4509   10.4887   10.5739   10.6217   10.6982   10.9023   11.0093   11.1615   11.2121   11.3102   11.3357   11.4157   11.4422
  4.4211  -20.7757  -20.7754  -20.7754  -20.7753  -12.6480  -12.6406  -12.5626  -12.5599  -11.5847  -11.5828  -11.4984  -11.4883  -10.8102  -10.8099  -10.7699  -10.7668   -7.6332   -7.6313   -7.6140   -7.6128   -7.5928   -7.5907   -7.5855   -7.5852   -7.5664   -7.5645   -7.5544   -7.5521   -3.9571   -3.9533   -3.7776   -3.7718   -2.3548   -2.3471   -2.3132   -2.2795   -2.0441   -2.0362   -1.9358   -1.9118   -1.7316   -1.7091   -1.3705   -1.3609   -1.3293   -1.3112   -1.1871   -1.1448   -1.0076   -0.9946   -0.9471   -0.9270   -0.7450   -0.7325   -0.5990   -0.5892   -0.5247   -0.5120   -0.3295   -0.3197    1.6634    1.6673    1.7602    1.7661    4.8412    4.8679    4.8934    4.9496    5.0299    5.1263    5.2177    5.2363    5.5235    5.5584    5.6877    5.7665    5.9740    5.9906    5.9961    6.0058    6.1465    6.1706    6.2384    6.2445    6.4849    6.4983    6.7071    6.7141    6.7384    6.7401    6.8629    6.9240    7.1837    7.2110    7.2180    7.2495    7.5328    7.5992    7.6491    7.6606    7.7004    7.7530    7.8220    7.8883    8.0573    8.1476    8.1861    8.2317    8.3509    8.3789    8.5863    8.6334    9.0149    9.0669    9.1081    9.1927    9.2025    9.3615    9.5306    9.5558    9.6654    9.7968   10.0454   10.1781   10.3240   10.3517   10.4595   10.4809   10.5411   10.5714   10.6606   10.7074   10.8369   10.8952   11.2644   11.2992   11.3475   11.3701   11.4125   11.4511
  4.4525  -20.7755  -20.7755  -20.7754  -20.7754  -12.6445  -12.6445  -12.5611  -12.5611  -11.5840  -11.5840  -11.4933  -11.4933  -10.8101  -10.8101  -10.7682  -10.7682   -7.6324   -7.6324   -7.6136   -7.6136   -7.5916   -7.5916   -7.5852   -7.5852   -7.5653   -7.5653   -7.5530   -7.5530   -3.9554   -3.9554   -3.7746   -3.7746   -2.3474   -2.3474   -2.2988   -2.2988   -2.0414   -2.0414   -1.9232   -1.9232   -1.7237   -1.7237   -1.3656   -1.3656   -1.3181   -1.3181   -1.1691   -1.1691   -1.0004   -1.0004   -0.9364   -0.9364   -0.7386   -0.7386   -0.5942   -0.5942   -0.5180   -0.5180   -0.3235   -0.3235    1.6657    1.6657    1.7639    1.7639    4.8523    4.8523    4.9214    4.9214    5.0733    5.0733    5.2297    5.2297    5.5421    5.5421    5.7254    5.7254    5.9909    5.9909    6.0044    6.0044    6.1610    6.1610    6.2350    6.2350    6.5000    6.5000    6.7177    6.7177    6.7322    6.7322    6.8819    6.8819    7.1970    7.1970    7.2332    7.2332    7.6000    7.6000    7.6423    7.6423    7.7151    7.7151    7.8372    7.8372    8.1400    8.1400    8.1653    8.1653    8.3512    8.3512    8.6106    8.6106    9.0958    9.0958    9.1158    9.1158    9.2723    9.2723    9.5427    9.5427    9.7300    9.7300   10.1134   10.1134   10.3395   10.3395   10.4758   10.4758   10.5687   10.5687   10.7596   10.7596   10.7672   10.7672   11.3542   11.3543   11.3600   11.3604   11.4276   11.4351
  4.4525  -20.7755  -20.7755  -20.7754  -20.7754  -12.6445  -12.6445  -12.5611  -12.5611  -11.5840  -11.5840  -11.4933  -11.4933  -10.8101  -10.8101  -10.7682  -10.7682   -7.6324   -7.6324   -7.6136   -7.6136   -7.5916   -7.5916   -7.5852   -7.5852   -7.5653   -7.5653   -7.5530   -7.5530   -3.9554   -3.9554   -3.7746   -3.7746   -2.3474   -2.3474   -2.2988   -2.2988   -2.0414   -2.0414   -1.9232   -1.9232   -1.7237   -1.7237   -1.3656   -1.3656   -1.3181   -1.3181   -1.1691   -1.1691   -1.0004   -1.0004   -0.9364   -0.9364   -0.7386   -0.7386   -0.5942   -0.5942   -0.5180   -0.5180   -0.3235   -0.3235    1.6657    1.6657    1.7639    1.7639    4.8523    4.8523    4.9214    4.9214    5.0733    5.0733    5.2297    5.2297    5.5421    5.5421    5.7254    5.7254    5.9909    5.9909    6.0044    6.0044    6.1610    6.1610    6.2350    6.2350    6.5000    6.5000    6.7177    6.7177    6.7322    6.7322    6.8819    6.8819    7.1970    7.1970    7.2332    7.2332    7.6000    7.6000    7.6423    7.6423    7.7151    7.7151    7.8372    7.8372    8.1400    8.1400    8.1653    8.1653    8.3512    8.3512    8.6106    8.6106    9.0958    9.0958    9.1158    9.1158    9.2723    9.2723    9.5427    9.5427    9.7300    9.7300   10.1134   10.1134   10.3395   10.3395   10.4758   10.4758   10.5687   10.5687   10.7596   10.7596   10.7672   10.7672   11.3542   11.3542   11.3600   11.3601   11.4288   11.4339
  4.4682  -20.7755  -20.7755  -20.7754  -20.7754  -12.6445  -12.6445  -12.5611  -12.5611  -11.5840  -11.5840  -11.4933  -11.4933  -10.8101  -10.8101  -10.7683  -10.7683   -7.6323   -7.6323   -7.6135   -7.6135   -7.5917   -7.5917   -7.5852   -7.5852   -7.5654   -7.5654   -7.5530   -7.5530   -3.9554   -3.9554   -3.7745   -3.7745   -2.3513   -2.3513   -2.2955   -2.2955   -2.0423   -2.0423   -1.9224   -1.9224   -1.7225   -1.7225   -1.3664   -1.3664   -1.3175   -1.3175   -1.1684   -1.1684   -1.0012   -1.0012   -0.9363   -0.9363   -0.7390   -0.7390   -0.5936   -0.5936   -0.5180   -0.5180   -0.3238   -0.3238    1.6655    1.6655    1.7637    1.7637    4.8531    4.8531    4.9228    4.9228    5.0747    5.0747    5.2303    5.2303    5.5416    5.5416    5.7253    5.7253    5.9853    5.9853    6.0069    6.0069    6.1623    6.1623    6.2374    6.2374    6.4929    6.4929    6.7101    6.7101    6.7380    6.7380    6.8860    6.8860    7.1950    7.1950    7.2346    7.2346    7.5952    7.5952    7.6348    7.6348    7.7142    7.7142    7.8461    7.8461    8.1373    8.1373    8.1750    8.1750    8.3526    8.3526    8.6083    8.6083    9.0781    9.0781    9.1318    9.1318    9.2730    9.2730    9.5445    9.5445    9.7298    9.7298   10.1119   10.1119   10.3384   10.3384   10.4758   10.4758   10.5658   10.5658   10.7418   10.7418   10.7929   10.7929   11.3388   11.3389   11.3727   11.3760   11.4194   11.4612
  4.4840  -20.7755  -20.7755  -20.7754  -20.7754  -12.6445  -12.6445  -12.5611  -12.5611  -11.5839  -11.5839  -11.4932  -11.4932  -10.8101  -10.8101  -10.7685  -10.7685   -7.6322   -7.6322   -7.6132   -7.6132   -7.5919   -7.5919   -7.5850   -7.5850   -7.5656   -7.5656   -7.5531   -7.5531   -3.9554   -3.9554   -3.7742   -3.7742   -2.3609   -2.3609   -2.2877   -2.2877   -2.0451   -2.0451   -1.9202   -1.9202   -1.7189   -1.7189   -1.3687   -1.3687   -1.3158   -1.3158   -1.1662   -1.1662   -1.0034   -1.0034   -0.9360   -0.9360   -0.7404   -0.7404   -0.5917   -0.5917   -0.5182   -0.5182   -0.3245   -0.3245    1.6647    1.6647    1.7630    1.7630    4.8554    4.8554    4.9271    4.9271    5.0790    5.0790    5.2319    5.2319    5.5402    5.5402    5.7250    5.7250    5.9732    5.9732    6.0097    6.0097    6.1658    6.1658    6.2442    6.2442    6.4734    6.4734    6.6936    6.6936    6.7492    6.7492    6.8967    6.8967    7.1896    7.1896    7.2384    7.2384    7.5833    7.5833    7.6121    7.6121    7.7159    7.7159    7.8662    7.8662    8.1341    8.1341    8.1978    8.1978    8.3566    8.3566    8.6022    8.6022    9.0525    9.0525    9.1511    9.1511    9.2762    9.2762    9.5497    9.5497    9.7294    9.7294   10.1073   10.1073   10.3347   10.3347   10.4759   10.4759   10.5580   10.5580   10.7299   10.7299   10.8282   10.8282   11.3164   11.3164   11.3848   11.3850   11.4067   11.4072
  4.4997  -20.7755  -20.7755  -20.7754  -20.7754  -12.6445  -12.6445  -12.5612  -12.5612  -11.5839  -11.5839  -11.4930  -11.4930  -10.8100  -10.8100  -10.7688  -10.7688   -7.6320   -7.6320   -7.6127   -7.6127   -7.5923   -7.5923   -7.5849   -7.5849   -7.5659   -7.5659   -7.5532   -7.5532   -3.9554   -3.9554   -3.7738   -3.7738   -2.3733   -2.3733   -2.2786   -2.2786   -2.0493   -2.0493   -1.9168   -1.9168   -1.7134   -1.7134   -1.3723   -1.3723   -1.3129   -1.3129   -1.1627   -1.1627   -1.0068   -1.0068   -0.9358   -0.9358   -0.7425   -0.7425   -0.5888   -0.5888   -0.5185   -0.5185   -0.3257   -0.3257    1.6635    1.6635    1.7618    1.7618    4.8591    4.8591    4.9343    4.9343    5.0859    5.0859    5.2346    5.2346    5.5380    5.5380    5.7245    5.7245    5.9578    5.9578    6.0107    6.0107    6.1709    6.1709    6.2546    6.2546    6.4456    6.4456    6.6721    6.6721    6.7619    6.7619    6.9101    6.9101    7.1814    7.1814    7.2440    7.2440    7.5685    7.5685    7.5803    7.5803    7.7207    7.7207    7.8888    7.8888    8.1328    8.1328    8.2278    8.2278    8.3631    8.3631    8.5958    8.5958    9.0257    9.0257    9.1647    9.1647    9.2837    9.2837    9.5573    9.5573    9.7298    9.7298   10.0996   10.0996   10.3273   10.3273   10.4766   10.4766   10.5472   10.5472   10.7269   10.7269   10.8688   10.8688   11.2891   11.2891   11.3856   11.3858   11.4034   11.4050
  4.5154  -20.7755  -20.7755  -20.7754  -20.7754  -12.6445  -12.6445  -12.5613  -12.5613  -11.5837  -11.5837  -11.4927  -11.4927  -10.8099  -10.8099  -10.7692  -10.7692   -7.6317   -7.6317   -7.6120   -7.6120   -7.5928   -7.5928   -7.5846   -7.5846   -7.5664   -7.5664   -7.5534   -7.5534   -3.9554   -3.9554   -3.7733   -3.7733   -2.3868   -2.3868   -2.2695   -2.2695   -2.0541   -2.0541   -1.9122   -1.9122   -1.7062   -1.7062   -1.3771   -1.3771   -1.3089   -1.3089   -1.1582   -1.1582   -1.0113   -1.0113   -0.9360   -0.9360   -0.7450   -0.7450   -0.5850   -0.5850   -0.5188   -0.5188   -0.3274   -0.3274    1.6618    1.6618    1.7602    1.7602    4.8642    4.8642    4.9443    4.9443    5.0955    5.0955    5.2381    5.2381    5.5351    5.5351    5.7240    5.7240    5.9401    5.9401    6.0101    6.0101    6.1764    6.1764    6.2673    6.2673    6.4136    6.4136    6.6476    6.6476    6.7739    6.7739    6.9229    6.9229    7.1712    7.1712    7.2507    7.2507    7.5430    7.5430    7.5569    7.5569    7.7261    7.7261    7.9093    7.9093    8.1326    8.1326    8.2599    8.2599    8.3718    8.3718    8.5937    8.5937    8.9982    8.9982    9.1715    9.1715    9.2965    9.2965    9.5660    9.5660    9.7320    9.7320   10.0884   10.0884   10.3154   10.3154   10.4789   10.4789   10.5358   10.5358   10.7316   10.7316   10.9135   10.9135   11.2591   11.2591   11.3777   11.3787   11.3938   11.3953
  4.5312  -20.7755  -20.7755  -20.7754  -20.7754  -12.6444  -12.6444  -12.5614  -12.5614  -11.5836  -11.5836  -11.4923  -11.4923  -10.8098  -10.8098  -10.7697  -10.7697   -7.6312   -7.6312   -7.6112   -7.6112   -7.5934   -7.5934   -7.5844   -7.5844   -7.5669   -7.5669   -7.5536   -7.5536   -3.9554   -3.9554   -3.7727   -3.7727   -2.4009   -2.4009   -2.2614   -2.2614   -2.0590   -2.0590   -1.9069   -1.9069   -1.6979   -1.6979   -1.3825   -1.3825   -1.3038   -1.3038   -1.1530   -1.1530   -1.0167   -1.0167   -0.9369   -0.9369   -0.7474   -0.7474   -0.5806   -0.5806   -0.5191   -0.5191   -0.3296   -0.3296    1.6597    1.6597    1.7583    1.7583    4.8705    4.8705    4.9570    4.9570    5.1076    5.1076    5.2424    5.2424    5.5317    5.5317    5.7236    5.7236    5.9207    5.9207    6.0081    6.0081    6.1803    6.1803    6.2808    6.2808    6.3820    6.3820    6.6215    6.6215    6.7838    6.7838    6.9328    6.9328    7.1598    7.1598    7.2581    7.2581    7.5094    7.5094    7.5446    7.5446    7.7313    7.7313    7.9258    7.9258    8.1326    8.1326    8.2887    8.2887    8.3816    8.3816    8.6009    8.6009    8.9705    8.9705    9.1732    9.1732    9.3129    9.3129    9.5746    9.5746    9.7372    9.7372   10.0737   10.0737   10.2995   10.2995   10.4834   10.4834   10.5245   10.5245   10.7433   10.7433   10.9603   10.9603   11.2281   11.2281   11.3588   11.3603   11.3711   11.3735
  4.5469  -20.7755  -20.7755  -20.7754  -20.7754  -12.6444  -12.6444  -12.5616  -12.5616  -11.5835  -11.5835  -11.4919  -11.4919  -10.8097  -10.8097  -10.7703  -10.7703   -7.6307   -7.6307   -7.6102   -7.6102   -7.5941   -7.5941   -7.5843   -7.5843   -7.5675   -7.5675   -7.5539   -7.5539   -3.9555   -3.9555   -3.7719   -3.7719   -2.4150   -2.4150   -2.2547   -2.2547   -2.0632   -2.0632   -1.9010   -1.9010   -1.6891   -1.6891   -1.3883   -1.3883   -1.2974   -1.2974   -1.1474   -1.1474   -1.0228   -1.0228   -0.9388   -0.9388   -0.7495   -0.7495   -0.5760   -0.5760   -0.5192   -0.5192   -0.3323   -0.3323    1.6573    1.6573    1.7560    1.7560    4.8779    4.8779    4.9723    4.9723    5.1218    5.1218    5.2472    5.2472    5.5280    5.5280    5.7235    5.7235    5.9001    5.9001    6.0050    6.0050    6.1795    6.1795    6.2925    6.2925    6.3566    6.3566    6.5949    6.5949    6.7908    6.7908    6.9383    6.9383    7.1478    7.1478    7.2657    7.2657    7.4781    7.4781    7.5350    7.5350    7.7370    7.7370    7.9376    7.9376    8.1321    8.1321    8.3099    8.3099    8.3917    8.3917    8.6203    8.6203    8.9440    8.9440    9.1725    9.1725    9.3309    9.3309    9.5825    9.5825    9.7459    9.7459   10.0556   10.0556   10.2824   10.2824   10.4894   10.4894   10.5120   10.5120   10.7616   10.7616   11.0050   11.0050   11.1963   11.1963   11.3230   11.3231   11.3586   11.3587
  4.5627  -20.7755  -20.7755  -20.7754  -20.7754  -12.6444  -12.6444  -12.5617  -12.5617  -11.5833  -11.5833  -11.4915  -11.4915  -10.8096  -10.8096  -10.7709  -10.7709   -7.6300   -7.6300   -7.6092   -7.6092   -7.5949   -7.5949   -7.5841   -7.5841   -7.5681   -7.5681   -7.5542   -7.5542   -3.9555   -3.9555   -3.7711   -3.7711   -2.4291   -2.4291   -2.2497   -2.2497   -2.0662   -2.0662   -1.8948   -1.8948   -1.6801   -1.6801   -1.3942   -1.3942   -1.2900   -1.2900   -1.1417   -1.1417   -1.0293   -1.0293   -0.9419   -0.9419   -0.7510   -0.7510   -0.5712   -0.5712   -0.5191   -0.5191   -0.3353   -0.3353    1.6547    1.6547    1.7535    1.7535    4.8864    4.8864    4.9896    4.9896    5.1379    5.1379    5.2524    5.2524    5.5242    5.5242    5.7238    5.7238    5.8789    5.8789    6.0011    6.0011    6.1697    6.1697    6.2986    6.2986    6.3451    6.3451    6.5685    6.5685    6.7948    6.7948    6.9393    6.9393    7.1358    7.1358    7.2730    7.2730    7.4500    7.4500    7.5278    7.5278    7.7442    7.7442    7.9447    7.9447    8.1308    8.1308    8.3223    8.3223    8.4014    8.4014    8.6494    8.6494    8.9208    8.9208    9.1713    9.1713    9.3496    9.3496    9.5901    9.5901    9.7575    9.7575   10.0344   10.0344   10.2673   10.2673   10.4947   10.4947   10.4974   10.4974   10.7854   10.7854   11.0399   11.0399   11.1618   11.1618   11.2991   11.2991   11.3468   11.3468
  4.5784  -20.7755  -20.7755  -20.7754  -20.7754  -12.6444  -12.6444  -12.5619  -12.5619  -11.5831  -11.5831  -11.4910  -11.4910  -10.8094  -10.8094  -10.7717  -10.7717   -7.6292   -7.6292   -7.6081   -7.6081   -7.5957   -7.5957   -7.5841   -7.5841   -7.5687   -7.5687   -7.5546   -7.5546   -3.9555   -3.9555   -3.7702   -3.7702   -2.4428   -2.4428   -2.2467   -2.2467   -2.0675   -2.0675   -1.8883   -1.8883   -1.6715   -1.6715   -1.3999   -1.3999   -1.2813   -1.2813   -1.1360   -1.1360   -1.0361   -1.0361   -0.9466   -0.9466   -0.7515   -0.7515   -0.5667   -0.5667   -0.5186   -0.5186   -0.3388   -0.3388    1.6518    1.6518    1.7508    1.7508    4.8959    4.8959    5.0087    5.0087    5.1553    5.1553    5.2580    5.2580    5.5206    5.5206    5.7245    5.7245    5.8574    5.8574    5.9963    5.9963    6.1489    6.1489    6.3003    6.3003    6.3479    6.3479    6.5434    6.5434    6.7959    6.7959    6.9365    6.9365    7.1240    7.1240    7.2791    7.2791    7.4247    7.4247    7.5235    7.5235    7.7535    7.7535    7.9478    7.9478    8.1285    8.1285    8.3270    8.3270    8.4102    8.4102    8.6816    8.6816    8.9046    8.9046    9.1707    9.1707    9.3692    9.3692    9.5988    9.5988    9.7700    9.7700   10.0115   10.0115   10.2563   10.2563   10.4793   10.4793   10.4991   10.4991   10.8118   10.8118   11.0531   11.0531   11.1289   11.1289   11.2924   11.2924   11.3443   11.3443
  4.5942  -20.7755  -20.7755  -20.7754  -20.7754  -12.6444  -12.6444  -12.5621  -12.5621  -11.5829  -11.5829  -11.4905  -11.4905  -10.8092  -10.8092  -10.7725  -10.7725   -7.6283   -7.6283   -7.6070   -7.6070   -7.5965   -7.5965   -7.5841   -7.5841   -7.5692   -7.5692   -7.5551   -7.5551   -3.9555   -3.9555   -3.7692   -3.7692   -2.4559   -2.4559   -2.2457   -2.2457   -2.0670   -2.0670   -1.8818   -1.8818   -1.6636   -1.6636   -1.4051   -1.4051   -1.2716   -1.2716   -1.1305   -1.1305   -1.0431   -1.0431   -0.9528   -0.9528   -0.7511   -0.7511   -0.5627   -0.5627   -0.5175   -0.5175   -0.3427   -0.3427    1.6489    1.6489    1.7480    1.7480    4.9065    4.9065    5.0289    5.0289    5.1734    5.1734    5.2641    5.2641    5.5175    5.5175    5.7255    5.7255    5.8365    5.8365    5.9907    5.9907    6.1197    6.1197    6.3034    6.3034    6.3551    6.3551    6.5207    6.5207    6.7945    6.7945    6.9313    6.9313    7.1126    7.1126    7.2831    7.2831    7.4014    7.4014    7.5228    7.5228    7.7646    7.7646    7.9484    7.9484    8.1256    8.1256    8.3256    8.3256    8.4172    8.4172    8.7090    8.7090    8.8989    8.8989    9.1712    9.1712    9.3906    9.3906    9.6108    9.6108    9.7809    9.7809    9.9894    9.9894   10.2488   10.2488   10.4599   10.4599   10.4999   10.4999   10.8363   10.8363   11.0337   11.0337   11.1152   11.1152   11.2817   11.2817   11.3717   11.3717
  4.6099  -20.7755  -20.7755  -20.7754  -20.7754  -12.6444  -12.6444  -12.5623  -12.5623  -11.5827  -11.5827  -11.4900  -11.4900  -10.8090  -10.8090  -10.7733  -10.7733   -7.6272   -7.6272   -7.6059   -7.6059   -7.5974   -7.5974   -7.5843   -7.5843   -7.5696   -7.5696   -7.5556   -7.5556   -3.9554   -3.9554   -3.7683   -3.7683   -2.4683   -2.4683   -2.2464   -2.2464   -2.0646   -2.0646   -1.8755   -1.8755   -1.6568   -1.6568   -1.4097   -1.4097   -1.2609   -1.2609   -1.1254   -1.1254   -1.0501   -1.0501   -0.9605   -0.9605   -0.7496   -0.7496   -0.5594   -0.5594   -0.5157   -0.5157   -0.3468   -0.3468    1.6459    1.6459    1.7452    1.7452    4.9180    4.9180    5.0495    5.0495    5.1908    5.1908    5.2715    5.2715    5.5151    5.5151    5.7259    5.7259    5.8170    5.8170    5.9838    5.9838    6.0868    6.0868    6.3089    6.3089    6.3599    6.3599    6.5025    6.5025    6.7912    6.7912    6.9251    6.9251    7.1018    7.1018    7.2831    7.2831    7.3804    7.3804    7.5267    7.5267    7.7763    7.7763    7.9481    7.9481    8.1225    8.1225    8.3189    8.3189    8.4219    8.4219    8.7266    8.7266    8.9039    8.9039    9.1742    9.1742    9.4147    9.4147    9.6278    9.6278    9.7873    9.7873    9.9713    9.9713   10.2423   10.2423   10.4404   10.4404   10.4967   10.4967   10.8542   10.8542   10.9967   10.9967   11.1209   11.1209   11.2625   11.2625   11.4230   11.4230
  4.6257  -20.7755  -20.7755  -20.7754  -20.7754  -12.6444  -12.6444  -12.5625  -12.5625  -11.5825  -11.5825  -11.4896  -11.4896  -10.8088  -10.8088  -10.7741  -10.7741   -7.6261   -7.6261   -7.6050   -7.6050   -7.5983   -7.5983   -7.5845   -7.5845   -7.5699   -7.5699   -7.5562   -7.5562   -3.9554   -3.9554   -3.7674   -3.7674   -2.4799   -2.4799   -2.2485   -2.2485   -2.0608   -2.0608   -1.8695   -1.8695   -1.6512   -1.6512   -1.4136   -1.4136   -1.2491   -1.2491   -1.1208   -1.1208   -1.0570   -1.0570   -0.9696   -0.9696   -0.7474   -0.7474   -0.5570   -0.5570   -0.5131   -0.5131   -0.3512   -0.3512    1.6430    1.6430    1.7424    1.7424    4.9305    4.9305    5.0695    5.0695    5.2061    5.2061    5.2814    5.2814    5.5138    5.5138    5.7240    5.7240    5.8009    5.8009    5.9749    5.9749    6.0544    6.0544    6.3150    6.3150    6.3587    6.3587    6.4910    6.4910    6.7867    6.7867    6.9189    6.9189    7.0923    7.0923    7.2769    7.2769    7.3633    7.3633    7.5351    7.5351    7.7868    7.7868    7.9486    7.9486    8.1197    8.1197    8.3064    8.3064    8.4253    8.4253    8.7362    8.7362    8.9127    8.9127    9.1822    9.1822    9.4422    9.4422    9.6507    9.6507    9.7872    9.7872    9.9600    9.9600   10.2333   10.2333   10.4226   10.4226   10.4891   10.4891   10.8639   10.8639   10.9608   10.9608   11.1370   11.1370   11.2419   11.2419   11.4822   11.4824
  4.6414  -20.7755  -20.7755  -20.7754  -20.7754  -12.6444  -12.6444  -12.5627  -12.5627  -11.5824  -11.5824  -11.4891  -11.4891  -10.8086  -10.8086  -10.7749  -10.7749   -7.6247   -7.6247   -7.6045   -7.6045   -7.5990   -7.5990   -7.5848   -7.5848   -7.5700   -7.5700   -7.5568   -7.5568   -3.9554   -3.9554   -3.7665   -3.7665   -2.4904   -2.4904   -2.2515   -2.2515   -2.0558   -2.0558   -1.8639   -1.8639   -1.6470   -1.6470   -1.4166   -1.4166   -1.2366   -1.2366   -1.1169   -1.1169   -1.0635   -1.0635   -0.9799   -0.9799   -0.7445   -0.7445   -0.5554   -0.5554   -0.5098   -0.5098   -0.3558   -0.3558    1.6402    1.6402    1.7398    1.7398    4.9438    4.9438    5.0879    5.0879    5.2181    5.2181    5.2948    5.2948    5.5136    5.5136    5.7173    5.7173    5.7908    5.7908    5.9626    5.9626    6.0262    6.0262    6.3202    6.3202    6.3507    6.3507    6.4870    6.4870    6.7817    6.7817    6.9132    6.9132    7.0845    7.0845    7.2626    7.2626    7.3522    7.3522    7.5477    7.5477    7.7946    7.7946    7.9510    7.9510    8.1179    8.1179    8.2880    8.2880    8.4293    8.4293    8.7419    8.7419    8.9159    8.9159    9.1981    9.1981    9.4733    9.4733    9.6787    9.6787    9.7806    9.7806    9.9564    9.9564   10.2186   10.2186   10.4068   10.4068   10.4776   10.4776   10.8690   10.8690   10.9312   10.9312   11.1551   11.1551   11.2269   11.2269   11.5365   11.5369
  4.6572  -20.7755  -20.7755  -20.7754  -20.7754  -12.6444  -12.6444  -12.5628  -12.5628  -11.5822  -11.5822  -11.4886  -11.4886  -10.8083  -10.8083  -10.7757  -10.7757   -7.6233   -7.6233   -7.6044   -7.6044   -7.5992   -7.5992   -7.5851   -7.5851   -7.5700   -7.5700   -7.5575   -7.5575   -3.9553   -3.9553   -3.7657   -3.7657   -2.4998   -2.4998   -2.2550   -2.2550   -2.0503   -2.0503   -1.8589   -1.8589   -1.6439   -1.6439   -1.4188   -1.4188   -1.2234   -1.2234   -1.1137   -1.1137   -1.0694   -1.0694   -0.9910   -0.9910   -0.7413   -0.7413   -0.5545   -0.5545   -0.5060   -0.5060   -0.3603   -0.3603    1.6376    1.6376    1.7373    1.7373    4.9576    4.9576    5.1031    5.1031    5.2270    5.2270    5.3118    5.3118    5.5148    5.5148    5.7046    5.7046    5.7874    5.7874    5.9451    5.9451    6.0057    6.0057    6.3216    6.3216    6.3397    6.3397    6.4888    6.4888    6.7768    6.7768    6.9083    6.9083    7.0790    7.0790    7.2416    7.2416    7.3467    7.3467    7.5632    7.5632    7.7989    7.7989    7.9554    7.9554    8.1171    8.1171    8.2641    8.2641    8.4360    8.4360    8.7464    8.7464    8.9082    8.9082    9.2229    9.2229    9.5070    9.5070    9.7090    9.7090    9.7709    9.7709    9.9589    9.9589   10.1970   10.1970   10.3920   10.3920   10.4639   10.4639   10.8757   10.8757   10.9081   10.9081   11.1606   11.1606   11.2298   11.2298   11.5669   11.5694
  4.6729  -20.7755  -20.7755  -20.7754  -20.7754  -12.6444  -12.6444  -12.5630  -12.5630  -11.5820  -11.5820  -11.4883  -11.4883  -10.8081  -10.8081  -10.7764  -10.7764   -7.6218   -7.6218   -7.6051   -7.6051   -7.5990   -7.5990   -7.5855   -7.5855   -7.5699   -7.5699   -7.5582   -7.5582   -3.9553   -3.9553   -3.7650   -3.7650   -2.5080   -2.5080   -2.2586   -2.2586   -2.0447   -2.0447   -1.8545   -1.8545   -1.6419   -1.6419   -1.4204   -1.4204   -1.2098   -1.2098   -1.1116   -1.1116   -1.0743   -1.0743   -1.0027   -1.0027   -0.7380   -0.7380   -0.5540   -0.5540   -0.5021   -0.5021   -0.3647   -0.3647    1.6353    1.6353    1.7351    1.7351    4.9719    4.9719    5.1138    5.1138    5.2344    5.2344    5.3307    5.3307    5.5173    5.5173    5.6880    5.6880    5.7883    5.7883    5.9238    5.9238    5.9929    5.9929    6.3122    6.3122    6.3356    6.3356    6.4937    6.4937    6.7724    6.7724    6.9042    6.9042    7.0762    7.0762    7.2173    7.2173    7.3446    7.3446    7.5804    7.5804    7.8001    7.8001    7.9612    7.9612    8.1172    8.1172    8.2366    8.2366    8.4473    8.4473    8.7500    8.7500    8.8898    8.8898    9.2546    9.2546    9.5419    9.5419    9.7315    9.7315    9.7684    9.7684    9.9656    9.9656   10.1686   10.1686   10.3770   10.3770   10.4501   10.4501   10.8868   10.8868   10.8909   10.8909   11.1524   11.1524   11.2502   11.2502   11.5571   11.5573
  4.6887  -20.7755  -20.7755  -20.7754  -20.7754  -12.6444  -12.6444  -12.5631  -12.5631  -11.5819  -11.5819  -11.4879  -11.4879  -10.8079  -10.8079  -10.7770  -10.7770   -7.6202   -7.6202   -7.6062   -7.6062   -7.5986   -7.5986   -7.5859   -7.5859   -7.5697   -7.5697   -7.5588   -7.5588   -3.9552   -3.9552   -3.7644   -3.7644   -2.5148   -2.5148   -2.2619   -2.2619   -2.0394   -2.0394   -1.8509   -1.8509   -1.6408   -1.6408   -1.4214   -1.4214   -1.1962   -1.1962   -1.1111   -1.1111   -1.0777   -1.0777   -1.0144   -1.0144   -0.7348   -0.7348   -0.5539   -0.5539   -0.4983   -0.4983   -0.3688   -0.3688    1.6333    1.6333    1.7332    1.7332    4.9861    4.9861    5.1190    5.1190    5.2421    5.2421    5.3497    5.3497    5.5210    5.5210    5.6704    5.6704    5.7902    5.7902    5.9030    5.9030    5.9853    5.9853    6.2967    6.2967    6.3363    6.3363    6.4996    6.4996    6.7687    6.7687    6.9008    6.9008    7.0762    7.0762    7.1925    7.1925    7.3441    7.3441    7.5978    7.5978    7.7996    7.7996    7.9673    7.9673    8.1176    8.1176    8.2079    8.2079    8.4636    8.4636    8.7515    8.7515    8.8651    8.8651    9.2898    9.2898    9.5749    9.5749    9.7300    9.7300    9.7903    9.7903    9.9743    9.9743   10.1341   10.1341   10.3637   10.3637   10.4367   10.4367   10.8757   10.8757   10.9045   10.9045   11.1452   11.1452   11.2737   11.2737   11.5207   11.5207
  4.7044  -20.7755  -20.7755  -20.7754  -20.7754  -12.6444  -12.6444  -12.5632  -12.5632  -11.5818  -11.5818  -11.4876  -11.4876  -10.8077  -10.8077  -10.7775  -10.7775   -7.6186   -7.6186   -7.6076   -7.6076   -7.5981   -7.5981   -7.5862   -7.5862   -7.5695   -7.5695   -7.5593   -7.5593   -3.9552   -3.9552   -3.7639   -3.7639   -2.5202   -2.5202   -2.2648   -2.2648   -2.0349   -2.0349   -1.8480   -1.8480   -1.6402   -1.6402   -1.4219   -1.4219   -1.1831   -1.1831   -1.1126   -1.1126   -1.0791   -1.0791   -1.0256   -1.0256   -0.7321   -0.7321   -0.5540   -0.5540   -0.4949   -0.4949   -0.3723   -0.3723    1.6317    1.6317    1.7317    1.7317    4.9996    4.9996    5.1193    5.1193    5.2502    5.2502    5.3670    5.3670    5.5253    5.5253    5.6538    5.6538    5.7907    5.7907    5.8864    5.8864    5.9805    5.9805    6.2818    6.2818    6.3372    6.3372    6.5052    6.5052    6.7658    6.7658    6.8983    6.8983    7.0791    7.0791    7.1690    7.1690    7.3444    7.3444    7.6136    7.6136    7.7984    7.7984    7.9728    7.9728    8.1181    8.1181    8.1806    8.1806    8.4842    8.4842    8.7487    8.7487    8.8399    8.8399    9.3245    9.3245    9.6011    9.6011    9.7225    9.7225    9.8209    9.8209    9.9834    9.9834   10.0949   10.0949   10.3557   10.3557   10.4232   10.4232   10.8652   10.8652   10.9206   10.9206   11.1485   11.1485   11.2928   11.2928   11.4725   11.4725
  4.7202  -20.7755  -20.7755  -20.7754  -20.7754  -12.6444  -12.6444  -12.5633  -12.5633  -11.5817  -11.5817  -11.4874  -11.4874  -10.8076  -10.8076  -10.7779  -10.7779   -7.6170   -7.6170   -7.6091   -7.6091   -7.5977   -7.5977   -7.5864   -7.5864   -7.5693   -7.5693   -7.5598   -7.5598   -3.9551   -3.9551   -3.7635   -3.7635   -2.5240   -2.5240   -2.2669   -2.2669   -2.0314   -2.0314   -1.8460   -1.8460   -1.6400   -1.6400   -1.4223   -1.4223   -1.1712   -1.1712   -1.1159   -1.1159   -1.0786   -1.0786   -1.0355   -1.0355   -0.7300   -0.7300   -0.5541   -0.5541   -0.4922   -0.4922   -0.3751   -0.3751    1.6306    1.6306    1.7306    1.7306    5.0113    5.0113    5.1164    5.1164    5.2575    5.2575    5.3808    5.3808    5.5295    5.5295    5.6401    5.6401    5.7891    5.7891    5.8756    5.8756    5.9777    5.9777    6.2699    6.2699    6.3376    6.3376    6.5096    6.5096    6.7638    6.7638    6.8965    6.8965    7.0846    7.0846    7.1481    7.1481    7.3448    7.3448    7.6263    7.6263    7.7976    7.7976    7.9771    7.9771    8.1189    8.1189    8.1574    8.1574    8.5067    8.5067    8.7391    8.7391    8.8210    8.8210    9.3548    9.3548    9.6156    9.6156    9.7200    9.7200    9.8532    9.8532    9.9906    9.9906   10.0532   10.0532   10.3556   10.3556   10.4087   10.4087   10.8580   10.8580   10.9317   10.9317   11.1672   11.1672   11.3016   11.3016   11.4240   11.4240
  4.7359  -20.7755  -20.7755  -20.7754  -20.7754  -12.6444  -12.6444  -12.5633  -12.5633  -11.5817  -11.5817  -11.4873  -11.4873  -10.8075  -10.8075  -10.7781  -10.7781   -7.6155   -7.6155   -7.6104   -7.6104   -7.5974   -7.5974   -7.5866   -7.5866   -7.5691   -7.5691   -7.5601   -7.5601   -3.9551   -3.9551   -3.7633   -3.7633   -2.5264   -2.5264   -2.2683   -2.2683   -2.0292   -2.0292   -1.8448   -1.8448   -1.6400   -1.6400   -1.4224   -1.4224   -1.1620   -1.1620   -1.1199   -1.1199   -1.0771   -1.0771   -1.0426   -1.0426   -0.7287   -0.7287   -0.5543   -0.5543   -0.4904   -0.4904   -0.3769   -0.3769    1.6299    1.6299    1.7299    1.7299    5.0197    5.0197    5.1128    5.1128    5.2627    5.2627    5.3899    5.3899    5.5326    5.5326    5.6310    5.6310    5.7866    5.7866    5.8701    5.8701    5.9763    5.9763    6.2622    6.2622    6.3377    6.3377    6.5124    6.5124    6.7625    6.7625    6.8954    6.8954    7.0919    7.0919    7.1314    7.1314    7.3452    7.3452    7.6345    7.6345    7.7973    7.7973    7.9798    7.9798    8.1208    8.1208    8.1405    8.1405    8.5257    8.5257    8.7257    8.7257    8.8115    8.8115    9.3762    9.3762    9.6191    9.6191    9.7225    9.7225    9.8852    9.8852    9.9920    9.9920   10.0169   10.0169   10.3627   10.3627   10.3937   10.3937   10.8539   10.8539   10.9366   10.9366   11.1991   11.1991   11.2913   11.2913   11.3904   11.3904
  4.7516  -20.7755  -20.7755  -20.7754  -20.7754  -12.6444  -12.6444  -12.5633  -12.5633  -11.5816  -11.5816  -11.4873  -11.4873  -10.8075  -10.8075  -10.7782  -10.7782   -7.6148   -7.6148   -7.6112   -7.6112   -7.5973   -7.5973   -7.5867   -7.5867   -7.5691   -7.5691   -7.5602   -7.5602   -3.9551   -3.9551   -3.7632   -3.7632   -2.5272   -2.5272   -2.2687   -2.2687   -2.0284   -2.0284   -1.8444   -1.8444   -1.6400   -1.6400   -1.4224   -1.4224   -1.1583   -1.1583   -1.1219   -1.1219   -1.0763   -1.0763   -1.0454   -1.0454   -0.7282   -0.7282   -0.5543   -0.5543   -0.4898   -0.4898   -0.3775   -0.3775    1.6296    1.6296    1.7297    1.7297    5.0229    5.0229    5.1112    5.1112    5.2645    5.2645    5.3930    5.3930    5.5338    5.5338    5.6278    5.6278    5.7854    5.7854    5.8686    5.8686    5.9759    5.9759    6.2596    6.2596    6.3377    6.3377    6.5134    6.5134    6.7621    6.7621    6.8951    6.8951    7.0965    7.0965    7.1236    7.1236    7.3453    7.3453    7.6373    7.6373    7.7973    7.7973    7.9807    7.9807    8.1230    8.1230    8.1329    8.1329    8.5336    8.5336    8.7192    8.7192    8.8089    8.8089    9.3840    9.3840    9.6189    9.6189    9.7242    9.7242    9.9032    9.9032    9.9834    9.9834   10.0064   10.0064   10.3707   10.3707   10.3832   10.3832   10.8525   10.8525   10.9377   10.9377   11.2242   11.2242   11.2723   11.2723   11.3806   11.3806
  4.7516  -20.7755  -20.7755  -20.7754  -20.7754  -12.6444  -12.6444  -12.5633  -12.5633  -11.5816  -11.5816  -11.4873  -11.4873  -10.8075  -10.8075  -10.7782  -10.7782   -7.6148   -7.6148   -7.6112   -7.6112   -7.5973   -7.5973   -7.5867   -7.5867   -7.5691   -7.5691   -7.5602   -7.5602   -3.9551   -3.9551   -3.7632   -3.7632   -2.5272   -2.5272   -2.2687   -2.2687   -2.0284   -2.0284   -1.8444   -1.8444   -1.6400   -1.6400   -1.4224   -1.4224   -1.1583   -1.1583   -1.1219   -1.1219   -1.0763   -1.0763   -1.0454   -1.0454   -0.7282   -0.7282   -0.5543   -0.5543   -0.4898   -0.4898   -0.3775   -0.3775    1.6296    1.6296    1.7297    1.7297    5.0229    5.0229    5.1112    5.1112    5.2645    5.2645    5.3930    5.3930    5.5338    5.5338    5.6278    5.6278    5.7854    5.7854    5.8686    5.8686    5.9759    5.9759    6.2596    6.2596    6.3377    6.3377    6.5134    6.5134    6.7621    6.7621    6.8951    6.8951    7.0965    7.0965    7.1236    7.1236    7.3453    7.3453    7.6373    7.6373    7.7973    7.7973    7.9807    7.9807    8.1230    8.1230    8.1329    8.1329    8.5336    8.5336    8.7192    8.7192    8.8089    8.8089    9.3840    9.3840    9.6189    9.6189    9.7242    9.7242    9.9032    9.9032    9.9834    9.9834   10.0064   10.0064   10.3707   10.3707   10.3832   10.3832   10.8525   10.8525   10.9377   10.9377   11.2242   11.2242   11.2723   11.2723   11.3806   11.3806
  4.7732  -20.7755  -20.7755  -20.7754  -20.7754  -12.6442  -12.6442  -12.5635  -12.5635  -11.5815  -11.5815  -11.4874  -11.4874  -10.8075  -10.8075  -10.7782  -10.7782   -7.6156   -7.6156   -7.6105   -7.6105   -7.5973   -7.5973   -7.5866   -7.5866   -7.5691   -7.5691   -7.5601   -7.5601   -3.9548   -3.9548   -3.7637   -3.7637   -2.5257   -2.5257   -2.2690   -2.2690   -2.0287   -2.0287   -1.8456   -1.8456   -1.6390   -1.6390   -1.4222   -1.4222   -1.1628   -1.1628   -1.1219   -1.1219   -1.0753   -1.0753   -1.0418   -1.0418   -0.7290   -0.7290   -0.5541   -0.5541   -0.4903   -0.4903   -0.3776   -0.3776    1.6303    1.6303    1.7300    1.7300    5.0200    5.0200    5.1128    5.1128    5.2633    5.2633    5.3907    5.3907    5.5328    5.5328    5.6317    5.6317    5.7818    5.7818    5.8720    5.8720    5.9768    5.9768    6.2597    6.2597    6.3380    6.3380    6.5088    6.5088    6.7645    6.7645    6.8922    6.8922    7.0890    7.0890    7.1308    7.1308    7.3500    7.3500    7.6373    7.6373    7.7929    7.7929    7.9774    7.9774    8.1228    8.1228    8.1487    8.1487    8.5295    8.5295    8.7285    8.7285    8.8131    8.8131    9.3748    9.3748    9.6179    9.6179    9.7229    9.7229    9.8840    9.8840    9.9908    9.9908   10.0182   10.0182   10.3638   10.3638   10.3957   10.3957   10.8535   10.8535   10.9386   10.9386   11.1950   11.1950   11.2890   11.2890   11.3900   11.3900
  4.7947  -20.7755  -20.7755  -20.7754  -20.7754  -12.6439  -12.6439  -12.5639  -12.5639  -11.5809  -11.5809  -11.4879  -11.4879  -10.8075  -10.8075  -10.7782  -10.7782   -7.6173   -7.6173   -7.6094   -7.6094   -7.5972   -7.5972   -7.5863   -7.5863   -7.5691   -7.5691   -7.5598   -7.5598   -3.9541   -3.9541   -3.7653   -3.7653   -2.5215   -2.5215   -2.2697   -2.2697   -2.0296   -2.0296   -1.8491   -1.8491   -1.6366   -1.6366   -1.4212   -1.4212   -1.1747   -1.1747   -1.1216   -1.1216   -1.0733   -1.0733   -1.0322   -1.0322   -0.7310   -0.7310   -0.5534   -0.5534   -0.4917   -0.4917   -0.3778   -0.3778    1.6322    1.6322    1.7309    1.7309    5.0126    5.0126    5.1167    5.1167    5.2597    5.2597    5.3841    5.3841    5.5302    5.5302    5.6421    5.6421    5.7733    5.7733    5.8803    5.8803    5.9797    5.9797    6.2593    6.2593    6.3394    6.3394    6.4964    6.4964    6.7690    6.7690    6.8847    6.8847    7.0717    7.0717    7.1488    7.1488    7.3632    7.3632    7.6366    7.6366    7.7836    7.7836    7.9702    7.9702    8.1220    8.1220    8.1906    8.1906    8.5190    8.5190    8.7513    8.7513    8.8268    8.8268    9.3504    9.3504    9.6116    9.6116    9.7201    9.7201    9.8511    9.8511    9.9881    9.9881   10.0534   10.0534   10.3587   10.3587   10.4175   10.4175   10.8566   10.8566   10.9371   10.9371   11.1592   11.1592   11.2875   11.2875   11.4216   11.4216
  4.8162  -20.7755  -20.7755  -20.7754  -20.7754  -12.6433  -12.6433  -12.5646  -12.5646  -11.5800  -11.5800  -11.4887  -11.4887  -10.8075  -10.8075  -10.7782  -10.7782   -7.6192   -7.6192   -7.6085   -7.6085   -7.5970   -7.5970   -7.5859   -7.5859   -7.5691   -7.5691   -7.5594   -7.5594   -3.9528   -3.9528   -3.7678   -3.7678   -2.5147   -2.5147   -2.2713   -2.2713   -2.0307   -2.0307   -1.8543   -1.8543   -1.6335   -1.6335   -1.4188   -1.4188   -1.1912   -1.1912   -1.1209   -1.1209   -1.0708   -1.0708   -1.0189   -1.0189   -0.7341   -0.7341   -0.5523   -0.5523   -0.4942   -0.4942   -0.3782   -0.3782    1.6350    1.6350    1.7323    1.7323    5.0025    5.0025    5.1204    5.1204    5.2542    5.2542    5.3747    5.3747    5.5268    5.5268    5.6557    5.6557    5.7646    5.7646    5.8904    5.8904    5.9852    5.9852    6.2561    6.2561    6.3442    6.3442    6.4790    6.4790    6.7682    6.7682    6.8761    6.8761    7.0508    7.0508    7.1756    7.1756    7.3823    7.3823    7.6340    7.6340    7.7768    7.7768    7.9645    7.9645    8.1211    8.1211    8.2464    8.2464    8.5059    8.5059    8.7743    8.7743    8.8531    8.8531    9.3172    9.3172    9.5976    9.5976    9.7138    9.7138    9.8226    9.8226    9.9833    9.9833   10.0880   10.0880   10.3598   10.3598   10.4434   10.4434   10.8622   10.8622   10.9258   10.9258   11.1442   11.1442   11.2624   11.2624   11.4600   11.4600
  4.8377  -20.7755  -20.7755  -20.7754  -20.7754  -12.6424  -12.6424  -12.5656  -12.5656  -11.5787  -11.5787  -11.4898  -11.4898  -10.8075  -10.8075  -10.7783  -10.7783   -7.6211   -7.6211   -7.6077   -7.6077   -7.5969   -7.5969   -7.5855   -7.5855   -7.5690   -7.5690   -7.5589   -7.5589   -3.9509   -3.9509   -3.7712   -3.7712   -2.5059   -2.5059   -2.2739   -2.2739   -2.0314   -2.0314   -1.8608   -1.8608   -1.6307   -1.6307   -1.4144   -1.4144   -1.2103   -1.2103   -1.1199   -1.1199   -1.0679   -1.0679   -1.0043   -1.0043   -0.7376   -0.7376   -0.5510   -0.5510   -0.4980   -0.4980   -0.3788   -0.3788    1.6385    1.6385    1.7341    1.7341    4.9915    4.9915    5.1221    5.1221    5.2473    5.2473    5.3636    5.3636    5.5235    5.5235    5.6676    5.6676    5.7612    5.7612    5.8994    5.8994    5.9937    5.9937    6.2476    6.2476    6.3545    6.3545    6.4600    6.4600    6.7547    6.7547    6.8699    6.8699    7.0323    7.0323    7.2099    7.2099    7.4031    7.4031    7.6300    7.6300    7.7774    7.7774    7.9649    7.9649    8.1209    8.1209    8.3047    8.3047    8.4939    8.4939    8.7874    8.7874    8.8911    8.8911    9.2819    9.2819    9.5800    9.5800    9.6933    9.6933    9.8091    9.8091    9.9803    9.9803   10.1139   10.1139   10.3670   10.3670   10.4696   10.4696   10.8650   10.8650   10.9117   10.9117   11.1502   11.1502   11.2296   11.2296   11.4865   11.4865
  4.8593  -20.7755  -20.7755  -20.7754  -20.7754  -12.6414  -12.6414  -12.5669  -12.5669  -11.5770  -11.5770  -11.4912  -11.4912  -10.8075  -10.8075  -10.7784  -10.7784   -7.6228   -7.6228   -7.6071   -7.6071   -7.5968   -7.5968   -7.5851   -7.5851   -7.5687   -7.5687   -7.5584   -7.5584   -3.9484   -3.9484   -3.7753   -3.7753   -2.4955   -2.4955   -2.2780   -2.2780   -2.0311   -2.0311   -1.8681   -1.8681   -1.6292   -1.6292   -1.4074   -1.4074   -1.2307   -1.2307   -1.1186   -1.1186   -1.0644   -1.0644   -0.9896   -0.9896   -0.7409   -0.7409   -0.5495   -0.5495   -0.5030   -0.5030   -0.3796   -0.3796    1.6423    1.6423    1.7361    1.7361    4.9808    4.9808    5.1208    5.1208    5.2393    5.2393    5.3517    5.3517    5.5208    5.5208    5.6739    5.6739    5.7678    5.7678    5.9060    5.9060    6.0045    6.0045    6.2339    6.2339    6.3687    6.3687    6.4439    6.4439    6.7280    6.7280    6.8649    6.8649    7.0209    7.0209    7.2499    7.2499    7.4208    7.4208    7.6272    7.6272    7.7874    7.7874    7.9741    7.9741    8.1218    8.1218    8.3529    8.3529    8.4897    8.4897    8.7890    8.7890    8.9318    8.9318    9.2498    9.2498    9.5643    9.5643    9.6572    9.6572    9.8112    9.8112    9.9779    9.9779   10.1299   10.1299   10.3783   10.3783   10.4924   10.4924   10.8494   10.8494   10.9217   10.9217   11.1501   11.1501   11.2160   11.2160   11.4862   11.4862
  4.8808  -20.7755  -20.7755  -20.7754  -20.7754  -12.6400  -12.6400  -12.5684  -12.5684  -11.5751  -11.5751  -11.4929  -11.4929  -10.8073  -10.8073  -10.7787  -10.7787   -7.6242   -7.6242   -7.6066   -7.6066   -7.5969   -7.5969   -7.5848   -7.5848   -7.5684   -7.5684   -7.5579   -7.5579   -3.9453   -3.9453   -3.7801   -3.7801   -2.4843   -2.4843   -2.2839   -2.2839   -2.0293   -2.0293   -1.8758   -1.8758   -1.6290   -1.6290   -1.3974   -1.3974   -1.2518   -1.2518   -1.1170   -1.1170   -1.0605   -1.0605   -0.9760   -0.9760   -0.7432   -0.7432   -0.5481   -0.5481   -0.5093   -0.5093   -0.3809   -0.3809    1.6460    1.6460    1.7379    1.7379    4.9712    4.9712    5.1168    5.1168    5.2305    5.2305    5.3391    5.3391    5.5193    5.5193    5.6758    5.6758    5.7830    5.7830    5.9095    5.9095    6.0164    6.0164    6.2173    6.2173    6.3763    6.3763    6.4405    6.4405    6.6939    6.6939    6.8584    6.8584    7.0175    7.0175    7.2929    7.2929    7.4318    7.4318    7.6273    7.6273    7.8079    7.8079    7.9925    7.9925    8.1252    8.1252    8.3768    8.3768    8.5026    8.5026    8.7804    8.7804    8.9667    8.9667    9.2246    9.2246    9.5520    9.5520    9.6180    9.6180    9.8186    9.8186    9.9733    9.9733   10.1370   10.1370   10.3912   10.3912   10.5107   10.5107   10.8247   10.8247   10.9517   10.9517   11.1241   11.1241   11.2400   11.2400   11.4447   11.4447
  4.9023  -20.7755  -20.7755  -20.7754  -20.7754  -12.6385  -12.6385  -12.5702  -12.5702  -11.5728  -11.5728  -11.4948  -11.4948  -10.8071  -10.8071  -10.7790  -10.7790   -7.6253   -7.6253   -7.6063   -7.6063   -7.5970   -7.5970   -7.5847   -7.5847   -7.5679   -7.5679   -7.5575   -7.5575   -3.9416   -3.9416   -3.7852   -3.7852   -2.4729   -2.4729   -2.2919   -2.2919   -2.0256   -2.0256   -1.8837   -1.8837   -1.6296   -1.6296   -1.3852   -1.3852   -1.2728   -1.2728   -1.1149   -1.1149   -1.0562   -1.0562   -0.9642   -0.9642   -0.7437   -0.7437   -0.5467   -0.5467   -0.5167   -0.5167   -0.3829   -0.3829    1.6494    1.6494    1.7391    1.7391    4.9632    4.9632    5.1109    5.1109    5.2208    5.2208    5.3257    5.3257    5.5194    5.5194    5.6774    5.6774    5.8020    5.8020    5.9102    5.9102    6.0271    6.0271    6.2010    6.2010    6.3680    6.3680    6.4560    6.4560    6.6606    6.6606    6.8509    6.8509    7.0196    7.0196    7.3354    7.3354    7.4357    7.4357    7.6293    7.6293    7.8391    7.8391    8.0186    8.0186    8.1328    8.1328    8.3764    8.3764    8.5287    8.5287    8.7646    8.7646    8.9902    8.9902    9.2073    9.2073    9.5379    9.5379    9.5896    9.5896    9.8225    9.8225    9.9640    9.9640   10.1371   10.1371   10.4036   10.4036   10.5283   10.5283   10.7970   10.7970   10.9889   10.9889   11.1004   11.1004   11.2745   11.2745   11.3736   11.3736
  4.9238  -20.7755  -20.7755  -20.7754  -20.7754  -12.6367  -12.6367  -12.5722  -12.5722  -11.5703  -11.5703  -11.4970  -11.4970  -10.8068  -10.8068  -10.7795  -10.7795   -7.6260   -7.6260   -7.6061   -7.6061   -7.5972   -7.5972   -7.5848   -7.5848   -7.5672   -7.5672   -7.5572   -7.5572   -3.9373   -3.9373   -3.7907   -3.7907   -2.4620   -2.4620   -2.3020   -2.3020   -2.0198   -2.0198   -1.8917   -1.8917   -1.6304   -1.6304   -1.3723   -1.3723   -1.2923   -1.2923   -1.1123   -1.1123   -1.0519   -1.0519   -0.9549   -0.9549   -0.7417   -0.7417   -0.5456   -0.5456   -0.5249   -0.5249   -0.3859   -0.3859    1.6525    1.6525    1.7393    1.7393    4.9570    4.9570    5.1045    5.1045    5.2103    5.2103    5.3110    5.3110    5.5221    5.5221    5.6805    5.6805    5.8205    5.8205    5.9090    5.9090    6.0349    6.0349    6.1875    6.1875    6.3525    6.3525    6.4754    6.4754    6.6378    6.6378    6.8447    6.8447    7.0243    7.0243    7.3729    7.3729    7.4353    7.4353    7.6319    7.6319    7.8788    7.8788    8.0498    8.0498    8.1477    8.1477    8.3655    8.3655    8.5507    8.5507    8.7485    8.7485    9.0006    9.0006    9.1955    9.1955    9.5163    9.5163    9.5794    9.5794    9.8156    9.8156    9.9490    9.9490   10.1322   10.1322   10.4166   10.4166   10.5484   10.5484   10.7626   10.7626   11.0207   11.0207   11.0898   11.0898   11.3018   11.3018   11.3147   11.3147
  4.9454  -20.7755  -20.7755  -20.7754  -20.7754  -12.6347  -12.6347  -12.5745  -12.5745  -11.5675  -11.5675  -11.4994  -11.4994  -10.8063  -10.8063  -10.7801  -10.7801   -7.6263   -7.6263   -7.6060   -7.6060   -7.5974   -7.5974   -7.5852   -7.5852   -7.5665   -7.5665   -7.5570   -7.5570   -3.9323   -3.9323   -3.7964   -3.7964   -2.4520   -2.4520   -2.3139   -2.3139   -2.0121   -2.0121   -1.8995   -1.8995   -1.6303   -1.6303   -1.3638   -1.3638   -1.3058   -1.3058   -1.1091   -1.1091   -1.0474   -1.0474   -0.9488   -0.9488   -0.7367   -0.7367   -0.5452   -0.5452   -0.5333   -0.5333   -0.3901   -0.3901    1.6551    1.6551    1.7380    1.7380    4.9529    4.9529    5.0990    5.0990    5.1990    5.1990    5.2952    5.2952    5.5279    5.5279    5.6843    5.6843    5.8353    5.8353    5.9073    5.9073    6.0393    6.0393    6.1775    6.1775    6.3373    6.3373    6.4837    6.4837    6.6344    6.6344    6.8416    6.8416    7.0308    7.0308    7.4003    7.4003    7.4342    7.4342    7.6353    7.6353    7.9227    7.9227    8.0828    8.0828    8.1729    8.1729    8.3521    8.3521    8.5572    8.5572    8.7413    8.7413    8.9998    8.9998    9.1851    9.1851    9.4930    9.4930    9.5785    9.5785    9.7933    9.7933    9.9286    9.9286   10.1239   10.1239   10.4339   10.4339   10.5665   10.5665   10.7228   10.7228   11.0252   11.0252   11.0942   11.0942   11.2841   11.2841   11.3292   11.3292
  4.9669  -20.7755  -20.7755  -20.7754  -20.7754  -12.6325  -12.6325  -12.5770  -12.5770  -11.5645  -11.5645  -11.5021  -11.5021  -10.8057  -10.8057  -10.7809  -10.7809   -7.6262   -7.6262   -7.6059   -7.6059   -7.5976   -7.5976   -7.5858   -7.5858   -7.5658   -7.5658   -7.5570   -7.5570   -3.9266   -3.9266   -3.8023   -3.8023   -2.4433   -2.4433   -2.3273   -2.3273   -2.0030   -2.0030   -1.9068   -1.9068   -1.6288   -1.6288   -1.3693   -1.3693   -1.3040   -1.3040   -1.1055   -1.1055   -1.0430   -1.0430   -0.9460   -0.9460   -0.7283   -0.7283   -0.5477   -0.5477   -0.5392   -0.5392   -0.3957   -0.3957    1.6573    1.6573    1.7350    1.7350    4.9508    4.9508    5.0954    5.0954    5.1869    5.1869    5.2789    5.2789    5.5373    5.5373    5.6871    5.6871    5.8441    5.8441    5.9061    5.9061    6.0421    6.0421    6.1694    6.1694    6.3263    6.3263    6.4791    6.4791    6.6488    6.6488    6.8418    6.8418    7.0403    7.0403    7.4083    7.4083    7.4399    7.4399    7.6412    7.6412    7.9660    7.9660    8.1164    8.1164    8.2075    8.2075    8.3407    8.3407    8.5478    8.5478    8.7474    8.7474    8.9917    8.9917    9.1728    9.1728    9.4699    9.4699    9.5782    9.5782    9.7565    9.7565    9.9036    9.9036   10.1126   10.1126   10.4568   10.4568   10.5679   10.5679   10.6924   10.6924   10.9990   10.9990   11.1046   11.1046   11.2850   11.2850   11.3497   11.3498
  4.9884  -20.7755  -20.7755  -20.7754  -20.7754  -12.6301  -12.6301  -12.5797  -12.5797  -11.5613  -11.5613  -11.5049  -11.5049  -10.8050  -10.8050  -10.7819  -10.7819   -7.6256   -7.6256   -7.6059   -7.6059   -7.5979   -7.5979   -7.5866   -7.5866   -7.5650   -7.5650   -7.5572   -7.5572   -3.9204   -3.9204   -3.8083   -3.8083   -2.4363   -2.4363   -2.3417   -2.3417   -1.9929   -1.9929   -1.9133   -1.9133   -1.6255   -1.6255   -1.3868   -1.3868   -1.2891   -1.2891   -1.1015   -1.1015   -1.0387   -1.0387   -0.9466   -0.9466   -0.7167   -0.7167   -0.5555   -0.5555   -0.5402   -0.5402   -0.4030   -0.4030    1.6593    1.6593    1.7304    1.7304    4.9506    4.9506    5.0941    5.0941    5.1741    5.1741    5.2631    5.2631    5.5500    5.5500    5.6871    5.6871    5.8468    5.8468    5.9045    5.9045    6.0464    6.0464    6.1611    6.1611    6.3223    6.3223    6.4694    6.4694    6.6688    6.6688    6.8432    6.8432    7.0562    7.0562    7.3975    7.3975    7.4530    7.4530    7.6503    7.6503    8.0051    8.0051    8.1517    8.1517    8.2413    8.2413    8.3382    8.3382    8.5310    8.5310    8.7627    8.7627    8.9809    8.9809    9.1574    9.1574    9.4434    9.4434    9.5737    9.5737    9.7115    9.7115    9.8742    9.8742   10.0981   10.0981   10.4701   10.4701   10.5493   10.5493   10.6901   10.6901   10.9671   10.9671   11.0971   11.0971   11.2764   11.2764   11.3961   11.3970
  5.0099  -20.7755  -20.7755  -20.7754  -20.7754  -12.6275  -12.6275  -12.5825  -12.5825  -11.5579  -11.5579  -11.5079  -11.5079  -10.8041  -10.8041  -10.7830  -10.7830   -7.6246   -7.6246   -7.6060   -7.6060   -7.5981   -7.5981   -7.5876   -7.5876   -7.5643   -7.5643   -7.5575   -7.5575   -3.9137   -3.9137   -3.8144   -3.8144   -2.4309   -2.4309   -2.3565   -2.3565   -1.9823   -1.9823   -1.9188   -1.9188   -1.6202   -1.6202   -1.4085   -1.4085   -1.2689   -1.2689   -1.0977   -1.0977   -1.0345   -1.0345   -0.9501   -0.9501   -0.7024   -0.7024   -0.5645   -0.5645   -0.5398   -0.5398   -0.4120   -0.4120    1.6610    1.6610    1.7241    1.7241    4.9521    4.9521    5.0947    5.0947    5.1610    5.1610    5.2489    5.2489    5.5652    5.5652    5.6831    5.6831    5.8456    5.8456    5.9007    5.9007    6.0539    6.0539    6.1529    6.1529    6.3262    6.3262    6.4596    6.4596    6.6860    6.6860    6.8412    6.8412    7.0817    7.0817    7.3772    7.3772    7.4689    7.4689    7.6613    7.6613    8.0382    8.0382    8.1891    8.1891    8.2556    8.2556    8.3569    8.3569    8.5173    8.5173    8.7800    8.7800    8.9723    8.9723    9.1400    9.1400    9.4107    9.4107    9.5601    9.5601    9.6678    9.6678    9.8411    9.8411   10.0813   10.0813   10.4298   10.4298   10.5642   10.5642   10.7062   10.7062   10.9397   10.9397   11.0636   11.0636   11.2821   11.2821   11.4374   11.4690
  5.0314  -20.7755  -20.7755  -20.7754  -20.7754  -12.6248  -12.6248  -12.5856  -12.5856  -11.5544  -11.5544  -11.5110  -11.5110  -10.8030  -10.8030  -10.7843  -10.7843   -7.6232   -7.6232   -7.6062   -7.6062   -7.5982   -7.5982   -7.5888   -7.5888   -7.5636   -7.5636   -7.5579   -7.5579   -3.9066   -3.9066   -3.8206   -3.8206   -2.4270   -2.4270   -2.3711   -2.3711   -1.9718   -1.9718   -1.9231   -1.9231   -1.6133   -1.6133   -1.4314   -1.4314   -1.2468   -1.2468   -1.0943   -1.0943   -1.0304   -1.0304   -0.9560   -0.9560   -0.6862   -0.6862   -0.5733   -0.5733   -0.5389   -0.5389   -0.4228   -0.4228    1.6625    1.6625    1.7167    1.7167    4.9554    4.9554    5.0948    5.0948    5.1499    5.1499    5.2370    5.2370    5.5816    5.5816    5.6756    5.6756    5.8422    5.8422    5.8945    5.8945    6.0645    6.0645    6.1467    6.1467    6.3363    6.3363    6.4507    6.4507    6.6978    6.6978    6.8320    6.8320    7.1169    7.1169    7.3527    7.3527    7.4888    7.4888    7.6721    7.6721    8.0649    8.0649    8.2198    8.2198    8.2565    8.2565    8.3886    8.3886    8.5159    8.5159    8.7908    8.7908    8.9723    8.9723    9.1228    9.1228    9.3728    9.3728    9.5307    9.5307    9.6357    9.6357    9.8047    9.8047   10.0639   10.0639   10.3591   10.3591   10.6004   10.6004   10.7297   10.7297   10.9140   10.9140   11.0256   11.0256   11.3023   11.3023   11.4355   11.4356
  5.0530  -20.7755  -20.7755  -20.7754  -20.7754  -12.6219  -12.6219  -12.5887  -12.5887  -11.5508  -11.5508  -11.5143  -11.5143  -10.8017  -10.8017  -10.7857  -10.7857   -7.6215   -7.6215   -7.6065   -7.6065   -7.5983   -7.5983   -7.5902   -7.5902   -7.5630   -7.5630   -7.5584   -7.5584   -3.8992   -3.8992   -3.8269   -3.8269   -2.4245   -2.4245   -2.3849   -2.3849   -1.9618   -1.9618   -1.9263   -1.9263   -1.6050   -1.6050   -1.4541   -1.4541   -1.2238   -1.2238   -1.0921   -1.0921   -1.0263   -1.0263   -0.9637   -0.9637   -0.6689   -0.6689   -0.5814   -0.5814   -0.5377   -0.5377   -0.4351   -0.4351    1.6640    1.6640    1.7086    1.7086    4.9604    4.9604    5.0900    5.0900    5.1453    5.1453    5.2272    5.2272    5.5972    5.5972    5.6655    5.6655    5.8386    5.8386    5.8872    5.8872    6.0771    6.0771    6.1436    6.1436    6.3503    6.3503    6.4422    6.4422    6.7048    6.7048    6.8148    6.8148    7.1577    7.1577    7.3287    7.3287    7.5137    7.5137    7.6816    7.6816    8.0862    8.0862    8.2159    8.2159    8.2823    8.2823    8.4099    8.4099    8.5348    8.5348    8.7881    8.7881    8.9859    8.9859    9.1089    9.1089    9.3345    9.3345    9.4853    9.4853    9.6180    9.6180    9.7651    9.7651   10.0478   10.0478   10.2830   10.2830   10.6357   10.6357   10.7576   10.7576   10.8834   10.8834   11.0036   11.0036   11.3264   11.3264   11.4066   11.4066
  5.0745  -20.7755  -20.7755  -20.7754  -20.7754  -12.6188  -12.6188  -12.5920  -12.5920  -11.5471  -11.5471  -11.5177  -11.5177  -10.8004  -10.8004  -10.7872  -10.7872   -7.6196   -7.6196   -7.6069   -7.6069   -7.5984   -7.5984   -7.5917   -7.5917   -7.5624   -7.5624   -7.5589   -7.5589   -3.8915   -3.8915   -3.8333   -3.8333   -2.4230   -2.4230   -2.3972   -2.3972   -1.9527   -1.9527   -1.9285   -1.9285   -1.5955   -1.5955   -1.4760   -1.4760   -1.2007   -1.2007   -1.0916   -1.0916   -1.0223   -1.0223   -0.9725   -0.9725   -0.6515   -0.6515   -0.5886   -0.5886   -0.5358   -0.5358   -0.4488   -0.4488    1.6656    1.6656    1.7003    1.7003    4.9671    4.9671    5.0780    5.0780    5.1491    5.1491    5.2192    5.2192    5.6095    5.6095    5.6542    5.6542    5.8378    5.8378    5.8801    5.8801    6.0906    6.0906    6.1426    6.1426    6.3663    6.3663    6.4337    6.4337    6.7082    6.7082    6.7917    6.7917    7.1980    7.1980    7.3088    7.3088    7.5441    7.5441    7.6888    7.6888    8.1031    8.1031    8.1964    8.1964    8.3173    8.3173    8.4149    8.4149    8.5698    8.5698    8.7718    8.7718    9.0119    9.0119    9.1008    9.1008    9.3014    9.3014    9.4327    9.4327    9.6085    9.6085    9.7225    9.7225   10.0348   10.0348   10.2098   10.2098   10.6653   10.6653   10.7866   10.7866   10.8498   10.8498   10.9983   10.9983   11.3481   11.3481   11.3772   11.3772
  5.0960  -20.7755  -20.7755  -20.7754  -20.7754  -12.6156  -12.6156  -12.5953  -12.5953  -11.5434  -11.5434  -11.5212  -11.5212  -10.7989  -10.7989  -10.7888  -10.7888   -7.6175   -7.6175   -7.6076   -7.6076   -7.5983   -7.5983   -7.5932   -7.5932   -7.5619   -7.5619   -7.5594   -7.5594   -3.8837   -3.8837   -3.8399   -3.8399   -2.4222   -2.4222   -2.4074   -2.4074   -1.9449   -1.9449   -1.9299   -1.9299   -1.5851   -1.5851   -1.4966   -1.4966   -1.1782   -1.1782   -1.0937   -1.0937   -1.0182   -1.0182   -0.9816   -0.9816   -0.6352   -0.6352   -0.5946   -0.5946   -0.5325   -0.5325   -0.4637   -0.4637    1.6672    1.6672    1.6925    1.6925    4.9756    4.9756    5.0619    5.0619    5.1582    5.1582    5.2123    5.2123    5.6172    5.6172    5.6429    5.6429    5.8418    5.8418    5.8740    5.8740    6.1038    6.1038    6.1415    6.1415    6.3824    6.3824    6.4252    6.4252    6.7092    6.7092    6.7661    6.7661    7.2327    7.2327    7.2944    7.2944    7.5789    7.5789    7.6931    7.6931    8.1163    8.1163    8.1752    8.1752    8.3481    8.3481    8.4106    8.4106    8.6081    8.6081    8.7484    8.7484    9.0440    9.0440    9.0997    9.0997    9.2772    9.2772    9.3804    9.3804    9.6028    9.6028    9.6792    9.6792   10.0260   10.0260   10.1448   10.1448   10.6891   10.6891   10.8009   10.8009   10.8330   10.8330   10.9957   10.9957   11.3566   11.3566   11.3692   11.3692
  5.1175  -20.7755  -20.7755  -20.7754  -20.7754  -12.6123  -12.6123  -12.5987  -12.5987  -11.5396  -11.5396  -11.5248  -11.5248  -10.7973  -10.7973  -10.7905  -10.7905   -7.6153   -7.6153   -7.6085   -7.6085   -7.5980   -7.5980   -7.5946   -7.5946   -7.5615   -7.5615   -7.5599   -7.5599   -3.8760   -3.8760   -3.8466   -3.8466   -2.4219   -2.4219   -2.4152   -2.4152   -1.9388   -1.9388   -1.9309   -1.9309   -1.5739   -1.5739   -1.5155   -1.5155   -1.1569   -1.1569   -1.0990   -1.0990   -1.0140   -1.0140   -0.9903   -0.9903   -0.6215   -0.6215   -0.5993   -0.5993   -0.5273   -0.5273   -0.4790   -0.4790    1.6693    1.6693    1.6856    1.6856    4.9859    4.9859    5.0447    5.0447    5.1692    5.1692    5.2055    5.2055    5.6207    5.6207    5.6329    5.6329    5.8500    5.8500    5.8694    5.8694    6.1154    6.1154    6.1393    6.1393    6.3966    6.3966    6.4178    6.4178    6.7093    6.7093    6.7422    6.7422    7.2583    7.2583    7.2855    7.2855    7.6149    7.6149    7.6931    7.6931    8.1261    8.1261    8.1564    8.1564    8.3715    8.3715    8.4025    8.4025    8.6415    8.6415    8.7249    8.7249    9.0760    9.0760    9.1039    9.1039    9.2633    9.2633    9.3331    9.3331    9.5994    9.5994    9.6401    9.6401   10.0220   10.0220   10.0923   10.0923   10.7085   10.7085   10.7797   10.7797   10.8575   10.8575   10.9829   10.9829   11.3592   11.3592   11.3795   11.3795
  5.1391  -20.7755  -20.7755  -20.7754  -20.7754  -12.6090  -12.6090  -12.6021  -12.6021  -11.5359  -11.5359  -11.5284  -11.5284  -10.7956  -10.7956  -10.7922  -10.7922   -7.6132   -7.6132   -7.6097   -7.6097   -7.5976   -7.5976   -7.5959   -7.5959   -7.5611   -7.5611   -7.5603   -7.5603   -3.8684   -3.8684   -3.8537   -3.8537   -2.4218   -2.4218   -2.4200   -2.4200   -1.9347   -1.9347   -1.9316   -1.9316   -1.5615   -1.5615   -1.5325   -1.5325   -1.1376   -1.1376   -1.1081   -1.1081   -1.0095   -1.0095   -0.9979   -0.9979   -0.6117   -0.6117   -0.6028   -0.6028   -0.5191   -0.5191   -0.4941   -0.4941    1.6719    1.6719    1.6798    1.6798    4.9982    4.9982    5.0278    5.0278    5.1801    5.1801    5.1983    5.1983    5.6217    5.6217    5.6257    5.6257    5.8583    5.8583    5.8661    5.8661    6.1244    6.1244    6.1356    6.1356    6.4067    6.4067    6.4126    6.4126    6.7101    6.7101    6.7240    6.7240    7.2738    7.2738    7.2810    7.2810    7.6473    7.6473    7.6868    7.6868    8.1324    8.1324    8.1429    8.1429    8.3860    8.3860    8.3951    8.3951    8.6673    8.6673    8.7047    8.7047    9.1011    9.1011    9.1095    9.1095    9.2601    9.2601    9.2951    9.2951    9.5977    9.5977    9.6119    9.6119   10.0236   10.0236   10.0551   10.0551   10.7249   10.7249   10.7580   10.7580   10.8900   10.8900   10.9574   10.9574   11.3717   11.3717   11.3847   11.3847
  5.1606  -20.7754  -20.7754  -20.7754  -20.7754  -12.6056  -12.6056  -12.6056  -12.6056  -11.5321  -11.5321  -11.5321  -11.5321  -10.7939  -10.7939  -10.7939  -10.7939   -7.6113   -7.6113   -7.6113   -7.6113   -7.5969   -7.5969   -7.5969   -7.5969   -7.5607   -7.5607   -7.5607   -7.5607   -3.8609   -3.8609   -3.8609   -3.8609   -2.4217   -2.4217   -2.4217   -2.4217   -1.9326   -1.9326   -1.9326   -1.9326   -1.5478   -1.5478   -1.5478   -1.5478   -1.1211   -1.1211   -1.1211   -1.1211   -1.0042   -1.0042   -1.0042   -1.0042   -0.6061   -0.6061   -0.6061   -0.6061   -0.5078   -0.5078   -0.5078   -0.5078    1.6753    1.6753    1.6753    1.6753    5.0122    5.0122    5.0122    5.0122    5.1899    5.1899    5.1899    5.1899    5.6225    5.6225    5.6225    5.6225    5.8634    5.8634    5.8634    5.8634    6.1308    6.1308    6.1308    6.1308    6.4106    6.4106    6.4106    6.4106    6.7138    6.7138    6.7138    6.7138    7.2793    7.2793    7.2793    7.2793    7.6719    7.6719    7.6719    7.6719    8.1362    8.1362    8.1362    8.1362    8.3915    8.3915    8.3915    8.3915    8.6869    8.6869    8.6869    8.6869    9.1116    9.1116    9.1116    9.1116    9.2701    9.2701    9.2701    9.2701    9.5994    9.5994    9.5994    9.5994   10.0333   10.0333   10.0333   10.0333   10.7405   10.7405   10.7405   10.7405   10.9245   10.9245   10.9245   10.9245   11.3823   11.3823   11.3823   11.3823
  5.1606  -20.7754  -20.7754  -20.7754  -20.7754  -12.6056  -12.6056  -12.6056  -12.6056  -11.5321  -11.5321  -11.5321  -11.5321  -10.7939  -10.7939  -10.7939  -10.7939   -7.6113   -7.6113   -7.6113   -7.6113   -7.5969   -7.5969   -7.5969   -7.5969   -7.5607   -7.5607   -7.5607   -7.5607   -3.8609   -3.8609   -3.8609   -3.8609   -2.4217   -2.4217   -2.4217   -2.4217   -1.9326   -1.9326   -1.9326   -1.9326   -1.5478   -1.5478   -1.5478   -1.5478   -1.1211   -1.1211   -1.1211   -1.1211   -1.0042   -1.0042   -1.0042   -1.0042   -0.6061   -0.6061   -0.6061   -0.6061   -0.5078   -0.5078   -0.5078   -0.5078    1.6753    1.6753    1.6753    1.6753    5.0122    5.0122    5.0122    5.0122    5.1899    5.1899    5.1899    5.1899    5.6225    5.6225    5.6225    5.6225    5.8634    5.8634    5.8634    5.8634    6.1308    6.1308    6.1308    6.1308    6.4106    6.4106    6.4106    6.4106    6.7138    6.7138    6.7138    6.7138    7.2793    7.2793    7.2793    7.2793    7.6719    7.6719    7.6719    7.6719    8.1362    8.1362    8.1362    8.1362    8.3915    8.3915    8.3915    8.3915    8.6869    8.6869    8.6869    8.6869    9.1116    9.1116    9.1116    9.1116    9.2701    9.2701    9.2701    9.2701    9.5994    9.5994    9.5994    9.5994   10.0333   10.0333   10.0333   10.0333   10.7405   10.7405   10.7405   10.7405   10.9245   10.9245   10.9245   10.9245   11.3823   11.3823   11.3823   11.3823
  5.1763  -20.7754  -20.7754  -20.7754  -20.7754  -12.6056  -12.6056  -12.6056  -12.6056  -11.5321  -11.5321  -11.5321  -11.5321  -10.7939  -10.7939  -10.7939  -10.7939   -7.6115   -7.6115   -7.6115   -7.6115   -7.5967   -7.5967   -7.5967   -7.5967   -7.5607   -7.5607   -7.5607   -7.5607   -3.8610   -3.8610   -3.8610   -3.8610   -2.4215   -2.4215   -2.4215   -2.4215   -1.9327   -1.9327   -1.9327   -1.9327   -1.5474   -1.5474   -1.5474   -1.5474   -1.1219   -1.1219   -1.1219   -1.1219   -1.0039   -1.0039   -1.0039   -1.0039   -0.6063   -0.6063   -0.6063   -0.6063   -0.5076   -0.5076   -0.5076   -0.5076    1.6756    1.6756    1.6756    1.6756    5.0128    5.0128    5.0128    5.0128    5.1907    5.1907    5.1907    5.1907    5.6228    5.6228    5.6228    5.6228    5.8626    5.8626    5.8626    5.8626    6.1297    6.1297    6.1297    6.1297    6.4079    6.4079    6.4079    6.4079    6.7168    6.7168    6.7168    6.7168    7.2761    7.2761    7.2761    7.2761    7.6683    7.6683    7.6683    7.6683    8.1393    8.1393    8.1393    8.1393    8.3928    8.3928    8.3928    8.3928    8.6879    8.6879    8.6879    8.6879    9.1106    9.1106    9.1106    9.1106    9.2731    9.2731    9.2731    9.2731    9.6011    9.6011    9.6011    9.6011   10.0362   10.0362   10.0362   10.0362   10.7418   10.7418   10.7418   10.7418   10.9227   10.9227   10.9227   10.9227   11.3776   11.3776   11.3776   11.3776
  5.1921  -20.7754  -20.7754  -20.7754  -20.7754  -12.6056  -12.6056  -12.6056  -12.6056  -11.5320  -11.5320  -11.5320  -11.5320  -10.7940  -10.7940  -10.7940  -10.7940   -7.6119   -7.6119   -7.6119   -7.6119   -7.5963   -7.5963   -7.5963   -7.5963   -7.5608   -7.5608   -7.5608   -7.5608   -3.8612   -3.8612   -3.8612   -3.8612   -2.4209   -2.4209   -2.4209   -2.4209   -1.9332   -1.9332   -1.9332   -1.9332   -1.5461   -1.5461   -1.5461   -1.5461   -1.1244   -1.1244   -1.1244   -1.1244   -1.0031   -1.0031   -1.0031   -1.0031   -0.6070   -0.6070   -0.6070   -0.6070   -0.5068   -0.5068   -0.5068   -0.5068    1.6764    1.6764    1.6764    1.6764    5.0146    5.0146    5.0146    5.0146    5.1933    5.1933    5.1933    5.1933    5.6236    5.6236    5.6236    5.6236    5.8601    5.8601    5.8601    5.8601    6.1262    6.1262    6.1262    6.1262    6.4003    6.4003    6.4003    6.4003    6.7248    6.7248    6.7248    6.7248    7.2669    7.2669    7.2669    7.2669    7.6582    7.6582    7.6582    7.6582    8.1478    8.1478    8.1478    8.1478    8.3969    8.3969    8.3969    8.3969    8.6909    8.6909    8.6909    8.6909    9.1077    9.1077    9.1077    9.1077    9.2819    9.2819    9.2819    9.2819    9.6064    9.6064    9.6064    9.6064   10.0450   10.0450   10.0450   10.0450   10.7457   10.7457   10.7457   10.7457   10.9171   10.9171   10.9171   10.9171   11.3648   11.3648   11.3648   11.3648
  5.2078  -20.7754  -20.7754  -20.7754  -20.7754  -12.6056  -12.6056  -12.6056  -12.6056  -11.5319  -11.5319  -11.5319  -11.5319  -10.7941  -10.7941  -10.7941  -10.7941   -7.6125   -7.6125   -7.6125   -7.6125   -7.5956   -7.5956   -7.5956   -7.5956   -7.5608   -7.5608   -7.5608   -7.5608   -3.8616   -3.8616   -3.8616   -3.8616   -2.4199   -2.4199   -2.4199   -2.4199   -1.9339   -1.9339   -1.9339   -1.9339   -1.5438   -1.5438   -1.5438   -1.5438   -1.1285   -1.1285   -1.1285   -1.1285   -1.0018   -1.0018   -1.0018   -1.0018   -0.6080   -0.6080   -0.6080   -0.6080   -0.5056   -0.5056   -0.5056   -0.5056    1.6778    1.6778    1.6778    1.6778    5.0176    5.0176    5.0176    5.0176    5.1974    5.1974    5.1974    5.1974    5.6249    5.6249    5.6249    5.6249    5.8563    5.8563    5.8563    5.8563    6.1202    6.1202    6.1202    6.1202    6.3891    6.3891    6.3891    6.3891    6.7361    6.7361    6.7361    6.7361    7.2523    7.2523    7.2523    7.2523    7.6437    7.6437    7.6437    7.6437    8.1602    8.1602    8.1602    8.1602    8.4032    8.4032    8.4032    8.4032    8.6958    8.6958    8.6958    8.6958    9.1035    9.1035    9.1035    9.1035    9.2957    9.2957    9.2957    9.2957    9.6150    9.6150    9.6150    9.6150   10.0595   10.0595   10.0595   10.0595   10.7513   10.7513   10.7513   10.7513   10.9084   10.9084   10.9084   10.9084   11.3470   11.3470   11.3470   11.3470
  5.2236  -20.7754  -20.7754  -20.7754  -20.7754  -12.6057  -12.6057  -12.6057  -12.6057  -11.5317  -11.5317  -11.5317  -11.5317  -10.7943  -10.7943  -10.7943  -10.7943   -7.6132   -7.6132   -7.6132   -7.6132   -7.5947   -7.5947   -7.5947   -7.5947   -7.5609   -7.5609   -7.5609   -7.5609   -3.8621   -3.8621   -3.8621   -3.8621   -2.4185   -2.4185   -2.4185   -2.4185   -1.9351   -1.9351   -1.9351   -1.9351   -1.5407   -1.5407   -1.5407   -1.5407   -1.1339   -1.1339   -1.1339   -1.1339   -1.0002   -1.0002   -1.0002   -1.0002   -0.6093   -0.6093   -0.6093   -0.6093   -0.5040   -0.5040   -0.5040   -0.5040    1.6797    1.6797    1.6797    1.6797    5.0217    5.0217    5.0217    5.0217    5.2032    5.2032    5.2032    5.2032    5.6265    5.6265    5.6265    5.6265    5.8517    5.8517    5.8517    5.8517    6.1119    6.1119    6.1119    6.1119    6.3755    6.3755    6.3755    6.3755    6.7481    6.7481    6.7481    6.7481    7.2336    7.2336    7.2336    7.2336    7.6273    7.6273    7.6273    7.6273    8.1747    8.1747    8.1747    8.1747    8.4110    8.4110    8.4110    8.4110    8.7022    8.7022    8.7022    8.7022    9.0988    9.0988    9.0988    9.0988    9.3137    9.3137    9.3137    9.3137    9.6270    9.6270    9.6270    9.6270   10.0795   10.0795   10.0795   10.0795   10.7574   10.7574   10.7574   10.7574   10.8976   10.8976   10.8976   10.8976   11.3277   11.3277   11.3277   11.3277
  5.2393  -20.7754  -20.7754  -20.7754  -20.7754  -12.6057  -12.6057  -12.6057  -12.6057  -11.5315  -11.5315  -11.5315  -11.5315  -10.7945  -10.7945  -10.7945  -10.7945   -7.6141   -7.6141   -7.6141   -7.6141   -7.5937   -7.5937   -7.5937   -7.5937   -7.5609   -7.5609   -7.5609   -7.5609   -3.8627   -3.8627   -3.8627   -3.8627   -2.4167   -2.4167   -2.4167   -2.4167   -1.9366   -1.9366   -1.9366   -1.9366   -1.5365   -1.5365   -1.5365   -1.5365   -1.1407   -1.1407   -1.1407   -1.1407   -0.9984   -0.9984   -0.9984   -0.9984   -0.6110   -0.6110   -0.6110   -0.6110   -0.5020   -0.5020   -0.5020   -0.5020    1.6820    1.6820    1.6820    1.6820    5.0267    5.0267    5.0267    5.0267    5.2105    5.2105    5.2105    5.2105    5.6282    5.6282    5.6282    5.6282    5.8466    5.8466    5.8466    5.8466    6.1013    6.1013    6.1013    6.1013    6.3606    6.3606    6.3606    6.3606    6.7580    6.7580    6.7580    6.7580    7.2128    7.2128    7.2128    7.2128    7.6110    7.6110    7.6110    7.6110    8.1897    8.1897    8.1897    8.1897    8.4196    8.4196    8.4196    8.4196    8.7101    8.7101    8.7101    8.7101    9.0940    9.0940    9.0940    9.0940    9.3349    9.3349    9.3349    9.3349    9.6420    9.6420    9.6420    9.6420   10.1050   10.1050   10.1050   10.1050   10.7614   10.7614   10.7614   10.7614   10.8872   10.8872   10.8872   10.8872   11.3095   11.3095   11.3095   11.3095
  5.2551  -20.7754  -20.7754  -20.7754  -20.7754  -12.6058  -12.6058  -12.6058  -12.6058  -11.5313  -11.5313  -11.5313  -11.5313  -10.7947  -10.7947  -10.7947  -10.7947   -7.6150   -7.6150   -7.6150   -7.6150   -7.5926   -7.5926   -7.5926   -7.5926   -7.5610   -7.5610   -7.5610   -7.5610   -3.8635   -3.8635   -3.8635   -3.8635   -2.4147   -2.4147   -2.4147   -2.4147   -1.9385   -1.9385   -1.9385   -1.9385   -1.5313   -1.5313   -1.5313   -1.5313   -1.1486   -1.1486   -1.1486   -1.1486   -0.9964   -0.9964   -0.9964   -0.9964   -0.6129   -0.6129   -0.6129   -0.6129   -0.4998   -0.4998   -0.4998   -0.4998    1.6848    1.6848    1.6848    1.6848    5.0327    5.0327    5.0327    5.0327    5.2192    5.2192    5.2192    5.2192    5.6301    5.6301    5.6301    5.6301    5.8416    5.8416    5.8416    5.8416    6.0890    6.0890    6.0890    6.0890    6.3451    6.3451    6.3451    6.3451    6.7627    6.7627    6.7627    6.7627    7.1927    7.1927    7.1927    7.1927    7.5965    7.5965    7.5965    7.5965    8.2045    8.2045    8.2045    8.2045    8.4280    8.4280    8.4280    8.4280    8.7191    8.7191    8.7191    8.7191    9.0894    9.0894    9.0894    9.0894    9.3584    9.3584    9.3584    9.3584    9.6600    9.6600    9.6600    9.6600   10.1354   10.1354   10.1354   10.1354   10.7597   10.7597   10.7597   10.7597   10.8809   10.8809   10.8809   10.8809   11.2939   11.2939   11.2939   11.2939
  5.2708  -20.7754  -20.7754  -20.7754  -20.7754  -12.6059  -12.6059  -12.6059  -12.6059  -11.5310  -11.5310  -11.5310  -11.5310  -10.7949  -10.7949  -10.7949  -10.7949   -7.6159   -7.6159   -7.6159   -7.6159   -7.5915   -7.5915   -7.5915   -7.5915   -7.5611   -7.5611   -7.5611   -7.5611   -3.8643   -3.8643   -3.8643   -3.8643   -2.4123   -2.4123   -2.4123   -2.4123   -1.9408   -1.9408   -1.9408   -1.9408   -1.5251   -1.5251   -1.5251   -1.5251   -1.1575   -1.1575   -1.1575   -1.1575   -0.9945   -0.9945   -0.9945   -0.9945   -0.6149   -0.6149   -0.6149   -0.6149   -0.4973   -0.4973   -0.4973   -0.4973    1.6878    1.6878    1.6878    1.6878    5.0394    5.0394    5.0394    5.0394    5.2292    5.2292    5.2292    5.2292    5.6317    5.6317    5.6317    5.6317    5.8370    5.8370    5.8370    5.8370    6.0758    6.0758    6.0758    6.0758    6.3292    6.3292    6.3292    6.3292    6.7592    6.7592    6.7592    6.7592    7.1761    7.1761    7.1761    7.1761    7.5848    7.5848    7.5848    7.5848    8.2186    8.2186    8.2186    8.2186    8.4352    8.4352    8.4352    8.4352    8.7290    8.7290    8.7290    8.7290    9.0851    9.0851    9.0851    9.0851    9.3830    9.3830    9.3830    9.3830    9.6808    9.6808    9.6808    9.6808   10.1702   10.1702   10.1702   10.1702   10.7493   10.7493   10.7493   10.7493   10.8825   10.8825   10.8825   10.8825   11.2817   11.2817   11.2817   11.2817
  5.2866  -20.7754  -20.7754  -20.7754  -20.7754  -12.6059  -12.6059  -12.6059  -12.6059  -11.5307  -11.5307  -11.5307  -11.5307  -10.7952  -10.7952  -10.7952  -10.7952   -7.6168   -7.6168   -7.6168   -7.6168   -7.5904   -7.5904   -7.5904   -7.5904   -7.5612   -7.5612   -7.5612   -7.5612   -3.8652   -3.8652   -3.8652   -3.8652   -2.4097   -2.4097   -2.4097   -2.4097   -1.9435   -1.9435   -1.9435   -1.9435   -1.5179   -1.5179   -1.5179   -1.5179   -1.1673   -1.1673   -1.1673   -1.1673   -0.9926   -0.9926   -0.9926   -0.9926   -0.6171   -0.6171   -0.6171   -0.6171   -0.4948   -0.4948   -0.4948   -0.4948    1.6911    1.6911    1.6911    1.6911    5.0467    5.0467    5.0467    5.0467    5.2401    5.2401    5.2401    5.2401    5.6331    5.6331    5.6331    5.6331    5.8330    5.8330    5.8330    5.8330    6.0628    6.0628    6.0628    6.0628    6.3128    6.3128    6.3128    6.3128    6.7458    6.7458    6.7458    6.7458    7.1651    7.1651    7.1651    7.1651    7.5766    7.5766    7.5766    7.5766    8.2318    8.2318    8.2318    8.2318    8.4407    8.4407    8.4407    8.4407    8.7398    8.7398    8.7398    8.7398    9.0812    9.0812    9.0812    9.0812    9.4076    9.4076    9.4076    9.4076    9.7044    9.7044    9.7044    9.7044   10.2085   10.2085   10.2085   10.2085   10.7307   10.7307   10.7307   10.7307   10.8922   10.8922   10.8922   10.8922   11.2729   11.2729   11.2729   11.2729
  5.3023  -20.7754  -20.7754  -20.7754  -20.7754  -12.6060  -12.6060  -12.6060  -12.6060  -11.5304  -11.5304  -11.5304  -11.5304  -10.7954  -10.7954  -10.7954  -10.7954   -7.6176   -7.6176   -7.6176   -7.6176   -7.5894   -7.5894   -7.5894   -7.5894   -7.5614   -7.5614   -7.5614   -7.5614   -3.8661   -3.8661   -3.8661   -3.8661   -2.4069   -2.4069   -2.4069   -2.4069   -1.9465   -1.9465   -1.9465   -1.9465   -1.5097   -1.5097   -1.5097   -1.5097   -1.1778   -1.1778   -1.1778   -1.1778   -0.9907   -0.9907   -0.9907   -0.9907   -0.6193   -0.6193   -0.6193   -0.6193   -0.4921   -0.4921   -0.4921   -0.4921    1.6945    1.6945    1.6945    1.6945    5.0544    5.0544    5.0544    5.0544    5.2518    5.2518    5.2518    5.2518    5.6340    5.6340    5.6340    5.6340    5.8295    5.8295    5.8295    5.8295    6.0512    6.0512    6.0512    6.0512    6.2962    6.2962    6.2962    6.2962    6.7219    6.7219    6.7219    6.7219    7.1603    7.1603    7.1603    7.1603    7.5723    7.5723    7.5723    7.5723    8.2441    8.2441    8.2441    8.2441    8.4443    8.4443    8.4443    8.4443    8.7509    8.7509    8.7509    8.7509    9.0775    9.0775    9.0775    9.0775    9.4312    9.4312    9.4312    9.4312    9.7307    9.7307    9.7307    9.7307   10.2490   10.2490   10.2490   10.2490   10.7069   10.7069   10.7069   10.7069   10.9081   10.9081   10.9081   10.9081   11.2670   11.2670   11.2670   11.2670
  5.3181  -20.7754  -20.7754  -20.7754  -20.7754  -12.6061  -12.6061  -12.6061  -12.6061  -11.5300  -11.5300  -11.5300  -11.5300  -10.7957  -10.7957  -10.7957  -10.7957   -7.6184   -7.6184   -7.6184   -7.6184   -7.5883   -7.5883   -7.5883   -7.5883   -7.5615   -7.5615   -7.5615   -7.5615   -3.8670   -3.8670   -3.8670   -3.8670   -2.4040   -2.4040   -2.4040   -2.4040   -1.9499   -1.9499   -1.9499   -1.9499   -1.5005   -1.5005   -1.5005   -1.5005   -1.1889   -1.1889   -1.1889   -1.1889   -0.9891   -0.9891   -0.9891   -0.9891   -0.6215   -0.6215   -0.6215   -0.6215   -0.4895   -0.4895   -0.4895   -0.4895    1.6979    1.6979    1.6979    1.6979    5.0625    5.0625    5.0625    5.0625    5.2638    5.2638    5.2638    5.2638    5.6346    5.6346    5.6346    5.6346    5.8263    5.8263    5.8263    5.8263    6.0421    6.0421    6.0421    6.0421    6.2792    6.2792    6.2792    6.2792    6.6891    6.6891    6.6891    6.6891    7.1607    7.1607    7.1607    7.1607    7.5719    7.5719    7.5719    7.5719    8.2551    8.2551    8.2551    8.2551    8.4462    8.4462    8.4462    8.4462    8.7622    8.7622    8.7622    8.7622    9.0737    9.0737    9.0737    9.0737    9.4529    9.4529    9.4529    9.4529    9.7598    9.7598    9.7598    9.7598   10.2901   10.2901   10.2901   10.2901   10.6812   10.6812   10.6812   10.6812   10.9285   10.9285   10.9285   10.9285   11.2636   11.2636   11.2636   11.2636
  5.3338  -20.7754  -20.7754  -20.7754  -20.7754  -12.6062  -12.6062  -12.6062  -12.6062  -11.5297  -11.5297  -11.5297  -11.5297  -10.7960  -10.7960  -10.7960  -10.7960   -7.6192   -7.6192   -7.6192   -7.6192   -7.5874   -7.5874   -7.5874   -7.5874   -7.5616   -7.5616   -7.5616   -7.5616   -3.8679   -3.8679   -3.8679   -3.8679   -2.4010   -2.4010   -2.4010   -2.4010   -1.9534   -1.9534   -1.9534   -1.9534   -1.4906   -1.4906   -1.4906   -1.4906   -1.2005   -1.2005   -1.2005   -1.2005   -0.9876   -0.9876   -0.9876   -0.9876   -0.6237   -0.6237   -0.6237   -0.6237   -0.4869   -0.4869   -0.4869   -0.4869    1.7013    1.7013    1.7013    1.7013    5.0708    5.0708    5.0708    5.0708    5.2757    5.2757    5.2757    5.2757    5.6347    5.6347    5.6347    5.6347    5.8233    5.8233    5.8233    5.8233    6.0366    6.0366    6.0366    6.0366    6.2620    6.2620    6.2620    6.2620    6.6497    6.6497    6.6497    6.6497    7.1643    7.1643    7.1643    7.1643    7.5755    7.5755    7.5755    7.5755    8.2644    8.2644    8.2644    8.2644    8.4472    8.4472    8.4472    8.4472    8.7732    8.7732    8.7732    8.7732    9.0698    9.0698    9.0698    9.0698    9.4719    9.4719    9.4719    9.4719    9.7914    9.7914    9.7914    9.7914   10.3295   10.3295   10.3295   10.3295   10.6558   10.6558   10.6558   10.6558   10.9526   10.9526   10.9526   10.9526   11.2620   11.2620   11.2620   11.2620
  5.3495  -20.7754  -20.7754  -20.7754  -20.7754  -12.6063  -12.6063  -12.6063  -12.6063  -11.5294  -11.5294  -11.5294  -11.5294  -10.7962  -10.7962  -10.7962  -10.7962   -7.6199   -7.6199   -7.6199   -7.6199   -7.5865   -7.5865   -7.5865   -7.5865   -7.5617   -7.5617   -7.5617   -7.5617   -3.8688   -3.8688   -3.8688   -3.8688   -2.3980   -2.3980   -2.3980   -2.3980   -1.9570   -1.9570   -1.9570   -1.9570   -1.4800   -1.4800   -1.4800   -1.4800   -1.2124   -1.2124   -1.2124   -1.2124   -0.9863   -0.9863   -0.9863   -0.9863   -0.6257   -0.6257   -0.6257   -0.6257   -0.4845   -0.4845   -0.4845   -0.4845    1.7046    1.7046    1.7046    1.7046    5.0790    5.0790    5.0790    5.0790    5.2872    5.2872    5.2872    5.2872    5.6345    5.6345    5.6345    5.6345    5.8204    5.8204    5.8204    5.8204    6.0356    6.0356    6.0356    6.0356    6.2450    6.2450    6.2450    6.2450    6.6062    6.6062    6.6062    6.6062    7.1693    7.1693    7.1693    7.1693    7.5826    7.5826    7.5826    7.5826    8.2716    8.2716    8.2716    8.2716    8.4483    8.4483    8.4483    8.4483    8.7834    8.7834    8.7834    8.7834    9.0656    9.0656    9.0656    9.0656    9.4881    9.4881    9.4881    9.4881    9.8250    9.8250    9.8250    9.8250   10.3643   10.3643   10.3643   10.3643   10.6328   10.6328   10.6328   10.6328   10.9804   10.9804   10.9804   10.9804   11.2617   11.2617   11.2617   11.2617
  5.3653  -20.7754  -20.7754  -20.7754  -20.7754  -12.6063  -12.6063  -12.6063  -12.6063  -11.5291  -11.5291  -11.5291  -11.5291  -10.7965  -10.7965  -10.7965  -10.7965   -7.6205   -7.6205   -7.6205   -7.6205   -7.5857   -7.5857   -7.5857   -7.5857   -7.5618   -7.5618   -7.5618   -7.5618   -3.8696   -3.8696   -3.8696   -3.8696   -2.3952   -2.3952   -2.3952   -2.3952   -1.9606   -1.9606   -1.9606   -1.9606   -1.4691   -1.4691   -1.4691   -1.4691   -1.2244   -1.2244   -1.2244   -1.2244   -0.9851   -0.9851   -0.9851   -0.9851   -0.6275   -0.6275   -0.6275   -0.6275   -0.4823   -0.4823   -0.4823   -0.4823    1.7076    1.7076    1.7076    1.7076    5.0869    5.0869    5.0869    5.0869    5.2978    5.2978    5.2978    5.2978    5.6339    5.6339    5.6339    5.6339    5.8173    5.8173    5.8173    5.8173    6.0393    6.0393    6.0393    6.0393    6.2283    6.2283    6.2283    6.2283    6.5610    6.5610    6.5610    6.5610    7.1742    7.1742    7.1742    7.1742    7.5926    7.5926    7.5926    7.5926    8.2759    8.2759    8.2759    8.2759    8.4504    8.4504    8.4504    8.4504    8.7925    8.7925    8.7925    8.7925    9.0610    9.0610    9.0610    9.0610    9.5013    9.5013    9.5013    9.5013    9.8598    9.8598    9.8598    9.8598   10.3916   10.3916   10.3916   10.3916   10.6143   10.6143   10.6143   10.6143   11.0119   11.0119   11.0119   11.0119   11.2621   11.2621   11.2621   11.2621
  5.3810  -20.7754  -20.7754  -20.7754  -20.7754  -12.6064  -12.6064  -12.6064  -12.6064  -11.5289  -11.5289  -11.5289  -11.5289  -10.7967  -10.7967  -10.7967  -10.7967   -7.6210   -7.6210   -7.6210   -7.6210   -7.5850   -7.5850   -7.5850   -7.5850   -7.5619   -7.5619   -7.5619   -7.5619   -3.8703   -3.8703   -3.8703   -3.8703   -2.3926   -2.3926   -2.3926   -2.3926   -1.9639   -1.9639   -1.9639   -1.9639   -1.4581   -1.4581   -1.4581   -1.4581   -1.2362   -1.2362   -1.2362   -1.2362   -0.9842   -0.9842   -0.9842   -0.9842   -0.6292   -0.6292   -0.6292   -0.6292   -0.4803   -0.4803   -0.4803   -0.4803    1.7103    1.7103    1.7103    1.7103    5.0944    5.0944    5.0944    5.0944    5.3071    5.3071    5.3071    5.3071    5.6331    5.6331    5.6331    5.6331    5.8145    5.8145    5.8145    5.8145    6.0476    6.0476    6.0476    6.0476    6.2125    6.2125    6.2125    6.2125    6.5162    6.5162    6.5162    6.5162    7.1783    7.1783    7.1783    7.1783    7.6043    7.6043    7.6043    7.6043    8.2773    8.2773    8.2773    8.2773    8.4541    8.4541    8.4541    8.4541    8.8001    8.8001    8.8001    8.8001    9.0562    9.0562    9.0562    9.0562    9.5120    9.5120    9.5120    9.5120    9.8945    9.8945    9.8945    9.8945   10.4087   10.4087   10.4087   10.4087   10.6019   10.6019   10.6019   10.6019   11.0467   11.0467   11.0467   11.0467   11.2629   11.2629   11.2629   11.2629
  5.3968  -20.7754  -20.7754  -20.7754  -20.7754  -12.6065  -12.6065  -12.6065  -12.6065  -11.5287  -11.5287  -11.5287  -11.5287  -10.7969  -10.7969  -10.7969  -10.7969   -7.6214   -7.6214   -7.6214   -7.6214   -7.5844   -7.5844   -7.5844   -7.5844   -7.5620   -7.5620   -7.5620   -7.5620   -3.8710   -3.8710   -3.8710   -3.8710   -2.3903   -2.3903   -2.3903   -2.3903   -1.9669   -1.9669   -1.9669   -1.9669   -1.4476   -1.4476   -1.4476   -1.4476   -1.2473   -1.2473   -1.2473   -1.2473   -0.9834   -0.9834   -0.9834   -0.9834   -0.6306   -0.6306   -0.6306   -0.6306   -0.4787   -0.4787   -0.4787   -0.4787    1.7127    1.7127    1.7127    1.7127    5.1010    5.1010    5.1010    5.1010    5.3149    5.3149    5.3149    5.3149    5.6322    5.6322    5.6322    5.6322    5.8120    5.8120    5.8120    5.8120    6.0598    6.0598    6.0598    6.0598    6.1978    6.1978    6.1978    6.1978    6.4738    6.4738    6.4738    6.4738    7.1814    7.1814    7.1814    7.1814    7.6166    7.6166    7.6166    7.6166    8.2763    8.2763    8.2763    8.2763    8.4592    8.4592    8.4592    8.4592    8.8061    8.8061    8.8061    8.8061    9.0516    9.0516    9.0516    9.0516    9.5203    9.5203    9.5203    9.5203    9.9277    9.9277    9.9277    9.9277   10.4148   10.4148   10.4148   10.4148   10.5963   10.5963   10.5963   10.5963   11.0836   11.0836   11.0836   11.0836   11.2635   11.2635   11.2635   11.2635
  5.4125  -20.7754  -20.7754  -20.7754  -20.7754  -12.6065  -12.6065  -12.6065  -12.6065  -11.5285  -11.5285  -11.5285  -11.5285  -10.7970  -10.7970  -10.7970  -10.7970   -7.6217   -7.6217   -7.6217   -7.6217   -7.5840   -7.5840   -7.5840   -7.5840   -7.5621   -7.5621   -7.5621   -7.5621   -3.8715   -3.8715   -3.8715   -3.8715   -2.3884   -2.3884   -2.3884   -2.3884   -1.9694   -1.9694   -1.9694   -1.9694   -1.4381   -1.4381   -1.4381   -1.4381   -1.2572   -1.2572   -1.2572   -1.2572   -0.9828   -0.9828   -0.9828   -0.9828   -0.6317   -0.6317   -0.6317   -0.6317   -0.4773   -0.4773   -0.4773   -0.4773    1.7146    1.7146    1.7146    1.7146    5.1066    5.1066    5.1066    5.1066    5.3210    5.3210    5.3210    5.3210    5.6313    5.6313    5.6313    5.6313    5.8100    5.8100    5.8100    5.8100    6.0747    6.0747    6.0747    6.0747    6.1845    6.1845    6.1845    6.1845    6.4361    6.4361    6.4361    6.4361    7.1834    7.1834    7.1834    7.1834    7.6281    7.6281    7.6281    7.6281    8.2736    8.2736    8.2736    8.2736    8.4650    8.4650    8.4650    8.4650    8.8103    8.8103    8.8103    8.8103    9.0474    9.0474    9.0474    9.0474    9.5266    9.5266    9.5266    9.5266    9.9573    9.9573    9.9573    9.9573   10.4125   10.4125   10.4125   10.4125   10.5957   10.5957   10.5957   10.5957   11.1202   11.1202   11.1202   11.1202   11.2637   11.2637   11.2637   11.2637
  5.4283  -20.7754  -20.7754  -20.7754  -20.7754  -12.6065  -12.6065  -12.6065  -12.6065  -11.5284  -11.5284  -11.5284  -11.5284  -10.7971  -10.7971  -10.7971  -10.7971   -7.6220   -7.6220   -7.6220   -7.6220   -7.5836   -7.5836   -7.5836   -7.5836   -7.5622   -7.5622   -7.5622   -7.5622   -3.8718   -3.8718   -3.8718   -3.8718   -2.3870   -2.3870   -2.3870   -2.3870   -1.9712   -1.9712   -1.9712   -1.9712   -1.4303   -1.4303   -1.4303   -1.4303   -1.2652   -1.2652   -1.2652   -1.2652   -0.9824   -0.9824   -0.9824   -0.9824   -0.6325   -0.6325   -0.6325   -0.6325   -0.4763   -0.4763   -0.4763   -0.4763    1.7160    1.7160    1.7160    1.7160    5.1108    5.1108    5.1108    5.1108    5.3253    5.3253    5.3253    5.3253    5.6306    5.6306    5.6306    5.6306    5.8087    5.8087    5.8087    5.8087    6.0905    6.0905    6.0905    6.0905    6.1727    6.1727    6.1727    6.1727    6.4055    6.4055    6.4055    6.4055    7.1846    7.1846    7.1846    7.1846    7.6374    7.6374    7.6374    7.6374    8.2706    8.2706    8.2706    8.2706    8.4702    8.4702    8.4702    8.4702    8.8130    8.8130    8.8130    8.8130    9.0441    9.0441    9.0441    9.0441    9.5309    9.5309    9.5309    9.5309    9.9811    9.9811    9.9811    9.9811   10.4063   10.4063   10.4063   10.4063   10.5972   10.5972   10.5972   10.5972   11.1528   11.1528   11.1528   11.1528   11.2632   11.2632   11.2632   11.2632
  5.4440  -20.7754  -20.7754  -20.7754  -20.7754  -12.6065  -12.6065  -12.6065  -12.6065  -11.5283  -11.5283  -11.5283  -11.5283  -10.7972  -10.7972  -10.7972  -10.7972   -7.6221   -7.6221   -7.6221   -7.6221   -7.5834   -7.5834   -7.5834   -7.5834   -7.5622   -7.5622   -7.5622   -7.5622   -3.8721   -3.8721   -3.8721   -3.8721   -2.3861   -2.3861   -2.3861   -2.3861   -1.9724   -1.9724   -1.9724   -1.9724   -1.4251   -1.4251   -1.4251   -1.4251   -1.2705   -1.2705   -1.2705   -1.2705   -0.9821   -0.9821   -0.9821   -0.9821   -0.6330   -0.6330   -0.6330   -0.6330   -0.4757   -0.4757   -0.4757   -0.4757    1.7168    1.7168    1.7168    1.7168    5.1135    5.1135    5.1135    5.1135    5.3279    5.3279    5.3279    5.3279    5.6301    5.6301    5.6301    5.6301    5.8079    5.8079    5.8079    5.8079    6.1042    6.1042    6.1042    6.1042    6.1632    6.1632    6.1632    6.1632    6.3852    6.3852    6.3852    6.3852    7.1852    7.1852    7.1852    7.1852    7.6435    7.6435    7.6435    7.6435    8.2683    8.2683    8.2683    8.2683    8.4739    8.4739    8.4739    8.4739    8.8145    8.8145    8.8145    8.8145    9.0419    9.0419    9.0419    9.0419    9.5335    9.5335    9.5335    9.5335    9.9967    9.9967    9.9967    9.9967   10.4006   10.4006   10.4006   10.4006   10.5988   10.5988   10.5988   10.5988   11.1763   11.1763   11.1763   11.1763   11.2621   11.2621   11.2621   11.2621
  5.4598  -20.7754  -20.7754  -20.7754  -20.7754  -12.6066  -12.6066  -12.6066  -12.6066  -11.5283  -11.5283  -11.5283  -11.5283  -10.7972  -10.7972  -10.7972  -10.7972   -7.6222   -7.6222   -7.6222   -7.6222   -7.5834   -7.5834   -7.5834   -7.5834   -7.5622   -7.5622   -7.5622   -7.5622   -3.8721   -3.8721   -3.8721   -3.8721   -2.3858   -2.3858   -2.3858   -2.3858   -1.9728   -1.9728   -1.9728   -1.9728   -1.4233   -1.4233   -1.4233   -1.4233   -1.2724   -1.2724   -1.2724   -1.2724   -0.9821   -0.9821   -0.9821   -0.9821   -0.6332   -0.6332   -0.6332   -0.6332   -0.4755   -0.4755   -0.4755   -0.4755    1.7171    1.7171    1.7171    1.7171    5.1144    5.1144    5.1144    5.1144    5.3288    5.3288    5.3288    5.3288    5.6299    5.6299    5.6299    5.6299    5.8077    5.8077    5.8077    5.8077    6.1102    6.1102    6.1102    6.1102    6.1589    6.1589    6.1589    6.1589    6.3780    6.3780    6.3780    6.3780    7.1854    7.1854    7.1854    7.1854    7.6456    7.6456    7.6456    7.6456    8.2674    8.2674    8.2674    8.2674    8.4752    8.4752    8.4752    8.4752    8.8149    8.8149    8.8149    8.8149    9.0412    9.0412    9.0412    9.0412    9.5344    9.5344    9.5344    9.5344   10.0021   10.0021   10.0021   10.0021   10.3983   10.3983   10.3983   10.3983   10.5995   10.5995   10.5995   10.5995   11.1850   11.1850   11.1850   11.1850   11.2615   11.2615   11.2615   11.2615
