from,to,R1,R2,distance,bond_index,trg,shell
0,0,-23,-23,69.0,1.8738520402287853e-36,1.1151761954411558e-33,69.0
0,0,-23,-22,67.50555532695067,5.068545660015771e-12,2.8871703215864822e-09,67.51
0,0,-23,-21,66.02272336097624,1.1304781019157385e-11,6.1596925578133775e-09,66.02
0,0,-23,-20,64.55230437405004,1.1960602743905108e-11,6.229978954231573e-09,64.55
0,0,-23,-19,63.09516621738942,8.355076476439916e-12,4.157694931588412e-09,63.1
0,0,-23,-18,61.6522505671934,4.2577337032349745e-12,2.0229557257495167e-09,61.65
0,0,-23,-17,60.224579699654186,1.6616402889485521e-12,7.533461660020497e-10,60.22
0,0,-23,-16,58.813263810130444,5.221056247069661e-13,2.2574541948267444e-10,58.81
0,0,-23,-15,57.41950887982237,1.4555854171314358e-13,5.998831400352928e-11,57.42
0,0,-23,-14,56.04462507680821,4.600704935313887e-14,1.8063517752276146e-11,56.04
0,0,-23,-13,54.69003565550127,2.7001297846985696e-14,1.0095110232541777e-11,54.69
0,0,-23,-12,53.35728628781639,4.2460029366989804e-14,1.5110462950977492e-11,53.36
0,0,-23,-11,52.04805471869241,1.290389521953527e-13,4.3695815187151296e-11,52.05
0,0,-23,-10,50.76416058598822,4.84932933456573e-13,1.5620902118969856e-10,50.76
0,0,-23,-9,49.50757517794625,1.8010273539427046e-12,5.517897555641961e-10,49.51
0,0,-23,-8,48.28043081829324,6.01509698719288e-12,1.752648884643325e-09,48.28
0,0,-23,-7,47.085029467974216,1.7319844402845484e-11,4.799761880138556e-09,47.09
0,0,-23,-6,45.92385001282013,4.2456710529068774e-11,1.1192650313225753e-08,45.92
0,0,-23,-5,44.79955356920423,8.891985512534241e-11,2.230776865457027e-08,44.8
0,0,-23,-4,43.71498598878879,1.6113440167392606e-10,3.8490980199859095e-08,43.71
0,0,-23,-3,42.67317658670373,2.566112765069753e-10,5.8411141814900244e-08,42.67
0,0,-23,-2,41.67733196834941,3.6433259683811046e-10,7.91057150884747e-08,41.68
0,0,-23,-1,40.7308237088326,4.654633531201058e-10,9.652546285328194e-08,40.73
0,0,-23,0,39.837168574084174,5.361645404276216e-10,1.0636164070732941e-07,39.84
0,0,-23,1,38.99999999999999,5.534778494799391e-10,1.052299761323734e-07,39.0
0,0,-23,2,38.22302970723278,5.055368909045324e-10,9.232367470144022e-08,38.22
0,0,-23,3,37.5099986670221,4.01573695477417e-10,7.062677369209071e-08,37.51
0,0,-23,4,36.86461718233352,2.721668216798949e-10,4.623433883287213e-08,36.86
0,0,-23,5,36.29049462324811,1.5445986554914985e-10,2.542795536602879e-08,36.29
0,0,-23,6,35.79106033634656,7.226810306401345e-11,1.1571930003125153e-08,35.79
0,0,-23,7,35.36947836765478,2.765212523196579e-11,4.324101083148648e-09,35.37
0,0,-23,8,35.02855977627399,8.727887802917323e-12,1.3386397917724443e-09,35.03
0,0,-23,9,34.77067730142742,2.3746644400231546e-12,3.588711634984992e-10,34.77
0,0,-23,10,34.597687784012386,6.297248711956262e-13,9.422258385264557e-11,34.6
0,0,-23,11,34.51086785347479,2.1902767744885245e-13,3.26077454801979e-11,34.51
0,0,-23,12,34.510867853474785,1.689186950642862e-13,2.5147770727695594e-11,34.51
0,0,-23,13,34.597687784012386,3.5995861744654523e-13,5.385880813543933e-11,34.6
0,0,-23,14,34.77067730142742,1.2959485636779657e-12,1.9585022668583257e-10,34.77
0,0,-23,15,35.02855977627398,4.86434846728928e-12,7.460694461704929e-10,35.03
0,0,-23,16,35.369478367654786,1.553314848115423e-11,2.428996093740492e-09,35.37
0,0,-23,17,35.791060336346554,3.952740723146809e-11,6.3293260829388255e-09,35.79
0,0,-23,18,36.2904946232481,7.87993070574045e-11,1.2972335924325208e-08,36.29
0,0,-23,19,36.86461718233352,1.2273657033422903e-10,2.0849874885527148e-08,36.86
0,0,-23,20,37.5099986670221,1.4895458192840367e-10,2.6197387096657997e-08,37.51
0,0,-23,21,38.223029707232776,1.3909732591125235e-10,2.5402649144542447e-08,38.22
0,0,-23,22,38.99999999999999,9.636599798800296e-11,1.8321585367469058e-08,39.0
0,0,-23,23,39.837168574084174,4.4894752297210876e-11,8.905996486959206e-09,39.84
0,0,-22,-23,67.50555532695068,5.068545660041643e-12,2.887170321601221e-09,67.51
0,0,-22,-22,66.0,3.7513356023517237e-35,2.0426022354805136e-32,66.0
0,0,-22,-21,64.50581369148055,1.2764514879059994e-12,6.63914330147108e-10,64.51
0,0,-22,-20,63.023805026354914,1.9960872964101956e-12,9.910573426676618e-10,63.02
0,0,-22,-19,61.55485358604957,1.471684346239902e-12,6.970264984878735e-10,61.55
0,0,-22,-18,60.09991680526688,7.173404728028622e-13,3.238792234704923e-10,60.1
0,0,-22,-17,58.66003750424985,2.57749183112533e-13,1.1086436738627822e-10,58.66
0,0,-22,-16,57.23635208501674,7.208141429201374e-14,2.951733915257963e-11,57.24
0,0,-22,-15,55.83009940883144,1.482923650286252e-14,5.77784127242781e-12,55.83
0,0,-22,-14,54.4426303552648,9.399994629233923e-16,3.4826980101311684e-13,54.44
0,0,-22,-13,53.075418038862395,2.1339999499807403e-15,7.514347323869681e-13,53.08
0,0,-22,-12,51.73006862551025,2.1782759581440783e-14,7.286333079991942e-12,51.73
0,0,-22,-11,50.40833264451424,1.0622945362747951e-13,3.374113020842818e-11,50.41
0,0,-22,-10,49.1121166312347,4.3602457943482244e-13,1.3146141069959897e-10,49.11
0,0,-22,-9,47.843494855622744,1.6061787166698722e-12,4.595678853071672e-10,47.84
0,0,-22,-8,46.60472079092417,5.2243861682675006e-12,1.4184208446846261e-09,46.6
0,0,-22,-7,45.39823785126467,1.480254178573603e-11,3.813504827550245e-09,45.4
0,0,-22,-6,44.22668877499196,3.642718275304813e-11,8.906446183120268e-09,44.23
0,0,-22,-5,43.09292285283048,7.848872120744665e-11,1.821919441027855e-08,43.09
0,0,-22,-4,42.0,1.4987019795833635e-10,3.304637864981317e-08,42.0
0,0,-22,-3,40.95119045888654,2.566141160105036e-10,5.379273406870183e-08,40.95
0,0,-22,-2,39.949968710876355,3.9668348172904407e-10,7.913835460494428e-08,39.95
0,0,-22,-1,39.0,5.534812461301422e-10,1.052306219204933e-07,39.0
0,0,-22,0,38.1051177665153,6.915596755633298e-10,1.2551808111474435e-07,38.11
0,0,-22,1,37.26929030716845,7.631607291897142e-10,1.325037816055641e-07,37.27
0,0,-22,2,36.49657518178932,7.306932956640995e-10,1.2166043372807257e-07,36.5
0,0,-22,3,35.79106033634656,5.952549432535403e-10,9.531519778847313e-08,35.79
0,0,-22,4,35.15679166249389,4.0445436877964567e-10,6.248819997645524e-08,35.16
0,0,-22,5,34.597687784012386,2.2495341415066899e-10,3.365865459229385e-08,34.6
0,0,-22,6,34.11744421846396,1.0083375259106578e-10,1.4671311002000067e-08,34.12
0,0,-22,7,33.719430600174725,3.6135609851489915e-11,5.135773550143002e-09,33.72
0,0,-22,8,33.406586176980134,1.0404338078372601e-11,1.4514051619329782e-09,33.41
0,0,-22,9,33.18132004607411,2.431127420297542e-12,3.345839112184492e-10,33.18
0,0,-22,10,33.04542328371661,4.1692841000132265e-13,5.691072796518053e-11,33.05
0,0,-22,11,33.0,9.470571469103565e-15,1.2891815412317228e-12,33.0
0,0,-22,12,33.04542328371661,1.6917754449215104e-13,2.3092734823178612e-11,33.05
0,0,-22,13,33.18132004607411,1.4269351893342866e-12,1.9638195543213114e-10,33.18
0,0,-22,14,33.40658617698013,6.797924530006673e-12,9.483104719359306e-10,33.41
0,0,-22,15,33.719430600174725,2.4617346683694536e-11,3.4987403974200844e-09,33.72
0,0,-22,16,34.11744421846396,6.907636934372116e-11,1.0050611739511427e-08,34.12
0,0,-22,17,34.597687784012386,1.5033347574802466e-10,2.2493646308798188e-08,34.6
0,0,-22,18,35.15679166249389,2.5538983060979083e-10,3.945772882921268e-08,35.16
0,0,-22,19,35.79106033634656,3.4155051899553867e-10,5.469077685416063e-08,35.79
0,0,-22,20,36.49657518178932,3.6158553864249195e-10,6.02039921839749e-08,36.5
0,0,-22,21,37.26929030716845,3.025873932247819e-10,5.253673614865276e-08,37.27
0,0,-22,22,38.10511776651529,1.9730492664654853e-10,3.5810844186348544e-08,38.11
0,0,-22,23,38.99999999999999,9.636599798778192e-11,1.8321585367427034e-08,39.0
0,0,-21,-23,66.02272336097626,1.1304781019132897e-11,6.1596925578000376e-09,66.02
0,0,-21,-22,64.50581369148054,1.2764514878820711e-12,6.63914330134662e-10,64.51
0,0,-21,-21,63.0,6.497855930571871e-36,3.2237487735549694e-33,63.0
0,0,-21,-20,61.506097258727124,1.611693830763687e-13,7.621297202223786e-11,61.51
0,0,-21,-19,60.02499479383567,1.784671352861878e-13,8.037713605451681e-11,60.02
0,0,-21,-18,58.557663887829406,9.594458219452351e-14,4.112424654312764e-11,58.56
0,0,-21,-17,57.105166141076936,3.6303061719770535e-14,1.4798035533521462e-11,57.11
0,0,-21,-16,55.66866263886712,1.2247539353619249e-14,4.744390557108256e-12,55.67
0,0,-21,-15,54.249423960075376,4.99092172088692e-15,1.836035328071276e-12,54.25
0,0,-21,-14,52.848841046895245,4.224504542174584e-15,1.4748801482867015e-12,52.85
0,0,-21,-13,51.468436929831086,8.462046768421553e-15,2.801995236193587e-12,51.47
0,0,-21,-12,50.1098792654702,2.840097585434696e-14,8.914356296283152e-12,50.11
0,0,-21,-11,48.774993593028796,1.0903943353723806e-13,3.242560154813617e-11,48.77
0,0,-21,-10,47.46577714522327,4.185695189432788e-13,1.178796407724009e-10,47.47
0,0,-21,-9,46.184412955021955,1.489949887730869e-12,3.9725788881624296e-10,46.18
0,0,-21,-8,44.93328387732194,4.7811800032790025e-12,1.2066503033275382e-09,44.93
0,0,-21,-7,43.71498598878879,1.3624002662020325e-11,3.2544336358901055e-09,43.71
0,0,-21,-6,42.532340636273474,3.454675313204423e-11,7.811884551983501e-09,42.53
0,0,-21,-5,41.38840417314975,7.848532066067672e-11,1.6805669286467402e-08,41.39
0,0,-21,-4,40.28647415696737,1.6113644305884764e-10,3.2690555885563713e-08,40.29
0,0,-21,-3,39.230090491866065,3.00063313094861e-10,5.77246798566239e-08,39.23
0,0,-21,-2,38.22302970723278,5.055400571813559e-10,9.23242529427451e-08,38.22
0,0,-21,-1,37.269290307168454,7.631539409713794e-10,1.325026030011558e-07,37.27
0,0,-21,0,36.373066958946424,1.0171962986901593e-09,1.682188378958851e-07,36.37
0,0,-21,1,35.53871128783372,1.1756688345289442e-09,1.8560871725125706e-07,35.54
0,0,-21,2,34.770677301427426,1.1555936946219302e-09,1.7463909709973928e-07,34.77
0,0,-21,3,34.07345007480164,9.466922330930558e-10,1.3738871032762972e-07,34.07
0,0,-21,4,33.45145736735546,6.336107004413471e-10,8.862629672423341e-08,33.45
0,0,-21,5,32.908965343808674,3.399612323529733e-10,4.602225182978378e-08,32.91
0,0,-21,6,32.449961479175904,1.44122495583108e-10,1.8970123481126592e-08,32.45
0,0,-21,7,32.07802986469088,4.819649265455052e-11,6.199273867691562e-09,32.08
0,0,-21,8,31.796226191169296,1.317745604376344e-11,1.6653010075306053e-09,31.8
0,0,-21,9,31.606961258558215,3.3777363213306753e-12,4.2179482312616805e-10,31.61
0,0,-21,10,31.51190251317746,1.1776586193968513e-12,1.4617687613263416e-10,31.51
0,0,-21,11,31.51190251317746,1.0304311773651438e-12,1.2790226989044848e-10,31.51
0,0,-21,12,31.606961258558215,2.5787797784296636e-12,3.220251248314042e-10,31.61
0,0,-21,13,31.796226191169293,1.0039092772912985e-11,1.2686903491768786e-09,31.8
0,0,-21,14,32.07802986469088,3.759200849390139e-11,4.835272092528067e-09,32.08
0,0,-21,15,32.4499614791759,1.1376673338578324e-10,1.4974546281903713e-08,32.45
0,0,-21,16,32.90896534380867,2.668367858706552e-10,3.6123029887239945e-08,32.91
0,0,-21,17,33.45145736735546,4.851590164539418e-10,6.786161742649511e-08,33.45
0,0,-21,18,34.07345007480164,6.916037995169326e-10,1.0036900140489483e-07,34.07
0,0,-21,19,34.77067730142742,7.827065545054518e-10,1.1828652804963641e-07,34.77
0,0,-21,20,35.53871128783372,7.098258178313468e-10,1.1206375099012387e-07,35.54
0,0,-21,21,36.37306695894642,5.178782981218925e-10,8.564412355190793e-08,36.37
0,0,-21,22,37.26929030716844,3.0258739322492026e-10,5.253673614867675e-08,37.27
0,0,-21,23,38.223029707232776,1.3909732591131e-10,2.5402649144552975e-08,38.22
0,0,-20,-23,64.55230437405004,1.1960602743901821e-11,6.229978954229861e-09,64.55
0,0,-20,-22,63.023805026354914,1.996087296420808e-12,9.91057342672931e-10,63.02
0,0,-20,-21,61.50609725872712,1.6116938307163357e-13,7.621297201999872e-11,61.51
0,0,-20,-20,59.99999999999999,6.156373076157405e-35,2.7703678842708315e-32,60.0
0,0,-20,-19,58.50640990524029,1.0242251304071893e-14,4.38240327672976e-12,58.51
0,0,-20,-18,57.026309717533,8.531917241067134e-15,3.468224358493789e-12,57.03
0,0,-20,-17,55.5607775323564,3.2622043748706075e-15,1.2588031131531954e-12,55.56
0,0,-20,-16,54.110997033874725,7.403198233250376e-16,2.7095705533696366e-13,54.11
0,0,-20,-15,52.67826876426369,1.5918248280705213e-19,5.52164237236962e-17,52.68
0,0,-20,-14,51.264022471905186,7.642790230864524e-16,2.510656590838996e-13,51.26
0,0,-20,-13,49.86983055916673,5.476768250254403e-15,1.7025903297978373e-12,49.87
0,0,-20,-12,48.497422611928556,2.4834399206014982e-14,7.301313366568402e-12,48.5
0,0,-20,-11,47.14870093650513,1.039213856924544e-13,2.887715504929076e-11,47.15
0,0,-20,-10,45.8257569495584,3.9999598503238626e-13,1.0499894607100137e-10,45.83
0,0,-20,-9,44.53088815642464,1.4286673619828286e-12,3.5413092235149365e-10,44.53
0,0,-20,-8,43.26661530556787,4.629827725772034e-12,1.0833796878306559e-09,43.27
0,0,-20,-7,42.035699113967404,1.3627222731884522e-11,3.0099128209049936e-09,42.04
0,0,-20,-6,40.84115571332427,3.642487142633376e-11,7.594585692390588e-09,40.84
0,0,-20,-5,39.68626966596885,8.892504739267024e-11,1.7507118705431945e-08,39.69
0,0,-20,-4,38.57460304397182,1.982295128868219e-10,3.687068939694888e-08,38.57
0,0,-20,-3,37.5099986670221,4.0158236816223865e-10,7.062829900053372e-08,37.51
0,0,-20,-2,36.49657518178931,7.306857777611035e-10,1.216591819972237e-07,36.5
0,0,-20,-1,35.53871128783372,1.1756839644499425e-09,1.8561110588753467e-07,35.54
0,0,-20,0,34.64101615137754,1.6422445538886318e-09,2.4633668308329474e-07,34.64
0,0,-20,1,33.808283008753925,1.953485319311384e-09,2.791042149966138e-07,33.81
0,0,-20,2,33.04542328371661,1.939486371765964e-09,2.64739889746054e-07,33.05
0,0,-20,3,32.35737937472687,1.5747453809863672e-09,2.0609480173659077e-07,32.36
0,0,-20,4,31.749015732775085,1.0237993114041039e-09,1.2899871323691707e-07,31.75
0,0,-20,5,31.224989991991986,5.220877533142877e-10,6.36294449351788e-08,31.22
0,0,-20,6,30.7896086366813,2.0515202802748123e-10,2.431051532125652e-08,30.79
0,0,-20,7,30.446674695276656,6.152898272697063e-11,7.12967087348772e-09,30.45
0,0,-20,8,30.199337741082996,1.3997598707316017e-11,1.5957262526340254e-09,30.2
0,0,-20,9,30.049958402633436,2.1483273024102186e-12,2.424924442595534e-10,30.05
0,0,-20,10,29.999999999999996,1.5174005370269014e-14,1.7070756041552636e-12,30.0
0,0,-20,11,30.049958402633436,1.387250624485459e-12,1.5658591423879617e-10,30.05
0,0,-20,12,30.199337741082992,1.1030534843386818e-11,1.2574809721460966e-09,30.2
0,0,-20,13,30.446674695276656,5.15408656693193e-11,5.972297809432372e-09,30.45
0,0,-20,14,30.7896086366813,1.7605773915364164e-10,2.086284208970653e-08,30.79
0,0,-20,15,31.224989991991986,4.504969374328846e-10,5.4904314249632786e-08,31.22
0,0,-20,16,31.749015732775085,8.759588698562053e-10,1.1037081760188185e-07,31.75
0,0,-20,17,32.35737937472687,1.3178010643358919e-09,1.724672142949598e-07,32.36
0,0,-20,18,33.0454232837166,1.5615750296476489e-09,2.1315499154690395e-07,33.05
0,0,-20,19,33.808283008753925,1.480390926167618e-09,2.1151085357619828e-07,33.81
0,0,-20,20,34.64101615137754,1.1356725937719122e-09,1.703508890657868e-07,34.64
0,0,-20,21,35.53871128783371,7.098258178313359e-10,1.120637509901221e-07,35.54
0,0,-20,22,36.49657518178931,3.6158553864241285e-10,6.020399218396172e-08,36.5
0,0,-20,23,37.509998667022096,1.4895458192824674e-10,2.6197387096630383e-08,37.51
0,0,-19,-23,63.09516621738942,8.35507647644683e-12,4.1576949315918534e-09,63.1
0,0,-19,-22,61.55485358604957,1.471684346242662e-12,6.970264984891806e-10,61.55
0,0,-19,-21,60.024994793835674,1.7846713528499021e-13,8.037713605397746e-11,60.02
0,0,-19,-20,58.50640990524029,1.0242251304681595e-14,4.382403276990637e-12,58.51
0,0,-19,-19,56.99999999999999,4.050080973445377e-35,1.6448391353405032e-32,57.0
0,0,-19,-18,55.50675634551167,5.593802211426122e-16,2.154313076675485e-13,55.51
0,0,-19,-17,54.02777063696039,4.465859091555973e-16,1.6294803360314856e-13,54.03
0,0,-19,-16,52.5642464038057,4.587748941891831e-16,1.584493790805891e-13,52.56
0,0,-19,-15,51.11751167652823,5.843254296699787e-16,1.9085529346595678e-13,51.12
0,0,-19,-14,49.68903299521937,1.825319566145698e-15,5.63339251101716e-13,49.69
0,0,-19,-13,48.28043081829324,6.276828979201378e-15,1.828911043814801e-12,48.28
0,0,-19,-12,46.89349635077342,2.6108476852083413e-14,7.176567574716428e-12,46.89
0,0,-19,-11,45.53020975132884,1.0263417194613642e-13,2.65950798055426e-11,45.53
0,0,-19,-10,44.19275958796871,3.976476060750467e-13,9.707572183307079e-11,44.19
0,0,-19,-9,42.883563284783136,1.4262755845499839e-12,3.278650999984276e-10,42.88
0,0,-19,-8,41.60528812542944,4.783129897296944e-12,1.0349497315276263e-09,41.61
0,0,-19,-7,40.36087214122113,1.4797705072227036e-11,3.01318269533223e-09,40.36
0,0,-19,-6,39.153543900903784,4.24627265655803e-11,8.136919978129326e-09,39.15
0,0,-19,-5,37.986839826445156,1.1233029036965568e-10,2.026157612542664e-08,37.99
0,0,-19,-4,36.864617182333525,2.7217944969686014e-10,4.623648401725412e-08,36.86
0,0,-19,-3,35.79106033634656,5.952359137387003e-10,9.531215068740939e-08,35.79
0,0,-19,-2,34.77067730142742,1.1556113345426789e-09,1.7464176293276234e-07,34.77
0,0,-19,-1,33.80828300875393,1.9534501592981406e-09,2.7909919150972175e-07,33.81
0,0,-19,0,32.90896534380867,2.8205427012747965e-09,3.818309681850756e-07,32.91
0,0,-19,1,32.078029864690876,3.409768500270378e-09,4.3858147334727726e-07,32.08
0,0,-19,2,31.32091952673165,3.3823550576207996e-09,4.147612889407506e-07,31.32
0,0,-19,3,30.643106892089122,2.6943686165658754e-09,3.162515163694196e-07,30.64
0,0,-19,4,30.04995840263344,1.6855300178092001e-09,1.902542007602135e-07,30.05
0,0,-19,5,29.546573405388312,8.098116458062768e-10,8.837069584860995e-08,29.55
0,0,-19,6,29.13760456866693,2.9440733129150756e-10,3.124397803331124e-08,29.14
0,0,-19,7,28.827070610799147,8.232662236297601e-11,8.551677897954132e-09,28.83
0,0,-19,8,28.61817604250837,2.0115755885432228e-11,2.0593505087711243e-09,28.62
0,0,-19,9,28.5131548587665,6.60458170161348e-12,6.711906154264697e-10,28.51
0,0,-19,10,28.513154858766505,6.212337964079787e-12,6.313288455996084e-10,28.51
0,0,-19,11,28.618176042508367,1.7931463413711383e-11,1.8357335669787026e-09,28.62
0,0,-19,12,28.827070610799144,7.388197034602492e-11,7.674489669693335e-09,28.83
0,0,-19,13,29.13760456866693,2.6772677281242163e-10,2.8412503764718244e-08,29.14
0,0,-19,14,29.546573405388312,7.40931656087507e-10,8.08541669705492e-08,29.55
0,0,-19,15,30.049958402633436,1.5391312116131127e-09,1.7372943551083008e-07,30.05
0,0,-19,16,30.643106892089122,2.4356015847007774e-09,2.8587873600425373e-07,30.64
0,0,-19,17,31.320919526731647,2.9983222367769645e-09,3.6766926428477516e-07,31.32
0,0,-19,18,32.078029864690876,2.927409498919821e-09,3.7653804679856187e-07,32.08
0,0,-19,19,32.90896534380867,2.304360423172295e-09,3.1195279228694946e-07,32.91
0,0,-19,20,33.80828300875393,1.4803909261677983e-09,2.1151085357622414e-07,33.81
0,0,-19,21,34.77067730142742,7.82706554505225e-10,1.1828652804960212e-07,34.77
0,0,-19,22,35.791060336346554,3.4155051899559565e-10,5.4690776854169734e-08,35.79
0,0,-19,23,36.86461718233352,1.2273657033417472e-10,2.0849874885517923e-08,36.86
0,0,-18,-23,61.652250567193406,4.257733703211306e-12,2.0229557257382716e-09,61.65
0,0,-18,-22,60.09991680526687,7.173404728074162e-13,3.238792234725484e-10,60.1
0,0,-18,-21,58.5576638878294,9.594458219088696e-14,4.112424654156891e-11,58.56
0,0,-18,-20,57.02630971753301,8.531917240809983e-15,3.468224358389258e-12,57.03
0,0,-18,-19,55.50675634551166,5.593802213029148e-16,2.1543130772928501e-13,55.51
0,0,-18,-18,53.99999999999999,3.0217481503710303e-35,1.1014272008102402e-32,54.0
0,0,-18,-17,52.507142371300304,5.565775988974493e-18,1.9181055502003343e-15,52.51
0,0,-18,-16,51.02940328869229,1.1548116029473538e-17,3.7589117675936365e-15,51.03
0,0,-18,-15,49.56813492557492,3.3108474861333106e-16,1.016844034178693e-13,49.57
0,0,-18,-14,48.12483766206386,1.2036611028504287e-15,3.484598892751991e-13,48.12
0,0,-18,-13,46.70117771534246,6.31553757249364e-15,1.721773430701078e-12,46.7
0,0,-18,-12,45.29900661162449,2.4644662637843412e-14,6.321355966606834e-12,45.3
0,0,-18,-11,43.9203825119955,1.0411595149420494e-13,2.5104958804040166e-11,43.92
0,0,-18,-10,42.567593307585526,3.986868541069911e-13,9.030257245523349e-11,42.57
0,0,-18,-9,41.243181254602554,1.4934914945882797e-12,3.175536290368329e-10,41.24
0,0,-18,-8,39.949968710876355,5.219463176885136e-12,1.0412829037885844e-09,39.95
0,0,-18,-7,38.691084244306204,1.7328884793069932e-11,3.2426675669032104e-09,38.69
0,0,-18,-6,37.469987990390386,5.3699508333489625e-11,9.424263712527427e-09,37.47
0,0,-18,-5,36.29049462324811,1.5448114631082906e-10,2.543145871142023e-08,36.29
0,0,-18,-4,35.15679166249389,4.0442561569489755e-10,6.248375762486166e-08,35.16
0,0,-18,-3,34.073450074801634,9.467355962678207e-10,1.3739500340836743e-07,34.07
0,0,-18,-2,33.04542328371661,1.9394449583568366e-09,2.6473423681570816e-07,33.05
0,0,-18,-1,32.078029864690876,3.409851153353901e-09,4.385921046001454e-07,32.08
0,0,-18,0,31.17691453623979,5.041350779342282e-09,6.125241196900872e-07,31.18
0,0,-18,1,30.347981810987033,6.144746973132736e-09,7.074139952819061e-07,30.35
0,0,-18,2,29.59729717389748,6.042470415466259e-09,6.616505104935552e-07,29.6
0,0,-18,3,28.930952282978865,4.683886388547799e-09,4.900516134018135e-07,28.93
0,0,-18,4,28.354893757515647,2.788323379339512e-09,2.802264996236209e-07,28.35
0,0,-18,5,27.874719729532703,1.240380623906648e-09,1.2047196809693314e-07,27.87
0,0,-18,6,27.495454169735037,4.0106588431985696e-10,3.7900726068226474e-08,27.5
0,0,-18,7,27.2213151776324,9.135037136845474e-11,8.461328148003121e-09,27.22
0,0,-18,8,27.055498516937362,1.2752890464105432e-11,1.1668894774656467e-09,27.06
0,0,-18,9,26.999999999999996,2.0239350237528064e-14,1.8443107903947443e-12,27.0
0,0,-18,10,27.055498516937362,1.0550144703809107e-11,9.65338240398533e-10,27.06
0,0,-18,11,27.2213151776324,8.30875791214944e-11,7.69598701612842e-09,27.22
0,0,-18,12,27.495454169735037,3.7531297187078054e-10,3.546707584178876e-08,27.5
0,0,-18,13,27.874719729532703,1.1730193088891398e-09,1.1392950037585768e-07,27.87
0,0,-18,14,28.354893757515647,2.642468618703362e-09,2.655680961796878e-07,28.35
0,0,-18,15,28.93095228297886,4.422166845060445e-09,4.626692061644489e-07,28.93
0,0,-18,16,29.59729717389748,5.650490715583759e-09,6.187287333564215e-07,29.6
0,0,-18,17,30.347981810987033,5.650537128853184e-09,6.505180869592227e-07,30.35
0,0,-18,18,31.17691453623979,4.512866571035863e-09,5.483132883808573e-07,31.18
0,0,-18,19,32.078029864690876,2.927409498920354e-09,3.765380467986305e-07,32.08
0,0,-18,20,33.04542328371661,1.5615750296477957e-09,2.1315499154692406e-07,33.05
0,0,-18,21,34.07345007480164,6.916037995170766e-10,1.0036900140491574e-07,34.07
0,0,-18,22,35.15679166249389,2.5538983060965827e-10,3.94577288291922e-08,35.16
0,0,-18,23,36.2904946232481,7.879930705747983e-11,1.297233592433761e-08,36.29
0,0,-17,-23,60.22457969965419,1.6616402889311908e-12,7.533461659941786e-10,60.22
0,0,-17,-22,58.66003750424986,2.577491831096637e-13,1.108643673850441e-10,58.66
0,0,-17,-21,57.10516614107693,3.630306172109747e-14,1.4798035534062348e-11,57.11
0,0,-17,-20,55.560777532356404,3.262204374249904e-15,1.2588031129136818e-12,55.56
0,0,-17,-19,54.0277706369604,4.465859090346956e-16,1.6294803355903457e-13,54.03
0,0,-17,-18,52.507142371300304,5.5657760256012776e-18,1.91810556282284e-15,52.51
0,0,-17,-17,51.0,6.012903601084431e-36,1.9549452833025755e-33,51.0
0,0,-17,-16,49.50757517794625,1.920851342781494e-16,5.885008301446801e-14,49.51
0,0,-17,-15,48.03123983409131,2.1865298028408725e-16,6.305405318942364e-14,48.03
0,0,-17,-14,46.57252408878007,1.820348793886744e-15,4.935420667425434e-13,46.57
0,0,-17,-13,45.13313638558703,5.4983197584960326e-15,1.400009668507052e-12,45.13
0,0,-17,-12,43.71498598878878,2.6893845271042442e-14,6.4242672891202615e-12,43.71
0,0,-17,-11,42.320207938997655,1.0176842851342012e-13,2.2783406933441933e-11,42.32
0,0,-17,-10,40.95119045888654,4.2182240450537773e-13,8.842452154443982e-11,40.95
0,0,-17,-9,39.61060464067672,1.5998012298799013e-12,3.1376101621019567e-10,39.61
0,0,-17,-8,38.301436004411116,6.025601303880897e-12,1.1049446390991597e-09,38.3
0,0,-17,-7,37.027017163147235,2.140706811995796e-11,3.6686362990577953e-09,37.03
0,0,-17,-6,35.79106033634656,7.229721014500984e-11,1.1576590774469701e-08,35.79
0,0,-17,-5,34.597687784012386,2.2490690977834862e-10,3.365169637558541e-08,34.6
0,0,-17,-4,33.45145736735546,6.336759373705194e-10,8.863542173970138e-08,33.45
0,0,-17,-3,32.35737937472687,1.5746458104250897e-09,2.0608177043938356e-07,32.36
0,0,-17,-2,31.32091952673165,3.3824517377799133e-09,4.147731443452619e-07,31.32
0,0,-17,-1,30.347981810987033,6.144553559138439e-09,7.073917284958126e-07,30.35
0,0,-17,0,29.444863728670914,9.257015767629283e-09,1.0032290838168234e-06,29.44
0,0,-17,1,28.61817604250837,1.1318187306217774e-08,1.1586994254740447e-06,28.62
0,0,-17,2,27.874719729532707,1.098015037451983e-08,1.0664471051252384e-06,27.87
0,0,-17,3,27.2213151776324,8.232926544777215e-09,7.625748212099896e-07,27.22
0,0,-17,4,26.664583251946766,4.635481480783778e-09,4.1197841660465827e-07,26.66
0,0,-17,5,26.210684844162312,1.903850441548176e-09,1.634931566679496e-07,26.21
0,0,-17,6,25.865034312755125,5.658424680954183e-10,4.7318576394479356e-08,25.87
0,0,-17,7,25.632011235952593,1.3300395226657491e-10,1.0922949579892465e-08,25.63
0,0,-17,8,25.514701644346147,3.872639801137048e-11,3.151360638175273e-09,25.51
0,0,-17,9,25.514701644346147,3.776735575734779e-11,3.0733185747541762e-09,25.51
0,0,-17,10,25.632011235952593,1.274027039435048e-10,1.0462947061360333e-08,25.63
0,0,-17,11,25.865034312755125,5.445961805301766e-10,4.554185559683601e-08,25.87
0,0,-17,12,26.210684844162312,1.8419811762774903e-09,1.5818013351282946e-07,26.21
0,0,-17,13,26.664583251946766,4.493464975091644e-09,3.993566996612699e-07,26.66
0,0,-17,14,27.2213151776324,7.969958972134331e-09,7.382174497939425e-07,27.22
0,0,-17,15,27.874719729532703,1.0579823412955238e-08,1.0275653489832771e-06,27.87
0,0,-17,16,28.618176042508367,1.081008034427169e-08,1.1066819752448142e-06,28.62
0,0,-17,17,29.44486372867091,8.713474763559216e-09,9.443228275007298e-07,29.44
0,0,-17,18,30.347981810987033,5.650537128854079e-09,6.505180869593257e-07,30.35
0,0,-17,19,31.320919526731647,2.9983222367776585e-09,3.676692642848603e-07,31.32
0,0,-17,20,32.35737937472687,1.3178010643356714e-09,1.7246721429493096e-07,32.36
0,0,-17,21,33.45145736735546,4.851590164541411e-10,6.786161742652297e-08,33.45
0,0,-17,22,34.59768778401238,1.5033347574818304e-10,2.2493646308821875e-08,34.6
0,0,-17,23,35.791060336346554,3.9527407231553684e-11,6.329326082952531e-09,35.79
0,0,-16,-23,58.813263810130444,5.221056247123189e-13,2.2574541948498889e-10,58.81
0,0,-16,-22,57.23635208501673,7.208141429312556e-14,2.9517339153034915e-11,57.24
0,0,-16,-21,55.66866263886712,1.224753935333476e-14,4.744390556998053e-12,55.67
0,0,-16,-20,54.110997033874725,7.403198234030872e-16,2.709570553655298e-13,54.11
0,0,-16,-19,52.56424640380569,4.587748939389587e-16,1.5844937899416782e-13,52.56
0,0,-16,-18,51.02940328869229,1.1548116103658259e-17,3.7589117917407634e-15,51.03
0,0,-16,-17,49.50757517794625,1.9208513419356406e-16,5.885008298855317e-14,49.51
0,0,-16,-16,48.0,2.088773907035328e-35,6.015668852261745e-33,48.0
0,0,-16,-15,46.50806381693394,7.34835250755153e-16,1.986810809229245e-13,46.51
0,0,-16,-14,45.033320996790806,8.44143338119128e-16,2.139903362131989e-13,45.03
0,0,-16,-13,43.57751713900185,7.573425405685252e-15,1.7977418556745366e-12,43.58
0,0,-16,-12,42.14261501141095,2.3021491597752976e-14,5.11077113470116e-12,42.14
0,0,-16,-11,40.730823708832595,1.1294880849679043e-13,2.342275916202191e-11,40.73
0,0,-16,-10,39.344631145812,4.294440103091693e-13,8.309741599482425e-11,39.34
0,0,-16,-9,37.986839826445156,1.8133748108067653e-12,3.2708748149927023e-10,37.99
0,0,-16,-8,36.66060555964672,7.099905991635519e-12,1.1927842065947671e-09,36.66
0,0,-16,-7,35.369478367654786,2.768977656219672e-11,4.329988809913511e-09,35.37
0,0,-16,-6,34.11744421846396,1.0077142331654088e-10,1.4662242092556695e-08,34.12
0,0,-16,-5,32.90896534380867,3.400630524095393e-10,4.603603571994138e-08,32.91
0,0,-16,-4,31.749015732775085,1.0236529007700696e-09,1.2898026549702876e-07,31.75
0,0,-16,-3,30.643106892089122,2.6945953235432753e-09,3.162781261008919e-07,30.64
0,0,-16,-2,29.597297173897484,6.0422480516555765e-09,6.616261616562857e-07,29.6
0,0,-16,-1,28.618176042508367,1.1318633381123662e-08,1.1587450923925347e-06,28.62
0,0,-16,0,27.712812921102035,1.7320356797350468e-08,1.6627542525456447e-06,27.71
0,0,-16,1,26.888659319497503,2.1184664753843242e-08,1.914564077128583e-06,26.89
0,0,-16,2,26.15339366124404,2.0170168721741602e-08,1.7245494257089066e-06,26.15
0,0,-16,3,25.514701644346147,1.451194692746277e-08,1.180909681222283e-06,25.51
0,0,-16,4,24.979991993593593,7.606012336489262e-09,5.932689622461624e-07,24.98
0,0,-16,5,24.55605831561735,2.7782062599933333e-09,2.094072968469975e-07,24.56
0,0,-16,6,24.248711305964278,6.644583834150766e-10,4.883769118100811e-08,24.25
0,0,-16,7,24.06241883103193,8.81780947899133e-11,6.381889610419975e-09,24.06
0,0,-16,8,24.0,2.2706778387495814e-14,1.6348880438996987e-12,24.0
0,0,-16,9,24.062418831031927,8.203043110564099e-11,5.9369524512707655e-09,24.06
0,0,-16,10,24.24871130596428,6.424738798838363e-10,4.722183017146197e-08,24.25
0,0,-16,11,24.55605831561735,2.7159380478134356e-09,2.047138303539377e-07,24.56
0,0,-16,12,24.97999199359359,7.462640223812073e-09,5.820859374573416e-07,24.98
0,0,-16,13,25.514701644346147,1.4243316154433928e-08,1.159049852067061e-06,25.51
0,0,-16,14,26.15339366124404,1.975727505387152e-08,1.689247017106015e-06,26.15
0,0,-16,15,26.8886593194975,2.065822191346577e-08,1.8669868054294685e-06,26.89
0,0,-16,16,27.712812921102035,1.6757820578311046e-08,1.60875077551786e-06,27.71
0,0,-16,17,28.618176042508367,1.081008034427187e-08,1.1066819752448326e-06,28.62
0,0,-16,18,29.59729717389748,5.650490715583569e-09,6.187287333564007e-07,29.6
0,0,-16,19,30.643106892089122,2.4356015846996706e-09,2.858787360041238e-07,30.64
0,0,-16,20,31.749015732775085,8.759588698562713e-10,1.1037081760189018e-07,31.75
0,0,-16,21,32.90896534380867,2.6683678587089093e-10,3.612302988727186e-08,32.91
0,0,-16,22,34.11744421846395,6.907636934382969e-11,1.0050611739527215e-08,34.12
0,0,-16,23,35.36947836765478,1.5533148481068387e-11,2.4289960937270677e-09,35.37
0,0,-15,-23,57.41950887982237,1.4555854170834205e-13,5.998831400155046e-11,57.42
0,0,-15,-22,55.83009940883142,1.482923650363493e-14,5.777841272728757e-12,55.83
0,0,-15,-21,54.24942396007536,4.990921720679698e-15,1.8360353279950433e-12,54.25
0,0,-15,-20,52.67826876426369,1.5918247654400973e-19,5.521642155120337e-17,52.68
0,0,-15,-19,51.117511676528224,5.843254293336638e-16,1.908552933561079e-13,51.12
0,0,-15,-18,49.56813492557491,3.3108474899376584e-16,1.0168440353471029e-13,49.57
0,0,-15,-17,48.03123983409131,2.18652980284388e-16,6.305405318951038e-14,48.03
0,0,-15,-16,46.508063816933934,7.348352510467404e-16,1.986810810017624e-13,46.51
0,0,-15,-15,44.99999999999999,1.1893074298388513e-34,3.0104344317795914e-32,45.0
0,0,-15,-14,43.508619835614184,3.1895619312745458e-15,7.547300919878393e-13,43.51
0,0,-15,-13,42.0356991139674,3.633097406936826e-15,8.02460389757171e-13,42.04
0,0,-15,-12,40.58324777540604,3.2491477226541637e-14,6.689182874014258e-12,40.58
0,0,-15,-11,39.153543900903784,9.933836298351569e-14,1.9035713806716193e-11,39.15
0,0,-15,-10,37.749172176353746,4.981139953498465e-13,8.87265554216914e-11,37.75
0,0,-15,-9,36.37306695894642,1.9752894771268937e-12,3.2666349727985995e-10,36.37
0,0,-15,-8,35.02855977627399,8.770956398324612e-12,1.3452454375930374e-09,35.03
0,0,-15,-7,33.719430600174725,3.605905041265747e-11,5.124892539898941e-09,33.72
0,0,-15,-6,32.4499614791759,1.4425388613696875e-10,1.8987417762778504e-08,32.45
0,0,-15,-5,31.22498999199199,5.218687127508239e-10,6.360274936650665e-08,31.22
0,0,-15,-4,30.049958402633436,1.6858522882756653e-09,1.9029057703911568e-07,30.05
0,0,-15,-3,28.930952282978865,4.683380604841901e-09,4.899986957815839e-07,28.93
0,0,-15,-2,27.874719729532707,1.0980650489793392e-08,1.0664956788211833e-06,27.87
0,0,-15,-1,26.8886593194975,2.1183658351380332e-08,1.914473123505997e-06,26.89
0,0,-15,0,25.980762113533157,3.293422398843993e-08,2.778825149024618e-06,25.98
0,0,-15,1,25.159491250818245,4.020485190793183e-08,3.1812089072151052e-06,25.16
0,0,-15,2,24.433583445741228,3.747891903757559e-08,2.7968643331790775e-06,24.43
0,0,-15,3,23.811761799581312,2.5739143806624253e-08,1.8242618172944936e-06,23.81
0,0,-15,4,23.302360395462085,1.2519988856599132e-08,8.49794243641666e-07,23.3
0,0,-15,5,22.912878474779195,4.167110979612505e-09,2.7346665803707053e-07,22.91
0,0,-15,6,22.649503305812246,9.77845504761446e-10,6.270434299282771e-08,22.65
0,0,-15,7,22.516660498395403,2.4068843271661407e-10,1.5253629423415415e-08,22.52
0,0,-15,8,22.5166604983954,2.384968664345182e-10,1.5114738910287587e-08,22.52
0,0,-15,9,22.649503305812242,9.641328351942617e-10,6.182501805683199e-08,22.65
0,0,-15,10,22.9128784747792,4.116800873987446e-09,2.701650573554261e-07,22.91
0,0,-15,11,23.302360395462085,1.2387631093378971e-08,8.408104604630975e-07,23.3
0,0,-15,12,23.811761799581312,2.5473787591841986e-08,1.8054546955718004e-06,23.81
0,0,-15,13,24.433583445741228,3.7057236423228146e-08,2.7653962680833995e-06,24.43
0,0,-15,14,25.159491250818245,3.965969370112587e-08,3.138073264101584e-06,25.16
0,0,-15,15,25.980762113533157,3.2350024649483353e-08,2.7295333298001577e-06,25.98
0,0,-15,16,26.8886593194975,2.0658221913462224e-08,1.866986805429148e-06,26.89
0,0,-15,17,27.874719729532703,1.0579823412956387e-08,1.0275653489833887e-06,27.87
0,0,-15,18,28.93095228297886,4.422166845060955e-09,4.626692061645023e-07,28.93
0,0,-15,19,30.049958402633436,1.5391312116136458e-09,1.7372943551089025e-07,30.05
0,0,-15,20,31.224989991991986,4.504969374326159e-10,5.490431424960004e-08,31.22
0,0,-15,21,32.4499614791759,1.1376673338581666e-10,1.4974546281908113e-08,32.45
0,0,-15,22,33.719430600174725,2.4617346683664958e-11,3.4987403974158807e-09,33.72
0,0,-15,23,35.02855977627398,4.8643484672982396e-12,7.460694461718671e-10,35.03
0,0,-14,-23,56.04462507680821,4.6007049354618535e-14,1.80635177528571e-11,56.04
0,0,-14,-22,54.4426303552648,9.399994630292375e-16,3.482698010523325e-13,54.44
0,0,-14,-21,52.848841046895245,4.224504540648732e-15,1.4748801477539885e-12,52.85
0,0,-14,-20,51.264022471905186,7.642790230716572e-16,2.5106565907903936e-13,51.26
0,0,-14,-19,49.68903299521938,1.8253195656428628e-15,5.633392509465285e-13,49.69
0,0,-14,-18,48.124837662063854,1.2036611024167544e-15,3.484598891496503e-13,48.12
0,0,-14,-17,46.57252408878007,1.8203487932893523e-15,4.935420665805757e-13,46.57
0,0,-14,-16,45.033320996790806,8.44143337558867e-16,2.1399033607117277e-13,45.03
0,0,-14,-15,43.50861983561418,3.1895619315612387e-15,7.547300920556778e-13,43.51
0,0,-14,-14,42.0,5.431659909392875e-35,1.197681010021129e-32,42.0
0,0,-14,-13,40.50925820105819,1.375423238993715e-14,2.8213369189858578e-12,40.51
0,0,-14,-12,39.038442591886266,1.574610509871603e-14,2.9996330213054034e-12,39.04
0,0,-14,-11,37.589892258425,1.434966127015003e-13,2.534508921840249e-11,37.59
0,0,-14,-10,36.16628264005025,4.57574965922996e-13,7.481350692840986e-11,36.17
0,0,-14,-9,34.77067730142742,2.4206715519591083e-12,3.6582398828982024e-10,34.77
0,0,-14,-8,33.406586176980134,1.0321919746545853e-11,1.4399078046431467e-09,33.41
0,0,-14,-7,32.078029864690876,4.834967902602223e-11,6.218977464722108e-09,32.08
0,0,-14,-6,30.789608636681304,2.0488455114151004e-10,2.427881931026894e-08,30.79
0,0,-14,-5,29.546573405388315,8.102706516431106e-10,8.842078486055446e-08,29.55
0,0,-14,-4,28.354893757515647,2.7876358117689157e-09,2.8015739908277595e-07,28.35
0,0,-14,-3,27.2213151776324,8.234024284530726e-09,7.626764993546584e-07,27.22
0,0,-14,-2,26.153393661244042,2.0169077133149316e-08,1.7244560948842665e-06,26.15
0,0,-14,-1,25.159491250818245,4.0207061363890906e-08,3.1813837304178674e-06,25.16
0,0,-14,0,24.24871130596428,6.34556878683715e-08,4.663993058325305e-06,24.25
0,0,-14,1,23.430749027719962,7.723738043990826e-08,5.300415232688703e-06,23.43
0,0,-14,2,22.71563338320109,7.001561372839822e-08,4.5160070854816846e-06,22.72
0,0,-14,3,22.11334438749598,4.534683848586019e-08,2.7718255024482048e-06,22.11
0,0,-14,4,21.633307652783937,1.9741220088175182e-08,1.1548613751582483e-06,21.63
0,0,-14,5,21.283796653792763,5.293712538439562e-09,2.9975647248914024e-07,21.28
0,0,-14,6,21.071307505705477,7.185045187074835e-10,3.9877000788265325e-08,21.07
0,0,-14,7,21.0,2.1709025656496838e-14,1.1967100393143882e-12,21.0
0,0,-14,8,21.071307505705477,7.015377339578262e-10,3.893534423465935e-08,21.07
0,0,-14,9,21.283796653792763,5.237271476904534e-09,2.965604973797192e-07,21.28
0,0,-14,10,21.633307652783934,1.9599840222370533e-08,1.146590653008676e-06,21.63
0,0,-14,11,22.113344387495978,4.506690942530128e-08,2.75471483862154e-06,22.11
0,0,-14,12,22.71563338320109,6.957110567265057e-08,4.487336315885961e-06,22.72
0,0,-14,13,23.430749027719962,7.666239733476114e-08,5.260957017097983e-06,23.43
0,0,-14,14,24.248711305964278,6.284198170521012e-08,4.618885655332942e-06,24.25
0,0,-14,15,25.159491250818245,3.965969370112686e-08,3.1380732641016622e-06,25.16
0,0,-14,16,26.15339366124404,1.9757275053873745e-08,1.6892470171062048e-06,26.15
0,0,-14,17,27.221315177632395,7.96995897213499e-09,7.382174497940032e-07,27.22
0,0,-14,18,28.354893757515647,2.6424686187029886e-09,2.655680961796503e-07,28.35
0,0,-14,19,29.546573405388312,7.409316560874231e-10,8.085416697054004e-08,29.55
0,0,-14,20,30.7896086366813,1.7605773915362595e-10,2.086284208970467e-08,30.79
0,0,-14,21,32.078029864690876,3.759200849392692e-11,4.835272092531349e-09,32.08
0,0,-14,22,33.40658617698013,6.79792453004311e-12,9.483104719410137e-10,33.41
0,0,-14,23,34.77067730142741,1.2959485636658777e-12,1.958502266840057e-10,34.77
0,0,-13,-23,54.69003565550126,2.700129784601581e-14,1.009511023217916e-11,54.69
0,0,-13,-22,53.07541803886239,2.1339999499252763e-15,7.514347323674377e-13,53.08
0,0,-13,-21,51.468436929831086,8.46204676851476e-15,2.8019952362244504e-12,51.47
0,0,-13,-20,49.86983055916673,5.476768250639174e-15,1.702590329917453e-12,49.87
0,0,-13,-19,48.28043081829323,6.276828978996295e-15,1.8289110437550448e-12,48.28
0,0,-13,-18,46.70117771534247,6.315537572770615e-15,1.721773430776589e-12,46.7
0,0,-13,-17,45.13313638558703,5.49831975835181e-15,1.4000096684703294e-12,45.13
0,0,-13,-16,43.57751713900185,7.573425405256338e-15,1.7977418555727229e-12,43.58
0,0,-13,-15,42.035699113967404,3.6330974072284456e-15,8.024603898215829e-13,42.04
0,0,-13,-14,40.50925820105818,1.3754232389327991e-14,2.8213369188609034e-12,40.51
0,0,-13,-13,39.0,7.368352444600232e-35,1.400908008529619e-32,39.0
0,0,-13,-12,37.5099986670221,6.060332212777558e-14,1.065860927922253e-11,37.51
0,0,-13,-11,36.04164258188019,7.162533620759816e-14,1.1630163966708745e-11,36.04
0,0,-13,-10,34.597687784012386,6.780714910767105e-13,1.0145644685235281e-10,34.6
0,0,-13,-9,33.18132004607411,2.351999105048543e-12,3.2369387683230565e-10,33.18
0,0,-13,-8,31.79622619116929,1.3335608860239474e-11,1.6852875697127634e-09,31.8
0,0,-13,-7,30.446674695276656,6.124055978914711e-11,7.09624986556742e-09,30.45
0,0,-13,-6,29.13760456866693,2.9493488778180957e-10,3.129996496584454e-08,29.14
0,0,-13,-5,27.874719729532707,1.239460207587589e-09,1.2038257266194458e-07,27.87
0,0,-13,-4,26.664583251946766,4.636897428600962e-09,4.121042589669105e-07,26.66
0,0,-13,-3,25.514701644346147,1.450964959368767e-08,1.1807227356863342e-06,25.51
0,0,-13,-2,24.43358344574123,3.748122288515951e-08,2.797036257805028e-06,24.43
0,0,-13,-1,23.430749027719962,7.723268295521127e-08,5.300092867801372e-06,23.43
0,0,-13,0,22.516660498395403,1.2418905049255908e-07,7.870481074965931e-06,22.52
0,0,-13,1,21.702534414210707,1.5053854261360607e-07,8.862956696376058e-06,21.7
0,0,-13,2,20.999999999999996,1.3248582953040952e-07,7.303281352863822e-06,21.0
0,0,-13,3,20.420577856662135,8.052601438698709e-08,4.197418499921701e-06,20.42
0,0,-13,4,19.974984355438178,3.2048111322618335e-08,1.5983995522155892e-06,19.97
0,0,-13,5,19.672315572905998,7.988988448203337e-09,3.8646731618183627e-07,19.67
0,0,-13,6,19.519221295943133,1.648383248021297e-09,7.850425218701426e-08,19.52
0,0,-13,7,19.519221295943133,1.6435618253253118e-09,7.827463193111796e-08,19.52
0,0,-13,8,19.672315572906,7.956518204162345e-09,3.848965681263534e-07,19.67
0,0,-13,9,19.974984355438178,3.193586371831012e-08,1.592801202950717e-06,19.97
0,0,-13,10,20.420577856662135,8.026629373825532e-08,4.1838805611065576e-06,20.42
0,0,-13,11,20.999999999999996,1.3204056532311188e-07,7.27873616343654e-06,21.0
0,0,-13,12,21.702534414210703,1.499430644569399e-07,8.827897919902334e-06,21.7
0,0,-13,13,22.516660498395403,1.2354683673416933e-07,7.82978077802798e-06,22.52
0,0,-13,14,23.43074902771996,7.666239733476124e-08,5.260957017097988e-06,23.43
0,0,-13,15,24.433583445741228,3.705723642322558e-08,2.7653962680832077e-06,24.43
0,0,-13,16,25.514701644346147,1.424331615443177e-08,1.1590498520668854e-06,25.51
0,0,-13,17,26.664583251946762,4.493464975091951e-09,3.9935669966129703e-07,26.66
0,0,-13,18,27.874719729532703,1.173019308889507e-09,1.1392950037589332e-07,27.87
0,0,-13,19,29.137604568666926,2.6772677281235654e-10,2.8412503764711332e-08,29.14
0,0,-13,20,30.446674695276656,5.15408656692909e-11,5.972297809429082e-09,30.45
0,0,-13,21,31.79622619116929,1.0039092772889246e-11,1.2686903491738784e-09,31.8
0,0,-13,22,33.18132004607411,1.4269351893405724e-12,1.9638195543299624e-10,33.18
0,0,-13,23,34.59768778401238,3.5995861744300654e-13,5.385880813490982e-11,34.6
0,0,-12,-23,53.35728628781639,4.246002936756711e-14,1.511046295118294e-11,53.36
0,0,-12,-22,51.73006862551024,2.178275958314947e-14,7.286333080563494e-12,51.73
0,0,-12,-21,50.1098792654702,2.8400975852968768e-14,8.914356295850572e-12,50.11
0,0,-12,-20,48.49742261192856,2.4834399205865032e-14,7.30131336652432e-12,48.5
0,0,-12,-19,46.89349635077341,2.6108476851257236e-14,7.17656757448933e-12,46.89
0,0,-12,-18,45.2990066116245,2.464466263585824e-14,6.321355966097639e-12,45.3
0,0,-12,-17,43.71498598878878,2.6893845272066582e-14,6.4242672893649034e-12,43.71
0,0,-12,-16,42.14261501141095,2.3021491597216175e-14,5.110771134581991e-12,42.14
0,0,-12,-15,40.58324777540604,3.2491477225074336e-14,6.6891828737121776e-12,40.58
0,0,-12,-14,39.038442591886266,1.5746105098037017e-14,2.9996330211760514e-12,39.04
0,0,-12,-13,37.5099986670221,6.06033221306227e-14,1.0658609279723269e-11,37.51
0,0,-12,-12,36.0,1.7779378203793646e-35,2.8802592690145706e-33,36.0
0,0,-12,-11,34.51086785347479,2.7831261751432833e-13,4.1433790932445623e-11,34.51
0,0,-12,-10,33.04542328371661,3.544777480472035e-13,4.838621260844327e-11,33.05
0,0,-12,-9,31.606961258558215,3.5350707878530892e-12,4.414419646331545e-10,31.61
0,0,-12,-8,30.199337741082996,1.3734342678799657e-11,1.5657150653831605e-09,30.2
0,0,-12,-7,28.827070610799147,8.286245655487063e-11,8.607337674637186e-09,28.83
0,0,-12,-6,27.49545416973504,4.0009556746413417e-10,3.780903112536068e-08,27.5
0,0,-12,-5,26.210684844162316,1.9056235724722764e-09,1.6364542428605677e-07,26.21
0,0,-12,-4,24.979991993593593,7.603235882476598e-09,5.930523988331746e-07,24.98
0,0,-12,-3,23.811761799581316,2.574377134848869e-08,1.824589794324136e-06,23.81
0,0,-12,-2,22.715633383201094,7.001094213169742e-08,4.5157057674944835e-06,22.72
0,0,-12,-1,21.702534414210707,1.505481945842745e-07,8.863524956149163e-06,21.7
0,0,-12,0,20.784609690826528,2.4620628024403563e-07,1.3295139133177924e-05,20.78
0,0,-12,1,19.97498435543818,2.970377259167651e-07,1.4814756580098665e-05,19.97
0,0,-12,2,19.28730152198591,2.5118444615195537e-07,1.1680076746065925e-05,19.29
0,0,-12,3,18.734993995195193,1.3893742559309446e-07,6.095879547897018e-06,18.73
0,0,-12,4,18.330302779823363,4.513157612635419e-08,1.8955261973068766e-06,18.33
0,0,-12,5,18.083141320025124,6.977947198266226e-09,2.85223591729132e-07,18.08
0,0,-12,6,18.0,1.7904265485191226e-14,7.251227521502446e-13,18.0
0,0,-12,7,18.083141320025124,6.93067494726706e-09,2.8329133846954104e-07,18.08
0,0,-12,8,18.33030277982336,4.499160670843392e-08,1.8896474817542247e-06,18.33
0,0,-12,9,18.734993995195193,1.3863746537814065e-07,6.08271879346592e-06,18.73
0,0,-12,10,19.28730152198591,2.506881430034044e-07,1.1656998649658304e-05,19.29
0,0,-12,11,19.974984355438178,2.963861476810171e-07,1.4782259115590726e-05,19.97
0,0,-12,12,20.784609690826525,2.455141467244901e-07,1.3257763923122462e-05,20.78
0,0,-12,13,21.702534414210703,1.4994306445693936e-07,8.827897919902303e-06,21.7
0,0,-12,14,22.71563338320109,6.95711056726504e-08,4.48733631588595e-06,22.72
0,0,-12,15,23.811761799581312,2.547378759184235e-08,1.8054546955718262e-06,23.81
0,0,-12,16,24.97999199359359,7.46264022381194e-09,5.820859374573312e-07,24.98
0,0,-12,17,26.21068484416231,1.8419811762772461e-09,1.5818013351280845e-07,26.21
0,0,-12,18,27.495454169735037,3.753129718707154e-10,3.54670758417826e-08,27.5
0,0,-12,19,28.827070610799144,7.388197034607926e-11,7.67448966969898e-09,28.83
0,0,-12,20,30.199337741082996,1.1030534843375661e-11,1.257480972144825e-09,30.2
0,0,-12,21,31.60696125855821,2.5787797784212957e-12,3.220251248303592e-10,31.61
0,0,-12,22,33.0454232837166,1.691775445001418e-13,2.3092734824269343e-11,33.05
0,0,-12,23,34.510867853474785,1.6891869506208332e-13,2.514777072736764e-11,34.51
0,0,-11,-23,52.04805471869241,1.2903895218858487e-13,4.369581518485955e-11,52.05
0,0,-11,-22,50.40833264451424,1.0622945362642463e-13,3.3741130208093126e-11,50.41
0,0,-11,-21,48.77499359302879,1.0903943353440795e-13,3.242560154729456e-11,48.77
0,0,-11,-20,47.148700936505136,1.0392138569644086e-13,2.887715505039851e-11,47.15
0,0,-11,-19,45.53020975132884,1.0263417194357953e-13,2.6595079804880046e-11,45.53
0,0,-11,-18,43.92038251199549,1.0411595149047576e-13,2.510495880314096e-11,43.92
0,0,-11,-17,42.32020793899765,1.0176842851528148e-13,2.2783406933858635e-11,42.32
0,0,-11,-16,40.7308237088326,1.1294880850234818e-13,2.3422759163174454e-11,40.73
0,0,-11,-15,39.15354390090378,9.933836298076668e-14,1.903571380618941e-11,39.15
0,0,-11,-14,37.589892258425,1.434966126973821e-13,2.5345089217675112e-11,37.59
0,0,-11,-13,36.0416425818802,7.162533620614901e-14,1.1630163966473443e-11,36.04
0,0,-11,-12,34.51086785347479,2.7831261751626486e-13,4.143379093273392e-11,34.51
0,0,-11,-11,33.0,1.7925484053814663e-35,2.440106516825521e-33,33.0
0,0,-11,-10,31.511902513177457,1.3595718284815251e-12,1.6875685321026927e-10,31.51
0,0,-11,-9,30.04995840263344,1.9569770279624358e-12,2.2089378203125998e-10,30.05
0,0,-11,-8,28.61817604250837,2.061130011223604e-11,2.1100818489901647e-09,28.62
0,0,-11,-7,27.2213151776324,9.049077923945522e-11,8.38170842705454e-09,27.22
0,0,-11,-6,25.865034312755125,5.675811623636003e-10,4.7463974702656075e-08,25.87
0,0,-11,-5,24.55605831561735,2.7750269522950676e-09,2.0916765652924072e-07,24.56
0,0,-11,-4,23.302360395462085,1.2525202335555407e-08,8.501481085258231e-07,23.3
0,0,-11,-3,22.11334438749598,4.5337954027073506e-08,2.7712824399048683e-06,22.11
0,0,-11,-2,21.0,1.3249494471501651e-07,7.303783827415285e-06,21.0
0,0,-11,-1,19.974984355438178,2.9701863406052703e-07,1.4813804373768783e-05,19.97
0,0,-11,0,19.05255888325765,4.991345153001045e-07,2.2648228631742242e-05,19.05
0,0,-11,1,18.24828759089466,5.970222961402187e-07,2.4851053076836606e-05,18.25
0,0,-11,2,17.578395831246944,4.855177675548431e-07,1.875312377180581e-05,17.58
0,0,-11,3,17.05872210923198,2.4878377362002956e-07,9.049509765428573e-06,17.06
0,0,-11,4,16.703293088490067,7.204964718576027e-08,2.51273144560339e-06,16.7
0,0,-11,5,16.522711641858304,1.3301477841917703e-08,4.539129313554415e-07,16.52
0,0,-11,6,16.522711641858304,1.3290830939549959e-08,4.5354960581214226e-07,16.52
0,0,-11,7,16.703293088490064,7.197481563967618e-08,2.5101216954337062e-06,16.7
0,0,-11,8,17.05872210923198,2.4854963483883677e-07,9.040992967262686e-06,17.06
0,0,-11,9,17.578395831246944,4.850560908351486e-07,1.8735291508507613e-05,17.58
0,0,-11,10,18.24828759089466,5.96364632095697e-07,2.4823677810983386e-05,18.25
0,0,-11,11,19.052558883257646,4.98412065692602e-07,2.2615447480801805e-05,19.05
0,0,-11,12,19.974984355438178,2.9638614768101144e-07,1.4782259115590443e-05,19.97
0,0,-11,13,20.999999999999996,1.3204056532311164e-07,7.278736163436526e-06,21.0
0,0,-11,14,22.113344387495978,4.506690942529837e-08,2.754714838621362e-06,22.11
0,0,-11,15,23.30236039546208,1.2387631093379203e-08,8.408104604631128e-07,23.3
0,0,-11,16,24.55605831561735,2.7159380478122498e-09,2.0471383035384834e-07,24.56
0,0,-11,17,25.86503431275512,5.445961805303435e-10,4.554185559684996e-08,25.87
0,0,-11,18,27.221315177632395,8.308757912156855e-11,7.695987016135285e-09,27.22
0,0,-11,19,28.618176042508367,1.793146341371019e-11,1.8357335669785805e-09,28.62
0,0,-11,20,30.049958402633436,1.387250624474609e-12,1.5658591423757147e-10,30.05
0,0,-11,21,31.511902513177457,1.0304311773666071e-12,1.2790226989063007e-10,31.51
0,0,-11,22,32.99999999999999,9.470571469320241e-15,1.2891815412612174e-12,33.0
0,0,-11,23,34.510867853474785,2.190276774415942e-13,3.260774547911732e-11,34.51
0,0,-10,-23,50.764160585988215,4.849329334482463e-13,1.5620902118701633e-10,50.76
0,0,-10,-22,49.11211663123469,4.3602457943125936e-13,1.3146141069852464e-10,49.11
0,0,-10,-21,47.46577714522327,4.185695189486344e-13,1.1787964077390916e-10,47.47
0,0,-10,-20,45.8257569495584,3.9999598502652324e-13,1.0499894606946232e-10,45.83
0,0,-10,-19,44.1927595879687,3.976476060773101e-13,9.707572183362331e-11,44.19
0,0,-10,-18,42.567593307585526,3.986868541046349e-13,9.03025724546998e-11,42.57
0,0,-10,-17,40.951190458886536,4.2182240450556655e-13,8.842452154447938e-11,40.95
0,0,-10,-16,39.344631145812,4.294440103177208e-13,8.309741599647896e-11,39.34
0,0,-10,-15,37.749172176353746,4.981139953562682e-13,8.872655542283526e-11,37.75
0,0,-10,-14,36.16628264005024,4.575749659081089e-13,7.481350692597577e-11,36.17
0,0,-10,-13,34.597687784012386,6.780714910897803e-13,1.0145644685430837e-10,34.6
0,0,-10,-12,33.04542328371661,3.5447774802914317e-13,4.838621260597803e-11,33.05
0,0,-10,-11,31.511902513177457,1.3595718285012224e-12,1.6875685321271418e-10,31.51
0,0,-10,-10,29.999999999999996,7.064058031858543e-35,7.94706528584086e-33,30.0
0,0,-10,-9,28.5131548587665,7.1294488029587715e-12,7.24530234600685e-10,28.51
0,0,-10,-8,27.055498516937362,1.2180347196787242e-11,1.1145017685060323e-09,27.06
0,0,-10,-7,25.632011235952593,1.3452067792451174e-10,1.1047510674550526e-08,25.63
0,0,-10,-6,24.248711305964278,6.617600881870448e-10,4.863936648174777e-08,24.25
0,0,-10,-5,22.9128784747792,4.172625077011047e-09,2.738285206788499e-07,22.91
0,0,-10,-4,21.633307652783934,1.973208502416224e-08,1.1543269739134907e-06,21.63
0,0,-10,-3,20.420577856662135,8.054236193121959e-08,4.19827061566482e-06,20.42
0,0,-10,-2,19.28730152198591,2.511674496673863e-07,1.1679286409533464e-05,19.29
0,0,-10,-1,18.248287590894655,5.970586881905104e-07,2.485256789592999e-05,18.25
0,0,-10,0,17.32050807568877,1.0259152294038211e-06,3.847182110264329e-05,17.32
0,0,-10,1,16.522711641858304,1.2225273479799863e-06,4.1718745749817025e-05,16.52
0,0,-10,2,15.874507866387543,9.231725296755757e-07,2.907993468478063e-05,15.87
0,0,-10,3,15.39480431834065,4.00545589707439e-07,1.1866163095082878e-05,15.39
0,0,-10,4,15.099668870541498,7.961983460681751e-08,2.2691652862942985e-06,15.1
0,0,-10,5,14.999999999999998,1.2845138091637812e-14,3.612695088273134e-13,15.0
0,0,-10,6,15.099668870541496,7.948664988941702e-08,2.2653695218483838e-06,15.1
0,0,-10,7,15.39480431834065,4.0021250816393703e-07,1.1856295554356631e-05,15.39
0,0,-10,8,15.874507866387543,9.225875418491296e-07,2.906150756824758e-05,15.87
0,0,-10,9,16.5227116418583,1.2217440610117862e-06,4.1692016082027176e-05,16.52
0,0,-10,10,17.32050807568877,1.0250944468873726e-06,3.844104175827646e-05,17.32
0,0,-10,11,18.248287590894655,5.963646320956963e-07,2.482367781098335e-05,18.25
0,0,-10,12,19.287301521985906,2.506881430034042e-07,1.165699864965829e-05,19.29
0,0,-10,13,20.420577856662135,8.026629373825397e-08,4.183880561106487e-06,20.42
0,0,-10,14,21.63330765278393,1.9599840222372147e-08,1.14659065300877e-06,21.63
0,0,-10,15,22.912878474779195,4.116800873986766e-09,2.701650573553814e-07,22.91
0,0,-10,16,24.248711305964278,6.424738798838855e-10,4.722183017146557e-08,24.25
0,0,-10,17,25.63201123595259,1.2740270394353257e-10,1.0462947061362609e-08,25.63
0,0,-10,18,27.055498516937362,1.0550144703809376e-11,9.653382403985577e-10,27.06
0,0,-10,19,28.5131548587665,6.212337964094787e-12,6.313288456011326e-10,28.51
0,0,-10,20,29.999999999999996,1.5174005370256932e-14,1.7070756041539045e-12,30.0
0,0,-10,21,31.511902513177457,1.17765861941314e-12,1.4617687613465597e-10,31.51
0,0,-10,22,33.0454232837166,4.1692840999973064e-13,5.6910727964963195e-11,33.05
0,0,-10,23,34.59768778401238,6.297248711840514e-13,9.422258385091364e-11,34.6
0,0,-9,-23,49.50757517794625,1.8010273539595358e-12,5.517897555693527e-10,49.51
0,0,-9,-22,47.84349485562274,1.6061787166833129e-12,4.595678853110127e-10,47.84
0,0,-9,-21,46.184412955021955,1.489949887739414e-12,3.972578888185212e-10,46.18
0,0,-9,-20,44.53088815642464,1.4286673619932015e-12,3.5413092235406484e-10,44.53
0,0,-9,-19,42.88356328478313,1.426275584545141e-12,3.278650999973142e-10,42.88
0,0,-9,-18,41.243181254602554,1.493491494590456e-12,3.1755362903729566e-10,41.24
0,0,-9,-17,39.61060464067671,1.599801229872614e-12,3.1376101620876635e-10,39.61
0,0,-9,-16,37.98683982644515,1.8133748108029745e-12,3.2708748149858636e-10,37.99
0,0,-9,-15,36.37306695894642,1.975289477124794e-12,3.266634972795127e-10,36.37
0,0,-9,-14,34.77067730142742,2.420671551933592e-12,3.6582398828596413e-10,34.77
0,0,-9,-13,33.18132004607411,2.351999105049793e-12,3.236938768324777e-10,33.18
0,0,-9,-12,31.60696125855821,3.535070787868841e-12,4.4144196463512137e-10,31.61
0,0,-9,-11,30.049958402633436,1.9569770279634435e-12,2.2089378203137367e-10,30.05
0,0,-9,-10,28.513154858766505,7.1294488029249395e-12,7.24530234597247e-10,28.51
0,0,-9,-9,26.999999999999996,1.6569907320701087e-34,1.5099328045988861e-32,27.0
0,0,-9,-8,25.514701644346147,4.01527168222233e-11,3.267427331408421e-09,25.51
0,0,-9,-7,24.06241883103193,8.648547925731138e-11,6.259386561247911e-09,24.06
0,0,-9,-6,22.649503305812246,9.823201944740109e-10,6.299128247064593e-08,22.65
0,0,-9,-5,21.283796653792763,5.285350005168626e-09,2.9928294404267347e-07,21.28
0,0,-9,-4,19.974984355438178,3.2063594270163876e-08,1.599171764224423e-06,19.97
0,0,-9,-3,18.734993995195193,1.389091770517944e-07,6.094640143147478e-06,18.73
0,0,-9,-2,17.578395831246944,4.855483095658394e-07,1.8754303456980542e-05,17.58
0,0,-9,-1,16.522711641858304,1.222460625885225e-06,4.1716468858333294e-05,16.52
0,0,-9,0,15.588457268119894,2.1754652467840235e-06,6.607975687106471e-05,15.59
0,0,-9,1,14.79864858694874,2.572160785471838e-06,7.041290150229155e-05,14.8
0,0,-9,2,14.177446878757824,1.870987169053906e-06,4.7008552622479374e-05,14.18
0,0,-9,3,13.747727084867519,6.963792848130641e-07,1.6451960603708637e-05,13.75
0,0,-9,4,13.527749258468681,1.378591213333583e-07,3.15352740050057e-06,13.53
0,0,-9,5,13.527749258468681,1.3783430989036702e-07,3.1529598387421444e-06,13.53
0,0,-9,6,13.747727084867519,6.962126991598064e-07,1.6448025017650426e-05,13.75
0,0,-9,7,14.177446878757824,1.870536825602407e-06,4.699723774326047e-05,14.18
0,0,-9,8,14.79864858694874,2.571436530729869e-06,7.039307502873015e-05,14.8
0,0,-9,9,15.588457268119894,2.1746385691918766e-06,6.605464653920324e-05,15.59
0,0,-9,10,16.522711641858304,1.2217440610117843e-06,4.169201608202713e-05,16.52
0,0,-9,11,17.578395831246944,4.850560908351547e-07,1.8735291508507846e-05,17.58
0,0,-9,12,18.734993995195193,1.3863746537814295e-07,6.082718793466021e-06,18.73
0,0,-9,13,19.974984355438178,3.19358637183106e-08,1.592801202950741e-06,19.97
0,0,-9,14,21.28379665379276,5.237271476904283e-09,2.965604973797049e-07,21.28
0,0,-9,15,22.649503305812242,9.641328351941548e-10,6.182501805682514e-08,22.65
0,0,-9,16,24.062418831031927,8.203043110568156e-11,5.936952451273702e-09,24.06
0,0,-9,17,25.514701644346143,3.776735575740851e-11,3.0733185747591166e-09,25.51
0,0,-9,18,26.999999999999996,2.0239350238465376e-14,1.8443107904801568e-12,27.0
0,0,-9,19,28.5131548587665,6.6045817016149315e-12,6.711906154266172e-10,28.51
0,0,-9,20,30.049958402633436,2.1483273023938284e-12,2.4249244425770336e-10,30.05
0,0,-9,21,31.60696125855821,3.377736321323808e-12,4.2179482312531036e-10,31.61
0,0,-9,22,33.18132004607411,2.431127420298841e-12,3.345839112186279e-10,33.18
0,0,-9,23,34.77067730142741,2.374664440005105e-12,3.588711634957713e-10,34.77
0,0,-8,-23,48.28043081829324,6.015096987234987e-12,1.7526488846555939e-09,48.28
0,0,-8,-22,46.60472079092417,5.224386168263449e-12,1.418420844683526e-09,46.6
0,0,-8,-21,44.93328387732194,4.781180003273619e-12,1.2066503033261793e-09,44.93
0,0,-8,-20,43.26661530556787,4.629827725737611e-12,1.0833796878226008e-09,43.27
0,0,-8,-19,41.60528812542943,4.783129897290507e-12,1.034949731526233e-09,41.61
0,0,-8,-18,39.949968710876355,5.219463176891352e-12,1.0412829037898246e-09,39.95
0,0,-8,-17,38.30143600441111,6.025601303873054e-12,1.104944639097721e-09,38.3
0,0,-8,-16,36.66060555964672,7.099905991585432e-12,1.1927842065863526e-09,36.66
0,0,-8,-15,35.02855977627399,8.77095639836382e-12,1.3452454375990508e-09,35.03
0,0,-8,-14,33.40658617698013,1.0321919746524243e-11,1.4399078046401316e-09,33.41
0,0,-8,-13,31.79622619116929,1.3335608860277093e-11,1.6852875697175174e-09,31.8
0,0,-8,-12,30.199337741082996,1.373434267873642e-11,1.5657150653759514e-09,30.2
0,0,-8,-11,28.618176042508367,2.06113001122953e-11,2.110081848996231e-09,28.62
0,0,-8,-10,27.055498516937362,1.2180347196785273e-11,1.1145017685058521e-09,27.06
0,0,-8,-9,25.514701644346147,4.015271682216819e-11,3.2674273314039365e-09,25.51
0,0,-8,-8,24.0,4.430312165625091e-34,3.1898247592500655e-32,24.0
0,0,-8,-7,22.516660498395403,2.4438333346188216e-10,1.5487793758146782e-08,22.52
0,0,-8,-6,21.071307505705477,7.135469986823769e-10,3.9601858426871916e-08,21.07
0,0,-8,-5,19.672315572906,8.002148422195508e-09,3.871039299237076e-07,19.67
0,0,-8,-4,18.33030277982336,4.510830047606644e-08,1.8945486199947905e-06,18.33
0,0,-8,-3,17.05872210923198,2.4883111476587047e-07,9.051231799608537e-06,17.06
0,0,-8,-2,15.874507866387543,9.231205586087673e-07,2.9078297596176165e-05,15.87
0,0,-8,-1,14.798648586948742,2.5722787470380987e-06,7.041613070016796e-05,14.8
0,0,-8,0,13.856406460551018,4.74338484861555e-06,0.00011384123636677318,13.86
0,0,-8,1,13.07669683062202,5.4365490111452886e-06,0.00011620623511323053,13.08
0,0,-8,2,12.489995996796797,3.528925290464298e-06,6.881404316405382e-05,12.49
0,0,-8,3,12.124355652982139,1.0346731298206875e-06,1.9012118760455128e-05,12.12
0,0,-8,4,12.0,8.012072706652189e-15,1.442173087197394e-13,12.0
0,0,-8,5,12.12435565298214,1.0342989326770376e-06,1.9005242887940567e-05,12.12
0,0,-8,6,12.489995996796795,3.5281818815951243e-06,6.87995466911049e-05,12.49
0,0,-8,7,13.07669683062202,5.435531131270656e-06,0.00011618447793091026,13.08
0,0,-8,8,13.856406460551018,4.742333545685651e-06,0.0001138160050964556,13.86
0,0,-8,9,14.79864858694874,2.571436530729886e-06,7.039307502873061e-05,14.8
0,0,-8,10,15.874507866387543,9.225875418491103e-07,2.906150756824697e-05,15.87
0,0,-8,11,17.058722109231976,2.4854963483883905e-07,9.040992967262766e-06,17.06
0,0,-8,12,18.330302779823356,4.499160670843285e-08,1.8896474817541787e-06,18.33
0,0,-8,13,19.672315572905998,7.956518204162753e-09,3.8489656812637303e-07,19.67
0,0,-8,14,21.071307505705473,7.015377339577355e-10,3.89353442346543e-08,21.07
0,0,-8,15,22.5166604983954,2.384968664344316e-10,1.5114738910282094e-08,22.52
0,0,-8,16,23.999999999999996,2.2706778387469012e-14,1.6348880438977683e-12,24.0
0,0,-8,17,25.514701644346143,3.8726398011425994e-11,3.151360638179789e-09,25.51
0,0,-8,18,27.055498516937362,1.275289046409166e-11,1.1668894774643867e-09,27.06
0,0,-8,19,28.618176042508367,2.0115755885433708e-11,2.0593505087712756e-09,28.62
0,0,-8,20,30.199337741082996,1.399759870722766e-11,1.5957262526239528e-09,30.2
0,0,-8,21,31.79622619116929,1.3177456043802992e-11,1.665301007535603e-09,31.8
0,0,-8,22,33.40658617698013,1.0404338078357618e-11,1.4514051619308875e-09,33.41
0,0,-8,23,35.02855977627398,8.727887802909563e-12,1.3386397917712536e-09,35.03
0,0,-7,-23,47.0850294679742,1.7319844402871695e-11,4.799761880145817e-09,47.09
0,0,-7,-22,45.39823785126466,1.4802541785771657e-11,3.8135048275594225e-09,45.4
0,0,-7,-21,43.71498598878878,1.3624002661998312e-11,3.254433635884846e-09,43.71
0,0,-7,-20,42.035699113967404,1.3627222731893199e-11,3.0099128209069102e-09,42.04
0,0,-7,-19,40.36087214122112,1.4797705072223902e-11,3.013182695331591e-09,40.36
0,0,-7,-18,38.691084244306204,1.732888479314304e-11,3.2426675669168907e-09,38.69
0,0,-7,-17,37.027017163147235,2.1407068119974545e-11,3.6686362990606375e-09,37.03
0,0,-7,-16,35.369478367654786,2.7689776562266118e-11,4.3299888099243636e-09,35.37
0,0,-7,-15,33.719430600174725,3.605905041270422e-11,5.124892539905585e-09,33.72
0,0,-7,-14,32.078029864690876,4.834967902601791e-11,6.218977464721552e-09,32.08
0,0,-7,-13,30.446674695276656,6.124055978908394e-11,7.096249865560099e-09,30.45
0,0,-7,-12,28.827070610799144,8.286245655474822e-11,8.607337674624469e-09,28.83
0,0,-7,-11,27.2213151776324,9.049077923942422e-11,8.381708427051668e-09,27.22
0,0,-7,-10,25.632011235952593,1.345206779243898e-10,1.1047510674540513e-08,25.63
0,0,-7,-9,24.062418831031927,8.648547925718663e-11,6.2593865612388814e-09,24.06
0,0,-7,-8,22.516660498395403,2.4438333346173374e-10,1.5487793758137375e-08,22.52
0,0,-7,-7,21.0,5.814102718748251e-35,3.205024123709974e-33,21.0
0,0,-7,-6,19.519221295943133,1.6576638947906759e-09,7.894624298940593e-08,19.52
0,0,-7,-5,18.083141320025124,6.963003863385368e-09,2.846127829158769e-07,18.08
0,0,-7,-4,16.703293088490067,7.208518717196625e-08,2.5139709026223233e-06,16.7
0,0,-7,-3,15.394804318340652,4.0047407723441897e-07,1.1864044538069662e-05,15.39
0,0,-7,-2,14.177446878757824,1.87107446529831e-06,4.701074594062002e-05,14.18
0,0,-7,-1,13.076696830622021,5.436350611374527e-06,0.00011620199431813052,13.08
0,0,-7,0,12.12435565298214,1.091919337269747e-05,0.000200640178223316,12.12
0,0,-7,1,11.357816691600545,1.2645718266628266e-05,0.00020391220704938076,11.36
0,0,-7,2,10.816653826391969,6.937160928361994e-06,0.00010145597857729417,10.82
0,0,-7,3,10.535653752852738,1.9281069426650515e-06,2.6752483829477585e-05,10.54
0,0,-7,4,10.535653752852738,1.9280438980765627e-06,2.6751609085812303e-05,10.54
0,0,-7,5,10.816653826391967,6.9368068969442925e-06,0.00010145080086781026,10.82
0,0,-7,6,11.357816691600545,1.2644943435382283e-05,0.00020389971289553927,11.36
0,0,-7,7,12.124355652982139,1.0918229472439343e-05,0.00020062246655607285,12.12
0,0,-7,8,13.07669683062202,5.4355311312706705e-06,0.00011618447793091056,13.08
0,0,-7,9,14.177446878757824,1.8705368256024088e-06,4.699723774326051e-05,14.18
0,0,-7,10,15.39480431834065,4.002125081639385e-07,1.1856295554356675e-05,15.39
0,0,-7,11,16.703293088490064,7.197481563967662e-08,2.5101216954337215e-06,16.7
0,0,-7,12,18.08314132002512,6.930674947266108e-09,2.83291338469502e-07,18.08
0,0,-7,13,19.519221295943133,1.6435618253254919e-09,7.827463193112654e-08,19.52
0,0,-7,14,20.999999999999996,2.1709025657362407e-14,1.1967100393621022e-12,21.0
0,0,-7,15,22.5166604983954,2.406884327167132e-10,1.5253629423421695e-08,22.52
0,0,-7,16,24.062418831031927,8.817809478991244e-11,6.3818896104199115e-09,24.06
0,0,-7,17,25.63201123595259,1.3300395226653888e-10,1.0922949579889502e-08,25.63
0,0,-7,18,27.221315177632395,9.135037136849613e-11,8.461328148006951e-09,27.22
0,0,-7,19,28.827070610799144,8.232662236283749e-11,8.55167789793974e-09,28.83
0,0,-7,20,30.446674695276656,6.152898272711352e-11,7.129670873504278e-09,30.45
0,0,-7,21,32.078029864690876,4.819649265452812e-11,6.199273867688678e-09,32.08
0,0,-7,22,33.719430600174725,3.613560985153186e-11,5.135773550148964e-09,33.72
0,0,-7,23,35.36947836765478,2.7652125231953792e-11,4.324101083146772e-09,35.37
0,0,-6,-23,45.92385001282013,4.245671052914977e-11,1.1192650313247106e-08,45.92
0,0,-6,-22,44.226688774991956,3.6427182753202004e-11,8.906446183157888e-09,44.23
0,0,-6,-21,42.532340636273474,3.454675313220663e-11,7.811884552020224e-09,42.53
0,0,-6,-20,40.84115571332427,3.642487142640662e-11,7.594585692405779e-09,40.84
0,0,-6,-19,39.153543900903784,4.2462726565693044e-11,8.13691997815093e-09,39.15
0,0,-6,-18,37.469987990390386,5.369950833349608e-11,9.42426371252856e-09,37.47
0,0,-6,-17,35.791060336346554,7.229721014514337e-11,1.1576590774491079e-08,35.79
0,0,-6,-16,34.11744421846396,1.0077142331640106e-10,1.4662242092536351e-08,34.12
0,0,-6,-15,32.4499614791759,1.442538861371115e-10,1.898741776279729e-08,32.45
0,0,-6,-14,30.7896086366813,2.048845511414936e-10,2.4278819310266988e-08,30.79
0,0,-6,-13,29.13760456866693,2.9493488778188e-10,3.1299964965852013e-08,29.14
0,0,-6,-12,27.495454169735037,4.00095567463823e-10,3.780903112533127e-08,27.5
0,0,-6,-11,25.86503431275512,5.67581162363574e-10,4.746397470265386e-08,25.87
0,0,-6,-10,24.24871130596428,6.61760088186933e-10,4.8639366481739573e-08,24.25
0,0,-6,-9,22.64950330581225,9.823201944739025e-10,6.2991282470639e-08,22.65
0,0,-6,-8,21.071307505705477,7.13546998682544e-10,3.960185842688119e-08,21.07
0,0,-6,-7,19.519221295943133,1.6576638947901403e-09,7.894624298938042e-08,19.52
0,0,-6,-6,18.0,5.613821268050618e-35,2.2735976135605002e-33,18.0
0,0,-6,-5,16.522711641858304,1.3325332793150437e-08,4.547269815662586e-07,16.52
0,0,-6,-4,15.099668870541498,7.957674085827752e-08,2.267937114460909e-06,15.1
0,0,-6,-3,13.74772708486752,6.964858750888626e-07,1.6454478798974378e-05,13.75
0,0,-6,-2,12.489995996796797,3.528789750353893e-06,6.881140013190092e-05,12.49
0,0,-6,-1,11.357816691600547,1.2646049526214917e-05,0.00020391754861021554,11.36
0,0,-6,0,10.392304845413264,2.4666874633663767e-05,0.00033300280755446085,10.39
0,0,-6,1,9.643650760992955,2.936789563762439e-05,0.00034140178678738353,9.64
0,0,-6,2,9.165151389911681,1.4421576241207079e-05,0.00015142655053267438,9.17
0,0,-6,3,9.0,4.2513207178222545e-15,4.3044622267950326e-14,9.0
0,0,-6,4,9.16515138991168,1.4420569198072065e-05,0.0001514159765797567,9.17
0,0,-6,5,9.643650760992955,2.9366393208013357e-05,0.00034138432104315525,9.64
0,0,-6,6,10.392304845413262,2.4665414570635005e-05,0.00033298309670357247,10.39
0,0,-6,7,11.357816691600545,1.2644943435382234e-05,0.00020389971289553848,11.36
0,0,-6,8,12.489995996796795,3.5281818815951543e-06,6.87995466911055e-05,12.49
0,0,-6,9,13.747727084867519,6.962126991598048e-07,1.644802501765039e-05,13.75
0,0,-6,10,15.099668870541498,7.94866498894143e-08,2.265369521848307e-06,15.1
0,0,-6,11,16.5227116418583,1.3290830939548594e-08,4.5354960581209546e-07,16.52
0,0,-6,12,17.999999999999996,1.790426548536001e-14,7.251227521570802e-13,18.0
0,0,-6,13,19.519221295943133,1.6483832480214219e-09,7.85042521870202e-08,19.52
0,0,-6,14,21.071307505705473,7.185045187071846e-10,3.987700078824873e-08,21.07
0,0,-6,15,22.649503305812242,9.778455047618427e-10,6.270434299285312e-08,22.65
0,0,-6,16,24.248711305964278,6.644583834149374e-10,4.883769118099788e-08,24.25
0,0,-6,17,25.86503431275512,5.658424680958198e-10,4.731857639451291e-08,25.87
0,0,-6,18,27.495454169735037,4.010658843201882e-10,3.790072606825778e-08,27.5
0,0,-6,19,29.137604568666926,2.9440733129192973e-10,3.1243978033356036e-08,29.14
0,0,-6,20,30.7896086366813,2.0515202802739544e-10,2.4310515321246354e-08,30.79
0,0,-6,21,32.4499614791759,1.4412249558346277e-10,1.897012348117328e-08,32.45
0,0,-6,22,34.11744421846395,1.0083375259113563e-10,1.4671311002010225e-08,34.12
0,0,-6,23,35.791060336346554,7.226810306417724e-11,1.1571930003151376e-08,35.79
0,0,-5,-23,44.79955356920423,8.891985512551749e-11,2.2307768654614192e-08,44.8
0,0,-5,-22,43.09292285283048,7.848872120744905e-11,1.8219194410279107e-08,43.09
0,0,-5,-21,41.38840417314975,7.848532066092349e-11,1.6805669286520242e-08,41.39
0,0,-5,-20,39.68626966596885,8.892504739275475e-11,1.7507118705448585e-08,39.69
0,0,-5,-19,37.98683982644515,1.1233029036971327e-10,2.0261576125437023e-08,37.99
0,0,-5,-18,36.29049462324811,1.5448114631085592e-10,2.543145871142465e-08,36.29
0,0,-5,-17,34.59768778401238,2.2490690977857356e-10,3.365169637561905e-08,34.6
0,0,-5,-16,32.90896534380867,3.400630524092982e-10,4.6036035719908744e-08,32.91
0,0,-5,-15,31.224989991991986,5.218687127508189e-10,6.360274936650604e-08,31.22
0,0,-5,-14,29.546573405388312,8.102706516430656e-10,8.842078486054952e-08,29.55
0,0,-5,-13,27.874719729532703,1.2394602075876653e-09,1.2038257266195197e-07,27.87
0,0,-5,-12,26.210684844162312,1.9056235724717466e-09,1.6364542428601122e-07,26.21
0,0,-5,-11,24.556058315617346,2.7750269522956888e-09,2.0916765652928747e-07,24.56
0,0,-5,-10,22.9128784747792,4.17262507701129e-09,2.738285206788659e-07,22.91
0,0,-5,-9,21.283796653792763,5.285350005168705e-09,2.992829440426779e-07,21.28
0,0,-5,-8,19.672315572906,8.002148422196089e-09,3.8710392992373573e-07,19.67
0,0,-5,-7,18.08314132002512,6.963003863386179e-09,2.8461278291590995e-07,18.08
0,0,-5,-6,16.522711641858304,1.3325332793150455e-08,4.547269815662592e-07,16.52
0,0,-5,-5,14.999999999999998,1.3024139477696e-34,3.6630392281019995e-33,15.0
0,0,-5,-4,13.527749258468681,1.3792176740706718e-07,3.154960429436661e-06,13.53
0,0,-5,-3,12.124355652982139,1.0345340501227728e-06,1.9009563171005944e-05,12.12
0,0,-5,-2,10.816653826391967,6.937367498262291e-06,0.000101458999662086,10.82
0,0,-5,-1,9.643650760992955,2.936737527764417e-05,0.00034139573760261346,9.64
0,0,-5,0,8.660254037844386,6.922739382944652e-05,0.0006490068171510609,8.66
0,0,-5,1,7.937253933193771,6.491239830110108e-05,0.0005111851366211709,7.94
0,0,-5,2,7.549834435270749,3.6983973019917935e-05,0.0002635108077669152,7.55
0,0,-5,3,7.549834435270748,3.6983794004975844e-05,0.00026350953228545274,7.55
0,0,-5,4,7.937253933193771,6.491170142981124e-05,0.0005111796487597634,7.94
0,0,-5,5,8.660254037844386,6.922624407786864e-05,0.0006489960382300183,8.66
0,0,-5,6,9.643650760992953,2.9366393208013404e-05,0.0003413843210431557,9.64
0,0,-5,7,10.816653826391965,6.936806896944299e-06,0.00010145080086781033,10.82
0,0,-5,8,12.124355652982139,1.0342989326770319e-06,1.9005242887940455e-05,12.12
0,0,-5,9,13.527749258468681,1.3783430989036704e-07,3.152959838742145e-06,13.53
0,0,-5,10,14.999999999999998,1.284513809208939e-14,3.61269508840014e-13,15.0
0,0,-5,11,16.5227116418583,1.3301477841917294e-08,4.5391293135542737e-07,16.52
0,0,-5,12,18.08314132002512,6.977947198267522e-09,2.8522359172918484e-07,18.08
0,0,-5,13,19.672315572905998,7.988988448203463e-09,3.8646731618184235e-07,19.67
0,0,-5,14,21.28379665379276,5.2937125384382686e-09,2.9975647248906686e-07,21.28
0,0,-5,15,22.9128784747792,4.167110979612815e-09,2.7346665803709096e-07,22.91
0,0,-5,16,24.55605831561735,2.778206259992407e-09,2.0940729684692766e-07,24.56
0,0,-5,17,26.21068484416231,1.903850441547872e-09,1.6349315666792347e-07,26.21
0,0,-5,18,27.874719729532703,1.2403806239066947e-09,1.204719680969377e-07,27.87
0,0,-5,19,29.546573405388312,8.098116458065668e-10,8.837069584864159e-08,29.55
0,0,-5,20,31.224989991991986,5.220877533147947e-10,6.362944493524058e-08,31.22
0,0,-5,21,32.90896534380867,3.3996123235313335e-10,4.6022251829805426e-08,32.91
0,0,-5,22,34.59768778401238,2.2495341415085758e-10,3.3658654592322046e-08,34.6
0,0,-5,23,36.2904946232481,1.544598655491062e-10,2.5427955366021594e-08,36.29
0,0,-4,-23,43.71498598878878,1.6113440167418724e-10,3.849098019992147e-08,43.71
0,0,-4,-22,41.99999999999999,1.4987019795821698e-10,3.304637864978683e-08,42.0
0,0,-4,-21,40.286474156967365,1.6113644305902667e-10,3.2690555885600023e-08,40.29
0,0,-4,-20,38.57460304397182,1.9822951288682755e-10,3.6870689396949924e-08,38.57
0,0,-4,-19,36.86461718233352,2.7217944969728934e-10,4.623648401732701e-08,36.86
0,0,-4,-18,35.15679166249389,4.0442561569499035e-10,6.2483757624876e-08,35.16
0,0,-4,-17,33.45145736735546,6.336759373708928e-10,8.863542173975361e-08,33.45
0,0,-4,-16,31.749015732775085,1.0236529007703514e-09,1.2898026549706425e-07,31.75
0,0,-4,-15,30.049958402633436,1.6858522882760164e-09,1.9029057703915534e-07,30.05
0,0,-4,-14,28.354893757515647,2.7876358117688627e-09,2.801573990827706e-07,28.35
0,0,-4,-13,26.664583251946766,4.636897428601732e-09,4.1210425896697893e-07,26.66
0,0,-4,-12,24.97999199359359,7.603235882475283e-09,5.930523988330719e-07,24.98
0,0,-4,-11,23.302360395462085,1.2525202335556259e-08,8.501481085258809e-07,23.3
0,0,-4,-10,21.633307652783934,1.973208502416169e-08,1.1543269739134588e-06,21.63
0,0,-4,-9,19.974984355438178,3.2063594270160356e-08,1.5991717642242475e-06,19.97
0,0,-4,-8,18.33030277982336,4.510830047606725e-08,1.8945486199948244e-06,18.33
0,0,-4,-7,16.703293088490064,7.20851871719679e-08,2.51397090262238e-06,16.7
0,0,-4,-6,15.099668870541498,7.957674085827648e-08,2.267937114460879e-06,15.1
0,0,-4,-5,13.527749258468681,1.3792176740706634e-07,3.1549604294366415e-06,13.53
0,0,-4,-4,12.0,2.5255724479955547e-36,4.5460304063919985e-35,12.0
0,0,-4,-3,10.535653752852738,1.9282986319505624e-06,2.675514351831405e-05,10.54
0,0,-4,-2,9.16515138991168,1.4421263499363348e-05,0.00015142326674331516,9.17
0,0,-4,-1,7.937253933193771,6.49131428063206e-05,0.0005111909995997746,7.94
0,0,-4,0,6.928203230275509,0.00020257205446219665,0.0012154323267731797,6.93
0,0,-4,1,6.244997998398398,0.00021005235428875517,0.0010240052271576815,6.24
0,0,-4,2,6.0,1.7695732636563108e-15,7.963079686453399e-15,6.0
0,0,-4,3,6.244997998398397,0.00021004989335897552,0.0010239932301250054,6.24
0,0,-4,4,6.928203230275509,0.00020256958007802537,0.0012154174804681521,6.93
0,0,-4,5,7.937253933193771,6.491170142981099e-05,0.0005111796487597615,7.94
0,0,-4,6,9.165151389911678,1.4420569198072023e-05,0.00015141597657975618,9.17
0,0,-4,7,10.535653752852737,1.9280438980765394e-06,2.6751609085811974e-05,10.54
0,0,-4,8,11.999999999999998,8.012072706190672e-15,1.4421730871143204e-13,12.0
0,0,-4,9,13.527749258468681,1.378591213333646e-07,3.153527400500714e-06,13.53
0,0,-4,10,15.099668870541498,7.961983460682118e-08,2.269165286294403e-06,15.1
0,0,-4,11,16.703293088490064,7.204964718576073e-08,2.5127314456034052e-06,16.7
0,0,-4,12,18.330302779823356,4.513157612635071e-08,1.8955261973067288e-06,18.33
0,0,-4,13,19.974984355438178,3.204811132262034e-08,1.5983995522156892e-06,19.97
0,0,-4,14,21.63330765278393,1.974122008817438e-08,1.1548613751582007e-06,21.63
0,0,-4,15,23.30236039546208,1.251998885660145e-08,8.497942436418229e-07,23.3
0,0,-4,16,24.97999199359359,7.60601233649019e-09,5.932689622462348e-07,24.98
0,0,-4,17,26.664583251946762,4.635481480785239e-09,4.1197841660478797e-07,26.66
0,0,-4,18,28.354893757515647,2.788323379339569e-09,2.802264996236266e-07,28.35
0,0,-4,19,30.049958402633436,1.685530017809726e-09,1.902542007602728e-07,30.05
0,0,-4,20,31.749015732775085,1.023799311404149e-09,1.2899871323692276e-07,31.75
0,0,-4,21,33.45145736735546,6.336107004418302e-10,8.862629672430099e-08,33.45
0,0,-4,22,35.15679166249389,4.044543687793453e-10,6.248819997640884e-08,35.16
0,0,-4,23,36.86461718233352,2.7216682168025777e-10,4.623433883293377e-08,36.86
0,0,-3,-23,42.67317658670373,2.566112765069458e-10,5.841114181489352e-08,42.67
0,0,-3,-22,40.951190458886536,2.56614116010602e-10,5.3792734068722435e-08,40.95
0,0,-3,-21,39.23009049186606,3.0006331309488634e-10,5.7724679856628755e-08,39.23
0,0,-3,-20,37.5099986670221,4.0158236816225654e-10,7.062829900053687e-08,37.51
0,0,-3,-19,35.79106033634656,5.95235913739115e-10,9.531215068747578e-08,35.79
0,0,-3,-18,34.07345007480164,9.467355962677981e-10,1.373950034083642e-07,34.07
0,0,-3,-17,32.35737937472687,1.5746458104254881e-09,2.060817704394357e-07,32.36
0,0,-3,-16,30.643106892089122,2.694595323542424e-09,3.16278126100792e-07,30.64
0,0,-3,-15,28.93095228297886,4.683380604841526e-09,4.899986957815446e-07,28.93
0,0,-3,-14,27.221315177632395,8.234024284530977e-09,7.626764993546815e-07,27.22
0,0,-3,-13,25.514701644346147,1.4509649593687879e-08,1.1807227356863512e-06,25.51
0,0,-3,-12,23.811761799581312,2.5743771348488742e-08,1.8245897943241393e-06,23.81
0,0,-3,-11,22.113344387495978,4.533795402707411e-08,2.7712824399049043e-06,22.11
0,0,-3,-10,20.420577856662135,8.054236193122549e-08,4.1982706156651275e-06,20.42
0,0,-3,-9,18.734993995195193,1.3890917705179725e-07,6.094640143147604e-06,18.73
0,0,-3,-8,17.05872210923198,2.488311147658778e-07,9.051231799608805e-06,17.06
0,0,-3,-7,15.39480431834065,4.0047407723443135e-07,1.1864044538070027e-05,15.39
0,0,-3,-6,13.747727084867519,6.964858750888522e-07,1.645447879897413e-05,13.75
0,0,-3,-5,12.12435565298214,1.034534050122798e-06,1.9009563171006415e-05,12.12
0,0,-3,-4,10.535653752852738,1.928298631950557e-06,2.6755143518313973e-05,10.54
0,0,-3,-3,9.0,1.3167490816376305e-34,1.3332084451581009e-33,9.0
0,0,-3,-2,7.549834435270749,3.698448431381524e-05,0.0002635144507359335,7.55
0,0,-3,-1,6.244997998398398,0.00021005117005708614,0.001023999454028295,6.24
0,0,-3,0,5.196152422706632,0.0004866828886438072,0.0016425547491728493,5.2
0,0,-3,1,4.582575694955841,0.001005641664623121,0.002639809369635693,4.58
0,0,-3,2,4.58257569495584,0.0010056410584257586,0.0026398077783676165,4.58
0,0,-3,3,5.196152422706631,0.00048668165726757135,0.001642550593278053,5.2
0,0,-3,4,6.244997998398397,0.0002100498933589754,0.001023993230125005,6.24
0,0,-3,5,7.549834435270749,3.698379400497573e-05,0.00026350953228545203,7.55
0,0,-3,6,8.999999999999998,4.251320717270463e-15,4.3044622262363424e-14,9.0
0,0,-3,7,10.535653752852737,1.9281069426650486e-06,2.6752483829477537e-05,10.54
0,0,-3,8,12.124355652982139,1.034673129820689e-06,1.9012118760455155e-05,12.12
0,0,-3,9,13.747727084867519,6.963792848130628e-07,1.6451960603708606e-05,13.75
0,0,-3,10,15.39480431834065,4.005455897074419e-07,1.1866163095082962e-05,15.39
0,0,-3,11,17.058722109231976,2.487837736200342e-07,9.04950976542874e-06,17.06
0,0,-3,12,18.734993995195193,1.3893742559309737e-07,6.095879547897146e-06,18.73
0,0,-3,13,20.420577856662135,8.052601438699574e-08,4.197418499922151e-06,20.42
0,0,-3,14,22.113344387495978,4.534683848586002e-08,2.7718255024481934e-06,22.11
0,0,-3,15,23.811761799581312,2.5739143806626182e-08,1.8242618172946304e-06,23.81
0,0,-3,16,25.514701644346147,1.4511946927467696e-08,1.1809096812226838e-06,25.51
0,0,-3,17,27.221315177632395,8.232926544779033e-09,7.625748212101577e-07,27.22
0,0,-3,18,28.93095228297886,4.6838863885487855e-09,4.900516134019166e-07,28.93
0,0,-3,19,30.643106892089122,2.6943686165660107e-09,3.1625151636943547e-07,30.64
0,0,-3,20,32.35737937472687,1.5747453809866431e-09,2.0609480173662687e-07,32.36
0,0,-3,21,34.07345007480164,9.466922330929462e-10,1.373887103276138e-07,34.07
0,0,-3,22,35.791060336346554,5.952549432543076e-10,9.531519778859596e-08,35.79
0,0,-3,23,37.509998667022096,4.015736954774875e-10,7.062677369210308e-08,37.51
0,0,-2,-23,41.67733196834941,3.643325968387277e-10,7.910571508860872e-08,41.68
0,0,-2,-22,39.949968710876355,3.9668348172934314e-10,7.913835460500394e-08,39.95
0,0,-2,-21,38.22302970723278,5.055400571820341e-10,9.232425294286897e-08,38.22
0,0,-2,-20,36.49657518178932,7.306857777609973e-10,1.2165918199720605e-07,36.5
0,0,-2,-19,34.77067730142742,1.1556113345434076e-09,1.7464176293287248e-07,34.77
0,0,-2,-18,33.04542328371661,1.939444958357032e-09,2.6473423681573484e-07,33.05
0,0,-2,-17,31.320919526731647,3.382451737781131e-09,4.147731443454111e-07,31.32
0,0,-2,-16,29.59729717389748,6.0422480516563854e-09,6.616261616563741e-07,29.6
0,0,-2,-15,27.874719729532703,1.0980650489793652e-08,1.066495678821208e-06,27.87
0,0,-2,-14,26.15339366124404,2.016907713314692e-08,1.7244560948840614e-06,26.15
0,0,-2,-13,24.43358344574123,3.748122288516245e-08,2.7970362578052473e-06,24.43
0,0,-2,-12,22.71563338320109,7.001094213170037e-08,4.515705767494672e-06,22.72
0,0,-2,-11,20.999999999999996,1.324949447150214e-07,7.303783827415553e-06,21.0
0,0,-2,-10,19.28730152198591,2.51167449667388e-07,1.1679286409533542e-05,19.29
0,0,-2,-9,17.578395831246944,4.855483095658528e-07,1.875430345698106e-05,17.58
0,0,-2,-8,15.874507866387543,9.231205586087619e-07,2.9078297596175996e-05,15.87
0,0,-2,-7,14.177446878757824,1.871074465298333e-06,4.7010745940620605e-05,14.18
0,0,-2,-6,12.489995996796795,3.528789750353907e-06,6.881140013190118e-05,12.49
0,0,-2,-5,10.816653826391967,6.937367498262327e-06,0.00010145899966208652,10.82
0,0,-2,-4,9.16515138991168,1.4421263499363364e-05,0.00015142326674331532,9.17
0,0,-2,-3,7.549834435270749,3.698448431381527e-05,0.0002635144507359338,7.55
0,0,-2,-2,6.0,3.015354359049631e-35,1.356909461572334e-34,6.0
0,0,-2,-1,4.58257569495584,0.0010056437004448162,0.0026398147136676422,4.58
0,0,-2,0,3.4641016151377544,0.0029883430683971053,0.004482514602595657,3.46
0,0,-2,1,2.9999999999999996,4.207563657988742e-16,4.733509115237333e-16,3.0
0,0,-2,2,3.4641016151377544,0.0029883385628380298,0.004482507844257044,3.46
0,0,-2,3,4.582575694955839,0.0010056410584257582,0.002639807778367614,4.58
0,0,-2,4,5.999999999999999,1.7695732630207138e-15,7.963079683593209e-15,6.0
0,0,-2,5,7.549834435270749,3.698397301991786e-05,0.0002635108077669147,7.55
0,0,-2,6,9.165151389911678,1.4421576241207104e-05,0.0001514265505326745,9.17
0,0,-2,7,10.816653826391965,6.937160928362014e-06,0.0001014559785772944,10.82
0,0,-2,8,12.489995996796795,3.528925290464297e-06,6.881404316405379e-05,12.49
0,0,-2,9,14.177446878757824,1.8709871690539375e-06,4.700855262248017e-05,14.18
0,0,-2,10,15.874507866387543,9.231725296755792e-07,2.907993468478074e-05,15.87
0,0,-2,11,17.578395831246944,4.855177675548672e-07,1.875312377180674e-05,17.58
0,0,-2,12,19.287301521985906,2.5118444615196055e-07,1.168007674606616e-05,19.29
0,0,-2,13,20.999999999999996,1.3248582953041508e-07,7.303281352864128e-06,21.0
0,0,-2,14,22.71563338320109,7.00156137283976e-08,4.516007085481644e-06,22.72
0,0,-2,15,24.433583445741228,3.747891903758025e-08,2.7968643331794253e-06,24.43
0,0,-2,16,26.15339366124404,2.0170168721741626e-08,1.7245494257089088e-06,26.15
0,0,-2,17,27.874719729532703,1.098015037452035e-08,1.0664471051252886e-06,27.87
0,0,-2,18,29.59729717389748,6.0424704154674195e-09,6.616505104936822e-07,29.6
0,0,-2,19,31.320919526731647,3.382355057621777e-09,4.147612889408703e-07,31.32
0,0,-2,20,33.04542328371661,1.9394863717660865e-09,2.6473988974607074e-07,33.05
0,0,-2,21,34.77067730142742,1.1555936946230372e-09,1.746390970999065e-07,34.77
0,0,-2,22,36.49657518178931,7.306932956642217e-10,1.2166043372809287e-07,36.5
0,0,-2,23,38.223029707232776,5.055368909049798e-10,9.23236747015219e-08,38.22
0,0,-1,-23,40.730823708832595,4.6546335312106396e-10,9.652546285348061e-08,40.73
0,0,-1,-22,38.99999999999999,5.534812461306248e-10,1.0523062192058501e-07,39.0
0,0,-1,-21,37.26929030716845,7.631539409720921e-10,1.325026030012795e-07,37.27
0,0,-1,-20,35.53871128783372,1.1756839644501143e-09,1.856111058875618e-07,35.54
0,0,-1,-19,33.80828300875393,1.953450159299748e-09,2.7909919150995146e-07,33.81
0,0,-1,-18,32.078029864690876,3.409851153355866e-09,4.385921046003982e-07,32.08
0,0,-1,-17,30.347981810987033,6.144553559139288e-09,7.073917284959104e-07,30.35
0,0,-1,-16,28.618176042508367,1.1318633381131159e-08,1.1587450923933023e-06,28.62
0,0,-1,-15,26.8886593194975,2.1183658351387168e-08,1.9144731235066147e-06,26.89
0,0,-1,-14,25.159491250818245,4.0207061363896736e-08,3.1813837304183286e-06,25.16
0,0,-1,-13,23.430749027719962,7.723268295522378e-08,5.300092867802231e-06,23.43
0,0,-1,-12,21.702534414210703,1.505481945842832e-07,8.863524956149671e-06,21.7
0,0,-1,-11,19.974984355438178,2.9701863406055964e-07,1.481380437377041e-05,19.97
0,0,-1,-10,18.24828759089466,5.970586881905269e-07,2.485256789593068e-05,18.25
0,0,-1,-9,16.522711641858304,1.222460625885239e-06,4.171646885833377e-05,16.52
0,0,-1,-8,14.79864858694874,2.5722787470381114e-06,7.041613070016828e-05,14.8
0,0,-1,-7,13.07669683062202,5.436350611374624e-06,0.00011620199431813257,13.08
0,0,-1,-6,11.357816691600545,1.2646049526214954e-05,0.00020391754861021609,11.36
0,0,-1,-5,9.643650760992955,2.936737527764449e-05,0.0003413957376026172,9.64
0,0,-1,-4,7.937253933193771,6.491314280632078e-05,0.0005111909995997761,7.94
0,0,-1,-3,6.244997998398397,0.000210051170057087,0.001023999454028299,6.24
0,0,-1,-2,4.58257569495584,0.0010056437004448175,0.0026398147136676457,4.58
0,0,-1,-1,3.0,1.0695820292047389e-33,1.2032797828553313e-33,3.0
0,0,-1,0,1.7320508075688772,0.0751039833207316,0.028163993745274344,1.73
0,0,-1,1,1.732050807568877,0.07510397945367647,0.028163992295128663,1.73
0,0,-1,2,2.9999999999999996,4.2075636621287154e-16,4.733509119894803e-16,3.0
0,0,-1,3,4.582575694955839,0.0010056416646231218,0.0026398093696356935,4.58
0,0,-1,4,6.244997998398397,0.00021005235428875552,0.001024005227157683,6.24
0,0,-1,5,7.937253933193771,6.49123983011012e-05,0.0005111851366211719,7.94
0,0,-1,6,9.643650760992953,2.936789563762448e-05,0.00034140178678738445,9.64
0,0,-1,7,11.357816691600545,1.2645718266628371e-05,0.00020391220704938244,11.36
0,0,-1,8,13.07669683062202,5.436549011145424e-06,0.00011620623511323343,13.08
0,0,-1,9,14.79864858694874,2.572160785471921e-06,7.041290150229382e-05,14.8
0,0,-1,10,16.522711641858304,1.2225273479799874e-06,4.171874574981706e-05,16.52
0,0,-1,11,18.248287590894655,5.970222961402288e-07,2.4851053076837016e-05,18.25
0,0,-1,12,19.974984355438178,2.970377259167806e-07,1.4814756580099429e-05,19.97
0,0,-1,13,21.702534414210703,1.505385426136392e-07,8.862956696378005e-06,21.7
0,0,-1,14,23.43074902771996,7.723738043991549e-08,5.300415232689198e-06,23.43
0,0,-1,15,25.159491250818245,4.0204851907940344e-08,3.181208907215779e-06,25.16
0,0,-1,16,26.888659319497503,2.1184664753850194e-08,1.914564077129211e-06,26.89
0,0,-1,17,28.618176042508367,1.1318187306219643e-08,1.158699425474236e-06,28.62
0,0,-1,18,30.347981810987033,6.144746973135016e-09,7.074139952821685e-07,30.35
0,0,-1,19,32.078029864690876,3.409768500273161e-09,4.3858147334763524e-07,32.08
0,0,-1,20,33.80828300875393,1.9534853193133887e-09,2.7910421499690033e-07,33.81
0,0,-1,21,35.53871128783372,1.1756688345293076e-09,1.8560871725131442e-07,35.54
0,0,-1,22,37.26929030716844,7.631607291901357e-10,1.3250378160563725e-07,37.27
0,0,-1,23,38.99999999999999,5.534778494801798e-10,1.0522997613241915e-07,39.0
0,0,0,-23,39.837168574084174,5.36164540428644e-10,1.0636164070753223e-07,39.84
0,0,0,-22,38.10511776651529,6.915596755629694e-10,1.255180811146789e-07,38.11
0,0,0,-21,36.37306695894642,1.0171962986920997e-09,1.6821883789620593e-07,36.37
0,0,0,-20,34.64101615137754,1.6422445538912587e-09,2.4633668308368877e-07,34.64
0,0,0,-19,32.90896534380867,2.820542701276735e-09,3.81830968185338e-07,32.91
0,0,0,-18,31.17691453623979,5.041350779343465e-09,6.125241196902309e-07,31.18
0,0,0,-17,29.44486372867091,9.25701576763306e-09,1.0032290838172326e-06,29.44
0,0,0,-16,27.712812921102035,1.7320356797352245e-08,1.6627542525458152e-06,27.71
0,0,0,-15,25.980762113533157,3.2934223988449496e-08,2.778825149025426e-06,25.98
0,0,0,-14,24.248711305964278,6.345568786839092e-08,4.663993058326731e-06,24.25
0,0,0,-13,22.516660498395403,1.2418905049258544e-07,7.870481074967601e-06,22.52
0,0,0,-12,20.784609690826525,2.462062802440744e-07,1.3295139133180013e-05,20.78
0,0,0,-11,19.052558883257646,4.991345153001561e-07,2.2648228631744573e-05,19.05
0,0,0,-10,17.32050807568877,1.0259152294038506e-06,3.847182110264439e-05,17.32
0,0,0,-9,15.588457268119894,2.1754652467841116e-06,6.607975687106738e-05,15.59
0,0,0,-8,13.856406460551018,4.743384848615654e-06,0.00011384123636677569,13.86
0,0,0,-7,12.124355652982139,1.091919337269768e-05,0.00020064017822331979,12.12
0,0,0,-6,10.392304845413262,2.4666874633664285e-05,0.0003330028075544678,10.39
0,0,0,-5,8.660254037844386,6.922739382944687e-05,0.0006490068171510643,8.66
0,0,0,-4,6.928203230275509,0.00020257205446219665,0.0012154323267731797,6.93
0,0,0,-3,5.196152422706631,0.00048668288864380795,0.0016425547491728514,5.2
0,0,0,-2,3.4641016151377544,0.00298834306839711,0.004482514602595664,3.46
0,0,0,-1,1.7320508075688772,0.0751039833207316,0.028163993745274344,1.73
0,0,0,1,1.732050807568877,0.0751039833207316,0.028163993745274334,1.73
0,0,0,2,3.4641016151377544,0.00298834306839711,0.004482514602595664,3.46
0,0,0,3,5.196152422706631,0.0004866828886438081,0.0016425547491728519,5.2
0,0,0,4,6.928203230275509,0.00020257205446219673,0.0012154323267731801,6.93
0,0,0,5,8.660254037844386,6.922739382944667e-05,0.0006490068171510624,8.66
0,0,0,6,10.392304845413262,2.4666874633664292e-05,0.00033300280755446784,10.39
0,0,0,7,12.124355652982139,1.0919193372697739e-05,0.00020064017822332087,12.12
0,0,0,8,13.856406460551018,4.74338484861565e-06,0.00011384123636677558,13.86
0,0,0,9,15.588457268119894,2.175465246784119e-06,6.60797568710676e-05,15.59
0,0,0,10,17.32050807568877,1.0259152294038497e-06,3.847182110264436e-05,17.32
0,0,0,11,19.052558883257646,4.991345153001174e-07,2.2648228631742814e-05,19.05
0,0,0,12,20.784609690826525,2.4620628024407364e-07,1.3295139133179974e-05,20.78
0,0,0,13,22.516660498395403,1.2418905049259926e-07,7.870481074968477e-06,22.52
0,0,0,14,24.248711305964278,6.345568786839038e-08,4.663993058326691e-06,24.25
0,0,0,15,25.980762113533157,3.2934223988445313e-08,2.778825149025073e-06,25.98
0,0,0,16,27.712812921102035,1.7320356797352145e-08,1.6627542525458056e-06,27.71
0,0,0,17,29.44486372867091,9.257015767632752e-09,1.003229083817199e-06,29.44
0,0,0,18,31.17691453623979,5.0413507793432094e-09,6.125241196901999e-07,31.18
0,0,0,19,32.90896534380867,2.8205427012770948e-09,3.818309681853867e-07,32.91
0,0,0,20,34.64101615137754,1.6422445538912813e-09,2.4633668308369215e-07,34.64
0,0,0,21,36.37306695894642,1.017196298692035e-09,1.682188378961952e-07,36.37
0,0,0,22,38.10511776651529,6.91559675562986e-10,1.255180811146819e-07,38.11
0,0,0,23,39.837168574084174,5.361645404283537e-10,1.0636164070747465e-07,39.84
0,0,1,-23,38.99999999999999,5.534778494802742e-10,1.0522997613243711e-07,39.0
0,0,1,-22,37.26929030716844,7.631607291901442e-10,1.3250378160563873e-07,37.27
0,0,1,-21,35.53871128783372,1.1756688345295472e-09,1.8560871725135227e-07,35.54
0,0,1,-20,33.80828300875393,1.9534853193132576e-09,2.7910421499688164e-07,33.81
0,0,1,-19,32.078029864690876,3.409768500273165e-09,4.3858147334763577e-07,32.08
0,0,1,-18,30.347981810987033,6.144746973135096e-09,7.074139952821777e-07,30.35
0,0,1,-17,28.618176042508367,1.1318187306219951e-08,1.1586994254742672e-06,28.62
0,0,1,-16,26.888659319497503,2.1184664753850184e-08,1.91456407712921e-06,26.89
0,0,1,-15,25.159491250818245,4.0204851907938855e-08,3.1812089072156613e-06,25.16
0,0,1,-14,23.43074902771996,7.723738043991612e-08,5.300415232689242e-06,23.43
0,0,1,-13,21.702534414210703,1.505385426136235e-07,8.862956696377081e-06,21.7
0,0,1,-12,19.974984355438178,2.9703772591678153e-07,1.4814756580099476e-05,19.97
0,0,1,-11,18.248287590894655,5.970222961402394e-07,2.4851053076837457e-05,18.25
0,0,1,-10,16.522711641858304,1.2225273479799874e-06,4.171874574981706e-05,16.52
0,0,1,-9,14.79864858694874,2.5721607854719363e-06,7.041290150229425e-05,14.8
0,0,1,-8,13.07669683062202,5.436549011145426e-06,0.00011620623511323345,13.08
0,0,1,-7,11.357816691600545,1.2645718266628342e-05,0.00020391220704938197,11.36
0,0,1,-6,9.643650760992953,2.936789563762448e-05,0.00034140178678738445,9.64
0,0,1,-5,7.937253933193771,6.491239830110133e-05,0.000511185136621173,7.94
0,0,1,-4,6.244997998398397,0.0002100523542887554,0.0010240052271576823,6.24
0,0,1,-3,4.582575694955839,0.0010056416646231222,0.0026398093696356944,4.58
0,0,1,-2,2.9999999999999996,4.2075636607748975e-16,4.733509118371758e-16,3.0
0,0,1,-1,1.7320508075688772,0.07510397945367644,0.028163992295128663,1.73
0,0,1,0,1.7320508075688774,0.0751039833207316,0.02816399374527435,1.73
0,0,1,1,2.9999999999999996,4.498016072373139e-34,5.06026808141978e-34,3.0
0,0,1,2,4.58257569495584,0.0010056437004448175,0.0026398147136676457,4.58
0,0,1,3,6.244997998398397,0.00021005117005708725,0.0010239994540283002,6.24
0,0,1,4,7.937253933193771,6.491314280632083e-05,0.0005111909995997764,7.94
0,0,1,5,9.643650760992955,2.9367375277644452e-05,0.00034139573760261677,9.64
0,0,1,6,11.357816691600545,1.2646049526214957e-05,0.00020391754861021614,11.36
0,0,1,7,13.07669683062202,5.43635061137466e-06,0.00011620199431813334,13.08
0,0,1,8,14.79864858694874,2.572278747038115e-06,7.041613070016838e-05,14.8
0,0,1,9,16.522711641858304,1.2224606258852565e-06,4.171646885833437e-05,16.52
0,0,1,10,18.24828759089466,5.970586881905268e-07,2.4852567895930675e-05,18.25
0,0,1,11,19.974984355438178,2.9701863406053624e-07,1.4813804373769242e-05,19.97
0,0,1,12,21.702534414210703,1.5054819458428306e-07,8.863524956149662e-06,21.7
0,0,1,13,23.430749027719962,7.723268295522262e-08,5.300092867802151e-06,23.43
0,0,1,14,25.159491250818245,4.020706136389667e-08,3.1813837304183235e-06,25.16
0,0,1,15,26.8886593194975,2.1183658351383475e-08,1.914473123506281e-06,26.89
0,0,1,16,28.618176042508367,1.1318633381131194e-08,1.1587450923933059e-06,28.62
0,0,1,17,30.347981810987033,6.144553559138685e-09,7.07391728495841e-07,30.35
0,0,1,18,32.078029864690876,3.40985115335562e-09,4.3859210460036654e-07,32.08
0,0,1,19,33.80828300875393,1.9534501592998466e-09,2.7909919150996554e-07,33.81
0,0,1,20,35.53871128783372,1.175683964450119e-09,1.8561110588756254e-07,35.54
0,0,1,21,37.26929030716845,7.631539409721424e-10,1.3250260300128823e-07,37.27
0,0,1,22,38.99999999999999,5.534812461306256e-10,1.0523062192058516e-07,39.0
0,0,1,23,40.730823708832595,4.654633531210546e-10,9.652546285347868e-08,40.73
0,0,2,-23,38.223029707232776,5.05536890904982e-10,9.232367470152229e-08,38.22
0,0,2,-22,36.49657518178931,7.306932956642196e-10,1.2166043372809253e-07,36.5
0,0,2,-21,34.77067730142742,1.1555936946232233e-09,1.7463909709993463e-07,34.77
0,0,2,-20,33.04542328371661,1.9394863717660563e-09,2.647398897460666e-07,33.05
0,0,2,-19,31.320919526731647,3.382355057622045e-09,4.1476128894090315e-07,31.32
0,0,2,-18,29.59729717389748,6.042470415467325e-09,6.61650510493672e-07,29.6
0,0,2,-17,27.874719729532703,1.0980150374520185e-08,1.0664471051252727e-06,27.87
0,0,2,-16,26.15339366124404,2.0170168721741563e-08,1.7245494257089033e-06,26.15
0,0,2,-15,24.433583445741228,3.747891903757873e-08,2.7968643331793113e-06,24.43
0,0,2,-14,22.71563338320109,7.001561372839736e-08,4.516007085481629e-06,22.72
0,0,2,-13,20.999999999999996,1.3248582953041614e-07,7.303281352864186e-06,21.0
0,0,2,-12,19.287301521985906,2.5118444615196077e-07,1.168007674606617e-05,19.29
0,0,2,-11,17.578395831246944,4.855177675548691e-07,1.8753123771806814e-05,17.58
0,0,2,-10,15.874507866387543,9.231725296755792e-07,2.907993468478074e-05,15.87
0,0,2,-9,14.177446878757824,1.870987169053938e-06,4.7008552622480174e-05,14.18
0,0,2,-8,12.489995996796795,3.5289252904642946e-06,6.881404316405373e-05,12.49
0,0,2,-7,10.816653826391965,6.9371609283620075e-06,0.00010145597857729431,10.82
0,0,2,-6,9.165151389911678,1.4421576241207101e-05,0.00015142655053267448,9.17
0,0,2,-5,7.549834435270749,3.698397301991789e-05,0.0002635108077669149,7.55
0,0,2,-4,5.999999999999999,1.7695732630420377e-15,7.963079683689166e-15,6.0
0,0,2,-3,4.582575694955839,0.0010056410584257582,0.002639807778367614,4.58
0,0,2,-2,3.4641016151377544,0.0029883385628380298,0.004482507844257044,3.46
0,0,2,-1,3.0,4.207563659666576e-16,4.733509117124898e-16,3.0
0,0,2,0,3.4641016151377544,0.0029883430683971053,0.004482514602595657,3.46
0,0,2,1,4.58257569495584,0.0010056437004448162,0.0026398147136676422,4.58
0,0,2,2,6.0,4.044223008762368e-35,1.8199003539430657e-34,6.0
0,0,2,3,7.549834435270749,3.698448431381525e-05,0.0002635144507359336,7.55
0,0,2,4,9.16515138991168,1.4421263499363357e-05,0.00015142326674331524,9.17
0,0,2,5,10.816653826391967,6.937367498262322e-06,0.00010145899966208644,10.82
0,0,2,6,12.489995996796795,3.5287897503539046e-06,6.881140013190113e-05,12.49
0,0,2,7,14.177446878757824,1.8710744652983413e-06,4.7010745940620815e-05,14.18
0,0,2,8,15.874507866387543,9.231205586087625e-07,2.9078297596176016e-05,15.87
0,0,2,9,17.578395831246944,4.855483095658499e-07,1.8754303456980952e-05,17.58
0,0,2,10,19.28730152198591,2.511674496673877e-07,1.1679286409533527e-05,19.29
0,0,2,11,20.999999999999996,1.324949447150204e-07,7.303783827415497e-06,21.0
0,0,2,12,22.71563338320109,7.001094213170031e-08,4.515705767494669e-06,22.72
0,0,2,13,24.43358344574123,3.74812228851623e-08,2.7970362578052363e-06,24.43
0,0,2,14,26.15339366124404,2.016907713314735e-08,1.7244560948840982e-06,26.15
0,0,2,15,27.874719729532703,1.0980650489793286e-08,1.0664956788211727e-06,27.87
0,0,2,16,29.59729717389748,6.042248051656379e-09,6.616261616563733e-07,29.6
0,0,2,17,31.320919526731647,3.3824517377806264e-09,4.1477314434534923e-07,31.32
0,0,2,18,33.04542328371661,1.9394449583570363e-09,2.647342368157354e-07,33.05
0,0,2,19,34.77067730142742,1.1556113345433003e-09,1.7464176293285625e-07,34.77
0,0,2,20,36.49657518178932,7.30685777760975e-10,1.2165918199720235e-07,36.5
0,0,2,21,38.22302970723278,5.055400571819728e-10,9.232425294285777e-08,38.22
0,0,2,22,39.949968710876355,3.966834817293392e-10,7.913835460500316e-08,39.95
0,0,2,23,41.67733196834941,3.643325968388033e-10,7.910571508862514e-08,41.68
0,0,3,-23,37.509998667022096,4.0157369547746546e-10,7.06267736920992e-08,37.51
0,0,3,-22,35.791060336346554,5.952549432543107e-10,9.531519778859647e-08,35.79
0,0,3,-21,34.07345007480164,9.466922330930254e-10,1.373887103276253e-07,34.07
0,0,3,-20,32.35737937472687,1.5747453809866578e-09,2.060948017366288e-07,32.36
0,0,3,-19,30.643106892089122,2.694368616566037e-09,3.162515163694386e-07,30.64
0,0,3,-18,28.93095228297886,4.683886388548771e-09,4.90051613401915e-07,28.93
0,0,3,-17,27.221315177632395,8.232926544778307e-09,7.625748212100905e-07,27.22
0,0,3,-16,25.514701644346147,1.4511946927467749e-08,1.180909681222688e-06,25.51
0,0,3,-15,23.811761799581312,2.5739143806625236e-08,1.8242618172945633e-06,23.81
0,0,3,-14,22.113344387495978,4.5346838485859856e-08,2.771825502448183e-06,22.11
0,0,3,-13,20.420577856662135,8.0526014386995e-08,4.197418499922113e-06,20.42
0,0,3,-12,18.734993995195193,1.3893742559309763e-07,6.095879547897158e-06,18.73
0,0,3,-11,17.058722109231976,2.4878377362003496e-07,9.049509765428766e-06,17.06
0,0,3,-10,15.39480431834065,4.005455897074411e-07,1.1866163095082939e-05,15.39
0,0,3,-9,13.747727084867519,6.963792848130629e-07,1.645196060370861e-05,13.75
0,0,3,-8,12.124355652982139,1.034673129820689e-06,1.9012118760455155e-05,12.12
0,0,3,-7,10.535653752852737,1.928106942665051e-06,2.6752483829477575e-05,10.54
0,0,3,-6,8.999999999999998,4.251320717169652e-15,4.3044622261342714e-14,9.0
0,0,3,-5,7.549834435270749,3.698379400497576e-05,0.00026350953228545225,7.55
0,0,3,-4,6.244997998398397,0.0002100498933589754,0.001023993230125005,6.24
0,0,3,-3,5.196152422706631,0.0004866816572675715,0.0016425505932780534,5.2
0,0,3,-2,4.582575694955841,0.0010056410584257586,0.0026398077783676174,4.58
0,0,3,-1,4.582575694955841,0.001005641664623121,0.002639809369635693,4.58
0,0,3,0,5.196152422706632,0.00048668288864380644,0.0016425547491728467,5.2
0,0,3,1,6.244997998398398,0.00021005117005708676,0.001023999454028298,6.24
0,0,3,2,7.549834435270749,3.698448431381522e-05,0.00026351445073593334,7.55
0,0,3,3,9.0,8.078813494372163e-35,8.179798663051814e-34,9.0
0,0,3,4,10.535653752852738,1.928298631950561e-06,2.675514351831403e-05,10.54
0,0,3,5,12.12435565298214,1.034534050122795e-06,1.900956317100636e-05,12.12
0,0,3,6,13.747727084867519,6.964858750888527e-07,1.6454478798974144e-05,13.75
0,0,3,7,15.39480431834065,4.004740772344324e-07,1.1864044538070057e-05,15.39
0,0,3,8,17.05872210923198,2.488311147658773e-07,9.051231799608784e-06,17.06
0,0,3,9,18.734993995195193,1.3890917705179786e-07,6.09464014314763e-06,18.73
0,0,3,10,20.420577856662135,8.054236193122574e-08,4.19827061566514e-06,20.42
0,0,3,11,22.113344387495978,4.5337954027073036e-08,2.7712824399048387e-06,22.11
0,0,3,12,23.811761799581312,2.5743771348488673e-08,1.8245897943241344e-06,23.81
0,0,3,13,25.514701644346147,1.4509649593687007e-08,1.1807227356862803e-06,25.51
0,0,3,14,27.221315177632395,8.234024284530942e-09,7.626764993546783e-07,27.22
0,0,3,15,28.93095228297886,4.683380604840995e-09,4.89998695781489e-07,28.93
0,0,3,16,30.643106892089122,2.6945953235424713e-09,3.162781261007975e-07,30.64
0,0,3,17,32.35737937472687,1.5746458104253064e-09,2.0608177043941194e-07,32.36
0,0,3,18,34.07345007480164,9.467355962678695e-10,1.3739500340837455e-07,34.07
0,0,3,19,35.79106033634656,5.952359137390542e-10,9.531215068746605e-08,35.79
0,0,3,20,37.5099986670221,4.015823681622814e-10,7.062829900054124e-08,37.51
0,0,3,21,39.23009049186606,3.0006331309491933e-10,5.7724679856635094e-08,39.23
0,0,3,22,40.951190458886536,2.566141160105973e-10,5.379273406872145e-08,40.95
0,0,3,23,42.67317658670373,2.5661127650694373e-10,5.841114181489305e-08,42.67
0,0,4,-23,36.86461718233352,2.7216682168024216e-10,4.6234338832931123e-08,36.86
0,0,4,-22,35.15679166249389,4.044543687793307e-10,6.248819997640658e-08,35.16
0,0,4,-21,33.45145736735546,6.336107004418589e-10,8.862629672430498e-08,33.45
0,0,4,-20,31.749015732775085,1.0237993114041415e-09,1.289987132369218e-07,31.75
0,0,4,-19,30.049958402633436,1.6855300178097405e-09,1.9025420076027442e-07,30.05
0,0,4,-18,28.354893757515647,2.788323379339625e-09,2.802264996236322e-07,28.35
0,0,4,-17,26.664583251946762,4.6354814807848205e-09,4.119784166047508e-07,26.66
0,0,4,-16,24.97999199359359,7.606012336490063e-09,5.932689622462248e-07,24.98
0,0,4,-15,23.30236039546208,1.2519988856601483e-08,8.497942436418251e-07,23.3
0,0,4,-14,21.63330765278393,1.974122008817458e-08,1.1548613751582123e-06,21.63
0,0,4,-13,19.974984355438178,3.204811132262157e-08,1.5983995522157506e-06,19.97
0,0,4,-12,18.330302779823356,4.5131576126350813e-08,1.8955261973067332e-06,18.33
0,0,4,-11,16.703293088490064,7.204964718576126e-08,2.5127314456034234e-06,16.7
0,0,4,-10,15.099668870541498,7.961983460682146e-08,2.269165286294411e-06,15.1
0,0,4,-9,13.527749258468681,1.378591213333632e-07,3.153527400500682e-06,13.53
0,0,4,-8,11.999999999999998,8.01207270622007e-15,1.442173087119612e-13,12.0
0,0,4,-7,10.535653752852737,1.9280438980765394e-06,2.6751609085811974e-05,10.54
0,0,4,-6,9.165151389911678,1.442056919807203e-05,0.00015141597657975623,9.17
0,0,4,-5,7.937253933193771,6.491170142981102e-05,0.0005111796487597617,7.94
0,0,4,-4,6.928203230275509,0.00020256958007802537,0.0012154174804681521,6.93
0,0,4,-3,6.244997998398397,0.0002100498933589754,0.001023993230125005,6.24
0,0,4,-2,6.0,1.7695732634762535e-15,7.963079685643141e-15,6.0
0,0,4,-1,6.244997998398398,0.0002100523542887554,0.0010240052271576826,6.24
0,0,4,0,6.928203230275509,0.00020257205446219665,0.0012154323267731797,6.93
0,0,4,1,7.937253933193771,6.491314280632051e-05,0.000511190999599774,7.94
0,0,4,2,9.16515138991168,1.4421263499363342e-05,0.00015142326674331508,9.17
0,0,4,3,10.535653752852738,1.9282986319505586e-06,2.6755143518313997e-05,10.54
0,0,4,4,12.0,1.4539314120181024e-35,2.6170765416325842e-34,12.0
0,0,4,5,13.527749258468681,1.379217674070653e-07,3.1549604294366177e-06,13.53
0,0,4,6,15.099668870541498,7.957674085827709e-08,2.2679371144608965e-06,15.1
0,0,4,7,16.703293088490064,7.208518717196831e-08,2.5139709026223944e-06,16.7
0,0,4,8,18.33030277982336,4.510830047606723e-08,1.8945486199948238e-06,18.33
0,0,4,9,19.974984355438178,3.2063594270161104e-08,1.5991717642242847e-06,19.97
0,0,4,10,21.633307652783934,1.9732085024161782e-08,1.154326973913464e-06,21.63
0,0,4,11,23.302360395462085,1.2525202335556441e-08,8.501481085258933e-07,23.3
0,0,4,12,24.97999199359359,7.603235882475331e-09,5.930523988330757e-07,24.98
0,0,4,13,26.664583251946766,4.6368974286016e-09,4.1210425896696723e-07,26.66
0,0,4,14,28.354893757515647,2.7876358117687573e-09,2.8015739908276e-07,28.35
0,0,4,15,30.049958402633436,1.685852288276206e-09,1.9029057703917672e-07,30.05
0,0,4,16,31.749015732775085,1.0236529007703388e-09,1.2898026549706267e-07,31.75
0,0,4,17,33.45145736735546,6.336759373708752e-10,8.863542173975116e-08,33.45
0,0,4,18,35.15679166249389,4.0442561569499894e-10,6.248375762487733e-08,35.16
0,0,4,19,36.86461718233352,2.7217944969728877e-10,4.623648401732691e-08,36.86
0,0,4,20,38.57460304397182,1.98229512886838e-10,3.687068939695187e-08,38.57
0,0,4,21,40.286474156967365,1.6113644305903086e-10,3.269055588560087e-08,40.29
0,0,4,22,41.99999999999999,1.498701979582198e-10,3.3046378649787454e-08,42.0
0,0,4,23,43.71498598878878,1.611344016741897e-10,3.8490980199922054e-08,43.71
0,0,5,-23,36.2904946232481,1.5445986554910435e-10,2.542795536602129e-08,36.29
0,0,5,-22,34.59768778401238,2.2495341415081896e-10,3.365865459231627e-08,34.6
0,0,5,-21,32.90896534380867,3.39961232353102e-10,4.6022251829801184e-08,32.91
0,0,5,-20,31.224989991991986,5.220877533147729e-10,6.362944493523792e-08,31.22
0,0,5,-19,29.546573405388312,8.098116458066526e-10,8.837069584865095e-08,29.55
0,0,5,-18,27.874719729532703,1.2403806239067414e-09,1.2047196809694222e-07,27.87
0,0,5,-17,26.21068484416231,1.9038504415475533e-09,1.6349315666789607e-07,26.21
0,0,5,-16,24.55605831561735,2.778206259992433e-09,2.0940729684692964e-07,24.56
0,0,5,-15,22.9128784747792,4.1671109796128955e-09,2.734666580370962e-07,22.91
0,0,5,-14,21.28379665379276,5.293712538438395e-09,2.99756472489074e-07,21.28
0,0,5,-13,19.672315572905998,7.98898844820386e-09,3.8646731618186157e-07,19.67
0,0,5,-12,18.08314132002512,6.977947198267551e-09,2.8522359172918606e-07,18.08
0,0,5,-11,16.5227116418583,1.3301477841917157e-08,4.539129313554227e-07,16.52
0,0,5,-10,14.999999999999998,1.2845138092061686e-14,3.6126950883923486e-13,15.0
0,0,5,-9,13.527749258468681,1.378343098903671e-07,3.1529598387421465e-06,13.53
0,0,5,-8,12.124355652982139,1.034298932677031e-06,1.9005242887940438e-05,12.12
0,0,5,-7,10.816653826391965,6.936806896944302e-06,0.00010145080086781037,10.82
0,0,5,-6,9.643650760992953,2.9366393208013404e-05,0.0003413843210431557,9.64
0,0,5,-5,8.660254037844386,6.922624407786858e-05,0.0006489960382300179,8.66
0,0,5,-4,7.937253933193771,6.491170142981121e-05,0.0005111796487597632,7.94
0,0,5,-3,7.549834435270748,3.6983794004975804e-05,0.00026350953228545246,7.55
0,0,5,-2,7.549834435270749,3.698397301991789e-05,0.0002635108077669149,7.55
0,0,5,-1,7.937253933193771,6.491239830110117e-05,0.0005111851366211717,7.94
0,0,5,0,8.660254037844386,6.922739382944632e-05,0.0006490068171510591,8.66
0,0,5,1,9.643650760992955,2.9367375277644096e-05,0.0003413957376026126,9.64
0,0,5,2,10.816653826391967,6.937367498262283e-06,0.00010145899966208587,10.82
0,0,5,3,12.124355652982139,1.0345340501227703e-06,1.9009563171005897e-05,12.12
0,0,5,4,13.527749258468681,1.379217674070678e-07,3.154960429436675e-06,13.53
0,0,5,5,14.999999999999998,1.2598877024505153e-34,3.5434341631420734e-33,15.0
0,0,5,6,16.522711641858304,1.3325332793150027e-08,4.5472698156624455e-07,16.52
0,0,5,7,18.08314132002512,6.963003863386455e-09,2.846127829159213e-07,18.08
0,0,5,8,19.672315572906,8.002148422195966e-09,3.871039299237298e-07,19.67
0,0,5,9,21.283796653792763,5.285350005169154e-09,2.9928294404270333e-07,21.28
0,0,5,10,22.9128784747792,4.172625077011304e-09,2.738285206788668e-07,22.91
0,0,5,11,24.556058315617346,2.775026952295459e-09,2.0916765652927013e-07,24.56
0,0,5,12,26.210684844162312,1.9056235724717516e-09,1.6364542428601164e-07,26.21
0,0,5,13,27.874719729532703,1.2394602075876085e-09,1.2038257266194644e-07,27.87
0,0,5,14,29.546573405388312,8.102706516431387e-10,8.84207848605575e-08,29.55
0,0,5,15,31.224989991991986,5.2186871275096e-10,6.360274936652322e-08,31.22
0,0,5,16,32.90896534380867,3.4006305240930886e-10,4.603603571991019e-08,32.91
0,0,5,17,34.59768778401238,2.2490690977850485e-10,3.365169637560877e-08,34.6
0,0,5,18,36.29049462324811,1.5448114631083402e-10,2.5431458711421045e-08,36.29
0,0,5,19,37.98683982644515,1.1233029036969391e-10,2.026157612543353e-08,37.99
0,0,5,20,39.68626966596885,8.892504739275682e-11,1.7507118705448992e-08,39.69
0,0,5,21,41.38840417314975,7.848532066092694e-11,1.680566928652098e-08,41.39
0,0,5,22,43.09292285283048,7.848872120744397e-11,1.821919441027793e-08,43.09
0,0,5,23,44.79955356920423,8.89198551255179e-11,2.2307768654614295e-08,44.8
0,0,6,-23,35.791060336346554,7.226810306420475e-11,1.1571930003155782e-08,35.79
0,0,6,-22,34.11744421846395,1.00833752591138e-10,1.4671311002010571e-08,34.12
0,0,6,-21,32.4499614791759,1.4412249558339367e-10,1.8970123481164183e-08,32.45
0,0,6,-20,30.7896086366813,2.051520280273893e-10,2.431051532124563e-08,30.79
0,0,6,-19,29.137604568666926,2.9440733129193593e-10,3.124397803335669e-08,29.14
0,0,6,-18,27.495454169735037,4.010658843201734e-10,3.790072606825638e-08,27.5
0,0,6,-17,25.86503431275512,5.658424680958043e-10,4.7318576394511616e-08,25.87
0,0,6,-16,24.248711305964278,6.644583834149344e-10,4.883769118099766e-08,24.25
0,0,6,-15,22.649503305812242,9.77845504761975e-10,6.270434299286161e-08,22.65
0,0,6,-14,21.071307505705473,7.185045187071713e-10,3.9877000788247994e-08,21.07
0,0,6,-13,19.519221295943133,1.648383248021676e-09,7.850425218703231e-08,19.52
0,0,6,-12,17.999999999999996,1.790426548534916e-14,7.251227521566407e-13,18.0
0,0,6,-11,16.5227116418583,1.3290830939548741e-08,4.535496058121005e-07,16.52
0,0,6,-10,15.099668870541498,7.948664988941417e-08,2.2653695218483033e-06,15.1
0,0,6,-9,13.747727084867519,6.962126991598012e-07,1.64480250176503e-05,13.75
0,0,6,-8,12.489995996796795,3.528181881595155e-06,6.879954669110551e-05,12.49
0,0,6,-7,11.357816691600545,1.2644943435382237e-05,0.00020389971289553853,11.36
0,0,6,-6,10.392304845413262,2.466541457063501e-05,0.0003329830967035726,10.39
0,0,6,-5,9.643650760992955,2.936639320801334e-05,0.0003413843210431551,9.64
0,0,6,-4,9.16515138991168,1.4420569198072059e-05,0.0001514159765797566,9.17
0,0,6,-3,9.0,4.251320717750881e-15,4.3044622267227666e-14,9.0
0,0,6,-2,9.165151389911681,1.4421576241207084e-05,0.00015142655053267443,9.17
0,0,6,-1,9.643650760992955,2.9367895637624305e-05,0.00034140178678738255,9.64
0,0,6,0,10.392304845413264,2.4666874633663767e-05,0.00033300280755446085,10.39
0,0,6,1,11.357816691600547,1.2646049526214878e-05,0.0002039175486102149,11.36
0,0,6,2,12.489995996796797,3.5287897503539004e-06,6.881140013190106e-05,12.49
0,0,6,3,13.74772708486752,6.964858750888606e-07,1.645447879897433e-05,13.75
0,0,6,4,15.099668870541498,7.95767408582777e-08,2.267937114460914e-06,15.1
0,0,6,5,16.522711641858304,1.332533279315023e-08,4.5472698156625153e-07,16.52
0,0,6,6,18.0,5.029687269356931e-35,2.037023344089557e-33,18.0
0,0,6,7,19.519221295943133,1.657663894790063e-09,7.894624298937673e-08,19.52
0,0,6,8,21.071307505705477,7.135469986825111e-10,3.960185842687936e-08,21.07
0,0,6,9,22.64950330581225,9.82320194473905e-10,6.299128247063916e-08,22.65
0,0,6,10,24.24871130596428,6.617600881869249e-10,4.8639366481738984e-08,24.25
0,0,6,11,25.86503431275512,5.675811623635393e-10,4.746397470265095e-08,25.87
0,0,6,12,27.495454169735037,4.000955674638341e-10,3.780903112533232e-08,27.5
0,0,6,13,29.13760456866693,2.9493488778184995e-10,3.1299964965848824e-08,29.14
0,0,6,14,30.7896086366813,2.048845511415134e-10,2.4278819310269334e-08,30.79
0,0,6,15,32.4499614791759,1.4425388613710547e-10,1.89874177627965e-08,32.45
0,0,6,16,34.11744421846396,1.0077142331640396e-10,1.4662242092536773e-08,34.12
0,0,6,17,35.791060336346554,7.229721014511499e-11,1.1576590774486532e-08,35.79
0,0,6,18,37.469987990390386,5.369950833348982e-11,9.424263712527462e-09,37.47
0,0,6,19,39.153543900903784,4.246272656568821e-11,8.136919978150004e-09,39.15
0,0,6,20,40.84115571332427,3.6424871426399666e-11,7.594585692404328e-09,40.84
0,0,6,21,42.532340636273474,3.4546753132193794e-11,7.811884552017321e-09,42.53
0,0,6,22,44.226688774991956,3.6427182753201804e-11,8.906446183157839e-09,44.23
0,0,6,23,45.92385001282013,4.245671052913524e-11,1.1192650313243275e-08,45.92
0,0,7,-23,35.36947836765478,2.7652125231976533e-11,4.324101083150328e-09,35.37
0,0,7,-22,33.719430600174725,3.6135609851531326e-11,5.135773550148888e-09,33.72
0,0,7,-21,32.078029864690876,4.8196492654521016e-11,6.1992738676877646e-09,32.08
0,0,7,-20,30.446674695276656,6.152898272711621e-11,7.1296708735045895e-09,30.45
0,0,7,-19,28.827070610799144,8.232662236283333e-11,8.551677897939309e-09,28.83
0,0,7,-18,27.221315177632395,9.135037136846913e-11,8.46132814800445e-09,27.22
0,0,7,-17,25.63201123595259,1.3300395226654136e-10,1.0922949579889706e-08,25.63
0,0,7,-16,24.062418831031927,8.817809478992409e-11,6.381889610420754e-09,24.06
0,0,7,-15,22.5166604983954,2.406884327167348e-10,1.525362942342306e-08,22.52
0,0,7,-14,20.999999999999996,2.1709025656951774e-14,1.196710039339466e-12,21.0
0,0,7,-13,19.519221295943133,1.6435618253255634e-09,7.827463193112994e-08,19.52
0,0,7,-12,18.08314132002512,6.930674947266128e-09,2.8329133846950287e-07,18.08
0,0,7,-11,16.703293088490064,7.197481563967633e-08,2.5101216954337113e-06,16.7
0,0,7,-10,15.39480431834065,4.00212508163938e-07,1.185629555435666e-05,15.39
0,0,7,-9,14.177446878757824,1.8705368256024028e-06,4.699723774326036e-05,14.18
0,0,7,-8,13.07669683062202,5.4355311312706705e-06,0.00011618447793091056,13.08
0,0,7,-7,12.124355652982139,1.0918229472439343e-05,0.00020062246655607285,12.12
0,0,7,-6,11.357816691600545,1.2644943435382283e-05,0.00020389971289553927,11.36
0,0,7,-5,10.816653826391969,6.936806896944286e-06,0.00010145080086781019,10.82
0,0,7,-4,10.535653752852738,1.92804389807656e-06,2.675160908581227e-05,10.54
0,0,7,-3,10.535653752852738,1.9281069426650502e-06,2.6752483829477568e-05,10.54
0,0,7,-2,10.816653826391969,6.937160928361987e-06,0.00010145597857729408,10.82
0,0,7,-1,11.357816691600545,1.2645718266628334e-05,0.00020391220704938184,11.36
0,0,7,0,12.12435565298214,1.0919193372697447e-05,0.00020064017822331558,12.12
0,0,7,1,13.076696830622021,5.4363506113744985e-06,0.0001162019943181299,13.08
0,0,7,2,14.177446878757824,1.8710744652983093e-06,4.701074594062001e-05,14.18
0,0,7,3,15.394804318340652,4.004740772344194e-07,1.1864044538069674e-05,15.39
0,0,7,4,16.703293088490064,7.208518717196576e-08,2.5139709026223055e-06,16.7
0,0,7,5,18.083141320025124,6.963003863385335e-09,2.846127829158756e-07,18.08
0,0,7,6,19.519221295943133,1.6576638947906759e-09,7.894624298940593e-08,19.52
0,0,7,7,21.0,4.093985602947178e-35,2.256809563624632e-33,21.0
0,0,7,8,22.516660498395403,2.443833334617306e-10,1.5487793758137173e-08,22.52
0,0,7,9,24.062418831031927,8.64854792571799e-11,6.259386561238394e-09,24.06
0,0,7,10,25.632011235952593,1.3452067792438032e-10,1.1047510674539733e-08,25.63
0,0,7,11,27.2213151776324,9.049077923938548e-11,8.38170842704808e-09,27.22
0,0,7,12,28.827070610799144,8.28624565547534e-11,8.607337674625006e-09,28.83
0,0,7,13,30.446674695276656,6.124055978907852e-11,7.096249865559472e-09,30.45
0,0,7,14,32.078029864690876,4.834967902602009e-11,6.218977464721833e-09,32.08
0,0,7,15,33.719430600174725,3.605905041269436e-11,5.124892539904184e-09,33.72
0,0,7,16,35.369478367654786,2.768977656226273e-11,4.329988809923833e-09,35.37
0,0,7,17,37.027017163147235,2.1407068119994123e-11,3.668636299063993e-09,37.03
0,0,7,18,38.691084244306204,1.732888479314261e-11,3.2426675669168105e-09,38.69
0,0,7,19,40.36087214122112,1.4797705072222742e-11,3.0131826953313547e-09,40.36
0,0,7,20,42.035699113967404,1.3627222731893233e-11,3.0099128209069177e-09,42.04
0,0,7,21,43.71498598878878,1.3624002661986365e-11,3.254433635881992e-09,43.71
0,0,7,22,45.39823785126466,1.480254178577017e-11,3.8135048275590396e-09,45.4
0,0,7,23,47.0850294679742,1.731984440286506e-11,4.799761880143978e-09,47.09
0,0,8,-23,35.02855977627398,8.72788780292385e-12,1.3386397917734448e-09,35.03
0,0,8,-22,33.40658617698013,1.0404338078354513e-11,1.4514051619304543e-09,33.41
0,0,8,-21,31.79622619116929,1.3177456043810424e-11,1.6653010075365422e-09,31.8
0,0,8,-20,30.199337741082996,1.3997598707227775e-11,1.5957262526239659e-09,30.2
0,0,8,-19,28.618176042508367,2.0115755885433156e-11,2.059350508771219e-09,28.62
0,0,8,-18,27.055498516937362,1.2752890464087735e-11,1.1668894774640275e-09,27.06
0,0,8,-17,25.514701644346143,3.872639801143175e-11,3.1513606381802578e-09,25.51
0,0,8,-16,23.999999999999996,2.2706778387186748e-14,1.6348880438774452e-12,24.0
0,0,8,-15,22.5166604983954,2.384968664344363e-10,1.5114738910282392e-08,22.52
0,0,8,-14,21.071307505705473,7.015377339576969e-10,3.893534423465216e-08,21.07
0,0,8,-13,19.672315572905998,7.956518204162636e-09,3.8489656812636737e-07,19.67
0,0,8,-12,18.330302779823356,4.499160670843299e-08,1.8896474817541846e-06,18.33
0,0,8,-11,17.058722109231976,2.4854963483883815e-07,9.040992967262732e-06,17.06
0,0,8,-10,15.874507866387543,9.225875418491086e-07,2.906150756824692e-05,15.87
0,0,8,-9,14.79864858694874,2.5714365307298796e-06,7.039307502873044e-05,14.8
0,0,8,-8,13.856406460551018,4.742333545685648e-06,0.00011381600509645553,13.86
0,0,8,-7,13.07669683062202,5.435531131270662e-06,0.00011618447793091038,13.08
0,0,8,-6,12.489995996796795,3.5281818815951255e-06,6.879954669110493e-05,12.49
0,0,8,-5,12.12435565298214,1.034298932677038e-06,1.9005242887940573e-05,12.12
0,0,8,-4,12.0,8.012072706557497e-15,1.4421730871803495e-13,12.0
0,0,8,-3,12.124355652982139,1.034673129820688e-06,1.9012118760455134e-05,12.12
0,0,8,-2,12.489995996796797,3.5289252904643077e-06,6.8814043164054e-05,12.49
0,0,8,-1,13.07669683062202,5.4365490111453165e-06,0.00011620623511323112,13.08
0,0,8,0,13.856406460551018,4.74338484861555e-06,0.00011384123636677318,13.86
0,0,8,1,14.798648586948742,2.57227874703813e-06,7.041613070016881e-05,14.8
0,0,8,2,15.874507866387543,9.231205586087662e-07,2.907829759617613e-05,15.87
0,0,8,3,17.05872210923198,2.4883111476587137e-07,9.051231799608569e-06,17.06
0,0,8,4,18.33030277982336,4.510830047606641e-08,1.8945486199947893e-06,18.33
0,0,8,5,19.672315572906,8.002148422195296e-09,3.871039299236974e-07,19.67
0,0,8,6,21.071307505705477,7.135469986824416e-10,3.96018584268755e-08,21.07
0,0,8,7,22.516660498395403,2.4438333346186097e-10,1.548779375814544e-08,22.52
0,0,8,8,24.0,4.032742347269339e-34,2.903574490033924e-32,24.0
0,0,8,9,25.514701644346147,4.0152716822156895e-11,3.2674273314030175e-09,25.51
0,0,8,10,27.055498516937362,1.218034719678715e-11,1.114501768506024e-09,27.06
0,0,8,11,28.618176042508367,2.0611300112291963e-11,2.1100818489958896e-09,28.62
0,0,8,12,30.199337741082996,1.3734342678743628e-11,1.5657150653767732e-09,30.2
0,0,8,13,31.79622619116929,1.3335608860275878e-11,1.685287569717364e-09,31.8
0,0,8,14,33.40658617698013,1.032191974652773e-11,1.439907804640618e-09,33.41
0,0,8,15,35.02855977627399,8.770956398373041e-12,1.345245437600465e-09,35.03
0,0,8,16,36.66060555964672,7.099905991586009e-12,1.1927842065864496e-09,36.66
0,0,8,17,38.30143600441111,6.025601303897202e-12,1.1049446391021491e-09,38.3
0,0,8,18,39.949968710876355,5.219463176893776e-12,1.0412829037903083e-09,39.95
0,0,8,19,41.60528812542943,4.783129897290739e-12,1.0349497315262831e-09,41.61
0,0,8,20,43.26661530556787,4.629827725736164e-12,1.0833796878222623e-09,43.27
0,0,8,21,44.93328387732194,4.781180003276279e-12,1.2066503033268508e-09,44.93
0,0,8,22,46.60472079092417,5.2243861682605794e-12,1.418420844682747e-09,46.6
0,0,8,23,48.28043081829324,6.015096987234731e-12,1.7526488846555192e-09,48.28
0,0,9,-23,34.77067730142741,2.3746644400099576e-12,3.588711634965047e-10,34.77
0,0,9,-22,33.18132004607411,2.4311274202976815e-12,3.3458391121846836e-10,33.18
0,0,9,-21,31.60696125855821,3.377736321325415e-12,4.2179482312551106e-10,31.61
0,0,9,-20,30.049958402633436,2.148327302393544e-12,2.4249244425767126e-10,30.05
0,0,9,-19,28.5131548587665,6.604581701616212e-12,6.711906154267473e-10,28.51
0,0,9,-18,26.999999999999996,2.023935023824511e-14,1.844310790460085e-12,27.0
0,0,9,-17,25.514701644346143,3.776735575737191e-11,3.073318574756138e-09,25.51
0,0,9,-16,24.062418831031927,8.203043110568515e-11,5.936952451273962e-09,24.06
0,0,9,-15,22.649503305812242,9.64132835194425e-10,6.182501805684246e-08,22.65
0,0,9,-14,21.28379665379276,5.237271476904391e-09,2.96560497379711e-07,21.28
0,0,9,-13,19.974984355438178,3.193586371831017e-08,1.5928012029507197e-06,19.97
0,0,9,-12,18.734993995195193,1.3863746537814242e-07,6.082718793465998e-06,18.73
0,0,9,-11,17.578395831246944,4.850560908351532e-07,1.873529150850779e-05,17.58
0,0,9,-10,16.522711641858304,1.2217440610117847e-06,4.169201608202714e-05,16.52
0,0,9,-9,15.588457268119894,2.174638569191876e-06,6.605464653920323e-05,15.59
0,0,9,-8,14.79864858694874,2.5714365307298686e-06,7.039307502873014e-05,14.8
0,0,9,-7,14.177446878757824,1.8705368256024077e-06,4.699723774326048e-05,14.18
0,0,9,-6,13.747727084867519,6.962126991598064e-07,1.6448025017650426e-05,13.75
0,0,9,-5,13.527749258468681,1.3783430989036617e-07,3.1529598387421253e-06,13.53
0,0,9,-4,13.527749258468681,1.3785912133335911e-07,3.1535274005005887e-06,13.53
0,0,9,-3,13.747727084867519,6.963792848130646e-07,1.645196060370865e-05,13.75
0,0,9,-2,14.177446878757824,1.8709871690539089e-06,4.700855262247945e-05,14.18
0,0,9,-1,14.79864858694874,2.5721607854717678e-06,7.041290150228962e-05,14.8
0,0,9,0,15.588457268119894,2.1754652467839863e-06,6.607975687106357e-05,15.59
0,0,9,1,16.522711641858304,1.222460625885225e-06,4.1716468858333294e-05,16.52
0,0,9,2,17.578395831246944,4.855483095658384e-07,1.8754303456980505e-05,17.58
0,0,9,3,18.734993995195193,1.3890917705179233e-07,6.094640143147388e-06,18.73
0,0,9,4,19.974984355438178,3.2063594270163334e-08,1.5991717642243961e-06,19.97
0,0,9,5,21.283796653792763,5.285350005168902e-09,2.9928294404268903e-07,21.28
0,0,9,6,22.649503305812246,9.823201944740274e-10,6.299128247064699e-08,22.65
0,0,9,7,24.06241883103193,8.648547925734925e-11,6.259386561250652e-09,24.06
0,0,9,8,25.514701644346147,4.0152716822195766e-11,3.2674273314061806e-09,25.51
0,0,9,9,26.999999999999996,1.2588768997561362e-34,1.1471515749027788e-32,27.0
0,0,9,10,28.513154858766505,7.1294488029216324e-12,7.245302345969108e-10,28.51
0,0,9,11,30.049958402633436,1.9569770279647913e-12,2.208937820315258e-10,30.05
0,0,9,12,31.60696125855821,3.535070787872252e-12,4.414419646355473e-10,31.61
0,0,9,13,33.18132004607411,2.351999105049185e-12,3.2369387683239406e-10,33.18
0,0,9,14,34.77067730142742,2.420671551936802e-12,3.6582398828644917e-10,34.77
0,0,9,15,36.37306695894642,1.97528947713631e-12,3.2666349728141717e-10,36.37
0,0,9,16,37.98683982644515,1.8133748108053355e-12,3.270874814990122e-10,37.99
0,0,9,17,39.61060464067671,1.5998012298660943e-12,3.1376101620748763e-10,39.61
0,0,9,18,41.243181254602554,1.4934914945915113e-12,3.1755362903752e-10,41.24
0,0,9,19,42.88356328478313,1.426275584545104e-12,3.278650999973057e-10,42.88
0,0,9,20,44.53088815642464,1.4286673619924006e-12,3.541309223538663e-10,44.53
0,0,9,21,46.184412955021955,1.4899498877409047e-12,3.9725788881891873e-10,46.18
0,0,9,22,47.84349485562274,1.606178716682885e-12,4.595678853108903e-10,47.84
0,0,9,23,49.50757517794625,1.8010273539623445e-12,5.517897555702132e-10,49.51
0,0,10,-23,34.59768778401238,6.297248711862236e-13,9.422258385123864e-11,34.6
0,0,10,-22,33.0454232837166,4.169284100002024e-13,5.691072796502759e-11,33.05
0,0,10,-21,31.511902513177457,1.1776586194136645e-12,1.4617687613472106e-10,31.51
0,0,10,-20,29.999999999999996,1.5174005370187847e-14,1.7070756041461323e-12,30.0
0,0,10,-19,28.5131548587665,6.2123379640957685e-12,6.313288456012323e-10,28.51
0,0,10,-18,27.055498516937362,1.0550144703820689e-11,9.653382403995927e-10,27.06
0,0,10,-17,25.63201123595259,1.2740270394358944e-10,1.046294706136728e-08,25.63
0,0,10,-16,24.248711305964278,6.424738798838642e-10,4.7221830171464e-08,24.25
0,0,10,-15,22.912878474779195,4.116800873986938e-09,2.701650573553927e-07,22.91
0,0,10,-14,21.63330765278393,1.9599840222372263e-08,1.1465906530087768e-06,21.63
0,0,10,-13,20.420577856662135,8.026629373825305e-08,4.183880561106439e-06,20.42
0,0,10,-12,19.287301521985906,2.506881430034041e-07,1.1656998649658285e-05,19.29
0,0,10,-11,18.248287590894655,5.963646320956963e-07,2.482367781098335e-05,18.25
0,0,10,-10,17.32050807568877,1.025094446887373e-06,3.8441041758276484e-05,17.32
0,0,10,-9,16.5227116418583,1.2217440610117858e-06,4.169201608202716e-05,16.52
0,0,10,-8,15.874507866387543,9.225875418491309e-07,2.906150756824762e-05,15.87
0,0,10,-7,15.39480431834065,4.002125081639369e-07,1.1856295554356626e-05,15.39
0,0,10,-6,15.099668870541496,7.948664988941732e-08,2.2653695218483927e-06,15.1
0,0,10,-5,14.999999999999998,1.2845138091053669e-14,3.6126950881088433e-13,15.0
0,0,10,-4,15.099668870541498,7.961983460681708e-08,2.2691652862942862e-06,15.1
0,0,10,-3,15.39480431834065,4.005455897074393e-07,1.1866163095082886e-05,15.39
0,0,10,-2,15.874507866387543,9.231725296755779e-07,2.9079934684780702e-05,15.87
0,0,10,-1,16.522711641858304,1.2225273479799836e-06,4.171874574981693e-05,16.52
0,0,10,0,17.32050807568877,1.0259152294038216e-06,3.84718211026433e-05,17.32
0,0,10,1,18.248287590894655,5.970586881905079e-07,2.4852567895929882e-05,18.25
0,0,10,2,19.28730152198591,2.511674496673855e-07,1.1679286409533427e-05,19.29
0,0,10,3,20.420577856662135,8.054236193121998e-08,4.19827061566484e-06,20.42
0,0,10,4,21.633307652783934,1.973208502416239e-08,1.1543269739134996e-06,21.63
0,0,10,5,22.9128784747792,4.172625077010986e-09,2.7382852067884586e-07,22.91
0,0,10,6,24.248711305964278,6.617600881870126e-10,4.863936648174541e-08,24.25
0,0,10,7,25.632011235952593,1.345206779244866e-10,1.1047510674548463e-08,25.63
0,0,10,8,27.055498516937362,1.2180347196784442e-11,1.114501768505776e-09,27.06
0,0,10,9,28.5131548587665,7.129448802965678e-12,7.245302346013868e-10,28.51
0,0,10,10,29.999999999999996,7.38312491756572e-35,8.306015532261433e-33,30.0
0,0,10,11,31.511902513177457,1.3595718285032154e-12,1.6875685321296158e-10,31.51
0,0,10,12,33.04542328371661,3.5447774802937273e-13,4.838621260600937e-11,33.05
0,0,10,13,34.597687784012386,6.78071491089432e-13,1.0145644685425627e-10,34.6
0,0,10,14,36.16628264005024,4.575749659092183e-13,7.481350692615717e-11,36.17
0,0,10,15,37.749172176353746,4.981139953558199e-13,8.87265554227554e-11,37.75
0,0,10,16,39.344631145812,4.294440103167944e-13,8.30974159962997e-11,39.34
0,0,10,17,40.951190458886536,4.2182240450383706e-13,8.842452154411683e-11,40.95
0,0,10,18,42.567593307585526,3.9868685410456617e-13,9.030257245468424e-11,42.57
0,0,10,19,44.1927595879687,3.9764760608043465e-13,9.707572183438609e-11,44.19
0,0,10,20,45.8257569495584,3.999959850262649e-13,1.0499894606939452e-10,45.83
0,0,10,21,47.46577714522327,4.1856951894892404e-13,1.1787964077399074e-10,47.47
0,0,10,22,49.11211663123469,4.360245794320829e-13,1.3146141069877295e-10,49.11
0,0,10,23,50.764160585988215,4.849329334472003e-13,1.5620902118667938e-10,50.76
0,0,11,-23,34.510867853474785,2.190276774453538e-13,3.260774547967703e-11,34.51
0,0,11,-22,32.99999999999999,9.47057146937062e-15,1.289181541268075e-12,33.0
0,0,11,-21,31.511902513177457,1.0304311773653437e-12,1.2790226989047327e-10,31.51
0,0,11,-20,30.049958402633436,1.3872506244744704e-12,1.5658591423755583e-10,30.05
0,0,11,-19,28.618176042508367,1.7931463413718598e-11,1.8357335669794412e-09,28.62
0,0,11,-18,27.221315177632395,8.308757912157275e-11,7.695987016135674e-09,27.22
0,0,11,-17,25.86503431275512,5.445961805302811e-10,4.554185559684474e-08,25.87
0,0,11,-16,24.55605831561735,2.7159380478122585e-09,2.0471383035384897e-07,24.56
0,0,11,-15,23.30236039546208,1.2387631093379506e-08,8.408104604631335e-07,23.3
0,0,11,-14,22.113344387495978,4.50669094252982e-08,2.7547148386213515e-06,22.11
0,0,11,-13,20.999999999999996,1.3204056532311072e-07,7.2787361634364755e-06,21.0
0,0,11,-12,19.974984355438178,2.963861476810122e-07,1.478225911559048e-05,19.97
0,0,11,-11,19.052558883257646,4.984120656926014e-07,2.2615447480801778e-05,19.05
0,0,11,-10,18.24828759089466,5.963646320956961e-07,2.482367781098335e-05,18.25
0,0,11,-9,17.578395831246944,4.850560908351506e-07,1.873529150850769e-05,17.58
0,0,11,-8,17.05872210923198,2.485496348388374e-07,9.04099296726271e-06,17.06
0,0,11,-7,16.703293088490064,7.197481563967688e-08,2.5101216954337308e-06,16.7
0,0,11,-6,16.522711641858304,1.3290830939549853e-08,4.5354960581213866e-07,16.52
0,0,11,-5,16.522711641858304,1.3301477841918173e-08,4.5391293135545755e-07,16.52
0,0,11,-4,16.703293088490064,7.204964718575957e-08,2.5127314456033646e-06,16.7
0,0,11,-3,17.05872210923198,2.4878377362002903e-07,9.049509765428555e-06,17.06
0,0,11,-2,17.578395831246944,4.855177675548401e-07,1.8753123771805693e-05,17.58
0,0,11,-1,18.24828759089466,5.970222961402077e-07,2.4851053076836146e-05,18.25
0,0,11,0,19.05255888325765,4.991345153000653e-07,2.2648228631740463e-05,19.05
0,0,11,1,19.974984355438178,2.970186340605048e-07,1.4813804373767675e-05,19.97
0,0,11,2,21.0,1.3249494471501644e-07,7.303783827415281e-06,21.0
0,0,11,3,22.11334438749598,4.5337954027072434e-08,2.7712824399048027e-06,22.11
0,0,11,4,23.302360395462085,1.2525202335555822e-08,8.501481085258512e-07,23.3
0,0,11,5,24.55605831561735,2.775026952295231e-09,2.0916765652925303e-07,24.56
0,0,11,6,25.865034312755125,5.675811623636586e-10,4.746397470266095e-08,25.87
0,0,11,7,27.2213151776324,9.04907792394637e-11,8.381708427055326e-09,27.22
0,0,11,8,28.61817604250837,2.0611300112235747e-11,2.1100818489901345e-09,28.62
0,0,11,9,30.04995840263344,1.9569770279588678e-12,2.2089378203085722e-10,30.05
0,0,11,10,31.511902513177457,1.3595718284826205e-12,1.6875685321040523e-10,31.51
0,0,11,11,33.0,1.9367085745318596e-38,2.636344547081494e-36,33.0
0,0,11,12,34.51086785347479,2.783126175169529e-13,4.1433790932836356e-11,34.51
0,0,11,13,36.0416425818802,7.162533620591975e-14,1.1630163966436217e-11,36.04
0,0,11,14,37.589892258425,1.4349661269744225e-13,2.5345089217685736e-11,37.59
0,0,11,15,39.15354390090378,9.933836298063921e-14,1.903571380616498e-11,39.15
0,0,11,16,40.7308237088326,1.1294880850263843e-13,2.3422759163234644e-11,40.73
0,0,11,17,42.32020793899765,1.0176842851588488e-13,2.278340693399372e-11,42.32
0,0,11,18,43.92038251199549,1.041159514901472e-13,2.5104958803061737e-11,43.92
0,0,11,19,45.53020975132884,1.0263417194368048e-13,2.6595079804906203e-11,45.53
0,0,11,20,47.148700936505136,1.0392138569672013e-13,2.8877155050476112e-11,47.15
0,0,11,21,48.77499359302879,1.0903943353515838e-13,3.2425601547517715e-11,48.77
0,0,11,22,50.40833264451424,1.0622945362652427e-13,3.374113020812477e-11,50.41
0,0,11,23,52.04805471869241,1.2903895218824166e-13,4.369581518474332e-11,52.05
0,0,12,-23,34.510867853474785,1.6891869506228062e-13,2.5147770727397014e-11,34.51
0,0,12,-22,33.0454232837166,1.6917754450003288e-13,2.3092734824254473e-11,33.05
0,0,12,-21,31.60696125855821,2.5787797784205416e-12,3.2202512483026504e-10,31.61
0,0,12,-20,30.199337741082996,1.1030534843381547e-11,1.257480972145496e-09,30.2
0,0,12,-19,28.827070610799144,7.388197034609134e-11,7.674489669700236e-09,28.83
0,0,12,-18,27.495454169735037,3.753129718706886e-10,3.546707584178007e-08,27.5
0,0,12,-17,26.21068484416231,1.8419811762765813e-09,1.5818013351275135e-07,26.21
0,0,12,-16,24.97999199359359,7.462640223811934e-09,5.820859374573308e-07,24.98
0,0,12,-15,23.811761799581312,2.547378759184363e-08,1.805454695571917e-06,23.81
0,0,12,-14,22.71563338320109,6.957110567265075e-08,4.487336315885972e-06,22.72
0,0,12,-13,21.702534414210703,1.4994306445693965e-07,8.82789791990232e-06,21.7
0,0,12,-12,20.784609690826525,2.455141467244901e-07,1.3257763923122462e-05,20.78
0,0,12,-11,19.974984355438178,2.963861476810171e-07,1.4782259115590726e-05,19.97
0,0,12,-10,19.28730152198591,2.506881430034044e-07,1.1656998649658304e-05,19.29
0,0,12,-9,18.734993995195193,1.3863746537814165e-07,6.082718793465964e-06,18.73
0,0,12,-8,18.33030277982336,4.499160670843386e-08,1.8896474817542223e-06,18.33
0,0,12,-7,18.083141320025124,6.930674947267042e-09,2.8329133846954035e-07,18.08
0,0,12,-6,18.0,1.790426548518718e-14,7.251227521500808e-13,18.0
0,0,12,-5,18.083141320025124,6.977947198266129e-09,2.8522359172912804e-07,18.08
0,0,12,-4,18.330302779823363,4.5131576126354036e-08,1.8955261973068702e-06,18.33
0,0,12,-3,18.734993995195193,1.3893742559309393e-07,6.095879547896995e-06,18.73
0,0,12,-2,19.28730152198591,2.5118444615195394e-07,1.1680076746065859e-05,19.29
0,0,12,-1,19.97498435543818,2.9703772591676904e-07,1.481475658009886e-05,19.97
0,0,12,0,20.784609690826528,2.4620628024403457e-07,1.3295139133177866e-05,20.78
0,0,12,1,21.702534414210707,1.505481945842713e-07,8.863524956148975e-06,21.7
0,0,12,2,22.715633383201094,7.001094213169911e-08,4.515705767494593e-06,22.72
0,0,12,3,23.811761799581316,2.5743771348488987e-08,1.8245897943241569e-06,23.81
0,0,12,4,24.979991993593593,7.603235882476411e-09,5.930523988331601e-07,24.98
0,0,12,5,26.210684844162316,1.9056235724721867e-09,1.6364542428604907e-07,26.21
0,0,12,6,27.49545416973504,4.00095567464148e-10,3.7809031125361986e-08,27.5
0,0,12,7,28.827070610799147,8.28624565548636e-11,8.607337674636454e-09,28.83
0,0,12,8,30.199337741082996,1.3734342678800275e-11,1.565715065383231e-09,30.2
0,0,12,9,31.606961258558215,3.535070787862443e-12,4.414419646343225e-10,31.61
0,0,12,10,33.04542328371661,3.544777480483371e-13,4.8386212608598004e-11,33.05
0,0,12,11,34.51086785347479,2.7831261751533777e-13,4.1433790932595905e-11,34.51
0,0,12,12,36.0,2.1503791622594518e-35,3.483614242860312e-33,36.0
0,0,12,13,37.5099986670221,6.060332213066587e-14,1.065860927973086e-11,37.51
0,0,12,14,39.038442591886266,1.5746105098027387e-14,2.999633021174217e-12,39.04
0,0,12,15,40.58324777540604,3.2491477225452794e-14,6.6891828737900925e-12,40.58
0,0,12,16,42.14261501141095,2.3021491597259206e-14,5.110771134591543e-12,42.14
0,0,12,17,43.71498598878878,2.689384527189615e-14,6.4242672893241914e-12,43.71
0,0,12,18,45.2990066116245,2.464466263590394e-14,6.321355966109361e-12,45.3
0,0,12,19,46.89349635077341,2.6108476851290848e-14,7.176567574498569e-12,46.89
0,0,12,20,48.49742261192856,2.4834399206108604e-14,7.30131336659593e-12,48.5
0,0,12,21,50.1098792654702,2.840097585322315e-14,8.914356295930416e-12,50.11
0,0,12,22,51.73006862551024,2.178275958307568e-14,7.286333080538811e-12,51.73
0,0,12,23,53.35728628781639,4.246002936809075e-14,1.511046295136929e-11,53.36
0,0,13,-23,34.59768778401238,3.5995861744166076e-13,5.385880813470846e-11,34.6
0,0,13,-22,33.18132004607411,1.4269351893405421e-12,1.9638195543299206e-10,33.18
0,0,13,-21,31.79622619116929,1.0039092772885212e-11,1.2686903491733684e-09,31.8
0,0,13,-20,30.446674695276656,5.154086566929252e-11,5.9722978094292695e-09,30.45
0,0,13,-19,29.137604568666926,2.677267728123737e-10,2.8412503764713152e-08,29.14
0,0,13,-18,27.874719729532703,1.1730193088894662e-09,1.1392950037588937e-07,27.87
0,0,13,-17,26.664583251946762,4.49346497509204e-09,3.9935669966130497e-07,26.66
0,0,13,-16,25.514701644346147,1.4243316154431866e-08,1.1590498520668932e-06,25.51
0,0,13,-15,24.433583445741228,3.705723642322713e-08,2.7653962680833233e-06,24.43
0,0,13,-14,23.43074902771996,7.666239733476133e-08,5.2609570170979945e-06,23.43
0,0,13,-13,22.516660498395403,1.2354683673417007e-07,7.829780778028027e-06,22.52
0,0,13,-12,21.702534414210703,1.4994306445694016e-07,8.827897919902349e-06,21.7
0,0,13,-11,20.999999999999996,1.3204056532311154e-07,7.27873616343652e-06,21.0
0,0,13,-10,20.420577856662135,8.026629373825519e-08,4.183880561106551e-06,20.42
0,0,13,-9,19.974984355438178,3.1935863718309894e-08,1.5928012029507057e-06,19.97
0,0,13,-8,19.672315572906,7.956518204162391e-09,3.848965681263556e-07,19.67
0,0,13,-7,19.519221295943133,1.6435618253253347e-09,7.827463193111905e-08,19.52
0,0,13,-6,19.519221295943133,1.6483832480212293e-09,7.850425218701103e-08,19.52
0,0,13,-5,19.672315572905998,7.988988448203326e-09,3.8646731618183574e-07,19.67
0,0,13,-4,19.974984355438178,3.2048111322617495e-08,1.5983995522155473e-06,19.97
0,0,13,-3,20.420577856662135,8.052601438698756e-08,4.197418499921725e-06,20.42
0,0,13,-2,20.999999999999996,1.32485829530409e-07,7.3032813528637925e-06,21.0
0,0,13,-1,21.702534414210707,1.5053854261362256e-07,8.862956696377029e-06,21.7
0,0,13,0,22.516660498395403,1.241890504925797e-07,7.870481074967237e-06,22.52
0,0,13,1,23.430749027719962,7.723268295521814e-08,5.300092867801844e-06,23.43
0,0,13,2,24.43358344574123,3.748122288516049e-08,2.7970362578051008e-06,24.43
0,0,13,3,25.514701644346147,1.4509649593687402e-08,1.1807227356863124e-06,25.51
0,0,13,4,26.664583251946766,4.6368974286011246e-09,4.1210425896692493e-07,26.66
0,0,13,5,27.874719729532707,1.2394602075876434e-09,1.2038257266194988e-07,27.87
0,0,13,6,29.13760456866693,2.9493488778179406e-10,3.1299964965842895e-08,29.14
0,0,13,7,30.446674695276656,6.124055978914057e-11,7.096249865566662e-09,30.45
0,0,13,8,31.79622619116929,1.3335608860241308e-11,1.685287569712995e-09,31.8
0,0,13,9,33.18132004607411,2.35199910504829e-12,3.2369387683227086e-10,33.18
0,0,13,10,34.597687784012386,6.780714910763523e-13,1.0145644685229921e-10,34.6
0,0,13,11,36.04164258188019,7.162533620734155e-14,1.1630163966667077e-11,36.04
0,0,13,12,37.5099986670221,6.06033221274327e-14,1.0658609279162227e-11,37.51
0,0,13,13,39.0,6.827940568303397e-35,1.2981622005486834e-32,39.0
0,0,13,14,40.50925820105818,1.3754232389193726e-14,2.821336918833362e-12,40.51
0,0,13,15,42.035699113967404,3.633097407045541e-15,8.024603897811839e-13,42.04
0,0,13,16,43.57751713900185,7.573425405230766e-15,1.797741855566653e-12,43.58
0,0,13,17,45.13313638558703,5.4983197578810595e-15,1.4000096683504645e-12,45.13
0,0,13,18,46.70117771534247,6.315537572609534e-15,1.7217734307326743e-12,46.7
0,0,13,19,48.28043081829323,6.276828979182273e-15,1.828911043809234e-12,48.28
0,0,13,20,49.86983055916673,5.476768250562078e-15,1.7025903298934857e-12,49.87
0,0,13,21,51.468436929831086,8.462046768709947e-15,2.801995236289082e-12,51.47
0,0,13,22,53.07541803886239,2.133999949917124e-15,7.51434732364567e-13,53.08
0,0,13,23,54.69003565550126,2.7001297845577977e-14,1.0095110232015464e-11,54.69
0,0,14,-23,34.77067730142741,1.2959485636656602e-12,1.958502266839728e-10,34.77
0,0,14,-22,33.40658617698013,6.797924530043053e-12,9.483104719410056e-10,33.41
0,0,14,-21,32.078029864690876,3.759200849392029e-11,4.835272092530496e-09,32.08
0,0,14,-20,30.7896086366813,1.7605773915362122e-10,2.086284208970411e-08,30.79
0,0,14,-19,29.546573405388312,7.409316560874237e-10,8.08541669705401e-08,29.55
0,0,14,-18,28.354893757515647,2.6424686187029964e-09,2.6556809617965107e-07,28.35
0,0,14,-17,27.221315177632395,7.96995897213531e-09,7.382174497940329e-07,27.22
0,0,14,-16,26.15339366124404,1.9757275053873656e-08,1.6892470171061972e-06,26.15
0,0,14,-15,25.159491250818245,3.965969370112806e-08,3.138073264101757e-06,25.16
0,0,14,-14,24.248711305964278,6.284198170521033e-08,4.618885655332958e-06,24.25
0,0,14,-13,23.430749027719962,7.66623973347609e-08,5.2609570170979665e-06,23.43
0,0,14,-12,22.71563338320109,6.957110567265067e-08,4.487336315885967e-06,22.72
0,0,14,-11,22.113344387495978,4.506690942530133e-08,2.754714838621543e-06,22.11
0,0,14,-10,21.633307652783934,1.9599840222370533e-08,1.146590653008676e-06,21.63
0,0,14,-9,21.283796653792763,5.237271476904774e-09,2.965604973797328e-07,21.28
0,0,14,-8,21.071307505705477,7.015377339578392e-10,3.893534423466007e-08,21.07
0,0,14,-7,21.0,2.1709025655320895e-14,1.1967100392495644e-12,21.0
0,0,14,-6,21.071307505705477,7.185045187074822e-10,3.987700078826526e-08,21.07
0,0,14,-5,21.283796653792763,5.293712538439568e-09,2.9975647248914056e-07,21.28
0,0,14,-4,21.633307652783937,1.9741220088175175e-08,1.154861375158248e-06,21.63
0,0,14,-3,22.11334438749598,4.534683848586153e-08,2.7718255024482865e-06,22.11
0,0,14,-2,22.71563338320109,7.0015613728399e-08,4.5160070854817345e-06,22.72
0,0,14,-1,23.430749027719962,7.723738043990802e-08,5.300415232688687e-06,23.43
0,0,14,0,24.24871130596428,6.345568786836979e-08,4.663993058325179e-06,24.25
0,0,14,1,25.159491250818245,4.020706136388965e-08,3.181383730417768e-06,25.16
0,0,14,2,26.153393661244042,2.0169077133149514e-08,1.7244560948842835e-06,26.15
0,0,14,3,27.2213151776324,8.23402428453103e-09,7.626764993546867e-07,27.22
0,0,14,4,28.354893757515647,2.7876358117689607e-09,2.8015739908278045e-07,28.35
0,0,14,5,29.546573405388315,8.102706516430535e-10,8.842078486054822e-08,29.55
0,0,14,6,30.789608636681304,2.0488455114151307e-10,2.4278819310269297e-08,30.79
0,0,14,7,32.078029864690876,4.8349679026006005e-11,6.218977464720021e-09,32.08
0,0,14,8,33.406586176980134,1.032191974654493e-11,1.439907804643018e-09,33.41
0,0,14,9,34.77067730142742,2.4206715519470888e-12,3.658239882880038e-10,34.77
0,0,14,10,36.16628264005025,4.575749659239443e-13,7.481350692856489e-11,36.17
0,0,14,11,37.589892258425,1.434966127013019e-13,2.534508921836745e-11,37.59
0,0,14,12,39.038442591886266,1.5746105098845158e-14,2.9996330213300023e-12,39.04
0,0,14,13,40.50925820105819,1.375423239021649e-14,2.8213369190431574e-12,40.51
0,0,14,14,42.0,4.69535708441056e-35,1.0353262371125285e-32,42.0
0,0,14,15,43.50861983561418,3.1895619313461976e-15,7.547300920047937e-13,43.51
0,0,14,16,45.033320996790806,8.441433375145782e-16,2.1399033605994555e-13,45.03
0,0,14,17,46.57252408878007,1.820348792822604e-15,4.935420664540286e-13,46.57
0,0,14,18,48.124837662063854,1.2036611024154967e-15,3.4845988914928626e-13,48.12
0,0,14,19,49.68903299521938,1.8253195657554518e-15,5.633392509812763e-13,49.69
0,0,14,20,51.264022471905186,7.642790230906859e-16,2.510656590852903e-13,51.26
0,0,14,21,52.848841046895245,4.224504540645409e-15,1.4748801477528281e-12,52.85
0,0,14,22,54.4426303552648,9.399994630033213e-16,3.482698010427305e-13,54.44
0,0,14,23,56.04462507680821,4.600704935353322e-14,1.8063517752430977e-11,56.04
0,0,15,-23,35.02855977627398,4.864348467296927e-12,7.460694461716658e-10,35.03
0,0,15,-22,33.719430600174725,2.4617346683666797e-11,3.498740397416142e-09,33.72
0,0,15,-21,32.4499614791759,1.1376673338578632e-10,1.4974546281904117e-08,32.45
0,0,15,-20,31.224989991991986,4.5049693743259404e-10,5.4904314249597376e-08,31.22
0,0,15,-19,30.049958402633436,1.539131211613631e-09,1.7372943551088855e-07,30.05
0,0,15,-18,28.93095228297886,4.422166845060917e-09,4.6266920616449833e-07,28.93
0,0,15,-17,27.874719729532703,1.0579823412956717e-08,1.0275653489834207e-06,27.87
0,0,15,-16,26.8886593194975,2.065822191346228e-08,1.866986805429153e-06,26.89
0,0,15,-15,25.980762113533157,3.2350024649483466e-08,2.729533329800167e-06,25.98
0,0,15,-14,25.159491250818245,3.965969370112589e-08,3.138073264101585e-06,25.16
0,0,15,-13,24.433583445741228,3.705723642322731e-08,2.7653962680833373e-06,24.43
0,0,15,-12,23.811761799581312,2.5473787591841937e-08,1.805454695571797e-06,23.81
0,0,15,-11,23.302360395462085,1.2387631093379279e-08,8.408104604631184e-07,23.3
0,0,15,-10,22.9128784747792,4.1168008739874635e-09,2.701650573554272e-07,22.91
0,0,15,-9,22.649503305812242,9.641328351943938e-10,6.182501805684046e-08,22.65
0,0,15,-8,22.5166604983954,2.38496866434513e-10,1.5114738910287256e-08,22.52
0,0,15,-7,22.516660498395403,2.4068843271674507e-10,1.5253629423423717e-08,22.52
0,0,15,-6,22.649503305812246,9.77845504761421e-10,6.270434299282611e-08,22.65
0,0,15,-5,22.912878474779195,4.1671109796125225e-09,2.734666580370717e-07,22.91
0,0,15,-4,23.302360395462085,1.2519988856599332e-08,8.497942436416795e-07,23.3
0,0,15,-3,23.811761799581312,2.5739143806624697e-08,1.824261817294525e-06,23.81
0,0,15,-2,24.433583445741228,3.747891903757548e-08,2.796864333179069e-06,24.43
0,0,15,-1,25.159491250818245,4.020485190793225e-08,3.1812089072151387e-06,25.16
0,0,15,0,25.980762113533157,3.293422398843394e-08,2.778825149024113e-06,25.98
0,0,15,1,26.8886593194975,2.11836583513738e-08,1.9144731235054064e-06,26.89
0,0,15,2,27.874719729532707,1.0980650489793533e-08,1.0664956788211968e-06,27.87
0,0,15,3,28.930952282978865,4.683380604841361e-09,4.899986957815274e-07,28.93
0,0,15,4,30.049958402633436,1.6858522882756502e-09,1.90290577039114e-07,30.05
0,0,15,5,31.22498999199199,5.218687127508329e-10,6.360274936650775e-08,31.22
0,0,15,6,32.4499614791759,1.4425388613698762e-10,1.898741776278099e-08,32.45
0,0,15,7,33.719430600174725,3.6059050412675506e-11,5.1248925399015045e-09,33.72
0,0,15,8,35.02855977627399,8.770956398321247e-12,1.3452454375925213e-09,35.03
0,0,15,9,36.37306695894642,1.9752894771309104e-12,3.2666349728052417e-10,36.37
0,0,15,10,37.749172176353746,4.981139953488274e-13,8.872655542150987e-11,37.75
0,0,15,11,39.153543900903784,9.93383629837966e-14,1.9035713806770025e-11,39.15
0,0,15,12,40.58324777540604,3.2491477226377023e-14,6.689182873980368e-12,40.58
0,0,15,13,42.0356991139674,3.633097406807192e-15,8.024603897285383e-13,42.04
0,0,15,14,43.508619835614184,3.1895619315220927e-15,7.547300920464152e-13,43.51
0,0,15,15,44.99999999999999,9.47463140442149e-35,2.3982660742441889e-32,45.0
0,0,15,16,46.508063816933934,7.34835250932215e-16,1.9868108097079757e-13,46.51
0,0,15,17,48.03123983409131,2.1865298023700085e-16,6.305405317584511e-14,48.03
0,0,15,18,49.56813492557491,3.310847490324042e-16,1.0168440354657711e-13,49.57
0,0,15,19,51.117511676528224,5.843254294147286e-16,1.908552933825857e-13,51.12
0,0,15,20,52.67826876426369,1.5918247640604107e-19,5.521642150334549e-17,52.68
0,0,15,21,54.24942396007536,4.9909217206472035e-15,1.836035327983089e-12,54.25
0,0,15,22,55.83009940883142,1.4829236503647463e-14,5.77784127273364e-12,55.83
0,0,15,23,57.41950887982237,1.4555854170731896e-13,5.998831400112882e-11,57.42
0,0,16,-23,35.36947836765478,1.5533148481068394e-11,2.4289960937270686e-09,35.37
0,0,16,-22,34.11744421846395,6.90763693438255e-11,1.0050611739526606e-08,34.12
0,0,16,-21,32.90896534380867,2.668367858709016e-10,3.6123029887273303e-08,32.91
0,0,16,-20,31.749015732775085,8.759588698562912e-10,1.1037081760189268e-07,31.75
0,0,16,-19,30.643106892089122,2.4356015846996607e-09,2.8587873600412265e-07,30.64
0,0,16,-18,29.59729717389748,5.650490715583655e-09,6.187287333564101e-07,29.6
0,0,16,-17,28.618176042508367,1.0810080344272776e-08,1.1066819752449252e-06,28.62
0,0,16,-16,27.712812921102035,1.6757820578311122e-08,1.6087507755178675e-06,27.71
0,0,16,-15,26.8886593194975,2.0658221913465324e-08,1.866986805429428e-06,26.89
0,0,16,-14,26.15339366124404,1.975727505387175e-08,1.6892470171060344e-06,26.15
0,0,16,-13,25.514701644346147,1.4243316154433734e-08,1.159049852067045e-06,25.51
0,0,16,-12,24.97999199359359,7.462640223812091e-09,5.82085937457343e-07,24.98
0,0,16,-11,24.55605831561735,2.7159380478135253e-09,2.0471383035394448e-07,24.56
0,0,16,-10,24.24871130596428,6.424738798838119e-10,4.722183017146018e-08,24.25
0,0,16,-9,24.062418831031927,8.203043110562587e-11,5.936952451269671e-09,24.06
0,0,16,-8,24.0,2.2706778387364046e-14,1.6348880438902114e-12,24.0
0,0,16,-7,24.06241883103193,8.817809478985918e-11,6.381889610416058e-09,24.06
0,0,16,-6,24.248711305964278,6.644583834150791e-10,4.8837691181008295e-08,24.25
0,0,16,-5,24.55605831561735,2.778206259993377e-09,2.094072968470008e-07,24.56
0,0,16,-4,24.979991993593593,7.606012336489593e-09,5.932689622461883e-07,24.98
0,0,16,-3,25.514701644346147,1.4511946927463324e-08,1.180909681222328e-06,25.51
0,0,16,-2,26.15339366124404,2.017016872174147e-08,1.7245494257088954e-06,26.15
0,0,16,-1,26.888659319497503,2.118466475384485e-08,1.914564077128728e-06,26.89
0,0,16,0,27.712812921102035,1.7320356797350498e-08,1.6627542525456475e-06,27.71
0,0,16,1,28.618176042508367,1.1318633381124442e-08,1.1587450923926147e-06,28.62
0,0,16,2,29.597297173897484,6.0422480516555136e-09,6.616261616562788e-07,29.6
0,0,16,3,30.643106892089122,2.6945953235429432e-09,3.1627812610085293e-07,30.64
0,0,16,4,31.749015732775085,1.0236529007700179e-09,1.2898026549702225e-07,31.75
0,0,16,5,32.90896534380867,3.4006305240948366e-10,4.603603571993385e-08,32.91
0,0,16,6,34.11744421846396,1.0077142331655996e-10,1.4662242092559471e-08,34.12
0,0,16,7,35.369478367654786,2.76897765621967e-11,4.3299888099135085e-09,35.37
0,0,16,8,36.66060555964672,7.0999059916329775e-12,1.1927842065943403e-09,36.66
0,0,16,9,37.986839826445156,1.8133748108097771e-12,3.270874814998135e-10,37.99
0,0,16,10,39.344631145812,4.2944401030970564e-13,8.309741599492802e-11,39.34
0,0,16,11,40.730823708832595,1.1294880849784342e-13,2.3422759162240273e-11,40.73
0,0,16,12,42.14261501141095,2.302149159781901e-14,5.1107711347158194e-12,42.14
0,0,16,13,43.57751713900185,7.573425405781222e-15,1.7977418556973174e-12,43.58
0,0,16,14,45.033320996790806,8.441433380628793e-16,2.1399033619893989e-13,45.03
0,0,16,15,46.50806381693394,7.348352507799633e-16,1.986810809296326e-13,46.51
0,0,16,16,48.0,6.982202304241864e-35,2.0108742636216569e-32,48.0
0,0,16,17,49.50757517794625,1.9208513417278346e-16,5.885008298218652e-14,49.51
0,0,16,18,51.02940328869229,1.1548116106332363e-17,3.758911792611185e-15,51.03
0,0,16,19,52.56424640380569,4.587748940490483e-16,1.5844937903219e-13,52.56
0,0,16,20,54.110997033874725,7.403198234523895e-16,2.7095705538357446e-13,54.11
0,0,16,21,55.66866263886712,1.2247539353286463e-14,4.744390556979344e-12,55.67
0,0,16,22,57.23635208501673,7.208141429313911e-14,2.9517339153040466e-11,57.24
0,0,16,23,58.813263810130444,5.221056247124689e-13,2.2574541948505372e-10,58.81
0,0,17,-23,35.791060336346554,3.952740723155645e-11,6.3293260829529744e-09,35.79
0,0,17,-22,34.59768778401238,1.5033347574818787e-10,2.2493646308822597e-08,34.6
0,0,17,-21,33.45145736735546,4.85159016454126e-10,6.786161742652086e-08,33.45
0,0,17,-20,32.35737937472687,1.317801064335701e-09,1.7246721429493482e-07,32.36
0,0,17,-19,31.320919526731647,2.998322236777667e-09,3.6766926428486135e-07,31.32
0,0,17,-18,30.347981810987033,5.650537128854384e-09,6.505180869593609e-07,30.35
0,0,17,-17,29.44486372867091,8.713474763559542e-09,9.44322827500765e-07,29.44
0,0,17,-16,28.618176042508367,1.0810080344271553e-08,1.1066819752448e-06,28.62
0,0,17,-15,27.874719729532703,1.0579823412955059e-08,1.0275653489832598e-06,27.87
0,0,17,-14,27.2213151776324,7.969958972134311e-09,7.382174497939406e-07,27.22
0,0,17,-13,26.664583251946766,4.493464975091849e-09,3.993566996612881e-07,26.66
0,0,17,-12,26.210684844162312,1.841981176277498e-09,1.5818013351283013e-07,26.21
0,0,17,-11,25.865034312755125,5.445961805302097e-10,4.554185559683879e-08,25.87
0,0,17,-10,25.632011235952593,1.2740270394351197e-10,1.046294706136092e-08,25.63
0,0,17,-9,25.514701644346147,3.7767355757355286e-11,3.0733185747547863e-09,25.51
0,0,17,-8,25.514701644346147,3.8726398011361616e-11,3.1513606381745515e-09,25.51
0,0,17,-7,25.632011235952593,1.3300395226662416e-10,1.0922949579896509e-08,25.63
0,0,17,-6,25.865034312755125,5.65842468095438e-10,4.7318576394481e-08,25.87
0,0,17,-5,26.210684844162312,1.903850441548134e-09,1.6349315666794597e-07,26.21
0,0,17,-4,26.664583251946766,4.635481480783798e-09,4.1197841660466007e-07,26.66
0,0,17,-3,27.2213151776324,8.232926544777027e-09,7.625748212099721e-07,27.22
0,0,17,-2,27.874719729532707,1.098015037452017e-08,1.0664471051252715e-06,27.87
0,0,17,-1,28.61817604250837,1.1318187306215441e-08,1.1586994254738058e-06,28.62
0,0,17,0,29.444863728670914,9.257015767626591e-09,1.0032290838165318e-06,29.44
0,0,17,1,30.347981810987033,6.144553559137358e-09,7.073917284956882e-07,30.35
0,0,17,2,31.320919526731654,3.3824517377800283e-09,4.1477314434527606e-07,31.32
0,0,17,3,32.35737937472687,1.5746458104253138e-09,2.060817704394129e-07,32.36
0,0,17,4,33.45145736735546,6.336759373705579e-10,8.863542173970677e-08,33.45
0,0,17,5,34.597687784012386,2.2490690977840487e-10,3.365169637559383e-08,34.6
0,0,17,6,35.79106033634656,7.229721014501252e-11,1.157659077447013e-08,35.79
0,0,17,7,37.027017163147235,2.140706811996061e-11,3.6686362990582494e-09,37.03
0,0,17,8,38.301436004411116,6.025601303881926e-12,1.1049446390993483e-09,38.3
0,0,17,9,39.61060464067672,1.5998012298707664e-12,3.1376101620840405e-10,39.61
0,0,17,10,40.95119045888654,4.21822404507083e-13,8.842452154479728e-11,40.95
0,0,17,11,42.320207938997655,1.0176842851320125e-13,2.2783406933392932e-11,42.32
0,0,17,12,43.71498598878878,2.689384527089413e-14,6.424267289084833e-12,43.71
0,0,17,13,45.13313638558703,5.498319758373333e-15,1.4000096684758098e-12,45.13
0,0,17,14,46.57252408878007,1.8203487938611404e-15,4.935420667356017e-13,46.57
0,0,17,15,48.03123983409131,2.186529802538167e-16,6.305405318069437e-14,48.03
0,0,17,16,49.50757517794625,1.9208513431609733e-16,5.885008302609431e-14,49.51
0,0,17,17,51.0,3.621253713121503e-35,1.1773601134786286e-32,51.0
0,0,17,18,52.507142371300304,5.5657760223874775e-18,1.918105561715284e-15,52.51
0,0,17,19,54.0277706369604,4.465859090370583e-16,1.6294803355989664e-13,54.03
0,0,17,20,55.560777532356404,3.2622043743120893e-15,1.2588031129376775e-12,55.56
0,0,17,21,57.10516614107693,3.630306172072354e-14,1.4798035533909927e-11,57.11
0,0,17,22,58.66003750424986,2.577491831096776e-13,1.1086436738505007e-10,58.66
0,0,17,23,60.22457969965419,1.6616402889337715e-12,7.533461659953487e-10,60.22
0,0,18,-23,36.2904946232481,7.879930705751703e-11,1.2972335924343735e-08,36.29
0,0,18,-22,35.15679166249389,2.5538983060965243e-10,3.945772882919129e-08,35.16
0,0,18,-21,34.07345007480164,6.916037995170951e-10,1.0036900140491843e-07,34.07
0,0,18,-20,33.04542328371661,1.561575029647796e-09,2.1315499154692412e-07,33.05
0,0,18,-19,32.078029864690876,2.9274094989203446e-09,3.7653804679862926e-07,32.08
0,0,18,-18,31.17691453623979,4.512866571035952e-09,5.483132883808681e-07,31.18
0,0,18,-17,30.347981810987033,5.650537128853543e-09,6.50518086959264e-07,30.35
0,0,18,-16,29.59729717389748,5.6504907155837934e-09,6.187287333564253e-07,29.6
0,0,18,-15,28.93095228297886,4.422166845061036e-09,4.6266920616451077e-07,28.93
0,0,18,-14,28.354893757515647,2.642468618703275e-09,2.655680961796791e-07,28.35
0,0,18,-13,27.874719729532703,1.1730193088891235e-09,1.1392950037585609e-07,27.87
0,0,18,-12,27.495454169735037,3.753129718707826e-10,3.546707584178895e-08,27.5
0,0,18,-11,27.2213151776324,8.308757912151231e-11,7.695987016130079e-09,27.22
0,0,18,-10,27.055498516937362,1.0550144703807397e-11,9.653382403983765e-10,27.06
0,0,18,-9,26.999999999999996,2.023935023733882e-14,1.8443107903774995e-12,27.0
0,0,18,-8,27.055498516937362,1.2752890464102774e-11,1.1668894774654035e-09,27.06
0,0,18,-7,27.2213151776324,9.135037136848027e-11,8.461328148005486e-09,27.22
0,0,18,-6,27.495454169735037,4.0106588431983266e-10,3.790072606822418e-08,27.5
0,0,18,-5,27.874719729532703,1.240380623906561e-09,1.204719680969247e-07,27.87
0,0,18,-4,28.354893757515647,2.7883233793394317e-09,2.802264996236128e-07,28.35
0,0,18,-3,28.930952282978865,4.683886388548053e-09,4.9005161340184e-07,28.93
0,0,18,-2,29.59729717389748,6.0424704154661556e-09,6.616505104935439e-07,29.6
0,0,18,-1,30.347981810987033,6.144746973133667e-09,7.074139952820132e-07,30.35
0,0,18,0,31.17691453623979,5.041350779342059e-09,6.125241196900601e-07,31.18
0,0,18,1,32.078029864690876,3.4098511533549822e-09,4.385921046002845e-07,32.08
0,0,18,2,33.04542328371661,1.9394449583570434e-09,2.647342368157364e-07,33.05
0,0,18,3,34.073450074801634,9.467355962677764e-10,1.37395003408361e-07,34.07
0,0,18,4,35.15679166249389,4.044256156948624e-10,6.248375762485623e-08,35.16
0,0,18,5,36.29049462324811,1.5448114631081293e-10,2.5431458711417574e-08,36.29
0,0,18,6,37.469987990390386,5.369950833349107e-11,9.424263712527682e-09,37.47
0,0,18,7,38.691084244306204,1.7328884793087548e-11,3.242667566906507e-09,38.69
0,0,18,8,39.949968710876355,5.2194631768880255e-12,1.041282903789161e-09,39.95
0,0,18,9,41.243181254602554,1.4934914945944036e-12,3.17553629038135e-10,41.24
0,0,18,10,42.567593307585526,3.9868685410660095e-13,9.030257245514512e-11,42.57
0,0,18,11,43.9203825119955,1.0411595149437863e-13,2.5104958804082048e-11,43.92
0,0,18,12,45.29900661162449,2.4644662637745385e-14,6.32135596658169e-12,45.3
0,0,18,13,46.70117771534246,6.3155375725193296e-15,1.7217734307080816e-12,46.7
0,0,18,14,48.12483766206386,1.2036611028149033e-15,3.4845988926491454e-13,48.12
0,0,18,15,49.56813492557492,3.310847487000265e-16,1.0168440344449563e-13,49.57
0,0,18,16,51.02940328869229,1.1548116027927857e-17,3.7589117670905175e-15,51.03
0,0,18,17,52.507142371300304,5.565776005222037e-18,1.918105555799644e-15,52.51
0,0,18,18,53.99999999999999,2.8165866315596766e-35,1.0266458272035019e-32,54.0
0,0,18,19,55.50675634551166,5.593802213442546e-16,2.1543130774520597e-13,55.51
0,0,18,20,57.02630971753301,8.531917240968175e-15,3.4682243584535633e-12,57.03
0,0,18,21,58.5576638878294,9.594458218919952e-14,4.112424654084563e-11,58.56
0,0,18,22,60.09991680526687,7.173404728072649e-13,3.2387922347248003e-10,60.1
0,0,18,23,61.652250567193406,4.2577337032088295e-12,2.022955725737095e-09,61.65
0,0,19,-23,36.86461718233352,1.227365703342201e-10,2.0849874885525633e-08,36.86
0,0,19,-22,35.791060336346554,3.415505189956003e-10,5.469077685417048e-08,35.79
0,0,19,-21,34.77067730142742,7.827065545052702e-10,1.1828652804960896e-07,34.77
0,0,19,-20,33.80828300875393,1.4803909261678014e-09,2.1151085357622457e-07,33.81
0,0,19,-19,32.90896534380867,2.304360423172159e-09,3.1195279228693104e-07,32.91
0,0,19,-18,32.078029864690876,2.927409498919675e-09,3.7653804679854313e-07,32.08
0,0,19,-17,31.320919526731647,2.9983222367778247e-09,3.6766926428488067e-07,31.32
0,0,19,-16,30.643106892089122,2.4356015847007563e-09,2.8587873600425124e-07,30.64
0,0,19,-15,30.049958402633436,1.5391312116133902e-09,1.737294355108614e-07,30.05
0,0,19,-14,29.546573405388312,7.409316560874825e-10,8.085416697054652e-08,29.55
0,0,19,-13,29.13760456866693,2.677267728124071e-10,2.8412503764716705e-08,29.14
0,0,19,-12,28.827070610799144,7.388197034602576e-11,7.674489669693423e-09,28.83
0,0,19,-11,28.618176042508367,1.793146341371388e-11,1.8357335669789582e-09,28.62
0,0,19,-10,28.513154858766505,6.212337964080049e-12,6.31328845599635e-10,28.51
0,0,19,-9,28.5131548587665,6.6045817016197686e-12,6.711906154271088e-10,28.51
0,0,19,-8,28.61817604250837,2.0115755885431643e-11,2.0593505087710643e-09,28.62
0,0,19,-7,28.827070610799147,8.232662236295845e-11,8.551677897952309e-09,28.83
0,0,19,-6,29.13760456866693,2.9440733129151547e-10,3.1243978033312077e-08,29.14
0,0,19,-5,29.546573405388312,8.098116458062654e-10,8.837069584860869e-08,29.55
0,0,19,-4,30.04995840263344,1.6855300178092034e-09,1.9025420076021386e-07,30.05
0,0,19,-3,30.643106892089122,2.6943686165656637e-09,3.1625151636939476e-07,30.64
0,0,19,-2,31.32091952673165,3.382355057620732e-09,4.147612889407422e-07,31.32
0,0,19,-1,32.078029864690876,3.4097685002706145e-09,4.385814733473077e-07,32.08
0,0,19,0,32.90896534380867,2.8205427012748734e-09,3.81830968185086e-07,32.91
0,0,19,1,33.80828300875393,1.9534501592983287e-09,2.7909919150974864e-07,33.81
0,0,19,2,34.77067730142742,1.1556113345426458e-09,1.7464176293275733e-07,34.77
0,0,19,3,35.79106033634656,5.952359137386771e-10,9.531215068740566e-08,35.79
0,0,19,4,36.864617182333525,2.7217944969689524e-10,4.623648401726009e-08,36.86
0,0,19,5,37.986839826445156,1.1233029036966009e-10,2.0261576125427435e-08,37.99
0,0,19,6,39.153543900903784,4.2462726565583275e-11,8.136919978129895e-09,39.15
0,0,19,7,40.36087214122113,1.479770507221724e-11,3.0131826953302347e-09,40.36
0,0,19,8,41.60528812542944,4.783129897294051e-12,1.0349497315270003e-09,41.61
0,0,19,9,42.883563284783136,1.4262755845469e-12,3.2786509999771865e-10,42.88
0,0,19,10,44.19275958796871,3.976476060743119e-13,9.70757218328914e-11,44.19
0,0,19,11,45.53020975132884,1.0263417194598116e-13,2.6595079805502367e-11,45.53
0,0,19,12,46.89349635077342,2.6108476852250336e-14,7.176567574762311e-12,46.89
0,0,19,13,48.28043081829324,6.2768289792042256e-15,1.828911043815631e-12,48.28
0,0,19,14,49.68903299521937,1.825319566072975e-15,5.633392510792719e-13,49.69
0,0,19,15,51.11751167652823,5.84325429693447e-16,1.9085529347362213e-13,51.12
0,0,19,16,52.5642464038057,4.587748942328624e-16,1.5844937909567486e-13,52.56
0,0,19,17,54.02777063696039,4.465859087977866e-16,1.6294803347259235e-13,54.03
0,0,19,18,55.50675634551167,5.59380221140104e-16,2.1543130766658254e-13,55.51
0,0,19,19,56.99999999999999,2.9924137245600643e-36,1.2152940238869557e-33,57.0
0,0,19,20,58.50640990524029,1.0242251304916936e-14,4.382403277091333e-12,58.51
0,0,19,21,60.024994793835674,1.7846713528357317e-13,8.037713605333927e-11,60.02
0,0,19,22,61.55485358604957,1.4716843462442023e-12,6.970264984899102e-10,61.55
0,0,19,23,63.09516621738942,8.355076476464898e-12,4.157694931600844e-09,63.1
0,0,20,-23,37.509998667022096,1.4895458192830873e-10,2.6197387096641285e-08,37.51
0,0,20,-22,36.49657518178931,3.615855386424114e-10,6.020399218396147e-08,36.5
0,0,20,-21,35.53871128783371,7.098258178312844e-10,1.1206375099011397e-07,35.54
0,0,20,-20,34.64101615137754,1.1356725937719436e-09,1.7035088906579152e-07,34.64
0,0,20,-19,33.808283008753925,1.4803909261675127e-09,2.1151085357618325e-07,33.81
0,0,20,-18,33.0454232837166,1.561575029647523e-09,2.1315499154688674e-07,33.05
0,0,20,-17,32.35737937472687,1.3178010643364606e-09,1.7246721429503424e-07,32.36
0,0,20,-16,31.749015732775085,8.759588698562282e-10,1.1037081760188474e-07,31.75
0,0,20,-15,31.224989991991986,4.5049693743300613e-10,5.49043142496476e-08,31.22
0,0,20,-14,30.7896086366813,1.7605773915362469e-10,2.086284208970452e-08,30.79
0,0,20,-13,30.446674695276656,5.154086566931644e-11,5.972297809432041e-09,30.45
0,0,20,-12,30.199337741082992,1.1030534843385117e-11,1.2574809721459028e-09,30.2
0,0,20,-11,30.049958402633436,1.387250624486758e-12,1.5658591423894278e-10,30.05
0,0,20,-10,29.999999999999996,1.5174005370170154e-14,1.7070756041441419e-12,30.0
0,0,20,-9,30.049958402633436,2.148327302405095e-12,2.424924442589751e-10,30.05
0,0,20,-8,30.199337741082996,1.3997598707317595e-11,1.5957262526342055e-09,30.2
0,0,20,-7,30.446674695276656,6.152898272702352e-11,7.1296708734938486e-09,30.45
0,0,20,-6,30.7896086366813,2.0515202802749517e-10,2.4310515321258172e-08,30.79
0,0,20,-5,31.224989991991986,5.220877533143153e-10,6.362944493518216e-08,31.22
0,0,20,-4,31.749015732775085,1.023799311404129e-09,1.2899871323692022e-07,31.75
0,0,20,-3,32.35737937472687,1.5747453809863968e-09,2.0609480173659463e-07,32.36
0,0,20,-2,33.04542328371661,1.9394863717660683e-09,2.6473988974606826e-07,33.05
0,0,20,-1,33.808283008753925,1.953485319310994e-09,2.791042149965581e-07,33.81
0,0,20,0,34.64101615137754,1.6422445538886258e-09,2.4633668308329384e-07,34.64
0,0,20,1,35.53871128783372,1.1756839644491533e-09,1.8561110588741007e-07,35.54
0,0,20,2,36.49657518178931,7.306857777611484e-10,1.2165918199723117e-07,36.5
0,0,20,3,37.5099986670221,4.0158236816234267e-10,7.062829900055202e-08,37.51
0,0,20,4,38.57460304397182,1.9822951288685763e-10,3.687068939695552e-08,38.57
0,0,20,5,39.68626966596885,8.892504739264369e-11,1.7507118705426717e-08,39.69
0,0,20,6,40.84115571332427,3.64248714263322e-11,7.59458569239026e-09,40.84
0,0,20,7,42.035699113967404,1.3627222731899106e-11,3.009912820908215e-09,42.04
0,0,20,8,43.26661530556787,4.629827725772223e-12,1.0833796878307001e-09,43.27
0,0,20,9,44.53088815642464,1.4286673619805658e-12,3.5413092235093277e-10,44.53
0,0,20,10,45.8257569495584,3.999959850315168e-13,1.0499894607077315e-10,45.83
0,0,20,11,47.14870093650513,1.0392138569254537e-13,2.8877155049316037e-11,47.15
0,0,20,12,48.497422611928556,2.483439920582521e-14,7.30131336651261e-12,48.5
0,0,20,13,49.86983055916673,5.476768250273953e-15,1.7025903298039147e-12,49.87
0,0,20,14,51.264022471905186,7.642790230494472e-16,2.510656590717434e-13,51.26
0,0,20,15,52.67826876426369,1.591824798138534e-19,5.521642268543039e-17,52.68
0,0,20,16,54.110997033874725,7.403198233143035e-16,2.70957055333035e-13,54.11
0,0,20,17,55.5607775323564,3.2622043742027693e-15,1.2588031128954933e-12,55.56
0,0,20,18,57.026309717533,8.531917241005876e-15,3.4682243584688876e-12,57.03
0,0,20,19,58.50640990524029,1.0242251304962012e-14,4.38240327711062e-12,58.51
0,0,20,20,59.99999999999999,7.661653098785839e-35,3.447743894453627e-32,60.0
0,0,20,21,61.50609725872712,1.611693830706431e-13,7.621297201953034e-11,61.51
0,0,20,22,63.023805026354914,1.9960872964201096e-12,9.910573426725842e-10,63.02
0,0,20,23,64.55230437405004,1.1960602743920126e-11,6.229978954239396e-09,64.55
0,0,21,-23,38.223029707232776,1.3909732591133082e-10,2.540264914455678e-08,38.22
0,0,21,-22,37.26929030716844,3.025873932249311e-10,5.253673614867864e-08,37.27
0,0,21,-21,36.37306695894642,5.178782981218532e-10,8.564412355190143e-08,36.37
0,0,21,-20,35.53871128783372,7.098258178313747e-10,1.1206375099012828e-07,35.54
0,0,21,-19,34.77067730142742,7.827065545054086e-10,1.1828652804962987e-07,34.77
0,0,21,-18,34.07345007480164,6.91603799516905e-10,1.0036900140489084e-07,34.07
0,0,21,-17,33.45145736735546,4.851590164541358e-10,6.786161742652224e-08,33.45
0,0,21,-16,32.90896534380867,2.6683678587063854e-10,3.6123029887237695e-08,32.91
0,0,21,-15,32.4499614791759,1.1376673338585555e-10,1.4974546281913232e-08,32.45
0,0,21,-14,32.07802986469088,3.7592008493900515e-11,4.835272092527955e-09,32.08
0,0,21,-13,31.796226191169293,1.0039092772910946e-11,1.268690349176621e-09,31.8
0,0,21,-12,31.606961258558215,2.5787797784296713e-12,3.2202512483140515e-10,31.61
0,0,21,-11,31.51190251317746,1.0304311773664482e-12,1.2790226989061038e-10,31.51
0,0,21,-10,31.51190251317746,1.177658619399477e-12,1.461768761329601e-10,31.51
0,0,21,-9,31.606961258558215,3.377736321333767e-12,4.2179482312655413e-10,31.61
0,0,21,-8,31.796226191169296,1.3177456043763553e-11,1.6653010075306196e-09,31.8
0,0,21,-7,32.07802986469088,4.819649265453239e-11,6.19927386768923e-09,32.08
0,0,21,-6,32.449961479175904,1.4412249558309966e-10,1.8970123481125494e-08,32.45
0,0,21,-5,32.908965343808674,3.399612323529883e-10,4.6022251829785805e-08,32.91
0,0,21,-4,33.45145736735546,6.336107004413538e-10,8.862629672423434e-08,33.45
0,0,21,-3,34.07345007480164,9.466922330930624e-10,1.3738871032763067e-07,34.07
0,0,21,-2,34.770677301427426,1.155593694621761e-09,1.746390970997137e-07,34.77
0,0,21,-1,35.53871128783372,1.1756688345296817e-09,1.856087172513735e-07,35.54
0,0,21,0,36.373066958946424,1.0171962986896407e-09,1.6821883789579933e-07,36.37
0,0,21,1,37.269290307168454,7.631539409713481e-10,1.3250260300115037e-07,37.27
0,0,21,2,38.22302970723278,5.055400571814499e-10,9.232425294276228e-08,38.22
0,0,21,3,39.230090491866065,3.0006331309477085e-10,5.772467985660655e-08,39.23
0,0,21,4,40.28647415696737,1.6113644305883417e-10,3.269055588556098e-08,40.29
0,0,21,5,41.38840417314975,7.848532066064437e-11,1.6805669286460473e-08,41.39
0,0,21,6,42.532340636273474,3.4546753132038226e-11,7.811884551982144e-09,42.53
0,0,21,7,43.71498598878879,1.36240026620078e-11,3.2544336358871136e-09,43.71
0,0,21,8,44.93328387732194,4.781180003278588e-12,1.2066503033274335e-09,44.93
0,0,21,9,46.184412955021955,1.4899498877252533e-12,3.9725788881474566e-10,46.18
0,0,21,10,47.46577714522327,4.1856951894430543e-13,1.1787964077269002e-10,47.47
0,0,21,11,48.774993593028796,1.0903943353808286e-13,3.242560154838739e-11,48.77
0,0,21,12,50.1098792654702,2.8400975854250553e-14,8.914356296252892e-12,50.11
0,0,21,13,51.468436929831086,8.462046768441817e-15,2.801995236200297e-12,51.47
0,0,21,14,52.848841046895245,4.224504542171859e-15,1.4748801482857501e-12,52.85
0,0,21,15,54.249423960075376,4.9909217207342e-15,1.836035328015094e-12,54.25
0,0,21,16,55.66866263886712,1.2247539353718355e-14,4.744390557146648e-12,55.67
0,0,21,17,57.105166141076936,3.63030617182575e-14,1.4798035532904712e-11,57.11
0,0,21,18,58.557663887829406,9.594458219442214e-14,4.112424654308419e-11,58.56
0,0,21,19,60.02499479383567,1.7846713528687255e-13,8.037713605482521e-11,60.02
0,0,21,20,61.506097258727124,1.6116938307683859e-13,7.621297202246005e-11,61.51
0,0,21,21,63.0,2.530284000621455e-36,1.2553371498083194e-33,63.0
0,0,21,22,64.50581369148054,1.276451487883349e-12,6.639143301353266e-10,64.51
0,0,21,23,66.02272336097626,1.1304781019153666e-11,6.159692557811353e-09,66.02
0,0,22,-23,38.99999999999999,9.636599798778412e-11,1.832158536742745e-08,39.0
0,0,22,-22,38.10511776651529,1.973049266465398e-10,3.5810844186346956e-08,38.11
0,0,22,-21,37.26929030716845,3.0258739322478145e-10,5.253673614865268e-08,37.27
0,0,22,-20,36.49657518178932,3.615855386424829e-10,6.02039921839734e-08,36.5
0,0,22,-19,35.79106033634656,3.4155051899558e-10,5.4690776854167246e-08,35.79
0,0,22,-18,35.15679166249389,2.5538983060980944e-10,3.945772882921555e-08,35.16
0,0,22,-17,34.597687784012386,1.5033347574802037e-10,2.2493646308797546e-08,34.6
0,0,22,-16,34.11744421846396,6.907636934372531e-11,1.0050611739512031e-08,34.12
0,0,22,-15,33.719430600174725,2.4617346683702084e-11,3.4987403974211573e-09,33.72
0,0,22,-14,33.40658617698013,6.797924530006965e-12,9.483104719359714e-10,33.41
0,0,22,-13,33.18132004607411,1.4269351893327203e-12,1.9638195543191558e-10,33.18
0,0,22,-12,33.04542328371661,1.6917754449172478e-13,2.3092734823120428e-11,33.05
0,0,22,-11,33.0,9.470571469354497e-15,1.2891815412658807e-12,33.0
0,0,22,-10,33.04542328371661,4.169284100005308e-13,5.691072796507244e-11,33.05
0,0,22,-9,33.18132004607411,2.4311274202935868e-12,3.345839112179048e-10,33.18
0,0,22,-8,33.406586176980134,1.0404338078372388e-11,1.4514051619329484e-09,33.41
0,0,22,-7,33.719430600174725,3.613560985149721e-11,5.135773550144039e-09,33.72
0,0,22,-6,34.11744421846396,1.0083375259106343e-10,1.4671311001999727e-08,34.12
0,0,22,-5,34.597687784012386,2.2495341415066594e-10,3.365865459229339e-08,34.6
0,0,22,-4,35.15679166249389,4.0445436877960886e-10,6.248819997644955e-08,35.16
0,0,22,-3,35.79106033634656,5.95254943253516e-10,9.531519778846925e-08,35.79
0,0,22,-2,36.49657518178932,7.306932956642951e-10,1.2166043372810513e-07,36.5
0,0,22,-1,37.26929030716845,7.631607291891623e-10,1.3250378160546832e-07,37.27
0,0,22,0,38.1051177665153,6.915596755633267e-10,1.255180811147438e-07,38.11
0,0,22,1,39.0,5.534812461302045e-10,1.0523062192050513e-07,39.0
0,0,22,2,39.949968710876355,3.966834817290412e-10,7.913835460494371e-08,39.95
0,0,22,3,40.95119045888654,2.566141160105966e-10,5.379273406872132e-08,40.95
0,0,22,4,42.0,1.4987019795835287e-10,3.304637864981681e-08,42.0
0,0,22,5,43.09292285283048,7.848872120743836e-11,1.8219194410276626e-08,43.09
0,0,22,6,44.22668877499196,3.642718275305503e-11,8.906446183121956e-09,44.23
0,0,22,7,45.39823785126467,1.4802541785732915e-11,3.813504827549443e-09,45.4
0,0,22,8,46.60472079092417,5.224386168266945e-12,1.4184208446844751e-09,46.6
0,0,22,9,47.843494855622744,1.6061787166788139e-12,4.595678853097256e-10,47.84
0,0,22,10,49.1121166312347,4.3602457943565977e-13,1.314614106998514e-10,49.11
0,0,22,11,50.40833264451424,1.0622945362669444e-13,3.3741130208178824e-11,50.41
0,0,22,12,51.73006862551025,2.178275958137985e-14,7.28633307997156e-12,51.73
0,0,22,13,53.075418038862395,2.133999950011543e-15,7.514347323978144e-13,53.08
0,0,22,14,54.4426303552648,9.399994629429428e-16,3.4826980102036033e-13,54.44
0,0,22,15,55.83009940883144,1.4829236502932553e-14,5.777841272455097e-12,55.83
0,0,22,16,57.23635208501674,7.208141429170322e-14,2.951733915245247e-11,57.24
0,0,22,17,58.66003750424985,2.577491831065118e-13,1.1086436738368835e-10,58.66
0,0,22,18,60.09991680526688,7.173404728030351e-13,3.238792234705704e-10,60.1
0,0,22,19,61.55485358604957,1.4716843462426245e-12,6.970264984891628e-10,61.55
0,0,22,20,63.023805026354914,1.996087296411077e-12,9.910573426680994e-10,63.02
0,0,22,21,64.50581369148055,1.276451487908343e-12,6.639143301483269e-10,64.51
0,0,22,22,66.0,3.3419873628717015e-35,1.8197121190836413e-32,66.0
0,0,22,23,67.50555532695068,5.068545660044453e-12,2.8871703216028215e-09,67.51
0,0,23,-23,39.837168574084174,4.489475229723204e-11,8.905996486963405e-09,39.84
0,0,23,-22,38.99999999999999,9.636599798800157e-11,1.8321585367468793e-08,39.0
0,0,23,-21,38.223029707232776,1.390973259112689e-10,2.5402649144545468e-08,38.22
0,0,23,-20,37.5099986670221,1.4895458192841032e-10,2.6197387096659165e-08,37.51
0,0,23,-19,36.86461718233352,1.2273657033424994e-10,2.08498748855307e-08,36.86
0,0,23,-18,36.2904946232481,7.879930705741914e-11,1.2972335924327618e-08,36.29
0,0,23,-17,35.791060336346554,3.952740723152597e-11,6.329326082948093e-09,35.79
0,0,23,-16,35.369478367654786,1.5533148481149257e-11,2.4289960937397145e-09,35.37
0,0,23,-15,35.02855977627398,4.864348467288337e-12,7.460694461703483e-10,35.03
0,0,23,-14,34.77067730142742,1.2959485636832034e-12,1.958502266866241e-10,34.77
0,0,23,-13,34.597687784012386,3.5995861744605924e-13,5.3858808135366613e-11,34.6
0,0,23,-12,34.510867853474785,1.689186950639259e-13,2.5147770727641953e-11,34.51
0,0,23,-11,34.51086785347479,2.1902767744712296e-13,3.260774547994042e-11,34.51
0,0,23,-10,34.597687784012386,6.297248711946919e-13,9.422258385250577e-11,34.6
0,0,23,-9,34.77067730142742,2.374664440024161e-12,3.5887116349865136e-10,34.77
0,0,23,-8,35.02855977627399,8.727887802919919e-12,1.3386397917728426e-09,35.03
0,0,23,-7,35.36947836765478,2.7652125231931012e-11,4.324101083143209e-09,35.37
0,0,23,-6,35.79106033634656,7.226810306400661e-11,1.157193000312406e-08,35.79
0,0,23,-5,36.29049462324811,1.544598655490895e-10,2.542795536601885e-08,36.29
0,0,23,-4,36.86461718233352,2.7216682167992307e-10,4.623433883287691e-08,36.86
0,0,23,-3,37.5099986670221,4.0157369547744023e-10,7.06267736920948e-08,37.51
0,0,23,-2,38.22302970723278,5.055368909044882e-10,9.232367470143213e-08,38.22
0,0,23,-1,38.99999999999999,5.534778494796793e-10,1.0522997613232399e-07,39.0
0,0,23,0,39.837168574084174,5.361645404275674e-10,1.0636164070731866e-07,39.84
0,0,23,1,40.7308237088326,4.6546335312058296e-10,9.652546285338088e-08,40.73
0,0,23,2,41.67733196834941,3.643325968381231e-10,7.910571508847745e-08,41.68
0,0,23,3,42.67317658670373,2.566112765069429e-10,5.8411141814892866e-08,42.67
0,0,23,4,43.71498598878879,1.6113440167393586e-10,3.849098019986143e-08,43.71
0,0,23,5,44.79955356920423,8.891985512536874e-11,2.2307768654576873e-08,44.8
0,0,23,6,45.92385001282013,4.245671052907672e-11,1.1192650313227848e-08,45.92
0,0,23,7,47.085029467974216,1.731984440284061e-11,4.799761880137206e-09,47.09
0,0,23,8,48.28043081829324,6.015096987192371e-12,1.7526488846431767e-09,48.28
0,0,23,9,49.50757517794625,1.8010273539444194e-12,5.517897555647213e-10,49.51
0,0,23,10,50.76416058598822,4.849329334568213e-13,1.5620902118977854e-10,50.76
0,0,23,11,52.04805471869241,1.2903895219561073e-13,4.3695815187238674e-11,52.05
0,0,23,12,53.35728628781639,4.246002936694844e-14,1.511046295096277e-11,53.36
0,0,23,13,54.69003565550127,2.7001297847159242e-14,1.0095110232606662e-11,54.69
0,0,23,14,56.04462507680821,4.600704935331776e-14,1.8063517752346382e-11,56.04
0,0,23,15,57.41950887982237,1.4555854170894409e-13,5.998831400179858e-11,57.42
0,0,23,16,58.813263810130444,5.221056247069798e-13,2.2574541948268038e-10,58.81
0,0,23,17,60.224579699654186,1.6616402889395612e-12,7.533461659979733e-10,60.22
0,0,23,18,61.6522505671934,4.257733703240898e-12,2.0229557257523308e-09,61.65
0,0,23,19,63.09516621738942,8.355076476441796e-12,4.157694931589348e-09,63.1
0,0,23,20,64.55230437405004,1.1960602743909001e-11,6.229978954233601e-09,64.55
0,0,23,21,66.02272336097624,1.1304781019159315e-11,6.15969255781443e-09,66.02
0,0,23,22,67.50555532695067,5.068545660017192e-12,2.8871703215872916e-09,67.51
0,0,23,23,69.0,2.115851128239332e-36,1.2591959026934326e-33,69.0
0,1,-23,-23,68.0,1.395438873692498e-10,8.065636689942638e-08,68.0
0,1,-23,-22,66.50563885867122,7.23741490978874e-11,4.001385768249449e-08,66.51
0,1,-23,-21,65.02307282803544,3.248587196701098e-11,1.716878333456531e-08,65.02
0,1,-23,-20,63.55312738174259,1.2299700888173216e-11,6.209811485916453e-09,63.55
0,1,-23,-19,62.09669878504009,3.82121394966805e-12,1.84182512374e-09,62.1
0,1,-23,-18,60.654760736483,9.499668416240952e-13,4.3686600129188073e-10,60.65
0,1,-23,-17,59.22837157984339,1.8679090518909128e-13,8.190781192541653e-11,59.23
0,1,-23,-16,57.81868210189506,2.9431783765130084e-14,1.2298806640853733e-11,57.82
0,1,-23,-15,56.42694391866354,3.894544492997207e-15,1.5500287082128884e-12,56.43
0,1,-23,-14,55.054518434003214,4.0573593849233397e-16,1.53723203696283e-13,55.05
0,1,-23,-13,53.702886328390214,1.1716999165375356e-17,4.223978199117816e-15,53.7
0,1,-23,-12,52.373657500693994,1.5907175521603742e-17,5.454172806969884e-15,52.37
0,1,-23,-11,51.068581339214816,4.04095425052915e-18,1.3173510856725027e-15,51.07
0,1,-23,-10,49.78955713801842,6.537996883969524e-16,2.0259617844200564e-13,49.79
0,1,-23,-9,48.53864439804639,1.3885549526464887e-14,4.089294335543909e-12,48.54
0,1,-23,-8,47.31807265728392,1.0459719370173916e-13,2.9274139587274244e-11,47.32
0,1,-23,-7,46.130250378683186,4.377780767873617e-13,1.1644896842543824e-10,46.13
0,1,-23,-6,44.97777228809804,1.1232188361538006e-12,2.840339631923923e-10,44.98
0,1,-23,-5,43.86342439892262,1.7147540511712302e-12,4.1239834930668087e-10,43.86
0,1,-23,-4,42.79018579066934,1.1604910734002083e-12,2.6560739442447275e-10,42.79
0,1,-23,-3,41.7612260356422,1.1028888807814134e-22,2.4042977601034815e-20,41.76
0,1,-23,-2,40.779897008207364,4.675841032452424e-12,9.719904546210476e-10,40.78
0,1,-23,-1,39.84971769034255,2.880166268537434e-11,5.717130043046806e-09,39.85
0,1,-23,0,38.97435053981015,8.469294120042253e-11,1.6081072210430228e-08,38.97
0,1,-23,1,38.157568056677825,1.6745436859322373e-10,3.047669508396672e-08,38.16
0,1,-23,2,37.40320841853009,2.473789270239012e-10,4.3260389863304735e-08,37.4
0,1,-23,3,36.71511950137164,2.851044419433466e-10,4.80400984674539e-08,36.72
0,1,-23,4,36.09709129556009,2.613297857503268e-10,4.2564088854084475e-08,36.1
0,1,-23,5,35.55277766926236,1.9219785353200965e-10,3.036726085805754e-08,35.55
0,1,-23,6,35.08560958569767,1.1415358338532395e-10,1.7565382643416723e-08,35.09
0,1,-23,7,34.698703145794944,5.544575208642298e-11,8.344585689006659e-09,34.7
0,1,-23,8,34.39476704383967,2.2810516481984098e-11,3.373105124773397e-09,34.39
0,1,-23,9,34.17601498127012,8.745550957801523e-12,1.276850439839022e-09,34.18
0,1,-23,10,34.0440890610984,3.943437808364748e-12,5.713055524868426e-10,34.04
0,1,-23,11,33.99999999999999,3.064204689694052e-12,4.427775776607903e-10,34.0
0,1,-23,12,34.0440890610984,4.889783462182694e-12,7.084073790837175e-10,34.04
0,1,-23,13,34.17601498127012,1.2050910643878264e-11,1.7594329540062263e-09,34.18
0,1,-23,14,34.39476704383967,3.261468094233148e-11,4.8228959443472656e-09,34.39
0,1,-23,15,34.69870314579494,8.119480239852462e-11,1.2219817760977951e-08,34.7
0,1,-23,16,35.08560958569766,1.733560303124705e-10,2.667515916433139e-08,35.09
0,1,-23,17,35.55277766926235,3.1033002828913886e-10,4.903214446968392e-08,35.55
0,1,-23,18,36.097091295560084,4.6497153202218496e-10,7.573223827811335e-08,36.1
0,1,-23,19,36.71511950137163,5.878450266878843e-10,9.905188699690848e-08,36.72
0,1,-23,20,37.403208418530085,6.352303269332451e-10,1.1108590342245121e-07,37.4
0,1,-23,21,38.15756805667782,5.955151001964142e-10,1.0838374823574732e-07,38.16
0,1,-23,22,38.974350539810146,4.913954264637838e-10,9.330370659981093e-08,38.97
0,1,-23,23,39.849717690342544,3.610288972619441e-10,7.166423610649589e-08,39.85
0,1,-22,-23,66.50563885867122,7.237414909785486e-11,4.0013857682476496e-08,66.51
0,1,-22,-22,65.0,3.089620289301079e-11,1.6317057152871323e-08,65.0
0,1,-22,-21,63.50590523722971,1.1457212546873375e-11,5.7758672751925405e-09,63.51
0,1,-22,-20,62.02418882984283,3.606179484728959e-12,1.734121559719038e-09,62.02
0,1,-22,-19,60.55575942881073,9.419078674152412e-13,4.3174701872646114e-10,60.56
0,1,-22,-18,59.10160742314882,2.0143436968180594e-13,8.79512816623185e-11,59.1
0,1,-22,-17,57.66281297335398,3.570876728890503e-14,1.4841456404451154e-11,57.66
0,1,-22,-16,56.24055476255547,5.565756560483677e-15,2.200561000101234e-12,56.24
0,1,-22,-15,54.83611948342078,8.712873377782664e-16,3.274951280874059e-13,54.84
0,1,-22,-14,53.45091205957107,1.661183724446996e-16,5.932502375931334e-14,53.45
0,1,-22,-13,52.08646657242167,5.471858864314553e-17,1.855644137360673e-14,52.09
0,1,-22,-12,50.744457825461105,3.00513001685449e-17,9.672762241750393e-15,50.74
0,1,-22,-11,49.42671342502959,2.2131727388755245e-20,6.758476251341134e-18,49.43
0,1,-22,-10,48.135226186234966,5.399439021219156e-16,1.5638125265205984e-13,48.14
0,1,-22,-9,46.87216658103186,7.402201124918297e-15,2.0328294839306874e-12,46.87
0,1,-22,-8,45.639894828976104,4.040217509268041e-14,1.051971633975666e-11,45.64
0,1,-22,-7,44.44097208657795,1.1087388529513056e-13,2.7371990432235364e-11,44.44
0,1,-22,-6,43.278170016764804,1.2353280968813705e-13,2.8922119068235086e-11,43.28
0,1,-22,-5,42.15447781671598,9.91575629344119e-24,2.2025373666806242e-21,42.15
0,1,-22,-4,41.073105555825705,1.1604654828170933e-12,2.4471315868905463e-10,41.07
0,1,-22,-3,40.03748243833521,1.0470131492562345e-11,2.0979525978221805e-09,40.04
0,1,-22,-2,39.05124837953327,4.4421728286063596e-11,8.467891954530871e-09,39.05
0,1,-22,-1,38.11823710509184,1.2576551822918805e-10,2.284216224837629e-08,38.12
0,1,-22,0,37.242448899072144,2.6541643618261334e-10,4.601657462316059e-08,37.24
0,1,-22,1,36.42801120017397,4.377182809061296e-10,7.260651984530426e-08,36.43
0,1,-22,2,35.67912554982255,5.762447450422765e-10,9.169494505485228e-08,35.68
0,1,-22,3,35.0,6.106700892391901e-10,9.350885741475098e-08,35.0
0,1,-22,4,34.39476704383968,5.21564730490006e-10,7.712638452120963e-08,34.39
0,1,-22,5,33.867388443752205,3.581693205562361e-10,5.135252633475037e-08,33.87
0,1,-22,6,33.421549934136806,1.970800254810721e-10,2.751729855779469e-08,33.42
0,1,-22,7,33.060550509633075,8.65280320640043e-11,1.1821892380744586e-08,33.06
0,1,-22,8,32.78719262151,2.9785641343679947e-11,4.0024455555569925e-09,32.79
0,1,-22,9,32.60368077380221,7.181532300484177e-12,9.54246104426835e-10,32.6
0,1,-22,10,32.51153641401771,4.586290832711395e-13,6.059636762719929e-11,32.51
0,1,-22,11,32.51153641401771,1.1765474202043836e-12,1.5545132789450416e-10,32.51
0,1,-22,12,32.6036807738022,1.0319435487609067e-11,1.3711949904160543e-09,32.6
0,1,-22,13,32.78719262151,3.919416275968006e-11,5.266715620832008e-09,32.79
0,1,-22,14,33.060550509633075,1.1145640994009671e-10,1.522773200806571e-08,33.06
0,1,-22,15,33.4215499341368,2.5514300110870397e-10,3.562434152980278e-08,33.42
0,1,-22,16,33.86738844375219,4.754410454404288e-10,6.816635989002144e-08,33.87
0,1,-22,17,34.39476704383967,7.255589767397565e-10,1.0729203368539145e-07,34.39
0,1,-22,18,34.99999999999999,9.155724996093855e-10,1.401970390026871e-07,35.0
0,1,-22,19,35.67912554982254,9.677410933376338e-10,1.5399180147735088e-07,35.68
0,1,-22,20,36.42801120017396,8.696784967776501e-10,1.4425792065299265e-07,36.43
0,1,-22,21,37.24244889907214,6.750249923377673e-10,1.1703245804656037e-07,37.24
0,1,-22,22,38.11823710509183,4.5941510091347756e-10,8.344126770341033e-08,38.12
0,1,-22,23,39.05124837953326,2.7758888303754844e-10,5.2915380829032647e-08,39.05
0,1,-21,-23,65.02307282803544,3.2485871966958074e-11,1.7168783334537347e-08,65.02
0,1,-21,-22,63.505905237229705,1.1457212546875973e-11,5.775867275193848e-09,63.51
0,1,-21,-21,62.0,3.5321872368654936e-12,1.6972159673138696e-09,62.0
0,1,-21,-20,60.50619802962338,9.338970963574066e-13,4.273746587205582e-10,60.51
0,1,-21,-19,59.02541825349483,2.084911068298605e-13,9.079787702440427e-11,59.03
0,1,-21,-18,57.55866572463264,3.9289513271599125e-14,1.627076968360099e-11,57.56
0,1,-21,-17,56.10704055642215,6.4000711911253815e-15,2.5184280137078374e-12,56.11
0,1,-21,-16,54.67174773134658,9.33216300113734e-16,3.486729401299938e-13,54.67
0,1,-21,-15,53.25410782277739,1.1566494935138896e-16,4.1003224545067395e-14,53.25
0,1,-21,-14,51.85556864985669,6.498513493050888e-18,2.1843128478517303e-15,51.86
0,1,-21,-13,50.47771785649586,1.245810313188727e-18,3.967905847506097e-16,50.48
0,1,-21,-12,49.122296363260546,5.3730879145576164e-18,1.620657642228441e-15,49.12
0,1,-21,-11,47.791212581394085,1.796839595955764e-18,5.129977046453707e-16,47.79
0,1,-21,-10,46.48655719667784,2.5412170041243134e-16,6.864462432390803e-14,46.49
0,1,-21,-9,45.210618221829264,2.0475579805239765e-15,5.231510640238761e-13,45.21
0,1,-21,-8,43.96589587396122,4.6234920454617315e-15,1.117151265484691e-12,43.97
0,1,-21,-7,42.75511665286391,3.3366727311330623e-22,7.624297190639051e-20,42.76
0,1,-21,-6,41.581245772583586,1.235435179129634e-13,2.670084280893922e-11,41.58
0,1,-21,-5,40.44749683231337,1.7147266415921578e-12,3.5066159820559627e-10,40.45
0,1,-21,-4,39.357337308308864,1.0853338684481657e-11,2.101477702782762e-09,39.36
0,1,-21,-3,38.31448812133604,4.4954696715362745e-11,8.249186847269066e-09,38.31
0,1,-21,-2,37.322915213043046,1.373688750317221e-10,2.3919355364898612e-08,37.32
0,1,-21,-1,36.386810797320514,3.2675642904653826e-10,5.407818900720211e-08,36.39
0,1,-21,0,35.51056180912941,6.212738524320887e-10,9.792829098960802e-08,35.51
0,1,-21,1,34.69870314579495,9.555452554687487e-10,1.4380956094804674e-07,34.7
0,1,-21,2,33.9558536926993,1.1929369766377e-09,1.7193204175790861e-07,33.96
0,1,-21,3,33.286633954186485,1.2064702806702364e-09,1.670961338728278e-07,33.29
0,1,-21,4,32.695565448543626,9.837988329625643e-10,1.3146011905462264e-07,32.7
0,1,-21,5,32.18695387886216,6.439616984985214e-10,8.339303995555852e-08,32.19
0,1,-21,6,31.76476034853718,3.3903080499914385e-10,4.2760260280517014e-08,31.76
0,1,-21,7,31.432467291003423,1.4685605266132161e-10,1.8136722503673223e-08,31.43
0,1,-21,8,31.192947920964443,5.675447817242645e-11,6.902763407721367e-09,31.19
0,1,-21,9,31.048349392520045,2.441654501337407e-11,2.942193674111575e-09,31.05
0,1,-21,10,31.0,1.7582043524771945e-11,2.11204297841323e-09,31.0
0,1,-21,11,31.048349392520045,2.685330567646296e-11,3.2358233340137862e-09,31.05
0,1,-21,12,31.19294792096444,6.505449151537979e-11,7.912252530558065e-09,31.19
0,1,-21,13,31.43246729100342,1.7011536002228532e-10,2.1009246962752235e-08,31.43
0,1,-21,14,31.764760348537177,3.9510001551257614e-10,4.9831989456523646e-08,31.76
0,1,-21,15,32.186953878862155,7.597336788228808e-10,9.838551140756302e-08,32.19
0,1,-21,16,32.695565448543626,1.1879999001301513e-09,1.5874648665489144e-07,32.7
0,1,-21,17,33.28663395418647,1.514145278012704e-09,2.0970912100475943e-07,33.29
0,1,-21,18,33.955853692699286,1.589421984963578e-09,2.2907544358287563e-07,33.96
0,1,-21,19,34.698703145794944,1.3931429269622289e-09,2.0966801050781545e-07,34.7
0,1,-21,20,35.510561809129406,1.0353608207726537e-09,1.6319874937428953e-07,35.51
0,1,-21,21,36.3868107973205,6.628401327848135e-10,1.097000419758866e-07,36.39
0,1,-21,22,37.32291521304304,3.7123292037356045e-10,6.464093226004619e-08,37.32
0,1,-21,23,38.314488121336026,1.8429734799562597e-10,3.381856335719736e-08,38.31
0,1,-20,-23,63.55312738174259,1.2299700888162279e-11,6.2098114859109306e-09,63.55
0,1,-20,-22,62.02418882984282,3.6061794847277094e-12,1.734121559718437e-09,62.02
0,1,-20,-21,60.50619802962338,9.338970963624109e-13,4.273746587228483e-10,60.51
0,1,-20,-20,59.0,2.1098627037265354e-13,9.180540089590088e-11,59.0
0,1,-20,-19,57.506521369319486,4.1344777475862805e-14,1.709089738908478e-11,57.51
0,1,-20,-18,56.02677931132576,7.171937394746694e-15,2.814088935263734e-12,56.03
0,1,-20,-17,54.56189146281496,1.1537175467744911e-15,4.293271420934576e-13,54.56
0,1,-20,-16,53.113086899558,1.8831532212468195e-16,6.640469046421595e-14,53.11
0,1,-20,-15,51.6817182376902,3.52287931552252e-17,1.1762013314700812e-14,51.68
0,1,-20,-14,50.269274910227224,9.809342166000278e-18,3.0985259566853384e-15,50.27
0,1,-20,-13,48.877397639399746,5.5158965889574895e-18,1.6471846188774303e-15,48.88
0,1,-20,-12,47.50789408087881,2.6985723155871052e-18,7.613347145350121e-16,47.51
0,1,-20,-11,46.16275555033516,7.419479902587772e-19,1.9763639590518177e-16,46.16
0,1,-20,-10,44.84417464955733,3.266208399134514e-17,8.210431363324386e-15,44.84
0,1,-20,-9,43.55456348076513,1.9357185089625556e-21,4.590072514377459e-19,43.55
0,1,-20,-8,42.2965719651132,4.6196256740323766e-15,1.0330637913554903e-12,42.3
0,1,-20,-7,41.073105555825705,1.1090736648037745e-13,2.33875909065496e-11,41.07
0,1,-20,-6,39.88734135035826,1.1231035960334854e-12,2.2335722766115941e-10,39.89
0,1,-20,-5,38.742741255621034,7.127737549392537e-12,1.3373417577047746e-09,38.74
0,1,-20,-4,37.64306044943743,3.247736966729363e-11,5.752554102319385e-09,37.64
0,1,-20,-3,36.59234892706397,1.134962225331539e-10,1.8996430246486632e-08,36.59
0,1,-20,-2,35.59494346111537,3.148716412674301e-10,4.9867796185729233e-08,35.59
0,1,-20,-1,34.655446902326915,7.063136225740551e-10,1.0603533258893004e-07,34.66
0,1,-20,0,33.77869150810907,1.2910638560161085e-09,1.8413798246429742e-07,33.78
0,1,-20,1,32.96968304366907,1.9249400255427337e-09,2.615512259706189e-07,32.97
0,1,-20,2,32.23352292257239,2.331496659155395e-09,3.0280312860780686e-07,32.23
0,1,-20,3,31.575306807693885,2.2769226432808037e-09,2.837614844188701e-07,31.58
0,1,-20,4,30.999999999999993,1.7753055513628787e-09,2.132585793574657e-07,31.0
0,1,-20,5,30.512292604784708,1.0932584573067218e-09,1.2722795296906969e-07,30.51
0,1,-20,6,30.116440692751187,5.253241028611374e-10,5.955862016188142e-08,30.12
0,1,-20,7,29.816103031751144,1.925234871607663e-10,2.139417251074015e-08,29.82
0,1,-20,8,29.61418578992169,4.862044406691836e-11,5.330016180835925e-09,29.61
0,1,-20,9,29.512709126747403,3.7755016941158596e-12,4.1105774694686393e-10,29.51
0,1,-20,10,29.51270912674741,5.750200466147575e-12,6.260530757518172e-10,29.51
0,1,-20,11,29.614185789921688,5.6855100374402205e-11,6.232740378543839e-09,29.61
0,1,-20,12,29.81610303175114,2.1542342681459942e-10,2.3938928304772348e-08,29.82
0,1,-20,13,30.116440692751187,5.805193267977052e-10,6.58163786756898e-08,30.12
0,1,-20,14,30.512292604784708,1.2082958506998944e-09,1.4061542962520014e-07,30.51
0,1,-20,15,30.999999999999993,1.9803756763697453e-09,2.3789262812391555e-07,31.0
0,1,-20,16,31.57530680769388,2.588361442384637e-09,3.225745447571852e-07,31.58
0,1,-20,17,32.23352292257239,2.7344987974733587e-09,3.551430313218524e-07,32.23
0,1,-20,18,32.969683043669065,2.369999605392225e-09,3.2202369638266845e-07,32.97
0,1,-20,19,33.77869150810907,1.711244163168855e-09,2.440661987719579e-07,33.78
0,1,-20,20,34.65544690232691,1.0458332145241737e-09,1.5700571133044154e-07,34.66
0,1,-20,21,35.59494346111536,5.497574890912072e-10,8.70678423348199e-08,35.59
0,1,-20,22,36.592348927063966,2.5256558352596556e-10,4.2273164542658464e-08,36.59
0,1,-20,23,37.64306044943742,1.0285717940138325e-10,1.8218577901470005e-08,37.64
0,1,-19,-23,62.09669878504009,3.8212139496776935e-12,1.841825123744648e-09,62.1
0,1,-19,-22,60.55575942881073,9.419078674192796e-13,4.317470187283122e-10,60.56
0,1,-19,-21,59.02541825349483,2.084911068296228e-13,9.079787702430074e-11,59.03
0,1,-19,-20,57.5065213693195,4.134477747694955e-14,1.7090897389534023e-11,57.51
0,1,-19,-19,56.0,7.341137948250704e-15,2.877726075714276e-12,56.0
0,1,-19,-18,54.506880299646575,1.2089210481387684e-15,4.489630542525351e-13,54.51
0,1,-19,-17,53.028294334251406,1.8466949714785714e-16,6.491132824747177e-14,53.03
0,1,-19,-16,51.56549233741495,2.5743603691536112e-17,8.556530276974315e-15,51.57
0,1,-19,-15,50.11985634456667,2.28342346219664e-18,7.16994967129745e-16,50.12
0,1,-19,-14,48.692915295759406,8.407538329261838e-22,2.4917841723349777e-19,48.69
0,1,-19,-13,47.28636167014756,2.8805073777644105e-19,8.051018120851529e-17,47.29
0,1,-19,-12,45.902069670114,2.0511725697266903e-19,5.4022757555176707e-17,45.9
0,1,-19,-11,44.54211490264017,9.028901120733531e-21,2.2391674779419153e-18,44.54
0,1,-19,-10,43.20879540093661,3.335283119984991e-17,7.783716981264975e-15,43.21
0,1,-19,-9,41.90465367951393,2.0366073576859273e-15,4.470353150120611e-13,41.9
0,1,-19,-8,40.63249930782009,4.044382324767695e-14,8.346594022739331e-12,40.63
0,1,-19,-7,39.39543120718442,4.3764587799268397e-13,8.490330033058071e-11,39.4
0,1,-19,-6,38.196858509568564,3.183718609311573e-12,5.806306813731983e-10,38.2
0,1,-19,-5,37.04051835490427,1.705440861108853e-11,2.9248310768016834e-09,37.04
0,1,-19,-4,35.93048844644337,7.095758300455323e-11,1.1450779957359781e-08,35.93
0,1,-19,-3,34.87119154832539,2.3598143120890736e-10,3.586917754375393e-08,34.87
0,1,-19,-2,33.8673884437522,6.375271437744868e-10,9.140545423866704e-08,33.87
0,1,-19,-1,32.92415526630866,1.408290808670597e-09,1.9082340457486593e-07,32.92
0,1,-19,0,32.04684071792413,2.544963480577753e-09,3.2670968681916897e-07,32.05
0,1,-19,1,31.240998703626612,3.7455452573461686e-09,4.569565213962324e-07,31.24
0,1,-19,2,30.512292604784708,4.4547515411975395e-09,5.184217106068634e-07,30.51
0,1,-19,3,29.866369046136153,4.238091783941937e-09,4.725472339095258e-07,29.87
0,1,-19,4,29.30870177950569,3.1918909817850897e-09,3.42729294169174e-07,29.31
0,1,-19,5,28.84441020371191,1.891388113122474e-09,1.9670436376473724e-07,28.84
0,1,-19,6,28.47806173179628,8.920783549531993e-10,9.043444323338055e-08,28.48
0,1,-19,7,28.213471959331766,3.574940980865535e-10,3.5570662759612066e-08,28.21
0,1,-19,8,28.05352027821107,1.5031370943961849e-10,1.4787111166122465e-08,28.05
0,1,-19,9,27.999999999999996,1.0317322060699837e-10,1.0110975619485837e-08,28.0
0,1,-19,10,28.05352027821107,1.5611109419230103e-10,1.535742889116761e-08,28.05
0,1,-19,11,28.213471959331766,3.767686189113049e-10,3.748847758167483e-08,28.21
0,1,-19,12,28.47806173179628,9.428035593002813e-10,9.5576710824066e-08,28.48
0,1,-19,13,28.84441020371191,2.002555474069499e-09,2.0826576930322785e-07,28.84
0,1,-19,14,29.308701779505686,3.395883490813358e-09,3.6463298982608423e-07,29.31
0,1,-19,15,29.866369046136153,4.552912771427352e-09,5.076497740141496e-07,29.87
0,1,-19,16,30.512292604784708,4.865325325702281e-09,5.662022347786027e-07,30.51
0,1,-19,17,31.240998703626612,4.199891288161211e-09,5.123867371556676e-07,31.24
0,1,-19,18,32.04684071792413,2.9729962207935384e-09,3.8165838984437043e-07,32.05
0,1,-19,19,32.92415526630865,1.7523445408431158e-09,2.3744268528424214e-07,32.92
0,1,-19,20,33.8673884437522,8.737980141156585e-10,1.2528079027383254e-07,33.87
0,1,-19,21,34.871191548325385,3.7464388092928895e-10,5.694586990125191e-08,34.87
0,1,-19,22,35.930488446443356,1.404847150347648e-10,2.267072088873516e-08,35.93
0,1,-19,23,37.040518354904265,4.681116647458987e-11,8.028115050392162e-09,37.04
0,1,-18,-23,60.654760736483,9.499668416185567e-13,4.3686600128933374e-10,60.65
0,1,-18,-22,59.10160742314882,2.014343696774357e-13,8.795128166041035e-11,59.1
0,1,-18,-21,57.55866572463264,3.9289513272592654e-14,1.6270769684012435e-11,57.56
0,1,-18,-20,56.02677931132576,7.171937394394895e-15,2.814088935125697e-12,56.03
0,1,-18,-19,54.506880299646575,1.2089210477986905e-15,4.489630541262387e-13,54.51
0,1,-18,-18,53.0,2.048242826732291e-16,7.191892625363758e-14,53.0
0,1,-18,-17,51.507281038703645,3.311483335549652e-17,1.0981706611516533e-14,51.51
0,1,-18,-16,50.02999100539596,6.100318462661499e-18,1.908637139005217e-15,50.03
0,1,-18,-15,48.569537778323564,1.2984101282618559e-18,3.828686865712148e-16,48.57
0,1,-18,-14,47.12748667179272,2.3467908304083057e-19,6.515278042921059e-17,47.13
0,1,-18,-13,45.70557952810576,3.944528855761642e-20,1.0300150974607588e-17,45.71
0,1,-18,-12,44.30575583375144,3.4086495407791946e-19,8.363973810686947e-17,44.31
0,1,-18,-11,42.930175867331364,1.2718553764687259e-18,2.930036823539828e-16,42.93
0,1,-18,-10,41.58124577258358,2.4709171033766065e-16,5.34026958967269e-14,41.58
0,1,-18,-9,40.26164427839479,7.443769458239593e-15,1.5082937864757975e-12,40.26
0,1,-18,-8,38.97435053981015,1.044398296838506e-13,1.9830512661221133e-11,38.97
0,1,-18,-7,37.72267222772003,9.597411481440486e-13,1.7071395672612267e-10,37.72
0,1,-18,-6,36.51027252705737,6.388121884970064e-12,1.064420809083137e-09,36.51
0,1,-18,-5,35.34119409414458,3.285178001618804e-11,5.128984155027358e-09,35.34
0,1,-18,-4,34.219877264537345,1.3454741358206848e-10,1.9694377663075273e-08,34.22
0,1,-18,-3,33.15116890850155,4.471195099684575e-10,6.142304268191684e-08,33.15
0,1,-18,-2,32.14031735997639,1.2142458941685433e-09,1.5678950108451317e-07,32.14
0,1,-18,-1,31.19294792096444,2.698446920057937e-09,3.281986066520465e-07,31.19
0,1,-18,0,30.315012782448232,4.886472449240492e-09,5.613335226065013e-07,30.32
0,1,-18,1,29.51270912674741,7.15441112255671e-09,7.789365109683617e-07,29.51
0,1,-18,2,28.79236009777593,8.372836201399048e-09,8.676351513699758e-07,28.79
0,1,-18,3,28.16025568065744,7.724021090685364e-09,7.656435906141863e-07,28.16
0,1,-18,4,27.622454633866262,5.524288040084217e-09,5.26878971823032e-07,27.62
0,1,-18,5,27.184554438136367,3.0036890832896543e-09,2.7746577906888167e-07,27.18
0,1,-18,6,26.8514431641951,1.2029395259517503e-09,1.0841492477640146e-07,26.85
0,1,-18,7,26.62705391138869,3.2106239453717254e-10,2.8454154715856903e-08,26.63
0,1,-18,8,26.514147167125696,2.7394960834899538e-11,2.4073321833667955e-09,26.51
0,1,-18,9,26.5141471671257,3.252829868044052e-11,2.8584242465437096e-09,26.51
0,1,-18,10,26.62705391138869,3.414415112636165e-10,3.0260253935737995e-08,26.63
0,1,-18,11,26.8514431641951,1.2550167129525533e-09,1.1310838125484883e-07,26.85
0,1,-18,12,27.184554438136367,3.1163579034275117e-09,2.8787356132911624e-07,27.18
0,1,-18,13,27.622454633866262,5.731450547655792e-09,5.466370959826711e-07,27.62
0,1,-18,14,28.160255680657443,8.045663439933082e-09,7.975263884833665e-07,28.16
0,1,-18,15,28.792360097775934,8.794094299276453e-09,9.112880217625222e-07,28.79
0,1,-18,16,29.51270912674741,7.620889653281124e-09,8.297243610009823e-07,29.51
0,1,-18,17,30.315012782448232,5.324523443746722e-09,6.116546306004044e-07,30.32
0,1,-18,18,31.19294792096444,3.0482577659854387e-09,3.707443507879789e-07,31.19
0,1,-18,19,32.14031735997639,1.452221405402461e-09,1.8751808897259277e-07,32.14
0,1,-18,20,33.151168908501546,5.851923042523251e-10,8.039079279666314e-08,33.15
0,1,-18,21,34.21987726453734,2.0287943367245266e-10,2.969647710380524e-08,34.22
0,1,-18,22,35.341194094144576,6.170460738533097e-11,9.633631828034794e-09,35.34
0,1,-18,23,36.51027252705736,1.6780579320839194e-11,2.7960640293348292e-09,36.51
0,1,-17,-23,59.22837157984339,1.8679090519812979e-13,8.190781192937992e-11,59.23
0,1,-17,-22,57.66281297335398,3.570876729017833e-14,1.484145640498037e-11,57.66
0,1,-17,-21,56.10704055642215,6.40007119127612e-15,2.5184280137671533e-12,56.11
0,1,-17,-20,54.56189146281496,1.1537175473085363e-15,4.2932714229218915e-13,54.56
0,1,-17,-19,53.028294334251406,1.8466949716515568e-16,6.491132825355221e-14,53.03
0,1,-17,-18,51.507281038703645,3.311483348977487e-17,1.098170665604659e-14,51.51
0,1,-17,-17,50.0,4.434575478303414e-18,1.3858048369698167e-15,50.0
0,1,-17,-16,48.507731342539614,6.432132984611732e-19,1.8918511140989256e-16,48.51
0,1,-17,-15,47.031904065219386,1.646889857306255e-19,4.5536504554517955e-17,47.03
0,1,-17,-14,45.57411546042337,3.9443380027307566e-20,1.024048753958973e-17,45.57
0,1,-17,-13,44.13615298142782,1.2292036483117e-18,2.993110883638989e-16,44.14
0,1,-17,-12,42.720018726587654,1.3294154749070406e-18,3.032729052131686e-16,42.72
0,1,-17,-11,41.32795663954366,6.325313623046453e-19,1.3504544585204181e-16,41.33
0,1,-17,-10,39.96248240537617,5.649822259558688e-16,1.1278457685644032e-13,39.96
0,1,-17,-9,38.62641583165593,1.3763161589391233e-14,2.5668296364214652e-12,38.63
0,1,-17,-8,37.32291521304305,1.8359368509577889e-13,3.196825041730252e-11,37.32
0,1,-17,-7,36.0555127546399,1.6247219491806411e-12,2.6401731674185426e-10,36.06
0,1,-17,-6,34.828149534535996,1.0818138629701465e-11,1.6403002697284848e-09,34.83
0,1,-17,-5,33.64520768252145,5.636793073920797e-11,7.976062199597932e-09,33.65
0,1,-17,-4,32.51153641401771,2.364858406131227e-10,3.1245691691008835e-08,32.51
0,1,-17,-3,31.432467291003416,8.064499870970978e-10,9.959657340649155e-08,31.43
0,1,-17,-2,30.413812651491096,2.24496949161158e-09,2.595745974675889e-07,30.41
0,1,-17,-1,29.461839725312466,5.085844872012634e-09,5.518141686133705e-07,29.46
0,1,-17,0,28.583211855912904,9.316810595906643e-09,9.514792821069659e-07,28.58
0,1,-17,1,27.784887978899608,1.3657040188368303e-08,1.317904378177541e-06,27.78
0,1,-17,2,27.073972741361764,1.5815369463989152e-08,1.4490832271380059e-06,27.07
0,1,-17,3,26.457513110645905,1.4252957337594929e-08,1.2471337670395563e-06,26.46
0,1,-17,4,25.942243542145693,9.870733009073849e-09,8.303754143883374e-07,25.94
0,1,-17,5,25.534290669607405,5.252464605715669e-09,4.2807586536582685e-07,25.53
0,1,-17,6,25.23885892824792,2.2510610428762794e-09,1.7924073553902368e-07,25.24
0,1,-17,7,25.059928172283332,9.419478173649436e-10,7.394290366314804e-08,25.06
0,1,-17,8,24.999999999999996,6.249991460134694e-10,4.8828058282302275e-08,25.0
0,1,-17,9,25.059928172283332,9.548048058473343e-10,7.495217725901572e-08,25.06
0,1,-17,10,25.23885892824792,2.292717764233611e-09,1.8255765197710123e-07,25.24
0,1,-17,11,25.534290669607408,5.354413319489308e-09,4.3638468553837853e-07,25.53
0,1,-17,12,25.94224354214569,1.0071323105170967e-08,8.472500562225073e-07,25.94
0,1,-17,13,26.457513110645902,1.45758084890553e-08,1.2753832427923382e-06,26.46
0,1,-17,14,27.073972741361768,1.6245723774831604e-08,1.4885144408689458e-06,27.07
0,1,-17,15,27.784887978899608,1.4136537002303537e-08,1.364175820722291e-06,27.78
0,1,-17,16,28.5832118559129,9.766504580943499e-09,9.974042803288547e-07,28.58
0,1,-17,17,29.461839725312466,5.442494645564149e-09,5.9051066904371e-07,29.46
0,1,-17,18,30.413812651491096,2.4849578382885186e-09,2.8732325005210994e-07,30.41
0,1,-17,19,31.43246729100342,9.436952449311186e-10,1.1654636274899313e-07,31.43
0,1,-17,20,32.51153641401771,3.0327684109571864e-10,4.0070452629771815e-08,32.51
0,1,-17,21,33.64520768252144,8.403139379880921e-11,1.1890442222531498e-08,33.65
0,1,-17,22,34.82814953453599,2.0588876443265557e-11,3.121788390710138e-09,34.83
0,1,-17,23,36.055512754639885,4.571473689417697e-12,7.428644745303754e-10,36.06
0,1,-16,-23,57.81868210189506,2.9431783766580483e-14,1.2298806641459819e-11,57.82
0,1,-16,-22,56.24055476255546,5.5657565599040364e-15,2.2005609998720583e-12,56.24
0,1,-16,-21,54.67174773134658,9.33216299768394e-16,3.486729400009662e-13,54.67
0,1,-16,-20,53.113086899558006,1.883153220891751e-16,6.640469045169538e-14,53.11
0,1,-16,-19,51.56549233741495,2.5743603669540164e-17,8.556530269663412e-15,51.57
0,1,-16,-18,50.02999100539596,6.1003184519137425e-18,1.9086371356425125e-15,50.03
0,1,-16,-17,48.507731342539614,6.432132923098508e-19,1.8918510960063487e-16,48.51
0,1,-16,-16,47.00000000000001,3.236009532181822e-20,8.935431320737057e-18,47.0
0,1,-16,-15,45.50824101193101,4.877884175345613e-21,1.2627622658925954e-18,45.51
0,1,-16,-14,44.03407771260799,1.2429709755916428e-18,3.012650902090244e-16,44.03
0,1,-16,-13,42.57933771208754,1.2843412798041484e-18,2.9106384253561523e-16,42.58
0,1,-16,-12,41.14608122288197,1.236690121548697e-17,2.61714546972743e-15,41.15
0,1,-16,-11,39.736632972611055,1.1085441563354968e-18,2.1879890285671869e-16,39.74
0,1,-16,-10,38.35361782153022,5.947855528753473e-16,1.0936619353495453e-13,38.35
0,1,-16,-9,37.0,1.8793700374095983e-14,3.2160719765171752e-12,37.0
0,1,-16,-8,35.679125549822544,2.509143259406275e-13,3.9926742115302345e-11,35.68
0,1,-16,-7,34.394767043839686,2.346155317852272e-12,3.4693771762740485e-10,34.39
0,1,-16,-6,33.151168908501546,1.6310040208567078e-11,2.2405917736519013e-09,33.15
0,1,-16,-5,31.95309061734091,8.964885495281395e-11,1.1441435113352877e-08,31.95
0,1,-16,-4,30.805843601498722,3.9488981880522957e-10,4.6843804755770345e-08,30.81
0,1,-16,-3,29.71531591620725,1.409914913161569e-09,1.5561935854020817e-07,29.72
0,1,-16,-2,28.687976575562104,4.074303806494085e-09,4.1914400409307897e-07,28.69
0,1,-16,-1,27.730849247724088,9.494548938762512e-09,9.12663516738546e-07,27.73
0,1,-16,0,26.8514431641951,1.767094251111437e-08,1.592593693814182e-06,26.85
0,1,-16,1,26.057628441590765,2.5943414869904007e-08,2.2019473370831025e-06,26.06
0,1,-16,2,25.35744466621193,2.953931852821049e-08,2.3742227267049175e-06,25.36
0,1,-16,3,24.75883680627989,2.555718888970593e-08,1.9583195986737166e-06,24.76
0,1,-16,4,24.269322199023193,1.6343287764399707e-08,1.2032745616539284e-06,24.27
0,1,-16,5,23.895606290697035,7.414771940586943e-09,5.292293472593928e-07,23.9
0,1,-16,6,23.643180835073775,2.144345953689955e-09,1.4983617351408556e-07,23.64
0,1,-16,7,23.515952032609693,1.9573450597924274e-10,1.3530147725815154e-08,23.52
0,1,-16,8,23.515952032609693,2.0852443150903141e-10,1.4414251328061796e-08,23.52
0,1,-16,9,23.643180835073775,2.19232776675516e-09,1.5318890270201678e-07,23.64
0,1,-16,10,23.895606290697035,7.525972743685427e-09,5.371663045805471e-07,23.9
0,1,-16,11,24.26932219902319,1.6555514629512067e-08,1.2188997645978256e-06,24.27
0,1,-16,12,24.75883680627989,2.5895405043870723e-08,1.984235411486594e-06,24.76
0,1,-16,13,25.35744466621193,2.998884806474373e-08,2.410353663203776e-06,25.36
0,1,-16,14,26.05762844159076,2.644287159743765e-08,2.24433872683252e-06,26.06
0,1,-16,15,26.851443164195103,1.8136483194231153e-08,1.6345505478800825e-06,26.85
0,1,-16,16,27.73084924772409,9.860059696572909e-09,9.477982383330706e-07,27.73
0,1,-16,17,28.6879765755621,4.316732916425874e-09,4.4408389877731165e-07,28.69
0,1,-16,18,29.71531591620725,1.5460773940630808e-09,1.7064829236971252e-07,29.72
0,1,-16,19,30.805843601498722,4.596942201805112e-10,5.453122686891313e-08,30.81
0,1,-16,20,31.953090617340912,1.1583100764479583e-10,1.4782932350667066e-08,31.95
0,1,-16,21,33.151168908501546,2.528925517151008e-11,3.474111429186196e-09,33.15
0,1,-16,22,34.39476704383967,4.978608805136635e-12,7.362117770595796e-10,34.39
0,1,-16,23,35.67912554982254,9.124295588326963e-13,1.4519035354925272e-10,35.68
0,1,-15,-23,56.42694391866354,3.894544492961114e-15,1.5500287081985232e-12,56.43
0,1,-15,-22,54.836119483420774,8.712873376360954e-16,3.274951280339673e-13,54.84
0,1,-15,-21,53.25410782277739,1.1566494941704918e-16,4.100322456834394e-14,53.25
0,1,-15,-20,51.6817182376902,3.5228793111686656e-17,1.176201330016438e-14,51.68
0,1,-15,-19,50.11985634456667,2.283423456541978e-18,7.169949653541811e-16,50.12
0,1,-15,-18,48.569537778323564,1.2984101321099321e-18,3.8286868770591625e-16,48.57
0,1,-15,-17,47.031904065219386,1.6468898461150055e-19,4.55365042450799e-17,47.03
0,1,-15,-16,45.50824101193101,4.8778849976342784e-21,1.2627624787625738e-18,45.51
0,1,-15,-15,44.0,1.4068463694187432e-18,3.4045682139933585e-16,44.0
0,1,-15,-14,42.50882261366456,1.706853747081296e-19,3.855355901219877e-17,42.51
0,1,-15,-13,41.036569057366385,1.501190351442172e-17,3.160005689785773e-15,41.04
0,1,-15,-12,39.585350825778974,7.64870501914929e-18,1.498190095625867e-15,39.59
0,1,-15,-11,38.157568056677825,2.149153364546714e-17,3.911459123475019e-15,38.16
0,1,-15,-10,36.75595189897821,5.8371245111609345e-16,9.857444018223028e-14,36.76
0,1,-15,-9,35.38361202590826,1.7585553067592067e-14,2.7521390550781578e-12,35.38
0,1,-15,-8,34.0440890610984,2.9151856113734286e-13,4.223375154477253e-11,34.04
0,1,-15,-7,32.741411087489794,2.940158132561126e-12,3.939811897631907e-10,32.74
0,1,-15,-6,31.480152477394384,2.2599982043163474e-11,2.7995727755968746e-09,31.48
0,1,-15,-5,30.26549190084311,1.3431449258035422e-10,1.5379009400450557e-08,30.27
0,1,-15,-4,29.10326442171049,6.375845458293906e-10,6.750426378968671e-08,29.1
0,1,-15,-3,27.999999999999993,2.4189792248502625e-09,2.370599640353256e-07,28.0
0,1,-15,-2,26.962937525425524,7.353643648736918e-09,6.682623665789673e-07,26.96
0,1,-15,-1,25.999999999999993,1.7772044919887018e-08,1.5017377957304524e-06,26.0
0,1,-15,0,25.119713374160934,3.384889850974358e-08,2.6698318699560238e-06,25.12
0,1,-15,1,24.331050121192874,5.006098761302991e-08,3.704513083364212e-06,24.33
0,1,-15,2,23.64318083507377,5.6527980487004646e-08,3.949892636529447e-06,23.64
0,1,-15,3,23.065125189341586,4.782868080019727e-08,3.180607273213117e-06,23.07
0,1,-15,4,22.605309110914625,3.002643220008277e-08,1.917938356780286e-06,22.61
0,1,-15,5,22.27105745132008,1.4317659280892712e-08,8.876948754153474e-07,22.27
0,1,-15,6,22.068076490713906,6.123992477338259e-09,3.727980420579664e-07,22.07
0,1,-15,7,21.999999999999996,3.960994912991712e-09,2.3964019223599847e-07,22.0
0,1,-15,8,22.068076490713903,6.150853121652699e-09,3.7443318378060783e-07,22.07
0,1,-15,9,22.271057451320083,1.440176519299459e-08,8.929094419656642e-07,22.27
0,1,-15,10,22.60530911091463,3.021501397447508e-08,1.9299840176195954e-06,22.61
0,1,-15,11,23.06512518934159,4.8156086031903475e-08,3.20237972112158e-06,23.07
0,1,-15,12,23.643180835073775,5.698240911687112e-08,3.9816458370413685e-06,23.64
0,1,-15,13,24.331050121192877,5.0575090882146443e-08,3.742556725278836e-06,24.33
0,1,-15,14,25.119713374160934,3.4329502001150116e-08,2.707739470340714e-06,25.12
0,1,-15,15,25.999999999999996,1.8146570861569398e-08,1.5333852378026136e-06,26.0
0,1,-15,16,26.962937525425524,7.598432833757446e-09,6.905075837677079e-07,26.96
0,1,-15,17,27.999999999999996,2.553529734800572e-09,2.50245914010456e-07,28.0
0,1,-15,18,29.10326442171049,6.999510355329694e-10,7.410731588705312e-08,29.1
0,1,-15,19,30.26549190084311,1.5867741357610944e-10,1.8168563854464528e-08,30.27
0,1,-15,20,31.480152477394384,3.0656141418923213e-11,3.797529518269112e-09,31.48
0,1,-15,21,32.741411087489794,5.19196672885607e-12,6.957235416667131e-10,32.74
0,1,-15,22,34.0440890610984,8.371464567959216e-13,1.212815929283091e-10,34.04
0,1,-15,23,35.383612025908256,1.3120005504725068e-13,2.053280861489472e-11,35.38
0,1,-14,-23,55.054518434003214,4.057359385639651e-16,1.5372320372342227e-13,55.05
0,1,-14,-22,53.45091205957107,1.6611837243301469e-16,5.932502375514036e-14,53.45
0,1,-14,-21,51.85556864985669,6.498513475142236e-18,2.1843128418321843e-15,51.86
0,1,-14,-20,50.269274910227224,9.809342170310085e-18,3.0985259580466986e-15,50.27
0,1,-14,-19,48.692915295759406,8.407538847299955e-22,2.491784325868525e-19,48.69
0,1,-14,-18,47.12748667179272,2.3467908216643396e-19,6.515278018645622e-17,47.13
0,1,-14,-17,45.574115460423364,3.94433827549714e-20,1.0240488247759449e-17,45.57
0,1,-14,-16,44.034077712607996,1.2429709783571642e-18,3.012650908793177e-16,44.03
0,1,-14,-15,42.50882261366456,1.7068537362269941e-19,3.855355876702722e-17,42.51
0,1,-14,-14,41.0,1.4227036860057935e-17,2.9894561202196735e-15,41.0
0,1,-14,-13,39.50949253027682,1.5028052186067196e-18,2.9323486828063614e-16,39.51
0,1,-14,-12,38.03945320322047,9.838657108690967e-17,1.7795671045344786e-14,38.04
0,1,-14,-11,36.59234892706398,1.1210628668098505e-17,1.876378973322988e-15,36.59
0,1,-14,-10,35.17101079013795,1.8879156650053314e-17,2.9191895970144937e-15,35.17
0,1,-14,-9,33.77869150810907,1.3833232922556923e-14,1.972964845579681e-12,33.78
0,1,-14,-8,32.41913015489465,2.5237807815626907e-13,3.3156170017779844e-11,32.42
0,1,-14,-7,31.096623610932422,3.2458782440395785e-12,3.9234553274828394e-10,31.1
0,1,-14,-6,29.816103031751148,2.82007481501663e-11,3.13380813818723e-09,29.82
0,1,-14,-5,28.583211855912904,1.8999259565543262e-10,1.9402993831311056e-08,28.58
0,1,-14,-4,27.404379212089438,9.900557089994517e-10,9.29414796823235e-08,27.4
0,1,-14,-3,26.28687885618983,4.070332719769347e-09,3.5157498867007734e-07,26.29
0,1,-14,-2,25.23885892824792,1.3133797603766602e-08,1.0457786341999152e-06,25.24
0,1,-14,-1,24.26932219902319,3.3170296955449254e-08,2.4421631133449504e-06,24.27
0,1,-14,0,23.388031127052997,6.467550402687813e-08,4.4221875878377916e-06,23.39
0,1,-14,1,22.60530911091463,9.590375855716361e-08,6.1258525778388255e-06,22.61
0,1,-14,2,21.931712199461305,1.0553627328747972e-07,6.345368431409716e-06,21.93
0,1,-14,3,21.37755832643195,8.340993342969014e-08,4.764792447171049e-06,21.38
0,1,-14,4,20.95232683975696,4.4955226001713575e-08,2.466918026844032e-06,20.95
0,1,-14,5,20.663978319771818,1.4751474851375465e-08,7.873599701921649e-07,20.66
0,1,-14,6,20.51828452868319,1.4533824974210388e-09,7.648425392678216e-08,20.52
0,1,-14,7,20.51828452868319,1.4842845987624387e-09,7.811047700987333e-08,20.52
0,1,-14,8,20.66397831977182,1.4859825086175712e-08,7.931431639746284e-07,20.66
0,1,-14,9,20.95232683975696,4.517830152571961e-08,2.479159296223863e-06,20.95
0,1,-14,10,21.37755832643195,8.377735355270381e-08,4.7857813216982045e-06,21.38
0,1,-14,11,21.931712199461305,1.0603217198501296e-07,6.375184340598902e-06,21.93
0,1,-14,12,22.60530911091463,9.645527179989411e-08,6.161080486218235e-06,22.61
0,1,-14,13,23.388031127052997,6.518318711082038e-08,4.456900418702342e-06,23.39
0,1,-14,14,24.269322199023193,3.355905448978419e-08,2.470785386810361e-06,24.27
0,1,-14,15,25.23885892824792,1.3382100821091643e-08,1.0655497778794216e-06,25.24
0,1,-14,16,26.286878856189826,4.203066924635493e-09,3.630399056153906e-07,26.29
0,1,-14,17,27.404379212089438,1.0493910209509018e-09,9.851158209176588e-08,27.4
0,1,-14,18,28.5832118559129,2.1222550934883118e-10,2.1673530142249378e-08,28.58
0,1,-14,19,29.816103031751144,3.514618569415358e-11,3.905619885262815e-09,29.82
0,1,-14,20,31.096623610932422,5.083578769478367e-12,6.144775837606975e-10,31.1
0,1,-14,21,32.419130154894646,6.565395418260412e-13,8.62528823073961e-11,32.42
0,1,-14,22,33.77869150810907,9.67642547464247e-14,1.3801001833208819e-11,33.78
0,1,-14,23,35.17101079013794,1.3591424075378975e-14,2.1015739476554734e-12,35.17
0,1,-13,-23,53.70288632839021,1.1716999172178047e-17,4.223978201570186e-15,53.7
0,1,-13,-22,52.086466572421664,5.471858858518646e-17,1.8556441353951354e-14,52.09
0,1,-13,-21,50.47771785649585,1.2458103089834212e-18,3.9679058341121967e-16,50.48
0,1,-13,-20,48.877397639399746,5.515896553195855e-18,1.6471846081981122e-15,48.88
0,1,-13,-19,47.286361670147556,2.8805073663584775e-19,8.051018088971945e-17,47.29
0,1,-13,-18,45.70557952810576,3.944528995349871e-20,1.030015133910735e-17,45.71
0,1,-13,-17,44.13615298142782,1.2292036432772652e-18,2.9931108713801404e-16,44.14
0,1,-13,-16,42.57933771208754,1.2843412864538603e-18,2.9106384404260615e-16,42.58
0,1,-13,-15,41.036569057366385,1.5011903521026967e-17,3.160005691176177e-15,41.04
0,1,-13,-14,39.509492530276816,1.5028052122991282e-18,2.932348670498673e-16,39.51
0,1,-13,-13,38.00000000000001,9.848494791022745e-17,1.7776533097796062e-14,38.0
0,1,-13,-12,36.51027252705736,6.268970268279549e-18,1.0445671709520792e-15,36.51
0,1,-13,-11,35.042830935870455,4.946303421879144e-16,7.592575752584482e-14,35.04
0,1,-13,-10,33.600595232822876,4.372532820249147e-18,6.170736942576605e-16,33.6
0,1,-13,-9,32.186953878862155,2.412359902620872e-15,3.124006073894028e-13,32.19
0,1,-13,-8,30.805843601498722,1.8719191338680815e-13,2.2205640725510112e-11,30.81
0,1,-13,-7,29.461839725312466,2.866757052238246e-12,3.1104314016784955e-10,29.46
0,1,-13,-6,28.160255680657443,3.237908817411374e-11,3.2095771152590234e-09,28.16
0,1,-13,-5,26.90724809414742,2.517943530910825e-10,2.2787388954742966e-08,26.91
0,1,-13,-4,25.70992026436488,1.497802795459095e-09,1.2375595597480772e-07,25.71
0,1,-13,-3,24.576411454889012,6.769517041557114e-09,5.110985366375621e-07,24.58
0,1,-13,-2,23.515952032609693,2.358120527223297e-08,1.6300508144431038e-06,23.52
0,1,-13,-1,22.538855339169285,6.277046384712343e-08,3.985924454292336e-06,22.54
0,1,-13,0,21.65640782770771,1.2675021574688544e-07,7.430731398161155e-06,21.66
0,1,-13,1,20.880613017821098,1.9030018254567234e-07,1.0371359948739139e-05,20.88
0,1,-13,2,20.223748416156678,2.0860957588776216e-07,1.0665164567261833e-05,20.22
0,1,-13,3,19.697715603592204,1.6345336334006496e-07,7.927488121993146e-06,19.7
0,1,-13,4,19.313207915827963,9.166462904294535e-08,4.273863329127325e-06,19.31
0,1,-13,5,19.07878402833891,4.17744646755145e-08,1.900738142735909e-06,19.08
0,1,-13,6,19.0,2.691053168427729e-08,1.2143377422530128e-06,19.0
0,1,-13,7,19.078784028338912,4.182778092299163e-08,1.9031640319961191e-06,19.08
0,1,-13,8,19.313207915827963,9.182326436605326e-08,4.281259701067232e-06,19.31
0,1,-13,9,19.697715603592208,1.6377180577356144e-07,7.942932580017729e-06,19.7
0,1,-13,10,20.223748416156685,2.0908632069374584e-07,1.0689538145467757e-05,20.22
0,1,-13,11,20.880613017821098,1.9085723436746894e-07,1.0401719273027055e-05,20.88
0,1,-13,12,21.656407827707714,1.2727215849372298e-07,7.4613302916945085e-06,21.66
0,1,-13,13,22.538855339169288,6.316849910742377e-08,4.0111996933214095e-06,22.54
0,1,-13,14,23.51595203260969,2.383107755453514e-08,1.647323235957241e-06,23.52
0,1,-13,15,24.576411454889012,6.899046753590126e-09,5.208780298960544e-07,24.58
0,1,-13,16,25.70992026436488,1.553435332495554e-09,1.2835259434744513e-07,25.71
0,1,-13,17,26.907248094147416,2.714564781602444e-10,2.4566811273502108e-08,26.91
0,1,-13,18,28.160255680657443,3.814263126901144e-11,3.780888324540758e-09,28.16
0,1,-13,19,29.461839725312466,4.224012933062817e-12,4.5830540323731544e-10,29.46
0,1,-13,20,30.805843601498722,4.675147447755887e-13,5.545893659900419e-11,30.81
0,1,-13,21,32.186953878862155,4.438988417485281e-14,5.748490000643436e-12,32.19
0,1,-13,22,33.600595232822876,9.692951922591201e-15,1.3679178400756824e-12,33.6
0,1,-13,23,35.042830935870455,9.661874519935076e-16,1.4830977388100333e-13,35.04
0,1,-12,-23,52.373657500693994,1.5907175510630634e-17,5.4541728032074796e-15,52.37
0,1,-12,-22,50.74445782546109,3.005130013399849e-17,9.672762230630762e-15,50.74
0,1,-12,-21,49.122296363260546,5.373087921204981e-18,1.6206576442334524e-15,49.12
0,1,-12,-20,47.50789408087881,2.6985723130382094e-18,7.613347138159048e-16,47.51
0,1,-12,-19,45.902069670114,2.051172562693508e-19,5.402275736994027e-17,45.9
0,1,-12,-18,44.30575583375145,3.4086496099103724e-19,8.363973980317579e-17,44.31
0,1,-12,-17,42.720018726587654,1.3294154857171277e-18,3.032729076792197e-16,42.72
0,1,-12,-16,41.14608122288197,1.2366901223057819e-17,2.617145471329611e-15,41.15
0,1,-12,-15,39.585350825778974,7.64870500279703e-18,1.4981900924228683e-15,39.59
0,1,-12,-14,38.03945320322046,9.838657106397819e-17,1.7795671041197046e-14,38.04
0,1,-12,-13,36.51027252705737,6.268970227108641e-18,1.0445671640919772e-15,36.51
0,1,-12,-12,35.0,6.20327421645512e-16,9.498763643946902e-14,35.0
0,1,-12,-11,33.51119216023207,4.8443371080579025e-17,6.800238215436277e-15,33.51
0,1,-12,-10,32.04684071792413,3.2750125595739566e-15,4.204297373353066e-13,32.05
0,1,-12,-9,30.61045573002793,7.491181841428679e-17,8.774046731773338e-15,30.61
0,1,-12,-8,29.206163733020464,3.3658691922296514e-14,3.588858026214865e-12,29.21
0,1,-12,-7,27.83882181415011,2.033045542553979e-12,1.9695128693491668e-10,27.84
0,1,-12,-6,26.514147167125703,2.985069181675863e-11,2.6231295433976645e-09,26.51
0,1,-12,-5,25.238858928247925,3.076097311555831e-10,2.4493424843263302e-08,25.24
0,1,-12,-4,24.020824298928627,2.1299844928189286e-09,1.5362513154456524e-07,24.02
0,1,-12,-3,22.86919325205854,1.0960811972494909e-08,7.165630827018545e-07,22.87
0,1,-12,-2,21.79449471770337,4.1641120875016653e-08,2.472441551954114e-06,21.79
0,1,-12,-1,20.80865204668481,1.1794386564511786e-07,6.383711728042002e-06,20.81
0,1,-12,0,19.924858845171272,2.454977323970522e-07,1.2182824970203712e-05,19.92
0,1,-12,1,19.157244060668017,3.6889845844494804e-07,1.692321678116199e-05,19.16
0,1,-12,2,18.520259177452132,3.839532081866783e-07,1.646199380100383e-05,18.52
0,1,-12,3,18.027756377319946,2.628256930957905e-07,1.067729378201649e-05,18.03
0,1,-12,4,17.691806012954135,1.0420186278608564e-07,4.0768978815056026e-06,17.69
0,1,-12,5,17.52141546793523,1.1622587754131947e-08,4.4601680506481345e-07,17.52
0,1,-12,6,17.52141546793523,1.1696082224830704e-08,4.488371553778783e-07,17.52
0,1,-12,7,17.691806012954135,1.0443706238001075e-07,4.086100065617923e-06,17.69
0,1,-12,8,18.027756377319946,2.6324433679829057e-07,1.0694301182430554e-05,18.03
0,1,-12,9,18.520259177452136,3.8453043806808235e-07,1.6486742532169033e-05,18.52
0,1,-12,10,19.157244060668017,3.6953886997956564e-07,1.6952595660312575e-05,19.16
0,1,-12,11,19.924858845171272,2.460739552243647e-07,1.2211420028009095e-05,19.92
0,1,-12,12,20.80865204668481,1.1836813831624267e-07,6.4066754863666325e-06,20.81
0,1,-12,13,21.794494717703365,4.1897093432214266e-08,2.4876399225377214e-06,21.79
0,1,-12,14,22.86919325205854,1.1087618466414564e-08,7.24853057241852e-07,22.87
0,1,-12,15,24.020824298928627,2.181142519224081e-09,1.5731490419903683e-07,24.02
0,1,-12,16,25.23885892824792,3.244546170860415e-10,2.5834698885476043e-08,25.24
0,1,-12,17,26.5141471671257,3.417965173250383e-11,3.0035368959937732e-09,26.51
0,1,-12,18,27.838821814150105,2.9423772601040397e-12,2.8504279707257875e-10,27.84
0,1,-12,19,29.206163733020464,1.5042310552520266e-13,1.603886362662473e-11,29.21
0,1,-12,20,30.61045573002793,2.0459305740073712e-14,2.3962961848061325e-12,30.61
0,1,-12,21,32.04684071792413,6.228125873947992e-16,7.995356590680732e-14,32.05
0,1,-12,22,33.51119216023207,1.5859220823775855e-15,2.2262381231375344e-13,33.51
0,1,-12,23,34.99999999999999,6.86234929675036e-22,1.0507972360648984e-19,35.0
0,1,-11,-23,51.068581339214816,4.040954290864558e-18,1.3173510988218457e-15,51.07
0,1,-11,-22,49.42671342502959,2.2131728594935092e-20,6.758476619678305e-18,49.43
0,1,-11,-21,47.791212581394085,1.7968395881572044e-18,5.12997702418882e-16,47.79
0,1,-11,-20,46.16275555033516,7.419479991129131e-19,1.9763639826370223e-16,46.16
0,1,-11,-19,44.54211490264017,9.028902246017796e-21,2.239167757012413e-18,44.54
0,1,-11,-18,42.93017586733136,1.2718553856726453e-18,2.930036844743356e-16,42.93
0,1,-11,-17,41.32795663954365,6.325313735193604e-19,1.3504544824638343e-16,41.33
0,1,-11,-16,39.73663297261105,1.1085441572060626e-18,2.1879890302854654e-16,39.74
0,1,-11,-15,38.15756805667782,2.1491533652331455e-17,3.911459124724323e-15,38.16
0,1,-11,-14,36.592348927063966,1.1210628657043847e-17,1.876378971472713e-15,36.59
0,1,-11,-13,35.042830935870455,4.946303423506678e-16,7.592575755082746e-14,35.04
0,1,-11,-12,33.51119216023208,4.8443371069217974e-17,6.8002382138414715e-15,33.51
0,1,-11,-11,31.999999999999993,3.9206274428835844e-15,5.018403126890986e-13,32.0
0,1,-11,-10,30.51229260478471,4.2373399087448535e-16,4.9312043188018224e-14,30.51
0,1,-11,-9,29.051678092667895,2.729846017428677e-14,2.8799875483872534e-12,29.05
0,1,-11,-8,27.622454633866266,2.858809361845031e-16,2.726589428859698e-14,27.62
0,1,-11,-7,26.229754097207998,4.893644206211249e-13,4.208534017341673e-11,26.23
0,1,-11,-6,24.879710609249454,2.419352129781597e-11,1.8719737104185103e-09,24.88
0,1,-11,-5,23.57965224510319,3.2753964443365457e-10,2.276400528813899e-08,23.58
0,1,-11,-4,22.338307903688673,2.9581976458866956e-09,1.8451757816218258e-07,22.34
0,1,-11,-3,21.166010488516722,1.750848741289208e-08,9.804752951219563e-07,21.17
0,1,-11,-2,20.07485989988473,7.487650732014811e-08,3.77190405625246e-06,20.07
0,1,-11,-1,19.07878402833891,2.2878682766337397e-07,1.0409800658683511e-05,19.08
0,1,-11,0,18.19340539866025,5.007989134906697e-07,2.0720555045676455e-05,18.19
0,1,-11,1,17.435595774162692,7.702503846715103e-07,2.9269514617517386e-05,17.44
0,1,-11,2,16.822603841260722,8.160021183511849e-07,2.8866074936673167e-05,16.82
0,1,-11,3,16.3707055437449,5.770633895159687e-07,1.933162354878495e-05,16.37
0,1,-11,4,16.09347693943108,3.0215741322382627e-07,9.782346253121375e-06,16.09
0,1,-11,5,16.0,2.0108744487711207e-07,6.434798236067586e-06,16.0
0,1,-11,6,16.09347693943108,3.0225876630084046e-07,9.785627558989709e-06,16.09
0,1,-11,7,16.3707055437449,5.773402495670048e-07,1.934089836049466e-05,16.37
0,1,-11,8,16.82260384126072,8.164847997332303e-07,2.888314979056301e-05,16.82
0,1,-11,9,17.435595774162692,7.70852185693545e-07,2.9292383056354702e-05,17.44
0,1,-11,10,18.193405398660254,5.013708132449469e-07,2.074421739800968e-05,18.19
0,1,-11,11,19.07878402833891,2.2921290030194714e-07,1.042918696373859e-05,19.08
0,1,-11,12,20.07485989988473,7.512959204895902e-08,3.7846531994663095e-06,20.07
0,1,-11,13,21.166010488516722,1.762847924938946e-08,9.871948379658095e-07,21.17
0,1,-11,14,22.338307903688673,3.003887484635122e-09,1.8736748185411566e-07,22.34
0,1,-11,15,23.57965224510319,3.408633977256626e-10,2.3690006141933547e-08,23.58
0,1,-11,16,24.879710609249454,2.7218377609556865e-11,2.1060219675394615e-09,24.88
0,1,-11,17,26.229754097207998,8.626125481324272e-13,7.418467913938871e-11,26.23
0,1,-11,18,27.622454633866262,3.299880678869092e-14,3.1472611974713957e-12,27.62
0,1,-11,19,29.051678092667895,2.9862046467638116e-15,3.15044590233582e-13,29.05
0,1,-11,20,30.51229260478471,2.3665187844493264e-15,2.754036235402903e-13,30.51
0,1,-11,21,31.999999999999993,4.911466204514442e-16,6.286676741778483e-14,32.0
0,1,-11,22,33.51119216023207,8.458860388277582e-16,1.1874125270044647e-13,33.51
0,1,-11,23,35.042830935870455,1.1762823305020447e-16,1.8055933773206375e-14,35.04
0,1,-10,-23,49.7895571380184,6.537996886627115e-16,2.0259617852435765e-13,49.79
0,1,-10,-22,48.13522618623496,5.399439021733838e-16,1.5638125266696626e-13,48.14
0,1,-10,-21,46.486557196677836,2.5412170030410895e-16,6.864462429464744e-14,46.49
0,1,-10,-20,44.844174649557324,3.266208390896241e-17,8.210431342615424e-15,44.84
0,1,-10,-19,43.2087954009366,3.335283126810523e-17,7.783716997194059e-15,43.21
0,1,-10,-18,41.58124577258358,2.470917102163673e-16,5.340269587051238e-14,41.58
0,1,-10,-17,39.962482405376164,5.649822261423807e-16,1.1278457689367271e-13,39.96
0,1,-10,-16,38.35361782153021,5.947855530900693e-16,1.0936619357443646e-13,38.35
0,1,-10,-15,36.7559518989782,5.837124513621591e-16,9.857444022378457e-14,36.76
0,1,-10,-14,35.17101079013794,1.8879156697077408e-17,2.919189604285593e-15,35.17
0,1,-10,-13,33.600595232822876,4.3725328289625155e-18,6.170736954873346e-16,33.6
0,1,-10,-12,32.04684071792413,3.2750125589320652e-15,4.204297372529038e-13,32.05
0,1,-10,-11,30.512292604784708,4.237339907784499e-16,4.9312043176842084e-14,30.51
0,1,-10,-10,28.999999999999996,3.978548212864143e-14,4.182448808773429e-12,29.0
0,1,-10,-9,27.513632984395205,1.365529363159481e-14,1.2921321598896586e-12,27.51
0,1,-10,-8,26.057628441590758,3.8596660516042287e-13,3.275891561299087e-11,26.06
0,1,-10,-7,24.637369989509832,1.083389479197416e-14,8.220217673410389e-13,24.64
0,1,-10,-6,23.25940669922601,6.646578799867334e-12,4.494748913410283e-10,23.26
0,1,-10,-5,21.931712199461305,2.890059418209446e-10,1.737648225198429e-08,21.93
0,1,-10,-4,20.663978319771818,3.490892231193171e-09,1.863263728399354e-07,20.66
0,1,-10,-3,19.46792233393178,2.6619130526212006e-08,1.2610813086792934e-06,19.47
0,1,-10,-2,18.357559750685816,1.2853005462021307e-07,5.414328550876474e-06,18.36
0,1,-10,-1,17.34935157289747,4.323793220108943e-07,1.626827199065989e-05,17.35
0,1,-10,0,16.46207763315433,9.853867284783393e-07,3.337997542720375e-05,16.46
0,1,-10,1,15.716233645501712,1.489002873366776e-06,4.5972963715199215e-05,15.72
0,1,-10,2,15.132745950421556,1.4134296080903377e-06,4.045942253158592e-05,15.13
0,1,-10,3,14.730919862656235,7.455963205739087e-07,2.022430019556727e-05,14.73
0,1,-10,4,14.52583904633395,9.835102509102162e-08,2.594008286775695e-06,14.53
0,1,-10,5,14.52583904633395,9.852233117088376e-08,2.5985264846320587e-06,14.53
0,1,-10,6,14.730919862656233,7.460873213330359e-07,2.0237618591158592e-05,14.73
0,1,-10,7,15.132745950421555,1.4141534454686334e-06,4.048014237653963e-05,15.13
0,1,-10,8,15.71623364550171,1.489805581857685e-06,4.5997747339856016e-05,15.72
0,1,-10,9,16.462077633154326,9.860855689999947e-07,3.340364864987481e-05,16.46
0,1,-10,10,17.349351572897472,4.328628021415947e-07,1.62864629305775e-05,17.35
0,1,-10,11,18.357559750685816,1.2879585694207025e-07,5.425525473684707e-06,18.36
0,1,-10,12,19.46792233393178,2.67360117248827e-08,1.2666185554663174e-06,19.47
0,1,-10,13,20.66397831977182,3.529891669673868e-09,1.8840796786884263e-07,20.66
0,1,-10,14,21.931712199461305,2.9884928241985733e-10,1.7968313105493917e-08,21.93
0,1,-10,15,23.259406699226012,7.922475645569549e-12,5.357574155316406e-10,23.26
0,1,-10,16,24.637369989509832,6.3273870018876726e-15,4.800904887682269e-13,24.64
0,1,-10,17,26.05762844159076,2.375638806182734e-13,2.0163234367475947e-11,26.06
0,1,-10,18,27.513632984395205,6.458998035109251e-16,6.111826890722127e-14,27.51
0,1,-10,19,28.999999999999996,1.9880354716387858e-14,2.0899222895602732e-12,29.0
0,1,-10,20,30.51229260478471,3.0888041166650756e-15,3.594595790768981e-13,30.51
0,1,-10,21,32.04684071792413,1.4121461843008874e-15,1.8128426640962638e-13,32.05
0,1,-10,22,33.600595232822876,6.910596351076095e-17,9.752579100456133e-15,33.6
0,1,-10,23,35.17101079013794,9.179534156334673e-17,1.4193854689232482e-14,35.17
0,1,-9,-23,48.53864439804639,1.3885549524852658e-14,4.0892943350691075e-12,48.54
0,1,-9,-22,46.872166581031856,7.402201125100557e-15,2.03282948398074e-12,46.87
0,1,-9,-21,45.210618221829264,2.047557980207033e-15,5.23151063942897e-13,45.21
0,1,-9,-20,43.55456348076513,1.9357180183768163e-21,4.590071351076025e-19,43.55
0,1,-9,-19,41.90465367951392,2.036607357193555e-15,4.4703531490398523e-13,41.9
0,1,-9,-18,40.26164427839478,7.443769458293949e-15,1.5082937864868108e-12,40.26
0,1,-9,-17,38.626415831655926,1.3763161590219229e-14,2.5668296365758854e-12,38.63
0,1,-9,-16,36.99999999999999,1.8793700372685386e-14,3.2160719762757855e-12,37.0
0,1,-9,-15,35.383612025908256,1.7585553068771947e-14,2.752139055262808e-12,35.38
0,1,-9,-14,33.77869150810907,1.3833232922518553e-14,1.972964845574208e-12,33.78
0,1,-9,-13,32.186953878862155,2.412359902490857e-15,3.1240060737256584e-13,32.19
0,1,-9,-12,30.61045573002793,7.491181835920208e-17,8.774046725321541e-15,30.61
0,1,-9,-11,29.051678092667895,2.7298460175380463e-14,2.8799875485026382e-12,29.05
0,1,-9,-10,27.513632984395205,1.3655293629641338e-14,1.2921321597048112e-12,27.51
0,1,-9,-9,25.999999999999996,4.3997197354456836e-13,3.717763176451602e-11,26.0
0,1,-9,-8,24.51530134426252,1.637534039351645e-13,1.2301974470629228e-11,24.52
0,1,-9,-7,23.06512518934159,4.012380546805974e-12,2.668233063625972e-10,23.07
0,1,-9,-6,21.65640782770771,1.4930922801664192e-13,8.753253492475629e-12,21.66
0,1,-9,-5,20.297783130184435,1.5427183875660253e-10,7.944999695965027e-09,20.3
0,1,-9,-4,18.999999999999996,4.079247469676293e-09,1.8407604206914267e-07,19.0
0,1,-9,-3,17.776388834631174,3.9203306889833637e-08,1.5485306221484281e-06,17.78
0,1,-9,-2,16.64331697709324,2.3506555426257197e-07,8.139144816341554e-06,16.64
0,1,-9,-1,15.620499351813308,8.694953693371296e-07,2.651960876478245e-05,15.62
0,1,-9,0,14.730919862656235,2.167645853160777e-06,5.879739376698607e-05,14.73
0,1,-9,1,13.999999999999998,3.4637691524404335e-06,8.486234423479059e-05,14.0
0,1,-9,2,13.45362404707371,3.438780788366149e-06,7.780241533678411e-05,13.45
0,1,-9,3,13.114877048604,2.296492993540485e-06,4.9374599361120426e-05,13.11
0,1,-9,4,12.999999999999998,1.725045935471003e-06,3.6441595386824924e-05,13.0
0,1,-9,5,13.114877048604,2.296676697872808e-06,4.937854900426537e-05,13.11
0,1,-9,6,13.45362404707371,3.4392193411372704e-06,7.781233759323075e-05,13.45
0,1,-9,7,13.999999999999998,3.4644011953871546e-06,8.487782928698527e-05,14.0
0,1,-9,8,14.730919862656233,2.1682703574241285e-06,5.881433344512946e-05,14.73
0,1,-9,9,15.620499351813306,8.699468910724649e-07,2.653338017771017e-05,15.62
0,1,-9,10,16.643316977093235,2.3531535605987198e-07,8.147794203573063e-06,16.64
0,1,-9,11,17.776388834631174,3.930534363138563e-08,1.552561073439732e-06,17.78
0,1,-9,12,18.999999999999996,4.1103130590279946e-09,1.854778767886382e-07,19.0
0,1,-9,13,20.297783130184435,1.5968091136674174e-10,8.223566935387196e-09,20.3
0,1,-9,14,21.65640782770771,3.219333514994012e-13,1.887334273165239e-11,21.66
0,1,-9,15,23.06512518934159,3.4604891128754086e-12,2.301225260062146e-10,23.07
0,1,-9,16,24.51530134426252,8.921286742266014e-14,6.70211666512734e-12,24.52
0,1,-9,17,25.999999999999996,3.4752910998501846e-13,2.936620979373405e-11,26.0
0,1,-9,18,27.513632984395205,2.7233451775095637e-14,2.576965374218424e-12,27.51
0,1,-9,19,29.051678092667895,1.8423797119006398e-14,1.9437105960551744e-12,29.05
0,1,-9,20,30.61045573002793,6.89531376136004e-17,8.076136242992945e-15,30.61
0,1,-9,21,32.186953878862155,3.4008284823847774e-15,4.4040728846882846e-13,32.19
0,1,-9,22,33.77869150810907,1.2740527029573696e-14,1.817117667592948e-12,33.78
0,1,-9,23,35.383612025908256,1.8211739868701566e-14,2.8501372894517935e-12,35.38
0,1,-8,-23,47.31807265728392,1.0459719370345452e-13,2.927413958775433e-11,47.32
0,1,-8,-22,45.6398948289761,4.040217509156067e-14,1.0519716339465106e-11,45.64
0,1,-8,-21,43.96589587396121,4.623492045236593e-15,1.1171512654302914e-12,43.97
0,1,-8,-20,42.296571965113195,4.619625673926478e-15,1.0330637913318084e-12,42.3
0,1,-8,-19,40.63249930782008,4.0443823248212113e-14,8.346594022849773e-12,40.63
0,1,-8,-18,38.974350539810146,1.0443982968478175e-13,1.983051266139793e-11,38.97
0,1,-8,-17,37.32291521304304,1.83593685099037e-13,3.196825041786981e-11,37.32
0,1,-8,-16,35.67912554982254,2.5091432594274796e-13,3.992674211563975e-11,35.68
0,1,-8,-15,34.0440890610984,2.915185611287373e-13,4.2233751543525795e-11,34.04
0,1,-8,-14,32.419130154894646,2.5237807815344497e-13,3.315617001740881e-11,32.42
0,1,-8,-13,30.805843601498722,1.8719191338641766e-13,2.220564072546379e-11,30.81
0,1,-8,-12,29.206163733020464,3.3658691920433634e-14,3.5888580260162356e-12,29.21
0,1,-8,-11,27.622454633866262,2.858809361273781e-16,2.7265894283148676e-14,27.62
0,1,-8,-10,26.05762844159076,3.859666051705415e-13,3.27589156138497e-11,26.06
0,1,-8,-9,24.51530134426252,1.6375340393198134e-13,1.2301974470390094e-11,24.52
0,1,-8,-8,22.999999999999996,7.581010840383387e-12,5.012943418203514e-10,23.0
0,1,-8,-7,21.51743479135001,3.8933706415811185e-12,2.2532882588150715e-10,21.52
0,1,-8,-6,20.07485989988473,5.65264195953212e-11,2.8475183871143045e-09,20.07
0,1,-8,-5,18.681541692269402,1.0315733553304246e-11,4.500238762628976e-10,18.68
0,1,-8,-4,17.349351572897472,2.724116522862628e-09,1.0249488417270639e-07,17.35
0,1,-8,-3,16.09347693943108,4.983025024547167e-08,1.6132543516971452e-06,16.09
0,1,-8,-2,14.933184523068078,3.724973688250315e-07,1.0383364155997752e-05,14.93
0,1,-8,-1,13.892443989449806,1.6563056190195714e-06,3.9958373058847166e-05,13.89
0,1,-8,0,13.0,4.187615977743508e-06,8.84633875298316e-05,13.0
0,1,-8,1,12.288205727444508,6.493588061187877e-06,0.00012256647465492117,12.29
0,1,-8,2,11.789826122551595,5.1152731711794085e-06,8.88778713492422e-05,11.79
0,1,-8,3,11.532562594670797,8.775291690617668e-07,1.4588922435651876e-05,11.53
0,1,-8,4,11.532562594670797,8.779239434503469e-07,1.459548555986202e-05,11.53
0,1,-8,5,11.789826122551595,5.116243334125361e-06,8.889472793042813e-05,11.79
0,1,-8,6,12.288205727444506,6.494712797007105e-06,0.00012258770404350908,12.29
0,1,-8,7,12.999999999999998,4.1885447991127005e-06,8.848300888125577e-05,13.0
0,1,-8,8,13.892443989449802,1.656898550675478e-06,3.99726775350459e-05,13.89
0,1,-8,9,14.933184523068077,3.727759687586715e-07,1.0391130129147965e-05,14.93
0,1,-8,10,16.093476939431078,4.9927919142363136e-08,1.6164163822340058e-06,16.09
0,1,-8,11,17.34935157289747,2.745161080807707e-09,1.0328668566538993e-07,17.35
0,1,-8,12,18.681541692269402,1.148299569812235e-11,5.009456873305873e-10,18.68
0,1,-8,13,20.07485989988473,5.432587093026931e-11,2.7366657481123156e-09,20.07
0,1,-8,14,21.51743479135001,3.445195482698875e-12,1.993906885611973e-10,21.52
0,1,-8,15,22.999999999999996,7.106481605365324e-12,4.699160961547819e-10,23.0
0,1,-8,16,24.51530134426252,2.1755065774898412e-13,1.6343493163392426e-11,24.52
0,1,-8,17,26.05762844159076,3.367000913021357e-13,2.8577420249268758e-11,26.06
0,1,-8,18,27.622454633866262,7.590391628290488e-17,7.23933601548205e-15,27.62
0,1,-8,19,29.206163733020464,3.942169891206622e-14,4.20333864649906e-12,29.21
0,1,-8,20,30.805843601498722,1.7999388298492315e-13,2.1351774369086505e-11,30.81
0,1,-8,21,32.419130154894646,2.568675014110152e-13,3.37459679978721e-11,32.42
0,1,-8,22,34.0440890610984,2.890851775066338e-13,4.1881215091273557e-11,34.04
0,1,-8,23,35.67912554982254,2.5202532043914397e-13,4.0103529114878763e-11,35.68
0,1,-7,-23,46.13025037868317,4.3777807678850063e-13,1.1644896842574112e-10,46.13
0,1,-7,-22,44.440972086577936,1.1087388529876369e-13,2.7371990433132277e-11,44.44
0,1,-7,-21,42.7551166528639,3.336672715731323e-22,7.624297155446072e-20,42.76
0,1,-7,-20,41.07310555582569,1.1090736648006275e-13,2.3387590906483223e-11,41.07
0,1,-7,-19,39.395431207184416,4.376458779847181e-13,8.49033003290353e-11,39.4
0,1,-7,-18,37.722672227720025,9.597411481366193e-13,1.7071395672480115e-10,37.72
0,1,-7,-17,36.055512754639885,1.624721949169492e-12,2.640173167400423e-10,36.06
0,1,-7,-16,34.39476704383967,2.3461553178476515e-12,3.4693771762672134e-10,34.39
0,1,-7,-15,32.741411087489794,2.9401581325558587e-12,3.939811897624849e-10,32.74
0,1,-7,-14,31.096623610932422,3.2458782440176162e-12,3.9234553274562926e-10,31.1
0,1,-7,-13,29.461839725312466,2.8667570522361747e-12,3.110431401676248e-10,29.46
0,1,-7,-12,27.838821814150105,2.033045542558953e-12,1.9695128693539851e-10,27.84
0,1,-7,-11,26.229754097207998,4.893644206239328e-13,4.2085340173658206e-11,26.23
0,1,-7,-10,24.637369989509835,1.083389479188365e-14,8.220217673341718e-13,24.64
0,1,-7,-9,23.065125189341586,4.012380546834733e-12,2.6682330636450965e-10,23.07
0,1,-7,-8,21.51743479135001,3.893370641576323e-12,2.2532882588122963e-10,21.52
0,1,-7,-7,19.999999999999996,9.809602519794207e-11,4.904801259897101e-09,20.0
0,1,-7,-6,18.520259177452136,2.0264514620452078e-11,8.68841064351883e-10,18.52
0,1,-7,-5,17.08800749063506,3.388566027825909e-10,1.2368266001564567e-08,17.09
0,1,-7,-4,15.716233645501713,1.7896667214838222e-09,5.525596002581303e-08,15.72
0,1,-7,-3,14.422205101855958,6.414324257272764e-08,1.6677243068909188e-06,14.42
0,1,-7,-2,13.228756555322953,6.80824116636749e-07,1.4893027551428884e-05,13.23
0,1,-7,-1,12.16552506059644,3.6141735785237778e-06,6.68622112026899e-05,12.17
0,1,-7,0,11.269427669584646,1.1034018438547602e-05,0.00017516504271194322,11.27
0,1,-7,1,10.583005244258363,1.753611913339857e-05,0.00024550566786758,10.58
0,1,-7,2,10.148891565092221,1.839456686310231e-05,0.0002368300483624423,10.15
0,1,-7,3,10.0,1.7175014040781827e-05,0.00021468767550977282,10.0
0,1,-7,4,10.148891565092217,1.839488213738354e-05,0.00023683410751881297,10.15
0,1,-7,5,10.583005244258361,1.7536713404812377e-05,0.0002455139876673732,10.58
0,1,-7,6,11.269427669584644,1.103468408531385e-05,0.00017517560985435735,11.27
0,1,-7,7,12.165525060596437,3.6146389664716324e-06,6.687082087972517e-05,12.17
0,1,-7,8,13.228756555322951,6.810486679976578e-07,1.489793961244876e-05,13.23
0,1,-7,9,14.422205101855955,6.421443460538029e-08,1.669575299739887e-06,14.42
0,1,-7,10,15.71623364550171,1.8011974419488288e-09,5.561197102017008e-08,15.72
0,1,-7,11,17.08800749063506,3.343044792042332e-10,1.2202113490954509e-08,17.09
0,1,-7,12,18.520259177452132,1.9315509275536835e-11,8.281524601886416e-10,18.52
0,1,-7,13,19.999999999999996,9.639017784511655e-11,4.819508892255825e-09,20.0
0,1,-7,14,21.51743479135001,4.158577628559262e-12,2.406776802528672e-10,21.52
0,1,-7,15,23.06512518934159,3.8241021667225045e-12,2.543027940870465e-10,23.07
0,1,-7,16,24.637369989509832,1.857551688616165e-14,1.4094173437375145e-12,24.64
0,1,-7,17,26.229754097207998,5.184977315142595e-13,4.4590804910226305e-11,26.23
0,1,-7,18,27.838821814150105,1.998065984353272e-12,1.9356264223422316e-10,27.84
0,1,-7,19,29.461839725312466,2.890463217587128e-12,3.1361525910820327e-10,29.46
0,1,-7,20,31.096623610932422,3.2323436056231706e-12,3.9070953332970064e-10,31.1
0,1,-7,21,32.741411087489794,2.946791987270344e-12,3.9487012629422596e-10,32.74
0,1,-7,22,34.39476704383967,2.3432254444789096e-12,3.4650446260231864e-10,34.39
0,1,-7,23,36.055512754639885,1.6258918942593336e-12,2.6420743281714156e-10,36.06
0,1,-6,-23,44.97777228809803,1.1232188361559027e-12,2.8403396319292374e-10,44.98
0,1,-6,-22,43.2781700167648,1.235328096931679e-13,2.892211906941293e-11,43.28
0,1,-6,-21,41.58124577258358,1.2354351791410974e-13,2.6700842809186963e-11,41.58
0,1,-6,-20,39.887341350358255,1.1231035960345496e-12,2.23357227661371e-10,39.89
0,1,-6,-19,38.19685850956855,3.1837186092827728e-12,5.806306813679454e-10,38.2
0,1,-6,-18,36.51027252705736,6.38812188495498e-12,1.0644208090806229e-09,36.51
0,1,-6,-17,34.82814953453599,1.0818138629703719e-11,1.6403002697288256e-09,34.83
0,1,-6,-16,33.151168908501546,1.6310040208554424e-11,2.240591773650163e-09,33.15
0,1,-6,-15,31.480152477394384,2.25999820431664e-11,2.799572775597237e-09,31.48
0,1,-6,-14,29.816103031751144,2.820074815012218e-11,3.1338081381823264e-09,29.82
0,1,-6,-13,28.160255680657443,3.237908817415185e-11,3.2095771152628016e-09,28.16
0,1,-6,-12,26.5141471671257,2.985069181668951e-11,2.62312954339159e-09,26.51
0,1,-6,-11,24.879710609249454,2.4193521297798022e-11,1.8719737104171214e-09,24.88
0,1,-6,-10,23.25940669922601,6.646578799876204e-12,4.4947489134162814e-10,23.26
0,1,-6,-9,21.656407827707714,1.4930922801710128e-13,8.75325349250256e-12,21.66
0,1,-6,-8,20.074859899884732,5.6526419595359335e-11,2.847518387116227e-09,20.07
0,1,-6,-7,18.520259177452136,2.0264514620386042e-11,8.688410643490517e-10,18.52
0,1,-6,-6,17.0,1.851984432718813e-09,6.690293763196712e-08,17.0
0,1,-6,-5,15.524174696260024,3.230402925297224e-10,9.73158881245789e-09,15.52
0,1,-6,-4,14.106735979665885,3.6638559976630876e-09,9.11384179418693e-08,14.11
0,1,-6,-3,12.767145334803706,4.442878685129609e-08,9.05236532095158e-07,12.77
0,1,-6,-2,11.532562594670797,9.091013479545945e-07,1.5113809909745138e-05,11.53
0,1,-6,-1,10.440306508910552,6.08387714691486e-06,8.2892826126715e-05,10.44
0,1,-6,0,9.539392014169458,2.0761364161884106e-05,0.00023616051734143178,9.54
0,1,-6,1,8.88819441731559,3.1672061643639735e-05,0.0003127616087309425,8.89
0,1,-6,2,8.544003745317532,7.058957627713154e-06,6.441298835288253e-05,8.54
0,1,-6,3,8.54400374531753,7.059805400218199e-06,6.442072427699105e-05,8.54
0,1,-6,4,8.888194417315589,3.1673856609437286e-05,0.0003127793340181932,8.89
0,1,-6,5,9.539392014169456,2.0762810892739748e-05,0.00023617697390491464,9.54
0,1,-6,6,10.440306508910549,6.0846487031929985e-06,8.290333858100458e-05,10.44
0,1,-6,7,11.532562594670795,9.093899442022593e-07,1.5118607822362557e-05,11.53
0,1,-6,8,12.767145334803702,4.448897211299938e-08,9.064628068023621e-07,12.77
0,1,-6,9,14.106735979665883,3.6480993248946305e-09,9.074647070675392e-08,14.11
0,1,-6,10,15.524174696260022,3.1893821500103723e-10,9.608013726906245e-09,15.52
0,1,-6,11,16.999999999999996,1.843702598646712e-09,6.660375637611244e-08,17.0
0,1,-6,12,18.520259177452132,2.096665122204667e-11,8.989451711452508e-10,18.52
0,1,-6,13,20.07485989988473,5.564245723222541e-11,2.8029887830733544e-09,20.07
0,1,-6,14,21.65640782770771,1.1811217337765856e-13,6.92432616426523e-12,21.66
0,1,-6,15,23.259406699226012,6.7985233479329176e-12,4.5975014140396346e-10,23.26
0,1,-6,16,24.879710609249454,2.4006778700216506e-11,1.8575245019292515e-09,24.88
0,1,-6,17,26.5141471671257,2.9978625495989454e-11,2.6343717154600726e-09,26.51
0,1,-6,18,28.160255680657443,3.2301410825222425e-11,3.201877348050172e-09,28.16
0,1,-6,19,29.816103031751144,2.8241165474472e-11,3.1382995133507e-09,29.82
0,1,-6,20,31.480152477394384,2.2580649958250086e-11,2.7971780135782287e-09,31.48
0,1,-6,21,33.151168908501546,1.6318531491134825e-11,2.2417582635946457e-09,33.15
0,1,-6,22,34.82814953453599,1.0814660352897715e-11,1.639772876008115e-09,34.83
0,1,-6,23,36.51027252705736,6.3894353720620625e-12,1.0646396688698406e-09,36.51
0,1,-5,-23,43.86342439892261,1.7147540511616066e-12,4.1239834930436627e-10,43.86
0,1,-5,-22,42.154477816715975,9.91577251058684e-24,2.2025409689141013e-21,42.15
0,1,-5,-21,40.44749683231336,1.7147266415802846e-12,3.5066159820316813e-10,40.45
0,1,-5,-20,38.74274125562103,7.127737549409932e-12,1.337341757708038e-09,38.74
0,1,-5,-19,37.040518354904265,1.7054408611062436e-11,2.9248310767972075e-09,37.04
0,1,-5,-18,35.341194094144576,3.285178001612379e-11,5.128984155017324e-09,35.34
0,1,-5,-17,33.64520768252144,5.636793073927956e-11,7.976062199608055e-09,33.65
0,1,-5,-16,31.953090617340912,8.964885495286514e-11,1.1441435113359413e-08,31.95
0,1,-5,-15,30.26549190084311,1.3431449258039214e-10,1.5379009400454898e-08,30.27
0,1,-5,-14,28.583211855912896,1.8999259565521575e-10,1.9402993831288897e-08,28.58
0,1,-5,-13,26.907248094147416,2.5179435309109506e-10,2.2787388954744097e-08,26.91
0,1,-5,-12,25.23885892824792,3.0760973115567624e-10,2.449342484327071e-08,25.24
0,1,-5,-11,23.579652245103187,3.2753964443364847e-10,2.276400528813856e-08,23.58
0,1,-5,-10,21.93171219946131,2.8900594182119774e-10,1.7376482251999513e-08,21.93
0,1,-5,-9,20.29778313018444,1.5427183875671794e-10,7.944999695970975e-09,20.3
0,1,-5,-8,18.681541692269406,1.0315733553325103e-11,4.500238762638077e-10,18.68
0,1,-5,-7,17.08800749063506,3.3885660278269096e-10,1.2368266001568218e-08,17.09
0,1,-5,-6,15.524174696260022,3.23040292529553e-10,9.731588812452783e-09,15.52
0,1,-5,-5,14.0,2.0517672629727935e-08,5.026829794283345e-07,14.0
0,1,-5,-4,12.529964086141666,8.39216752871906e-10,1.646962877511115e-08,12.53
0,1,-5,-3,11.135528725660043,7.377397323946903e-11,1.1434965852117698e-09,11.14
0,1,-5,-2,9.848857801796104,2.011082323632011e-06,2.438437317403813e-05,9.85
0,1,-5,-1,8.717797887081348,1.772784809220078e-05,0.00016841455687590745,8.72
0,1,-5,0,7.810249675906654,6.408542999462439e-05,0.0004886514037090109,7.81
0,1,-5,1,7.211102550927977,0.00014518379173572834,0.0009436946462822339,7.21
0,1,-5,2,6.999999999999999,0.00021163609463856225,0.0012962710796611933,7.0
0,1,-5,3,7.211102550927977,0.00014518426841656607,0.0009436977447076792,7.21
0,1,-5,4,7.810249675906653,6.408603626560235e-05,0.0004886560265252178,7.81
0,1,-5,5,8.717797887081346,1.772829228021361e-05,0.00016841877666202924,8.72
0,1,-5,6,9.848857801796104,2.011261788391271e-06,2.438654918424416e-05,9.85
0,1,-5,7,11.135528725660041,7.496056189255479e-11,1.1618887093345988e-09,11.14
0,1,-5,8,12.529964086141666,8.432351920584777e-10,1.654849064414762e-08,12.53
0,1,-5,9,13.999999999999998,2.0498984676345454e-08,5.022251245704635e-07,14.0
0,1,-5,10,15.524174696260022,3.251200993210208e-10,9.79424299204575e-09,15.52
0,1,-5,11,17.08800749063506,3.370854330767194e-10,1.2303618307300256e-08,17.09
0,1,-5,12,18.681541692269402,1.0073950324611993e-11,4.3947608291119804e-10,18.68
0,1,-5,13,20.297783130184435,1.5496934155201434e-10,7.980921089928735e-09,20.3
0,1,-5,14,21.931712199461305,2.883408792194609e-10,1.733649536307008e-08,21.93
0,1,-5,15,23.57965224510319,3.2800540418837006e-10,2.2796375591091713e-08,23.58
0,1,-5,16,25.23885892824792,3.0733042311843273e-10,2.4471184940805196e-08,25.24
0,1,-5,17,26.907248094147416,2.51941982125401e-10,2.2800749382348786e-08,26.91
0,1,-5,18,28.5832118559129,1.8992181304330927e-10,1.9395765157047954e-08,28.58
0,1,-5,19,30.26549190084311,1.3434566943069527e-10,1.5382579149814606e-08,30.27
0,1,-5,20,31.953090617340912,8.963614694347514e-11,1.1439813253661013e-08,31.95
0,1,-5,21,33.64520768252144,5.6372737211071856e-11,7.976742315366665e-09,33.65
0,1,-5,22,35.341194094144576,3.2850106377427215e-11,5.128722858175822e-09,35.34
0,1,-5,23,37.040518354904265,1.7054932068130426e-11,2.9249208496843675e-09,37.04
0,1,-4,-23,42.790185790669334,1.1604910733925557e-12,2.6560739442272115e-10,42.79
0,1,-4,-22,41.07310555582569,1.1604654828255925e-12,2.447131586908467e-10,41.07
0,1,-4,-21,39.35733730830885,1.0853338684469753e-11,2.1014777027804557e-09,39.36
0,1,-4,-20,37.64306044943742,3.2477369667235005e-11,5.752554102308999e-09,37.64
0,1,-4,-19,35.930488446443356,7.095758300458446e-11,1.1450779957364812e-08,35.93
0,1,-4,-18,34.21987726453734,1.3454741358203764e-10,1.9694377663070747e-08,34.22
0,1,-4,-17,32.51153641401771,2.3648584061297966e-10,3.124569169098993e-08,32.51
0,1,-4,-16,30.805843601498722,3.948898188050164e-10,4.684380475574506e-08,30.81
0,1,-4,-15,29.10326442171049,6.375845458296088e-10,6.750426378970982e-08,29.1
0,1,-4,-14,27.404379212089438,9.900557089992607e-10,9.294147968230557e-08,27.4
0,1,-4,-13,25.70992026436488,1.4978027954587489e-09,1.237559559747791e-07,25.71
0,1,-4,-12,24.020824298928627,2.1299844928185667e-09,1.536251315445391e-07,24.02
0,1,-4,-11,22.338307903688673,2.958197645886543e-09,1.8451757816217305e-07,22.34
0,1,-4,-10,20.66397831977182,3.4908922311930347e-09,1.8632637283992816e-07,20.66
0,1,-4,-9,19.0,4.079247469675428e-09,1.8407604206910368e-07,19.0
0,1,-4,-8,17.349351572897472,2.724116522862191e-09,1.0249488417268994e-07,17.35
0,1,-4,-7,15.71623364550171,1.789666721484028e-09,5.5255960025819353e-08,15.72
0,1,-4,-6,14.106735979665885,3.663855997663518e-09,9.113841794188001e-08,14.11
0,1,-4,-5,12.529964086141668,8.392167528717432e-10,1.646962877510796e-08,12.53
0,1,-4,-4,11.0,3.823573958385566e-07,5.783155612058169e-06,11.0
0,1,-4,-3,9.539392014169456,2.732640040937375e-08,3.108378046566264e-07,9.54
0,1,-4,-2,8.185352771872449,4.2395158468463e-09,3.550594521733775e-08,8.19
0,1,-4,-1,6.999999999999998,3.0541422338965935e-05,0.00018706621182616625,7.0
0,1,-4,0,6.082762530298219,0.00012803618719835127,0.0005921673657923745,6.08
0,1,-4,1,5.5677643628300215,4.7548427793963515e-05,0.0001842501577016086,5.57
0,1,-4,2,5.5677643628300215,4.755011769529295e-05,0.00018425670606926015,5.57
0,1,-4,3,6.082762530298219,0.00012803892353656604,0.0005921800213566178,6.08
0,1,-4,4,6.999999999999999,3.054272114447719e-05,0.00018707416700992273,7.0
0,1,-4,5,8.185352771872449,4.254124243421559e-09,3.562829053865554e-08,8.19
0,1,-4,6,9.539392014169454,2.7360949770908448e-08,3.1123080364408345e-07,9.54
0,1,-4,7,10.999999999999998,3.8224029913056313e-07,5.781384524349765e-06,11.0
0,1,-4,8,12.529964086141666,8.344099798238791e-10,1.637529585404362e-08,12.53
0,1,-4,9,14.106735979665883,3.6553549530376733e-09,9.09269544568121e-08,14.11
0,1,-4,10,15.71623364550171,1.7848418345560838e-09,5.510699164191908e-08,15.72
0,1,-4,11,17.34935157289747,2.728750414754029e-09,1.026692343551203e-07,17.35
0,1,-4,12,18.999999999999996,4.075038202516601e-09,1.8388609888856156e-07,19.0
0,1,-4,13,20.66397831977182,3.4936525468064197e-09,1.864737046857926e-07,20.66
0,1,-4,14,22.338307903688673,2.956481617949231e-09,1.8441054091958322e-07,22.34
0,1,-4,15,24.020824298928627,2.1309233167893264e-09,1.5369284422343015e-07,24.02
0,1,-4,16,25.70992026436488,1.497317681759994e-09,1.2371587345541948e-07,25.71
0,1,-4,17,27.404379212089438,9.902890206616904e-10,9.296338181461615e-08,27.4
0,1,-4,18,29.10326442171049,6.374777331227666e-10,6.74929549943729e-08,29.1
0,1,-4,19,30.805843601498722,3.94936371344546e-10,4.6849327050746756e-08,30.81
0,1,-4,20,32.51153641401771,2.364663591032243e-10,3.12431176965135e-08,32.51
0,1,-4,21,34.21987726453734,1.345552118596018e-10,1.9695519135949204e-08,34.22
0,1,-4,22,35.930488446443356,7.095463189249243e-11,1.1450303721650962e-08,35.93
0,1,-4,23,37.64306044943742,3.247837988016139e-11,5.752733036273585e-09,37.64
0,1,-3,-23,41.761226035642196,1.1028879113804037e-22,2.4042956468092794e-20,41.76
0,1,-3,-22,40.037482438335196,1.047013149253054e-11,2.097952597815806e-09,40.04
0,1,-3,-21,38.31448812133603,4.495469671538213e-11,8.249186847272621e-09,38.31
0,1,-3,-20,36.592348927063966,1.1349622253307051e-10,1.8996430246472666e-08,36.59
0,1,-3,-19,34.871191548325385,2.3598143120904266e-10,3.5869177543774475e-08,34.87
0,1,-3,-18,33.151168908501546,4.471195099683722e-10,6.14230426819051e-08,33.15
0,1,-3,-17,31.432467291003416,8.064499870970674e-10,9.959657340648779e-08,31.43
0,1,-3,-16,29.71531591620725,1.409914913161542e-09,1.556193585402052e-07,29.72
0,1,-3,-15,27.999999999999996,2.418979224849602e-09,2.3705996403526093e-07,28.0
0,1,-3,-14,26.286878856189826,4.070332719769091e-09,3.515749886700551e-07,26.29
0,1,-3,-13,24.576411454889012,6.769517041556574e-09,5.110985366375212e-07,24.58
0,1,-3,-12,22.869193252058544,1.0960811972495681e-08,7.165630827019051e-07,22.87
0,1,-3,-11,21.166010488516722,1.7508487412892103e-08,9.804752951219575e-07,21.17
0,1,-3,-10,19.467922333931785,2.661913052621335e-08,1.2610813086793573e-06,19.47
0,1,-3,-9,17.776388834631177,3.9203306889834735e-08,1.548530622148472e-06,17.78
0,1,-3,-8,16.09347693943108,4.9830250245470516e-08,1.6132543516971079e-06,16.09
0,1,-3,-7,14.422205101855956,6.414324257272588e-08,1.6677243068908726e-06,14.42
0,1,-3,-6,12.767145334803704,4.4428786851296605e-08,9.052365320951682e-07,12.77
0,1,-3,-5,11.135528725660043,7.37739732394544e-11,1.143496585211543e-09,11.14
0,1,-3,-4,9.539392014169456,2.7326400409373132e-08,3.108378046566194e-07,9.54
0,1,-3,-3,8.0,2.2510247455008747e-06,1.8008197964006998e-05,8.0
0,1,-3,-2,6.557438524302,1.2887684612559331e-05,6.92713047925064e-05,6.56
0,1,-3,-1,5.2915026221291805,3.240882538352233e-05,0.00011343088884232813,5.29
0,1,-3,0,4.358898943540674,0.0012105575385717292,0.0028750741541078576,4.36
0,1,-3,1,4.0,0.003160669937040743,0.006321339874081486,4.0
0,1,-3,2,4.358898943540673,0.0012105580836474343,0.002875075448662656,4.36
0,1,-3,3,5.2915026221291805,3.2408994484370313e-05,0.00011343148069529607,5.29
0,1,-3,4,6.5574385243019995,1.2887830821344409e-05,6.927209066472617e-05,6.56
0,1,-3,5,7.999999999999998,2.2509530352031063e-06,1.8007624281624844e-05,8.0
0,1,-3,6,9.539392014169454,2.731804542907861e-08,3.1074276675576903e-07,9.54
0,1,-3,7,11.135528725660041,7.41972790162735e-11,1.1500578247522387e-09,11.14
0,1,-3,8,12.767145334803702,4.441939611529933e-08,9.050451958492235e-07,12.77
0,1,-3,9,14.422205101855955,6.415278369471694e-08,1.66797237606264e-06,14.42
0,1,-3,10,16.093476939431078,4.9823602848064556e-08,1.6130391422060892e-06,16.09
0,1,-3,11,17.776388834631174,3.9207659952083035e-08,1.5487025681072794e-06,17.78
0,1,-3,12,19.46792233393178,2.6616665612843404e-08,1.2609645334084559e-06,19.47
0,1,-3,13,21.166010488516722,1.750975899879088e-08,9.80546503932289e-07,21.17
0,1,-3,14,22.869193252058537,1.0960225434173448e-08,7.165247377590887e-07,22.87
0,1,-3,15,24.576411454889012,6.769758983844727e-09,5.111168032802768e-07,24.58
0,1,-3,16,26.286878856189826,4.07024743000901e-09,3.515676217670281e-07,26.29
0,1,-3,17,27.999999999999996,2.419002404747163e-09,2.3706223566522192e-07,28.0
0,1,-3,18,29.71531591620725,1.4099124943000383e-09,1.556190915583667e-07,29.72
0,1,-3,19,31.43246729100342,8.064474376232455e-10,9.959625854647081e-08,31.43
0,1,-3,20,33.151168908501546,4.471221103466094e-10,6.142339990886544e-08,33.15
0,1,-3,21,34.871191548325385,2.359797596981233e-10,3.5868923474114735e-08,34.87
0,1,-3,22,36.592348927063966,1.134971081669606e-10,1.899657847944502e-08,36.59
0,1,-3,23,38.314488121336026,4.4954289071805285e-11,8.249112044676267e-09,38.31
0,1,-2,-23,40.77989700820736,4.67584103250129e-12,9.719904546312052e-10,40.78
0,1,-2,-22,39.05124837953326,4.44217282860394e-11,8.467891954526257e-09,39.05
0,1,-2,-21,37.32291521304304,1.3736887503179798e-10,2.3919355364911814e-08,37.32
0,1,-2,-20,35.59494346111537,3.148716412673182e-10,4.9867796185711505e-08,35.59
0,1,-2,-19,33.86738844375219,6.375271437746074e-10,9.140545423868427e-08,33.87
0,1,-2,-18,32.140317359976386,1.2142458941689002e-09,1.5678950108455917e-07,32.14
0,1,-2,-17,30.413812651491096,2.2449694916120927e-09,2.595745974676482e-07,30.41
0,1,-2,-16,28.687976575562104,4.074303806493834e-09,4.191440040930532e-07,28.69
0,1,-2,-15,26.962937525425524,7.353643648737899e-09,6.682623665790565e-07,26.96
0,1,-2,-14,25.23885892824792,1.3133797603766322e-08,1.045778634199893e-06,25.24
0,1,-2,-13,23.515952032609693,2.3581205272233683e-08,1.6300508144431534e-06,23.52
0,1,-2,-12,21.794494717703365,4.16411208750156e-08,2.4724415519540508e-06,21.79
0,1,-2,-11,20.07485989988473,7.487650732015184e-08,3.771904056252648e-06,20.07
0,1,-2,-10,18.35755975068582,1.2853005462021823e-07,5.414328550876693e-06,18.36
0,1,-2,-9,16.643316977093235,2.3506555426257105e-07,8.13914481634152e-06,16.64
0,1,-2,-8,14.933184523068078,3.72497368825034e-07,1.0383364155997822e-05,14.93
0,1,-2,-7,13.228756555322953,6.808241166367503e-07,1.4893027551428913e-05,13.23
0,1,-2,-6,11.532562594670795,9.091013479545908e-07,1.5113809909745068e-05,11.53
0,1,-2,-5,9.848857801796104,2.0110823236320056e-06,2.4384373174038063e-05,9.85
0,1,-2,-4,8.185352771872449,4.239515846846048e-09,3.550594521733564e-08,8.19
0,1,-2,-3,6.5574385243019995,1.2887684612559262e-05,6.927130479250601e-05,6.56
0,1,-2,-2,5.0,4.125992005908019e-05,0.0001289372501846256,5.0
0,1,-2,-1,3.605551275463989,0.00026263890393591986,0.00042678821889586974,3.61
0,1,-2,0,2.6457513110645907,1.2302401941978653e-05,1.0764601699231322e-05,2.65
0,1,-2,1,2.6457513110645903,1.2301698368430029e-05,1.0763986072376272e-05,2.65
0,1,-2,2,3.6055512754639887,0.00026264209463497206,0.0004267934037818295,3.61
0,1,-2,3,4.999999999999999,4.12587032662113e-05,0.00012893344770691028,5.0
0,1,-2,4,6.5574385243019995,1.2887044578547597e-05,6.926786460969332e-05,6.56
0,1,-2,5,8.185352771872449,4.250179029151738e-09,3.559524936914579e-08,8.19
0,1,-2,6,9.848857801796104,2.0108751740884e-06,2.438186148582185e-05,9.85
0,1,-2,7,11.532562594670793,9.092218357389394e-07,1.511581301915986e-05,11.53
0,1,-2,8,13.228756555322951,6.807369529798837e-07,1.489112084643495e-05,13.23
0,1,-2,9,14.933184523068077,3.7254933691593904e-07,1.0384812766531799e-05,14.93
0,1,-2,10,16.643316977093235,2.350335358359224e-07,8.13803617831881e-06,16.64
0,1,-2,11,18.357559750685816,1.285477090582921e-07,5.4150722440805526e-06,18.36
0,1,-2,12,20.07485989988473,7.486685242251025e-08,3.7714176907839527e-06,20.07
0,1,-2,13,21.794494717703365,4.16460825553147e-08,2.4727361517218097e-06,21.79
0,1,-2,14,23.51595203260969,2.3578727220840857e-08,1.6298795191406235e-06,23.52
0,1,-2,15,25.23885892824792,1.3134983033997667e-08,1.045873024082064e-06,25.24
0,1,-2,16,26.962937525425524,7.353092724910254e-09,6.682123013762193e-07,26.96
0,1,-2,17,28.6879765755621,4.074551625362522e-09,4.191694984591693e-07,28.69
0,1,-2,18,30.413812651491096,2.2448609036922624e-09,2.5956204198941783e-07,30.41
0,1,-2,19,32.14031735997639,1.214292104259879e-09,1.5679546796255688e-07,32.14
0,1,-2,20,33.8673884437522,6.37508118822815e-10,9.14027265362211e-08,33.87
0,1,-2,21,35.59494346111536,3.1487908388821297e-10,4.98689749107957e-08,35.59
0,1,-2,22,37.32291521304304,1.3736623487239208e-10,2.3918895647155264e-08,37.32
0,1,-2,23,39.05124837953326,4.442245705174134e-11,8.468030875488188e-09,39.05
0,1,-1,-23,39.849717690342544,2.880166268553475e-11,5.7171300430786466e-09,39.85
0,1,-1,-22,38.11823710509183,1.2576551822898777e-10,2.2842162248339895e-08,38.12
0,1,-1,-21,36.3868107973205,3.267564290466622e-10,5.4078189007222584e-08,36.39
0,1,-1,-20,34.65544690232691,7.063136225733405e-10,1.0603533258882272e-07,34.66
0,1,-1,-19,32.92415526630865,1.408290808669918e-09,1.9082340457477384e-07,32.92
0,1,-1,-18,31.19294792096444,2.698446920058761e-09,3.281986066521467e-07,31.19
0,1,-1,-17,29.461839725312466,5.085844872013861e-09,5.518141686135037e-07,29.46
0,1,-1,-16,27.73084924772409,9.49454893875756e-09,9.126635167380702e-07,27.73
0,1,-1,-15,25.999999999999996,1.7772044919887107e-08,1.50173779573046e-06,26.0
0,1,-1,-14,24.26932219902319,3.317029695545042e-08,2.442163113345036e-06,24.27
0,1,-1,-13,22.538855339169288,6.277046384712035e-08,3.985924454292142e-06,22.54
0,1,-1,-12,20.80865204668481,1.1794386564510129e-07,6.383711728041105e-06,20.81
0,1,-1,-11,19.07878402833891,2.2878682766336656e-07,1.0409800658683174e-05,19.08
0,1,-1,-10,17.349351572897472,4.323793220108913e-07,1.6268271990659786e-05,17.35
0,1,-1,-9,15.620499351813306,8.694953693371553e-07,2.6519608764783227e-05,15.62
0,1,-1,-8,13.892443989449804,1.6563056190195509e-06,3.995837305884666e-05,13.89
0,1,-1,-7,12.165525060596437,3.614173578523755e-06,6.686221120268944e-05,12.17
0,1,-1,-6,10.440306508910549,6.083877146914826e-06,8.289282612671449e-05,10.44
0,1,-1,-5,8.717797887081346,1.7727848092200774e-05,0.00016841455687590732,8.72
0,1,-1,-4,6.999999999999999,3.0541422338965955e-05,0.00018706621182616642,7.0
0,1,-1,-3,5.2915026221291805,3.240882538352234e-05,0.00011343088884232815,5.29
0,1,-1,-2,3.605551275463989,0.00026263890393591916,0.0004267882188958686,3.61
0,1,-1,-1,2.0,0.000950015166289465,0.0004750075831447325,2.0
0,1,-1,0,0.9999999999999999,0.16128748036920662,0.020160935046150824,1.0
0,1,-1,1,1.9999999999999996,0.000950015088337827,0.0004750075441689133,2.0
0,1,-1,2,3.6055512754639887,0.0002626389878978216,0.00042678835533395995,3.61
0,1,-1,3,5.2915026221291805,3.240877984742054e-05,0.00011343072946597186,5.29
0,1,-1,4,6.999999999999999,3.0541482559502554e-05,0.00018706658067695308,7.0
0,1,-1,5,8.717797887081346,1.7727790587157173e-05,0.00016841401057799313,8.72
0,1,-1,6,10.440306508910549,6.083916564689116e-06,8.289336319388918e-05,10.44
0,1,-1,7,12.165525060596437,3.6141401883806315e-06,6.686159348504165e-05,12.17
0,1,-1,8,13.892443989449802,1.6563290263630476e-06,3.9958937761008514e-05,13.89
0,1,-1,9,15.620499351813306,8.69478787928219e-07,2.6519103031810668e-05,15.62
0,1,-1,10,17.349351572897472,4.3239013394341786e-07,1.6268678789621097e-05,17.35
0,1,-1,11,19.07878402833891,2.28779939273641e-07,1.040948723695066e-05,19.08
0,1,-1,12,20.80865204668481,1.179479759886455e-07,6.383934200385436e-06,20.81
0,1,-1,13,22.538855339169288,6.276809477385634e-08,3.985774018139877e-06,22.54
0,1,-1,14,24.26932219902319,3.3171593530085964e-08,2.442258573652578e-06,24.27
0,1,-1,15,25.999999999999996,1.7771362170424187e-08,1.5016801034008434e-06,26.0
0,1,-1,16,27.73084924772409,9.49489315903331e-09,9.126966049120766e-07,27.73
0,1,-1,17,29.461839725312466,5.08567761451448e-09,5.517960211748208e-07,29.46
0,1,-1,18,31.19294792096444,2.698525122960896e-09,3.282081180801189e-07,31.19
0,1,-1,19,32.92415526630865,1.40825556658414e-09,1.9081862927215093e-07,32.92
0,1,-1,20,34.65544690232691,7.063288617791232e-10,1.0603762037459084e-07,34.66
0,1,-1,21,36.3868107973205,3.267501523835445e-10,5.40771502194766e-08,36.39
0,1,-1,22,38.11823710509183,1.2576793173403193e-10,2.2842600601193542e-08,38.12
0,1,-1,23,39.849717690342544,2.880087265948463e-11,5.716973222907697e-09,39.85
0,1,0,-23,38.974350539810146,8.46929412009729e-11,1.6081072210534724e-08,38.97
0,1,0,-22,37.24244889907214,2.654164361828688e-10,4.601657462320486e-08,37.24
0,1,0,-21,35.510561809129406,6.212738524331352e-10,9.792829098977294e-08,35.51
0,1,0,-20,33.77869150810907,1.2910638560181245e-09,1.8413798246458496e-07,33.78
0,1,0,-19,32.04684071792413,2.5449634805799525e-09,3.2670968681945135e-07,32.05
0,1,0,-18,30.315012782448232,4.8864724492423166e-09,5.613335226067109e-07,30.32
0,1,0,-17,28.5832118559129,9.316810595905733e-09,9.514792821068727e-07,28.58
0,1,0,-16,26.851443164195103,1.767094251111783e-08,1.5925936938144945e-06,26.85
0,1,0,-15,25.119713374160934,3.384889850975074e-08,2.6698318699565883e-06,25.12
0,1,0,-14,23.388031127052997,6.467550402688648e-08,4.4221875878383625e-06,23.39
0,1,0,-13,21.656407827707714,1.267502157469032e-07,7.4307313981622e-06,21.66
0,1,0,-12,19.924858845171272,2.454977323970651e-07,1.2182824970204354e-05,19.92
0,1,0,-11,18.19340539866025,5.007989134906762e-07,2.0720555045676726e-05,18.19
0,1,0,-10,16.462077633154326,9.853867284783246e-07,3.337997542720324e-05,16.46
0,1,0,-9,14.730919862656233,2.1676458531609015e-06,5.879739376698943e-05,14.73
0,1,0,-8,12.999999999999998,4.187615977743586e-06,8.846338752983323e-05,13.0
0,1,0,-7,11.269427669584644,1.1034018438547818e-05,0.00017516504271194658,11.27
0,1,0,-6,9.539392014169454,2.0761364161884248e-05,0.00023616051734143322,9.54
0,1,0,-5,7.810249675906653,6.408542999462458e-05,0.0004886514037090122,7.81
0,1,0,-4,6.0827625302982185,0.0001280361871983516,0.0005921673657923759,6.08
0,1,0,-3,4.358898943540673,0.0012105575385717303,0.002875074154107859,4.36
0,1,0,-2,2.6457513110645903,1.2302401941978426e-05,1.076460169923112e-05,2.65
0,1,0,-1,0.9999999999999999,0.16128748036920662,0.020160935046150824,1.0
0,1,0,0,0.9999999999999999,0.16128740649154874,0.02016092581144359,1.0
0,1,0,1,2.6457513110645903,1.2301765600885312e-05,1.0764044900774646e-05,2.65
0,1,0,2,4.358898943540673,0.0012105514064547592,0.0028750595903300528,4.36
0,1,0,3,6.082762530298219,0.00012803809096973215,0.0005921761707350111,6.08
0,1,0,4,7.810249675906653,6.408417036110252e-05,0.0004886417990034066,7.81
0,1,0,5,9.539392014169454,2.0762018895645328e-05,0.00023616796493796549,9.54
0,1,0,6,11.269427669584644,1.1033594217504482e-05,0.00017515830820288364,11.27
0,1,0,7,12.999999999999998,4.187841383363016e-06,8.846814922354369e-05,13.0
0,1,0,8,14.730919862656233,2.1675104633810225e-06,5.879372131921021e-05,14.73
0,1,0,9,16.462077633154326,9.854603633938348e-07,3.3382469809966145e-05,16.46
0,1,0,10,18.19340539866025,5.007580569035291e-07,2.0718864604383514e-05,18.19
0,1,0,11,19.924858845171272,2.4551920367381e-07,1.2183890482312818e-05,19.92
0,1,0,12,21.656407827707714,1.267390493658937e-07,7.430076769075517e-06,21.66
0,1,0,13,23.388031127052994,6.468107596518382e-08,4.422568569119441e-06,23.39
0,1,0,14,25.119713374160934,3.3846177447099344e-08,2.6696172461399594e-06,25.12
0,1,0,15,26.8514431641951,1.7672227819909454e-08,1.592709532269339e-06,26.85
0,1,0,16,28.5832118559129,9.316218323864686e-09,9.514187963246808e-07,28.58
0,1,0,17,30.315012782448232,4.886737440865776e-09,5.613639635194558e-07,30.32
0,1,0,18,32.04684071792413,2.5448481917995392e-09,3.266948866222658e-07,32.05
0,1,0,19,33.77869150810907,1.2911122283047944e-09,1.8414488156197127e-07,33.78
0,1,0,20,35.510561809129406,6.212545896713531e-10,9.792525469694703e-08,35.51
0,1,0,21,37.24244889907214,2.6542336981094443e-10,4.6017776740972475e-08,37.24
0,1,0,22,38.974350539810146,8.469100510233692e-11,1.608070459380622e-08,38.97
0,1,0,23,40.70626487409523,8.847657622317713e-12,1.8325710850225555e-09,40.71
0,1,1,-23,38.15756805667782,1.6745436859357448e-10,3.047669508403054e-08,38.16
0,1,1,-22,36.42801120017396,4.377182809066975e-10,7.260651984539842e-08,36.43
0,1,1,-21,34.698703145794944,9.55545255469101e-10,1.438095609480997e-07,34.7
0,1,1,-20,32.96968304366907,1.9249400255432085e-09,2.6155122597068346e-07,32.97
0,1,1,-19,31.240998703626612,3.745545257346338e-09,4.569565213962531e-07,31.24
0,1,1,-18,29.51270912674741,7.154411122557079e-09,7.789365109684019e-07,29.51
0,1,1,-17,27.784887978899604,1.3657040188370523e-08,1.317904378177755e-06,27.78
0,1,1,-16,26.057628441590765,2.594341486990523e-08,2.2019473370832067e-06,26.06
0,1,1,-15,24.331050121192874,5.006098761303359e-08,3.704513083364484e-06,24.33
0,1,1,-14,22.60530911091463,9.590375855716851e-08,6.125852577839138e-06,22.61
0,1,1,-13,20.880613017821098,1.9030018254567845e-07,1.0371359948739473e-05,20.88
0,1,1,-12,19.157244060668013,3.6889845844494936e-07,1.6923216781162046e-05,19.16
0,1,1,-11,17.435595774162692,7.702503846715428e-07,2.9269514617518623e-05,17.44
0,1,1,-10,15.71623364550171,1.489002873366784e-06,4.5972963715199446e-05,15.72
0,1,1,-9,13.999999999999998,3.46376915244047e-06,8.486234423479148e-05,14.0
0,1,1,-8,12.288205727444506,6.493588061187919e-06,0.00012256647465492195,12.29
0,1,1,-7,10.583005244258361,1.7536119133398614e-05,0.00024550566786758055,10.58
0,1,1,-6,8.888194417315587,3.167206164363983e-05,0.0003127616087309432,8.89
0,1,1,-5,7.211102550927977,0.0001451837917357284,0.0009436946462822342,7.21
0,1,1,-4,5.567764362830021,4.7548427793963705e-05,0.00018425015770160926,5.57
0,1,1,-3,3.999999999999999,0.00316066993704074,0.006321339874081478,4.0
0,1,1,-2,2.6457513110645903,1.230169836842988e-05,1.0763986072376142e-05,2.65
0,1,1,-1,2.0,0.0009500150883378248,0.0004750075441689124,2.0
0,1,1,0,2.6457513110645907,1.230176560088464e-05,1.0764044900774061e-05,2.65
0,1,1,1,3.9999999999999996,0.0031606678414060484,0.006321335682812095,4.0
0,1,1,2,5.5677643628300215,4.754879519622332e-05,0.00018425158138536536,5.57
0,1,1,3,7.211102550927977,0.00014518299383920954,0.0009436894599548618,7.21
0,1,1,4,8.888194417315589,3.167248539417912e-05,0.0003127657932675188,8.89
0,1,1,5,10.583005244258361,1.753578411256505e-05,0.00024550097757591063,10.58
0,1,1,6,12.288205727444506,6.493792530190703e-06,0.0001225703340073495,12.29
0,1,1,7,13.999999999999998,3.4636270469498516e-06,8.485886265027135e-05,14.0
0,1,1,8,15.716233645501708,1.4890872368656932e-06,4.5975568438228263e-05,15.72
0,1,1,9,17.435595774162692,7.701980255701594e-07,2.926752497166605e-05,17.44
0,1,1,10,19.157244060668017,3.689282967487266e-07,1.6924585613347832e-05,19.16
0,1,1,11,20.880613017821098,1.9028332493032172e-07,1.037044120870253e-05,20.88
0,1,1,12,22.60530911091463,9.591276455223824e-08,6.126427835774217e-06,22.61
0,1,1,13,24.331050121192874,5.005629537386945e-08,3.7041658576663377e-06,24.33
0,1,1,14,26.05762844159076,2.594575492415626e-08,2.202145949187762e-06,26.06
0,1,1,15,27.784887978899608,1.3655907233533841e-08,1.3177950480360156e-06,27.78
0,1,1,16,29.51270912674741,7.154940112336602e-09,7.789941047306475e-07,29.51
0,1,1,17,31.240998703626612,3.7453056565281115e-09,4.569272900964294e-07,31.24
0,1,1,18,32.96968304366907,1.9250448641001866e-09,2.6156547090961286e-07,32.97
0,1,1,19,34.698703145794944,9.555010195164443e-10,1.4380290343722488e-07,34.7
0,1,1,20,36.42801120017396,4.3773609551365797e-10,7.2609474843328e-08,36.43
0,1,1,21,38.15756805667782,1.6744765090298277e-10,3.047547246434285e-08,38.16
0,1,1,22,39.887341350358255,3.817871920099268e-11,7.592792781097418e-09,39.89
0,1,1,23,41.61730409336962,5.5713041301559654e-21,1.2061873441787663e-18,41.62
0,1,2,-23,37.403208418530085,2.473789270240561e-10,4.3260389863331807e-08,37.4
0,1,2,-22,35.67912554982254,5.762447450422573e-10,9.169494505484914e-08,35.68
0,1,2,-21,33.955853692699286,1.1929369766381194e-09,1.7193204175796894e-07,33.96
0,1,2,-20,32.23352292257239,2.3314966591545214e-09,3.028031286076934e-07,32.23
0,1,2,-19,30.51229260478471,4.454751541198163e-09,5.184217106069361e-07,30.51
0,1,2,-18,28.792360097775934,8.37283620139909e-09,8.676351513699805e-07,28.79
0,1,2,-17,27.073972741361764,1.5815369463989463e-08,1.4490832271380342e-06,27.07
0,1,2,-16,25.35744466621193,2.9539318528211234e-08,2.374222726704977e-06,25.36
0,1,2,-15,23.643180835073775,5.652798048700622e-08,3.949892636529559e-06,23.64
0,1,2,-14,21.931712199461305,1.055362732874751e-07,6.3453684314094386e-06,21.93
0,1,2,-13,20.22374841615668,2.0860957588776942e-07,1.0665164567262209e-05,20.22
0,1,2,-12,18.520259177452132,3.83953208186679e-07,1.646199380100386e-05,18.52
0,1,2,-11,16.82260384126072,8.160021183511971e-07,2.8866074936673584e-05,16.82
0,1,2,-10,15.132745950421555,1.4134296080903485e-06,4.0459422531586224e-05,15.13
0,1,2,-9,13.453624047073708,3.4387807883661425e-06,7.780241533678395e-05,13.45
0,1,2,-8,11.789826122551595,5.115273171179419e-06,8.887787134924238e-05,11.79
0,1,2,-7,10.148891565092217,1.8394566863102326e-05,0.00023683004836244235,10.15
0,1,2,-6,8.54400374531753,7.058957627713128e-06,6.441298835288229e-05,8.54
0,1,2,-5,6.999999999999999,0.000211636094638562,0.001296271079661192,7.0
0,1,2,-4,5.567764362830021,4.755011769529303e-05,0.0001842567060692604,5.57
0,1,2,-3,4.358898943540673,0.0012105580836474332,0.0028750754486626534,4.36
0,1,2,-2,3.605551275463989,0.0002626420946349725,0.00042679340378183026,3.61
0,1,2,-1,3.605551275463989,0.0002626389878978218,0.0004267883553339604,3.61
0,1,2,0,4.358898943540674,0.0012105514064547616,0.0028750595903300593,4.36
0,1,2,1,5.5677643628300215,4.754879519622354e-05,0.0001842515813853662,5.57
0,1,2,2,6.999999999999999,0.00021163332505101952,0.0012962541159374941,7.0
0,1,2,3,8.54400374531753,7.059453353042909e-06,6.441751184651652e-05,8.54
0,1,2,4,10.148891565092217,1.8393797367129858e-05,0.00023682014110179683,10.15
0,1,2,5,11.789826122551593,5.115653913975272e-06,8.888448675532032e-05,11.79
0,1,2,6,13.453624047073708,3.4384963676985098e-06,7.779598031917876e-05,13.45
0,1,2,7,15.132745950421555,1.4135903380121198e-06,4.046402342559692e-05,15.13
0,1,2,8,16.82260384126072,8.15898294692264e-07,2.8862402174738827e-05,16.82
0,1,2,9,18.520259177452132,3.8401149545024527e-07,1.6464492867429263e-05,18.52
0,1,2,10,20.22374841615668,2.0857577761932454e-07,1.0663436630787964e-05,20.22
0,1,2,11,21.931712199461305,1.0555444649907508e-07,6.346461095756887e-06,21.93
0,1,2,12,23.643180835073775,5.651831924171686e-08,3.949217557014965e-06,23.64
0,1,2,13,25.35744466621193,2.9544199730394817e-08,2.3746150533304826e-06,25.36
0,1,2,14,27.073972741361764,1.5812964124767916e-08,1.4488628379318601e-06,27.07
0,1,2,15,28.792360097775937,8.373975080076051e-09,8.677531676728808e-07,28.79
0,1,2,16,30.51229260478471,4.454227818116692e-09,5.183607623333299e-07,30.51
0,1,2,17,32.2335229225724,2.331728815668365e-09,3.028332799349289e-07,32.23
0,1,2,18,33.955853692699286,1.192837920565556e-09,1.7191776530151073e-07,33.96
0,1,2,19,35.679125549822544,5.762846474161288e-10,9.170129452009148e-08,35.68
0,1,2,20,37.403208418530085,2.4736442935827504e-10,4.325785458402834e-08,37.4
0,1,2,21,39.1279950930277,7.908396123874354e-11,1.5134693082064543e-08,39.13
0,1,2,22,40.85339643163099,8.280296759925469e-12,1.7274769115394507e-09,40.85
0,1,2,23,42.57933771208753,8.280693213015636e-12,1.876612099399668e-09,42.58
0,1,3,-23,36.71511950137163,2.8510444194340647e-10,4.8040098467463974e-08,36.72
0,1,3,-22,34.99999999999999,6.106700892391787e-10,9.350885741474921e-08,35.0
0,1,3,-21,33.28663395418647,1.2064702806700664e-09,1.6709613387280412e-07,33.29
0,1,3,-20,31.575306807693885,2.276922643281223e-09,2.8376148441892236e-07,31.58
0,1,3,-19,29.866369046136153,4.23809178394295e-09,4.7254723390963885e-07,29.87
0,1,3,-18,28.160255680657443,7.724021090685513e-09,7.656435906142012e-07,28.16
0,1,3,-17,26.457513110645902,1.425295733759432e-08,1.2471337670395025e-06,26.46
0,1,3,-16,24.75883680627989,2.5557188889707022e-08,1.9583195986738e-06,24.76
0,1,3,-15,23.065125189341586,4.782868080020072e-08,3.1806072732133465e-06,23.07
0,1,3,-14,21.377558326431945,8.340993342968892e-08,4.764792447170977e-06,21.38
0,1,3,-13,19.697715603592208,1.634533633400703e-07,7.927488121993409e-06,19.7
0,1,3,-12,18.027756377319943,2.628256930957843e-07,1.0677293782016232e-05,18.03
0,1,3,-11,16.370705543744897,5.770633895159768e-07,1.9331623548785216e-05,16.37
0,1,3,-10,14.730919862656233,7.455963205738993e-07,2.022430019556701e-05,14.73
0,1,3,-9,13.114877048603999,2.2964929935404564e-06,4.9374599361119795e-05,13.11
0,1,3,-8,11.532562594670795,8.775291690617578e-07,1.458892243565172e-05,11.53
0,1,3,-7,9.999999999999998,1.7175014040781803e-05,0.00021468767550977244,10.0
0,1,3,-6,8.54400374531753,7.059805400218157e-06,6.442072427699067e-05,8.54
0,1,3,-5,7.211102550927977,0.00014518426841656575,0.0009436977447076771,7.21
0,1,3,-4,6.0827625302982185,0.00012803892353656617,0.0005921800213566183,6.08
0,1,3,-3,5.2915026221291805,3.240899448437031e-05,0.00011343148069529605,5.29
0,1,3,-2,5.0,4.12587032662112e-05,0.00012893344770691,5.0
0,1,3,-1,5.291502622129182,3.240877984742041e-05,0.00011343072946597148,5.29
0,1,3,0,6.082762530298219,0.00012803809096973307,0.0005921761707350153,6.08
0,1,3,1,7.211102550927979,0.00014518299383920954,0.0009436894599548621,7.21
0,1,3,2,8.54400374531753,7.05945335304297e-06,6.441751184651709e-05,8.54
0,1,3,3,9.999999999999998,1.717438368379906e-05,0.00021467979604748814,10.0
0,1,3,4,11.532562594670793,8.776822463135329e-07,1.4591467344962478e-05,11.53
0,1,3,5,13.114877048603999,2.2962416130399653e-06,4.936919468035924e-05,13.11
0,1,3,6,14.730919862656233,7.457344107549869e-07,2.0228045891729012e-05,14.73
0,1,3,7,16.370705543744897,5.769519207884678e-07,1.9327889346413665e-05,16.37
0,1,3,8,18.027756377319943,2.628914963961192e-07,1.0679967041092337e-05,18.03
0,1,3,9,19.697715603592208,1.634100733808374e-07,7.925388558970612e-06,19.7
0,1,3,10,21.37755832643195,8.343456717509719e-08,4.766199649877426e-06,21.38
0,1,3,11,23.06512518934159,4.781448567443954e-08,3.179663297350229e-06,23.07
0,1,3,12,24.758836806279895,2.556474748897726e-08,1.9588987763428825e-06,24.76
0,1,3,13,26.457513110645905,1.424901580119633e-08,1.246788882604679e-06,26.46
0,1,3,14,28.160255680657443,7.725969671221057e-09,7.658367436597871e-07,28.16
0,1,3,15,29.866369046136157,4.237156895003646e-09,4.7244299379290655e-07,29.87
0,1,3,16,31.575306807693885,2.2773526543434537e-09,2.8381507454755284e-07,31.58
0,1,3,17,33.28663395418647,1.206279130166579e-09,1.6706965952807113e-07,33.29
0,1,3,18,35.0,6.107514812299561e-10,9.352132056333703e-08,35.0
0,1,3,19,36.71511950137164,2.85071415916122e-10,4.8034533581866556e-08,36.72
0,1,3,20,38.43175770115127,1.1031637775557431e-10,2.0367161243122905e-08,38.43
0,1,3,21,40.14971979976946,2.5360289217472076e-11,5.1100982773206215e-09,40.15
0,1,3,22,41.86884283091664,2.895510139150814e-20,6.34478659241422e-18,41.87
0,1,3,23,43.58898943540673,2.5364315010993172e-11,6.024024815110877e-09,43.59
0,1,4,-23,36.097091295560084,2.6132978575025637e-10,4.2564088854072994e-08,36.1
0,1,4,-22,34.39476704383967,5.21564730489891e-10,7.71263845211926e-08,34.39
0,1,4,-21,32.695565448543626,9.837988329626433e-10,1.314601190546332e-07,32.7
0,1,4,-20,30.999999999999996,1.7753055513621615e-09,2.132585793573796e-07,31.0
0,1,4,-19,29.308701779505686,3.1918909817850393e-09,3.427292941691685e-07,29.31
0,1,4,-18,27.622454633866262,5.5242880400843556e-09,5.268789718230452e-07,27.62
0,1,4,-17,25.94224354214569,9.870733009074754e-09,8.303754143884134e-07,25.94
0,1,4,-16,24.269322199023193,1.6343287764398357e-08,1.203274561653829e-06,24.27
0,1,4,-15,22.605309110914625,3.002643220008515e-08,1.917938356780438e-06,22.61
0,1,4,-14,20.95232683975696,4.495522600171086e-08,2.466918026843883e-06,20.95
0,1,4,-13,19.313207915827963,9.166462904294985e-08,4.273863329127535e-06,19.31
0,1,4,-12,17.691806012954128,1.0420186278608379e-07,4.076897881505526e-06,17.69
0,1,4,-11,16.093476939431078,3.0215741322382045e-07,9.782346253121182e-06,16.09
0,1,4,-10,14.525839046333948,9.835102509102823e-08,2.594008286775869e-06,14.53
0,1,4,-9,12.999999999999998,1.7250459354709921e-06,3.6441595386824693e-05,13.0
0,1,4,-8,11.532562594670795,8.77923943450356e-07,1.4595485559862166e-05,11.53
0,1,4,-7,10.148891565092217,1.8394882137383475e-05,0.00023683410751881213,10.15
0,1,4,-6,8.888194417315587,3.167385660943731e-05,0.00031277933401819327,8.89
0,1,4,-5,7.810249675906653,6.408603626560251e-05,0.0004886560265252189,7.81
0,1,4,-4,6.999999999999999,3.054272114447723e-05,0.00018707416700992297,7.0
0,1,4,-3,6.5574385243019995,1.2887830821344346e-05,6.927209066472583e-05,6.56
0,1,4,-2,6.557438524302,1.2887044578547622e-05,6.926786460969346e-05,6.56
0,1,4,-1,7.000000000000001,3.054148255950258e-05,0.00018706658067695335,7.0
0,1,4,0,7.810249675906654,6.408417036110274e-05,0.0004886417990034083,7.81
0,1,4,1,8.888194417315589,3.1672485394179295e-05,0.0003127657932675205,8.89
0,1,4,2,10.148891565092217,1.8393797367129956e-05,0.00023682014110179808,10.15
0,1,4,3,11.532562594670795,8.776822463135236e-07,1.4591467344962327e-05,11.53
0,1,4,4,12.999999999999998,1.7247092774659885e-06,3.6434483486469e-05,13.0
0,1,4,5,14.525839046333948,9.842837174654205e-08,2.596048304815046e-06,14.53
0,1,4,6,16.093476939431078,3.0203176906121144e-07,9.778278523356715e-06,16.09
0,1,4,7,17.691806012954128,1.0426758883411647e-07,4.079469413134805e-06,17.69
0,1,4,8,19.313207915827963,9.161202238953846e-08,4.271410543912229e-06,19.31
0,1,4,9,20.95232683975696,4.498533966819601e-08,2.4685705142922555e-06,20.95
0,1,4,10,22.60530911091463,3.000719874923852e-08,1.9167098201076103e-06,22.61
0,1,4,11,24.269322199023193,1.6353905736195478e-08,1.204056309827392e-06,24.27
0,1,4,12,25.942243542145693,9.86482265272704e-09,8.298782056606621e-07,25.94
0,1,4,13,27.622454633866266,5.527328692409336e-09,5.271689740385403e-07,27.62
0,1,4,14,29.30870177950569,3.190362701236067e-09,3.425651950452227e-07,29.31
0,1,4,15,30.999999999999996,1.7760332952283995e-09,2.1334599958931143e-07,31.0
0,1,4,16,32.69556544854363,9.834639751975988e-10,1.3141537368577917e-07,32.7
0,1,4,17,34.39476704383967,5.217110895947386e-10,7.714802737382194e-08,34.39
0,1,4,18,36.097091295560084,2.6126951397750367e-10,4.2554272089085895e-08,36.1
0,1,4,19,37.80211634287159,1.147694517656877e-10,2.050069332164596e-08,37.8
0,1,4,20,39.50949253027682,3.737683947371536e-11,7.2931558023087095e-09,39.51
0,1,4,21,41.21892769104989,3.9380571351493125e-12,8.36344884077335e-10,41.22
0,1,4,22,42.93017586733136,3.937441441174806e-12,9.070880720106458e-10,42.93
0,1,4,23,44.64302857109942,3.73831393404797e-11,9.313074588197002e-09,44.64
0,1,5,-23,35.55277766926235,1.9219785353211186e-10,3.0367260858073664e-08,35.55
0,1,5,-22,33.86738844375219,3.581693205563324e-10,5.135252633476413e-08,33.87
0,1,5,-21,32.186953878862155,6.439616984987131e-10,8.339303995558331e-08,32.19
0,1,5,-20,30.51229260478471,1.0932584573065998e-09,1.2722795296905553e-07,30.51
0,1,5,-19,28.84441020371191,1.891388113122816e-09,1.9670436376477282e-07,28.84
0,1,5,-18,27.18455443813637,3.003689083289452e-09,2.7746577906886303e-07,27.18
0,1,5,-17,25.534290669607405,5.252464605716432e-09,4.280758653658891e-07,25.53
0,1,5,-16,23.89560629069704,7.414771940586254e-09,5.292293472593438e-07,23.9
0,1,5,-15,22.271057451320083,1.431765928089477e-08,8.876948754154753e-07,22.27
0,1,5,-14,20.66397831977182,1.4751474851375242e-08,7.873599701921533e-07,20.66
0,1,5,-13,19.07878402833891,4.177446467551552e-08,1.9007381427359553e-06,19.08
0,1,5,-12,17.521415467935228,1.1622587754132319e-08,4.460168050648275e-07,17.52
0,1,5,-11,15.999999999999996,2.0108744487710685e-07,6.434798236067417e-06,16.0
0,1,5,-10,14.525839046333948,9.852233117088192e-08,2.59852648463201e-06,14.53
0,1,5,-9,13.114877048603999,2.296676697872807e-06,4.9378549004265335e-05,13.11
0,1,5,-8,11.789826122551595,5.116243334125359e-06,8.88947279304281e-05,11.79
0,1,5,-7,10.583005244258361,1.7536713404812363e-05,0.000245513987667373,10.58
0,1,5,-6,9.539392014169454,2.076281089273974e-05,0.00023617697390491445,9.54
0,1,5,-5,8.717797887081346,1.7728292280213653e-05,0.00016841877666202968,8.72
0,1,5,-4,8.185352771872449,4.254124243420587e-09,3.56282905386474e-08,8.19
0,1,5,-3,7.999999999999998,2.2509530352031017e-06,1.8007624281624807e-05,8.0
0,1,5,-2,8.185352771872449,4.2501790291525794e-09,3.559524936915284e-08,8.19
0,1,5,-1,8.717797887081346,1.7727790587157248e-05,0.00016841401057799383,8.72
0,1,5,0,9.539392014169454,2.0762018895645413e-05,0.00023616796493796646,9.54
0,1,5,1,10.583005244258361,1.7535784112565158e-05,0.00024550097757591215,10.58
0,1,5,2,11.789826122551593,5.1156539139753246e-06,8.888448675532123e-05,11.79
0,1,5,3,13.114877048603999,2.296241613039972e-06,4.9369194680359386e-05,13.11
0,1,5,4,14.525839046333946,9.842837174654474e-08,2.596048304815116e-06,14.53
0,1,5,5,15.999999999999996,2.0095439244237953e-07,6.4305405581561425e-06,16.0
0,1,5,6,17.521415467935228,1.1652794636246126e-08,4.471759941659448e-07,17.52
0,1,5,7,19.078784028338912,4.1723037097094015e-08,1.8983981879177778e-06,19.08
0,1,5,8,20.66397831977182,1.4777670192743025e-08,7.887581465376587e-07,20.66
0,1,5,9,22.271057451320086,1.42966086241756e-08,8.863897346988871e-07,22.27
0,1,5,10,23.895606290697042,7.426573422905911e-09,5.300716780599096e-07,23.9
0,1,5,11,25.534290669607408,5.245089900912404e-09,4.2747482692436085e-07,25.53
0,1,5,12,27.184554438136374,3.007653489060738e-09,2.778319910519857e-07,27.18
0,1,5,13,28.844410203711913,1.8892475786093446e-09,1.964817481753718e-07,28.84
0,1,5,14,30.51229260478471,1.0943244767262337e-09,1.2735201097901542e-07,30.51
0,1,5,15,32.18695387886216,6.434446887017116e-10,8.332608718687165e-08,32.19
0,1,5,16,33.8673884437522,3.5840602445473017e-10,5.1386463756196935e-08,33.87
0,1,5,17,35.552777669262355,1.9209385278618782e-10,3.0350828740217675e-08,35.55
0,1,5,18,37.242448899072144,9.288936762762649e-11,1.6104694112439742e-08,37.24
0,1,5,19,38.93584466786357,3.709200235986216e-11,7.02893444719388e-09,38.94
0,1,5,20,40.63249930782008,8.660259499606789e-12,1.7872610542313506e-09,40.63
0,1,5,21,42.332020977033444,1.4956656264361044e-19,3.350291003216873e-17,42.33
0,1,5,22,44.03407771260799,8.654909015573647e-12,2.097733572649662e-09,44.03
0,1,5,23,45.73838650411708,3.710850341355609e-11,9.703873642644916e-09,45.74
0,1,6,-23,35.08560958569766,1.1415358338532232e-10,1.7565382643416465e-08,35.09
0,1,6,-22,33.4215499341368,1.9708002548075865e-10,2.7517298557750916e-08,33.42
0,1,6,-21,31.764760348537177,3.3903080499918537e-10,4.276026028052224e-08,31.76
0,1,6,-20,30.11644069275119,5.25324102861198e-10,5.95586201618883e-08,30.12
0,1,6,-19,28.47806173179628,8.920783549535937e-10,9.043444323342054e-08,28.48
0,1,6,-18,26.8514431641951,1.2029395259514095e-09,1.0841492477637076e-07,26.85
0,1,6,-17,25.23885892824792,2.2510610428767224e-09,1.7924073553905894e-07,25.24
0,1,6,-16,23.643180835073775,2.144345953689875e-09,1.4983617351408e-07,23.64
0,1,6,-15,22.068076490713906,6.1239924773378875e-09,3.7279804205794377e-07,22.07
0,1,6,-14,20.518284528683186,1.4533824974203574e-09,7.648425392674627e-08,20.52
0,1,6,-13,18.999999999999996,2.6910531684275995e-08,1.214337742252954e-06,19.0
0,1,6,-12,17.521415467935228,1.1696082224830111e-08,4.488371553778553e-07,17.52
0,1,6,-11,16.093476939431078,3.0225876630084427e-07,9.78562755898983e-06,16.09
0,1,6,-10,14.730919862656233,7.460873213330287e-07,2.0237618591158395e-05,14.73
0,1,6,-9,13.453624047073708,3.4392193411372657e-06,7.781233759323061e-05,13.45
0,1,6,-8,12.288205727444506,6.4947127970071206e-06,0.00012258770404350937,12.29
0,1,6,-7,11.269427669584644,1.1034684085313844e-05,0.00017517560985435724,11.27
0,1,6,-6,10.440306508910549,6.0846487031930205e-06,8.290333858100488e-05,10.44
0,1,6,-5,9.848857801796104,2.0112617883912534e-06,2.4386549184243945e-05,9.85
0,1,6,-4,9.539392014169456,2.7360949770907164e-08,3.11230803644069e-07,9.54
0,1,6,-3,9.539392014169454,2.7318045429080026e-08,3.107427667557851e-07,9.54
0,1,6,-2,9.848857801796104,2.0108751740884083e-06,2.4381861485821945e-05,9.85
0,1,6,-1,10.440306508910549,6.083916564689172e-06,8.289336319388994e-05,10.44
0,1,6,0,11.269427669584644,1.1033594217504499e-05,0.00017515830820288391,11.27
0,1,6,1,12.288205727444508,6.493792530190718e-06,0.00012257033400734981,12.29
0,1,6,2,13.45362404707371,3.4384963676984814e-06,7.779598031917814e-05,13.45
0,1,6,3,14.730919862656235,7.457344107549891e-07,2.0228045891729077e-05,14.73
0,1,6,4,16.093476939431078,3.020317690612198e-07,9.778278523356986e-06,16.09
0,1,6,5,17.52141546793523,1.1652794636245183e-08,4.4717599416590886e-07,17.52
0,1,6,6,19.000000000000004,2.6849545131419888e-08,1.2115857240553228e-06,19.0
0,1,6,7,20.518284528683193,1.4659858899480085e-09,7.714750745851396e-08,20.52
0,1,6,8,22.06807649071391,6.102173288739211e-09,3.714697989519994e-07,22.07
0,1,6,9,23.643180835073778,2.1547803960763908e-09,1.505652801758378e-07,23.64
0,1,6,10,25.238858928247925,2.242858771747311e-09,1.7858762970037964e-07,25.24
0,1,6,11,26.851443164195103,1.2073461415693396e-09,1.0881207100893673e-07,26.85
0,1,6,12,28.478061731796284,8.894222509915139e-10,9.016518069426472e-08,28.48
0,1,6,13,30.116440692751194,5.266952842562418e-10,5.971407785255142e-08,30.12
0,1,6,14,31.764760348537177,3.3832018458680764e-10,4.26706332810111e-08,31.76
0,1,6,15,33.421549934136806,1.9741805146895795e-10,2.756449543635325e-08,33.42
0,1,6,16,35.08560958569767,1.1399848926858423e-10,1.75415175362034e-08,35.09
0,1,6,17,36.75595189897821,5.967109298453864e-11,1.0076955827763962e-08,36.76
0,1,6,18,38.43175770115127,2.7513316757144557e-11,5.079646106287814e-09,38.43
0,1,6,19,40.11234224026316,9.165890145899725e-12,1.8434896555940826e-09,40.11
0,1,6,20,41.79712908801273,9.871129783592099e-13,2.1556079664919246e-10,41.8
0,1,6,21,43.485629810317796,9.878150136937859e-13,2.334947738618686e-10,43.49
0,1,6,22,45.177427992306065,9.158788700625799e-12,2.3366359672471565e-09,45.18
0,1,6,23,46.872166581031856,2.7538061656404175e-11,7.562640182389996e-09,46.87
0,1,7,-23,34.69870314579494,5.5445752086469904e-11,8.344585689013718e-09,34.7
0,1,7,-22,33.060550509633075,8.652803206404834e-11,1.1821892380750601e-08,33.06
0,1,7,-21,31.43246729100342,1.4685605266122863e-10,1.8136722503661735e-08,31.43
0,1,7,-20,29.816103031751144,1.925234871605888e-10,2.1394172510720423e-08,29.82
0,1,7,-19,28.213471959331766,3.574940980867745e-10,3.5570662759634056e-08,28.21
0,1,7,-18,26.62705391138869,3.2106239453699345e-10,2.845415471584103e-08,26.63
0,1,7,-17,25.059928172283332,9.419478173651546e-10,7.39429036631646e-08,25.06
0,1,7,-16,23.515952032609693,1.957345059791261e-10,1.3530147725807092e-08,23.52
0,1,7,-15,21.999999999999996,3.960994912991961e-09,2.3964019223601356e-07,22.0
0,1,7,-14,20.518284528683186,1.484284598762449e-09,7.811047700987384e-08,20.52
0,1,7,-13,19.07878402833891,4.1827780922988614e-08,1.903164031995981e-06,19.08
0,1,7,-12,17.691806012954128,1.0443706238000931e-07,4.086100065617862e-06,17.69
0,1,7,-11,16.370705543744897,5.773402495669993e-07,1.9340898360494465e-05,16.37
0,1,7,-10,15.132745950421555,1.4141534454686468e-06,4.0480142376540007e-05,15.13
0,1,7,-9,13.999999999999998,3.4644011953871343e-06,8.487782928698477e-05,14.0
0,1,7,-8,12.999999999999998,4.188544799112713e-06,8.848300888125604e-05,13.0
0,1,7,-7,12.165525060596439,3.6146389664716273e-06,6.687082087972509e-05,12.17
0,1,7,-6,11.532562594670795,9.093899442022634e-07,1.5118607822362625e-05,11.53
0,1,7,-5,11.135528725660043,7.49605618925865e-11,1.1618887093350906e-09,11.14
0,1,7,-4,10.999999999999998,3.8224029913056567e-07,5.781384524349804e-06,11.0
0,1,7,-3,11.135528725660043,7.419727901636289e-11,1.1500578247536247e-09,11.14
0,1,7,-2,11.532562594670795,9.092218357389481e-07,1.5115813019160008e-05,11.53
0,1,7,-1,12.165525060596437,3.61414018838064e-06,6.686159348504181e-05,12.17
0,1,7,0,12.999999999999998,4.187841383363144e-06,8.846814922354638e-05,13.0
0,1,7,1,13.999999999999998,3.4636270469498647e-06,8.485886265027166e-05,14.0
0,1,7,2,15.132745950421555,1.4135903380121276e-06,4.0464023425597146e-05,15.13
0,1,7,3,16.370705543744897,5.769519207884738e-07,1.932788934641386e-05,16.37
0,1,7,4,17.691806012954135,1.042675888341143e-07,4.0794694131347235e-06,17.69
0,1,7,5,19.078784028338912,4.1723037097094246e-08,1.8983981879177881e-06,19.08
0,1,7,6,20.518284528683193,1.465985889947621e-09,7.714750745849357e-08,20.52
0,1,7,7,22.0,3.9345161255466615e-09,2.3803822559557303e-07,22.0
0,1,7,8,23.515952032609693,2.0072642588421649e-10,1.3875214189246464e-08,23.52
0,1,7,9,25.059928172283335,9.332598910923028e-10,7.326090145074577e-08,25.06
0,1,7,10,26.627053911388696,3.2494566282179674e-10,2.879830936758174e-08,26.63
0,1,7,11,28.21347195933177,3.545359268431522e-10,3.527632472089364e-08,28.21
0,1,7,12,29.816103031751148,1.9403360926188534e-10,2.1561984829227007e-08,29.82
0,1,7,13,31.432467291003423,1.4598374704164042e-10,1.8028992759642596e-08,31.43
0,1,7,14,33.06055050963308,8.695669378681346e-11,1.1880458288623391e-08,33.06
0,1,7,15,34.698703145794944,5.5234280930195503e-11,8.312759279994423e-09,34.7
0,1,7,16,36.345563690772494,3.080782122560696e-11,5.087141479878349e-09,36.35
0,1,7,17,38.0,1.6000468491102023e-11,2.888084562643915e-09,38.0
0,1,7,18,39.66106403010388,6.57048431833338e-12,1.2919214790923006e-09,39.66
0,1,7,19,41.32795663954364,1.581798440855948e-12,3.377139671227448e-10,41.33
0,1,7,20,43.0,7.768472283414461e-19,1.7954881565041672e-16,43.0
0,1,7,21,44.676615807377345,1.587019266552038e-12,3.9596130700473334e-10,44.68
0,1,7,22,46.35730794599703,6.554633892099887e-12,1.7607385292653314e-09,46.36
0,1,7,23,48.04164859785725,1.6041244225011623e-11,4.627898958915852e-09,48.04
0,1,8,-23,34.39476704383967,2.2810516481986964e-11,3.373105124773821e-09,34.39
0,1,8,-22,32.787192621509995,2.9785641343673736e-11,4.002445555556156e-09,32.79
0,1,8,-21,31.19294792096444,5.67544781724899e-11,6.902763407729083e-09,31.19
0,1,8,-20,29.61418578992169,4.8620444066790137e-11,5.330016180821868e-09,29.61
0,1,8,-19,28.05352027821107,1.5031370943971607e-10,1.4787111166132064e-08,28.05
0,1,8,-18,26.5141471671257,2.7394960834926324e-11,2.40733218336915e-09,26.51
0,1,8,-17,24.999999999999996,6.249991460137181e-10,4.882805828232171e-08,25.0
0,1,8,-16,23.515952032609693,2.085244315090917e-10,1.4414251328065963e-08,23.52
0,1,8,-15,22.068076490713906,6.1508531216529144e-09,3.74433183780621e-07,22.07
0,1,8,-14,20.66397831977182,1.485982508617626e-08,7.931431639746577e-07,20.66
0,1,8,-13,19.313207915827963,9.18232643660524e-08,4.281259701067192e-06,19.31
0,1,8,-12,18.027756377319943,2.632443367982944e-07,1.0694301182430703e-05,18.03
0,1,8,-11,16.82260384126072,8.164847997332256e-07,2.888314979056284e-05,16.82
0,1,8,-10,15.71623364550171,1.4898055818576966e-06,4.5997747339856375e-05,15.72
0,1,8,-9,14.730919862656233,2.1682703574241183e-06,5.8814333445129184e-05,14.73
0,1,8,-8,13.892443989449804,1.6568985506754696e-06,3.9972677535045696e-05,13.89
0,1,8,-7,13.228756555322951,6.810486679976431e-07,1.4897939612448438e-05,13.23
0,1,8,-6,12.767145334803702,4.448897211299744e-08,9.064628068023225e-07,12.77
0,1,8,-5,12.529964086141666,8.432351920582621e-10,1.6548490644143388e-08,12.53
0,1,8,-4,12.529964086141666,8.344099798241312e-10,1.6375295854048568e-08,12.53
0,1,8,-3,12.767145334803702,4.44193961152988e-08,9.050451958492127e-07,12.77
0,1,8,-2,13.228756555322953,6.807369529798901e-07,1.4891120846435095e-05,13.23
0,1,8,-1,13.892443989449802,1.656329026363052e-06,3.995893776100862e-05,13.89
0,1,8,0,14.730919862656233,2.167510463380996e-06,5.87937213192095e-05,14.73
0,1,8,1,15.71623364550171,1.4890872368656953e-06,4.597556843822834e-05,15.72
0,1,8,2,16.822603841260722,8.158982946922595e-07,2.886240217473868e-05,16.82
0,1,8,3,18.02775637731995,2.628914963961263e-07,1.0679967041092635e-05,18.03
0,1,8,4,19.313207915827967,9.161202238953895e-08,4.271410543912255e-06,19.31
0,1,8,5,20.66397831977183,1.4777670192742556e-08,7.887581465376342e-07,20.66
0,1,8,6,22.06807649071391,6.102173288738345e-09,3.714697989519467e-07,22.07
0,1,8,7,23.515952032609693,2.0072642588424252e-10,1.3875214189248264e-08,23.52
0,1,8,8,25.0,6.13696479870798e-10,4.7945037489906094e-08,25.0
0,1,8,9,26.514147167125703,2.9309032346719414e-11,2.575531217467968e-09,26.51
0,1,8,10,28.053520278211074,1.4701488153522208e-10,1.4462588971027473e-08,28.05
0,1,8,11,29.61418578992169,4.998134545655889e-11,5.479204995675267e-09,29.61
0,1,8,12,31.192947920964443,5.5760730785371846e-11,6.781898881770851e-09,31.19
0,1,8,13,32.78719262151,3.0260737679615365e-11,4.066286625698315e-09,32.79
0,1,8,14,34.39476704383967,2.2550754916246963e-11,3.3346928832400183e-09,34.39
0,1,8,15,36.013886210738214,1.2898448120710818e-11,2.0911609015702414e-09,36.01
0,1,8,16,37.64306044943742,7.56987249052239e-12,1.340813664883778e-09,37.64
0,1,8,17,39.281038682804706,3.5458840329870025e-12,6.839123828623679e-10,39.28
0,1,8,18,40.92676385936225,1.250470856481056e-12,2.6181733557572107e-10,40.93
0,1,8,19,42.57933771208753,1.3205714974157754e-13,2.9927451560185e-11,42.58
0,1,8,20,44.23799272118932,1.3146986039080386e-13,3.216081459810038e-11,44.24
0,1,8,21,45.902069670113995,1.2564863947684772e-12,3.309271042221475e-10,45.9
0,1,8,22,47.57099956906517,3.525579498449819e-12,9.97298300623992e-10,47.57
0,1,8,23,49.244289008980516,7.623274824645493e-12,2.310805181220664e-09,49.24
0,1,9,-23,34.17601498127012,8.745550957785469e-12,1.2768504398366782e-09,34.18
0,1,9,-22,32.6036807738022,7.181532300475941e-12,9.542461044257402e-10,32.6
0,1,9,-21,31.048349392520045,2.4416545013388526e-11,2.942193674113317e-09,31.05
0,1,9,-20,29.51270912674741,3.77550169411357e-12,4.110577469466149e-10,29.51
0,1,9,-19,27.999999999999996,1.0317322060697639e-10,1.0110975619483683e-08,28.0
0,1,9,-18,26.5141471671257,3.2528298680451234e-11,2.8584242465446514e-09,26.51
0,1,9,-17,25.059928172283332,9.548048058475684e-10,7.495217725903409e-08,25.06
0,1,9,-16,23.643180835073775,2.1923277667547267e-09,1.531889027019865e-07,23.64
0,1,9,-15,22.271057451320083,1.4401765192995471e-08,8.929094419657188e-07,22.27
0,1,9,-14,20.95232683975696,4.517830152571735e-08,2.4791592962237387e-06,20.95
0,1,9,-13,19.697715603592208,1.6377180577355729e-07,7.942932580017527e-06,19.7
0,1,9,-12,18.520259177452132,3.845304380680881e-07,1.6486742532169277e-05,18.52
0,1,9,-11,17.435595774162692,7.708521856935389e-07,2.9292383056354472e-05,17.44
0,1,9,-10,16.462077633154326,9.860855689999947e-07,3.340364864987481e-05,16.46
0,1,9,-9,15.620499351813306,8.699468910724678e-07,2.6533380177710258e-05,15.62
0,1,9,-8,14.933184523068077,3.727759687586752e-07,1.0391130129148069e-05,14.93
0,1,9,-7,14.422205101855955,6.421443460538136e-08,1.669575299739915e-06,14.42
0,1,9,-6,14.106735979665881,3.6480993248943914e-09,9.074647070674794e-08,14.11
0,1,9,-5,13.999999999999998,2.0498984676346255e-08,5.022251245704831e-07,14.0
0,1,9,-4,14.106735979665881,3.655354953038264e-09,9.092695445682678e-08,14.11
0,1,9,-3,14.422205101855955,6.415278369471722e-08,1.6679723760626473e-06,14.42
0,1,9,-2,14.933184523068077,3.7254933691594285e-07,1.0384812766531904e-05,14.93
0,1,9,-1,15.620499351813308,8.694787879282283e-07,2.651910303181096e-05,15.62
0,1,9,0,16.46207763315433,9.85460363393856e-07,3.3382469809966876e-05,16.46
0,1,9,1,17.435595774162696,7.701980255701704e-07,2.926752497166648e-05,17.44
0,1,9,2,18.520259177452136,3.8401149545023515e-07,1.6464492867428836e-05,18.52
0,1,9,3,19.697715603592208,1.6341007338083774e-07,7.92538855897063e-06,19.7
0,1,9,4,20.952326839756964,4.498533966819699e-08,2.46857051429231e-06,20.95
0,1,9,5,22.271057451320086,1.4296608624174618e-08,8.863897346988262e-07,22.27
0,1,9,6,23.643180835073778,2.1547803960761265e-09,1.5056528017581933e-07,23.64
0,1,9,7,25.059928172283335,9.332598910923723e-10,7.326090145075122e-08,25.06
0,1,9,8,26.514147167125703,2.930903234671208e-11,2.5755312174673237e-09,26.51
0,1,9,9,28.0,9.861578047576875e-11,9.664346486625338e-09,28.0
0,1,9,10,29.512709126747414,4.4597252521475924e-12,4.855525868275692e-10,29.51
0,1,9,11,31.048349392520045,2.3251297849937653e-11,2.801781390917487e-09,31.05
0,1,9,12,32.60368077380221,7.619529480973258e-12,1.0124449797843217e-09,32.6
0,1,9,13,34.17601498127012,8.440570704073572e-12,1.2323233227947414e-09,34.18
0,1,9,14,35.76310948449533,4.365499448585626e-12,6.979342243426269e-10,35.76
0,1,9,15,37.36308338453881,3.054118674135165e-12,5.329437086365863e-10,37.36
0,1,9,16,38.974350539810146,1.5221509688531305e-12,2.8901841521098805e-10,38.97
0,1,9,17,40.59556626036887,6.874422814696625e-13,1.4161310998275043e-10,40.6
0,1,9,18,42.22558466143482,1.6387119176036423e-13,3.652279186359117e-11,42.23
0,1,9,19,43.86342439892261,4.063420997437659e-18,9.772527498837566e-16,43.86
0,1,9,20,45.508241011931005,1.600502544089702e-13,4.143300961012214e-11,45.51
0,1,9,21,47.159304490206374,6.992522259497004e-13,1.9439211881401664e-10,47.16
0,1,9,22,48.81598098983569,1.4934696128025069e-12,4.4486726091354657e-10,48.82
0,1,9,23,50.47771785649584,3.1229687058159227e-12,9.94665532802371e-10,50.48
0,1,10,-23,34.0440890610984,3.943437808372979e-12,5.713055524880352e-10,34.04
0,1,10,-22,32.51153641401771,4.586290832634433e-13,6.059636762618244e-11,32.51
0,1,10,-21,30.999999999999996,1.758204352478523e-11,2.112042978414825e-09,31.0
0,1,10,-20,29.51270912674741,5.7502004661550835e-12,6.260530757526347e-10,29.51
0,1,10,-19,28.05352027821107,1.5611109419227962e-10,1.5357428891165502e-08,28.05
0,1,10,-18,26.62705391138869,3.414415112633727e-10,3.026025393571639e-08,26.63
0,1,10,-17,25.23885892824792,2.2927177642336397e-09,1.825576519771035e-07,25.24
0,1,10,-16,23.89560629069704,7.52597274368665e-09,5.371663045806345e-07,23.9
0,1,10,-15,22.605309110914625,3.021501397447365e-08,1.9299840176195035e-06,22.61
0,1,10,-14,21.377558326431945,8.377735355270354e-08,4.7857813216981875e-06,21.38
0,1,10,-13,20.22374841615668,2.0908632069375044e-07,1.0689538145467989e-05,20.22
0,1,10,-12,19.157244060668013,3.6953886997957395e-07,1.695259566031295e-05,19.16
0,1,10,-11,18.193405398660246,5.013708132449424e-07,2.074421739800948e-05,18.19
0,1,10,-10,17.34935157289747,4.328628021415984e-07,1.6286462930577633e-05,17.35
0,1,10,-9,16.643316977093235,2.3531535605986975e-07,8.147794203572987e-06,16.64
0,1,10,-8,16.093476939431078,4.9927919142360946e-08,1.6164163822339349e-06,16.09
0,1,10,-7,15.716233645501708,1.801197441948513e-09,5.561197102016032e-08,15.72
0,1,10,-6,15.52417469626002,3.189382150011171e-10,9.608013726908649e-09,15.52
0,1,10,-5,15.52417469626002,3.2512009932070247e-10,9.794242992036158e-09,15.52
0,1,10,-4,15.71623364550171,1.7848418345561291e-09,5.510699164192048e-08,15.72
0,1,10,-3,16.093476939431078,4.982360284806429e-08,1.6130391422060807e-06,16.09
0,1,10,-2,16.64331697709324,2.3503353583592704e-07,8.138036178318974e-06,16.64
0,1,10,-1,17.349351572897476,4.3239013394343327e-07,1.6268678789621683e-05,17.35
0,1,10,0,18.193405398660254,5.007580569035377e-07,2.0718864604383877e-05,18.19
0,1,10,1,19.157244060668017,3.689282967487479e-07,1.692458561334881e-05,19.16
0,1,10,2,20.223748416156685,2.0857577761931972e-07,1.066343663078772e-05,20.22
0,1,10,3,21.37755832643195,8.343456717509687e-08,4.7661996498774085e-06,21.38
0,1,10,4,22.60530911091463,3.000719874923946e-08,1.9167098201076704e-06,22.61
0,1,10,5,23.895606290697042,7.426573422905299e-09,5.300716780598658e-07,23.9
0,1,10,6,25.238858928247925,2.2428587717475584e-09,1.7858762970039933e-07,25.24
0,1,10,7,26.627053911388696,3.249456628218152e-10,2.8798309367583378e-08,26.63
0,1,10,8,28.05352027821107,1.4701488153518e-10,1.4462588971023329e-08,28.05
0,1,10,9,29.512709126747414,4.459725252145639e-12,4.855525868273565e-10,29.51
0,1,10,10,31.0,1.5864127554724394e-11,1.9056783225112678e-09,31.0
0,1,10,11,32.51153641401771,6.78617796267118e-13,8.966237633179294e-11,32.51
0,1,10,12,34.044089061098404,3.566018185123355e-12,5.16626884569746e-10,34.04
0,1,10,13,35.59494346111537,1.093179032459157e-12,1.7313222926571894e-10,35.59
0,1,10,14,37.16180835212409,1.1570855857279234e-12,1.9974189923628274e-10,37.16
0,1,10,15,38.74274125562103,5.257828165464038e-13,9.865000095451898e-11,38.74
0,1,10,16,40.336088060197405,3.088588412911423e-13,6.281416684758605e-11,40.34
0,1,10,17,41.94043395102153,9.73838639717004e-14,2.141227709077762e-11,41.94
0,1,10,18,43.554563480765125,1.2794498088730905e-14,3.0338953592903146e-12,43.55
0,1,10,19,45.17742799230606,1.3218888139944667e-14,3.3724688367033813e-12,45.18
0,1,10,20,46.808118953873795,9.356520232390136e-14,2.5625169786458475e-11,46.81
0,1,10,21,48.44584605515729,3.2281278154804827e-13,9.470519978665863e-11,48.45
0,1,10,22,50.08991914547276,4.940188633916504e-13,1.5493666603120628e-10,50.09
0,1,10,23,51.73973328110611,1.2399683510084403e-12,4.1492440945619926e-10,51.74
0,1,11,-23,33.99999999999999,3.064204689690027e-12,4.427775776602087e-10,34.0
0,1,11,-22,32.51153641401771,1.176547420202261e-12,1.554513278942237e-10,32.51
0,1,11,-21,31.048349392520045,2.685330567648961e-11,3.2358233340169973e-09,31.05
0,1,11,-20,29.61418578992169,5.6855100374297004e-11,6.232740378532308e-09,29.61
0,1,11,-19,28.213471959331766,3.767686189115695e-10,3.748847758170116e-08,28.21
0,1,11,-18,26.8514431641951,1.2550167129527654e-09,1.1310838125486795e-07,26.85
0,1,11,-17,25.534290669607405,5.354413319490103e-09,4.363846855384432e-07,25.53
0,1,11,-16,24.269322199023193,1.6555514629511565e-08,1.218899764597789e-06,24.27
0,1,11,-15,23.06512518934159,4.81560860319023e-08,3.2023797211215023e-06,23.07
0,1,11,-14,21.931712199461305,1.0603217198501421e-07,6.375184340598977e-06,21.93
0,1,11,-13,20.880613017821098,1.9085723436747018e-07,1.0401719273027123e-05,20.88
0,1,11,-12,19.924858845171272,2.4607395522435307e-07,1.2211420028008518e-05,19.92
0,1,11,-11,19.07878402833891,2.2921290030194817e-07,1.0429186963738638e-05,19.08
0,1,11,-10,18.35755975068582,1.2879585694207229e-07,5.425525473684795e-06,18.36
0,1,11,-9,17.776388834631174,3.9305343631387094e-08,1.5525610734397896e-06,17.78
0,1,11,-8,17.349351572897472,2.7451610808081814e-09,1.0328668566540783e-07,17.35
0,1,11,-7,17.08800749063506,3.343044792042694e-10,1.2202113490955831e-08,17.09
0,1,11,-6,16.999999999999996,1.8437025986472095e-09,6.660375637613041e-08,17.0
0,1,11,-5,17.08800749063506,3.37085433076833e-10,1.2303618307304401e-08,17.09
0,1,11,-4,17.349351572897476,2.7287504147539378e-09,1.0266923435511694e-07,17.35
0,1,11,-3,17.77638883463118,3.920765995208149e-08,1.5487025681072192e-06,17.78
0,1,11,-2,18.35755975068582,1.2854770905829193e-07,5.4150722440805475e-06,18.36
0,1,11,-1,19.078784028338916,2.2877993927364583e-07,1.040948723695089e-05,19.08
0,1,11,0,19.924858845171276,2.455192036738333e-07,1.2183890482313977e-05,19.92
0,1,11,1,20.8806130178211,1.9028332493032643e-07,1.0370441208702791e-05,20.88
0,1,11,2,21.931712199461312,1.0555444649907991e-07,6.3464610957571815e-06,21.93
0,1,11,3,23.065125189341593,4.781448567443963e-08,3.179663297350236e-06,23.07
0,1,11,4,24.269322199023193,1.6353905736195832e-08,1.204056309827418e-06,24.27
0,1,11,5,25.53429066960741,5.245089900911363e-09,4.274748269242762e-07,25.53
0,1,11,6,26.851443164195107,1.2073461415696943e-09,1.0881207100896872e-07,26.85
0,1,11,7,28.21347195933177,3.545359268433191e-10,3.527632472091025e-08,28.21
0,1,11,8,29.614185789921695,4.9981345456596104e-11,5.479204995679348e-09,29.61
0,1,11,9,31.04834939252005,2.3251297849854227e-11,2.8017813909074345e-09,31.05
0,1,11,10,32.51153641401772,6.786177962801793e-13,8.966237633351871e-11,32.51
0,1,11,11,34.0,2.4681354526023274e-12,3.566455729010363e-10,34.0
0,1,11,12,35.510561809129406,9.801048767531075e-14,1.5448903119820856e-11,35.51
0,1,11,13,37.040518354904265,5.0324982510028e-13,8.630734500469801e-11,37.04
0,1,11,14,38.58756276314947,1.3558079249956105e-13,2.5234975003980793e-11,38.59
0,1,11,15,40.14971979976946,1.2679187425177596e-13,2.554856266173285e-11,40.15
0,1,11,16,41.725292090050125,4.20402072145387e-14,9.149000095063982e-12,41.73
0,1,11,17,43.31281565541543,1.2122643636172188e-14,2.842759932682378e-12,43.31
0,1,11,18,44.91102314577123,2.140423543022256e-17,5.3965428578448606e-15,44.91
0,1,11,19,46.51881339845202,1.4643221178776302e-14,3.960991328858988e-12,46.52
0,1,11,20,48.13522618623496,3.561511657876743e-14,1.0315028139125514e-11,48.14
0,1,11,21,49.75942121849891,1.46655425621672e-13,4.538985422990747e-11,49.76
0,1,11,22,51.390660630118376,1.0447861212740156e-13,3.449100182855842e-11,51.39
0,1,11,23,53.0282943342514,6.136504081009251e-13,2.1569811844747512e-10,53.03
0,1,12,-23,34.0440890610984,4.8897834622020706e-12,7.084073790865246e-10,34.04
0,1,12,-22,32.6036807738022,1.0319435487600193e-11,1.3711949904148751e-09,32.6
0,1,12,-21,31.19294792096444,6.505449151542726e-11,7.912252530563838e-09,31.19
0,1,12,-20,29.816103031751144,2.1542342681450323e-10,2.3938928304761667e-08,29.82
0,1,12,-19,28.47806173179628,9.428035593002493e-10,9.557671082406274e-08,28.48
0,1,12,-18,27.18455443813637,3.1163579034271904e-09,2.8787356132908664e-07,27.18
0,1,12,-17,25.94224354214569,1.0071323105169541e-08,8.472500562223873e-07,25.94
0,1,12,-16,24.75883680627989,2.5895405043869108e-08,1.98423541148647e-06,24.76
0,1,12,-15,23.643180835073775,5.698240911687204e-08,3.981645837041433e-06,23.64
0,1,12,-14,22.605309110914625,9.645527179989358e-08,6.1610804862182e-06,22.61
0,1,12,-13,21.656407827707714,1.2727215849372295e-07,7.461330291694507e-06,21.66
0,1,12,-12,20.80865204668481,1.1836813831624192e-07,6.406675486366593e-06,20.81
0,1,12,-11,20.07485989988473,7.512959204896249e-08,3.7846531994664845e-06,20.07
0,1,12,-10,19.467922333931785,2.6736011724884595e-08,1.2666185554664076e-06,19.47
0,1,12,-9,18.999999999999996,4.110313059027765e-09,1.8547787678862782e-07,19.0
0,1,12,-8,18.681541692269406,1.1482995698122639e-11,5.009456873306002e-10,18.68
0,1,12,-7,18.520259177452136,1.9315509275588957e-11,8.281524601908767e-10,18.52
0,1,12,-6,18.520259177452136,2.09666512220237e-11,8.989451711442662e-10,18.52
0,1,12,-5,18.681541692269406,1.007395032464657e-11,4.3947608291270666e-10,18.68
0,1,12,-4,19.000000000000004,4.075038202516853e-09,1.8388609888857305e-07,19.0
0,1,12,-3,19.46792233393179,2.661666561284679e-08,1.260964533408617e-06,19.47
0,1,12,-2,20.074859899884732,7.486685242250405e-08,3.7714176907836423e-06,20.07
0,1,12,-1,20.808652046684816,1.1794797598866083e-07,6.38393420038627e-06,20.81
0,1,12,0,21.656407827707717,1.2673904936590563e-07,7.4300767690762195e-06,21.66
0,1,12,1,22.605309110914632,9.59127645522415e-08,6.126427835774427e-06,22.61
0,1,12,2,23.64318083507378,5.651831924171738e-08,3.949217557015003e-06,23.64
0,1,12,3,24.758836806279895,2.556474748897851e-08,1.9588987763429783e-06,24.76
0,1,12,4,25.942243542145697,9.864822652727428e-09,8.29878205660695e-07,25.94
0,1,12,5,27.184554438136377,3.0076534890603093e-09,2.7783199105194616e-07,27.18
0,1,12,6,28.478061731796288,8.894222509916348e-10,9.0165180694277e-08,28.48
0,1,12,7,29.81610303175115,1.9403360926192603e-10,2.1561984829231534e-08,29.82
0,1,12,8,31.192947920964443,5.5760730785406794e-11,6.781898881775101e-09,31.19
0,1,12,9,32.60368077380222,7.619529480975536e-12,1.0124449797846248e-09,32.6
0,1,12,10,34.044089061098404,3.5660181851112267e-12,5.16626884567989e-10,34.04
0,1,12,11,35.510561809129406,9.80104876740191e-14,1.544890311961726e-11,35.51
0,1,12,12,36.99999999999999,3.5547659393448306e-13,6.08309321370384e-11,37.0
0,1,12,13,38.50973902793941,1.2250863789890425e-14,2.271003875050937e-12,38.51
0,1,12,14,40.037482438335196,6.055074571826511e-14,1.2132855673297367e-11,40.04
0,1,12,15,41.58124577258358,1.157777833516422e-14,2.5022473426873666e-12,41.58
0,1,12,16,43.13930922024597,8.817327691224597e-15,2.0511308541711205e-12,43.14
0,1,12,17,44.71017781221631,2.425527829699324e-16,6.060787664461184e-14,44.71
0,1,12,18,46.29254799641082,1.2717481311793496e-16,3.406695306396681e-14,46.29
0,1,12,19,47.88527957525151,1.1701412785856047e-14,3.353917439745989e-12,47.89
0,1,12,20,49.487372126634476,6.230651778882021e-15,1.9073582758102576e-12,49.49
0,1,12,21,51.09794516416486,8.840985581929658e-14,2.885476669302291e-11,51.1
0,1,12,22,52.7162214123888,5.674152977469866e-16,1.9710588905485941e-13,52.72
0,1,12,23,54.34151267677409,5.434186389107288e-13,2.0058940508792267e-10,54.34
0,1,13,-23,34.17601498127012,1.2050910643847029e-11,1.7594329540016658e-09,34.18
0,1,13,-22,32.787192621509995,3.9194162759604255e-11,5.26671562082182e-09,32.79
0,1,13,-21,31.43246729100342,1.7011536002228793e-10,2.1009246962752556e-08,31.43
0,1,13,-20,30.11644069275119,5.805193267976487e-10,6.58163786756834e-08,30.12
0,1,13,-19,28.84441020371191,2.0025554740698254e-09,2.0826576930326178e-07,28.84
0,1,13,-18,27.622454633866262,5.7314505476549345e-09,5.466370959825892e-07,27.62
0,1,13,-17,26.457513110645902,1.4575808489056746e-08,1.2753832427924648e-06,26.46
0,1,13,-16,25.35744466621193,2.998884806474319e-08,2.410353663203733e-06,25.36
0,1,13,-15,24.331050121192874,5.057509088214443e-08,3.7425567252786865e-06,24.33
0,1,13,-14,23.388031127052994,6.518318711082081e-08,4.456900418702372e-06,23.39
0,1,13,-13,22.538855339169285,6.316849910742426e-08,4.011199693321439e-06,22.54
0,1,13,-12,21.794494717703362,4.1897093432215854e-08,2.487639922537815e-06,21.79
0,1,13,-11,21.16601048851672,1.7628479249391144e-08,9.871948379659035e-07,21.17
0,1,13,-10,20.66397831977182,3.529891669674487e-09,1.884079678688757e-07,20.66
0,1,13,-9,20.297783130184435,1.5968091136669092e-10,8.223566935384579e-09,20.3
0,1,13,-8,20.074859899884732,5.432587093029755e-11,2.7366657481137396e-09,20.07
0,1,13,-7,20.0,9.63901778451904e-11,4.81950889225952e-09,20.0
0,1,13,-6,20.074859899884732,5.564245723219749e-11,2.802988783071949e-09,20.07
0,1,13,-5,20.29778313018444,1.5496934155193653e-10,7.980921089924732e-09,20.3
0,1,13,-4,20.663978319771825,3.493652546806515e-09,1.8647370468579776e-07,20.66
0,1,13,-3,21.166010488516726,1.7509758998792828e-08,9.805465039323984e-07,21.17
0,1,13,-2,21.79449471770337,4.1646082555314834e-08,2.4727361517218186e-06,21.79
0,1,13,-1,22.53885533916929,6.276809477385058e-08,3.985774018139512e-06,22.54
0,1,13,0,23.388031127053,6.468107596519e-08,4.422568569119867e-06,23.39
0,1,13,1,24.331050121192877,5.005629537387223e-08,3.7041658576665444e-06,24.33
0,1,13,2,25.357444666211936,2.9544199730396372e-08,2.374615053330609e-06,25.36
0,1,13,3,26.457513110645905,1.4249015801196102e-08,1.2467888826046589e-06,26.46
0,1,13,4,27.622454633866266,5.527328692409513e-09,5.271689740385573e-07,27.62
0,1,13,5,28.844410203711917,1.889247578609858e-09,1.9648174817542525e-07,28.84
0,1,13,6,30.116440692751194,5.266952842561325e-10,5.971407785253902e-08,30.12
0,1,13,7,31.432467291003423,1.4598374704172205e-10,1.8028992759652677e-08,31.43
0,1,13,8,32.78719262151,3.02607376795936e-11,4.06628662569539e-09,32.79
0,1,13,9,34.17601498127012,8.440570704093636e-12,1.2323233227976707e-09,34.18
0,1,13,10,35.59494346111537,1.0931790324560696e-12,1.7313222926523e-10,35.59
0,1,13,11,37.040518354904265,5.03249825092859e-13,8.63073450034253e-11,37.04
0,1,13,12,38.50973902793941,1.2250863790705911e-14,2.271003875202108e-12,38.51
0,1,13,13,39.99999999999999,4.367744836169149e-14,8.735489672338295e-12,40.0
0,1,13,14,41.50903516103451,1.2781034899032e-15,2.752715391379016e-13,41.51
0,1,13,15,43.03486958270002,4.5232142033987335e-15,1.0471240880868065e-12,43.03
0,1,13,16,44.57577817604533,6.512032933711176e-16,1.6174261799105128e-13,44.58
0,1,13,17,46.13025037868317,1.1355164897773366e-16,3.020473862807714e-14,46.13
0,1,13,18,47.696960070847275,1.3708089478133532e-19,3.8982379453442224e-17,47.7
0,1,13,19,49.274739979019664,1.1013772453097295e-14,3.342679939515027e-12,49.27
0,1,13,20,50.86255990411807,6.940490396846142e-16,2.2443810820801208e-13,50.86
0,1,13,21,52.459508194415996,9.773137755788434e-14,3.36195938799122e-11,52.46
0,1,13,22,54.06477596365307,7.833572509450882e-14,2.8621915556406148e-11,54.06
0,1,13,23,55.67764362830021,9.512731819574669e-13,3.686183580085183e-10,55.68
0,1,14,-23,34.39476704383967,3.261468094232001e-11,4.82289594434557e-09,34.39
0,1,14,-22,33.060550509633075,1.1145640994012342e-10,1.5227732008069358e-08,33.06
0,1,14,-21,31.764760348537177,3.951000155129363e-10,4.983198945656907e-08,31.76
0,1,14,-20,30.51229260478471,1.2082958507001343e-09,1.406154296252281e-07,30.51
0,1,14,-19,29.308701779505686,3.3958834908131513e-09,3.6463298982606205e-07,29.31
0,1,14,-18,28.160255680657443,8.045663439932372e-09,7.975263884832961e-07,28.16
0,1,14,-17,27.073972741361764,1.624572377483125e-08,1.488514440868913e-06,27.07
0,1,14,-16,26.057628441590765,2.6442871597436504e-08,2.2443387268324232e-06,26.06
0,1,14,-15,25.119713374160934,3.432950200115118e-08,2.707739470340798e-06,25.12
0,1,14,-14,24.26932219902319,3.355905448978257e-08,2.4707853868102406e-06,24.27
0,1,14,-13,23.515952032609693,2.383107755453588e-08,1.6473232359572927e-06,23.52
0,1,14,-12,22.869193252058537,1.1087618466414709e-08,7.248530572418612e-07,22.87
0,1,14,-11,22.338307903688673,3.0038874846353373e-09,1.873674818541291e-07,22.34
0,1,14,-10,21.93171219946131,2.9884928241951317e-10,1.796831310547323e-08,21.93
0,1,14,-9,21.656407827707714,3.219333514993748e-13,1.8873342731650847e-11,21.66
0,1,14,-8,21.517434791350013,3.4451954826829453e-12,1.9939068856027544e-10,21.52
0,1,14,-7,21.517434791350016,4.158577628548965e-12,2.406776802522714e-10,21.52
0,1,14,-6,21.656407827707714,1.1811217338027167e-13,6.924326164418425e-12,21.66
0,1,14,-5,21.93171219946131,2.883408792197162e-10,1.7336495363085437e-08,21.93
0,1,14,-4,22.33830790368868,2.9564816179488848e-09,1.8441054091956173e-07,22.34
0,1,14,-3,22.869193252058544,1.096022543417424e-08,7.16524737759141e-07,22.87
0,1,14,-2,23.515952032609693,2.357872722084153e-08,1.6298795191406708e-06,23.52
0,1,14,-1,24.269322199023197,3.317159353008645e-08,2.442258573652615e-06,24.27
0,1,14,0,25.11971337416094,3.3846177447103004e-08,2.66961724614025e-06,25.12
0,1,14,1,26.057628441590765,2.594575492415654e-08,2.202145949187786e-06,26.06
0,1,14,2,27.073972741361768,1.5812964124769497e-08,1.4488628379320052e-06,27.07
0,1,14,3,28.16025568065745,7.725969671221734e-09,7.658367436598545e-07,28.16
0,1,14,4,29.30870177950569,3.1903627012365e-09,3.4256519504526916e-07,29.31
0,1,14,5,30.51229260478472,1.0943244767263346e-09,1.2735201097902723e-07,30.51
0,1,14,6,31.764760348537184,3.383201845867861e-10,4.26706332810084e-08,31.76
0,1,14,7,33.060550509633075,8.695669378691315e-11,1.1880458288637007e-08,33.06
0,1,14,8,34.39476704383967,2.255075491626816e-11,3.334692883243153e-09,34.39
0,1,14,9,35.763109484495324,4.365499448606016e-12,6.979342243458863e-10,35.76
0,1,14,10,37.16180835212408,1.1570855857269381e-12,1.997418992361126e-10,37.16
0,1,14,11,38.58756276314947,1.3558079249823536e-13,2.5234975003734047e-11,38.59
0,1,14,12,40.037482438335196,6.055074571963612e-14,1.2132855673572082e-11,40.04
0,1,14,13,41.50903516103451,1.2781034897191566e-15,2.7527153909826327e-13,41.51
0,1,14,14,42.99999999999999,4.476010120362331e-15,1.0345178390687433e-12,43.0
0,1,14,15,44.50842616853576,9.867302757166906e-23,2.443390845243454e-20,44.51
0,1,14,16,46.03259714593561,5.820359009346762e-16,1.5416675926007232e-13,46.03
0,1,14,17,47.57099956906518,1.1621164844168747e-15,3.287337005294234e-13,47.57
0,1,14,18,49.12229636326053,1.0951823810236282e-15,3.3033438567625166e-13,49.12
0,1,14,19,50.68530358989674,1.7787017811783398e-14,5.7118560948089425e-12,50.69
0,1,14,20,52.25897052181568,2.3827063114046823e-14,8.133963670557735e-12,52.26
0,1,14,21,53.84236250388721,1.9881442920287073e-13,7.204537878239026e-11,53.84
0,1,14,22,55.43464620614078,4.747203710246719e-13,1.82351962519852e-10,55.43
0,1,14,23,57.03507692639678,2.4498312505322396e-12,9.961626322476715e-10,57.04
0,1,15,-23,34.69870314579494,8.119480239849449e-11,1.2219817760973416e-08,34.7
0,1,15,-22,33.4215499341368,2.551430011088579e-10,3.5624341529824265e-08,33.42
0,1,15,-21,32.186953878862155,7.597336788227148e-10,9.838551140754152e-08,32.19
0,1,15,-20,30.999999999999996,1.9803756763689136e-09,2.378926281238157e-07,31.0
0,1,15,-19,29.866369046136153,4.55291277142661e-09,5.076497740140668e-07,29.87
0,1,15,-18,28.792360097775934,8.794094299275709e-09,9.112880217624451e-07,28.79
0,1,15,-17,27.784887978899604,1.4136537002303853e-08,1.3641758207223213e-06,27.78
0,1,15,-16,26.8514431641951,1.8136483194231394e-08,1.634550547880104e-06,26.85
0,1,15,-15,25.999999999999996,1.8146570861568333e-08,1.5333852378025236e-06,26.0
0,1,15,-14,25.23885892824792,1.3382100821091351e-08,1.0655497778793985e-06,25.24
0,1,15,-13,24.576411454889012,6.899046753590372e-09,5.20878029896073e-07,24.58
0,1,15,-12,24.020824298928627,2.1811425192239067e-09,1.5731490419902426e-07,24.02
0,1,15,-11,23.57965224510319,3.4086339772587303e-10,2.369000614194817e-08,23.58
0,1,15,-10,23.259406699226016,7.92247564556458e-12,5.357574155313048e-10,23.26
0,1,15,-9,23.065125189341593,3.4604891128872443e-12,2.301225260070018e-10,23.07
0,1,15,-8,22.999999999999996,7.106481605418401e-12,4.699160961582916e-10,23.0
0,1,15,-7,23.065125189341593,3.824102166731093e-12,2.5430279408761775e-10,23.07
0,1,15,-6,23.259406699226016,6.798523347927522e-12,4.597501414035988e-10,23.26
0,1,15,-5,23.57965224510319,3.280054041884923e-10,2.279637559110021e-08,23.58
0,1,15,-4,24.020824298928627,2.1309233167897565e-09,1.5369284422346118e-07,24.02
0,1,15,-3,24.576411454889016,6.769758983844063e-09,5.111168032802268e-07,24.58
0,1,15,-2,25.23885892824792,1.313498303399762e-08,1.0458730240820601e-06,25.24
0,1,15,-1,26.0,1.777136217042431e-08,1.5016801034008542e-06,26.0
0,1,15,0,26.851443164195103,1.7672227819919622e-08,1.5927095322702559e-06,26.85
0,1,15,1,27.784887978899608,1.3655907233533775e-08,1.317795048036009e-06,27.78
0,1,15,2,28.792360097775937,8.373975080076187e-09,8.677531676728949e-07,28.79
0,1,15,3,29.866369046136157,4.237156895003447e-09,4.724429937928843e-07,29.87
0,1,15,4,30.999999999999996,1.7760332952292682e-09,2.133459995894158e-07,31.0
0,1,15,5,32.186953878862155,6.434446887016463e-10,8.332608718686316e-08,32.19
0,1,15,6,33.421549934136806,1.974180514689984e-10,2.7564495436358903e-08,33.42
0,1,15,7,34.69870314579494,5.5234280930130634e-11,8.312759279984657e-09,34.7
0,1,15,8,36.01388621073821,1.2898448120754919e-11,2.0911609015773903e-09,36.01
0,1,15,9,37.3630833845388,3.0541186741075096e-12,5.3294370863176e-10,37.36
0,1,15,10,38.74274125562103,5.257828165429371e-13,9.865000095386855e-11,38.74
0,1,15,11,40.14971979976946,1.2679187425015126e-13,2.554856266140547e-11,40.15
0,1,15,12,41.58124577258357,1.1577778337568264e-14,2.50224734320694e-12,41.58
0,1,15,13,43.03486958270002,4.523214202836652e-15,1.0471240879566845e-12,43.03
0,1,15,14,44.50842616853576,9.86731782197772e-23,2.443394575667232e-20,44.51
0,1,15,15,45.99999999999999,1.0538151221547646e-18,2.787340998099352e-16,46.0
0,1,15,16,47.5078940808788,6.069378672301233e-16,1.7123234579229844e-13,47.51
0,1,15,17,49.03060268852504,3.2707274111235626e-15,9.828535870426302e-13,49.03
0,1,15,18,50.56678751908212,7.646157449867363e-15,2.4439030749138547e-12,50.57
0,1,15,19,52.11525688318152,4.465284078918059e-14,1.5159639447926804e-11,52.12
0,1,15,20,53.67494760127856,1.2049936126088665e-13,4.339483247407679e-11,53.67
0,1,15,21,55.244909267732524,5.530969694973164e-13,2.1100649386322613e-10,55.24
0,1,15,22,56.82429058070148,1.7561861305034194e-12,7.088406269244424e-10,56.82
0,1,15,23,58.41232746604093,6.905581950310034e-12,2.945230701807229e-09,58.41
0,1,16,-23,35.08560958569766,1.733560303126856e-10,2.6675159164364487e-08,35.09
0,1,16,-22,33.86738844375219,4.754410454403032e-10,6.816635989000344e-08,33.87
0,1,16,-21,32.695565448543626,1.1879999001300599e-09,1.587464866548792e-07,32.7
0,1,16,-20,31.575306807693885,2.5883614423842287e-09,3.2257454475713446e-07,31.58
0,1,16,-19,30.51229260478471,4.865325325702272e-09,5.662022347786018e-07,30.51
0,1,16,-18,29.51270912674741,7.620889653280393e-09,8.297243610009027e-07,29.51
0,1,16,-17,28.583211855912896,9.766504580943835e-09,9.974042803288885e-07,28.58
0,1,16,-16,27.73084924772409,9.860059696571728e-09,9.47798238332957e-07,27.73
0,1,16,-15,26.962937525425524,7.598432833757891e-09,6.905075837677483e-07,26.96
0,1,16,-14,26.286878856189826,4.2030669246354895e-09,3.6303990561539027e-07,26.29
0,1,16,-13,25.709920264364882,1.553435332495486e-09,1.2835259434743954e-07,25.71
0,1,16,-12,25.23885892824792,3.244546170860227e-10,2.583469888547455e-08,25.24
0,1,16,-11,24.879710609249457,2.7218377609540082e-11,2.1060219675381637e-09,24.88
0,1,16,-10,24.63736998950984,6.3273870015760086e-15,4.800904887445797e-13,24.64
0,1,16,-9,24.515301344262525,8.921286742273154e-14,6.702116665132707e-12,24.52
0,1,16,-8,24.51530134426253,2.1755065775237821e-13,1.6343493163647418e-11,24.52
0,1,16,-7,24.63736998950984,1.8575516884958768e-14,1.4094173436462465e-12,24.64
0,1,16,-6,24.879710609249457,2.4006778700163625e-11,1.8575245019251605e-09,24.88
0,1,16,-5,25.238858928247925,3.0733042311857764e-10,2.4471184940816743e-08,25.24
0,1,16,-4,25.709920264364886,1.4973176817601299e-09,1.2371587345543078e-07,25.71
0,1,16,-3,26.28687885618983,4.0702474300083694e-09,3.5156762176697284e-07,26.29
0,1,16,-2,26.962937525425527,7.353092724911553e-09,6.682123013763373e-07,26.96
0,1,16,-1,27.730849247724098,9.494893159033906e-09,9.126966049121344e-07,27.73
0,1,16,0,28.583211855912904,9.316218323867758e-09,9.514187963249948e-07,28.58
0,1,16,1,29.512709126747414,7.154940112336371e-09,7.789941047306224e-07,29.51
0,1,16,2,30.512292604784715,4.454227818117547e-09,5.183607623334295e-07,30.51
0,1,16,3,31.575306807693888,2.2773526543435426e-09,2.83815074547564e-07,31.58
0,1,16,4,32.695565448543626,9.834639751977237e-10,1.314153736857958e-07,32.7
0,1,16,5,33.86738844375219,3.584060244548618e-10,5.138646375621578e-08,33.87
0,1,16,6,35.08560958569766,1.1399848926860949e-10,1.754151753620728e-08,35.09
0,1,16,7,36.345563690772494,3.080782122563735e-11,5.087141479883366e-09,36.35
0,1,16,8,37.643060449437414,7.569872490538902e-12,1.3408136648867025e-09,37.64
0,1,16,9,38.974350539810146,1.522150968872692e-12,2.890184152147023e-10,38.97
0,1,16,10,40.336088060197405,3.0885884128446454e-13,6.281416684622796e-11,40.34
0,1,16,11,41.72529209005012,4.204020721235206e-14,9.149000094588111e-12,41.73
0,1,16,12,43.13930922024598,8.817327691379751e-15,2.0511308542072143e-12,43.14
0,1,16,13,44.57577817604533,6.51203293098406e-16,1.6174261792331653e-13,44.58
0,1,16,14,46.03259714593561,5.820359013215152e-16,1.541667593625363e-13,46.03
0,1,16,15,47.507894080878806,6.069378672494112e-16,1.712323457977401e-13,47.51
0,1,16,16,48.99999999999999,2.2894402495705894e-15,6.871182549023728e-13,49.0
0,1,16,17,50.507425196697554,1.0254529270987136e-14,3.2699130212860215e-12,50.51
0,1,16,18,52.02883815731425,3.2525573069203255e-14,1.1005840787291649e-11,52.03
0,1,16,19,53.56304696336831,1.3647288131376982e-13,4.8942587061150686e-11,53.56
0,1,16,20,55.10898293381941,4.4323682594782713e-13,1.6826378005044383e-10,55.11
0,1,16,21,56.66568626602875,1.652277265822238e-12,6.631827875694006e-10,56.67
0,1,16,22,58.23229344616266,5.4042325524041125e-12,2.290719073150292e-09,58.23
0,1,16,23,59.808026217222704,1.835718192353549e-11,8.2079549675608e-09,59.81
0,1,17,-23,35.55277766926235,3.103300282891515e-10,4.903214446968592e-08,35.55
0,1,17,-22,34.39476704383967,7.255589767396406e-10,1.072920336853743e-07,34.39
0,1,17,-21,33.28663395418647,1.5141452780127152e-09,2.0970912100476096e-07,33.29
0,1,17,-20,32.23352292257239,2.7344987974729145e-09,3.5514303132179467e-07,32.23
0,1,17,-19,31.240998703626612,4.199891288161682e-09,5.12386737155725e-07,31.24
0,1,17,-18,30.315012782448232,5.3245234437467205e-09,6.116546306004043e-07,30.32
0,1,17,-17,29.461839725312466,5.442494645563124e-09,5.905106690435986e-07,29.46
0,1,17,-16,28.687976575562104,4.31673291642592e-09,4.440838987773165e-07,28.69
0,1,17,-15,27.999999999999996,2.5535297348003787e-09,2.5024591401043704e-07,28.0
0,1,17,-14,27.40437921208944,1.049391020951081e-09,9.851158209178271e-08,27.4
0,1,17,-13,26.90724809414742,2.714564781602924e-10,2.4566811273506462e-08,26.91
0,1,17,-12,26.514147167125703,3.417965173247612e-11,3.0035368959913384e-09,26.51
0,1,17,-11,26.229754097208,8.626125481288154e-13,7.418467913907812e-11,26.23
0,1,17,-10,26.057628441590765,2.375638806233128e-13,2.0163234367903674e-11,26.06
0,1,17,-9,26.0,3.475291099851287e-13,2.9366209793743374e-11,26.0
0,1,17,-8,26.057628441590765,3.367000913042644e-13,2.857742024944944e-11,26.06
0,1,17,-7,26.229754097208005,5.184977315097199e-13,4.459080490983592e-11,26.23
0,1,17,-6,26.514147167125707,2.997862549597537e-11,2.6343717154588364e-09,26.51
0,1,17,-5,26.90724809414742,2.5194198212562467e-10,2.2800749382369032e-08,26.91
0,1,17,-4,27.404379212089445,9.902890206616908e-10,9.296338181461624e-08,27.4
0,1,17,-3,28.000000000000004,2.4190024047480717e-09,2.370622356653111e-07,28.0
0,1,17,-2,28.687976575562104,4.074551625362593e-09,4.191694984591767e-07,28.69
0,1,17,-1,29.461839725312476,5.085677614513675e-09,5.51796021174734e-07,29.46
0,1,17,0,30.31501278244824,4.8867374408653155e-09,5.613639635194032e-07,30.32
0,1,17,1,31.240998703626616,3.7453056565284564e-09,4.569272900964716e-07,31.24
0,1,17,2,32.23352292257239,2.331728815667938e-09,3.028332799348734e-07,32.23
0,1,17,3,33.28663395418647,1.2062791301668874e-09,1.6706965952811383e-07,33.29
0,1,17,4,34.39476704383967,5.217110895947032e-10,7.71480273738167e-08,34.39
0,1,17,5,35.552777669262355,1.9209385278627985e-10,3.0350828740232214e-08,35.55
0,1,17,6,36.7559518989782,5.967109298457809e-11,1.007695582777062e-08,36.76
0,1,17,7,37.99999999999999,1.6000468491145854e-11,2.888084562651826e-09,38.0
0,1,17,8,39.281038682804706,3.5458840330036814e-12,6.839123828655849e-10,39.28
0,1,17,9,40.59556626036887,6.8744228146827e-13,1.4161310998246355e-10,40.6
0,1,17,10,41.94043395102153,9.738386397448658e-14,2.1412277091390232e-11,41.94
0,1,17,11,43.31281565541543,1.212264363451467e-14,2.84275993229369e-12,43.31
0,1,17,12,44.7101778122163,2.4255278294051335e-16,6.060787663726074e-14,44.71
0,1,17,13,46.13025037868318,1.1355164887157918e-16,3.0204738599840056e-14,46.13
0,1,17,14,47.57099956906518,1.1621164842109909e-15,3.28733700471184e-13,47.57
0,1,17,15,49.03060268852504,3.270727410963666e-15,9.828535869945812e-13,49.03
0,1,17,16,50.507425196697554,1.0254529269024734e-14,3.2699130206602606e-12,50.51
0,1,17,17,51.99999999999999,3.729766910447931e-14,1.2606612157314003e-11,52.0
0,1,17,18,53.507008886686975,1.2343141370214752e-13,4.417301717865603e-11,53.51
0,1,17,19,55.02726596879041,4.430284035075161e-13,1.676862507275948e-10,55.03
0,1,17,20,56.559702969517076,1.4415431489873485e-12,5.764370667013157e-10,56.56
0,1,17,21,58.10335618533579,4.747470850079775e-12,2.0034326987336642e-09,58.1
0,1,17,22,59.65735495309861,1.4527759372598955e-11,6.463036950884959e-09,59.66
0,1,17,23,61.22091146005586,4.3281559039292837e-11,2.0277410409908686e-08,61.22
0,1,18,-23,36.097091295560084,4.6497153202233427e-10,7.573223827813766e-08,36.1
0,1,18,-22,34.99999999999999,9.155724996093246e-10,1.4019703900267777e-07,35.0
0,1,18,-21,33.955853692699286,1.5894219849635113e-09,2.2907544358286603e-07,33.96
0,1,18,-20,32.96968304366907,2.3699996053919526e-09,3.2202369638263155e-07,32.97
0,1,18,-19,32.04684071792413,2.9729962207927605e-09,3.8165838984427053e-07,32.05
0,1,18,-18,31.19294792096444,3.048257765984883e-09,3.7074435078791127e-07,31.19
0,1,18,-17,30.413812651491096,2.4849578382879834e-09,2.8732325005204805e-07,30.41
0,1,18,-16,29.71531591620725,1.5460773940637767e-09,1.7064829236978934e-07,29.72
0,1,18,-15,29.10326442171049,6.999510355329479e-10,7.410731588705084e-08,29.1
0,1,18,-14,28.583211855912904,2.1222550934891588e-10,2.1673530142258034e-08,28.58
0,1,18,-13,28.160255680657446,3.814263126894857e-11,3.780888324534527e-09,28.16
0,1,18,-12,27.83882181415011,2.9423772601059764e-12,2.850427970727664e-10,27.84
0,1,18,-11,27.622454633866266,3.2998806791358816e-14,3.1472611977258466e-12,27.62
0,1,18,-10,27.51363298439521,6.458998036964359e-16,6.111826892477524e-14,27.51
0,1,18,-9,27.51363298439521,2.7233451774737674e-14,2.5769653741845524e-12,27.51
0,1,18,-8,27.622454633866266,7.590391637706563e-17,7.239336024462634e-15,27.62
0,1,18,-7,27.83882181415011,1.9980659843330997e-12,1.93562642232269e-10,27.84
0,1,18,-6,28.160255680657446,3.2301410825298874e-11,3.201877348057751e-09,28.16
0,1,18,-5,28.583211855912904,1.8992181304335275e-10,1.93957651570524e-08,28.58
0,1,18,-4,29.103264421710495,6.374777331228215e-10,6.749295499437872e-08,29.1
0,1,18,-3,29.715315916207253,1.4099124943003539e-09,1.5561909155840157e-07,29.72
0,1,18,-2,30.413812651491096,2.2448609036920453e-09,2.595620419893927e-07,30.41
0,1,18,-1,31.192947920964443,2.69852512295994e-09,3.282081180800027e-07,31.19
0,1,18,0,32.04684071792413,2.5448481918015662e-09,3.26694886622526e-07,32.05
0,1,18,1,32.969683043669065,1.9250448641000542e-09,2.6156547090959476e-07,32.97
0,1,18,2,33.955853692699286,1.192837920565426e-09,1.71917765301492e-07,33.96
0,1,18,3,34.99999999999999,6.107514812296323e-10,9.352132056328741e-08,35.0
0,1,18,4,36.097091295560084,2.612695139776509e-10,4.255427208910988e-08,36.1
0,1,18,5,37.24244889907214,9.288936762756389e-11,1.6104694112428886e-08,37.24
0,1,18,6,38.431757701151255,2.7513316757255454e-11,5.079646106308284e-09,38.43
0,1,18,7,39.66106403010387,6.570484318346502e-12,1.2919214790948804e-09,39.66
0,1,18,8,40.92676385936225,1.2504708564800765e-12,2.61817335575516e-10,40.93
0,1,18,9,42.225584661434816,1.6387119176129266e-13,3.6522791863798085e-11,42.23
0,1,18,10,43.554563480765125,1.2794498088571024e-14,3.0338953592524025e-12,43.55
0,1,18,11,44.91102314577123,2.1404235395634392e-17,5.396542849124319e-15,44.91
0,1,18,12,46.29254799641082,1.271748131043987e-16,3.4066953060340785e-14,46.29
0,1,18,13,47.696960070847275,1.3708089655382869e-19,3.8982379957495025e-17,47.7
0,1,18,14,49.12229636326054,1.095182381263299e-15,3.3033438574854247e-13,49.12
0,1,18,15,50.56678751908212,7.646157449588502e-15,2.443903074824724e-12,50.57
0,1,18,16,52.02883815731425,3.252557307009514e-14,1.100584078759344e-11,52.03
0,1,18,17,53.507008886686975,1.234314137024758e-13,4.417301717877351e-11,53.51
0,1,18,18,54.99999999999999,4.1916397618784375e-13,1.5849637849602838e-10,55.0
0,1,18,19,56.50663677834666,1.3863516252992194e-12,5.533275924475509e-10,56.51
0,1,18,20,58.025856305616024,4.24860505533775e-12,1.7881316526652748e-09,58.03
0,1,18,21,59.556695677312376,1.2481218380845357e-11,5.533860199607308e-09,59.56
0,1,18,22,61.0982814815605,3.4199562244734944e-11,1.5958370732449436e-08,61.1
0,1,18,23,62.64982043070833,8.849139282082829e-11,4.341608960271887e-08,62.65
0,1,19,-23,36.71511950137163,5.878450266881106e-10,9.90518869969466e-08,36.72
0,1,19,-22,35.67912554982254,9.677410933372607e-10,1.5399180147729154e-07,35.68
0,1,19,-21,34.698703145794944,1.3931429269620841e-09,2.0966801050779366e-07,34.7
0,1,19,-20,33.77869150810907,1.7112441631687839e-09,2.440661987719477e-07,33.78
0,1,19,-19,32.92415526630865,1.7523445408432855e-09,2.3744268528426514e-07,32.92
0,1,19,-18,32.14031735997639,1.4522214054028205e-09,1.875180889726392e-07,32.14
0,1,19,-17,31.43246729100342,9.4369524493125e-10,1.1654636274900938e-07,31.43
0,1,19,-16,30.805843601498726,4.5969422018020773e-10,5.453122686887714e-08,30.81
0,1,19,-15,30.26549190084311,1.586774135761316e-10,1.8168563854467066e-08,30.27
0,1,19,-14,29.816103031751148,3.514618569409351e-11,3.905619885256142e-09,29.82
0,1,19,-13,29.46183972531247,4.224012933066098e-12,4.583054032376716e-10,29.46
0,1,19,-12,29.206163733020464,1.504231055269165e-13,1.603886362680747e-11,29.21
0,1,19,-11,29.0516780926679,2.9862046476642087e-15,3.1504459032857395e-13,29.05
0,1,19,-10,29.0,1.988035471783148e-14,2.089922289712034e-12,29.0
0,1,19,-9,29.0516780926679,1.8423797119447687e-14,1.9437105961017308e-12,29.05
0,1,19,-8,29.206163733020468,3.942169891227897e-14,4.203338646521746e-12,29.21
0,1,19,-7,29.461839725312473,2.890463217587025e-12,3.1361525910819226e-10,29.46
0,1,19,-6,29.816103031751148,2.8241165474507164e-11,3.1382995133546085e-09,29.82
0,1,19,-5,30.265491900843113,1.3434566943077496e-10,1.5382579149823735e-08,30.27
0,1,19,-4,30.80584360149873,3.949363713445953e-10,4.684932705075263e-08,30.81
0,1,19,-3,31.43246729100342,8.064474376232479e-10,9.95962585464711e-08,31.43
0,1,19,-2,32.14031735997639,1.2142921042597506e-09,1.5679546796254028e-07,32.14
0,1,19,-1,32.92415526630865,1.4082555665838549e-09,1.9081862927211229e-07,32.92
0,1,19,0,33.77869150810907,1.2911122283061332e-09,1.841448815621622e-07,33.78
0,1,19,1,34.698703145794944,9.555010195166848e-10,1.4380290343726107e-07,34.7
0,1,19,2,35.67912554982254,5.76284647416239e-10,9.170129452010899e-08,35.68
0,1,19,3,36.71511950137163,2.850714159163493e-10,4.8034533581904845e-08,36.72
0,1,19,4,37.80211634287159,1.1476945176574248e-10,2.0500693321655743e-08,37.8
0,1,19,5,38.93584466786356,3.7092002359918754e-11,7.028934447204602e-09,38.94
0,1,19,6,40.11234224026315,9.165890145965733e-12,1.8434896556073576e-09,40.11
0,1,19,7,41.32795663954364,1.581798440867203e-12,3.3771396712514776e-10,41.33
0,1,19,8,42.57933771208753,1.320571497373911e-13,2.9927451559236245e-11,42.58
0,1,19,9,43.86342439892261,4.063420968246821e-18,9.772527428633601e-16,43.86
0,1,19,10,45.177427992306065,1.3218888140179677e-14,3.3724688367633393e-12,45.18
0,1,19,11,46.51881339845202,1.464322117951611e-14,3.9609913290591066e-12,46.52
0,1,19,12,47.88527957525151,1.1701412785761234e-14,3.353917439718813e-12,47.89
0,1,19,13,49.27473997901967,1.1013772451852404e-14,3.342679939137204e-12,49.27
0,1,19,14,50.68530358989674,1.7787017811147936e-14,5.71185609460488e-12,50.69
0,1,19,15,52.11525688318153,4.4652840787543524e-14,1.5159639447371026e-11,52.12
0,1,19,16,53.56304696336831,1.3647288131403881e-13,4.8942587061247155e-11,53.56
0,1,19,17,55.02726596879041,4.4302840349996204e-13,1.6768625072473557e-10,55.03
0,1,19,18,56.50663677834666,1.386351625297695e-12,5.533275924469424e-10,56.51
0,1,19,19,57.99999999999999,4.136671176105932e-12,1.739470229552544e-09,58.0
0,1,19,20,59.50630218724735,1.1441230129573745e-11,5.064174486102577e-09,59.51
0,1,19,21,61.02458520956942,2.9539995720727016e-11,1.3750868007998422e-08,61.02
0,1,19,22,62.55397669213364,7.055735517372158e-11,3.451136634934656e-08,62.55
0,1,19,23,64.09368143584825,1.5640845140417986e-10,8.031573979604634e-08,64.09
0,1,20,-23,37.403208418530085,6.352303269330158e-10,1.1108590342241112e-07,37.4
0,1,20,-22,36.42801120017396,8.696784967776417e-10,1.4425792065299127e-07,36.43
0,1,20,-21,35.510561809129406,1.035360820772695e-09,1.6319874937429604e-07,35.51
0,1,20,-20,34.65544690232691,1.0458332145237535e-09,1.5700571133037846e-07,34.66
0,1,20,-19,33.8673884437522,8.737980141158408e-10,1.2528079027385867e-07,33.87
0,1,20,-18,33.151168908501546,5.851923042523289e-10,8.039079279666365e-08,33.15
0,1,20,-17,32.51153641401771,3.0327684109584763e-10,4.007045262978886e-08,32.51
0,1,20,-16,31.953090617340912,1.158310076447097e-10,1.4782932350656073e-08,31.95
0,1,20,-15,31.480152477394384,3.0656141418905325e-11,3.797529518266897e-09,31.48
0,1,20,-14,31.096623610932422,5.083578769481133e-12,6.144775837610318e-10,31.1
0,1,20,-13,30.805843601498726,4.675147447787778e-13,5.545893659938252e-11,30.81
0,1,20,-12,30.61045573002793,2.0459305740435386e-14,2.3962961848484936e-12,30.61
0,1,20,-11,30.51229260478471,2.3665187848480834e-15,2.754036235866956e-13,30.51
0,1,20,-10,30.512292604784715,3.0888041167423418e-15,3.5945957908589e-13,30.51
0,1,20,-9,30.61045573002793,6.895313769507726e-17,8.076136252535921e-15,30.61
0,1,20,-8,30.805843601498726,1.7999388298554124e-13,2.135177436915983e-11,30.81
0,1,20,-7,31.096623610932426,3.2323436056099094e-12,3.907095333280978e-10,31.1
0,1,20,-6,31.480152477394387,2.2580649958250794e-11,2.7971780135783172e-09,31.48
0,1,20,-5,31.953090617340912,8.96361469436474e-11,1.1439813253682998e-08,31.95
0,1,20,-4,32.51153641401771,2.3646635910332446e-10,3.124311769652674e-08,32.51
0,1,20,-3,33.151168908501546,4.471221103464885e-10,6.142339990884883e-08,33.15
0,1,20,-2,33.86738844375219,6.375081188227578e-10,9.140272653621284e-08,33.87
0,1,20,-1,34.6554469023269,7.063288617787573e-10,1.0603762037453585e-07,34.66
0,1,20,0,35.5105618091294,6.212545896706692e-10,9.792525469683918e-08,35.51
0,1,20,1,36.42801120017396,4.37736095513117e-10,7.260947484323825e-08,36.43
0,1,20,2,37.40320841853008,2.473644293580392e-10,4.325785458398708e-08,37.4
0,1,20,3,38.43175770115126,1.1031637775557699e-10,2.0367161243123392e-08,38.43
0,1,20,4,39.509492530276816,3.737683947374229e-11,7.293155802313962e-09,39.51
0,1,20,5,40.632499307820076,8.660259499620623e-12,1.7872610542342048e-09,40.63
0,1,20,6,41.797129088012724,9.871129783672064e-13,2.1556079665093861e-10,41.8
0,1,20,7,42.99999999999999,7.768472342654505e-19,1.795488170196022e-16,43.0
0,1,20,8,44.237992721189315,1.3146986039650837e-13,3.216081459949584e-11,44.24
0,1,20,9,45.508241011931005,1.600502544070157e-13,4.1433009609616173e-11,45.51
0,1,20,10,46.8081189538738,9.356520232687187e-14,2.5625169787272033e-11,46.81
0,1,20,11,48.13522618623495,3.5615116577949494e-14,1.0315028138888619e-11,48.14
0,1,20,12,49.487372126634476,6.230651780382293e-15,1.9073582762695282e-12,49.49
0,1,20,13,50.86255990411807,6.94049039797357e-16,2.2443810824447028e-13,50.86
0,1,20,14,52.25897052181567,2.38270631132333e-14,8.133963670280015e-12,52.26
0,1,20,15,53.67494760127856,1.2049936125915863e-13,4.339483247345449e-11,53.67
0,1,20,16,55.108982933819405,4.4323682595145877e-13,1.6826378005182246e-10,55.11
0,1,20,17,56.559702969517076,1.4415431489755398e-12,5.764370666965937e-10,56.56
0,1,20,18,58.025856305616024,4.248605055349987e-12,1.7881316526704252e-09,58.03
0,1,20,19,59.50630218724734,1.14412301295864e-11,5.064174486108177e-09,59.51
0,1,20,20,60.99999999999999,2.800042611098268e-11,1.3023698194870816e-08,61.0
0,1,20,21,62.50599971202763,6.264075957265522e-11,3.059218095629548e-08,62.51
0,1,20,22,64.02343321003644,1.2817602436363157e-10,6.567419048331567e-08,64.02
0,1,20,23,65.55150646628952,2.4055527922586654e-10,1.292082543541935e-07,65.55
0,1,21,-23,38.157568056677825,5.955151001963359e-10,1.0838374823573313e-07,38.16
0,1,21,-22,37.242448899072144,6.750249923378971e-10,1.170324580465829e-07,37.24
0,1,21,-21,36.38681079732051,6.628401327845804e-10,1.0970004197584808e-07,36.39
0,1,21,-20,35.59494346111537,5.497574890912197e-10,8.706784233482191e-08,35.59
0,1,21,-19,34.87119154832539,3.7464388092939545e-10,5.6945869901268117e-08,34.87
0,1,21,-18,34.219877264537345,2.02879433672424e-10,2.9696477103801062e-08,34.22
0,1,21,-17,33.645207682521445,8.403139379873297e-11,1.1890442222520715e-08,33.65
0,1,21,-16,33.15116890850155,2.5289255171453975e-11,3.4741114291784898e-09,33.15
0,1,21,-15,32.7414110874898,5.19196672888499e-12,6.957235416705887e-10,32.74
0,1,21,-14,32.41913015489465,6.565395418260957e-13,8.62528823074033e-11,32.42
0,1,21,-13,32.18695387886216,4.4389884172504704e-14,5.748490000339359e-12,32.19
0,1,21,-12,32.046840717924134,6.228125871744386e-16,7.995356587851857e-14,32.05
0,1,21,-11,32.0,4.911466204624464e-16,6.286676741919313e-14,32.0
0,1,21,-10,32.046840717924134,1.4121461845775999e-15,1.8128426644514943e-13,32.05
0,1,21,-9,32.18695387886216,3.400828483024041e-15,4.404072885516133e-13,32.19
0,1,21,-8,32.41913015489466,2.568675014114283e-13,3.37459679979264e-11,32.42
0,1,21,-7,32.7414110874898,2.9467919872598007e-12,3.948701262928133e-10,32.74
0,1,21,-6,33.151168908501546,1.6318531491117347e-11,2.241758263592245e-09,33.15
0,1,21,-5,33.645207682521445,5.637273721120484e-11,7.976742315385485e-09,33.65
0,1,21,-4,34.21987726453734,1.345552118595777e-10,1.9695519135945673e-08,34.22
0,1,21,-3,34.871191548325385,2.3597975969839435e-10,3.5868923474155935e-08,34.87
0,1,21,-2,35.59494346111537,3.14879083888191e-10,4.986897491079224e-08,35.59
0,1,21,-1,36.3868107973205,3.267501523839498e-10,5.4077150219543684e-08,36.39
0,1,21,0,37.242448899072144,2.654233698113727e-10,4.601777674104674e-08,37.24
0,1,21,1,38.157568056677825,1.674476509029776e-10,3.0475472464341925e-08,38.16
0,1,21,2,39.1279950930277,7.908396123879014e-11,1.513469308207346e-08,39.13
0,1,21,3,40.14971979976946,2.5360289217532034e-11,5.110098277332703e-09,40.15
0,1,21,4,41.2189276910499,3.938057135159208e-12,8.363448840794369e-10,41.22
0,1,21,5,42.332020977033444,1.4956655891330485e-19,3.350290919658028e-17,42.33
0,1,21,6,43.485629810317796,9.878150136713997e-13,2.334947738565771e-10,43.49
0,1,21,7,44.67661580737735,1.58701926655397e-12,3.9596130700521554e-10,44.68
0,1,21,8,45.902069670114,1.2564863947678653e-12,3.3092710422198653e-10,45.9
0,1,21,9,47.15930449020638,6.992522259465242e-13,1.9439211881313367e-10,47.16
0,1,21,10,48.4458460551573,3.228127815502689e-13,9.470519978731013e-11,48.45
0,1,21,11,49.75942121849891,1.4665542561878854e-13,4.538985422901504e-11,49.76
0,1,21,12,51.09794516416486,8.840985581788679e-14,2.885476669256279e-11,51.1
0,1,21,13,52.459508194416,9.773137755551451e-14,3.361959387909699e-11,52.46
0,1,21,14,53.84236250388721,1.9881442920390382e-13,7.204537878276463e-11,53.84
0,1,21,15,55.24490926773253,5.530969694957627e-13,2.1100649386263343e-10,55.24
0,1,21,16,56.66568626602875,1.6522772658315656e-12,6.631827875731444e-10,56.67
0,1,21,17,58.10335618533579,4.747470850080766e-12,2.003432698734083e-09,58.1
0,1,21,18,59.556695677312376,1.2481218380826104e-11,5.533860199598772e-09,59.56
0,1,21,19,61.02458520956942,2.953999572077107e-11,1.375086800801893e-08,61.02
0,1,21,20,62.50599971202764,6.264075957260851e-11,3.0592180956272674e-08,62.51
0,1,21,21,63.99999999999999,1.196593939559289e-10,6.126560970543559e-08,64.0
0,1,21,22,65.50572494064926,2.0699025739984206e-10,1.1102439931284024e-07,65.51
0,1,21,23,67.02238432046416,3.256337366049312e-10,1.8284334310366883e-07,67.02
0,1,22,-23,38.974350539810146,4.913954264638016e-10,9.33037065998143e-08,38.97
0,1,22,-22,38.11823710509183,4.594151009131508e-10,8.344126770335099e-08,38.12
0,1,22,-21,37.32291521304304,3.7123292037357575e-10,6.464093226004886e-08,37.32
0,1,22,-20,36.59234892706397,2.525655835259745e-10,4.2273164542659986e-08,36.59
0,1,22,-19,35.93048844644336,1.4048471503474847e-10,2.2670720888732533e-08,35.93
0,1,22,-18,35.34119409414458,6.170460738529933e-11,9.633631828029858e-09,35.34
0,1,22,-17,34.828149534535996,2.0588876443309016e-11,3.1217883907167296e-09,34.83
0,1,22,-16,34.39476704383968,4.978608805113356e-12,7.362117770561375e-10,34.39
0,1,22,-15,34.0440890610984,8.371464568022952e-13,1.2128159292923248e-10,34.04
0,1,22,-14,33.77869150810907,9.67642547427659e-14,1.3801001832686982e-11,33.78
0,1,22,-13,33.60059523282288,9.69295192289829e-15,1.3679178401190209e-12,33.6
0,1,22,-12,33.51119216023208,1.5859220825084638e-15,2.2262381233212557e-13,33.51
0,1,22,-11,33.51119216023208,8.458860390747677e-16,1.1874125273512048e-13,33.51
0,1,22,-10,33.60059523282288,6.910596357586572e-17,9.752579109644049e-15,33.6
0,1,22,-9,33.77869150810907,1.2740527030119261e-14,1.8171176676707592e-12,33.78
0,1,22,-8,34.0440890610984,2.8908517750674644e-13,4.1881215091289874e-11,34.04
0,1,22,-7,34.39476704383967,2.343225444473536e-12,3.4650446260152403e-10,34.39
0,1,22,-6,34.82814953453599,1.0814660352898239e-11,1.6397728760081945e-09,34.83
0,1,22,-5,35.34119409414458,3.285010637744319e-11,5.128722858178318e-09,35.34
0,1,22,-4,35.930488446443356,7.09546318924892e-11,1.1450303721650441e-08,35.93
0,1,22,-3,36.592348927063966,1.13497108166958e-10,1.8996578479444586e-08,36.59
0,1,22,-2,37.32291521304304,1.373662348724568e-10,2.3918895647166534e-08,37.32
0,1,22,-1,38.11823710509183,1.2576793173399817e-10,2.284260060118741e-08,38.12
0,1,22,0,38.974350539810146,8.469100510204789e-11,1.6080704593751337e-08,38.97
0,1,22,1,39.887341350358255,3.817871920083717e-11,7.59279278106649e-09,39.89
0,1,22,2,40.85339643163098,8.28029675990716e-12,1.7274769115356302e-09,40.85
0,1,22,3,41.86884283091664,2.895510115684782e-20,6.344786540994278e-18,41.87
0,1,22,4,42.93017586733136,3.937441441209946e-12,9.070880720187411e-10,42.93
0,1,22,5,44.03407771260799,8.654909015580059e-12,2.0977335726512164e-09,44.03
0,1,22,6,45.177427992306065,9.158788700614132e-12,2.33663596724418e-09,45.18
0,1,22,7,46.35730794599703,6.554633892119226e-12,1.7607385292705265e-09,46.36
0,1,22,8,47.57099956906517,3.5255794984608436e-12,9.972983006271106e-10,47.57
0,1,22,9,48.815980989835694,1.4934696127878478e-12,4.448672609091802e-10,48.82
0,1,22,10,50.08991914547277,4.940188633894439e-13,1.5493666603051432e-10,50.09
0,1,22,11,51.390660630118376,1.0447861212953474e-13,3.449100182926264e-11,51.39
0,1,22,12,52.7162214123888,5.674152980997372e-16,1.9710588917739617e-13,52.72
0,1,22,13,54.06477596365308,7.833572509499094e-14,2.862191555658231e-11,54.06
0,1,22,14,55.43464620614078,4.747203710288364e-13,1.823519625214517e-10,55.43
0,1,22,15,56.824290580701486,1.7561861305153925e-12,7.088406269292752e-10,56.82
0,1,22,16,58.232293446162664,5.40423255239968e-12,2.290719073148414e-09,58.23
0,1,22,17,59.65735495309861,1.452775937258892e-11,6.463036950880496e-09,59.66
0,1,22,18,61.098281481560505,3.4199562244761084e-11,1.5958370732461638e-08,61.1
0,1,22,19,62.55397669213364,7.0557355173749e-11,3.4511366349359965e-08,62.55
0,1,22,20,64.02343321003646,1.2817602436360577e-10,6.567419048330249e-08,64.02
0,1,22,21,65.50572494064926,2.0699025739984343e-10,1.1102439931284097e-07,65.51
0,1,22,22,66.99999999999999,2.999182418004266e-10,1.682916234302643e-07,67.0
0,1,22,23,68.50547423381579,3.9251671812477635e-10,2.302601197699469e-07,68.51
0,1,23,-23,39.849717690342544,3.6102889726208284e-10,7.166423610652343e-08,39.85
0,1,23,-22,39.05124837953326,2.7758888303770783e-10,5.2915380829063034e-08,39.05
0,1,23,-21,38.31448812133603,1.8429734799565996e-10,3.3818563357203604e-08,38.31
0,1,23,-20,37.64306044943742,1.0285717940140948e-10,1.821857790147465e-08,37.64
0,1,23,-19,37.040518354904265,4.681116647460765e-11,8.02811505039521e-09,37.04
0,1,23,-18,36.51027252705736,1.6780579320799716e-11,2.796064029328251e-09,36.51
0,1,23,-17,36.05551275463989,4.571473689402776e-12,7.428644745279511e-10,36.06
0,1,23,-16,35.679125549822544,9.124295588276557e-13,1.451903535484507e-10,35.68
0,1,23,-15,35.38361202590826,1.3120005504648012e-13,2.0532808614774136e-11,35.38
0,1,23,-14,35.17101079013795,1.3591424073257009e-14,2.101573947327365e-12,35.17
0,1,23,-13,35.04283093587046,9.661874521934134e-16,1.4830977391168896e-13,35.04
0,1,23,-12,35.0,6.862351151251868e-22,1.0507975200354422e-19,35.0
0,1,23,-11,35.04283093587046,1.1762823310330625e-16,1.805593378135751e-14,35.04
0,1,23,-10,35.17101079013795,9.179534152948948e-17,1.419385468399731e-14,35.17
0,1,23,-9,35.383612025908256,1.8211739869385578e-14,2.8501372895588415e-12,35.38
0,1,23,-8,35.67912554982254,2.520253204381833e-13,4.0103529114725897e-11,35.68
0,1,23,-7,36.055512754639885,1.6258918942526232e-12,2.6420743281605113e-10,36.06
0,1,23,-6,36.51027252705736,6.389435372100722e-12,1.0646396688762823e-09,36.51
0,1,23,-5,37.040518354904265,1.7054932068176697e-11,2.924920849692303e-09,37.04
0,1,23,-4,37.643060449437414,3.2478379880249013e-11,5.752733036289104e-09,37.64
0,1,23,-3,38.314488121336026,4.495428907181172e-11,8.249112044677449e-09,38.31
0,1,23,-2,39.05124837953326,4.442245705189351e-11,8.468030875517196e-09,39.05
0,1,23,-1,39.84971769034254,2.8800872659507683e-11,5.716973222912271e-09,39.85
0,1,23,0,40.70626487409523,8.84765762238771e-12,1.8325710850370537e-09,40.71
0,1,23,1,41.61730409336962,5.571303953994268e-21,1.2061873060397587e-18,41.62
0,1,23,2,42.57933771208753,8.280693212963704e-12,1.876612099387899e-09,42.58
0,1,23,3,43.58898943540673,2.5364315010964974e-11,6.02402481510418e-09,43.59
0,1,23,4,44.64302857109942,3.738313934049968e-11,9.313074588201979e-09,44.64
0,1,23,5,45.738386504117074,3.710850341350993e-11,9.70387364263284e-09,45.74
0,1,23,6,46.87216658103185,2.7538061656358896e-11,7.562640182377556e-09,46.87
0,1,23,7,48.041648597857254,1.604124422508588e-11,4.627898958937276e-09,48.04
0,1,23,8,49.244289008980516,7.623274824632486e-12,2.3108051812167213e-09,49.24
0,1,23,9,50.47771785649584,3.1229687058258084e-12,9.946655328055197e-10,50.48
0,1,23,10,51.73973328110611,1.2399683509996384e-12,4.1492440945325393e-10,51.74
0,1,23,11,53.0282943342514,6.136504080966262e-13,2.1569811844596406e-10,53.03
0,1,23,12,54.34151267677409,5.434186389100308e-13,2.0058940508766503e-10,54.34
0,1,23,13,55.67764362830022,9.512731819542264e-13,3.686183580072627e-10,55.68
0,1,23,14,57.03507692639678,2.449831250514053e-12,9.961626322402763e-10,57.04
0,1,23,15,58.41232746604093,6.9055819502637576e-12,2.9452307017874922e-09,58.41
0,1,23,16,59.808026217222704,1.8357181923542966e-11,8.207954967564144e-09,59.81
0,1,23,17,61.22091146005585,4.328155903929102e-11,2.0277410409907832e-08,61.22
0,1,23,18,62.64982043070833,8.849139282074447e-11,4.341608960267775e-08,62.65
0,1,23,19,64.09368143584825,1.5640845140424027e-10,8.031573979607736e-08,64.09
0,1,23,20,65.55150646628952,2.4055527922577364e-10,1.2920825435414357e-07,65.55
0,1,23,21,67.02238432046414,3.2563373660487337e-10,1.8284334310363627e-07,67.02
0,1,23,22,68.50547423381579,3.925167181249294e-10,2.3026011977003665e-07,68.51
0,1,23,23,69.99999999999999,4.2496751938774174e-10,2.602926056249917e-07,70.0
1,0,-23,-23,69.99999999999999,4.249675193878416e-10,2.602926056250529e-07,70.0
1,0,-23,-22,68.50547423381579,3.9251671812489485e-10,2.302601197700164e-07,68.51
1,0,-23,-21,67.02238432046416,3.256337366048642e-10,1.8284334310363122e-07,67.02
1,0,-23,-20,65.55150646628952,2.405552792257648e-10,1.2920825435413883e-07,65.55
1,0,-23,-19,64.09368143584825,1.5640845140423132e-10,8.031573979607277e-08,64.09
1,0,-23,-18,62.64982043070833,8.849139282072946e-11,4.3416089602670376e-08,62.65
1,0,-23,-17,61.22091146005585,4.3281559039284145e-11,2.0277410409904613e-08,61.22
1,0,-23,-16,59.808026217222704,1.8357181923530998e-11,8.207954967558794e-09,59.81
1,0,-23,-15,58.41232746604093,6.905581950284634e-12,2.945230701796396e-09,58.41
1,0,-23,-14,57.03507692639678,2.4498312505120444e-12,9.961626322394597e-10,57.04
1,0,-23,-13,55.67764362830022,9.512731819532478e-13,3.6861835800688345e-10,55.68
1,0,-23,-12,54.34151267677409,5.434186389090587e-13,2.005894050873062e-10,54.34
1,0,-23,-11,53.0282943342514,6.136504080982205e-13,2.1569811844652445e-10,53.03
1,0,-23,-10,51.73973328110611,1.2399683509998044e-12,4.1492440945330946e-10,51.74
1,0,-23,-9,50.47771785649584,3.122968705827427e-12,9.94665532806035e-10,50.48
1,0,-23,-8,49.244289008980516,7.623274824633972e-12,2.310805181217172e-09,49.24
1,0,-23,-7,48.041648597857254,1.6041244225076828e-11,4.627898958934665e-09,48.04
1,0,-23,-6,46.87216658103185,2.7538061656362896e-11,7.562640182378655e-09,46.87
1,0,-23,-5,45.738386504117074,3.710850341350566e-11,9.703873642631724e-09,45.74
1,0,-23,-4,44.64302857109942,3.738313934050254e-11,9.313074588202692e-09,44.64
1,0,-23,-3,43.58898943540673,2.5364315010961962e-11,6.024024815103465e-09,43.59
1,0,-23,-2,42.57933771208753,8.280693212953859e-12,1.8766120993856675e-09,42.58
1,0,-23,-1,41.61730409336962,5.5713040079449914e-21,1.2061873177200903e-18,41.62
1,0,-23,0,40.70626487409523,8.847657622315017e-12,1.832571085021997e-09,40.71
1,0,-23,1,39.84971769034254,2.8800872659558432e-11,5.716973222922345e-09,39.85
1,0,-23,2,39.05124837953326,4.442245705188364e-11,8.468030875515315e-09,39.05
1,0,-23,3,38.314488121336026,4.495428907181062e-11,8.249112044677247e-09,38.31
1,0,-23,4,37.643060449437414,3.247837988025228e-11,5.752733036289682e-09,37.64
1,0,-23,5,37.040518354904265,1.7054932068190956e-11,2.9249208496947486e-09,37.04
1,0,-23,6,36.51027252705736,6.389435372102389e-12,1.06463966887656e-09,36.51
1,0,-23,7,36.055512754639885,1.6258918942568231e-12,2.642074328167336e-10,36.06
1,0,-23,8,35.67912554982254,2.5202532043792274e-13,4.0103529114684434e-11,35.68
1,0,-23,9,35.38361202590826,1.8211739869876227e-14,2.850137289635629e-12,35.38
1,0,-23,10,35.17101079013795,9.179534153132305e-17,1.4193854684280827e-14,35.17
1,0,-23,11,35.04283093587046,1.176282331042246e-16,1.8055933781498477e-14,35.04
1,0,-23,12,35.0,6.862351192868111e-22,1.0507975264079295e-19,35.0
1,0,-23,13,35.04283093587046,9.661874520045373e-16,1.4830977388269646e-13,35.04
1,0,-23,14,35.17101079013795,1.359142407336094e-14,2.1015739473434353e-12,35.17
1,0,-23,15,35.38361202590826,1.3120005504652576e-13,2.0532808614781277e-11,35.38
1,0,-23,16,35.679125549822544,9.124295588265169e-13,1.4519035354826948e-10,35.68
1,0,-23,17,36.05551275463989,4.571473689394883e-12,7.428644745266685e-10,36.06
1,0,-23,18,36.51027252705736,1.678057932080234e-11,2.7960640293286883e-09,36.51
1,0,-23,19,37.040518354904265,4.681116647460561e-11,8.02811505039486e-09,37.04
1,0,-23,20,37.64306044943742,1.0285717940140577e-10,1.8218577901473995e-08,37.64
1,0,-23,21,38.31448812133603,1.8429734799567725e-10,3.3818563357206774e-08,38.31
1,0,-23,22,39.05124837953326,2.7758888303765996e-10,5.291538082905391e-08,39.05
1,0,-23,23,39.849717690342544,3.6102889726213165e-10,7.166423610653312e-08,39.85
1,0,-22,-23,68.50547423381579,3.9251671812484356e-10,2.302601197699863e-07,68.51
1,0,-22,-22,66.99999999999999,2.999182418004524e-10,1.6829162343027878e-07,67.0
1,0,-22,-21,65.50572494064926,2.0699025739981608e-10,1.1102439931282631e-07,65.51
1,0,-22,-20,64.02343321003646,1.2817602436359238e-10,6.567419048329564e-08,64.02
1,0,-22,-19,62.55397669213364,7.055735517371726e-11,3.451136634934445e-08,62.55
1,0,-22,-18,61.098281481560505,3.41995622447552e-11,1.5958370732458895e-08,61.1
1,0,-22,-17,59.65735495309861,1.4527759372608683e-11,6.463036950889287e-09,59.66
1,0,-22,-16,58.232293446162664,5.404232552393363e-12,2.2907190731457364e-09,58.23
1,0,-22,-15,56.824290580701486,1.7561861305085645e-12,7.088406269265193e-10,56.82
1,0,-22,-14,55.43464620614078,4.747203710278014e-13,1.8235196252105413e-10,55.43
1,0,-22,-13,54.06477596365308,7.833572509410173e-14,2.8621915556257414e-11,54.06
1,0,-22,-12,52.7162214123888,5.674152980792253e-16,1.9710588917027082e-13,52.72
1,0,-22,-11,51.390660630118376,1.0447861212899186e-13,3.449100182908342e-11,51.39
1,0,-22,-10,50.08991914547277,4.940188633905573e-13,1.549366660308635e-10,50.09
1,0,-22,-9,48.815980989835694,1.4934696127883638e-12,4.4486726090933384e-10,48.82
1,0,-22,-8,47.57099956906517,3.5255794984576924e-12,9.97298300626219e-10,47.57
1,0,-22,-7,46.35730794599703,6.554633892122871e-12,1.7607385292715055e-09,46.36
1,0,-22,-6,45.177427992306065,9.15878870061865e-12,2.3366359672453326e-09,45.18
1,0,-22,-5,44.03407771260799,8.654909015584377e-12,2.097733572652263e-09,44.03
1,0,-22,-4,42.93017586733136,3.937441441216975e-12,9.070880720203603e-10,42.93
1,0,-22,-3,41.86884283091664,2.8955101188656233e-20,6.344786547964296e-18,41.87
1,0,-22,-2,40.85339643163098,8.280296759914022e-12,1.727476911537062e-09,40.85
1,0,-22,-1,39.887341350358255,3.817871920081363e-11,7.592792781061808e-09,39.89
1,0,-22,0,38.974350539810146,8.469100510201979e-11,1.6080704593746004e-08,38.97
1,0,-22,1,38.11823710509183,1.257679317340157e-10,2.2842600601190594e-08,38.12
1,0,-22,2,37.32291521304304,1.373662348724374e-10,2.3918895647163152e-08,37.32
1,0,-22,3,36.592348927063966,1.1349710816698309e-10,1.8996578479448785e-08,36.59
1,0,-22,4,35.930488446443356,7.095463189249317e-11,1.1450303721651081e-08,35.93
1,0,-22,5,35.34119409414458,3.285010637743577e-11,5.1287228581771594e-09,35.34
1,0,-22,6,34.82814953453599,1.08146603529003e-11,1.639772876008507e-09,34.83
1,0,-22,7,34.39476704383968,2.3432254444696034e-12,3.4650446260094263e-10,34.39
1,0,-22,8,34.044089061098404,2.8908517750539323e-13,4.1881215091093845e-11,34.04
1,0,-22,9,33.77869150810907,1.2740527030528561e-14,1.8171176677291356e-12,33.78
1,0,-22,10,33.60059523282288,6.910596357541175e-17,9.752579109579981e-15,33.6
1,0,-22,11,33.51119216023208,8.458860390169623e-16,1.1874125272700607e-13,33.51
1,0,-22,12,33.51119216023208,1.5859220825030509e-15,2.2262381233136572e-13,33.51
1,0,-22,13,33.60059523282288,9.692951922509759e-15,1.3679178400641895e-12,33.6
1,0,-22,14,33.77869150810907,9.676425474280979e-14,1.3801001832693244e-11,33.78
1,0,-22,15,34.0440890610984,8.371464568032423e-13,1.2128159292936969e-10,34.04
1,0,-22,16,34.39476704383968,4.978608805114441e-12,7.362117770562979e-10,34.39
1,0,-22,17,34.828149534535996,2.0588876443282915e-11,3.121788390712772e-09,34.83
1,0,-22,18,35.34119409414458,6.170460738528551e-11,9.6336318280277e-09,35.34
1,0,-22,19,35.93048844644336,1.4048471503476416e-10,2.2670720888735064e-08,35.93
1,0,-22,20,36.59234892706397,2.525655835259853e-10,4.227316454266179e-08,36.59
1,0,-22,21,37.32291521304304,3.7123292037368866e-10,6.464093226006852e-08,37.32
1,0,-22,22,38.11823710509183,4.5941510091317663e-10,8.344126770335567e-08,38.12
1,0,-22,23,38.974350539810146,4.913954264638313e-10,9.330370659981994e-08,38.97
1,0,-21,-23,67.02238432046416,3.256337366048266e-10,1.828433431036101e-07,67.02
1,0,-21,-22,65.50572494064926,2.0699025739982438e-10,1.1102439931283075e-07,65.51
1,0,-21,-21,63.99999999999999,1.1965939395591774e-10,6.126560970542987e-08,64.0
1,0,-21,-20,62.50599971202764,6.264075957261872e-11,3.059218095627766e-08,62.51
1,0,-21,-19,61.02458520956942,2.9539995720771006e-11,1.37508680080189e-08,61.02
1,0,-21,-18,59.556695677312376,1.2481218380822442e-11,5.533860199597148e-09,59.56
1,0,-21,-17,58.10335618533579,4.74747085007992e-12,2.003432698733726e-09,58.1
1,0,-21,-16,56.66568626602875,1.6522772658330273e-12,6.631827875737311e-10,56.67
1,0,-21,-15,55.24490926773253,5.530969694873249e-13,2.110064938594144e-10,55.24
1,0,-21,-14,53.84236250388721,1.988144292045099e-13,7.204537878298426e-11,53.84
1,0,-21,-13,52.459508194416,9.773137755533603e-14,3.361959387903559e-11,52.46
1,0,-21,-12,51.09794516416486,8.840985581861099e-14,2.885476669279915e-11,51.1
1,0,-21,-11,49.75942121849891,1.4665542561773944e-13,4.5389854228690344e-11,49.76
1,0,-21,-10,48.4458460551573,3.2281278155176124e-13,9.470519978774796e-11,48.45
1,0,-21,-9,47.15930449020638,6.992522259456388e-13,1.9439211881288756e-10,47.16
1,0,-21,-8,45.902069670114,1.2564863947695425e-12,3.3092710422242824e-10,45.9
1,0,-21,-7,44.67661580737735,1.5870192665531872e-12,3.959613070050202e-10,44.68
1,0,-21,-6,43.485629810317796,9.878150136737986e-13,2.334947738571441e-10,43.49
1,0,-21,-5,42.332020977033444,1.495665583502454e-19,3.3502909070454956e-17,42.33
1,0,-21,-4,41.2189276910499,3.938057135160006e-12,8.363448840796064e-10,41.22
1,0,-21,-3,40.14971979976946,2.536028921752985e-11,5.110098277332263e-09,40.15
1,0,-21,-2,39.1279950930277,7.908396123880764e-11,1.5134693082076812e-08,39.13
1,0,-21,-1,38.157568056677825,1.6744765090291895e-10,3.047547246433125e-08,38.16
1,0,-21,0,37.242448899072144,2.6542336981146286e-10,4.601777674106237e-08,37.24
1,0,-21,1,36.3868107973205,3.267501523837641e-10,5.407715021951295e-08,36.39
1,0,-21,2,35.59494346111537,3.148790838882279e-10,4.9868974910798084e-08,35.59
1,0,-21,3,34.871191548325385,2.3597975969843224e-10,3.586892347416169e-08,34.87
1,0,-21,4,34.21987726453734,1.3455521185957262e-10,1.9695519135944932e-08,34.22
1,0,-21,5,33.64520768252145,5.637273721124156e-11,7.976742315390683e-09,33.65
1,0,-21,6,33.15116890850155,1.6318531491116478e-11,2.241758263592126e-09,33.15
1,0,-21,7,32.7414110874898,2.946791987264689e-12,3.948701262934683e-10,32.74
1,0,-21,8,32.41913015489466,2.5686750141111415e-13,3.374596799788513e-11,32.42
1,0,-21,9,32.18695387886216,3.4008284827693384e-15,4.4040728851862934e-13,32.19
1,0,-21,10,32.046840717924134,1.412146184565553e-15,1.812842664436029e-13,32.05
1,0,-21,11,32.0,4.9114662051622685e-16,6.286676742607704e-14,32.0
1,0,-21,12,32.046840717924134,6.228125872175798e-16,7.995356588405683e-14,32.05
1,0,-21,13,32.18695387886216,4.438988417264382e-14,5.748490000357375e-12,32.19
1,0,-21,14,32.41913015489465,6.565395418244204e-13,8.625288230718321e-11,32.42
1,0,-21,15,32.7414110874898,5.1919667288886785e-12,6.957235416710829e-10,32.74
1,0,-21,16,33.15116890850155,2.5289255171435376e-11,3.4741114291759346e-09,33.15
1,0,-21,17,33.645207682521445,8.403139379872852e-11,1.1890442222520086e-08,33.65
1,0,-21,18,34.219877264537345,2.0287943367241954e-10,2.969647710380041e-08,34.22
1,0,-21,19,34.87119154832539,3.7464388092941866e-10,5.694586990127165e-08,34.87
1,0,-21,20,35.59494346111537,5.497574890912099e-10,8.706784233482035e-08,35.59
1,0,-21,21,36.38681079732051,6.628401327846055e-10,1.0970004197585223e-07,36.39
1,0,-21,22,37.242448899072144,6.750249923379258e-10,1.1703245804658789e-07,37.24
1,0,-21,23,38.15756805667782,5.95515100196377e-10,1.0838374823574057e-07,38.16
1,0,-20,-23,65.55150646628952,2.4055527922590826e-10,1.292082543542159e-07,65.55
1,0,-20,-22,64.02343321003644,1.281760243636106e-10,6.567419048330494e-08,64.02
1,0,-20,-21,62.50599971202764,6.264075957265716e-11,3.059218095629643e-08,62.51
1,0,-20,-20,60.99999999999999,2.800042611099671e-11,1.3023698194877343e-08,61.0
1,0,-20,-19,59.50630218724734,1.1441230129589009e-11,5.0641744861093314e-09,59.51
1,0,-20,-18,58.025856305616024,4.248605055352821e-12,1.7881316526716178e-09,58.03
1,0,-20,-17,56.559702969517076,1.4415431489774862e-12,5.76437066697372e-10,56.56
1,0,-20,-16,55.108982933819405,4.432368259512721e-13,1.682637800517516e-10,55.11
1,0,-20,-15,53.67494760127856,1.2049936125793068e-13,4.3394832473012275e-11,53.67
1,0,-20,-14,52.25897052181567,2.3827063113373208e-14,8.133963670327777e-12,52.26
1,0,-20,-13,50.86255990411807,6.940490397816496e-16,2.244381082393909e-13,50.86
1,0,-20,-12,49.487372126634476,6.2306517803971466e-15,1.9073582762740753e-12,49.49
1,0,-20,-11,48.13522618623495,3.561511657816085e-14,1.0315028138949832e-11,48.14
1,0,-20,-10,46.8081189538738,9.356520232730472e-14,2.5625169787390578e-11,46.81
1,0,-20,-9,45.508241011931005,1.6005025440740604e-13,4.143300960971722e-11,45.51
1,0,-20,-8,44.237992721189315,1.3146986039664612e-13,3.216081459952954e-11,44.24
1,0,-20,-7,42.99999999999999,7.768472270218224e-19,1.7954881534541864e-16,43.0
1,0,-20,-6,41.797129088012724,9.87112978366178e-13,2.15560796650714e-10,41.8
1,0,-20,-5,40.632499307820076,8.660259499620882e-12,1.7872610542342582e-09,40.63
1,0,-20,-4,39.509492530276816,3.737683947375798e-11,7.2931558023170234e-09,39.51
1,0,-20,-3,38.43175770115126,1.1031637775556866e-10,2.0367161243121853e-08,38.43
1,0,-20,-2,37.40320841853008,2.473644293580479e-10,4.325785458398861e-08,37.4
1,0,-20,-1,36.42801120017396,4.377360955130739e-10,7.26094748432311e-08,36.43
1,0,-20,0,35.5105618091294,6.212545896708414e-10,9.792525469686633e-08,35.51
1,0,-20,1,34.6554469023269,7.063288617787615e-10,1.0603762037453649e-07,34.66
1,0,-20,2,33.86738844375219,6.375081188227578e-10,9.140272653621284e-08,33.87
1,0,-20,3,33.15116890850155,4.4712211034643735e-10,6.142339990884183e-08,33.15
1,0,-20,4,32.51153641401771,2.36466359103322e-10,3.124311769652641e-08,32.51
1,0,-20,5,31.953090617340912,8.963614694362731e-11,1.1439813253680434e-08,31.95
1,0,-20,6,31.480152477394387,2.2580649958251808e-11,2.7971780135784426e-09,31.48
1,0,-20,7,31.096623610932426,3.232343605611333e-12,3.907095333282699e-10,31.1
1,0,-20,8,30.805843601498726,1.7999388298524072e-13,2.135177436912418e-11,30.81
1,0,-20,9,30.61045573002793,6.895313770011375e-17,8.07613625312582e-15,30.61
1,0,-20,10,30.512292604784715,3.088804116770338e-15,3.594595790891481e-13,30.51
1,0,-20,11,30.51229260478471,2.366518784956821e-15,2.7540362359935e-13,30.51
1,0,-20,12,30.61045573002793,2.0459305740564516e-14,2.396296184863618e-12,30.61
1,0,-20,13,30.805843601498726,4.675147447780037e-13,5.545893659929068e-11,30.81
1,0,-20,14,31.096623610932422,5.083578769478343e-12,6.144775837606946e-10,31.1
1,0,-20,15,31.480152477394384,3.0656141418901836e-11,3.797529518266464e-09,31.48
1,0,-20,16,31.953090617340912,1.158310076447147e-10,1.4782932350656712e-08,31.95
1,0,-20,17,32.51153641401771,3.0327684109586836e-10,4.00704526297916e-08,32.51
1,0,-20,18,33.151168908501546,5.851923042523459e-10,8.0390792796666e-08,33.15
1,0,-20,19,33.8673884437522,8.73798014115808e-10,1.2528079027385399e-07,33.87
1,0,-20,20,34.65544690232691,1.0458332145238323e-09,1.570057113303903e-07,34.66
1,0,-20,21,35.5105618091294,1.0353608207727508e-09,1.6319874937430475e-07,35.51
1,0,-20,22,36.42801120017396,8.696784967776301e-10,1.4425792065298934e-07,36.43
1,0,-20,23,37.403208418530085,6.352303269330994e-10,1.1108590342242573e-07,37.4
1,0,-19,-23,64.09368143584825,1.5640845140411624e-10,8.031573979601367e-08,64.09
1,0,-19,-22,62.55397669213364,7.055735517373924e-11,3.4511366349355193e-08,62.55
1,0,-19,-21,61.02458520956942,2.95399957207316e-11,1.3750868008000555e-08,61.02
1,0,-19,-20,59.50630218724735,1.1441230129571942e-11,5.0641744861017784e-09,59.51
1,0,-19,-19,57.99999999999999,4.136671176111774e-12,1.7394702295550006e-09,58.0
1,0,-19,-18,56.50663677834666,1.3863516252992901e-12,5.53327592447579e-10,56.51
1,0,-19,-17,55.02726596879041,4.430284035022912e-13,1.6768625072561717e-10,55.03
1,0,-19,-16,53.56304696336831,1.3647288131273021e-13,4.894258706077786e-11,53.56
1,0,-19,-15,52.11525688318153,4.4652840786086347e-14,1.5159639446876313e-11,52.12
1,0,-19,-14,50.68530358989674,1.778701781124465e-14,5.711856094635937e-12,50.69
1,0,-19,-13,49.27473997901967,1.1013772452089359e-14,3.34267993920912e-12,49.27
1,0,-19,-12,47.88527957525151,1.1701412785663295e-14,3.3539174396907415e-12,47.89
1,0,-19,-11,46.51881339845202,1.464322117960806e-14,3.9609913290839785e-12,46.52
1,0,-19,-10,45.177427992306065,1.3218888140414943e-14,3.3724688368233616e-12,45.18
1,0,-19,-9,43.86342439892261,4.063420963632085e-18,9.77252741753516e-16,43.86
1,0,-19,-8,42.57933771208753,1.3205714973812127e-13,2.992745155940172e-11,42.58
1,0,-19,-7,41.32795663954364,1.5817984408675386e-12,3.377139671252194e-10,41.33
1,0,-19,-6,40.11234224026315,9.165890145963473e-12,1.843489655606903e-09,40.11
1,0,-19,-5,38.93584466786356,3.709200235991127e-11,7.0289344472031835e-09,38.94
1,0,-19,-4,37.80211634287159,1.147694517657432e-10,2.0500693321655872e-08,37.8
1,0,-19,-3,36.71511950137163,2.850714159163791e-10,4.803453358190986e-08,36.72
1,0,-19,-2,35.67912554982254,5.762846474163161e-10,9.170129452012125e-08,35.68
1,0,-19,-1,34.698703145794944,9.555010195166367e-10,1.438029034372538e-07,34.7
1,0,-19,0,33.77869150810907,1.2911122283064146e-09,1.8414488156220235e-07,33.78
1,0,-19,1,32.92415526630866,1.4082555665831321e-09,1.9081862927201445e-07,32.92
1,0,-19,2,32.14031735997639,1.2142921042598228e-09,1.5679546796254963e-07,32.14
1,0,-19,3,31.432467291003423,8.064474376233231e-10,9.959625854648042e-08,31.43
1,0,-19,4,30.80584360149873,3.9493637134465306e-10,4.684932705075948e-08,30.81
1,0,-19,5,30.265491900843113,1.3434566943082535e-10,1.5382579149829505e-08,30.27
1,0,-19,6,29.816103031751148,2.824116547451408e-11,3.138299513355377e-09,29.82
1,0,-19,7,29.461839725312473,2.8904632175919954e-12,3.1361525910873153e-10,29.46
1,0,-19,8,29.206163733020468,3.942169891195761e-14,4.20333864648748e-12,29.21
1,0,-19,9,29.0516780926679,1.8423797118360188e-14,1.9437105959869994e-12,29.05
1,0,-19,10,29.0,1.988035471792885e-14,2.0899222897222705e-12,29.0
1,0,-19,11,29.0516780926679,2.9862046475612316e-15,3.150445903177099e-13,29.05
1,0,-19,12,29.206163733020464,1.504231055256245e-13,1.6038863626669712e-11,29.21
1,0,-19,13,29.46183972531247,4.224012933076194e-12,4.58305403238767e-10,29.46
1,0,-19,14,29.816103031751148,3.51461856940923e-11,3.905619885256007e-09,29.82
1,0,-19,15,30.26549190084311,1.5867741357613258e-10,1.816856385446718e-08,30.27
1,0,-19,16,30.805843601498726,4.5969422018019594e-10,5.453122686887574e-08,30.81
1,0,-19,17,31.43246729100342,9.43695244931201e-10,1.1654636274900332e-07,31.43
1,0,-19,18,32.14031735997639,1.4522214054027988e-09,1.875180889726364e-07,32.14
1,0,-19,19,32.92415526630865,1.7523445408432746e-09,2.3744268528426366e-07,32.92
1,0,-19,20,33.77869150810907,1.7112441631687793e-09,2.440661987719471e-07,33.78
1,0,-19,21,34.698703145794944,1.3931429269621443e-09,2.0966801050780272e-07,34.7
1,0,-19,22,35.67912554982254,9.6774109333721e-10,1.5399180147728346e-07,35.68
1,0,-19,23,36.71511950137163,5.878450266881515e-10,9.905188699695349e-08,36.72
1,0,-18,-23,62.64982043070833,8.849139282090743e-11,4.34160896027577e-08,62.65
1,0,-18,-22,61.0982814815605,3.4199562244728494e-11,1.5958370732446428e-08,61.1
1,0,-18,-21,59.556695677312376,1.2481218380854792e-11,5.533860199611492e-09,59.56
1,0,-18,-20,58.025856305616024,4.248605055339118e-12,1.7881316526658507e-09,58.03
1,0,-18,-19,56.50663677834666,1.3863516253024441e-12,5.533275924488379e-10,56.51
1,0,-18,-18,54.99999999999999,4.1916397618636256e-13,1.584963784954683e-10,55.0
1,0,-18,-17,53.507008886686975,1.2343141370194103e-13,4.4173017178582133e-11,53.51
1,0,-18,-16,52.02883815731425,3.252557307155818e-14,1.1005840788088497e-11,52.03
1,0,-18,-15,50.56678751908212,7.646157448733003e-15,2.443903074551285e-12,50.57
1,0,-18,-14,49.12229636326054,1.095182381255914e-15,3.3033438574631503e-13,49.12
1,0,-18,-13,47.696960070847275,1.3708089636340138e-19,3.898237990334226e-17,47.7
1,0,-18,-12,46.29254799641082,1.2717481311749202e-16,3.406695306384816e-14,46.29
1,0,-18,-11,44.91102314577123,2.1404235400302165e-17,5.396542850301182e-15,44.91
1,0,-18,-10,43.554563480765125,1.2794498088382467e-14,3.033895359207691e-12,43.55
1,0,-18,-9,42.225584661434816,1.6387119176195997e-13,3.652279186394681e-11,42.23
1,0,-18,-8,40.92676385936225,1.2504708564800676e-12,2.618173355755141e-10,40.93
1,0,-18,-7,39.66106403010387,6.570484318350143e-12,1.2919214790955963e-09,39.66
1,0,-18,-6,38.431757701151255,2.7513316757246665e-11,5.079646106306662e-09,38.43
1,0,-18,-5,37.24244889907214,9.288936762756944e-11,1.6104694112429846e-08,37.24
1,0,-18,-4,36.097091295560084,2.6126951397764905e-10,4.255427208910957e-08,36.1
1,0,-18,-3,34.99999999999999,6.107514812296713e-10,9.352132056329338e-08,35.0
1,0,-18,-2,33.955853692699286,1.192837920565473e-09,1.7191776530149877e-07,33.96
1,0,-18,-1,32.96968304366907,1.925044864099954e-09,2.6156547090958126e-07,32.97
1,0,-18,0,32.04684071792413,2.544848191801407e-09,3.2669488662250554e-07,32.05
1,0,-18,1,31.192947920964443,2.6985251229605877e-09,3.2820811808008146e-07,31.19
1,0,-18,2,30.413812651491096,2.244860903691979e-09,2.5956204198938506e-07,30.41
1,0,-18,3,29.715315916207253,1.409912494300476e-09,1.5561909155841507e-07,29.72
1,0,-18,4,29.103264421710495,6.374777331227425e-10,6.749295499437036e-08,29.1
1,0,-18,5,28.583211855912904,1.89921813043355e-10,1.939576515705263e-08,28.58
1,0,-18,6,28.160255680657446,3.230141082530773e-11,3.2018773480586287e-09,28.16
1,0,-18,7,27.83882181415011,1.9980659843356217e-12,1.9356264223251332e-10,27.84
1,0,-18,8,27.622454633866266,7.590391641629777e-17,7.239336028204398e-15,27.62
1,0,-18,9,27.51363298439521,2.7233451775016966e-14,2.57696537421098e-12,27.51
1,0,-18,10,27.51363298439521,6.458998036825587e-16,6.111826892346213e-14,27.51
1,0,-18,11,27.622454633866266,3.2998806791460996e-14,3.147261197735592e-12,27.62
1,0,-18,12,27.83882181415011,2.942377260106577e-12,2.8504279707282463e-10,27.84
1,0,-18,13,28.160255680657446,3.814263126895599e-11,3.780888324535262e-09,28.16
1,0,-18,14,28.583211855912904,2.1222550934891653e-10,2.16735301422581e-08,28.58
1,0,-18,15,29.10326442171049,6.999510355329522e-10,7.410731588705129e-08,29.1
1,0,-18,16,29.71531591620725,1.5460773940638226e-09,1.706482923697944e-07,29.72
1,0,-18,17,30.413812651491096,2.484957838288495e-09,2.873232500521072e-07,30.41
1,0,-18,18,31.19294792096444,3.048257765984855e-09,3.7074435078790793e-07,31.19
1,0,-18,19,32.04684071792413,2.972996220793032e-09,3.816583898443054e-07,32.05
1,0,-18,20,32.96968304366907,2.369999605391932e-09,3.2202369638262875e-07,32.97
1,0,-18,21,33.955853692699286,1.5894219849635653e-09,2.290754435828738e-07,33.96
1,0,-18,22,34.99999999999999,9.155724996093339e-10,1.401970390026792e-07,35.0
1,0,-18,23,36.097091295560084,4.6497153202231586e-10,7.573223827813467e-08,36.1
1,0,-17,-23,61.22091146005586,4.3281559039290064e-11,2.027741040990739e-08,61.22
1,0,-17,-22,59.65735495309861,1.4527759372603272e-11,6.46303695088688e-09,59.66
1,0,-17,-21,58.10335618533579,4.74747085008456e-12,2.003432698735684e-09,58.1
1,0,-17,-20,56.559702969517076,1.4415431489842238e-12,5.764370667000662e-10,56.56
1,0,-17,-19,55.02726596879041,4.430284035062125e-13,1.6768625072710139e-10,55.03
1,0,-17,-18,53.507008886686975,1.2343141370207856e-13,4.417301717863135e-11,53.51
1,0,-17,-17,51.99999999999999,3.729766910510714e-14,1.260661215752621e-11,52.0
1,0,-17,-16,50.507425196697554,1.0254529268653404e-14,3.269913020541853e-12,50.51
1,0,-17,-15,49.03060268852504,3.2707274109461604e-15,9.828535869893208e-13,49.03
1,0,-17,-14,47.57099956906518,1.1621164842179281e-15,3.2873370047314637e-13,47.57
1,0,-17,-13,46.13025037868318,1.1355164889597086e-16,3.020473860632824e-14,46.13
1,0,-17,-12,44.7101778122163,2.425527829272782e-16,6.06078766339536e-14,44.71
1,0,-17,-11,43.31281565541543,1.2122643634716877e-14,2.8427599323411074e-12,43.31
1,0,-17,-10,41.94043395102153,9.738386397432012e-14,2.1412277091353633e-11,41.94
1,0,-17,-9,40.59556626036887,6.874422814687262e-13,1.4161310998255754e-10,40.6
1,0,-17,-8,39.281038682804706,3.5458840330014814e-12,6.839123828651605e-10,39.28
1,0,-17,-7,37.99999999999999,1.6000468491138277e-11,2.888084562650458e-09,38.0
1,0,-17,-6,36.7559518989782,5.96710929845684e-11,1.0076955827768985e-08,36.76
1,0,-17,-5,35.552777669262355,1.9209385278627375e-10,3.0350828740231254e-08,35.55
1,0,-17,-4,34.39476704383967,5.217110895947377e-10,7.714802737382181e-08,34.39
1,0,-17,-3,33.28663395418648,1.206279130166845e-09,1.6706965952810803e-07,33.29
1,0,-17,-2,32.2335229225724,2.331728815667974e-09,3.028332799348782e-07,32.23
1,0,-17,-1,31.240998703626616,3.745305656529037e-09,4.5692729009654245e-07,31.24
1,0,-17,0,30.31501278244824,4.886737440864803e-09,5.613639635193442e-07,30.32
1,0,-17,1,29.461839725312476,5.085677614514132e-09,5.517960211747836e-07,29.46
1,0,-17,2,28.687976575562104,4.074551625362534e-09,4.191694984591707e-07,28.69
1,0,-17,3,28.000000000000004,2.4190024047482024e-09,2.370622356653239e-07,28.0
1,0,-17,4,27.404379212089445,9.90289020661733e-10,9.29633818146202e-08,27.4
1,0,-17,5,26.90724809414742,2.519419821255555e-10,2.2800749382362772e-08,26.91
1,0,-17,6,26.514147167125707,2.9978625495981163e-11,2.634371715459345e-09,26.51
1,0,-17,7,26.229754097208005,5.184977315089678e-13,4.459080490977123e-11,26.23
1,0,-17,8,26.057628441590765,3.3670009130572105e-13,2.8577420249573073e-11,26.06
1,0,-17,9,26.0,3.475291099873511e-13,2.936620979393117e-11,26.0
1,0,-17,10,26.057628441590765,2.3756388062309597e-13,2.016323436788527e-11,26.06
1,0,-17,11,26.229754097208,8.6261254812968e-13,7.418467913915246e-11,26.23
1,0,-17,12,26.514147167125703,3.4179651732481936e-11,3.0035368959918496e-09,26.51
1,0,-17,13,26.90724809414742,2.7145647816032054e-10,2.4566811273509007e-08,26.91
1,0,-17,14,27.40437921208944,1.0493910209510656e-09,9.851158209178127e-08,27.4
1,0,-17,15,27.999999999999996,2.553529734800603e-09,2.50245914010459e-07,28.0
1,0,-17,16,28.687976575562104,4.316732916425713e-09,4.4408389877729524e-07,28.69
1,0,-17,17,29.461839725312466,5.4424946455635935e-09,5.905106690436497e-07,29.46
1,0,-17,18,30.315012782448232,5.324523443746726e-09,6.11654630600405e-07,30.32
1,0,-17,19,31.240998703626612,4.199891288161757e-09,5.123867371557342e-07,31.24
1,0,-17,20,32.23352292257239,2.734498797472973e-09,3.551430313218023e-07,32.23
1,0,-17,21,33.28663395418647,1.5141452780126213e-09,2.0970912100474797e-07,33.29
1,0,-17,22,34.39476704383967,7.255589767396139e-10,1.0729203368537036e-07,34.39
1,0,-17,23,35.55277766926235,3.103300282891417e-10,4.903214446968437e-08,35.55
1,0,-16,-23,59.808026217222704,1.8357181923523963e-11,8.207954967555647e-09,59.81
1,0,-16,-22,58.23229344616266,5.404232552403214e-12,2.290719073149911e-09,58.23
1,0,-16,-21,56.66568626602875,1.6522772658246682e-12,6.63182787570376e-10,56.67
1,0,-16,-20,55.10898293381941,4.432368259494567e-13,1.6826378005106246e-10,55.11
1,0,-16,-19,53.56304696336831,1.3647288131241644e-13,4.894258706066533e-11,53.56
1,0,-16,-18,52.02883815731425,3.252557306923418e-14,1.1005840787302111e-11,52.03
1,0,-16,-17,50.507425196697554,1.025452927070092e-14,3.2699130211947546e-12,50.51
1,0,-16,-16,48.99999999999999,2.28944024975799e-15,6.871182549586165e-13,49.0
1,0,-16,-15,47.507894080878806,6.069378673022912e-16,1.7123234581265888e-13,47.51
1,0,-16,-14,46.03259714593561,5.820359012705786e-16,1.5416675934904447e-13,46.03
1,0,-16,-13,44.57577817604533,6.512032931036068e-16,1.6174261792460827e-13,44.58
1,0,-16,-12,43.13930922024598,8.81732769154601e-15,2.0511308542458903e-12,43.14
1,0,-16,-11,41.72529209005012,4.204020721304641e-14,9.14900009473922e-12,41.73
1,0,-16,-10,40.336088060197405,3.088588412844636e-13,6.281416684622777e-11,40.34
1,0,-16,-9,38.974350539810146,1.5221509688736163e-12,2.890184152148778e-10,38.97
1,0,-16,-8,37.643060449437414,7.56987249052682e-12,1.3408136648845621e-09,37.64
1,0,-16,-7,36.345563690772494,3.0807821225673364e-11,5.0871414798893136e-09,36.35
1,0,-16,-6,35.08560958569766,1.1399848926860265e-10,1.7541517536206227e-08,35.09
1,0,-16,-5,33.8673884437522,3.584060244549322e-10,5.1386463756225906e-08,33.87
1,0,-16,-4,32.695565448543626,9.834639751976975e-10,1.314153736857923e-07,32.7
1,0,-16,-3,31.575306807693888,2.2773526543433883e-09,2.838150745475448e-07,31.58
1,0,-16,-2,30.512292604784715,4.454227818117108e-09,5.183607623333785e-07,30.51
1,0,-16,-1,29.512709126747414,7.1549401123366115e-09,7.789941047306487e-07,29.51
1,0,-16,0,28.583211855912904,9.316218323867673e-09,9.514187963249861e-07,28.58
1,0,-16,1,27.730849247724098,9.494893159032763e-09,9.126966049120245e-07,27.73
1,0,-16,2,26.962937525425527,7.353092724911699e-09,6.682123013763507e-07,26.96
1,0,-16,3,26.28687885618983,4.070247430008249e-09,3.515676217669624e-07,26.29
1,0,-16,4,25.709920264364886,1.4973176817602347e-09,1.2371587345543943e-07,25.71
1,0,-16,5,25.238858928247925,3.0733042311857635e-10,2.447118494081664e-08,25.24
1,0,-16,6,24.879710609249457,2.400677870017058e-11,1.8575245019256988e-09,24.88
1,0,-16,7,24.63736998950984,1.857551688521587e-14,1.4094173436657541e-12,24.64
1,0,-16,8,24.51530134426253,2.1755065775280874e-13,1.6343493163679758e-11,24.52
1,0,-16,9,24.515301344262525,8.921286742205418e-14,6.70211666508182e-12,24.52
1,0,-16,10,24.63736998950984,6.327387001632056e-15,4.800904887488323e-13,24.64
1,0,-16,11,24.879710609249457,2.7218377609546215e-11,2.1060219675386385e-09,24.88
1,0,-16,12,25.23885892824792,3.244546170860436e-10,2.583469888547621e-08,25.24
1,0,-16,13,25.70992026436488,1.5534353324955721e-09,1.2835259434744664e-07,25.71
1,0,-16,14,26.286878856189826,4.2030669246354895e-09,3.6303990561539027e-07,26.29
1,0,-16,15,26.962937525425524,7.59843283375798e-09,6.905075837677564e-07,26.96
1,0,-16,16,27.73084924772409,9.860059696572252e-09,9.477982383330075e-07,27.73
1,0,-16,17,28.583211855912896,9.766504580943891e-09,9.974042803288942e-07,28.58
1,0,-16,18,29.51270912674741,7.6208896532804e-09,8.297243610009034e-07,29.51
1,0,-16,19,30.51229260478471,4.865325325702266e-09,5.662022347786011e-07,30.51
1,0,-16,20,31.575306807693885,2.588361442384183e-09,3.225745447571287e-07,31.58
1,0,-16,21,32.695565448543626,1.1879999001302836e-09,1.5874648665490912e-07,32.7
1,0,-16,22,33.86738844375219,4.754410454403091e-10,6.816635989000429e-08,33.87
1,0,-16,23,35.08560958569766,1.733560303126578e-10,2.6675159164360212e-08,35.09
1,0,-15,-23,58.41232746604093,6.905581950306642e-12,2.9452307018057824e-09,58.41
1,0,-15,-22,56.82429058070148,1.7561861305044298e-12,7.088406269248502e-10,56.82
1,0,-15,-21,55.244909267732524,5.530969694959378e-13,2.110064938627002e-10,55.24
1,0,-15,-20,53.67494760127856,1.204993612609631e-13,4.3394832474104315e-11,53.67
1,0,-15,-19,52.11525688318152,4.4652840788522065e-14,1.5159639447703236e-11,52.12
1,0,-15,-18,50.56678751908212,7.646157449817992e-15,2.443903074898075e-12,50.57
1,0,-15,-17,49.03060268852504,3.2707274112351573e-15,9.828535870761643e-13,49.03
1,0,-15,-16,47.5078940808788,6.069378672363188e-16,1.7123234579404633e-13,47.51
1,0,-15,-15,45.99999999999999,1.0538151173775016e-18,2.787340985463491e-16,46.0
1,0,-15,-14,44.50842616853576,9.86732181426867e-23,2.4433955642582782e-20,44.51
1,0,-15,-13,43.03486958270002,4.5232142027597696e-15,1.0471240879388862e-12,43.03
1,0,-15,-12,41.58124577258357,1.157777833767438e-14,2.5022473432298743e-12,41.58
1,0,-15,-11,40.14971979976946,1.2679187424925216e-13,2.5548562661224305e-11,40.15
1,0,-15,-10,38.74274125562103,5.257828165421557e-13,9.865000095372193e-11,38.74
1,0,-15,-9,37.3630833845388,3.0541186741023426e-12,5.329437086308584e-10,37.36
1,0,-15,-8,36.01388621073821,1.2898448120744059e-11,2.0911609015756297e-09,36.01
1,0,-15,-7,34.698703145794944,5.5234280930124896e-11,8.312759279983797e-09,34.7
1,0,-15,-6,33.421549934136806,1.9741805146899437e-10,2.7564495436358337e-08,33.42
1,0,-15,-5,32.18695387886216,6.434446887016322e-10,8.332608718686137e-08,32.19
1,0,-15,-4,30.999999999999996,1.776033295229167e-09,2.1334599958940365e-07,31.0
1,0,-15,-3,29.866369046136157,4.2371568950034855e-09,4.7244299379288866e-07,29.87
1,0,-15,-2,28.792360097775937,8.37397508007615e-09,8.67753167672891e-07,28.79
1,0,-15,-1,27.784887978899608,1.3655907233533459e-08,1.3177950480359785e-06,27.78
1,0,-15,0,26.851443164195103,1.7672227819915645e-08,1.5927095322698974e-06,26.85
1,0,-15,1,26.0,1.7771362170424445e-08,1.5016801034008656e-06,26.0
1,0,-15,2,25.23885892824792,1.3134983033997836e-08,1.0458730240820773e-06,25.24
1,0,-15,3,24.576411454889016,6.769758983844074e-09,5.111168032802275e-07,24.58
1,0,-15,4,24.020824298928627,2.1309233167897714e-09,1.5369284422346226e-07,24.02
1,0,-15,5,23.57965224510319,3.280054041884677e-10,2.2796375591098503e-08,23.58
1,0,-15,6,23.259406699226016,6.798523347930542e-12,4.59750141403803e-10,23.26
1,0,-15,7,23.065125189341593,3.824102166731621e-12,2.5430279408765285e-10,23.07
1,0,-15,8,22.999999999999996,7.10648160541346e-12,4.699160961579649e-10,23.0
1,0,-15,9,23.065125189341593,3.4604891128842333e-12,2.3012252600680157e-10,23.07
1,0,-15,10,23.259406699226016,7.922475645562424e-12,5.35757415531159e-10,23.26
1,0,-15,11,23.579652245103187,3.4086339772588626e-10,2.3690006141949084e-08,23.58
1,0,-15,12,24.020824298928623,2.1811425192237826e-09,1.5731490419901526e-07,24.02
1,0,-15,13,24.576411454889012,6.899046753590761e-09,5.208780298961023e-07,24.58
1,0,-15,14,25.23885892824792,1.3382100821091418e-08,1.0655497778794038e-06,25.24
1,0,-15,15,25.999999999999996,1.8146570861568432e-08,1.5333852378025319e-06,26.0
1,0,-15,16,26.8514431641951,1.8136483194231497e-08,1.634550547880113e-06,26.85
1,0,-15,17,27.784887978899604,1.4136537002303978e-08,1.3641758207223336e-06,27.78
1,0,-15,18,28.792360097775934,8.794094299275781e-09,9.112880217624526e-07,28.79
1,0,-15,19,29.866369046136153,4.552912771426754e-09,5.076497740140829e-07,29.87
1,0,-15,20,30.999999999999996,1.9803756763689277e-09,2.3789262812381737e-07,31.0
1,0,-15,21,32.186953878862155,7.597336788226132e-10,9.838551140752837e-08,32.19
1,0,-15,22,33.4215499341368,2.551430011088545e-10,3.5624341529823795e-08,33.42
1,0,-15,23,34.69870314579494,8.11948023985005e-11,1.2219817760974321e-08,34.7
1,0,-14,-23,57.03507692639678,2.4498312505324165e-12,9.961626322477435e-10,57.04
1,0,-14,-22,55.43464620614078,4.747203710243966e-13,1.8235196251974628e-10,55.43
1,0,-14,-21,53.84236250388721,1.9881442920399697e-13,7.204537878279839e-11,53.84
1,0,-14,-20,52.25897052181568,2.3827063113841842e-14,8.133963670487759e-12,52.26
1,0,-14,-19,50.68530358989674,1.778701781238523e-14,5.7118560950022055e-12,50.69
1,0,-14,-18,49.12229636326053,1.0951823809959875e-15,3.3033438566791457e-13,49.12
1,0,-14,-17,47.57099956906518,1.1621164843758492e-15,3.2873370051781826e-13,47.57
1,0,-14,-16,46.03259714593561,5.820359008926774e-16,1.541667592489479e-13,46.03
1,0,-14,-15,44.50842616853576,9.867303943215873e-23,2.4433911389388295e-20,44.51
1,0,-14,-14,42.99999999999999,4.476010120303365e-15,1.0345178390551148e-12,43.0
1,0,-14,-13,41.50903516103451,1.2781034898457642e-15,2.7527153912553135e-13,41.51
1,0,-14,-12,40.037482438335196,6.055074572026998e-14,1.2132855673699093e-11,40.04
1,0,-14,-11,38.58756276314947,1.3558079249861118e-13,2.5234975003804e-11,38.59
1,0,-14,-10,37.16180835212408,1.1570855857257294e-12,1.9974189923590394e-10,37.16
1,0,-14,-9,35.76310948449533,4.365499448603082e-12,6.979342243454177e-10,35.76
1,0,-14,-8,34.39476704383968,2.2550754916266502e-11,3.334692883242909e-09,34.39
1,0,-14,-7,33.06055050963308,8.695669378687757e-11,1.188045828863215e-08,33.06
1,0,-14,-6,31.764760348537184,3.3832018458683494e-10,4.267063328101456e-08,31.76
1,0,-14,-5,30.51229260478472,1.0943244767263112e-09,1.273520109790245e-07,30.51
1,0,-14,-4,29.30870177950569,3.190362701236434e-09,3.425651950452621e-07,29.31
1,0,-14,-3,28.16025568065745,7.725969671221438e-09,7.658367436598251e-07,28.16
1,0,-14,-2,27.073972741361768,1.581296412476956e-08,1.4488628379320109e-06,27.07
1,0,-14,-1,26.057628441590765,2.5945754924157038e-08,2.2021459491878285e-06,26.06
1,0,-14,0,25.11971337416094,3.3846177447105134e-08,2.669617246140418e-06,25.12
1,0,-14,1,24.269322199023197,3.3171593530087784e-08,2.4422585736527137e-06,24.27
1,0,-14,2,23.515952032609693,2.3578727220841432e-08,1.629879519140664e-06,23.52
1,0,-14,3,22.869193252058544,1.0960225434174589e-08,7.165247377591638e-07,22.87
1,0,-14,4,22.33830790368868,2.956481617949091e-09,1.844105409195746e-07,22.34
1,0,-14,5,21.93171219946131,2.883408792196344e-10,1.7336495363080517e-08,21.93
1,0,-14,6,21.656407827707714,1.1811217337995797e-13,6.924326164400035e-12,21.66
1,0,-14,7,21.517434791350016,4.1585776285521e-12,2.4067768025245283e-10,21.52
1,0,-14,8,21.517434791350013,3.4451954826901775e-12,1.99390688560694e-10,21.52
1,0,-14,9,21.656407827707714,3.219333514989465e-13,1.8873342731625734e-11,21.66
1,0,-14,10,21.93171219946131,2.9884928241953416e-10,1.796831310547449e-08,21.93
1,0,-14,11,22.338307903688673,3.0038874846353336e-09,1.8736748185412887e-07,22.34
1,0,-14,12,22.869193252058537,1.1087618466414803e-08,7.248530572418673e-07,22.87
1,0,-14,13,23.515952032609693,2.3831077554535793e-08,1.6473232359572868e-06,23.52
1,0,-14,14,24.26932219902319,3.3559054489783e-08,2.4707853868102724e-06,24.27
1,0,-14,15,25.119713374160934,3.4329502001150877e-08,2.707739470340774e-06,25.12
1,0,-14,16,26.057628441590765,2.644287159743668e-08,2.244338726832438e-06,26.06
1,0,-14,17,27.073972741361764,1.6245723774830303e-08,1.4885144408688264e-06,27.07
1,0,-14,18,28.160255680657443,8.045663439932399e-09,7.975263884832988e-07,28.16
1,0,-14,19,29.308701779505686,3.395883490813389e-09,3.6463298982608756e-07,29.31
1,0,-14,20,30.51229260478471,1.2082958507001362e-09,1.406154296252283e-07,30.51
1,0,-14,21,31.764760348537177,3.9510001551288323e-10,4.983198945656238e-08,31.76
1,0,-14,22,33.060550509633075,1.1145640994011731e-10,1.5227732008068525e-08,33.06
1,0,-14,23,34.39476704383967,3.261468094232126e-11,4.822895944345754e-09,34.39
1,0,-13,-23,55.67764362830021,9.512731819517921e-13,3.6861835800631936e-10,55.68
1,0,-13,-22,54.06477596365307,7.833572509446573e-14,2.8621915556390403e-11,54.06
1,0,-13,-21,52.459508194415996,9.77313775574356e-14,3.3619593879757835e-11,52.46
1,0,-13,-20,50.86255990411807,6.940490396496007e-16,2.244381081966896e-13,50.86
1,0,-13,-19,49.274739979019664,1.101377245283648e-14,3.3426799394358696e-12,49.27
1,0,-13,-18,47.696960070847275,1.370808952298234e-19,3.898237958098102e-17,47.7
1,0,-13,-17,46.13025037868317,1.1355164898238086e-16,3.0204738629313294e-14,46.13
1,0,-13,-16,44.57577817604533,6.51203293342075e-16,1.6174261798383781e-13,44.58
1,0,-13,-15,43.03486958270002,4.5232142032674765e-15,1.0471240880564203e-12,43.03
1,0,-13,-14,41.50903516103451,1.2781034899563819e-15,2.7527153914935566e-13,41.51
1,0,-13,-13,39.99999999999999,4.36774483611715e-14,8.735489672234296e-12,40.0
1,0,-13,-12,38.50973902793941,1.2250863790996114e-14,2.2710038752559043e-12,38.51
1,0,-13,-11,37.04051835490427,5.032498250901863e-13,8.630734500296696e-11,37.04
1,0,-13,-10,35.59494346111537,1.0931790324552801e-12,1.7313222926510496e-10,35.59
1,0,-13,-9,34.17601498127012,8.440570704097601e-12,1.2323233227982495e-09,34.18
1,0,-13,-8,32.78719262151,3.026073767959474e-11,4.066286625695543e-09,32.79
1,0,-13,-7,31.432467291003423,1.4598374704175398e-10,1.8028992759656618e-08,31.43
1,0,-13,-6,30.116440692751194,5.266952842561741e-10,5.971407785254373e-08,30.12
1,0,-13,-5,28.844410203711917,1.8892475786098496e-09,1.964817481754244e-07,28.84
1,0,-13,-4,27.622454633866266,5.52732869240958e-09,5.271689740385636e-07,27.62
1,0,-13,-3,26.457513110645905,1.4249015801196319e-08,1.246788882604678e-06,26.46
1,0,-13,-2,25.357444666211936,2.954419973039554e-08,2.3746150533305423e-06,25.36
1,0,-13,-1,24.331050121192877,5.0056295373871733e-08,3.7041658576665075e-06,24.33
1,0,-13,0,23.388031127053,6.468107596519107e-08,4.42256856911994e-06,23.39
1,0,-13,1,22.53885533916929,6.276809477384888e-08,3.985774018139404e-06,22.54
1,0,-13,2,21.79449471770337,4.1646082555314947e-08,2.4727361517218254e-06,21.79
1,0,-13,3,21.166010488516726,1.750975899879131e-08,9.805465039323135e-07,21.17
1,0,-13,4,20.663978319771825,3.49365254680674e-09,1.8647370468580975e-07,20.66
1,0,-13,5,20.29778313018444,1.5496934155194682e-10,7.980921089925261e-09,20.3
1,0,-13,6,20.074859899884732,5.5642457232189505e-11,2.8029887830715466e-09,20.07
1,0,-13,7,19.999999999999996,9.639017784520845e-11,4.819508892260421e-09,20.0
1,0,-13,8,20.074859899884732,5.4325870930294145e-11,2.736665748113568e-09,20.07
1,0,-13,9,20.297783130184435,1.596809113667555e-10,8.223566935387904e-09,20.3
1,0,-13,10,20.66397831977182,3.529891669674379e-09,1.8840796786886992e-07,20.66
1,0,-13,11,21.16601048851672,1.762847924939093e-08,9.871948379658914e-07,21.17
1,0,-13,12,21.794494717703362,4.1897093432216085e-08,2.4876399225378285e-06,21.79
1,0,-13,13,22.538855339169285,6.316849910742454e-08,4.011199693321457e-06,22.54
1,0,-13,14,23.388031127052994,6.518318711082071e-08,4.456900418702364e-06,23.39
1,0,-13,15,24.331050121192874,5.057509088214478e-08,3.7425567252787124e-06,24.33
1,0,-13,16,25.35744466621193,2.998884806474356e-08,2.410353663203763e-06,25.36
1,0,-13,17,26.457513110645902,1.4575808489055976e-08,1.2753832427923975e-06,26.46
1,0,-13,18,27.622454633866262,5.731450547654847e-09,5.466370959825809e-07,27.62
1,0,-13,19,28.84441020371191,2.002555474069949e-09,2.0826576930327464e-07,28.84
1,0,-13,20,30.11644069275119,5.805193267976361e-10,6.581637867568197e-08,30.12
1,0,-13,21,31.43246729100342,1.7011536002225272e-10,2.1009246962748208e-08,31.43
1,0,-13,22,32.787192621509995,3.919416275959978e-11,5.2667156208212184e-09,32.79
1,0,-13,23,34.17601498127012,1.2050910643858679e-11,1.7594329540033667e-09,34.18
1,0,-12,-23,54.34151267677409,5.434186389113905e-13,2.0058940508816692e-10,54.34
1,0,-12,-22,52.7162214123888,5.674152977368159e-16,1.9710588905132635e-13,52.72
1,0,-12,-21,51.09794516416486,8.840985581853727e-14,2.885476669277509e-11,51.1
1,0,-12,-20,49.487372126634476,6.230651779039207e-15,1.9073582758583763e-12,49.49
1,0,-12,-19,47.88527957525151,1.1701412786002722e-14,3.3539174397880293e-12,47.89
1,0,-12,-18,46.29254799641082,1.2717481312712068e-16,3.406695306642744e-14,46.29
1,0,-12,-17,44.71017781221631,2.42552782974936e-16,6.060787664586212e-14,44.71
1,0,-12,-16,43.13930922024597,8.817327690877618e-15,2.0511308540904045e-12,43.14
1,0,-12,-15,41.58124577258358,1.1577778335102145e-14,2.5022473426739508e-12,41.58
1,0,-12,-14,40.037482438335196,6.055074571887225e-14,1.2132855673419021e-11,40.04
1,0,-12,-13,38.50973902793942,1.2250863790216912e-14,2.2710038751114607e-12,38.51
1,0,-12,-12,37.0,3.554765939372431e-13,6.083093213751072e-11,37.0
1,0,-12,-11,35.510561809129406,9.801048767234516e-14,1.5448903119353405e-11,35.51
1,0,-12,-10,34.044089061098404,3.5660181851101823e-12,5.166268845678376e-10,34.04
1,0,-12,-9,32.60368077380222,7.619529480979591e-12,1.0124449797851635e-09,32.6
1,0,-12,-8,31.192947920964443,5.5760730785415286e-11,6.781898881776134e-09,31.19
1,0,-12,-7,29.81610303175115,1.940336092618914e-10,2.1561984829227686e-08,29.82
1,0,-12,-6,28.478061731796288,8.894222509916261e-10,9.016518069427612e-08,28.48
1,0,-12,-5,27.184554438136377,3.0076534890602915e-09,2.778319910519445e-07,27.18
1,0,-12,-4,25.942243542145697,9.864822652727239e-09,8.298782056606792e-07,25.94
1,0,-12,-3,24.758836806279895,2.5564747488979133e-08,1.958898776343026e-06,24.76
1,0,-12,-2,23.64318083507378,5.6518319241717676e-08,3.949217557015023e-06,23.64
1,0,-12,-1,22.605309110914632,9.591276455224215e-08,6.126427835774467e-06,22.61
1,0,-12,0,21.656407827707717,1.2673904936590682e-07,7.430076769076289e-06,21.66
1,0,-12,1,20.808652046684816,1.1794797598864624e-07,6.38393420038548e-06,20.81
1,0,-12,2,20.074859899884732,7.48668524225047e-08,3.771417690783675e-06,20.07
1,0,-12,3,19.46792233393179,2.6616665612846868e-08,1.2609645334086208e-06,19.47
1,0,-12,4,19.000000000000004,4.0750382025169574e-09,1.8388609888857776e-07,19.0
1,0,-12,5,18.681541692269402,1.0073950324632278e-11,4.39476082912083e-10,18.68
1,0,-12,6,18.520259177452136,2.096665122202784e-11,8.989451711444438e-10,18.52
1,0,-12,7,18.520259177452136,1.931550927558711e-11,8.281524601907976e-10,18.52
1,0,-12,8,18.681541692269406,1.1482995698120265e-11,5.009456873304966e-10,18.68
1,0,-12,9,18.999999999999996,4.110313059027679e-09,1.8547787678862398e-07,19.0
1,0,-12,10,19.467922333931785,2.6736011724884975e-08,1.2666185554664256e-06,19.47
1,0,-12,11,20.07485989988473,7.512959204896273e-08,3.7846531994664963e-06,20.07
1,0,-12,12,20.80865204668481,1.1836813831624147e-07,6.406675486366568e-06,20.81
1,0,-12,13,21.656407827707714,1.2727215849372263e-07,7.461330291694488e-06,21.66
1,0,-12,14,22.60530911091463,9.645527179989398e-08,6.161080486218227e-06,22.61
1,0,-12,15,23.643180835073775,5.6982409116871556e-08,3.981645837041399e-06,23.64
1,0,-12,16,24.75883680627989,2.589540504386905e-08,1.9842354114864656e-06,24.76
1,0,-12,17,25.94224354214569,1.0071323105170307e-08,8.472500562224518e-07,25.94
1,0,-12,18,27.18455443813637,3.1163579034272007e-09,2.878735613290876e-07,27.18
1,0,-12,19,28.47806173179628,9.42803559300343e-10,9.557671082407224e-08,28.48
1,0,-12,20,29.816103031751144,2.1542342681454043e-10,2.39389283047658e-08,29.82
1,0,-12,21,31.19294792096444,6.505449151544522e-11,7.912252530566022e-09,31.19
1,0,-12,22,32.6036807738022,1.0319435487602395e-11,1.3711949904151675e-09,32.6
1,0,-12,23,34.0440890610984,4.889783462200001e-12,7.084073790862249e-10,34.04
1,0,-11,-23,53.0282943342514,6.136504080998214e-13,2.1569811844708714e-10,53.03
1,0,-11,-22,51.390660630118376,1.0447861212761741e-13,3.449100182862968e-11,51.39
1,0,-11,-21,49.75942121849891,1.4665542562132918e-13,4.5389854229801364e-11,49.76
1,0,-11,-20,48.13522618623496,3.561511657856941e-14,1.0315028139068164e-11,48.14
1,0,-11,-19,46.51881339845202,1.4643221178683437e-14,3.960991328833868e-12,46.52
1,0,-11,-18,44.91102314577123,2.1404235444314545e-17,5.3965428613978026e-15,44.91
1,0,-11,-17,43.31281565541543,1.2122643635822016e-14,2.8427599326002625e-12,43.31
1,0,-11,-16,41.725292090050125,4.204020721417159e-14,9.14900009498409e-12,41.73
1,0,-11,-15,40.149719799769464,1.2679187425099132e-13,2.5548562661574755e-11,40.15
1,0,-11,-14,38.58756276314947,1.355807925000667e-13,2.5234975004074907e-11,38.59
1,0,-11,-13,37.04051835490427,5.032498251015447e-13,8.630734500491494e-11,37.04
1,0,-11,-12,35.510561809129406,9.80104876742051e-14,1.544890311964658e-11,35.51
1,0,-11,-11,34.0,2.4681354526014558e-12,3.566455729009104e-10,34.0
1,0,-11,-10,32.51153641401772,6.786177962819187e-13,8.966237633374853e-11,32.51
1,0,-11,-9,31.04834939252005,2.325129784985684e-11,2.8017813909077497e-09,31.05
1,0,-11,-8,29.614185789921695,4.998134545661015e-11,5.479204995680888e-09,29.61
1,0,-11,-7,28.21347195933177,3.54535926843265e-10,3.527632472090487e-08,28.21
1,0,-11,-6,26.851443164195107,1.2073461415696947e-09,1.0881207100896876e-07,26.85
1,0,-11,-5,25.53429066960741,5.2450899009112715e-09,4.274748269242687e-07,25.53
1,0,-11,-4,24.269322199023193,1.635390573619552e-08,1.2040563098273952e-06,24.27
1,0,-11,-3,23.065125189341593,4.781448567443918e-08,3.179663297350206e-06,23.07
1,0,-11,-2,21.931712199461312,1.055544464990804e-07,6.346461095757211e-06,21.93
1,0,-11,-1,20.8806130178211,1.9028332493032757e-07,1.0370441208702854e-05,20.88
1,0,-11,0,19.924858845171276,2.455192036738012e-07,1.2183890482312386e-05,19.92
1,0,-11,1,19.078784028338916,2.2877993927364377e-07,1.0409487236950794e-05,19.08
1,0,-11,2,18.35755975068582,1.2854770905829217e-07,5.415072244080558e-06,18.36
1,0,-11,3,17.776388834631177,3.920765995208218e-08,1.5487025681072461e-06,17.78
1,0,-11,4,17.349351572897472,2.728750414754045e-09,1.0266923435512094e-07,17.35
1,0,-11,5,17.08800749063506,3.370854330768646e-10,1.2303618307305555e-08,17.09
1,0,-11,6,16.999999999999996,1.8437025986471967e-09,6.660375637612995e-08,17.0
1,0,-11,7,17.08800749063506,3.343044792042701e-10,1.2202113490955857e-08,17.09
1,0,-11,8,17.349351572897472,2.7451610808082894e-09,1.0328668566541189e-07,17.35
1,0,-11,9,17.776388834631174,3.930534363138722e-08,1.5525610734397946e-06,17.78
1,0,-11,10,18.35755975068582,1.287958569420722e-07,5.425525473684792e-06,18.36
1,0,-11,11,19.07878402833891,2.2921290030194812e-07,1.0429186963738634e-05,19.08
1,0,-11,12,19.924858845171272,2.4607395522435423e-07,1.2211420028008575e-05,19.92
1,0,-11,13,20.880613017821098,1.9085723436747055e-07,1.0401719273027143e-05,20.88
1,0,-11,14,21.931712199461305,1.0603217198501431e-07,6.3751843405989835e-06,21.93
1,0,-11,15,23.065125189341586,4.815608603190158e-08,3.202379721121454e-06,23.07
1,0,-11,16,24.269322199023193,1.655551462951181e-08,1.218899764597807e-06,24.27
1,0,-11,17,25.534290669607405,5.354413319490375e-09,4.363846855384654e-07,25.53
1,0,-11,18,26.8514431641951,1.2550167129527675e-09,1.1310838125486814e-07,26.85
1,0,-11,19,28.213471959331766,3.767686189116265e-10,3.748847758170683e-08,28.21
1,0,-11,20,29.61418578992169,5.685510037429809e-11,6.2327403785324275e-09,29.61
1,0,-11,21,31.048349392520045,2.6853305676477838e-11,3.235823334015579e-09,31.05
1,0,-11,22,32.51153641401771,1.1765474202025453e-12,1.5545132789426128e-10,32.51
1,0,-11,23,33.99999999999999,3.064204689693192e-12,4.4277757766066604e-10,34.0
1,0,-10,-23,51.73973328110611,1.2399683510104947e-12,4.149244094568867e-10,51.74
1,0,-10,-22,50.08991914547276,4.940188633918872e-13,1.5493666603128054e-10,50.09
1,0,-10,-21,48.44584605515729,3.2281278154904877e-13,9.470519978695215e-11,48.45
1,0,-10,-20,46.808118953873795,9.356520232396532e-14,2.562516978647599e-11,46.81
1,0,-10,-19,45.17742799230606,1.3218888140184555e-14,3.3724688367645825e-12,45.18
1,0,-10,-18,43.554563480765125,1.2794498088879793e-14,3.0338953593256197e-12,43.55
1,0,-10,-17,41.94043395102153,9.7383863972161e-14,2.1412277090878892e-11,41.94
1,0,-10,-16,40.336088060197405,3.0885884129076503e-13,6.281416684750931e-11,40.34
1,0,-10,-15,38.742741255621034,5.257828165445541e-13,9.865000095417197e-11,38.74
1,0,-10,-14,37.16180835212409,1.1570855857270912e-12,1.997418992361391e-10,37.16
1,0,-10,-13,35.59494346111537,1.0931790324606209e-12,1.731322292659508e-10,35.59
1,0,-10,-12,34.044089061098404,3.5660181851247044e-12,5.166268845699415e-10,34.04
1,0,-10,-11,32.51153641401771,6.786177962717779e-13,8.966237633240863e-11,32.51
1,0,-10,-10,31.0,1.58641275547424e-11,1.905678322513431e-09,31.0
1,0,-10,-9,29.512709126747414,4.459725252137415e-12,4.855525868264611e-10,29.51
1,0,-10,-8,28.05352027821107,1.4701488153517602e-10,1.4462588971022937e-08,28.05
1,0,-10,-7,26.627053911388696,3.249456628218179e-10,2.8798309367583616e-08,26.63
1,0,-10,-6,25.238858928247925,2.24285877174747e-09,1.785876297003923e-07,25.24
1,0,-10,-5,23.895606290697042,7.426573422905316e-09,5.30071678059867e-07,23.9
1,0,-10,-4,22.60530911091463,3.000719874923926e-08,1.9167098201076573e-06,22.61
1,0,-10,-3,21.37755832643195,8.343456717509756e-08,4.7661996498774475e-06,21.38
1,0,-10,-2,20.223748416156685,2.0857577761931927e-07,1.0663436630787698e-05,20.22
1,0,-10,-1,19.157244060668017,3.6892829674874967e-07,1.6924585613348893e-05,19.16
1,0,-10,0,18.193405398660254,5.007580569035424e-07,2.071886460438407e-05,18.19
1,0,-10,1,17.349351572897472,4.3239013394342855e-07,1.62686787896215e-05,17.35
1,0,-10,2,16.64331697709324,2.3503353583592784e-07,8.138036178319002e-06,16.64
1,0,-10,3,16.093476939431078,4.982360284806591e-08,1.6130391422061333e-06,16.09
1,0,-10,4,15.71623364550171,1.7848418345562042e-09,5.51069916419228e-08,15.72
1,0,-10,5,15.52417469626002,3.2512009932068794e-10,9.794242992035721e-09,15.52
1,0,-10,6,15.52417469626002,3.1893821500115107e-10,9.608013726909673e-09,15.52
1,0,-10,7,15.716233645501708,1.8011974419486302e-09,5.561197102016394e-08,15.72
1,0,-10,8,16.093476939431078,4.992791914236046e-08,1.6164163822339192e-06,16.09
1,0,-10,9,16.643316977093235,2.3531535605986935e-07,8.147794203572973e-06,16.64
1,0,-10,10,17.349351572897472,4.3286280214160054e-07,1.628646293057772e-05,17.35
1,0,-10,11,18.19340539866025,5.013708132449402e-07,2.0744217398009398e-05,18.19
1,0,-10,12,19.157244060668013,3.6953886997957326e-07,1.6952595660312917e-05,19.16
1,0,-10,13,20.22374841615668,2.0908632069374954e-07,1.0689538145467943e-05,20.22
1,0,-10,14,21.377558326431945,8.377735355270344e-08,4.785781321698182e-06,21.38
1,0,-10,15,22.605309110914625,3.021501397447371e-08,1.9299840176195073e-06,22.61
1,0,-10,16,23.89560629069704,7.525972743686145e-09,5.371663045805985e-07,23.9
1,0,-10,17,25.23885892824792,2.292717764233289e-09,1.8255765197707558e-07,25.24
1,0,-10,18,26.62705391138869,3.414415112633836e-10,3.026025393571736e-08,26.63
1,0,-10,19,28.05352027821107,1.5611109419229384e-10,1.53574288911669e-08,28.05
1,0,-10,20,29.51270912674741,5.750200466149996e-12,6.260530757520808e-10,29.51
1,0,-10,21,30.999999999999996,1.7582043524793413e-11,2.1120429784158082e-09,31.0
1,0,-10,22,32.51153641401771,4.586290832633308e-13,6.059636762616756e-11,32.51
1,0,-10,23,34.0440890610984,3.943437808373015e-12,5.713055524880403e-10,34.04
1,0,-9,-23,50.47771785649584,3.1229687058258892e-12,9.946655328055454e-10,50.48
1,0,-9,-22,48.81598098983569,1.4934696128018077e-12,4.448672609133383e-10,48.82
1,0,-9,-21,47.15930449020638,6.992522259487113e-13,1.943921188137417e-10,47.16
1,0,-9,-20,45.508241011931005,1.6005025440951443e-13,4.143300961026303e-11,45.51
1,0,-9,-19,43.86342439892262,4.06342099443243e-18,9.772527491609994e-16,43.86
1,0,-9,-18,42.22558466143482,1.6387119176036516e-13,3.652279186359138e-11,42.23
1,0,-9,-17,40.59556626036888,6.874422814688293e-13,1.4161310998257884e-10,40.6
1,0,-9,-16,38.974350539810146,1.5221509688527773e-12,2.89018415210921e-10,38.97
1,0,-9,-15,37.36308338453881,3.054118674116332e-12,5.329437086333e-10,37.36
1,0,-9,-14,35.76310948449533,4.365499448582651e-12,6.979342243421513e-10,35.76
1,0,-9,-13,34.17601498127012,8.440570704077526e-12,1.2323233227953186e-09,34.18
1,0,-9,-12,32.60368077380221,7.61952948097209e-12,1.0124449797841664e-09,32.6
1,0,-9,-11,31.048349392520045,2.325129784993267e-11,2.8017813909168863e-09,31.05
1,0,-9,-10,29.512709126747414,4.4597252521404895e-12,4.855525868267959e-10,29.51
1,0,-9,-9,28.0,9.861578047578302e-11,9.664346486626735e-09,28.0
1,0,-9,-8,26.514147167125703,2.930903234673047e-11,2.5755312174689396e-09,26.51
1,0,-9,-7,25.059928172283335,9.332598910923698e-10,7.326090145075103e-08,25.06
1,0,-9,-6,23.643180835073778,2.1547803960761215e-09,1.5056528017581898e-07,23.64
1,0,-9,-5,22.271057451320086,1.4296608624174505e-08,8.863897346988193e-07,22.27
1,0,-9,-4,20.952326839756964,4.498533966819649e-08,2.468570514292283e-06,20.95
1,0,-9,-3,19.697715603592208,1.6341007338083772e-07,7.925388558970628e-06,19.7
1,0,-9,-2,18.520259177452136,3.840114954502322e-07,1.6464492867428707e-05,18.52
1,0,-9,-1,17.435595774162692,7.701980255701666e-07,2.9267524971666323e-05,17.44
1,0,-9,0,16.46207763315433,9.854603633938632e-07,3.338246980996712e-05,16.46
1,0,-9,1,15.620499351813306,8.694787879282423e-07,2.651910303181138e-05,15.62
1,0,-9,2,14.933184523068077,3.725493369159426e-07,1.0384812766531897e-05,14.93
1,0,-9,3,14.422205101855955,6.415278369471766e-08,1.6679723760626585e-06,14.42
1,0,-9,4,14.106735979665881,3.6553549530383574e-09,9.09269544568291e-08,14.11
1,0,-9,5,13.999999999999998,2.0498984676345487e-08,5.022251245704643e-07,14.0
1,0,-9,6,14.106735979665881,3.6480993248943666e-09,9.074647070674733e-08,14.11
1,0,-9,7,14.422205101855955,6.421443460538224e-08,1.6695752997399376e-06,14.42
1,0,-9,8,14.933184523068078,3.727759687586752e-07,1.039113012914807e-05,14.93
1,0,-9,9,15.620499351813306,8.699468910724678e-07,2.6533380177710258e-05,15.62
1,0,-9,10,16.462077633154326,9.860855689999918e-07,3.340364864987472e-05,16.46
1,0,-9,11,17.435595774162692,7.708521856935385e-07,2.929238305635446e-05,17.44
1,0,-9,12,18.520259177452132,3.845304380680888e-07,1.6486742532169304e-05,18.52
1,0,-9,13,19.697715603592208,1.6377180577355782e-07,7.942932580017553e-06,19.7
1,0,-9,14,20.95232683975696,4.517830152571739e-08,2.479159296223741e-06,20.95
1,0,-9,15,22.271057451320083,1.440176519299573e-08,8.929094419657349e-07,22.27
1,0,-9,16,23.643180835073775,2.1923277667547287e-09,1.5318890270198663e-07,23.64
1,0,-9,17,25.059928172283332,9.548048058476023e-10,7.495217725903676e-08,25.06
1,0,-9,18,26.5141471671257,3.252829868045045e-11,2.8584242465445827e-09,26.51
1,0,-9,19,27.999999999999996,1.0317322060700539e-10,1.0110975619486525e-08,28.0
1,0,-9,20,29.51270912674741,3.77550169411489e-12,4.110577469467586e-10,29.51
1,0,-9,21,31.048349392520045,2.4416545013384426e-11,2.942193674112823e-09,31.05
1,0,-9,22,32.6036807738022,7.181532300478704e-12,9.542461044261073e-10,32.6
1,0,-9,23,34.17601498127012,8.745550957798396e-12,1.2768504398385657e-09,34.18
1,0,-8,-23,49.244289008980516,7.623274824643113e-12,2.3108051812199428e-09,49.24
1,0,-8,-22,47.57099956906517,3.5255794984515e-12,9.972983006244673e-10,47.57
1,0,-8,-21,45.902069670114,1.2564863947677936e-12,3.3092710422196766e-10,45.9
1,0,-8,-20,44.23799272118932,1.3146986039083337e-13,3.21608145981076e-11,44.24
1,0,-8,-19,42.579337712087536,1.320571497423202e-13,2.9927451560353313e-11,42.58
1,0,-8,-18,40.92676385936225,1.2504708564809394e-12,2.6181733557569666e-10,40.93
1,0,-8,-17,39.281038682804706,3.545884032990439e-12,6.839123828630307e-10,39.28
1,0,-8,-16,37.64306044943742,7.569872490534988e-12,1.3408136648860095e-09,37.64
1,0,-8,-15,36.013886210738214,1.2898448120720851e-11,2.091160901571868e-09,36.01
1,0,-8,-14,34.39476704383967,2.255075491624651e-11,3.3346928832399517e-09,34.39
1,0,-8,-13,32.78719262151,3.026073767961833e-11,4.0662866256987135e-09,32.79
1,0,-8,-12,31.192947920964443,5.576073078535869e-11,6.78189888176925e-09,31.19
1,0,-8,-11,29.61418578992169,4.998134545654403e-11,5.479204995673638e-09,29.61
1,0,-8,-10,28.053520278211074,1.4701488153520794e-10,1.4462588971026082e-08,28.05
1,0,-8,-9,26.514147167125703,2.93090323467214e-11,2.5755312174681426e-09,26.51
1,0,-8,-8,25.0,6.136964798706822e-10,4.794503748989705e-08,25.0
1,0,-8,-7,23.515952032609693,2.007264258842163e-10,1.3875214189246452e-08,23.52
1,0,-8,-6,22.06807649071391,6.102173288738428e-09,3.7146979895195173e-07,22.07
1,0,-8,-5,20.66397831977183,1.4777670192742623e-08,7.887581465376378e-07,20.66
1,0,-8,-4,19.313207915827967,9.161202238953853e-08,4.271410543912234e-06,19.31
1,0,-8,-3,18.027756377319946,2.6289149639612795e-07,1.0679967041092698e-05,18.03
1,0,-8,-2,16.822603841260722,8.158982946922642e-07,2.8862402174738847e-05,16.82
1,0,-8,-1,15.71623364550171,1.4890872368656958e-06,4.597556843822835e-05,15.72
1,0,-8,0,14.730919862656233,2.167510463380997e-06,5.879372131920952e-05,14.73
1,0,-8,1,13.892443989449802,1.656329026363032e-06,3.9958937761008135e-05,13.89
1,0,-8,2,13.228756555322953,6.807369529798906e-07,1.4891120846435106e-05,13.23
1,0,-8,3,12.767145334803702,4.441939611529842e-08,9.05045195849205e-07,12.77
1,0,-8,4,12.529964086141666,8.344099798240575e-10,1.6375295854047122e-08,12.53
1,0,-8,5,12.529964086141666,8.432351920583225e-10,1.6548490644144572e-08,12.53
1,0,-8,6,12.767145334803704,4.448897211299745e-08,9.064628068023229e-07,12.77
1,0,-8,7,13.228756555322951,6.81048667997646e-07,1.48979396124485e-05,13.23
1,0,-8,8,13.892443989449804,1.6568985506754736e-06,3.99726775350458e-05,13.89
1,0,-8,9,14.730919862656233,2.1682703574241187e-06,5.88143334451292e-05,14.73
1,0,-8,10,15.71623364550171,1.4898055818576962e-06,4.599774733985636e-05,15.72
1,0,-8,11,16.82260384126072,8.164847997332252e-07,2.888314979056283e-05,16.82
1,0,-8,12,18.027756377319943,2.632443367982943e-07,1.06943011824307e-05,18.03
1,0,-8,13,19.313207915827963,9.182326436605342e-08,4.281259701067239e-06,19.31
1,0,-8,14,20.66397831977182,1.485982508617624e-08,7.931431639746566e-07,20.66
1,0,-8,15,22.068076490713906,6.150853121653039e-09,3.7443318378062864e-07,22.07
1,0,-8,16,23.515952032609693,2.085244315091048e-10,1.441425132806687e-08,23.52
1,0,-8,17,24.999999999999996,6.249991460137221e-10,4.882805828232202e-08,25.0
1,0,-8,18,26.5141471671257,2.7394960834931556e-11,2.4073321833696096e-09,26.51
1,0,-8,19,28.05352027821107,1.5031370943969487e-10,1.4787111166129979e-08,28.05
1,0,-8,20,29.61418578992169,4.862044406679105e-11,5.330016180821968e-09,29.61
1,0,-8,21,31.19294792096444,5.6754478172497664e-11,6.9027634077300265e-09,31.19
1,0,-8,22,32.787192621509995,2.978564134368037e-11,4.002445555557049e-09,32.79
1,0,-8,23,34.39476704383967,2.2810516482002845e-11,3.3731051247761693e-09,34.39
1,0,-7,-23,48.041648597857254,1.6041244225040704e-11,4.627898958924243e-09,48.04
1,0,-7,-22,46.35730794599703,6.554633892097488e-12,1.7607385292646868e-09,46.36
1,0,-7,-21,44.67661580737735,1.5870192665508125e-12,3.9596130700442775e-10,44.68
1,0,-7,-20,43.0,7.768472278811253e-19,1.795488155440251e-16,43.0
1,0,-7,-19,41.32795663954364,1.5817984408601673e-12,3.377139671236456e-10,41.33
1,0,-7,-18,39.66106403010388,6.570484318337112e-12,1.2919214790930343e-09,39.66
1,0,-7,-17,38.0,1.6000468491097946e-11,2.888084562643179e-09,38.0
1,0,-7,-16,36.345563690772494,3.08078212256029e-11,5.087141479877678e-09,36.35
1,0,-7,-15,34.698703145794944,5.5234280930190165e-11,8.31275927999362e-09,34.7
1,0,-7,-14,33.06055050963308,8.695669378680617e-11,1.1880458288622395e-08,33.06
1,0,-7,-13,31.432467291003423,1.4598374704166805e-10,1.8028992759646007e-08,31.43
1,0,-7,-12,29.816103031751148,1.940336092618593e-10,2.1561984829224116e-08,29.82
1,0,-7,-11,28.21347195933177,3.5453592684312414e-10,3.527632472089085e-08,28.21
1,0,-7,-10,26.627053911388696,3.249456628217696e-10,2.8798309367579334e-08,26.63
1,0,-7,-9,25.059928172283335,9.332598910923276e-10,7.326090145074772e-08,25.06
1,0,-7,-8,23.515952032609693,2.0072642588425968e-10,1.387521418924945e-08,23.52
1,0,-7,-7,22.0,3.934516125546806e-09,2.380382255955818e-07,22.0
1,0,-7,-6,20.518284528683193,1.4659858899476582e-09,7.714750745849553e-08,20.52
1,0,-7,-5,19.078784028338912,4.172303709709451e-08,1.8983981879178002e-06,19.08
1,0,-7,-4,17.69180601295413,1.0426758883411419e-07,4.079469413134717e-06,17.69
1,0,-7,-3,16.370705543744897,5.769519207884719e-07,1.93278893464138e-05,16.37
1,0,-7,-2,15.132745950421555,1.4135903380121272e-06,4.046402342559713e-05,15.13
1,0,-7,-1,13.999999999999998,3.4636270469498757e-06,8.485886265027193e-05,14.0
1,0,-7,0,12.999999999999998,4.187841383363162e-06,8.846814922354676e-05,13.0
1,0,-7,1,12.165525060596437,3.6141401883806095e-06,6.686159348504124e-05,12.17
1,0,-7,2,11.532562594670797,9.09221835738945e-07,1.5115813019159964e-05,11.53
1,0,-7,3,11.135528725660043,7.419727901633198e-11,1.1500578247531455e-09,11.14
1,0,-7,4,11.0,3.822402991305666e-07,5.78138452434982e-06,11.0
1,0,-7,5,11.135528725660043,7.496056189257476e-11,1.1618887093349086e-09,11.14
1,0,-7,6,11.532562594670795,9.093899442022647e-07,1.5118607822362647e-05,11.53
1,0,-7,7,12.165525060596439,3.614638966471628e-06,6.68708208797251e-05,12.17
1,0,-7,8,12.999999999999998,4.188544799112715e-06,8.848300888125607e-05,13.0
1,0,-7,9,13.999999999999998,3.4644011953871394e-06,8.487782928698489e-05,14.0
1,0,-7,10,15.132745950421555,1.4141534454686482e-06,4.0480142376540054e-05,15.13
1,0,-7,11,16.370705543744897,5.773402495669986e-07,1.9340898360494445e-05,16.37
1,0,-7,12,17.691806012954128,1.0443706238000882e-07,4.086100065617843e-06,17.69
1,0,-7,13,19.07878402833891,4.182778092298912e-08,1.9031640319960041e-06,19.08
1,0,-7,14,20.518284528683186,1.484284598762482e-09,7.811047700987557e-08,20.52
1,0,-7,15,21.999999999999996,3.960994912991901e-09,2.3964019223600996e-07,22.0
1,0,-7,16,23.515952032609693,1.957345059791571e-10,1.3530147725809235e-08,23.52
1,0,-7,17,25.059928172283332,9.41947817365206e-10,7.394290366316865e-08,25.06
1,0,-7,18,26.62705391138869,3.2106239453697706e-10,2.8454154715839578e-08,26.63
1,0,-7,19,28.213471959331766,3.574940980867873e-10,3.557066275963533e-08,28.21
1,0,-7,20,29.816103031751144,1.925234871606304e-10,2.139417251072505e-08,29.82
1,0,-7,21,31.43246729100342,1.4685605266126816e-10,1.8136722503666615e-08,31.43
1,0,-7,22,33.060550509633075,8.652803206404801e-11,1.1821892380750558e-08,33.06
1,0,-7,23,34.69870314579494,5.5445752086467306e-11,8.344585689013326e-09,34.7
1,0,-6,-23,46.872166581031856,2.7538061656383353e-11,7.562640182384276e-09,46.87
1,0,-6,-22,45.177427992306065,9.158788700627682e-12,2.336635967247637e-09,45.18
1,0,-6,-21,43.485629810317796,9.878150136916299e-13,2.3349477386135896e-10,43.49
1,0,-6,-20,41.79712908801273,9.871129783606342e-13,2.155607966495035e-10,41.8
1,0,-6,-19,40.11234224026316,9.165890145892381e-12,1.8434896555926055e-09,40.11
1,0,-6,-18,38.43175770115127,2.7513316757141465e-11,5.079646106287243e-09,38.43
1,0,-6,-17,36.75595189897821,5.967109298452515e-11,1.0076955827761684e-08,36.76
1,0,-6,-16,35.08560958569767,1.1399848926862196e-10,1.7541517536209205e-08,35.09
1,0,-6,-15,33.421549934136806,1.9741805146891152e-10,2.756449543634677e-08,33.42
1,0,-6,-14,31.764760348537177,3.383201845868154e-10,4.267063328101208e-08,31.76
1,0,-6,-13,30.116440692751194,5.266952842563041e-10,5.971407785255848e-08,30.12
1,0,-6,-12,28.478061731796284,8.894222509915618e-10,9.016518069426958e-08,28.48
1,0,-6,-11,26.851443164195103,1.2073461415693144e-09,1.0881207100893447e-07,26.85
1,0,-6,-10,25.238858928247925,2.2428587717472933e-09,1.7858762970037823e-07,25.24
1,0,-6,-9,23.643180835073778,2.15478039607632e-09,1.5056528017583285e-07,23.64
1,0,-6,-8,22.06807649071391,6.1021732887389845e-09,3.7146979895198566e-07,22.07
1,0,-6,-7,20.51828452868319,1.4659858899479793e-09,7.71475074585124e-08,20.52
1,0,-6,-6,19.0,2.68495451314205e-08,1.21158572405535e-06,19.0
1,0,-6,-5,17.52141546793523,1.165279463624473e-08,4.471759941658915e-07,17.52
1,0,-6,-4,16.093476939431078,3.020317690612191e-07,9.778278523356964e-06,16.09
1,0,-6,-3,14.730919862656235,7.457344107549892e-07,2.022804589172908e-05,14.73
1,0,-6,-2,13.45362404707371,3.438496367698484e-06,7.77959803191782e-05,13.45
1,0,-6,-1,12.288205727444508,6.4937925301907164e-06,0.00012257033400734976,12.29
1,0,-6,0,11.269427669584644,1.1033594217504479e-05,0.0001751583082028836,11.27
1,0,-6,1,10.440306508910549,6.083916564689165e-06,8.289336319388986e-05,10.44
1,0,-6,2,9.848857801796106,2.0108751740884044e-06,2.4381861485821908e-05,9.85
1,0,-6,3,9.539392014169456,2.7318045429080413e-08,3.107427667557897e-07,9.54
1,0,-6,4,9.539392014169456,2.736094977090749e-08,3.112308036440727e-07,9.54
1,0,-6,5,9.848857801796104,2.0112617883912534e-06,2.4386549184243945e-05,9.85
1,0,-6,6,10.440306508910549,6.084648703193022e-06,8.290333858100491e-05,10.44
1,0,-6,7,11.269427669584644,1.1034684085313839e-05,0.00017517560985435716,11.27
1,0,-6,8,12.288205727444506,6.4947127970071206e-06,0.00012258770404350937,12.29
1,0,-6,9,13.453624047073708,3.439219341137263e-06,7.781233759323056e-05,13.45
1,0,-6,10,14.730919862656233,7.460873213330279e-07,2.0237618591158375e-05,14.73
1,0,-6,11,16.093476939431078,3.022587663008438e-07,9.785627558989814e-06,16.09
1,0,-6,12,17.521415467935228,1.1696082224830308e-08,4.488371553778628e-07,17.52
1,0,-6,13,18.999999999999996,2.6910531684276038e-08,1.2143377422529559e-06,19.0
1,0,-6,14,20.518284528683186,1.4533824974203274e-09,7.648425392674469e-08,20.52
1,0,-6,15,22.068076490713906,6.1239924773380976e-09,3.727980420579566e-07,22.07
1,0,-6,16,23.643180835073775,2.1443459536897767e-09,1.4983617351407312e-07,23.64
1,0,-6,17,25.23885892824792,2.2510610428768886e-09,1.792407355390722e-07,25.24
1,0,-6,18,26.8514431641951,1.2029395259514792e-09,1.0841492477637703e-07,26.85
1,0,-6,19,28.47806173179628,8.920783549535348e-10,9.043444323341456e-08,28.48
1,0,-6,20,30.11644069275119,5.253241028611742e-10,5.955862016188561e-08,30.12
1,0,-6,21,31.764760348537177,3.3903080499921845e-10,4.276026028052641e-08,31.76
1,0,-6,22,33.4215499341368,1.9708002548076064e-10,2.7517298557751194e-08,33.42
1,0,-6,23,35.08560958569766,1.1415358338530668e-10,1.756538264341406e-08,35.09
1,0,-5,-23,45.73838650411708,3.71085034135754e-11,9.703873642649965e-09,45.74
1,0,-5,-22,44.03407771260799,8.654909015572407e-12,2.097733572649362e-09,44.03
1,0,-5,-21,42.33202097703345,1.4956656269093868e-19,3.3502910042770265e-17,42.33
1,0,-5,-20,40.63249930782008,8.660259499599504e-12,1.7872610542298472e-09,40.63
1,0,-5,-19,38.93584466786357,3.709200235987031e-11,7.0289344471954245e-09,38.94
1,0,-5,-18,37.242448899072144,9.288936762760503e-11,1.6104694112436023e-08,37.24
1,0,-5,-17,35.552777669262355,1.9209385278623412e-10,3.0350828740224994e-08,35.55
1,0,-5,-16,33.8673884437522,3.584060244547839e-10,5.138646375620464e-08,33.87
1,0,-5,-15,32.18695387886216,6.434446887017293e-10,8.332608718687394e-08,32.19
1,0,-5,-14,30.51229260478471,1.0943244767262296e-09,1.2735201097901495e-07,30.51
1,0,-5,-13,28.844410203711913,1.889247578609252e-09,1.9648174817536217e-07,28.84
1,0,-5,-12,27.184554438136374,3.0076534890607493e-09,2.778319910519867e-07,27.18
1,0,-5,-11,25.534290669607408,5.245089900912271e-09,4.2747482692435e-07,25.53
1,0,-5,-10,23.895606290697042,7.426573422905998e-09,5.300716780599157e-07,23.9
1,0,-5,-9,22.271057451320086,1.429660862417596e-08,8.863897346989094e-07,22.27
1,0,-5,-8,20.66397831977182,1.4777670192743021e-08,7.887581465376586e-07,20.66
1,0,-5,-7,19.07878402833891,4.172303709709488e-08,1.8983981879178163e-06,19.08
1,0,-5,-6,17.521415467935228,1.1652794636245795e-08,4.471759941659321e-07,17.52
1,0,-5,-5,15.999999999999996,2.0095439244237877e-07,6.430540558156118e-06,16.0
1,0,-5,-4,14.525839046333946,9.842837174654484e-08,2.596048304815119e-06,14.53
1,0,-5,-3,13.114877048603999,2.296241613039975e-06,4.936919468035945e-05,13.11
1,0,-5,-2,11.789826122551593,5.115653913975338e-06,8.888448675532146e-05,11.79
1,0,-5,-1,10.583005244258361,1.753578411256519e-05,0.0002455009775759126,10.58
1,0,-5,0,9.539392014169456,2.076201889564543e-05,0.00023616796493796676,9.54
1,0,-5,1,8.717797887081346,1.772779058715726e-05,0.00016841401057799394,8.72
1,0,-5,2,8.18535277187245,4.2501790291526746e-09,3.5595249369153646e-08,8.19
1,0,-5,3,7.999999999999999,2.250953035203097e-06,1.8007624281624773e-05,8.0
1,0,-5,4,8.185352771872449,4.25412424342062e-09,3.562829053864767e-08,8.19
1,0,-5,5,8.717797887081346,1.7728292280213636e-05,0.00016841877666202952,8.72
1,0,-5,6,9.539392014169454,2.076281089273973e-05,0.0002361769739049143,9.54
1,0,-5,7,10.583005244258361,1.7536713404812363e-05,0.000245513987667373,10.58
1,0,-5,8,11.789826122551595,5.1162433341253474e-06,8.88947279304279e-05,11.79
1,0,-5,9,13.114877048603999,2.296676697872807e-06,4.9378549004265335e-05,13.11
1,0,-5,10,14.525839046333948,9.852233117088171e-08,2.5985264846320044e-06,14.53
1,0,-5,11,15.999999999999996,2.0108744487710754e-07,6.434798236067439e-06,16.0
1,0,-5,12,17.521415467935228,1.162258775413241e-08,4.4601680506483097e-07,17.52
1,0,-5,13,19.07878402833891,4.177446467551493e-08,1.9007381427359286e-06,19.08
1,0,-5,14,20.66397831977182,1.4751474851375122e-08,7.873599701921469e-07,20.66
1,0,-5,15,22.271057451320083,1.4317659280894777e-08,8.876948754154757e-07,22.27
1,0,-5,16,23.89560629069704,7.4147719405864206e-09,5.292293472593557e-07,23.9
1,0,-5,17,25.534290669607405,5.2524646057161205e-09,4.280758653658637e-07,25.53
1,0,-5,18,27.18455443813637,3.0036890832894566e-09,2.7746577906886346e-07,27.18
1,0,-5,19,28.84441020371191,1.891388113122879e-09,1.9670436376477936e-07,28.84
1,0,-5,20,30.51229260478471,1.0932584573066002e-09,1.2722795296905558e-07,30.51
1,0,-5,21,32.186953878862155,6.439616984986542e-10,8.339303995557569e-08,32.19
1,0,-5,22,33.86738844375219,3.5816932055633535e-10,5.135252633476455e-08,33.87
1,0,-5,23,35.55277766926235,1.9219785353209932e-10,3.036726085807168e-08,35.55
1,0,-4,-23,44.64302857109942,3.7383139340502663e-11,9.313074588202723e-09,44.64
1,0,-4,-22,42.93017586733136,3.937441441177477e-12,9.07088072011261e-10,42.93
1,0,-4,-21,41.21892769104989,3.9380571351480434e-12,8.363448840770656e-10,41.22
1,0,-4,-20,39.50949253027682,3.737683947371137e-11,7.293155802307931e-09,39.51
1,0,-4,-19,37.80211634287159,1.1476945176566785e-10,2.0500693321642412e-08,37.8
1,0,-4,-18,36.097091295560084,2.6126951397752316e-10,4.255427208908907e-08,36.1
1,0,-4,-17,34.39476704383967,5.217110895947146e-10,7.714802737381839e-08,34.39
1,0,-4,-16,32.69556544854363,9.834639751974803e-10,1.3141537368576335e-07,32.7
1,0,-4,-15,30.999999999999996,1.7760332952285686e-09,2.1334599958933176e-07,31.0
1,0,-4,-14,29.30870177950569,3.190362701236004e-09,3.4256519504521596e-07,29.31
1,0,-4,-13,27.622454633866266,5.527328692409319e-09,5.271689740385387e-07,27.62
1,0,-4,-12,25.942243542145693,9.864822652727105e-09,8.298782056606676e-07,25.94
1,0,-4,-11,24.26932219902319,1.6353905736195687e-08,1.204056309827407e-06,24.27
1,0,-4,-10,22.60530911091463,3.00071987492385e-08,1.916709820107609e-06,22.61
1,0,-4,-9,20.95232683975696,4.49853396681956e-08,2.468570514292233e-06,20.95
1,0,-4,-8,19.313207915827963,9.161202238953829e-08,4.2714105439122216e-06,19.31
1,0,-4,-7,17.691806012954128,1.0426758883411549e-07,4.079469413134766e-06,17.69
1,0,-4,-6,16.093476939431078,3.020317690612103e-07,9.778278523356678e-06,16.09
1,0,-4,-5,14.525839046333948,9.842837174654287e-08,2.5960483048150677e-06,14.53
1,0,-4,-4,12.999999999999998,1.724709277465985e-06,3.643448348646892e-05,13.0
1,0,-4,-3,11.532562594670795,8.776822463135244e-07,1.459146734496234e-05,11.53
1,0,-4,-2,10.14889156509222,1.839379736712994e-05,0.00023682014110179797,10.15
1,0,-4,-1,8.888194417315589,3.167248539417926e-05,0.0003127657932675202,8.89
1,0,-4,0,7.810249675906654,6.408417036110282e-05,0.000488641799003409,7.81
1,0,-4,1,6.999999999999999,3.054148255950256e-05,0.00018706658067695314,7.0
1,0,-4,2,6.557438524302001,1.2887044578547626e-05,6.92678646096935e-05,6.56
1,0,-4,3,6.557438524302,1.2887830821344338e-05,6.92720906647258e-05,6.56
1,0,-4,4,6.999999999999999,3.054272114447722e-05,0.00018707416700992295,7.0
1,0,-4,5,7.810249675906653,6.408603626560248e-05,0.0004886560265252187,7.81
1,0,-4,6,8.888194417315587,3.167385660943731e-05,0.00031277933401819327,8.89
1,0,-4,7,10.148891565092217,1.8394882137383475e-05,0.00023683410751881213,10.15
1,0,-4,8,11.532562594670795,8.77923943450358e-07,1.4595485559862198e-05,11.53
1,0,-4,9,12.999999999999998,1.7250459354709904e-06,3.644159538682466e-05,13.0
1,0,-4,10,14.525839046333948,9.835102509102785e-08,2.594008286775859e-06,14.53
1,0,-4,11,16.093476939431078,3.021574132238209e-07,9.782346253121199e-06,16.09
1,0,-4,12,17.691806012954128,1.0420186278608351e-07,4.076897881505515e-06,17.69
1,0,-4,13,19.313207915827963,9.166462904294925e-08,4.273863329127507e-06,19.31
1,0,-4,14,20.95232683975696,4.4955226001711344e-08,2.4669180268439095e-06,20.95
1,0,-4,15,22.605309110914625,3.0026432200085414e-08,1.917938356780455e-06,22.61
1,0,-4,16,24.269322199023193,1.6343287764397434e-08,1.2032745616537611e-06,24.27
1,0,-4,17,25.94224354214569,9.870733009074544e-09,8.303754143883957e-07,25.94
1,0,-4,18,27.622454633866262,5.524288040084345e-09,5.268789718230443e-07,27.62
1,0,-4,19,29.308701779505686,3.1918909817848937e-09,3.427292941691529e-07,29.31
1,0,-4,20,30.999999999999996,1.7753055513622025e-09,2.132585793573845e-07,31.0
1,0,-4,21,32.695565448543626,9.837988329626686e-10,1.3146011905463656e-07,32.7
1,0,-4,22,34.39476704383967,5.215647304899126e-10,7.71263845211958e-08,34.39
1,0,-4,23,36.097091295560084,2.613297857502649e-10,4.256408885407438e-08,36.1
1,0,-3,-23,43.58898943540673,2.536431501099529e-11,6.02402481511138e-09,43.59
1,0,-3,-22,41.86884283091664,2.895510131938875e-20,6.344786576611059e-18,41.87
1,0,-3,-21,40.149719799769464,2.5360289217467146e-11,5.1100982773196306e-09,40.15
1,0,-3,-20,38.43175770115127,1.1031637775556079e-10,2.036716124312041e-08,38.43
1,0,-3,-19,36.71511950137164,2.850714159161102e-10,4.803453358186457e-08,36.72
1,0,-3,-18,35.0,6.107514812299417e-10,9.352132056333483e-08,35.0
1,0,-3,-17,33.28663395418647,1.2062791301665757e-09,1.6706965952807068e-07,33.29
1,0,-3,-16,31.575306807693885,2.2773526543433577e-09,2.8381507454754087e-07,31.58
1,0,-3,-15,29.866369046136157,4.2371568950031555e-09,4.724429937928518e-07,29.87
1,0,-3,-14,28.160255680657443,7.725969671221144e-09,7.658367436597956e-07,28.16
1,0,-3,-13,26.457513110645902,1.4249015801196215e-08,1.2467888826046684e-06,26.46
1,0,-3,-12,24.75883680627989,2.5564747488977575e-08,1.9588987763429063e-06,24.76
1,0,-3,-11,23.06512518934159,4.781448567444005e-08,3.179663297350263e-06,23.07
1,0,-3,-10,21.37755832643195,8.343456717509697e-08,4.766199649877414e-06,21.38
1,0,-3,-9,19.697715603592208,1.634100733808382e-07,7.925388558970651e-06,19.7
1,0,-3,-8,18.027756377319943,2.6289149639611884e-07,1.0679967041092322e-05,18.03
1,0,-3,-7,16.370705543744897,5.769519207884678e-07,1.9327889346413665e-05,16.37
1,0,-3,-6,14.730919862656233,7.45734410754986e-07,2.022804589172899e-05,14.73
1,0,-3,-5,13.114877048603999,2.2962416130399675e-06,4.9369194680359284e-05,13.11
1,0,-3,-4,11.532562594670797,8.776822463135323e-07,1.4591467344962478e-05,11.53
1,0,-3,-3,10.0,1.7174383683799073e-05,0.0002146797960474884,10.0
1,0,-3,-2,8.54400374531753,7.059453353042982e-06,6.44175118465172e-05,8.54
1,0,-3,-1,7.211102550927978,0.00014518299383920946,0.0009436894599548614,7.21
1,0,-3,0,6.08276253029822,0.00012803809096973323,0.0005921761707350163,6.08
1,0,-3,1,5.291502622129181,3.2408779847420404e-05,0.00011343072946597142,5.29
1,0,-3,2,5.0,4.12587032662112e-05,0.00012893344770691,5.0
1,0,-3,3,5.2915026221291805,3.2408994484370334e-05,0.00011343148069529614,5.29
1,0,-3,4,6.0827625302982185,0.00012803892353656617,0.0005921800213566183,6.08
1,0,-3,5,7.211102550927977,0.00014518426841656575,0.0009436977447076771,7.21
1,0,-3,6,8.54400374531753,7.05980540021815e-06,6.44207242769906e-05,8.54
1,0,-3,7,9.999999999999998,1.7175014040781796e-05,0.00021468767550977236,10.0
1,0,-3,8,11.532562594670795,8.775291690617569e-07,1.4588922435651705e-05,11.53
1,0,-3,9,13.114877048603999,2.296492993540461e-06,4.93745993611199e-05,13.11
1,0,-3,10,14.730919862656233,7.455963205738999e-07,2.0224300195567025e-05,14.73
1,0,-3,11,16.370705543744897,5.770633895159798e-07,1.9331623548785314e-05,16.37
1,0,-3,12,18.027756377319943,2.628256930957834e-07,1.0677293782016195e-05,18.03
1,0,-3,13,19.697715603592208,1.6345336334006948e-07,7.927488121993368e-06,19.7
1,0,-3,14,21.377558326431945,8.34099334296891e-08,4.764792447170988e-06,21.38
1,0,-3,15,23.065125189341586,4.782868080020041e-08,3.1806072732133258e-06,23.07
1,0,-3,16,24.75883680627989,2.5557188889706625e-08,1.95831959867377e-06,24.76
1,0,-3,17,26.457513110645902,1.4252957337594783e-08,1.2471337670395432e-06,26.46
1,0,-3,18,28.160255680657443,7.724021090685344e-09,7.656435906141845e-07,28.16
1,0,-3,19,29.866369046136153,4.238091783942885e-09,4.7254723390963154e-07,29.87
1,0,-3,20,31.575306807693885,2.276922643281059e-09,2.8376148441890187e-07,31.58
1,0,-3,21,33.28663395418647,1.2064702806700325e-09,1.6709613387279943e-07,33.29
1,0,-3,22,34.99999999999999,6.106700892391539e-10,9.350885741474541e-08,35.0
1,0,-3,23,36.71511950137163,2.8510444194344514e-10,4.804009846747049e-08,36.72
1,0,-2,-23,42.57933771208753,8.280693213014765e-12,1.8766120993994702e-09,42.58
1,0,-2,-22,40.85339643163099,8.280296759927072e-12,1.7274769115397851e-09,40.85
1,0,-2,-21,39.1279950930277,7.90839612387243e-11,1.513469308206086e-08,39.13
1,0,-2,-20,37.403208418530085,2.473644293583132e-10,4.325785458403501e-08,37.4
1,0,-2,-19,35.679125549822544,5.762846474161677e-10,9.170129452009767e-08,35.68
1,0,-2,-18,33.955853692699286,1.1928379205655465e-09,1.7191776530150936e-07,33.96
1,0,-2,-17,32.2335229225724,2.3317288156684322e-09,3.028332799349377e-07,32.23
1,0,-2,-16,30.51229260478471,4.45422781811682e-09,5.183607623333448e-07,30.51
1,0,-2,-15,28.792360097775934,8.373975080076021e-09,8.677531676728775e-07,28.79
1,0,-2,-14,27.073972741361764,1.58129641247681e-08,1.448862837931877e-06,27.07
1,0,-2,-13,25.35744466621193,2.9544199730395075e-08,2.3746150533305033e-06,25.36
1,0,-2,-12,23.643180835073775,5.6518319241716584e-08,3.949217557014945e-06,23.64
1,0,-2,-11,21.931712199461305,1.0555444649907544e-07,6.346461095756908e-06,21.93
1,0,-2,-10,20.22374841615668,2.085757776193237e-07,1.0663436630787921e-05,20.22
1,0,-2,-9,18.520259177452132,3.8401149545024145e-07,1.64644928674291e-05,18.52
1,0,-2,-8,16.82260384126072,8.158982946922658e-07,2.886240217473889e-05,16.82
1,0,-2,-7,15.132745950421555,1.4135903380121198e-06,4.046402342559692e-05,15.13
1,0,-2,-6,13.45362404707371,3.4384963676985072e-06,7.779598031917872e-05,13.45
1,0,-2,-5,11.789826122551595,5.115653913975281e-06,8.88844867553205e-05,11.79
1,0,-2,-4,10.14889156509222,1.8393797367129865e-05,0.00023682014110179702,10.15
1,0,-2,-3,8.54400374531753,7.0594533530429035e-06,6.441751184651648e-05,8.54
1,0,-2,-2,7.0,0.00021163332505101952,0.0012962541159374946,7.0
1,0,-2,-1,5.5677643628300215,4.75487951962235e-05,0.00018425158138536603,5.57
1,0,-2,0,4.358898943540673,0.001210551406454762,0.0028750595903300593,4.36
1,0,-2,1,3.605551275463989,0.0002626389878978217,0.0004267883553339602,3.61
1,0,-2,2,3.605551275463989,0.0002626420946349725,0.00042679340378183026,3.61
1,0,-2,3,4.358898943540673,0.0012105580836474332,0.0028750754486626534,4.36
1,0,-2,4,5.567764362830021,4.755011769529304e-05,0.00018425670606926045,5.57
1,0,-2,5,6.999999999999999,0.000211636094638562,0.001296271079661192,7.0
1,0,-2,6,8.54400374531753,7.058957627713119e-06,6.44129883528822e-05,8.54
1,0,-2,7,10.148891565092217,1.8394566863102316e-05,0.00023683004836244222,10.15
1,0,-2,8,11.789826122551595,5.11527317117942e-06,8.887787134924242e-05,11.79
1,0,-2,9,13.453624047073708,3.4387807883661514e-06,7.780241533678416e-05,13.45
1,0,-2,10,15.132745950421555,1.413429608090347e-06,4.0459422531586176e-05,15.13
1,0,-2,11,16.82260384126072,8.160021183511943e-07,2.886607493667349e-05,16.82
1,0,-2,12,18.520259177452132,3.8395320818668006e-07,1.6461993801003906e-05,18.52
1,0,-2,13,20.22374841615668,2.0860957588776415e-07,1.066516456726194e-05,20.22
1,0,-2,14,21.931712199461305,1.0553627328747546e-07,6.34536843140946e-06,21.93
1,0,-2,15,23.643180835073775,5.652798048700738e-08,3.94989263652964e-06,23.64
1,0,-2,16,25.35744466621193,2.9539318528211582e-08,2.374222726705005e-06,25.36
1,0,-2,17,27.073972741361764,1.581536946399076e-08,1.4490832271381533e-06,27.07
1,0,-2,18,28.792360097775934,8.372836201399319e-09,8.676351513700042e-07,28.79
1,0,-2,19,30.51229260478471,4.454751541197817e-09,5.184217106068958e-07,30.51
1,0,-2,20,32.23352292257239,2.331496659154611e-09,3.0280312860770506e-07,32.23
1,0,-2,21,33.955853692699286,1.1929369766381231e-09,1.7193204175796947e-07,33.96
1,0,-2,22,35.67912554982254,5.762447450422736e-10,9.169494505485174e-08,35.68
1,0,-2,23,37.403208418530085,2.4737892702406205e-10,4.3260389863332845e-08,37.4
1,0,-1,-23,41.61730409336962,5.571304183200543e-21,1.2061873556629172e-18,41.62
1,0,-1,-22,39.887341350358255,3.817871920099026e-11,7.592792781096935e-09,39.89
1,0,-1,-21,38.157568056677825,1.674476509029755e-10,3.047547246434154e-08,38.16
1,0,-1,-20,36.42801120017396,4.3773609551361434e-10,7.260947484332076e-08,36.43
1,0,-1,-19,34.698703145794944,9.555010195164046e-10,1.438029034372189e-07,34.7
1,0,-1,-18,32.96968304366907,1.925044864100195e-09,2.61565470909614e-07,32.97
1,0,-1,-17,31.240998703626612,3.745305656528123e-09,4.5692729009643086e-07,31.24
1,0,-1,-16,29.51270912674741,7.154940112336387e-09,7.78994104730624e-07,29.51
1,0,-1,-15,27.784887978899608,1.3655907233533164e-08,1.3177950480359501e-06,27.78
1,0,-1,-14,26.05762844159076,2.5945754924156e-08,2.2021459491877395e-06,26.06
1,0,-1,-13,24.331050121192874,5.005629537386807e-08,3.7041658576662356e-06,24.33
1,0,-1,-12,22.60530911091463,9.591276455223802e-08,6.126427835774202e-06,22.61
1,0,-1,-11,20.880613017821098,1.9028332493032005e-07,1.037044120870244e-05,20.88
1,0,-1,-10,19.157244060668017,3.689282967487287e-07,1.692458561334793e-05,19.16
1,0,-1,-9,17.435595774162692,7.701980255701559e-07,2.9267524971665917e-05,17.44
1,0,-1,-8,15.71623364550171,1.4890872368656968e-06,4.5975568438228385e-05,15.72
1,0,-1,-7,13.999999999999998,3.4636270469498532e-06,8.485886265027139e-05,14.0
1,0,-1,-6,12.288205727444506,6.493792530190711e-06,0.00012257033400734965,12.29
1,0,-1,-5,10.583005244258361,1.7535784112565063e-05,0.0002455009775759108,10.58
1,0,-1,-4,8.888194417315589,3.16724853941791e-05,0.0003127657932675186,8.89
1,0,-1,-3,7.211102550927978,0.0001451829938392095,0.0009436894599548616,7.21
1,0,-1,-2,5.5677643628300215,4.754879519622329e-05,0.00018425158138536522,5.57
1,0,-1,-1,3.9999999999999996,0.0031606678414060475,0.006321335682812093,4.0
1,0,-1,0,2.6457513110645907,1.2301765600884555e-05,1.0764044900773987e-05,2.65
1,0,-1,1,1.9999999999999998,0.0009500150883378248,0.0004750075441689123,2.0
1,0,-1,2,2.6457513110645907,1.2301698368429883e-05,1.0763986072376149e-05,2.65
1,0,-1,3,3.999999999999999,0.00316066993704074,0.006321339874081478,4.0
1,0,-1,4,5.567764362830021,4.754842779396372e-05,0.00018425015770160932,5.57
1,0,-1,5,7.211102550927977,0.0001451837917357283,0.0009436946462822338,7.21
1,0,-1,6,8.888194417315587,3.167206164363983e-05,0.0003127616087309432,8.89
1,0,-1,7,10.583005244258361,1.753611913339859e-05,0.0002455056678675802,10.58
1,0,-1,8,12.288205727444506,6.493588061187926e-06,0.0001225664746549221,12.29
1,0,-1,9,13.999999999999998,3.4637691524404577e-06,8.486234423479119e-05,14.0
1,0,-1,10,15.71623364550171,1.489002873366786e-06,4.5972963715199513e-05,15.72
1,0,-1,11,17.435595774162692,7.702503846715445e-07,2.9269514617518687e-05,17.44
1,0,-1,12,19.157244060668013,3.688984584449498e-07,1.6923216781162066e-05,19.16
1,0,-1,13,20.880613017821098,1.9030018254568015e-07,1.0371359948739566e-05,20.88
1,0,-1,14,22.60530911091463,9.590375855716892e-08,6.125852577839164e-06,22.61
1,0,-1,15,24.331050121192874,5.006098761303661e-08,3.7045130833647074e-06,24.33
1,0,-1,16,26.057628441590765,2.594341486990495e-08,2.2019473370831826e-06,26.06
1,0,-1,17,27.784887978899604,1.3657040188370305e-08,1.317904378177734e-06,27.78
1,0,-1,18,29.51270912674741,7.154411122556921e-09,7.789365109683847e-07,29.51
1,0,-1,19,31.240998703626612,3.745545257346056e-09,4.569565213962187e-07,31.24
1,0,-1,20,32.96968304366907,1.924940025543103e-09,2.615512259706691e-07,32.97
1,0,-1,21,34.698703145794944,9.555452554690721e-10,1.4380956094809537e-07,34.7
1,0,-1,22,36.42801120017396,4.377182809066585e-10,7.260651984539195e-08,36.43
1,0,-1,23,38.15756805667782,1.6745436859360312e-10,3.0476695084035754e-08,38.16
1,0,0,-23,40.70626487409523,8.84765762226522e-12,1.8325710850116829e-09,40.71
1,0,0,-22,38.974350539810146,8.469100510234699e-11,1.608070459380813e-08,38.97
1,0,0,-21,37.242448899072144,2.6542336981100936e-10,4.601777674098375e-08,37.24
1,0,0,-20,35.510561809129406,6.2125458967136e-10,9.792525469694811e-08,35.51
1,0,0,-19,33.77869150810907,1.2911122283048568e-09,1.8414488156198016e-07,33.78
1,0,0,-18,32.04684071792413,2.544848191799552e-09,3.266948866222674e-07,32.05
1,0,0,-17,30.315012782448232,4.8867374408651e-09,5.613639635193781e-07,30.32
1,0,0,-16,28.5832118559129,9.316218323864595e-09,9.514187963246714e-07,28.58
1,0,0,-15,26.8514431641951,1.7672227819904914e-08,1.5927095322689299e-06,26.85
1,0,0,-14,25.119713374160934,3.384617744709935e-08,2.66961724613996e-06,25.12
1,0,0,-13,23.388031127052994,6.468107596518354e-08,4.422568569119423e-06,23.39
1,0,0,-12,21.656407827707714,1.2673904936589383e-07,7.430076769075525e-06,21.66
1,0,0,-11,19.924858845171272,2.455192036737782e-07,1.218389048231124e-05,19.92
1,0,0,-10,18.19340539866025,5.007580569035285e-07,2.0718864604383487e-05,18.19
1,0,0,-9,16.462077633154326,9.854603633938422e-07,3.3382469809966395e-05,16.46
1,0,0,-8,14.730919862656233,2.1675104633810208e-06,5.879372131921016e-05,14.73
1,0,0,-7,12.999999999999998,4.187841383363048e-06,8.846814922354436e-05,13.0
1,0,0,-6,11.269427669584644,1.1033594217504479e-05,0.0001751583082028836,11.27
1,0,0,-5,9.539392014169456,2.076201889564528e-05,0.00023616796493796508,9.54
1,0,0,-4,7.810249675906653,6.408417036110252e-05,0.0004886417990034066,7.81
1,0,0,-3,6.082762530298219,0.0001280380909697323,0.0005921761707350119,6.08
1,0,0,-2,4.358898943540673,0.0012105514064547592,0.0028750595903300528,4.36
1,0,0,-1,2.6457513110645903,1.2301765600885204e-05,1.0764044900774551e-05,2.65
1,0,0,0,0.9999999999999999,0.16128740649154874,0.02016092581144359,1.0
1,0,0,1,0.9999999999999998,0.16128748036920662,0.020160935046150817,1.0
1,0,0,2,2.6457513110645907,1.2302401941978428e-05,1.0764601699231125e-05,2.65
1,0,0,3,4.358898943540673,0.0012105575385717292,0.0028750741541078563,4.36
1,0,0,4,6.0827625302982185,0.0001280361871983516,0.0005921673657923759,6.08
1,0,0,5,7.810249675906653,6.408542999462441e-05,0.000488651403709011,7.81
1,0,0,6,9.539392014169454,2.0761364161884248e-05,0.00023616051734143322,9.54
1,0,0,7,11.269427669584644,1.1034018438547865e-05,0.00017516504271194734,11.27
1,0,0,8,12.999999999999998,4.1876159777435825e-06,8.846338752983314e-05,13.0
1,0,0,9,14.730919862656233,2.167645853160868e-06,5.8797393766988525e-05,14.73
1,0,0,10,16.462077633154326,9.853867284783238e-07,3.337997542720321e-05,16.46
1,0,0,11,18.19340539866025,5.007989134906624e-07,2.0720555045676153e-05,18.19
1,0,0,12,19.924858845171272,2.454977323970663e-07,1.2182824970204411e-05,19.92
1,0,0,13,21.656407827707714,1.2675021574692478e-07,7.430731398163464e-06,21.66
1,0,0,14,23.388031127052997,6.467550402688737e-08,4.4221875878384234e-06,23.39
1,0,0,15,25.119713374160934,3.384889850975194e-08,2.6698318699566828e-06,25.12
1,0,0,16,26.851443164195103,1.767094251111862e-08,1.5925936938145656e-06,26.85
1,0,0,17,28.5832118559129,9.316810595906039e-09,9.51479282106904e-07,28.58
1,0,0,18,30.315012782448232,4.886472449242349e-09,5.613335226067146e-07,30.32
1,0,0,19,32.04684071792413,2.5449634805801266e-09,3.267096868194737e-07,32.05
1,0,0,20,33.77869150810907,1.291063856018121e-09,1.8413798246458446e-07,33.78
1,0,0,21,35.510561809129406,6.212738524329563e-10,9.792829098974473e-08,35.51
1,0,0,22,37.24244889907214,2.654164361828583e-10,4.601657462320304e-08,37.24
1,0,0,23,38.974350539810146,8.469294120095407e-11,1.608107221053115e-08,38.97
1,0,1,-23,39.849717690342544,2.8800872659478063e-11,5.716973222906394e-09,39.85
1,0,1,-22,38.11823710509183,1.2576793173402376e-10,2.284260060119206e-08,38.12
1,0,1,-21,36.3868107973205,3.267501523835272e-10,5.4077150219473744e-08,36.39
1,0,1,-20,34.65544690232691,7.063288617790837e-10,1.0603762037458491e-07,34.66
1,0,1,-19,32.92415526630865,1.4082555665840821e-09,1.908186292721431e-07,32.92
1,0,1,-18,31.19294792096444,2.6985251229609637e-09,3.2820811808012715e-07,31.19
1,0,1,-17,29.461839725312466,5.08567761451443e-09,5.517960211748154e-07,29.46
1,0,1,-16,27.73084924772409,9.494893159032958e-09,9.126966049120428e-07,27.73
1,0,1,-15,25.999999999999996,1.7771362170423784e-08,1.5016801034008093e-06,26.0
1,0,1,-14,24.26932219902319,3.3171593530085884e-08,2.4422585736525723e-06,24.27
1,0,1,-13,22.538855339169288,6.27680947738543e-08,3.985774018139747e-06,22.54
1,0,1,-12,20.80865204668481,1.1794797598864531e-07,6.383934200385426e-06,20.81
1,0,1,-11,19.07878402833891,2.2877993927363993e-07,1.0409487236950611e-05,19.08
1,0,1,-10,17.349351572897472,4.3239013394341834e-07,1.6268678789621114e-05,17.35
1,0,1,-9,15.620499351813306,8.694787879282182e-07,2.6519103031810647e-05,15.62
1,0,1,-8,13.892443989449802,1.6563290263630476e-06,3.9958937761008514e-05,13.89
1,0,1,-7,12.165525060596437,3.6141401883806112e-06,6.686159348504129e-05,12.17
1,0,1,-6,10.440306508910549,6.083916564689118e-06,8.289336319388921e-05,10.44
1,0,1,-5,8.717797887081346,1.772779058715718e-05,0.00016841401057799318,8.72
1,0,1,-4,6.999999999999999,3.0541482559502554e-05,0.00018706658067695308,7.0
1,0,1,-3,5.2915026221291805,3.240877984742055e-05,0.00011343072946597191,5.29
1,0,1,-2,3.6055512754639887,0.0002626389878978215,0.0004267883553339598,3.61
1,0,1,-1,1.9999999999999996,0.0009500150883378274,0.0004750075441689135,2.0
1,0,1,0,1.0,0.16128748036920662,0.020160935046150828,1.0
1,0,1,1,1.9999999999999998,0.000950015166289465,0.0004750075831447324,2.0
1,0,1,2,3.605551275463989,0.00026263890393591905,0.0004267882188958684,3.61
1,0,1,3,5.29150262212918,3.24088253835223e-05,0.00011343088884232796,5.29
1,0,1,4,6.999999999999999,3.0541422338965935e-05,0.0001870662118261663,7.0
1,0,1,5,8.717797887081346,1.7727848092200754e-05,0.00016841455687590713,8.72
1,0,1,6,10.440306508910549,6.083877146914828e-06,8.289282612671451e-05,10.44
1,0,1,7,12.165525060596439,3.6141735785237558e-06,6.686221120268946e-05,12.17
1,0,1,8,13.892443989449804,1.6563056190195515e-06,3.995837305884667e-05,13.89
1,0,1,9,15.620499351813306,8.694953693371537e-07,2.6519608764783176e-05,15.62
1,0,1,10,17.349351572897472,4.323793220108926e-07,1.6268271990659834e-05,17.35
1,0,1,11,19.07878402833891,2.2878682766336744e-07,1.0409800658683213e-05,19.08
1,0,1,12,20.80865204668481,1.1794386564510122e-07,6.383711728041102e-06,20.81
1,0,1,13,22.538855339169288,6.277046384712172e-08,3.985924454292229e-06,22.54
1,0,1,14,24.26932219902319,3.317029695545028e-08,2.4421631133450258e-06,24.27
1,0,1,15,25.999999999999996,1.7772044919887518e-08,1.5017377957304947e-06,26.0
1,0,1,16,27.73084924772409,9.494548938757606e-09,9.126635167380746e-07,27.73
1,0,1,17,29.461839725312466,5.085844872013587e-09,5.518141686134739e-07,29.46
1,0,1,18,31.19294792096444,2.6984469200587462e-09,3.281986066521449e-07,31.19
1,0,1,19,32.92415526630865,1.4082908086699695e-09,1.9082340457478083e-07,32.92
1,0,1,20,34.65544690232691,7.063136225733493e-10,1.0603533258882404e-07,34.66
1,0,1,21,36.3868107973205,3.267564290466568e-10,5.407818900722169e-08,36.39
1,0,1,22,38.11823710509183,1.2576551822898069e-10,2.284216224833861e-08,38.12
1,0,1,23,39.849717690342544,2.880166268552064e-11,5.717130043075846e-09,39.85
1,0,2,-23,39.05124837953326,4.442245705176266e-11,8.468030875492253e-09,39.05
1,0,2,-22,37.32291521304304,1.3736623487241558e-10,2.3918895647159354e-08,37.32
1,0,2,-21,35.59494346111537,3.1487908388818257e-10,4.9868974910790904e-08,35.59
1,0,2,-20,33.8673884437522,6.375081188228281e-10,9.140272653622298e-08,33.87
1,0,2,-19,32.14031735997639,1.2142921042597775e-09,1.5679546796254378e-07,32.14
1,0,2,-18,30.413812651491096,2.2448609036922538e-09,2.595620419894168e-07,30.41
1,0,2,-17,28.6879765755621,4.074551625362672e-09,4.191694984591848e-07,28.69
1,0,2,-16,26.962937525425524,7.3530927249106305e-09,6.682123013762535e-07,26.96
1,0,2,-15,25.23885892824792,1.3134983033997745e-08,1.04587302408207e-06,25.24
1,0,2,-14,23.51595203260969,2.3578727220840784e-08,1.6298795191406185e-06,23.52
1,0,2,-13,21.794494717703365,4.164608255531389e-08,2.4727361517217614e-06,21.79
1,0,2,-12,20.07485989988473,7.486685242250998e-08,3.771417690783939e-06,20.07
1,0,2,-11,18.357559750685816,1.28547709058291e-07,5.415072244080507e-06,18.36
1,0,2,-10,16.643316977093235,2.350335358359222e-07,8.138036178318803e-06,16.64
1,0,2,-9,14.933184523068077,3.72549336915938e-07,1.0384812766531768e-05,14.93
1,0,2,-8,13.228756555322951,6.807369529798828e-07,1.489112084643493e-05,13.23
1,0,2,-7,11.532562594670793,9.092218357389402e-07,1.5115813019159874e-05,11.53
1,0,2,-6,9.848857801796104,2.010875174088398e-06,2.4381861485821823e-05,9.85
1,0,2,-5,8.185352771872449,4.250179029151591e-09,3.559524936914456e-08,8.19
1,0,2,-4,6.5574385243019995,1.2887044578547607e-05,6.926786460969337e-05,6.56
1,0,2,-3,4.999999999999999,4.125870326621129e-05,0.00012893344770691022,5.0
1,0,2,-2,3.6055512754639887,0.00026264209463497206,0.0004267934037818295,3.61
1,0,2,-1,2.6457513110645903,1.2301698368430024e-05,1.0763986072376267e-05,2.65
1,0,2,0,2.6457513110645903,1.2302401941978629e-05,1.0764601699231298e-05,2.65
1,0,2,1,3.6055512754639887,0.00026263890393591986,0.0004267882188958697,3.61
1,0,2,2,5.0,4.125992005908018e-05,0.00012893725018462557,5.0
1,0,2,3,6.557438524302,1.2887684612559265e-05,6.927130479250603e-05,6.56
1,0,2,4,8.185352771872449,4.239515846846314e-09,3.550594521733787e-08,8.19
1,0,2,5,9.848857801796104,2.011082323632007e-06,2.438437317403808e-05,9.85
1,0,2,6,11.532562594670795,9.091013479545926e-07,1.5113809909745099e-05,11.53
1,0,2,7,13.228756555322953,6.808241166367503e-07,1.4893027551428913e-05,13.23
1,0,2,8,14.933184523068078,3.7249736882503186e-07,1.0383364155997763e-05,14.93
1,0,2,9,16.643316977093235,2.3506555426257057e-07,8.139144816341503e-06,16.64
1,0,2,10,18.35755975068582,1.2853005462021805e-07,5.4143285508766855e-06,18.36
1,0,2,11,20.07485989988473,7.487650732015265e-08,3.7719040562526887e-06,20.07
1,0,2,12,21.794494717703365,4.16411208750157e-08,2.4724415519540567e-06,21.79
1,0,2,13,23.515952032609693,2.3581205272233144e-08,1.6300508144431161e-06,23.52
1,0,2,14,25.23885892824792,1.3133797603766407e-08,1.0457786341998998e-06,25.24
1,0,2,15,26.962937525425524,7.353643648737878e-09,6.682623665790546e-07,26.96
1,0,2,16,28.6879765755621,4.074303806493829e-09,4.1914400409305255e-07,28.69
1,0,2,17,30.413812651491096,2.2449694916115463e-09,2.59574597467585e-07,30.41
1,0,2,18,32.140317359976386,1.2142458941688814e-09,1.5678950108455674e-07,32.14
1,0,2,19,33.86738844375219,6.375271437745995e-10,9.140545423868315e-08,33.87
1,0,2,20,35.59494346111537,3.1487164126735975e-10,4.986779618571809e-08,35.59
1,0,2,21,37.32291521304304,1.3736887503181698e-10,2.3919355364915123e-08,37.32
1,0,2,22,39.05124837953326,4.4421728286058775e-11,8.46789195452995e-09,39.05
1,0,2,23,40.77989700820736,4.675841032496377e-12,9.71990454630184e-10,40.78
1,0,3,-23,38.314488121336026,4.4954289071816504e-11,8.249112044678325e-09,38.31
1,0,3,-22,36.592348927063966,1.1349710816696533e-10,1.8996578479445813e-08,36.59
1,0,3,-21,34.871191548325385,2.3597975969813513e-10,3.5868923474116535e-08,34.87
1,0,3,-20,33.151168908501546,4.47122110346568e-10,6.142339990885975e-08,33.15
1,0,3,-19,31.43246729100342,8.064474376232263e-10,9.959625854646844e-08,31.43
1,0,3,-18,29.71531591620725,1.4099124942999717e-09,1.5561909155835935e-07,29.72
1,0,3,-17,27.999999999999996,2.4190024047471957e-09,2.3706223566522512e-07,28.0
1,0,3,-16,26.286878856189826,4.07024743000907e-09,3.515676217670333e-07,26.29
1,0,3,-15,24.576411454889012,6.769758983844406e-09,5.111168032802525e-07,24.58
1,0,3,-14,22.869193252058537,1.0960225434173446e-08,7.165247377590886e-07,22.87
1,0,3,-13,21.166010488516722,1.7509758998789565e-08,9.805465039322154e-07,21.17
1,0,3,-12,19.46792233393178,2.661666561284333e-08,1.2609645334084525e-06,19.47
1,0,3,-11,17.776388834631174,3.920765995208373e-08,1.5487025681073069e-06,17.78
1,0,3,-10,16.093476939431078,4.9823602848064483e-08,1.6130391422060869e-06,16.09
1,0,3,-9,14.422205101855955,6.415278369471813e-08,1.667972376062671e-06,14.42
1,0,3,-8,12.767145334803702,4.441939611529938e-08,9.050451958492245e-07,12.77
1,0,3,-7,11.135528725660041,7.419727901626988e-11,1.1500578247521827e-09,11.14
1,0,3,-6,9.539392014169454,2.7318045429078997e-08,3.107427667557734e-07,9.54
1,0,3,-5,7.999999999999999,2.250953035203104e-06,1.8007624281624827e-05,8.0
1,0,3,-4,6.5574385243019995,1.2887830821344412e-05,6.92720906647262e-05,6.56
1,0,3,-3,5.2915026221291805,3.2408994484370354e-05,0.00011343148069529621,5.29
1,0,3,-2,4.358898943540673,0.0012105580836474343,0.002875075448662656,4.36
1,0,3,-1,4.0,0.003160669937040743,0.006321339874081486,4.0
1,0,3,0,4.358898943540673,0.0012105575385717292,0.0028750741541078563,4.36
1,0,3,1,5.291502622129181,3.240882538352233e-05,0.00011343088884232818,5.29
1,0,3,2,6.5574385243019995,1.2887684612559343e-05,6.927130479250644e-05,6.56
1,0,3,3,8.0,2.2510247455008823e-06,1.800819796400706e-05,8.0
1,0,3,4,9.539392014169456,2.732640040937274e-08,3.108378046566149e-07,9.54
1,0,3,5,11.135528725660043,7.377397323940439e-11,1.143496585210768e-09,11.14
1,0,3,6,12.767145334803704,4.44287868512965e-08,9.05236532095166e-07,12.77
1,0,3,7,14.422205101855956,6.414324257272557e-08,1.6677243068908648e-06,14.42
1,0,3,8,16.09347693943108,4.9830250245470086e-08,1.6132543516970941e-06,16.09
1,0,3,9,17.776388834631177,3.9203306889834596e-08,1.5485306221484664e-06,17.78
1,0,3,10,19.467922333931785,2.6619130526213322e-08,1.261081308679356e-06,19.47
1,0,3,11,21.166010488516722,1.7508487412893258e-08,9.804752951220221e-07,21.17
1,0,3,12,22.86919325205854,1.0960811972495582e-08,7.165630827018986e-07,22.87
1,0,3,13,24.576411454889012,6.7695170415566965e-09,5.110985366375305e-07,24.58
1,0,3,14,26.286878856189826,4.0703327197689354e-09,3.5157498867004166e-07,26.29
1,0,3,15,27.999999999999996,2.418979224849891e-09,2.3705996403528925e-07,28.0
1,0,3,16,29.71531591620725,1.4099149131614836e-09,1.5561935854019872e-07,29.72
1,0,3,17,31.432467291003416,8.064499870969877e-10,9.959657340647794e-08,31.43
1,0,3,18,33.151168908501546,4.4711950996838153e-10,6.142304268190639e-08,33.15
1,0,3,19,34.871191548325385,2.3598143120902797e-10,3.5869177543772244e-08,34.87
1,0,3,20,36.592348927063966,1.1349622253306308e-10,1.8996430246471422e-08,36.59
1,0,3,21,38.31448812133603,4.495469671536054e-11,8.249186847268659e-09,38.31
1,0,3,22,40.037482438335196,1.0470131492530162e-11,2.0979525978157305e-09,40.04
1,0,3,23,41.761226035642196,1.1028879377614721e-22,2.4042957043200085e-20,41.76
1,0,4,-23,37.64306044943742,3.2478379880147096e-11,5.752733036271054e-09,37.64
1,0,4,-22,35.930488446443356,7.095463189249047e-11,1.1450303721650644e-08,35.93
1,0,4,-21,34.219877264537345,1.3455521185958684e-10,1.9695519135947023e-08,34.22
1,0,4,-20,32.51153641401771,2.3646635910326164e-10,3.124311769651844e-08,32.51
1,0,4,-19,30.805843601498722,3.9493637134461646e-10,4.6849327050755114e-08,30.81
1,0,4,-18,29.10326442171049,6.374777331227712e-10,6.749295499437338e-08,29.1
1,0,4,-17,27.404379212089438,9.90289020661686e-10,9.296338181461575e-08,27.4
1,0,4,-16,25.70992026436488,1.4973176817600244e-09,1.23715873455422e-07,25.71
1,0,4,-15,24.020824298928627,2.1309233167892714e-09,1.536928442234262e-07,24.02
1,0,4,-14,22.338307903688673,2.956481617949302e-09,1.8441054091958767e-07,22.34
1,0,4,-13,20.66397831977182,3.4936525468064445e-09,1.8647370468579392e-07,20.66
1,0,4,-12,18.999999999999996,4.0750382025167994e-09,1.838860988885705e-07,19.0
1,0,4,-11,17.34935157289747,2.7287504147540114e-09,1.0266923435511964e-07,17.35
1,0,4,-10,15.71623364550171,1.7848418345560088e-09,5.5106991641916764e-08,15.72
1,0,4,-9,14.106735979665883,3.6553549530377696e-09,9.092695445681451e-08,14.11
1,0,4,-8,12.529964086141666,8.344099798238451e-10,1.6375295854042953e-08,12.53
1,0,4,-7,10.999999999999998,3.8224029913056355e-07,5.781384524349772e-06,11.0
1,0,4,-6,9.539392014169454,2.736094977090849e-08,3.112308036440839e-07,9.54
1,0,4,-5,8.185352771872449,4.254124243421509e-09,3.5628290538655124e-08,8.19
1,0,4,-4,6.999999999999999,3.054272114447719e-05,0.00018707416700992273,7.0
1,0,4,-3,6.0827625302982185,0.00012803892353656604,0.0005921800213566177,6.08
1,0,4,-2,5.5677643628300215,4.755011769529296e-05,0.0001842567060692602,5.57
1,0,4,-1,5.5677643628300215,4.754842779396352e-05,0.00018425015770160861,5.57
1,0,4,0,6.0827625302982185,0.0001280361871983514,0.000592167365792375,6.08
1,0,4,1,6.999999999999999,3.0541422338965955e-05,0.00018706621182616642,7.0
1,0,4,2,8.18535277187245,4.239515846846296e-09,3.550594521733773e-08,8.19
1,0,4,3,9.539392014169456,2.732640040937353e-08,3.108378046566239e-07,9.54
1,0,4,4,11.0,3.8235739583855713e-07,5.783155612058176e-06,11.0
1,0,4,5,12.529964086141668,8.392167528716615e-10,1.646962877510636e-08,12.53
1,0,4,6,14.106735979665885,3.663855997663538e-09,9.11384179418805e-08,14.11
1,0,4,7,15.71623364550171,1.789666721483927e-09,5.525596002581624e-08,15.72
1,0,4,8,17.349351572897472,2.724116522862281e-09,1.0249488417269332e-07,17.35
1,0,4,9,19.0,4.079247469675814e-09,1.8407604206912112e-07,19.0
1,0,4,10,20.66397831977182,3.490892231192961e-09,1.8632637283992425e-07,20.66
1,0,4,11,22.338307903688673,2.958197645886512e-09,1.8451757816217112e-07,22.34
1,0,4,12,24.020824298928623,2.1299844928184873e-09,1.5362513154453334e-07,24.02
1,0,4,13,25.70992026436488,1.4978027954587991e-09,1.2375595597478326e-07,25.71
1,0,4,14,27.404379212089438,9.900557089992586e-10,9.294147968230537e-08,27.4
1,0,4,15,29.10326442171049,6.375845458295756e-10,6.75042637897063e-08,29.1
1,0,4,16,30.805843601498722,3.9488981880502557e-10,4.6843804755746145e-08,30.81
1,0,4,17,32.51153641401771,2.364858406129837e-10,3.1245691690990465e-08,32.51
1,0,4,18,34.21987726453734,1.3454741358204087e-10,1.969437766307122e-08,34.22
1,0,4,19,35.930488446443356,7.09575830045933e-11,1.145077995736624e-08,35.93
1,0,4,20,37.64306044943742,3.247736966723842e-11,5.752554102309604e-09,37.64
1,0,4,21,39.35733730830885,1.0853338684470303e-11,2.101477702780562e-09,39.36
1,0,4,22,41.07310555582569,1.1604654828254911e-12,2.447131586908253e-10,41.07
1,0,4,23,42.790185790669334,1.1604910733981492e-12,2.6560739442400137e-10,42.79
1,0,5,-23,37.040518354904265,1.7054932068120927e-11,2.9249208496827383e-09,37.04
1,0,5,-22,35.341194094144576,3.285010637740976e-11,5.128722858173097e-09,35.34
1,0,5,-21,33.64520768252144,5.637273721106682e-11,7.976742315365952e-09,33.65
1,0,5,-20,31.953090617340912,8.963614694347648e-11,1.1439813253661185e-08,31.95
1,0,5,-19,30.26549190084311,1.3434566943070212e-10,1.538257914981539e-08,30.27
1,0,5,-18,28.5832118559129,1.8992181304328164e-10,1.939576515704513e-08,28.58
1,0,5,-17,26.907248094147416,2.5194198212534964e-10,2.2800749382344134e-08,26.91
1,0,5,-16,25.23885892824792,3.073304231185027e-10,2.4471184940810768e-08,25.24
1,0,5,-15,23.57965224510319,3.2800540418822526e-10,2.279637559108165e-08,23.58
1,0,5,-14,21.931712199461305,2.8834087921944926e-10,1.733649536306938e-08,21.93
1,0,5,-13,20.297783130184435,1.5496934155204125e-10,7.980921089930122e-09,20.3
1,0,5,-12,18.681541692269402,1.0073950324608004e-11,4.39476082911024e-10,18.68
1,0,5,-11,17.08800749063506,3.370854330767443e-10,1.2303618307301164e-08,17.09
1,0,5,-10,15.524174696260022,3.2512009932102393e-10,9.794242992045844e-09,15.52
1,0,5,-9,13.999999999999998,2.0498984676345454e-08,5.022251245704635e-07,14.0
1,0,5,-8,12.529964086141666,8.432351920584746e-10,1.6548490644147557e-08,12.53
1,0,5,-7,11.135528725660041,7.496056189254035e-11,1.1618887093343748e-09,11.14
1,0,5,-6,9.848857801796104,2.0112617883912725e-06,2.4386549184244176e-05,9.85
1,0,5,-5,8.717797887081346,1.772829228021361e-05,0.00016841877666202924,8.72
1,0,5,-4,7.810249675906653,6.40860362656024e-05,0.0004886560265252182,7.81
1,0,5,-3,7.2111025509279765,0.00014518426841656607,0.000943697744707679,7.21
1,0,5,-2,6.999999999999998,0.00021163609463856214,0.0012962710796611925,7.0
1,0,5,-1,7.211102550927978,0.0001451837917357283,0.0009436946462822339,7.21
1,0,5,0,7.810249675906654,6.4085429994624e-05,0.000488651403709008,7.81
1,0,5,1,8.717797887081348,1.7727848092200798e-05,0.00016841455687590761,8.72
1,0,5,2,9.848857801796104,2.011082323632018e-06,2.4384373174038212e-05,9.85
1,0,5,3,11.135528725660043,7.37739732394018e-11,1.1434965852107278e-09,11.14
1,0,5,4,12.529964086141666,8.392167528717926e-10,1.6469628775108923e-08,12.53
1,0,5,5,14.0,2.0517672629729014e-08,5.026829794283608e-07,14.0
1,0,5,6,15.524174696260022,3.230402925296373e-10,9.731588812455322e-09,15.52
1,0,5,7,17.08800749063506,3.3885660278263657e-10,1.2368266001566232e-08,17.09
1,0,5,8,18.681541692269406,1.0315733553326746e-11,4.500238762638794e-10,18.68
1,0,5,9,20.297783130184435,1.5427183875676323e-10,7.944999695973304e-09,20.3
1,0,5,10,21.931712199461305,2.890059418211951e-10,1.737648225199935e-08,21.93
1,0,5,11,23.579652245103187,3.2753964443365664e-10,2.2764005288139128e-08,23.58
1,0,5,12,25.23885892824792,3.076097311557264e-10,2.4493424843274704e-08,25.24
1,0,5,13,26.907248094147416,2.5179435309108043e-10,2.278738895474277e-08,26.91
1,0,5,14,28.583211855912896,1.8999259565520947e-10,1.9402993831288255e-08,28.58
1,0,5,15,30.26549190084311,1.3431449258040281e-10,1.537900940045612e-08,30.27
1,0,5,16,31.953090617340912,8.964885495281594e-11,1.1441435113353133e-08,31.95
1,0,5,17,33.64520768252144,5.6367930739240213e-11,7.976062199602487e-09,33.65
1,0,5,18,35.341194094144576,3.2851780016119904e-11,5.128984155016718e-09,35.34
1,0,5,19,37.040518354904265,1.7054408611068356e-11,2.9248310767982225e-09,37.04
1,0,5,20,38.74274125562103,7.127737549407265e-12,1.3373417577075376e-09,38.74
1,0,5,21,40.44749683231336,1.7147266415831903e-12,3.506615982037623e-10,40.45
1,0,5,22,42.154477816715975,9.9157714163327e-24,2.2025407258529003e-21,42.15
1,0,5,23,43.86342439892261,1.714754051164054e-12,4.1239834930495486e-10,43.86
1,0,6,-23,36.51027252705736,6.389435372057485e-12,1.0646396688690778e-09,36.51
1,0,6,-22,34.82814953453599,1.0814660352898573e-11,1.6397728760082452e-09,34.83
1,0,6,-21,33.151168908501546,1.6318531491127955e-11,2.241758263593702e-09,33.15
1,0,6,-20,31.480152477394384,2.2580649958248312e-11,2.797178013578009e-09,31.48
1,0,6,-19,29.816103031751144,2.824116547448455e-11,3.1382995133520947e-09,29.82
1,0,6,-18,28.160255680657443,3.2301410825224363e-11,3.201877348050364e-09,28.16
1,0,6,-17,26.5141471671257,2.99786254959694e-11,2.6343717154583103e-09,26.51
1,0,6,-16,24.879710609249454,2.400677870020156e-11,1.857524501928095e-09,24.88
1,0,6,-15,23.259406699226012,6.798523347934782e-12,4.5975014140408955e-10,23.26
1,0,6,-14,21.65640782770771,1.1811217337757647e-13,6.924326164260417e-12,21.66
1,0,6,-13,20.07485989988473,5.564245723220486e-11,2.802988783072319e-09,20.07
1,0,6,-12,18.520259177452132,2.0966651222055752e-11,8.989451711456403e-10,18.52
1,0,6,-11,16.999999999999996,1.8437025986467935e-09,6.660375637611539e-08,17.0
1,0,6,-10,15.524174696260022,3.189382150010188e-10,9.60801372690569e-09,15.52
1,0,6,-9,14.106735979665883,3.648099324894709e-09,9.074647070675587e-08,14.11
1,0,6,-8,12.767145334803702,4.4488972112999734e-08,9.064628068023692e-07,12.77
1,0,6,-7,11.532562594670795,9.093899442022642e-07,1.511860782236264e-05,11.53
1,0,6,-6,10.440306508910549,6.084648703193005e-06,8.290333858100468e-05,10.44
1,0,6,-5,9.539392014169456,2.076281089273974e-05,0.00023617697390491456,9.54
1,0,6,-4,8.888194417315589,3.1673856609437286e-05,0.0003127793340181932,8.89
1,0,6,-3,8.544003745317532,7.059805400218199e-06,6.442072427699108e-05,8.54
1,0,6,-2,8.544003745317532,7.058957627713154e-06,6.441298835288253e-05,8.54
1,0,6,-1,8.88819441731559,3.1672061643639714e-05,0.0003127616087309423,8.89
1,0,6,0,9.539392014169458,2.0761364161884123e-05,0.00023616051734143197,9.54
1,0,6,1,10.440306508910552,6.083877146914867e-06,8.28928261267151e-05,10.44
1,0,6,2,11.532562594670797,9.091013479545939e-07,1.5113809909745126e-05,11.53
1,0,6,3,12.767145334803706,4.442878685129719e-08,9.052365320951803e-07,12.77
1,0,6,4,14.106735979665885,3.6638559976633576e-09,9.113841794187602e-08,14.11
1,0,6,5,15.524174696260024,3.230402925297615e-10,9.731588812459066e-09,15.52
1,0,6,6,17.0,1.8519844327188223e-09,6.690293763196745e-08,17.0
1,0,6,7,18.520259177452132,2.0264514620372394e-11,8.688410643484662e-10,18.52
1,0,6,8,20.07485989988473,5.652641959534982e-11,2.8475183871157463e-09,20.07
1,0,6,9,21.656407827707714,1.4930922801635144e-13,8.753253492458602e-12,21.66
1,0,6,10,23.25940669922601,6.646578799881493e-12,4.494748913419858e-10,23.26
1,0,6,11,24.879710609249454,2.419352129779105e-11,1.8719737104165817e-09,24.88
1,0,6,12,26.5141471671257,2.985069181669385e-11,2.6231295433919714e-09,26.51
1,0,6,13,28.160255680657443,3.2379088174158696e-11,3.20957711526348e-09,28.16
1,0,6,14,29.816103031751144,2.8200748150117496e-11,3.133808138181806e-09,29.82
1,0,6,15,31.480152477394384,2.259998204315973e-11,2.799572775596411e-09,31.48
1,0,6,16,33.151168908501546,1.631004020856806e-11,2.240591773652036e-09,33.15
1,0,6,17,34.82814953453599,1.0818138629703112e-11,1.6403002697287333e-09,34.83
1,0,6,18,36.51027252705736,6.3881218849520595e-12,1.0644208090801363e-09,36.51
1,0,6,19,38.19685850956855,3.1837186092858755e-12,5.806306813685113e-10,38.2
1,0,6,20,39.887341350358255,1.1231035960338216e-12,2.233572276612262e-10,39.89
1,0,6,21,41.58124577258358,1.2354351791290822e-13,2.6700842808927286e-11,41.58
1,0,6,22,43.2781700167648,1.2353280969381225e-13,2.8922119069563787e-11,43.28
1,0,6,23,44.97777228809803,1.1232188361557976e-12,2.840339631928972e-10,44.98
1,0,7,-23,36.055512754639885,1.6258918942667606e-12,2.6420743281834847e-10,36.06
1,0,7,-22,34.39476704383967,2.3432254444807372e-12,3.4650446260258887e-10,34.39
1,0,7,-21,32.741411087489794,2.9467919872725723e-12,3.948701262945245e-10,32.74
1,0,7,-20,31.096623610932422,3.2323436056266417e-12,3.9070953333012023e-10,31.1
1,0,7,-19,29.461839725312466,2.890463217588612e-12,3.1361525910836426e-10,29.46
1,0,7,-18,27.838821814150105,1.9980659843474542e-12,1.9356264223365956e-10,27.84
1,0,7,-17,26.229754097207998,5.184977315123541e-13,4.459080491006244e-11,26.23
1,0,7,-16,24.637369989509832,1.8575516885647607e-14,1.4094173436985114e-12,24.64
1,0,7,-15,23.06512518934159,3.824102166714515e-12,2.543027940865152e-10,23.07
1,0,7,-14,21.51743479135001,4.158577628562566e-12,2.406776802530584e-10,21.52
1,0,7,-13,19.999999999999996,9.639017784511868e-11,4.819508892255932e-09,20.0
1,0,7,-12,18.520259177452132,1.9315509275542857e-11,8.281524601888999e-10,18.52
1,0,7,-11,17.08800749063506,3.34304479204224e-10,1.2202113490954173e-08,17.09
1,0,7,-10,15.71623364550171,1.8011974419487833e-09,5.561197102016868e-08,15.72
1,0,7,-9,14.422205101855955,6.421443460538095e-08,1.6695752997399044e-06,14.42
1,0,7,-8,13.228756555322951,6.810486679976522e-07,1.4897939612448636e-05,13.23
1,0,7,-7,12.165525060596437,3.614638966471638e-06,6.687082087972528e-05,12.17
1,0,7,-6,11.269427669584642,1.103468408531385e-05,0.0001751756098543573,11.27
1,0,7,-5,10.583005244258363,1.7536713404812377e-05,0.0002455139876673733,10.58
1,0,7,-4,10.14889156509222,1.839488213738354e-05,0.00023683410751881308,10.15
1,0,7,-3,10.0,1.717501404078181e-05,0.00021468767550977263,10.0
1,0,7,-2,10.148891565092221,1.839456686310228e-05,0.00023683004836244192,10.15
1,0,7,-1,10.583005244258363,1.7536119133398546e-05,0.0002455056678675797,10.58
1,0,7,0,11.269427669584646,1.103401843854766e-05,0.0001751650427119441,11.27
1,0,7,1,12.16552506059644,3.61417357852375e-06,6.686221120268938e-05,12.17
1,0,7,2,13.228756555322953,6.808241166367482e-07,1.4893027551428866e-05,13.23
1,0,7,3,14.422205101855958,6.41432425727255e-08,1.667724306890863e-06,14.42
1,0,7,4,15.716233645501712,1.78966672148374e-09,5.525596002581048e-08,15.72
1,0,7,5,17.08800749063506,3.3885660278257696e-10,1.2368266001564057e-08,17.09
1,0,7,6,18.520259177452132,2.0264514620444985e-11,8.688410643515786e-10,18.52
1,0,7,7,19.999999999999996,9.809602519791342e-11,4.904801259895669e-09,20.0
1,0,7,8,21.51743479135001,3.893370641567044e-12,2.253288258806926e-10,21.52
1,0,7,9,23.065125189341586,4.012380546825676e-12,2.6682330636390736e-10,23.07
1,0,7,10,24.637369989509835,1.083389479212821e-14,8.220217673527277e-13,24.64
1,0,7,11,26.229754097207998,4.893644206245059e-13,4.20853401737075e-11,26.23
1,0,7,12,27.838821814150105,2.0330455425556075e-12,1.9695128693507441e-10,27.84
1,0,7,13,29.461839725312466,2.8667570522349137e-12,3.11043140167488e-10,29.46
1,0,7,14,31.096623610932422,3.245878244014391e-12,3.9234553274523946e-10,31.1
1,0,7,15,32.741411087489794,2.9401581325578523e-12,3.9398118976275203e-10,32.74
1,0,7,16,34.39476704383967,2.3461553178401406e-12,3.4693771762561064e-10,34.39
1,0,7,17,36.055512754639885,1.6247219491755969e-12,2.6401731674103436e-10,36.06
1,0,7,18,37.722672227720025,9.59741148138349e-13,1.707139567251088e-10,37.72
1,0,7,19,39.395431207184416,4.3764587798628125e-13,8.490330032933855e-11,39.4
1,0,7,20,41.07310555582569,1.1090736648024258e-13,2.3387590906521144e-11,41.07
1,0,7,21,42.7551166528639,3.33667248634008e-22,7.624296631287083e-20,42.76
1,0,7,22,44.440972086577936,1.1087388529842443e-13,2.7371990433048522e-11,44.44
1,0,7,23,46.13025037868318,4.3777807678908855e-13,1.1644896842589753e-10,46.13
1,0,8,-23,35.67912554982254,2.520253204370318e-13,4.010352911454266e-11,35.68
1,0,8,-22,34.0440890610984,2.8908517750713024e-13,4.1881215091345476e-11,34.04
1,0,8,-21,32.41913015489465,2.5686750141173125e-13,3.374596799796619e-11,32.42
1,0,8,-20,30.805843601498722,1.7999388298406442e-13,2.1351774368984636e-11,30.81
1,0,8,-19,29.206163733020464,3.942169891187386e-14,4.20333864647855e-12,29.21
1,0,8,-18,27.622454633866262,7.590391628073135e-17,7.23933601527475e-15,27.62
1,0,8,-17,26.05762844159076,3.3670009130257646e-13,2.857742024930617e-11,26.06
1,0,8,-16,24.51530134426252,2.1755065774956533e-13,1.634349316343609e-11,24.52
1,0,8,-15,22.999999999999996,7.106481605366604e-12,4.699160961548666e-10,23.0
1,0,8,-14,21.51743479135001,3.4451954827031474e-12,1.9939068856144458e-10,21.52
1,0,8,-13,20.07485989988473,5.4325870930255675e-11,2.7366657481116287e-09,20.07
1,0,8,-12,18.681541692269402,1.1482995698121892e-11,5.009456873305673e-10,18.68
1,0,8,-11,17.34935157289747,2.7451610808076107e-09,1.0328668566538631e-07,17.35
1,0,8,-10,16.093476939431078,4.992791914236331e-08,1.6164163822340113e-06,16.09
1,0,8,-9,14.933184523068077,3.7277596875867086e-07,1.0391130129147947e-05,14.93
1,0,8,-8,13.892443989449802,1.656898550675474e-06,3.99726775350458e-05,13.89
1,0,8,-7,12.999999999999998,4.188544799112695e-06,8.848300888125566e-05,13.0
1,0,8,-6,12.288205727444506,6.494712797007105e-06,0.00012258770404350908,12.29
1,0,8,-5,11.789826122551595,5.116243334125359e-06,8.88947279304281e-05,11.79
1,0,8,-4,11.532562594670797,8.779239434503504e-07,1.4595485559862078e-05,11.53
1,0,8,-3,11.532562594670797,8.775291690617677e-07,1.458892243565189e-05,11.53
1,0,8,-2,11.789826122551595,5.115273171179407e-06,8.887787134924217e-05,11.79
1,0,8,-1,12.288205727444508,6.493588061187868e-06,0.000122566474654921,12.29
1,0,8,0,13.0,4.187615977743508e-06,8.84633875298316e-05,13.0
1,0,8,1,13.892443989449806,1.6563056190195509e-06,3.995837305884667e-05,13.89
1,0,8,2,14.933184523068078,3.724973688250316e-07,1.0383364155997756e-05,14.93
1,0,8,3,16.093476939431078,4.983025024547123e-08,1.6132543516971303e-06,16.09
1,0,8,4,17.34935157289747,2.7241165228626377e-09,1.024948841727067e-07,17.35
1,0,8,5,18.681541692269402,1.0315733553313814e-11,4.5002387626331496e-10,18.68
1,0,8,6,20.07485989988473,5.6526419595317937e-11,2.8475183871141403e-09,20.07
1,0,8,7,21.51743479135001,3.893370641576561e-12,2.2532882588124338e-10,21.52
1,0,8,8,22.999999999999996,7.581010840373665e-12,5.012943418197085e-10,23.0
1,0,8,9,24.51530134426252,1.6375340393178471e-13,1.2301974470375323e-11,24.52
1,0,8,10,26.05762844159076,3.859666051691511e-13,3.275891561373169e-11,26.06
1,0,8,11,27.622454633866262,2.8588093612581155e-16,2.726589428299927e-14,27.62
1,0,8,12,29.206163733020464,3.3658691920821786e-14,3.5888580260576225e-12,29.21
1,0,8,13,30.805843601498722,1.871919133858381e-13,2.2205640725395037e-11,30.81
1,0,8,14,32.419130154894646,2.523780781541058e-13,3.315617001749563e-11,32.42
1,0,8,15,34.0440890610984,2.915185611294592e-13,4.223375154363039e-11,34.04
1,0,8,16,35.67912554982254,2.5091432594351274e-13,3.992674211576144e-11,35.68
1,0,8,17,37.32291521304304,1.8359368509813088e-13,3.196825041771203e-11,37.32
1,0,8,18,38.974350539810146,1.0443982968433271e-13,1.983051266131267e-11,38.97
1,0,8,19,40.63249930782008,4.044382324910877e-14,8.34659402303482e-12,40.63
1,0,8,20,42.296571965113195,4.619625673853286e-15,1.0330637913154409e-12,42.3
1,0,8,21,43.96589587396121,4.623492045135819e-15,1.1171512654059419e-12,43.97
1,0,8,22,45.639894828976104,4.040217509193517e-14,1.0519716339562618e-11,45.64
1,0,8,23,47.31807265728392,1.0459719370384482e-13,2.927413958786357e-11,47.32
1,0,9,-23,35.383612025908256,1.82117398693604e-14,2.850137289554901e-12,35.38
1,0,9,-22,33.77869150810907,1.2740527029616854e-14,1.8171176675991035e-12,33.78
1,0,9,-21,32.186953878862155,3.400828482144075e-15,4.4040728843765753e-13,32.19
1,0,9,-20,30.61045573002793,6.895313760647625e-17,8.076136242158527e-15,30.61
1,0,9,-19,29.051678092667895,1.8423797119131357e-14,1.9437105960683576e-12,29.05
1,0,9,-18,27.513632984395205,2.7233451775152678e-14,2.5769653742238213e-12,27.51
1,0,9,-17,25.999999999999996,3.475291099861873e-13,2.9366209793832813e-11,26.0
1,0,9,-16,24.51530134426252,8.921286742220231e-14,6.702116665092946e-12,24.52
1,0,9,-15,23.06512518934159,3.460489112866544e-12,2.301225260056251e-10,23.07
1,0,9,-14,21.65640782770771,3.219333515000097e-13,1.8873342731688057e-11,21.66
1,0,9,-13,20.297783130184435,1.596809113667889e-10,8.223566935389624e-09,20.3
1,0,9,-12,18.999999999999996,4.110313059028083e-09,1.854778767886422e-07,19.0
1,0,9,-11,17.776388834631174,3.9305343631385844e-08,1.5525610734397402e-06,17.78
1,0,9,-10,16.643316977093235,2.353153560598706e-07,8.147794203573016e-06,16.64
1,0,9,-9,15.620499351813306,8.699468910724644e-07,2.6533380177710156e-05,15.62
1,0,9,-8,14.730919862656233,2.1682703574241285e-06,5.881433344512946e-05,14.73
1,0,9,-7,13.999999999999998,3.4644011953871555e-06,8.487782928698528e-05,14.0
1,0,9,-6,13.45362404707371,3.439219341137273e-06,7.78123375932308e-05,13.45
1,0,9,-5,13.114877048604,2.2966766978728073e-06,4.937854900426535e-05,13.11
1,0,9,-4,12.999999999999998,1.7250459354710012e-06,3.644159538682489e-05,13.0
1,0,9,-3,13.114877048604,2.2964929935404877e-06,4.937459936112048e-05,13.11
1,0,9,-2,13.45362404707371,3.438780788366156e-06,7.780241533678428e-05,13.45
1,0,9,-1,13.999999999999998,3.4637691524404297e-06,8.486234423479051e-05,14.0
1,0,9,0,14.730919862656235,2.1676458531607724e-06,5.879739376698594e-05,14.73
1,0,9,1,15.620499351813308,8.694953693371393e-07,2.6519608764782746e-05,15.62
1,0,9,2,16.643316977093235,2.3506555426257078e-07,8.13914481634151e-06,16.64
1,0,9,3,17.776388834631174,3.92033068898336e-08,1.5485306221484264e-06,17.78
1,0,9,4,18.999999999999996,4.079247469676483e-09,1.8407604206915122e-07,19.0
1,0,9,5,20.297783130184435,1.542718387566114e-10,7.944999695965484e-09,20.3
1,0,9,6,21.65640782770771,1.4930922801593962e-13,8.753253492434456e-12,21.66
1,0,9,7,23.06512518934159,4.012380546809873e-12,2.668233063628565e-10,23.07
1,0,9,8,24.51530134426252,1.6375340393575918e-13,1.2301974470673904e-11,24.52
1,0,9,9,25.999999999999996,4.3997197354280126e-13,3.717763176436669e-11,26.0
1,0,9,10,27.513632984395205,1.3655293630013247e-14,1.2921321597400031e-12,27.51
1,0,9,11,29.051678092667895,2.7298460175127948e-14,2.8799875484759976e-12,29.05
1,0,9,12,30.61045573002793,7.491181836461019e-17,8.774046725954965e-15,30.61
1,0,9,13,32.186953878862155,2.412359902390718e-15,3.124006073595978e-13,32.19
1,0,9,14,33.77869150810907,1.3833232922478635e-14,1.972964845568515e-12,33.78
1,0,9,15,35.383612025908256,1.7585553068904554e-14,2.752139055283561e-12,35.38
1,0,9,16,36.99999999999999,1.8793700372786108e-14,3.2160719762930214e-12,37.0
1,0,9,17,38.626415831655926,1.3763161589575463e-14,2.566829636455823e-12,38.63
1,0,9,18,40.26164427839478,7.443769458435808e-15,1.5082937865155549e-12,40.26
1,0,9,19,41.90465367951392,2.036607357419323e-15,4.470353149535413e-13,41.9
1,0,9,20,43.55456348076513,1.9357180603053577e-21,4.590071450499079e-19,43.55
1,0,9,21,45.210618221829264,2.0475579801501215e-15,5.231510639283561e-13,45.21
1,0,9,22,46.872166581031856,7.402201125065317e-15,2.032829483971062e-12,46.87
1,0,9,23,48.53864439804639,1.3885549524937087e-14,4.089294335093972e-12,48.54
1,0,10,-23,35.17101079013794,9.179534157808959e-17,1.4193854691512097e-14,35.17
1,0,10,-22,33.600595232822876,6.910596351297163e-17,9.752579100768116e-15,33.6
1,0,10,-21,32.04684071792413,1.4121461843277432e-15,1.81284266413074e-13,32.05
1,0,10,-20,30.51229260478471,3.0888041166227856e-15,3.5945957907197657e-13,30.51
1,0,10,-19,28.999999999999996,1.98803547164723e-14,2.08992228956915e-12,29.0
1,0,10,-18,27.513632984395205,6.458998035424001e-16,6.11182689101996e-14,27.51
1,0,10,-17,26.05762844159076,2.3756388061843707e-13,2.0163234367489838e-11,26.06
1,0,10,-16,24.637369989509832,6.327387001574533e-15,4.800904887444674e-13,24.64
1,0,10,-15,23.259406699226012,7.92247564553619e-12,5.357574155293847e-10,23.26
1,0,10,-14,21.931712199461305,2.9884928241984327e-10,1.796831310549307e-08,21.93
1,0,10,-13,20.66397831977182,3.529891669673928e-09,1.8840796786884586e-07,20.66
1,0,10,-12,19.46792233393178,2.6736011724882292e-08,1.2666185554662981e-06,19.47
1,0,10,-11,18.357559750685816,1.2879585694207062e-07,5.425525473684723e-06,18.36
1,0,10,-10,17.349351572897472,4.3286280214159556e-07,1.628646293057753e-05,17.35
1,0,10,-9,16.462077633154326,9.860855689999913e-07,3.34036486498747e-05,16.46
1,0,10,-8,15.71623364550171,1.4898055818576877e-06,4.5997747339856104e-05,15.72
1,0,10,-7,15.132745950421555,1.4141534454686324e-06,4.048014237653959e-05,15.13
1,0,10,-6,14.730919862656233,7.46087321333036e-07,2.0237618591158592e-05,14.73
1,0,10,-5,14.52583904633395,9.852233117088348e-08,2.5985264846320515e-06,14.53
1,0,10,-4,14.52583904633395,9.835102509102194e-08,2.5940082867757033e-06,14.53
1,0,10,-3,14.730919862656235,7.455963205739062e-07,2.0224300195567204e-05,14.73
1,0,10,-2,15.132745950421556,1.4134296080903351e-06,4.045942253158585e-05,15.13
1,0,10,-1,15.71623364550171,1.489002873366785e-06,4.597296371519948e-05,15.72
1,0,10,0,16.462077633154326,9.85386728478338e-07,3.337997542720369e-05,16.46
1,0,10,1,17.34935157289747,4.323793220108902e-07,1.626827199065974e-05,17.35
1,0,10,2,18.357559750685816,1.285300546202128e-07,5.414328550876463e-06,18.36
1,0,10,3,19.46792233393178,2.6619130526212174e-08,1.2610813086793014e-06,19.47
1,0,10,4,20.663978319771818,3.490892231193187e-09,1.8632637283993624e-07,20.66
1,0,10,5,21.931712199461305,2.890059418209738e-10,1.7376482251986043e-08,21.93
1,0,10,6,23.25940669922601,6.646578799871253e-12,4.4947489134129334e-10,23.26
1,0,10,7,24.637369989509832,1.0833894791770692e-14,8.220217673256008e-13,24.64
1,0,10,8,26.057628441590758,3.8596660516207946e-13,3.275891561313147e-11,26.06
1,0,10,9,27.513632984395205,1.3655293631480692e-14,1.29213215987886e-12,27.51
1,0,10,10,28.999999999999996,3.97854821283446e-14,4.182448808742225e-12,29.0
1,0,10,11,30.512292604784708,4.237339907488053e-16,4.9312043173392193e-14,30.51
1,0,10,12,32.04684071792413,3.2750125590465514e-15,4.2042973726760093e-13,32.05
1,0,10,13,33.600595232822876,4.372532825755594e-18,6.170736950347578e-16,33.6
1,0,10,14,35.17101079013794,1.8879156694967784e-17,2.9191896039593924e-15,35.17
1,0,10,15,36.7559518989782,5.837124512812897e-16,9.857444021012774e-14,36.76
1,0,10,16,38.35361782153021,5.947855531627235e-16,1.0936619358779575e-13,38.35
1,0,10,17,39.962482405376164,5.649822259594477e-16,1.1278457685715471e-13,39.96
1,0,10,18,41.58124577258358,2.470917101968721e-16,5.3402695866298974e-14,41.58
1,0,10,19,43.2087954009366,3.335283129736876e-17,7.783717004023434e-15,43.21
1,0,10,20,44.844174649557324,3.2662083908146376e-17,8.210431342410295e-15,44.84
1,0,10,21,46.486557196677836,2.5412170035575104e-16,6.864462430859725e-14,46.49
1,0,10,22,48.13522618623496,5.399439021652503e-16,1.5638125266461058e-13,48.14
1,0,10,23,49.7895571380184,6.537996887404388e-16,2.025961785484434e-13,49.79
1,0,11,-23,35.042830935870455,1.176282331310571e-16,1.8055933785617255e-14,35.04
1,0,11,-22,33.51119216023207,8.458860388431772e-16,1.1874125270261093e-13,33.51
1,0,11,-21,31.999999999999996,4.911466204740906e-16,6.286676742068359e-14,32.0
1,0,11,-20,30.51229260478471,2.366518784361973e-15,2.754036235301246e-13,30.51
1,0,11,-19,29.051678092667895,2.9862046467944395e-15,3.150445902368133e-13,29.05
1,0,11,-18,27.622454633866262,3.299880678862736e-14,3.147261197465334e-12,27.62
1,0,11,-17,26.229754097207998,8.62612548133951e-13,7.418467913951975e-11,26.23
1,0,11,-16,24.879710609249454,2.7218377609592172e-11,2.1060219675421937e-09,24.88
1,0,11,-15,23.57965224510319,3.408633977258793e-10,2.3690006141948605e-08,23.58
1,0,11,-14,22.338307903688673,3.0038874846351463e-09,1.873674818541172e-07,22.34
1,0,11,-13,21.166010488516722,1.7628479249389417e-08,9.871948379658071e-07,21.17
1,0,11,-12,20.07485989988473,7.512959204895922e-08,3.7846531994663197e-06,20.07
1,0,11,-11,19.07878402833891,2.2921290030194788e-07,1.0429186963738624e-05,19.08
1,0,11,-10,18.193405398660254,5.013708132449451e-07,2.0744217398009605e-05,18.19
1,0,11,-9,17.435595774162692,7.708521856935459e-07,2.929238305635474e-05,17.44
1,0,11,-8,16.82260384126072,8.164847997332336e-07,2.8883149790563126e-05,16.82
1,0,11,-7,16.3707055437449,5.773402495670075e-07,1.9340898360494753e-05,16.37
1,0,11,-6,16.09347693943108,3.0225876630084104e-07,9.78562755898973e-06,16.09
1,0,11,-5,16.0,2.0108744487711172e-07,6.434798236067575e-06,16.0
1,0,11,-4,16.09347693943108,3.021574132238272e-07,9.782346253121407e-06,16.09
1,0,11,-3,16.370705543744897,5.770633895159664e-07,1.9331623548784867e-05,16.37
1,0,11,-2,16.82260384126072,8.160021183511867e-07,2.8866074936673218e-05,16.82
1,0,11,-1,17.435595774162692,7.702503846715219e-07,2.9269514617517827e-05,17.44
1,0,11,0,18.19340539866025,5.007989134906542e-07,2.0720555045675814e-05,18.19
1,0,11,1,19.07878402833891,2.287868276633758e-07,1.0409800658683594e-05,19.08
1,0,11,2,20.07485989988473,7.487650732014792e-08,3.7719040562524507e-06,20.07
1,0,11,3,21.166010488516722,1.7508487412892705e-08,9.804752951219912e-07,21.17
1,0,11,4,22.338307903688673,2.9581976458866224e-09,1.84517578162178e-07,22.34
1,0,11,5,23.57965224510319,3.2753964443364785e-10,2.2764005288138522e-08,23.58
1,0,11,6,24.879710609249454,2.4193521297806947e-11,1.8719737104178117e-09,24.88
1,0,11,7,26.229754097207998,4.893644206212584e-13,4.208534017342821e-11,26.23
1,0,11,8,27.622454633866266,2.858809362069235e-16,2.7265894290735325e-14,27.62
1,0,11,9,29.051678092667895,2.729846017444891e-14,2.8799875484043592e-12,29.05
1,0,11,10,30.51229260478471,4.23733990803278e-16,4.931204317973146e-14,30.51
1,0,11,11,31.999999999999993,3.9206274431440056e-15,5.018403127224325e-13,32.0
1,0,11,12,33.51119216023208,4.844337110129303e-17,6.800238218344007e-15,33.51
1,0,11,13,35.042830935870455,4.946303422783345e-16,7.59257575397243e-14,35.04
1,0,11,14,36.592348927063966,1.121062865962441e-17,1.8763789719046346e-15,36.59
1,0,11,15,38.157568056677825,2.149153363865206e-17,3.911459122234675e-15,38.16
1,0,11,16,39.736632972611055,1.1085441594144067e-18,2.1879890346441852e-16,39.74
1,0,11,17,41.32795663954365,6.325313719930981e-19,1.3504544792052644e-16,41.33
1,0,11,18,42.93017586733136,1.2718553872048066e-18,2.9300368482730726e-16,42.93
1,0,11,19,44.54211490264017,9.028902357319063e-21,2.239167784615127e-18,44.54
1,0,11,20,46.16275555033516,7.419479994857152e-19,1.976363983630074e-16,46.16
1,0,11,21,47.791212581394085,1.7968395868719116e-18,5.129977020519308e-16,47.79
1,0,11,22,49.42671342502959,2.213172887609057e-20,6.758476705536159e-18,49.43
1,0,11,23,51.068581339214816,4.040954290014392e-18,1.3173510985446917e-15,51.07
1,0,12,-23,34.99999999999999,6.862349812778735e-22,1.0507973150817434e-19,35.0
1,0,12,-22,33.51119216023207,1.5859220823273217e-15,2.2262381230669764e-13,33.51
1,0,12,-21,32.04684071792413,6.228125874482036e-16,7.995356591366312e-14,32.05
1,0,12,-20,30.61045573002793,2.0459305740054274e-14,2.396296184803856e-12,30.61
1,0,12,-19,29.206163733020464,1.5042310552649828e-13,1.6038863626762876e-11,29.21
1,0,12,-18,27.838821814150105,2.9423772601031584e-12,2.850427970724934e-10,27.84
1,0,12,-17,26.5141471671257,3.417965173251868e-11,3.003536895995078e-09,26.51
1,0,12,-16,25.23885892824792,3.2445461708597733e-10,2.5834698885470934e-08,25.24
1,0,12,-15,24.020824298928627,2.181142519224086e-09,1.5731490419903718e-07,24.02
1,0,12,-14,22.86919325205854,1.1087618466414567e-08,7.248530572418522e-07,22.87
1,0,12,-13,21.794494717703365,4.189709343221417e-08,2.487639922537716e-06,21.79
1,0,12,-12,20.80865204668481,1.1836813831624255e-07,6.406675486366626e-06,20.81
1,0,12,-11,19.924858845171272,2.460739552243639e-07,1.2211420028009056e-05,19.92
1,0,12,-10,19.157244060668017,3.6953886997956654e-07,1.6952595660312615e-05,19.16
1,0,12,-9,18.520259177452136,3.8453043806808357e-07,1.6486742532169087e-05,18.52
1,0,12,-8,18.027756377319946,2.632443367982888e-07,1.0694301182430483e-05,18.03
1,0,12,-7,17.691806012954135,1.0443706238001114e-07,4.086100065617937e-06,17.69
1,0,12,-6,17.52141546793523,1.1696082224830692e-08,4.488371553778778e-07,17.52
1,0,12,-5,17.52141546793523,1.1622587754131922e-08,4.460168050648125e-07,17.52
1,0,12,-4,17.69180601295413,1.0420186278608645e-07,4.076897881505631e-06,17.69
1,0,12,-3,18.027756377319946,2.6282569309578796e-07,1.0677293782016387e-05,18.03
1,0,12,-2,18.520259177452132,3.839532081866806e-07,1.6461993801003927e-05,18.52
1,0,12,-1,19.157244060668017,3.68898458444949e-07,1.6923216781162036e-05,19.16
1,0,12,0,19.924858845171272,2.454977323970572e-07,1.2182824970203959e-05,19.92
1,0,12,1,20.80865204668481,1.179438656451055e-07,6.383711728041333e-06,20.81
1,0,12,2,21.79449471770337,4.164112087501692e-08,2.47244155195413e-06,21.79
1,0,12,3,22.86919325205854,1.0960811972495096e-08,7.165630827018667e-07,22.87
1,0,12,4,24.020824298928627,2.129984492818804e-09,1.5362513154455624e-07,24.02
1,0,12,5,25.238858928247925,3.0760973115557377e-10,2.449342484326256e-08,25.24
1,0,12,6,26.514147167125703,2.9850691816756816e-11,2.623129543397505e-09,26.51
1,0,12,7,27.83882181415011,2.033045542553484e-12,1.969512869348687e-10,27.84
1,0,12,8,29.206163733020464,3.365869192206796e-14,3.5888580261904957e-12,29.21
1,0,12,9,30.61045573002793,7.491181841927342e-17,8.774046732357396e-15,30.61
1,0,12,10,32.04684071792413,3.275012559696035e-15,4.2042973735097835e-13,32.05
1,0,12,11,33.51119216023207,4.844337108488417e-17,6.8002382160406114e-15,33.51
1,0,12,12,35.0,6.203274215967175e-16,9.498763643199738e-14,35.0
1,0,12,13,36.51027252705737,6.268970222797945e-18,1.0445671633737075e-15,36.51
1,0,12,14,38.03945320322047,9.838657102897518e-17,1.7795671034865885e-14,38.04
1,0,12,15,39.585350825778974,7.64870500295207e-18,1.4981900924532369e-15,39.59
1,0,12,16,41.14608122288197,1.2366901232042763e-17,2.6171454732310496e-15,41.15
1,0,12,17,42.720018726587654,1.3294154922907686e-18,3.0327290917883156e-16,42.72
1,0,12,18,44.30575583375145,3.40864961410319e-19,8.363973990605704e-17,44.31
1,0,12,19,45.902069670114,2.051172559044335e-19,5.4022757273830174e-17,45.9
1,0,12,20,47.50789408087881,2.6985723154375048e-18,7.61334714492806e-16,47.51
1,0,12,21,49.122296363260546,5.373087924589513e-18,1.6206576452543118e-15,49.12
1,0,12,22,50.74445782546109,3.00513001287644e-17,9.672762228946039e-15,50.74
1,0,12,23,52.373657500693994,1.5907175510119166e-17,5.4541728030321095e-15,52.37
1,0,13,-23,35.042830935870455,9.661874519535392e-16,1.4830977387486819e-13,35.04
1,0,13,-22,33.600595232822876,9.692951922609065e-15,1.3679178400782035e-12,33.6
1,0,13,-21,32.186953878862155,4.438988417499338e-14,5.74849000066164e-12,32.19
1,0,13,-20,30.805843601498722,4.67514744773993e-13,5.5458936598814904e-11,30.81
1,0,13,-19,29.461839725312466,4.224012933061465e-12,4.5830540323716877e-10,29.46
1,0,13,-18,28.160255680657443,3.814263126899126e-11,3.780888324538758e-09,28.16
1,0,13,-17,26.907248094147416,2.7145647816026775e-10,2.4566811273504222e-08,26.91
1,0,13,-16,25.70992026436488,1.5534353324955589e-09,1.2835259434744552e-07,25.71
1,0,13,-15,24.576411454889012,6.899046753589656e-09,5.208780298960189e-07,24.58
1,0,13,-14,23.51595203260969,2.3831077554534856e-08,1.6473232359572213e-06,23.52
1,0,13,-13,22.538855339169288,6.316849910742446e-08,4.011199693321453e-06,22.54
1,0,13,-12,21.656407827707714,1.272721584937223e-07,7.461330291694469e-06,21.66
1,0,13,-11,20.880613017821098,1.9085723436746875e-07,1.0401719273027045e-05,20.88
1,0,13,-10,20.223748416156685,2.0908632069374592e-07,1.068953814546776e-05,20.22
1,0,13,-9,19.697715603592208,1.6377180577356067e-07,7.942932580017692e-06,19.7
1,0,13,-8,19.313207915827963,9.182326436605421e-08,4.281259701067277e-06,19.31
1,0,13,-7,19.078784028338912,4.182778092299178e-08,1.9031640319961261e-06,19.08
1,0,13,-6,18.999999999999996,2.6910531684277113e-08,1.2143377422530044e-06,19.0
1,0,13,-5,19.07878402833891,4.1774464675514734e-08,1.9007381427359195e-06,19.08
1,0,13,-4,19.313207915827963,9.166462904294584e-08,4.273863329127348e-06,19.31
1,0,13,-3,19.697715603592204,1.6345336334006633e-07,7.927488121993213e-06,19.7
1,0,13,-2,20.223748416156678,2.0860957588775994e-07,1.066516456726172e-05,20.22
1,0,13,-1,20.880613017821098,1.9030018254567504e-07,1.0371359948739286e-05,20.88
1,0,13,0,21.65640782770771,1.2675021574691173e-07,7.430731398162696e-06,21.66
1,0,13,1,22.538855339169285,6.27704638471245e-08,3.9859244542924045e-06,22.54
1,0,13,2,23.515952032609693,2.358120527223281e-08,1.630050814443093e-06,23.52
1,0,13,3,24.576411454889012,6.769517041557618e-09,5.110985366376001e-07,24.58
1,0,13,4,25.70992026436488,1.4978027954590599e-09,1.237559559748048e-07,25.71
1,0,13,5,26.90724809414742,2.5179435309116325e-10,2.2787388954750275e-08,26.91
1,0,13,6,28.160255680657443,3.2379088174118087e-11,3.2095771152594544e-09,28.16
1,0,13,7,29.461839725312466,2.866757052239487e-12,3.110431401679842e-10,29.46
1,0,13,8,30.805843601498722,1.8719191338726132e-13,2.220564072556387e-11,30.81
1,0,13,9,32.186953878862155,2.4123599027640476e-15,3.12400607407944e-13,32.19
1,0,13,10,33.600595232822876,4.372532816912722e-18,6.170736937868076e-16,33.6
1,0,13,11,35.04283093587046,4.946303421967523e-16,7.592575752720147e-14,35.04
1,0,13,12,36.51027252705737,6.268970254688455e-18,1.0445671686874639e-15,36.51
1,0,13,13,38.00000000000001,9.848494791705276e-17,1.777653309902803e-14,38.0
1,0,13,14,39.509492530276816,1.502805216955749e-18,2.9323486795849044e-16,39.51
1,0,13,15,41.036569057366385,1.5011903520241323e-17,3.160005691010799e-15,41.04
1,0,13,16,42.57933771208754,1.2843412855454194e-18,2.9106384383673076e-16,42.58
1,0,13,17,44.13615298142782,1.2292036546442586e-18,2.9931108990587694e-16,44.14
1,0,13,18,45.70557952810576,3.9445290062843804e-20,1.0300151367660089e-17,45.71
1,0,13,19,47.286361670147556,2.880507366646302e-19,8.051018089776414e-17,47.29
1,0,13,20,48.877397639399746,5.515896556524202e-18,1.6471846091920398e-15,48.88
1,0,13,21,50.47771785649585,1.2458103091430215e-18,3.9679058346205234e-16,50.48
1,0,13,22,52.086466572421664,5.471858860227383e-17,1.8556441359746112e-14,52.09
1,0,13,23,53.70288632839021,1.1716999171136553e-17,4.2239782011947275e-15,53.7
1,0,14,-23,35.17101079013794,1.3591424075263398e-14,2.1015739476376022e-12,35.17
1,0,14,-22,33.77869150810907,9.676425474657416e-14,1.3801001833230138e-11,33.78
1,0,14,-21,32.41913015489465,6.565395418275916e-13,8.625288230759982e-11,32.42
1,0,14,-20,31.096623610932422,5.0835787694817955e-12,6.144775837611119e-10,31.1
1,0,14,-19,29.816103031751144,3.514618569414128e-11,3.905619885261449e-09,29.82
1,0,14,-18,28.5832118559129,2.1222550934881766e-10,2.1673530142248e-08,28.58
1,0,14,-17,27.404379212089438,1.0493910209509914e-09,9.851158209177428e-08,27.4
1,0,14,-16,26.286878856189826,4.203066924635447e-09,3.6303990561538667e-07,26.29
1,0,14,-15,25.23885892824792,1.3382100821090966e-08,1.0655497778793678e-06,25.24
1,0,14,-14,24.269322199023193,3.3559054489784295e-08,2.4707853868103685e-06,24.27
1,0,14,-13,23.388031127052997,6.518318711082007e-08,4.456900418702322e-06,23.39
1,0,14,-12,22.60530911091463,9.645527179989445e-08,6.1610804862182574e-06,22.61
1,0,14,-11,21.931712199461305,1.0603217198501445e-07,6.375184340598991e-06,21.93
1,0,14,-10,21.37755832643195,8.377735355270448e-08,4.785781321698243e-06,21.38
1,0,14,-9,20.95232683975696,4.517830152572019e-08,2.479159296223895e-06,20.95
1,0,14,-8,20.66397831977182,1.4859825086175768e-08,7.931431639746314e-07,20.66
1,0,14,-7,20.51828452868319,1.4842845987624125e-09,7.811047700987194e-08,20.52
1,0,14,-6,20.51828452868319,1.4533824974210088e-09,7.648425392678057e-08,20.52
1,0,14,-5,20.66397831977182,1.4751474851375465e-08,7.873599701921652e-07,20.66
1,0,14,-4,20.95232683975696,4.495522600171439e-08,2.4669180268440764e-06,20.95
1,0,14,-3,21.37755832643195,8.340993342968924e-08,4.764792447170997e-06,21.38
1,0,14,-2,21.931712199461305,1.0553627328747888e-07,6.3453684314096656e-06,21.93
1,0,14,-1,22.60530911091463,9.590375855716552e-08,6.125852577838947e-06,22.61
1,0,14,0,23.388031127052997,6.46755040268797e-08,4.422187587837898e-06,23.39
1,0,14,1,24.26932219902319,3.317029695545052e-08,2.4421631133450435e-06,24.27
1,0,14,2,25.23885892824792,1.3133797603766357e-08,1.0457786341998958e-06,25.24
1,0,14,3,26.28687885618983,4.07033271976943e-09,3.515749886700845e-07,26.29
1,0,14,4,27.404379212089438,9.900557089993595e-10,9.294147968231485e-08,27.4
1,0,14,5,28.583211855912904,1.8999259565540166e-10,1.9402993831307893e-08,28.58
1,0,14,6,29.816103031751148,2.8200748150168468e-11,3.133808138187471e-09,29.82
1,0,14,7,31.096623610932422,3.245878244035008e-12,3.923455327477315e-10,31.1
1,0,14,8,32.41913015489465,2.5237807815659e-13,3.3156170017822005e-11,32.42
1,0,14,9,33.77869150810907,1.3833232922818253e-14,1.972964845616953e-12,33.78
1,0,14,10,35.17101079013795,1.887915664629856e-17,2.919189596433915e-15,35.17
1,0,14,11,36.59234892706398,1.1210628681316188e-17,1.8763789755352975e-15,36.59
1,0,14,12,38.03945320322047,9.838657106499766e-17,1.779567104138145e-14,38.04
1,0,14,13,39.50949253027682,1.5028052182137122e-18,2.9323486820395058e-16,39.51
1,0,14,14,41.0,1.4227036842176187e-17,2.9894561164622714e-15,41.0
1,0,14,15,42.50882261366456,1.7068537321527945e-19,3.855355867500124e-17,42.51
1,0,14,16,44.034077712607996,1.2429709780210226e-18,3.012650907978454e-16,44.03
1,0,14,17,45.574115460423364,3.944338144923316e-20,1.0240487908757158e-17,45.57
1,0,14,18,47.12748667179272,2.346790805446033e-19,6.51527797361955e-17,47.13
1,0,14,19,48.692915295759406,8.40753833131307e-22,2.4917841729429114e-19,48.69
1,0,14,20,50.269274910227224,9.80934216204461e-18,3.098525955435842e-15,50.27
1,0,14,21,51.85556864985669,6.498513488000784e-18,2.1843128461542637e-15,51.86
1,0,14,22,53.45091205957107,1.6611837241697855e-16,5.932502374941346e-14,53.45
1,0,14,23,55.054518434003214,4.057359386172922e-16,1.5372320374362657e-13,55.05
1,0,15,-23,35.383612025908256,1.3120005504508696e-13,2.0532808614556096e-11,35.38
1,0,15,-22,34.0440890610984,8.371464567959416e-13,1.21281592928312e-10,34.04
1,0,15,-21,32.741411087489794,5.191966728855057e-12,6.957235416665773e-10,32.74
1,0,15,-20,31.480152477394384,3.0656141418930697e-11,3.797529518270039e-09,31.48
1,0,15,-19,30.26549190084311,1.5867741357605692e-10,1.8168563854458516e-08,30.27
1,0,15,-18,29.10326442171049,6.999510355329785e-10,7.410731588705408e-08,29.1
1,0,15,-17,27.999999999999996,2.553529734800701e-09,2.502459140104686e-07,28.0
1,0,15,-16,26.962937525425524,7.598432833756958e-09,6.905075837676635e-07,26.96
1,0,15,-15,25.999999999999996,1.814657086156969e-08,1.5333852378026382e-06,26.0
1,0,15,-14,25.119713374160934,3.432950200115e-08,2.707739470340705e-06,25.12
1,0,15,-13,24.331050121192877,5.0575090882147026e-08,3.7425567252788792e-06,24.33
1,0,15,-12,23.643180835073775,5.6982409116871484e-08,3.981645837041394e-06,23.64
1,0,15,-11,23.06512518934159,4.815608603190391e-08,3.2023797211216094e-06,23.07
1,0,15,-10,22.605309110914625,3.021501397447503e-08,1.9299840176195916e-06,22.61
1,0,15,-9,22.271057451320083,1.4401765192994619e-08,8.92909441965666e-07,22.27
1,0,15,-8,22.068076490713903,6.150853121652797e-09,3.7443318378061376e-07,22.07
1,0,15,-7,21.999999999999996,3.960994912991545e-09,2.3964019223598836e-07,22.0
1,0,15,-6,22.068076490713906,6.123992477338295e-09,3.727980420579686e-07,22.07
1,0,15,-5,22.271057451320083,1.4317659280892695e-08,8.876948754153467e-07,22.27
1,0,15,-4,22.605309110914625,3.002643220008315e-08,1.9179383567803106e-06,22.61
1,0,15,-3,23.065125189341586,4.782868080019843e-08,3.1806072732131945e-06,23.07
1,0,15,-2,23.64318083507377,5.652798048700568e-08,3.949892636529519e-06,23.64
1,0,15,-1,24.331050121192874,5.006098761303605e-08,3.7045130833646663e-06,24.33
1,0,15,0,25.119713374160934,3.3848898509746785e-08,2.669831869956276e-06,25.12
1,0,15,1,25.999999999999993,1.777204491988861e-08,1.5017377957305868e-06,26.0
1,0,15,2,26.962937525425524,7.353643648736869e-09,6.682623665789629e-07,26.96
1,0,15,3,27.999999999999993,2.4189792248504296e-09,2.3705996403534196e-07,28.0
1,0,15,4,29.10326442171049,6.375845458292507e-10,6.75042637896719e-08,29.1
1,0,15,5,30.26549190084311,1.3431449258033196e-10,1.537900940044801e-08,30.27
1,0,15,6,31.480152477394384,2.2599982043170014e-11,2.799572775597685e-09,31.48
1,0,15,7,32.741411087489794,2.9401581325640655e-12,3.939811897635846e-10,32.74
1,0,15,8,34.044089061098404,2.915185611364951e-13,4.2233751544649726e-11,34.04
1,0,15,9,35.38361202590826,1.7585553068061066e-14,2.7521390551515563e-12,35.38
1,0,15,10,36.75595189897821,5.837124511071545e-16,9.857444018072071e-14,36.76
1,0,15,11,38.157568056677825,2.1491533641093093e-17,3.911459122678943e-15,38.16
1,0,15,12,39.585350825778974,7.648705017732728e-18,1.498190095348398e-15,39.59
1,0,15,13,41.036569057366385,1.50119035228049e-17,3.1600056915504318e-15,41.04
1,0,15,14,42.50882261366456,1.70685374196548e-19,3.855355889664528e-17,42.51
1,0,15,15,44.0,1.4068463718826696e-18,3.4045682199560603e-16,44.0
1,0,15,16,45.50824101193101,4.877884328858571e-21,1.2627623056332625e-18,45.51
1,0,15,17,47.031904065219386,1.6468898383092336e-19,4.553650402925031e-17,47.03
1,0,15,18,48.569537778323564,1.2984101320826008e-18,3.828686876978569e-16,48.57
1,0,15,19,50.11985634456667,2.2834234541691946e-18,7.169949646091271e-16,50.12
1,0,15,20,51.6817182376902,3.5228793131699164e-17,1.1762013306846056e-14,51.68
1,0,15,21,53.25410782277739,1.1566494937758432e-16,4.1003224554353645e-14,53.25
1,0,15,22,54.836119483420774,8.712873376343286e-16,3.274951280333032e-13,54.84
1,0,15,23,56.42694391866354,3.894544492747704e-15,1.550028708113586e-12,56.43
1,0,16,-23,35.67912554982254,9.124295588326648e-13,1.451903535492477e-10,35.68
1,0,16,-22,34.39476704383967,4.9786088051352245e-12,7.36211777059371e-10,34.39
1,0,16,-21,33.151168908501546,2.5289255171504775e-11,3.474111429185467e-09,33.15
1,0,16,-20,31.953090617340912,1.1583100764476918e-10,1.4782932350663665e-08,31.95
1,0,16,-19,30.805843601498722,4.5969422018062075e-10,5.453122686892612e-08,30.81
1,0,16,-18,29.71531591620725,1.5460773940630426e-09,1.706482923697083e-07,29.72
1,0,16,-17,28.6879765755621,4.316732916426032e-09,4.440838987773279e-07,28.69
1,0,16,-16,27.73084924772409,9.860059696573286e-09,9.477982383331068e-07,27.73
1,0,16,-15,26.851443164195103,1.8136483194231394e-08,1.6345505478801044e-06,26.85
1,0,16,-14,26.05762844159076,2.644287159743766e-08,2.2443387268325207e-06,26.06
1,0,16,-13,25.35744466621193,2.9988848064743866e-08,2.4103536632037872e-06,25.36
1,0,16,-12,24.75883680627989,2.589540504387047e-08,1.9842354114865745e-06,24.76
1,0,16,-11,24.26932219902319,1.655551462951198e-08,1.2188997645978192e-06,24.27
1,0,16,-10,23.895606290697035,7.52597274368543e-09,5.371663045805474e-07,23.9
1,0,16,-9,23.643180835073775,2.192327766755145e-09,1.5318890270201572e-07,23.64
1,0,16,-8,23.515952032609693,2.085244315090632e-10,1.4414251328063995e-08,23.52
1,0,16,-7,23.515952032609693,1.9573450597921697e-10,1.3530147725813372e-08,23.52
1,0,16,-6,23.643180835073775,2.144345953689982e-09,1.4983617351408744e-07,23.64
1,0,16,-5,23.895606290697035,7.414771940587011e-09,5.292293472593977e-07,23.9
1,0,16,-4,24.269322199023193,1.6343287764400094e-08,1.203274561653957e-06,24.27
1,0,16,-3,24.75883680627989,2.5557188889705768e-08,1.9583195986737043e-06,24.76
1,0,16,-2,25.35744466621193,2.9539318528210387e-08,2.374222726704909e-06,25.36
1,0,16,-1,26.057628441590765,2.5943414869903868e-08,2.2019473370830907e-06,26.06
1,0,16,0,26.8514431641951,1.767094251111449e-08,1.592593693814193e-06,26.85
1,0,16,1,27.730849247724088,9.494548938761808e-09,9.126635167384782e-07,27.73
1,0,16,2,28.687976575562104,4.074303806494059e-09,4.191440040930763e-07,28.69
1,0,16,3,29.71531591620725,1.4099149131617152e-09,1.5561935854022429e-07,29.72
1,0,16,4,30.805843601498722,3.948898188052299e-10,4.6843804755770384e-08,30.81
1,0,16,5,31.953090617340912,8.964885495285138e-11,1.1441435113357656e-08,31.95
1,0,16,6,33.15116890850155,1.631004020856302e-11,2.2405917736513446e-09,33.15
1,0,16,7,34.394767043839686,2.3461553178524356e-12,3.4693771762742904e-10,34.39
1,0,16,8,35.679125549822544,2.509143259398556e-13,3.9926742115179515e-11,35.68
1,0,16,9,37.0,1.8793700374568596e-14,3.216071976598051e-12,37.0
1,0,16,10,38.35361782153022,5.947855529057033e-16,1.0936619354053625e-13,38.35
1,0,16,11,39.736632972611055,1.1085441589312563e-18,2.1879890336905673e-16,39.74
1,0,16,12,41.14608122288197,1.2366901214905068e-17,2.617145469604285e-15,41.15
1,0,16,13,42.57933771208754,1.2843412772424702e-18,2.910638419550749e-16,42.58
1,0,16,14,44.03407771260799,1.2429709763288882e-18,3.012650903877142e-16,44.03
1,0,16,15,45.50824101193101,4.8778839018992536e-21,1.2627621951041692e-18,45.51
1,0,16,16,47.00000000000001,3.236009618871541e-20,8.935431560109044e-18,47.0
1,0,16,17,48.507731342539614,6.432132924877302e-19,1.8918510965295365e-16,48.51
1,0,16,18,50.02999100539596,6.100318448200675e-18,1.9086371344807867e-15,50.03
1,0,16,19,51.56549233741495,2.5743603667877813e-17,8.556530269110888e-15,51.57
1,0,16,20,53.113086899558006,1.8831532209542167e-16,6.640469045389807e-14,53.11
1,0,16,21,54.67174773134658,9.332162996882527e-16,3.4867293997102335e-13,54.67
1,0,16,22,56.24055476255546,5.565756559802595e-15,2.200560999831951e-12,56.24
1,0,16,23,57.81868210189506,2.9431783766778083e-14,1.2298806641542392e-11,57.82
1,0,17,-23,36.055512754639885,4.571473689419126e-12,7.428644745306076e-10,36.06
1,0,17,-22,34.82814953453599,2.0588876443265664e-11,3.1217883907101543e-09,34.83
1,0,17,-21,33.64520768252144,8.403139379878045e-11,1.189044222252743e-08,33.65
1,0,17,-20,32.51153641401771,3.0327684109575923e-10,4.007045262977718e-08,32.51
1,0,17,-19,31.43246729100342,9.436952449311374e-10,1.1654636274899545e-07,31.43
1,0,17,-18,30.413812651491096,2.484957838288426e-09,2.8732325005209924e-07,30.41
1,0,17,-17,29.461839725312466,5.442494645564248e-09,5.905106690437206e-07,29.46
1,0,17,-16,28.5832118559129,9.766504580942971e-09,9.974042803288007e-07,28.58
1,0,17,-15,27.784887978899608,1.4136537002303194e-08,1.364175820722258e-06,27.78
1,0,17,-14,27.073972741361764,1.6245723774831465e-08,1.4885144408689327e-06,27.07
1,0,17,-13,26.457513110645902,1.4575808489055798e-08,1.2753832427923818e-06,26.46
1,0,17,-12,25.94224354214569,1.0071323105170774e-08,8.472500562224911e-07,25.94
1,0,17,-11,25.534290669607408,5.354413319489262e-09,4.3638468553837477e-07,25.53
1,0,17,-10,25.23885892824792,2.2927177642335198e-09,1.8255765197709395e-07,25.24
1,0,17,-9,25.059928172283332,9.54804805847393e-10,7.495217725902032e-08,25.06
1,0,17,-8,24.999999999999996,6.249991460134017e-10,4.8828058282296994e-08,25.0
1,0,17,-7,25.059928172283332,9.419478173648317e-10,7.394290366313927e-08,25.06
1,0,17,-6,25.23885892824792,2.2510610428763497e-09,1.7924073553902927e-07,25.24
1,0,17,-5,25.534290669607405,5.252464605715641e-09,4.2807586536582457e-07,25.53
1,0,17,-4,25.942243542145693,9.870733009074056e-09,8.303754143883549e-07,25.94
1,0,17,-3,26.457513110645905,1.4252957337594965e-08,1.2471337670395595e-06,26.46
1,0,17,-2,27.073972741361764,1.5815369463989655e-08,1.4490832271380518e-06,27.07
1,0,17,-1,27.784887978899608,1.3657040188368366e-08,1.3179043781775471e-06,27.78
1,0,17,0,28.583211855912904,9.316810595903883e-09,9.514792821066842e-07,28.58
1,0,17,1,29.461839725312466,5.085844872012796e-09,5.518141686133881e-07,29.46
1,0,17,2,30.4138126514911,2.244969491611422e-09,2.5957459746757064e-07,30.41
1,0,17,3,31.43246729100342,8.064499870971971e-10,9.959657340650383e-08,31.43
1,0,17,4,32.51153641401772,2.364858406130873e-10,3.124569169100417e-08,32.51
1,0,17,5,33.64520768252145,5.636793073920685e-11,7.976062199597772e-09,33.65
1,0,17,6,34.828149534535996,1.0818138629701915e-11,1.6403002697285528e-09,34.83
1,0,17,7,36.0555127546399,1.624721949182842e-12,2.640173167422119e-10,36.06
1,0,17,8,37.32291521304305,1.8359368509440463e-13,3.196825041706322e-11,37.32
1,0,17,9,38.62641583165593,1.376316158905122e-14,2.566829636358053e-12,38.63
1,0,17,10,39.96248240537617,5.649822259208772e-16,1.1278457684945511e-13,39.96
1,0,17,11,41.32795663954366,6.325313617916266e-19,1.3504544574251235e-16,41.33
1,0,17,12,42.720018726587654,1.3294154747638335e-18,3.032729051804995e-16,42.72
1,0,17,13,44.13615298142782,1.229203648385966e-18,2.9931108838198266e-16,44.14
1,0,17,14,45.57411546042337,3.944338032508159e-20,1.024048761689931e-17,45.57
1,0,17,15,47.031904065219386,1.6468898637084203e-19,4.5536504731537824e-17,47.03
1,0,17,16,48.507731342539614,6.432132969706701e-19,1.8918511097149834e-16,48.51
1,0,17,17,50.0,4.434575460525558e-18,1.385804831414237e-15,50.0
1,0,17,18,51.507281038703645,3.311483347948583e-17,1.0981706652634488e-14,51.51
1,0,17,19,53.028294334251406,1.8466949717647465e-16,6.491132825753082e-14,53.03
1,0,17,20,54.56189146281496,1.1537175472021888e-15,4.293271422526146e-13,54.56
1,0,17,21,56.10704055642215,6.4000711910721815e-15,2.5184280136869035e-12,56.11
1,0,17,22,57.66281297335398,3.5708767290119035e-14,1.4841456404955724e-11,57.66
1,0,17,23,59.22837157984339,1.8679090519820153e-13,8.190781192941137e-11,59.23
1,0,18,-23,36.51027252705736,1.67805793208524e-11,2.7960640293370295e-09,36.51
1,0,18,-22,35.341194094144576,6.1704607385343e-11,9.633631828036672e-09,35.34
1,0,18,-21,34.219877264537345,2.028794336724552e-10,2.9696477103805628e-08,34.22
1,0,18,-20,33.151168908501546,5.851923042523694e-10,8.039079279666921e-08,33.15
1,0,18,-19,32.14031735997639,1.4522214054023608e-09,1.8751808897257985e-07,32.14
1,0,18,-18,31.19294792096444,3.0482577659853436e-09,3.7074435078796733e-07,31.19
1,0,18,-17,30.315012782448232,5.324523443746837e-09,6.116546306004177e-07,30.32
1,0,18,-16,29.512709126747406,7.620889653281609e-09,8.297243610010348e-07,29.51
1,0,18,-15,28.792360097775934,8.794094299276445e-09,9.112880217625213e-07,28.79
1,0,18,-14,28.160255680657443,8.045663439933319e-09,7.975263884833899e-07,28.16
1,0,18,-13,27.622454633866262,5.731450547655731e-09,5.466370959826652e-07,27.62
1,0,18,-12,27.184554438136367,3.116357903427654e-09,2.878735613291294e-07,27.18
1,0,18,-11,26.8514431641951,1.2550167129526223e-09,1.1310838125485505e-07,26.85
1,0,18,-10,26.62705391138869,3.414415112636011e-10,3.026025393573663e-08,26.63
1,0,18,-9,26.5141471671257,3.2528298680442923e-11,2.858424246543921e-09,26.51
1,0,18,-8,26.514147167125696,2.739496083490954e-11,2.407332183367674e-09,26.51
1,0,18,-7,26.62705391138869,3.2106239453710466e-10,2.8454154715850887e-08,26.63
1,0,18,-6,26.8514431641951,1.202939525951835e-09,1.0841492477640908e-07,26.85
1,0,18,-5,27.184554438136367,3.0036890832897953e-09,2.774657790688947e-07,27.18
1,0,18,-4,27.622454633866262,5.524288040084374e-09,5.26878971823047e-07,27.62
1,0,18,-3,28.16025568065744,7.724021090685566e-09,7.656435906142063e-07,28.16
1,0,18,-2,28.79236009777593,8.372836201398885e-09,8.67635151369959e-07,28.79
1,0,18,-1,29.51270912674741,7.154411122556683e-09,7.789365109683587e-07,29.51
1,0,18,0,30.315012782448232,4.886472449240647e-09,5.613335226065192e-07,30.32
1,0,18,1,31.192947920964443,2.6984469200582445e-09,3.28198606652084e-07,31.19
1,0,18,2,32.1403173599764,1.214245894168579e-09,1.5678950108451785e-07,32.14
1,0,18,3,33.15116890850155,4.471195099684575e-10,6.142304268191684e-08,33.15
1,0,18,4,34.219877264537345,1.345474135820313e-10,1.9694377663069834e-08,34.22
1,0,18,5,35.34119409414458,3.2851780016189283e-11,5.1289841550275515e-09,35.34
1,0,18,6,36.51027252705737,6.388121884965196e-12,1.0644208090823258e-09,36.51
1,0,18,7,37.72267222772003,9.597411481441843e-13,1.7071395672614681e-10,37.72
1,0,18,8,38.97435053981015,1.0443982968302703e-13,1.9830512661064757e-11,38.97
1,0,18,9,40.26164427839479,7.443769458058695e-15,1.508293786439143e-12,40.26
1,0,18,10,41.58124577258358,2.4709171032067085e-16,5.340269589305498e-14,41.58
1,0,18,11,42.930175867331364,1.271855379127069e-18,2.930036829663986e-16,42.93
1,0,18,12,44.30575583375144,3.4086495348775477e-19,8.363973796205782e-17,44.31
1,0,18,13,45.70557952810576,3.9445288999885945e-20,1.0300151090095218e-17,45.71
1,0,18,14,47.12748667179272,2.346790828208558e-19,6.51527803681401e-17,47.13
1,0,18,15,48.569537778323564,1.2984101256754974e-18,3.828686858085623e-16,48.57
1,0,18,16,50.02999100539596,6.100318467960784e-18,1.9086371406632308e-15,50.03
1,0,18,17,51.507281038703645,3.31148333975343e-17,1.0981706625457313e-14,51.51
1,0,18,18,53.0,2.0482428268752704e-16,7.191892625865793e-14,53.0
1,0,18,19,54.506880299646575,1.2089210478190577e-15,4.4896305413380253e-13,54.51
1,0,18,20,56.02677931132576,7.171937394684528e-15,2.814088935239342e-12,56.03
1,0,18,21,57.55866572463264,3.928951327240856e-14,1.62707696839362e-11,57.56
1,0,18,22,59.10160742314882,2.014343696773142e-13,8.795128166035731e-11,59.1
1,0,18,23,60.654760736483,9.499668416206954e-13,4.368660012903172e-10,60.65
1,0,19,-23,37.040518354904265,4.681116647456606e-11,8.028115050388079e-09,37.04
1,0,19,-22,35.930488446443356,1.4048471503474958e-10,2.2670720888732705e-08,35.93
1,0,19,-21,34.871191548325385,3.7464388092929733e-10,5.694586990125318e-08,34.87
1,0,19,-20,33.8673884437522,8.737980141156048e-10,1.2528079027382484e-07,33.87
1,0,19,-19,32.92415526630865,1.7523445408432016e-09,2.3744268528425376e-07,32.92
1,0,19,-18,32.04684071792413,2.9729962207935864e-09,3.8165838984437657e-07,32.05
1,0,19,-17,31.240998703626612,4.19989128816141e-09,5.123867371556918e-07,31.24
1,0,19,-16,30.512292604784708,4.8653253257022e-09,5.662022347785932e-07,30.51
1,0,19,-15,29.866369046136153,4.552912771427238e-09,5.076497740141369e-07,29.87
1,0,19,-14,29.308701779505686,3.3958834908133093e-09,3.64632989826079e-07,29.31
1,0,19,-13,28.84441020371191,2.0025554740695008e-09,2.0826576930322803e-07,28.84
1,0,19,-12,28.47806173179628,9.428035593002559e-10,9.557671082406342e-08,28.48
1,0,19,-11,28.213471959331766,3.767686189113254e-10,3.7488477581676875e-08,28.21
1,0,19,-10,28.05352027821107,1.5611109419229642e-10,1.5357428891167156e-08,28.05
1,0,19,-9,27.999999999999996,1.0317322060701031e-10,1.0110975619487008e-08,28.0
1,0,19,-8,28.05352027821107,1.503137094396144e-10,1.4787111166122063e-08,28.05
1,0,19,-7,28.213471959331766,3.57494098086666e-10,3.557066275962326e-08,28.21
1,0,19,-6,28.47806173179628,8.920783549532187e-10,9.043444323338252e-08,28.48
1,0,19,-5,28.84441020371191,1.89138811312264e-09,1.967043637647545e-07,28.84
1,0,19,-4,29.30870177950569,3.191890981785312e-09,3.427292941691979e-07,29.31
1,0,19,-3,29.866369046136153,4.2380917839421255e-09,4.725472339095469e-07,29.87
1,0,19,-2,30.512292604784708,4.454751541196877e-09,5.184217106067863e-07,30.51
1,0,19,-1,31.240998703626616,3.745545257345593e-09,4.5695652139616225e-07,31.24
1,0,19,0,32.046840717924134,2.5449634805772278e-09,3.267096868191017e-07,32.05
1,0,19,1,32.92415526630866,1.4082908086701144e-09,1.9082340457480055e-07,32.92
1,0,19,2,33.8673884437522,6.375271437745065e-10,9.140545423866986e-08,33.87
1,0,19,3,34.87119154832539,2.359814312089469e-10,3.5869177543759936e-08,34.87
1,0,19,4,35.93048844644337,7.095758300457655e-11,1.1450779957363543e-08,35.93
1,0,19,5,37.04051835490427,1.705440861108464e-11,2.9248310768010163e-09,37.04
1,0,19,6,38.196858509568564,3.183718609307588e-12,5.806306813724715e-10,38.2
1,0,19,7,39.39543120718442,4.376458779936544e-13,8.490330033076897e-11,39.4
1,0,19,8,40.63249930782009,4.044382324718561e-14,8.34659402263793e-12,40.63
1,0,19,9,41.90465367951393,2.036607357781758e-15,4.47035315033096e-13,41.9
1,0,19,10,43.20879540093661,3.3352831195345724e-17,7.78371698021381e-15,43.21
1,0,19,11,44.54211490264017,9.028901156389486e-21,2.2391674867845923e-18,44.54
1,0,19,12,45.902069670114,2.0511725736597e-19,5.4022757658762347e-17,45.9
1,0,19,13,47.28636167014756,2.880507363853762e-19,8.051018081971266e-17,47.29
1,0,19,14,48.692915295759406,8.407538566979507e-22,2.491784242788552e-19,48.69
1,0,19,15,50.11985634456667,2.2834234658752117e-18,7.169949682848164e-16,50.12
1,0,19,16,51.56549233741495,2.5743603664697498e-17,8.556530268053831e-15,51.57
1,0,19,17,53.028294334251406,1.8466949719357787e-16,6.491132826354261e-14,53.03
1,0,19,18,54.506880299646575,1.2089210481328437e-15,4.4896305425033483e-13,54.51
1,0,19,19,56.0,7.341137948209677e-15,2.8777260756981936e-12,56.0
1,0,19,20,57.5065213693195,4.1344777476576825e-14,1.7090897389379948e-11,57.51
1,0,19,21,59.02541825349483,2.0849110682962012e-13,9.079787702429958e-11,59.03
1,0,19,22,60.55575942881073,9.419078674203972e-13,4.317470187288245e-10,60.56
1,0,19,23,62.09669878504009,3.821213949675692e-12,1.8418251237436832e-09,62.1
1,0,20,-23,37.64306044943742,1.0285717940139521e-10,1.8218577901472122e-08,37.64
1,0,20,-22,36.592348927063966,2.5256558352597936e-10,4.227316454266077e-08,36.59
1,0,20,-21,35.59494346111536,5.497574890912568e-10,8.706784233482774e-08,35.59
1,0,20,-20,34.65544690232691,1.0458332145242097e-09,1.5700571133044696e-07,34.66
1,0,20,-19,33.77869150810907,1.7112441631690473e-09,2.440661987719853e-07,33.78
1,0,20,-18,32.969683043669065,2.3699996053924183e-09,3.220236963826947e-07,32.97
1,0,20,-17,32.23352292257239,2.734498797473409e-09,3.5514303132185894e-07,32.23
1,0,20,-16,31.57530680769388,2.5883614423847867e-09,3.225745447572039e-07,31.58
1,0,20,-15,30.999999999999993,1.9803756763697123e-09,2.3789262812391158e-07,31.0
1,0,20,-14,30.512292604784708,1.2082958506999085e-09,1.4061542962520178e-07,30.51
1,0,20,-13,30.116440692751187,5.805193267977432e-10,6.581637867569411e-08,30.12
1,0,20,-12,29.81610303175114,2.1542342681460896e-10,2.3938928304773407e-08,29.82
1,0,20,-11,29.614185789921688,5.6855100374415704e-11,6.232740378545319e-09,29.61
1,0,20,-10,29.51270912674741,5.750200466149177e-12,6.260530757519915e-10,29.51
1,0,20,-9,29.512709126747403,3.775501694120718e-12,4.1105774694739286e-10,29.51
1,0,20,-8,29.61418578992169,4.862044406690936e-11,5.330016180834938e-09,29.61
1,0,20,-7,29.816103031751144,1.9252348716076578e-10,2.1394172510740093e-08,29.82
1,0,20,-6,30.116440692751187,5.253241028611426e-10,5.9558620161882014e-08,30.12
1,0,20,-5,30.512292604784708,1.093258457306738e-09,1.2722795296907157e-07,30.51
1,0,20,-4,30.999999999999993,1.7753055513627461e-09,2.1325857935744978e-07,31.0
1,0,20,-3,31.575306807693888,2.276922643280726e-09,2.8376148441886047e-07,31.58
1,0,20,-2,32.2335229225724,2.331496659155295e-09,3.02803128607794e-07,32.23
1,0,20,-1,32.96968304366907,1.9249400255424425e-09,2.615512259705794e-07,32.97
1,0,20,0,33.77869150810907,1.2910638560160373e-09,1.8413798246428728e-07,33.78
1,0,20,1,34.655446902326915,7.063136225740362e-10,1.060353325889272e-07,34.66
1,0,20,2,35.59494346111537,3.148716412674212e-10,4.9867796185727824e-08,35.59
1,0,20,3,36.59234892706397,1.1349622253316768e-10,1.899643024648894e-08,36.59
1,0,20,4,37.64306044943743,3.247736966728617e-11,5.752554102318063e-09,37.64
1,0,20,5,38.742741255621034,7.1277375493996105e-12,1.3373417577061018e-09,38.74
1,0,20,6,39.88734135035826,1.1231035960322672e-12,2.2335722766091715e-10,39.89
1,0,20,7,41.073105555825705,1.1090736647931149e-13,2.3387590906324818e-11,41.07
1,0,20,8,42.2965719651132,4.619625674114054e-15,1.0330637913737553e-12,42.3
1,0,20,9,43.55456348076513,1.935718290361065e-21,4.590071996018676e-19,43.55
1,0,20,10,44.84417464955733,3.266208399975326e-17,8.210431365437978e-15,44.84
1,0,20,11,46.16275555033516,7.419479885827755e-19,1.9763639545873684e-16,46.16
1,0,20,12,47.50789408087881,2.6985723154090715e-18,7.613347144847843e-16,47.51
1,0,20,13,48.877397639399746,5.5158965886579234e-18,1.6471846187879724e-15,48.88
1,0,20,14,50.269274910227224,9.809342168755039e-18,3.0985259575554986e-15,50.27
1,0,20,15,51.6817182376902,3.522879317500814e-17,1.176201332130584e-14,51.68
1,0,20,16,53.113086899558,1.8831532215082988e-16,6.640469047343638e-14,53.11
1,0,20,17,54.56189146281496,1.1537175467435865e-15,4.293271420819572e-13,54.56
1,0,20,18,56.02677931132576,7.171937394750887e-15,2.8140889352653796e-12,56.03
1,0,20,19,57.506521369319486,4.134477747629956e-14,1.7090897389265325e-11,57.51
1,0,20,20,59.0,2.1098627037157297e-13,9.180540089543069e-11,59.0
1,0,20,21,60.50619802962338,9.338970963608912e-13,4.2737465872215285e-10,60.51
1,0,20,22,62.02418882984282,3.606179484723648e-12,1.7341215597164838e-09,62.02
1,0,20,23,63.55312738174259,1.2299700888170751e-11,6.209811485915208e-09,63.55
1,0,21,-23,38.314488121336026,1.8429734799565546e-10,3.3818563357202763e-08,38.31
1,0,21,-22,37.32291521304304,3.712329203735982e-10,6.464093226005277e-08,37.32
1,0,21,-21,36.3868107973205,6.628401327848682e-10,1.0970004197589566e-07,36.39
1,0,21,-20,35.510561809129406,1.0353608207726592e-09,1.631987493742904e-07,35.51
1,0,21,-19,34.698703145794944,1.3931429269621863e-09,2.0966801050780904e-07,34.7
1,0,21,-18,33.955853692699286,1.5894219849636728e-09,2.290754435828893e-07,33.96
1,0,21,-17,33.28663395418647,1.5141452780128142e-09,2.0970912100477468e-07,33.29
1,0,21,-16,32.695565448543626,1.1879999001301172e-09,1.5874648665488689e-07,32.7
1,0,21,-15,32.186953878862155,7.59733678822837e-10,9.838551140755735e-08,32.19
1,0,21,-14,31.764760348537177,3.951000155125978e-10,4.983198945652638e-08,31.76
1,0,21,-13,31.43246729100342,1.701153600223331e-10,2.1009246962758134e-08,31.43
1,0,21,-12,31.19294792096444,6.505449151537772e-11,7.912252530557813e-09,31.19
1,0,21,-11,31.048349392520045,2.6853305676479812e-11,3.235823334015817e-09,31.05
1,0,21,-10,31.0,1.7582043524757512e-11,2.112042978411496e-09,31.0
1,0,21,-9,31.048349392520045,2.441654501336204e-11,2.9421936741101254e-09,31.05
1,0,21,-8,31.192947920964443,5.675447817242673e-11,6.902763407721401e-09,31.19
1,0,21,-7,31.432467291003423,1.468560526613625e-10,1.8136722503678272e-08,31.43
1,0,21,-6,31.764760348537184,3.390308049991608e-10,4.2760260280519164e-08,31.76
1,0,21,-5,32.18695387886216,6.439616984985864e-10,8.339303995556694e-08,32.19
1,0,21,-4,32.69556544854363,9.837988329624097e-10,1.3146011905460202e-07,32.7
1,0,21,-3,33.286633954186485,1.2064702806703202e-09,1.670961338728394e-07,33.29
1,0,21,-2,33.9558536926993,1.1929369766378526e-09,1.719320417579306e-07,33.96
1,0,21,-1,34.69870314579495,9.55545255468518e-10,1.4380956094801201e-07,34.7
1,0,21,0,35.51056180912941,6.212738524321114e-10,9.79282909896116e-08,35.51
1,0,21,1,36.386810797320514,3.267564290461852e-10,5.407818900714368e-08,36.39
1,0,21,2,37.322915213043046,1.3736887503173612e-10,2.391935536490105e-08,37.32
1,0,21,3,38.31448812133604,4.4954696715368354e-11,8.249186847270096e-09,38.31
1,0,21,4,39.357337308308864,1.085333868447691e-11,2.101477702781843e-09,39.36
1,0,21,5,40.44749683231337,1.7147266415948891e-12,3.506615982061548e-10,40.45
1,0,21,6,41.581245772583586,1.235435179122154e-13,2.6700842808777554e-11,41.58
1,0,21,7,42.75511665286391,3.336672640114599e-22,7.624296982661863e-20,42.76
1,0,21,8,43.96589587396122,4.623492045363208e-15,1.1171512654608854e-12,43.97
1,0,21,9,45.210618221829264,2.047557980526677e-15,5.23151064024566e-13,45.21
1,0,21,10,46.48655719667784,2.5412170044043536e-16,6.864462433147261e-14,46.49
1,0,21,11,47.791212581394085,1.7968395951538048e-18,5.129977044164113e-16,47.79
1,0,21,12,49.122296363260546,5.373087912555433e-18,1.6206576416245324e-15,49.12
1,0,21,13,50.47771785649586,1.2458103128435293e-18,3.967905846406642e-16,50.48
1,0,21,14,51.85556864985669,6.498513489616997e-18,2.1843128466975136e-15,51.86
1,0,21,15,53.25410782277739,1.1566494936143764e-16,4.100322454862965e-14,53.25
1,0,21,16,54.67174773134658,9.332163000842563e-16,3.4867294011898024e-13,54.67
1,0,21,17,56.10704055642215,6.400071190914693e-15,2.518428013624932e-12,56.11
1,0,21,18,57.55866572463264,3.9289513271366146e-14,1.6270769683504507e-11,57.56
1,0,21,19,59.02541825349483,2.0849110682893198e-13,9.079787702399989e-11,59.03
1,0,21,20,60.50619802962338,9.33897096354968e-13,4.273746587194423e-10,60.51
1,0,21,21,62.0,3.532187236868594e-12,1.6972159673153594e-09,62.0
1,0,21,22,63.505905237229705,1.1457212546873863e-11,5.775867275192785e-09,63.51
1,0,21,23,65.02307282803544,3.2485871966935365e-11,1.7168783334525343e-08,65.02
1,0,22,-23,39.05124837953326,2.775888830375061e-10,5.291538082902458e-08,39.05
1,0,22,-22,38.11823710509183,4.5941510091347917e-10,8.344126770341062e-08,38.12
1,0,22,-21,37.24244889907214,6.750249923377943e-10,1.1703245804656505e-07,37.24
1,0,22,-20,36.42801120017396,8.696784967776747e-10,1.4425792065299673e-07,36.43
1,0,22,-19,35.67912554982254,9.677410933376822e-10,1.5399180147735859e-07,35.68
1,0,22,-18,34.99999999999999,9.155724996094226e-10,1.401970390026928e-07,35.0
1,0,22,-17,34.39476704383967,7.255589767397289e-10,1.0729203368538737e-07,34.39
1,0,22,-16,33.86738844375219,4.754410454403571e-10,6.816635989001116e-08,33.87
1,0,22,-15,33.4215499341368,2.5514300110858294e-10,3.562434152978588e-08,33.42
1,0,22,-14,33.060550509633075,1.114564099400976e-10,1.522773200806583e-08,33.06
1,0,22,-13,32.78719262151,3.9194162759683206e-11,5.266715620832431e-09,32.79
1,0,22,-12,32.6036807738022,1.0319435487603363e-11,1.3711949904152962e-09,32.6
1,0,22,-11,32.51153641401771,1.1765474201992548e-12,1.554513278938265e-10,32.51
1,0,22,-10,32.51153641401771,4.586290832701689e-13,6.059636762707106e-11,32.51
1,0,22,-9,32.60368077380221,7.181532300487061e-12,9.542461044272182e-10,32.6
1,0,22,-8,32.78719262151,2.978564134367478e-11,4.002445555556299e-09,32.79
1,0,22,-7,33.060550509633075,8.652803206404032e-11,1.1821892380749506e-08,33.06
1,0,22,-6,33.42154993413681,1.9708002548105926e-10,2.751729855779291e-08,33.42
1,0,22,-5,33.867388443752205,3.58169320556187e-10,5.135252633474333e-08,33.87
1,0,22,-4,34.39476704383968,5.215647304899954e-10,7.712638452120807e-08,34.39
1,0,22,-3,35.0,6.106700892391809e-10,9.350885741474957e-08,35.0
1,0,22,-2,35.67912554982255,5.762447450422444e-10,9.169494505484718e-08,35.68
1,0,22,-1,36.42801120017397,4.377182809061405e-10,7.260651984530607e-08,36.43
1,0,22,0,37.242448899072144,2.6541643618257405e-10,4.601657462315377e-08,37.24
1,0,22,1,38.11823710509184,1.2576551822917867e-10,2.2842162248374587e-08,38.12
1,0,22,2,39.05124837953327,4.442172828607395e-11,8.467891954532845e-09,39.05
1,0,22,3,40.03748243833521,1.0470131492556753e-11,2.09795259782106e-09,40.04
1,0,22,4,41.073105555825705,1.1604654828169655e-12,2.4471315868902765e-10,41.07
1,0,22,5,42.15447781671598,9.915749642175909e-24,2.2025358892683235e-21,42.15
1,0,22,6,43.278170016764804,1.235328096887908e-13,2.8922119068388146e-11,43.28
1,0,22,7,44.44097208657795,1.1087388529612056e-13,2.737199043247977e-11,44.44
1,0,22,8,45.639894828976104,4.040217509308049e-14,1.0519716339860831e-11,45.64
1,0,22,9,46.87216658103186,7.402201124865729e-15,2.032829483916251e-12,46.87
1,0,22,10,48.135226186234966,5.399439021254508e-16,1.563812526530837e-13,48.14
1,0,22,11,49.42671342502959,2.2131727263002805e-20,6.758476212939483e-18,49.43
1,0,22,12,50.744457825461105,3.005130017470957e-17,9.672762243734647e-15,50.74
1,0,22,13,52.08646657242167,5.4718588615466854e-17,1.8556441364220196e-14,52.09
1,0,22,14,53.45091205957107,1.6611837245588527e-16,5.932502376330801e-14,53.45
1,0,22,15,54.83611948342078,8.712873378597106e-16,3.2749512811801873e-13,54.84
1,0,22,16,56.24055476255547,5.565756560633117e-15,2.200561000160319e-12,56.24
1,0,22,17,57.66281297335398,3.5708767287548214e-14,1.4841456403887227e-11,57.66
1,0,22,18,59.10160742314882,2.0143436968156524e-13,8.795128166221341e-11,59.1
1,0,22,19,60.55575942881073,9.41907867415106e-13,4.3174701872639916e-10,60.56
1,0,22,20,62.02418882984283,3.6061794847317476e-12,1.7341215597203792e-09,62.02
1,0,22,21,63.50590523722971,1.1457212546859392e-11,5.775867275185491e-09,63.51
1,0,22,22,65.0,3.089620289303163e-11,1.631705715288233e-08,65.0
1,0,22,23,66.50563885867122,7.237414909783316e-11,4.00138576824645e-08,66.51
1,0,23,-23,39.849717690342544,3.61028897262036e-10,7.166423610651412e-08,39.85
1,0,23,-22,38.974350539810146,4.913954264637685e-10,9.330370659980803e-08,38.97
1,0,23,-21,38.15756805667782,5.955151001964037e-10,1.0838374823574543e-07,38.16
1,0,23,-20,37.403208418530085,6.352303269332127e-10,1.1108590342244554e-07,37.4
1,0,23,-19,36.71511950137163,5.878450266879266e-10,9.90518869969156e-08,36.72
1,0,23,-18,36.097091295560084,4.6497153202221867e-10,7.573223827811884e-08,36.1
1,0,23,-17,35.55277766926235,3.103300282891767e-10,4.90321444696899e-08,35.55
1,0,23,-16,35.08560958569766,1.7335603031251608e-10,2.66751591643384e-08,35.09
1,0,23,-15,34.69870314579494,8.119480239849743e-11,1.2219817760973858e-08,34.7
1,0,23,-14,34.39476704383967,3.2614680942330117e-11,4.8228959443470646e-09,34.39
1,0,23,-13,34.17601498127012,1.2050910643878273e-11,1.7594329540062275e-09,34.18
1,0,23,-12,34.0440890610984,4.889783462181673e-12,7.084073790835695e-10,34.04
1,0,23,-11,33.99999999999999,3.0642046896834928e-12,4.4277757765926454e-10,34.0
1,0,23,-10,34.0440890610984,3.943437808367212e-12,5.713055524871995e-10,34.04
1,0,23,-9,34.17601498127012,8.745550957802164e-12,1.2768504398391157e-09,34.18
1,0,23,-8,34.39476704383968,2.2810516481986088e-11,3.3731051247736927e-09,34.39
1,0,23,-7,34.698703145794944,5.5445752086446775e-11,8.34458568901024e-09,34.7
1,0,23,-6,35.08560958569767,1.1415358338531707e-10,1.7565382643415665e-08,35.09
1,0,23,-5,35.55277766926236,1.9219785353200598e-10,3.0367260858056955e-08,35.55
1,0,23,-4,36.09709129556009,2.6132978575029995e-10,4.256408885408011e-08,36.1
1,0,23,-3,36.71511950137164,2.8510444194335094e-10,4.804009846745464e-08,36.72
1,0,23,-2,37.40320841853009,2.473789270239513e-10,4.326038986331349e-08,37.4
1,0,23,-1,38.157568056677825,1.6745436859323456e-10,3.047669508396869e-08,38.16
1,0,23,0,38.97435053981015,8.469294120044467e-11,1.6081072210434433e-08,38.97
1,0,23,1,39.84971769034255,2.8801662685446488e-11,5.717130043061128e-09,39.85
1,0,23,2,40.779897008207364,4.6758410324536116e-12,9.719904546212945e-10,40.78
1,0,23,3,41.7612260356422,1.1028895715855447e-22,2.404299266056488e-20,41.76
1,0,23,4,42.79018579066934,1.1604910734023435e-12,2.656073944249614e-10,42.79
1,0,23,5,43.86342439892262,1.7147540511741076e-12,4.1239834930737286e-10,43.86
1,0,23,6,44.97777228809804,1.1232188361554327e-12,2.8403396319280504e-10,44.98
1,0,23,7,46.130250378683186,4.377780767874812e-13,1.1644896842547e-10,46.13
1,0,23,8,47.31807265728392,1.0459719370256308e-13,2.927413958750484e-11,47.32
1,0,23,9,48.53864439804639,1.3885549525993476e-14,4.0892943354050786e-12,48.54
1,0,23,10,49.78955713801842,6.537996884024752e-16,2.0259617844371703e-13,49.79
1,0,23,11,51.068581339214816,4.040954257379252e-18,1.317351087905636e-15,51.07
1,0,23,12,52.373657500693994,1.590717551974371e-17,5.454172806332125e-15,52.37
1,0,23,13,53.702886328390214,1.171699916963855e-17,4.223978200654698e-15,53.7
1,0,23,14,55.054518434003214,4.0573593849341836e-16,1.5372320369669387e-13,55.05
1,0,23,15,56.42694391866354,3.894544492928307e-15,1.5500287081854662e-12,56.43
1,0,23,16,57.81868210189506,2.943178376587691e-14,1.2298806641165813e-11,57.82
1,0,23,17,59.22837157984339,1.867909051943563e-13,8.190781192772524e-11,59.23
1,0,23,18,60.654760736483,9.49966841626053e-13,4.368660012927811e-10,60.65
1,0,23,19,62.09669878504009,3.8212139496631096e-12,1.8418251237376185e-09,62.1
1,0,23,20,63.55312738174259,1.2299700888172636e-11,6.20981148591616e-09,63.55
1,0,23,21,65.02307282803544,3.248587196700334e-11,1.716878333456127e-08,65.02
1,0,23,22,66.50563885867122,7.23741490978463e-11,4.0013857682471764e-08,66.51
1,0,23,23,68.0,1.3954388736921185e-10,8.065636689940445e-08,68.0
1,1,-23,-23,69.0,3.940166392347513e-35,2.3448915242458136e-32,69.0
1,1,-23,-22,67.50555532695067,5.068545660015052e-12,2.8871703215860728e-09,67.51
1,1,-23,-21,66.02272336097624,1.1304781019089225e-11,6.159692557776239e-09,66.02
1,1,-23,-20,64.55230437405004,1.1960602743876933e-11,6.229978954216897e-09,64.55
1,1,-23,-19,63.09516621738942,8.355076476386517e-12,4.15769493156184e-09,63.1
1,1,-23,-18,61.6522505671934,4.257733703264e-12,2.0229557257633075e-09,61.65
1,1,-23,-17,60.224579699654186,1.6616402889516874e-12,7.533461660034711e-10,60.22
1,1,-23,-16,58.813263810130444,5.221056247227394e-13,2.257454194894944e-10,58.81
1,1,-23,-15,57.41950887982237,1.4555854170574363e-13,5.998831400047958e-11,57.42
1,1,-23,-14,56.04462507680821,4.600704935083686e-14,1.8063517751372322e-11,56.04
1,1,-23,-13,54.69003565550127,2.7001297844414183e-14,1.0095110231580353e-11,54.69
1,1,-23,-12,53.35728628781639,4.246002936560509e-14,1.5110462950484706e-11,53.36
1,1,-23,-11,52.04805471869241,1.2903895219631245e-13,4.3695815187476294e-11,52.05
1,1,-23,-10,50.76416058598822,4.849329334455559e-13,1.5620902118614967e-10,50.76
1,1,-23,-9,49.50757517794625,1.8010273539744043e-12,5.51789755573908e-10,49.51
1,1,-23,-8,48.28043081829324,6.0150969871644025e-12,1.7526488846350275e-09,48.28
1,1,-23,-7,47.085029467974216,1.7319844402908314e-11,4.799761880155968e-09,47.09
1,1,-23,-6,45.92385001282013,4.245671052918768e-11,1.11926503132571e-08,45.92
1,1,-23,-5,44.79955356920423,8.891985512528148e-11,2.2307768654554983e-08,44.8
1,1,-23,-4,43.71498598878879,1.6113440167413717e-10,3.849098019990952e-08,43.71
1,1,-23,-3,42.67317658670373,2.566112765068899e-10,5.84111418148808e-08,42.67
1,1,-23,-2,41.67733196834941,3.6433259683803715e-10,7.910571508845878e-08,41.68
1,1,-23,-1,40.7308237088326,4.654633531204426e-10,9.652546285335178e-08,40.73
1,1,-23,0,39.837168574084174,5.361645404261608e-10,1.0636164070703963e-07,39.84
1,1,-23,1,38.99999999999999,5.534778494795398e-10,1.0522997613229747e-07,39.0
1,1,-23,2,38.22302970723278,5.055368909046072e-10,9.232367470145388e-08,38.22
1,1,-23,3,37.5099986670221,4.0157369547762516e-10,7.062677369212732e-08,37.51
1,1,-23,4,36.86461718233352,2.7216682167980747e-10,4.623433883285728e-08,36.86
1,1,-23,5,36.29049462324811,1.5445986554904307e-10,2.542795536601121e-08,36.29
1,1,-23,6,35.79106033634656,7.226810306413441e-11,1.1571930003144522e-08,35.79
1,1,-23,7,35.36947836765478,2.7652125231870292e-11,4.324101083133715e-09,35.37
1,1,-23,8,35.02855977627399,8.727887802936345e-12,1.338639791775362e-09,35.03
1,1,-23,9,34.77067730142742,2.3746644399773676e-12,3.588711634915797e-10,34.77
1,1,-23,10,34.597687784012386,6.297248711812281e-13,9.422258385049124e-11,34.6
1,1,-23,11,34.51086785347479,2.1902767744329705e-13,3.2607745479370844e-11,34.51
1,1,-23,12,34.510867853474785,1.6891869506809782e-13,2.514777072826305e-11,34.51
1,1,-23,13,34.597687784012386,3.59958617438753e-13,5.3858808134273417e-11,34.6
1,1,-23,14,34.77067730142742,1.295948563676609e-12,1.9585022668562754e-10,34.77
1,1,-23,15,35.02855977627398,4.864348467298158e-12,7.460694461718546e-10,35.03
1,1,-23,16,35.369478367654786,1.5533148481046334e-11,2.42899609372362e-09,35.37
1,1,-23,17,35.791060336346554,3.952740723160424e-11,6.329326082960627e-09,35.79
1,1,-23,18,36.2904946232481,7.87993070574727e-11,1.2972335924336436e-08,36.29
1,1,-23,19,36.86461718233352,1.227365703340266e-10,2.084987488549276e-08,36.86
1,1,-23,20,37.5099986670221,1.4895458192834652e-10,2.6197387096647945e-08,37.51
1,1,-23,21,38.223029707232776,1.390973259110318e-10,2.540264914450217e-08,38.22
1,1,-23,22,38.99999999999999,9.636599798757055e-11,1.8321585367386846e-08,39.0
1,1,-23,23,39.837168574084174,4.4894752297070384e-11,8.905996486931336e-09,39.84
1,1,-22,-23,67.50555532695068,5.0685456600310914e-12,2.8871703215952106e-09,67.51
1,1,-22,-22,66.0,1.0904774044871171e-34,5.937649467432353e-32,66.0
1,1,-22,-21,64.50581369148055,1.276451487896477e-12,6.63914330142155e-10,64.51
1,1,-22,-20,63.023805026354914,1.9960872964101927e-12,9.910573426676604e-10,63.02
1,1,-22,-19,61.55485358604957,1.471684346221578e-12,6.970264984791948e-10,61.55
1,1,-22,-18,60.09991680526688,7.173404728185848e-13,3.238792234775911e-10,60.1
1,1,-22,-17,58.66003750424985,2.5774918309519243e-13,1.1086436737881961e-10,58.66
1,1,-22,-16,57.23635208501674,7.208141428963002e-14,2.951733915160349e-11,57.24
1,1,-22,-15,55.83009940883144,1.482923650257868e-14,5.7778412723172185e-12,55.83
1,1,-22,-14,54.4426303552648,9.39999462692089e-16,3.48269800927419e-13,54.44
1,1,-22,-13,53.075418038862395,2.133999949583519e-15,7.514347322470964e-13,53.08
1,1,-22,-12,51.73006862551025,2.1782759582139758e-14,7.28633308022575e-12,51.73
1,1,-22,-11,50.40833264451424,1.0622945362463686e-13,3.374113020752528e-11,50.41
1,1,-22,-10,49.1121166312347,4.360245794268514e-13,1.314614106971957e-10,49.11
1,1,-22,-9,47.843494855622744,1.6061787166585893e-12,4.5956788530393887e-10,47.84
1,1,-22,-8,46.60472079092417,5.22438616824646e-12,1.4184208446789136e-09,46.6
1,1,-22,-7,45.39823785126467,1.4802541785692422e-11,3.81350482753901e-09,45.4
1,1,-22,-6,44.22668877499196,3.642718275320038e-11,8.906446183157495e-09,44.23
1,1,-22,-5,43.09292285283048,7.848872120772007e-11,1.821919441034202e-08,43.09
1,1,-22,-4,42.0,1.498701979581804e-10,3.304637864977878e-08,42.0
1,1,-22,-3,40.95119045888654,2.5661411601063726e-10,5.379273406872984e-08,40.95
1,1,-22,-2,39.949968710876355,3.966834817291909e-10,7.913835460497357e-08,39.95
1,1,-22,-1,39.0,5.534812461302457e-10,1.0523062192051298e-07,39.0
1,1,-22,0,38.1051177665153,6.915596755641363e-10,1.2551808111489073e-07,38.11
1,1,-22,1,37.26929030716845,7.631607291884407e-10,1.32503781605343e-07,37.27
1,1,-22,2,36.49657518178932,7.30693295663682e-10,1.2166043372800306e-07,36.5
1,1,-22,3,35.79106033634656,5.952549432534505e-10,9.531519778845877e-08,35.79
1,1,-22,4,35.15679166249389,4.0445436877945826e-10,6.248819997642629e-08,35.16
1,1,-22,5,34.597687784012386,2.249534141506287e-10,3.3658654592287814e-08,34.6
1,1,-22,6,34.11744421846396,1.0083375259117166e-10,1.4671311002015473e-08,34.12
1,1,-22,7,33.719430600174725,3.6135609851494083e-11,5.135773550143595e-09,33.72
1,1,-22,8,33.406586176980134,1.040433807844599e-11,1.4514051619432158e-09,33.41
1,1,-22,9,33.18132004607411,2.43112742029762e-12,3.345839112184599e-10,33.18
1,1,-22,10,33.04542328371661,4.169284099995446e-13,5.6910727964937824e-11,33.05
1,1,-22,11,33.0,9.470571470662755e-15,1.2891815414439675e-12,33.0
1,1,-22,12,33.04542328371661,1.6917754449934765e-13,2.309273482416095e-11,33.05
1,1,-22,13,33.18132004607411,1.4269351893371348e-12,1.9638195543252315e-10,33.18
1,1,-22,14,33.40658617698013,6.79792453001039e-12,9.48310471936449e-10,33.41
1,1,-22,15,33.719430600174725,2.4617346683617182e-11,3.4987403974090904e-09,33.72
1,1,-22,16,34.11744421846396,6.907636934372776e-11,1.0050611739512387e-08,34.12
1,1,-22,17,34.597687784012386,1.5033347574795592e-10,2.2493646308787905e-08,34.6
1,1,-22,18,35.15679166249389,2.55389830609639e-10,3.945772882918922e-08,35.16
1,1,-22,19,35.79106033634656,3.415505189949874e-10,5.469077685407236e-08,35.79
1,1,-22,20,36.49657518178932,3.615855386424722e-10,6.020399218397162e-08,36.5
1,1,-22,21,37.26929030716844,3.0258739322477493e-10,5.253673614865152e-08,37.27
1,1,-22,22,38.10511776651529,1.9730492664658332e-10,3.581084418635486e-08,38.11
1,1,-22,23,38.99999999999999,9.636599798796299e-11,1.8321585367461458e-08,39.0
1,1,-21,-23,66.02272336097626,1.1304781019126117e-11,6.1596925577963425e-09,66.02
1,1,-21,-22,64.50581369148054,1.2764514878752592e-12,6.639143301311189e-10,64.51
1,1,-21,-21,63.0,1.239151972107327e-34,6.147742721617475e-32,63.0
1,1,-21,-20,61.506097258727124,1.611693830760605e-13,7.62129720220921e-11,61.51
1,1,-21,-19,60.02499479383567,1.7846713528247247e-13,8.037713605284351e-11,60.02
1,1,-21,-18,58.557663887829406,9.594458219825124e-14,4.112424654472544e-11,58.56
1,1,-21,-17,57.105166141076936,3.63030617228413e-14,1.4798035534773183e-11,57.11
1,1,-21,-16,55.66866263886712,1.2247539352152755e-14,4.744390556540174e-12,55.67
1,1,-21,-15,54.249423960075376,4.990921721243762e-15,1.8360353282025493e-12,54.25
1,1,-21,-14,52.848841046895245,4.224504541410863e-15,1.4748801480200672e-12,52.85
1,1,-21,-13,51.468436929831086,8.4620467679819e-15,2.801995236048007e-12,51.47
1,1,-21,-12,50.1098792654702,2.8400975855167598e-14,8.91435629654073e-12,50.11
1,1,-21,-11,48.774993593028796,1.0903943353430799e-13,3.242560154726484e-11,48.77
1,1,-21,-10,47.46577714522327,4.185695189401501e-13,1.1787964077151977e-10,47.47
1,1,-21,-9,46.184412955021955,1.4899498877045485e-12,3.9725788880922526e-10,46.18
1,1,-21,-8,44.93328387732194,4.781180003259418e-12,1.2066503033225956e-09,44.93
1,1,-21,-7,43.71498598878879,1.3624002661993641e-11,3.2544336358837317e-09,43.71
1,1,-21,-6,42.532340636273474,3.454675313216442e-11,7.81188455201068e-09,42.53
1,1,-21,-5,41.38840417314975,7.848532066043434e-11,1.68056692864155e-08,41.39
1,1,-21,-4,40.28647415696737,1.6113644305906043e-10,3.2690555885606886e-08,40.29
1,1,-21,-3,39.230090491866065,3.000633130949799e-10,5.772467985664677e-08,39.23
1,1,-21,-2,38.22302970723278,5.055400571812357e-10,9.232425294272316e-08,38.22
1,1,-21,-1,37.269290307168454,7.631539409705455e-10,1.32502603001011e-07,37.27
1,1,-21,0,36.373066958946424,1.0171962986902592e-09,1.682188378959016e-07,36.37
1,1,-21,1,35.53871128783372,1.1756688345302243e-09,1.8560871725145916e-07,35.54
1,1,-21,2,34.770677301427426,1.1555936946222905e-09,1.746390970997937e-07,34.77
1,1,-21,3,34.07345007480164,9.466922330934057e-10,1.3738871032768049e-07,34.07
1,1,-21,4,33.45145736735546,6.336107004414454e-10,8.862629672424715e-08,33.45
1,1,-21,5,32.908965343808674,3.399612323531831e-10,4.602225182981218e-08,32.91
1,1,-21,6,32.449961479175904,1.441224955829776e-10,1.8970123481109427e-08,32.45
1,1,-21,7,32.07802986469088,4.819649265454817e-11,6.199273867691259e-09,32.08
1,1,-21,8,31.796226191169296,1.3177456043847411e-11,1.6653010075412172e-09,31.8
1,1,-21,9,31.606961258558215,3.3777363212998418e-12,4.217948231223177e-10,31.61
1,1,-21,10,31.51190251317746,1.1776586194195165e-12,1.461768761354475e-10,31.51
1,1,-21,11,31.51190251317746,1.030431177367712e-12,1.2790226989076726e-10,31.51
1,1,-21,12,31.606961258558215,2.578779778418123e-12,3.2202512482996307e-10,31.61
1,1,-21,13,31.796226191169293,1.0039092772856173e-11,1.268690349169699e-09,31.8
1,1,-21,14,32.07802986469088,3.7592008493783714e-11,4.835272092512932e-09,32.08
1,1,-21,15,32.4499614791759,1.1376673338595034e-10,1.4974546281925706e-08,32.45
1,1,-21,16,32.90896534380867,2.6683678587064113e-10,3.6123029887238046e-08,32.91
1,1,-21,17,33.45145736735546,4.851590164539978e-10,6.786161742650293e-08,33.45
1,1,-21,18,34.07345007480164,6.916037995171279e-10,1.0036900140492318e-07,34.07
1,1,-21,19,34.77067730142742,7.827065545058194e-10,1.1828652804969196e-07,34.77
1,1,-21,20,35.53871128783372,7.098258178316295e-10,1.120637509901685e-07,35.54
1,1,-21,21,36.37306695894642,5.178782981221427e-10,8.564412355194932e-08,36.37
1,1,-21,22,37.26929030716844,3.025873932249764e-10,5.25367361486865e-08,37.27
1,1,-21,23,38.223029707232776,1.3909732591105457e-10,2.540264914450633e-08,38.22
1,1,-20,-23,64.55230437405004,1.1960602743865915e-11,6.229978954211158e-09,64.55
1,1,-20,-22,63.023805026354914,1.9960872963982297e-12,9.910573426617208e-10,63.02
1,1,-20,-21,61.50609725872712,1.6116938306989345e-13,7.621297201917585e-11,61.51
1,1,-20,-20,59.99999999999999,2.413443107666142e-34,1.0860493984497637e-31,60.0
1,1,-20,-19,58.50640990524029,1.0242251305250396e-14,4.382403277234012e-12,58.51
1,1,-20,-18,57.026309717533,8.531917242129792e-15,3.4682243589257595e-12,57.03
1,1,-20,-17,55.5607775323564,3.26220437457899e-15,1.2588031130406676e-12,55.56
1,1,-20,-16,54.110997033874725,7.40319823293922e-16,2.709570553255754e-13,54.11
1,1,-20,-15,52.67826876426369,1.591824770632143e-19,5.521642173130245e-17,52.68
1,1,-20,-14,51.264022471905186,7.64279023508416e-16,2.5106565922251465e-13,51.26
1,1,-20,-13,49.86983055916673,5.476768250220651e-15,1.7025903297873447e-12,49.87
1,1,-20,-12,48.497422611928556,2.4834399207729467e-14,7.30131336707246e-12,48.5
1,1,-20,-11,47.14870093650513,1.0392138569734737e-13,2.8877155050650395e-11,47.15
1,1,-20,-10,45.8257569495584,3.99995985031084e-13,1.0499894607065952e-10,45.83
1,1,-20,-9,44.53088815642464,1.428667361985361e-12,3.541309223521214e-10,44.53
1,1,-20,-8,43.26661530556787,4.629827725703172e-12,1.0833796878145422e-09,43.27
1,1,-20,-7,42.035699113967404,1.3627222731824319e-11,3.0099128208916963e-09,42.04
1,1,-20,-6,40.84115571332427,3.64248714264124e-11,7.594585692406983e-09,40.84
1,1,-20,-5,39.68626966596885,8.892504739271666e-11,1.7507118705441084e-08,39.69
1,1,-20,-4,38.57460304397182,1.982295128867801e-10,3.68706893969411e-08,38.57
1,1,-20,-3,37.5099986670221,4.015823681623861e-10,7.062829900055965e-08,37.51
1,1,-20,-2,36.49657518178931,7.30685777760911e-10,1.2165918199719165e-07,36.5
1,1,-20,-1,35.53871128783372,1.1756839644497576e-09,1.8561110588750547e-07,35.54
1,1,-20,0,34.64101615137754,1.6422445538903585e-09,2.463366830835537e-07,34.64
1,1,-20,1,33.808283008753925,1.9534853193103194e-09,2.791042149964617e-07,33.81
1,1,-20,2,33.04542328371661,1.9394863717658388e-09,2.647398897460369e-07,33.05
1,1,-20,3,32.35737937472687,1.5747453809861226e-09,2.0609480173655874e-07,32.36
1,1,-20,4,31.749015732775085,1.023799311404227e-09,1.2899871323693258e-07,31.75
1,1,-20,5,31.224989991991986,5.220877533141844e-10,6.362944493516621e-08,31.22
1,1,-20,6,30.7896086366813,2.0515202802746598e-10,2.431051532125471e-08,30.79
1,1,-20,7,30.446674695276656,6.152898272710227e-11,7.129670873502973e-09,30.45
1,1,-20,8,30.199337741082996,1.3997598707188282e-11,1.5957262526194637e-09,30.2
1,1,-20,9,30.049958402633436,2.148327302406284e-12,2.4249244425910926e-10,30.05
1,1,-20,10,29.999999999999996,1.5174005369683323e-14,1.7070756040893735e-12,30.0
1,1,-20,11,30.049958402633436,1.3872506244607985e-12,1.5658591423601263e-10,30.05
1,1,-20,12,30.199337741082992,1.1030534843391969e-11,1.2574809721466839e-09,30.2
1,1,-20,13,30.446674695276656,5.154086566928742e-11,5.972297809428678e-09,30.45
1,1,-20,14,30.7896086366813,1.7605773915382042e-10,2.0862842089727714e-08,30.79
1,1,-20,15,31.224989991991986,4.5049693743265504e-10,5.4904314249604814e-08,31.22
1,1,-20,16,31.749015732775085,8.759588698551099e-10,1.1037081760174383e-07,31.75
1,1,-20,17,32.35737937472687,1.3178010643364337e-09,1.7246721429503072e-07,32.36
1,1,-20,18,33.0454232837166,1.5615750296482084e-09,2.131549915469803e-07,33.05
1,1,-20,19,33.808283008753925,1.4803909261678777e-09,2.115108535762354e-07,33.81
1,1,-20,20,34.64101615137754,1.1356725937713782e-09,1.703508890657067e-07,34.64
1,1,-20,21,35.53871128783371,7.09825817831533e-10,1.1206375099015322e-07,35.54
1,1,-20,22,36.49657518178931,3.615855386424994e-10,6.020399218397612e-08,36.5
1,1,-20,23,37.509998667022096,1.4895458192837364e-10,2.61973870966527e-08,37.51
1,1,-19,-23,63.09516621738942,8.355076476406499e-12,4.157694931571783e-09,63.1
1,1,-19,-22,61.55485358604957,1.4716843462529382e-12,6.970264984940477e-10,61.55
1,1,-19,-21,60.024994793835674,1.7846713529054074e-13,8.037713605647728e-11,60.02
1,1,-19,-20,58.50640990524029,1.024225130462257e-14,4.382403276965381e-12,58.51
1,1,-19,-19,56.99999999999999,3.5919561809456247e-35,1.4587832039865414e-32,57.0
1,1,-19,-18,55.50675634551167,5.593802214062788e-16,2.154313077690931e-13,55.51
1,1,-19,-17,54.02777063696039,4.465859094866084e-16,1.6294803372392621e-13,54.03
1,1,-19,-16,52.5642464038057,4.587748940774418e-16,1.5844937904199647e-13,52.56
1,1,-19,-15,51.11751167652823,5.843254297147799e-16,1.9085529348058996e-13,51.12
1,1,-19,-14,49.68903299521937,1.825319566478746e-15,5.633392512045029e-13,49.69
1,1,-19,-13,48.28043081829324,6.276828980434312e-15,1.8289110441740473e-12,48.28
1,1,-19,-12,46.89349635077342,2.6108476852211698e-14,7.1765675747516905e-12,46.89
1,1,-19,-11,45.53020975132884,1.0263417194462504e-13,2.6595079805150964e-11,45.53
1,1,-19,-10,44.19275958796871,3.976476060755649e-13,9.70757218331973e-11,44.19
1,1,-19,-9,42.883563284783136,1.4262755845450028e-12,3.2786509999728257e-10,42.88
1,1,-19,-8,41.60528812542944,4.783129897263022e-12,1.0349497315202863e-09,41.61
1,1,-19,-7,40.36087214122113,1.4797705072234875e-11,3.013182695333826e-09,40.36
1,1,-19,-6,39.153543900903784,4.246272656558961e-11,8.13691997813111e-09,39.15
1,1,-19,-5,37.986839826445156,1.1233029036958443e-10,2.026157612541379e-08,37.99
1,1,-19,-4,36.864617182333525,2.7217944969725186e-10,4.6236484017320666e-08,36.86
1,1,-19,-3,35.79106033634656,5.95235913738917e-10,9.531215068744409e-08,35.79
1,1,-19,-2,34.77067730142742,1.1556113345435437e-09,1.7464176293289304e-07,34.77
1,1,-19,-1,33.80828300875393,1.953450159298167e-09,2.7909919150972556e-07,33.81
1,1,-19,0,32.90896534380867,2.82054270127569e-09,3.818309681851965e-07,32.91
1,1,-19,1,32.078029864690876,3.409768500271499e-09,4.3858147334742147e-07,32.08
1,1,-19,2,31.32091952673165,3.3823550576214705e-09,4.147612889408328e-07,31.32
1,1,-19,3,30.643106892089122,2.694368616565404e-09,3.1625151636936426e-07,30.64
1,1,-19,4,30.04995840263344,1.6855300178099307e-09,1.9025420076029594e-07,30.05
1,1,-19,5,29.546573405388312,8.098116458063589e-10,8.837069584861891e-08,29.55
1,1,-19,6,29.13760456866693,2.944073312915661e-10,3.124397803331745e-08,29.14
1,1,-19,7,28.827070610799147,8.23266223629686e-11,8.551677897953363e-09,28.83
1,1,-19,8,28.61817604250837,2.0115755885361398e-11,2.0593505087638732e-09,28.62
1,1,-19,9,28.5131548587665,6.604581701575191e-12,6.711906154225786e-10,28.51
1,1,-19,10,28.513154858766505,6.212337964027119e-12,6.31328845594256e-10,28.51
1,1,-19,11,28.618176042508367,1.7931463413661125e-11,1.8357335669735575e-09,28.62
1,1,-19,12,28.827070610799144,7.388197034597879e-11,7.674489669688544e-09,28.83
1,1,-19,13,29.13760456866693,2.6772677281220904e-10,2.8412503764695685e-08,29.14
1,1,-19,14,29.546573405388312,7.409316560870011e-10,8.085416697049399e-08,29.55
1,1,-19,15,30.049958402633436,1.5391312116128064e-09,1.737294355107955e-07,30.05
1,1,-19,16,30.643106892089122,2.435601584699193e-09,2.8587873600406775e-07,30.64
1,1,-19,17,31.320919526731647,2.998322236778552e-09,3.676692642849698e-07,31.32
1,1,-19,18,32.078029864690876,2.927409498919232e-09,3.765380467984861e-07,32.08
1,1,-19,19,32.90896534380867,2.3043604231707073e-09,3.1195279228673447e-07,32.91
1,1,-19,20,33.80828300875393,1.480390926167061e-09,2.115108535761188e-07,33.81
1,1,-19,21,34.77067730142741,7.827065545056736e-10,1.1828652804966988e-07,34.77
1,1,-19,22,35.791060336346554,3.4155051899573063e-10,5.4690776854191346e-08,35.79
1,1,-19,23,36.86461718233352,1.2273657033413995e-10,2.0849874885512017e-08,36.86
1,1,-18,-23,61.652250567193406,4.257733703253181e-12,2.0229557257581674e-09,61.65
1,1,-18,-22,60.09991680526687,7.173404728015881e-13,3.23879223469917e-10,60.1
1,1,-18,-21,58.5576638878294,9.594458218997501e-14,4.112424654117803e-11,58.56
1,1,-18,-20,57.02630971753301,8.531917240643658e-15,3.468224358321647e-12,57.03
1,1,-18,-19,55.50675634551166,5.593802213523925e-16,2.1543130774834008e-13,55.51
1,1,-18,-18,53.99999999999999,7.09899405560811e-35,2.5875833332691556e-32,54.0
1,1,-18,-17,52.507142371300304,5.565776014849351e-18,1.918105559117457e-15,52.51
1,1,-18,-16,51.02940328869229,1.1548116050991839e-17,3.758911774597843e-15,51.03
1,1,-18,-15,49.56813492557492,3.310847488633893e-16,1.0168440349466844e-13,49.57
1,1,-18,-14,48.12483766206386,1.2036611028148276e-15,3.484598892648926e-13,48.12
1,1,-18,-13,46.70117771534246,6.315537573928922e-15,1.7217734310923716e-12,46.7
1,1,-18,-12,45.29900661162449,2.4644662636664077e-14,6.321355966304335e-12,45.3
1,1,-18,-11,43.9203825119955,1.0411595149880795e-13,2.5104958805150067e-11,43.92
1,1,-18,-10,42.567593307585526,3.9868685411153727e-13,9.03025724562632e-11,42.57
1,1,-18,-9,41.243181254602554,1.4934914946127344e-12,3.1755362904203256e-10,41.24
1,1,-18,-8,39.949968710876355,5.219463176867598e-12,1.0412829037850857e-09,39.95
1,1,-18,-7,38.691084244306204,1.7328884793096237e-11,3.242667566908133e-09,38.69
1,1,-18,-6,37.469987990390386,5.369950833338263e-11,9.42426371250865e-09,37.47
1,1,-18,-5,36.29049462324811,1.5448114631092786e-10,2.5431458711436493e-08,36.29
1,1,-18,-4,35.15679166249389,4.0442561569422015e-10,6.248375762475701e-08,35.16
1,1,-18,-3,34.073450074801634,9.46735596267552e-10,1.3739500340832844e-07,34.07
1,1,-18,-2,33.04542328371661,1.939444958357213e-09,2.647342368157595e-07,33.05
1,1,-18,-1,32.078029864690876,3.4098511533539884e-09,4.3859210460015664e-07,32.08
1,1,-18,0,31.17691453623979,5.041350779338821e-09,6.125241196896667e-07,31.18
1,1,-18,1,30.347981810987033,6.1447469731349565e-09,7.074139952821616e-07,30.35
1,1,-18,2,29.59729717389748,6.042470415466925e-09,6.616505104936281e-07,29.6
1,1,-18,3,28.930952282978865,4.683886388546591e-09,4.900516134016871e-07,28.93
1,1,-18,4,28.354893757515647,2.7883233793406795e-09,2.802264996237382e-07,28.35
1,1,-18,5,27.874719729532703,1.2403806239070998e-09,1.2047196809697703e-07,27.87
1,1,-18,6,27.495454169735037,4.0106588431996956e-10,3.7900726068237115e-08,27.5
1,1,-18,7,27.2213151776324,9.135037136853123e-11,8.461328148010205e-09,27.22
1,1,-18,8,27.055498516937362,1.275289046411003e-11,1.1668894774660673e-09,27.06
1,1,-18,9,26.999999999999996,2.0239350239294286e-14,1.844310790555691e-12,27.0
1,1,-18,10,27.055498516937362,1.055014470378259e-11,9.653382403961067e-10,27.06
1,1,-18,11,27.2213151776324,8.308757912156479e-11,7.695987016134938e-09,27.22
1,1,-18,12,27.495454169735037,3.7531297187073406e-10,3.5467075841784364e-08,27.5
1,1,-18,13,27.874719729532703,1.1730193088891518e-09,1.1392950037585884e-07,27.87
1,1,-18,14,28.354893757515647,2.6424686187038517e-09,2.6556809617973705e-07,28.35
1,1,-18,15,28.93095228297886,4.422166845059731e-09,4.6266920616437424e-07,28.93
1,1,-18,16,29.59729717389748,5.650490715582586e-09,6.18728733356293e-07,29.6
1,1,-18,17,30.347981810987033,5.650537128852205e-09,6.505180869591099e-07,30.35
1,1,-18,18,31.17691453623979,4.512866571037454e-09,5.483132883810506e-07,31.18
1,1,-18,19,32.078029864690876,2.927409498920453e-09,3.765380467986432e-07,32.08
1,1,-18,20,33.04542328371661,1.5615750296480285e-09,2.1315499154695585e-07,33.05
1,1,-18,21,34.073450074801634,6.916037995167654e-10,1.0036900140487053e-07,34.07
1,1,-18,22,35.15679166249389,2.553898306096831e-10,3.945772882919603e-08,35.16
1,1,-18,23,36.2904946232481,7.879930705738286e-11,1.2972335924321646e-08,36.29
1,1,-17,-23,60.22457969965419,1.6616402889432134e-12,7.533461659996294e-10,60.22
1,1,-17,-22,58.66003750424986,2.577491831179761e-13,1.1086436738861947e-10,58.66
1,1,-17,-21,57.10516614107693,3.630306172221306e-14,1.4798035534517093e-11,57.11
1,1,-17,-20,55.560777532356404,3.2622043751197195e-15,1.2588031132493219e-12,55.56
1,1,-17,-19,54.0277706369604,4.465859087388883e-16,1.6294803345110186e-13,54.03
1,1,-17,-18,52.507142371300304,5.5657759966855e-18,1.91810555285774e-15,52.51
1,1,-17,-17,51.0,1.508556185527278e-34,4.9046932981955623e-32,51.0
1,1,-17,-16,49.50757517794625,1.9208513380299496e-16,5.885008286889257e-14,49.51
1,1,-17,-15,48.03123983409131,2.1865298027039292e-16,6.305405318547454e-14,48.03
1,1,-17,-14,46.57252408878007,1.820348792877005e-15,4.93542066468778e-13,46.57
1,1,-17,-13,45.13313638558703,5.498319757139695e-15,1.4000096681616947e-12,45.13
1,1,-17,-12,43.71498598878878,2.6893845268106702e-14,6.424267288418987e-12,43.71
1,1,-17,-11,42.320207938997655,1.0176842851632265e-13,2.2783406934091735e-11,42.32
1,1,-17,-10,40.95119045888654,4.218224044973436e-13,8.842452154275567e-11,40.95
1,1,-17,-9,39.61060464067672,1.5998012298760177e-12,3.13761016209434e-10,39.61
1,1,-17,-8,38.301436004411116,6.025601303923267e-12,1.1049446391069294e-09,38.3
1,1,-17,-7,37.027017163147235,2.1407068119898435e-11,3.668636299047594e-09,37.03
1,1,-17,-6,35.79106033634656,7.229721014507497e-11,1.157659077448013e-08,35.79
1,1,-17,-5,34.597687784012386,2.2490690977873142e-10,3.365169637564269e-08,34.6
1,1,-17,-4,33.45145736735546,6.336759373706431e-10,8.863542173971868e-08,33.45
1,1,-17,-3,32.35737937472687,1.574645810424667e-09,2.0608177043932824e-07,32.36
1,1,-17,-2,31.32091952673165,3.3824517377801503e-09,4.1477314434529094e-07,31.32
1,1,-17,-1,30.347981810987033,6.14455355913727e-09,7.07391728495678e-07,30.35
1,1,-17,0,29.444863728670914,9.25701576762511e-09,1.0032290838163713e-06,29.44
1,1,-17,1,28.61817604250837,1.1318187306215759e-08,1.1586994254738382e-06,28.62
1,1,-17,2,27.874719729532707,1.0980150374519574e-08,1.0664471051252137e-06,27.87
1,1,-17,3,27.2213151776324,8.232926544778519e-09,7.625748212101103e-07,27.22
1,1,-17,4,26.664583251946766,4.635481480784014e-09,4.1197841660467923e-07,26.66
1,1,-17,5,26.210684844162312,1.903850441547703e-09,1.6349315666790896e-07,26.21
1,1,-17,6,25.865034312755125,5.658424680958925e-10,4.731857639451901e-08,25.87
1,1,-17,7,25.632011235952593,1.3300395226680045e-10,1.0922949579910988e-08,25.63
1,1,-17,8,25.514701644346147,3.872639801129563e-11,3.151360638169182e-09,25.51
1,1,-17,9,25.514701644346147,3.776735575732826e-11,3.0733185747525872e-09,25.51
1,1,-17,10,25.632011235952593,1.2740270394347123e-10,1.0462947061357575e-08,25.63
1,1,-17,11,25.865034312755125,5.445961805298612e-10,4.554185559680964e-08,25.87
1,1,-17,12,26.210684844162312,1.8419811762770373e-09,1.5818013351279055e-07,26.21
1,1,-17,13,26.664583251946766,4.493464975091618e-09,3.993566996612676e-07,26.66
1,1,-17,14,27.2213151776324,7.969958972135243e-09,7.382174497940269e-07,27.22
1,1,-17,15,27.874719729532703,1.0579823412956503e-08,1.0275653489834002e-06,27.87
1,1,-17,16,28.618176042508367,1.081008034427417e-08,1.106681975245068e-06,28.62
1,1,-17,17,29.44486372867091,8.713474763559274e-09,9.44322827500736e-07,29.44
1,1,-17,18,30.347981810987033,5.650537128853478e-09,6.505180869592565e-07,30.35
1,1,-17,19,31.320919526731647,2.9983222367766133e-09,3.676692642847321e-07,31.32
1,1,-17,20,32.35737937472687,1.317801064336221e-09,1.724672142950029e-07,32.36
1,1,-17,21,33.45145736735545,4.851590164537642e-10,6.786161742647023e-08,33.45
1,1,-17,22,34.59768778401238,1.503334757481285e-10,2.2493646308813713e-08,34.6
1,1,-17,23,35.791060336346554,3.9527407231644306e-11,6.329326082967042e-09,35.79
1,1,-16,-23,58.813263810130444,5.221056247174587e-13,2.2574541948721118e-10,58.81
1,1,-16,-22,57.23635208501673,7.208141429541474e-14,2.951733915397234e-11,57.24
1,1,-16,-21,55.66866263886712,1.2247539355915278e-14,4.744390557997681e-12,55.67
1,1,-16,-20,54.110997033874725,7.403198239928475e-16,2.709570555813821e-13,54.11
1,1,-16,-19,52.56424640380569,4.587748945457921e-16,1.5844937920375292e-13,52.56
1,1,-16,-18,51.02940328869229,1.1548116001339115e-17,3.758911758435882e-15,51.03
1,1,-16,-17,49.50757517794625,1.920851342319265e-16,5.885008300030647e-14,49.51
1,1,-16,-16,48.0,1.4116610393536566e-35,4.065583793338531e-33,48.0
1,1,-16,-15,46.50806381693394,7.34835250866246e-16,1.9868108095296127e-13,46.51
1,1,-16,-14,45.033320996790806,8.44143338421872e-16,2.1399033628994452e-13,45.03
1,1,-16,-13,43.57751713900185,7.573425404227963e-15,1.7977418553286125e-12,43.58
1,1,-16,-12,42.14261501141095,2.302149159917829e-14,5.1107711350175796e-12,42.14
1,1,-16,-11,40.730823708832595,1.1294880849225795e-13,2.3422759161081987e-11,40.73
1,1,-16,-10,39.344631145812,4.2944401030532346e-13,8.309741599408007e-11,39.34
1,1,-16,-9,37.986839826445156,1.8133748108110153e-12,3.270874815000368e-10,37.99
1,1,-16,-8,36.66060555964672,7.099905991579843e-12,1.1927842065854138e-09,36.66
1,1,-16,-7,35.369478367654786,2.7689776562225557e-11,4.329988809918021e-09,35.37
1,1,-16,-6,34.11744421846396,1.0077142331647225e-10,1.466224209254671e-08,34.12
1,1,-16,-5,32.90896534380867,3.400630524092435e-10,4.603603571990134e-08,32.91
1,1,-16,-4,31.749015732775085,1.0236529007703183e-09,1.289802654970601e-07,31.75
1,1,-16,-3,30.643106892089122,2.6945953235430338e-09,3.162781261008636e-07,30.64
1,1,-16,-2,29.597297173897484,6.0422480516567395e-09,6.616261616564129e-07,29.6
1,1,-16,-1,28.618176042508367,1.131863338112577e-08,1.1587450923927504e-06,28.62
1,1,-16,0,27.712812921102035,1.732035679734633e-08,1.6627542525452472e-06,27.71
1,1,-16,1,26.888659319497503,2.1184664753847196e-08,1.91456407712894e-06,26.89
1,1,-16,2,26.15339366124404,2.017016872174579e-08,1.724549425709265e-06,26.15
1,1,-16,3,25.514701644346147,1.4511946927461173e-08,1.1809096812221529e-06,25.51
1,1,-16,4,24.979991993593593,7.606012336491133e-09,5.932689622463084e-07,24.98
1,1,-16,5,24.55605831561735,2.778206259992892e-09,2.0940729684696424e-07,24.56
1,1,-16,6,24.248711305964278,6.644583834151404e-10,4.88376911810128e-08,24.25
1,1,-16,7,24.06241883103193,8.817809478974694e-11,6.381889610407935e-09,24.06
1,1,-16,8,24.0,2.2706778383972414e-14,1.634888043646014e-12,24.0
1,1,-16,9,24.062418831031927,8.203043110579111e-11,5.9369524512816306e-09,24.06
1,1,-16,10,24.24871130596428,6.424738798843354e-10,4.722183017149865e-08,24.25
1,1,-16,11,24.55605831561735,2.715938047814693e-09,2.0471383035403246e-07,24.56
1,1,-16,12,24.97999199359359,7.462640223813851e-09,5.820859374574803e-07,24.98
1,1,-16,13,25.514701644346147,1.4243316154434895e-08,1.1590498520671397e-06,25.51
1,1,-16,14,26.15339366124404,1.9757275053873656e-08,1.6892470171061972e-06,26.15
1,1,-16,15,26.8886593194975,2.065822191346235e-08,1.8669868054291592e-06,26.89
1,1,-16,16,27.712812921102035,1.6757820578310275e-08,1.6087507755177862e-06,27.71
1,1,-16,17,28.618176042508367,1.081008034427229e-08,1.1066819752448754e-06,28.62
1,1,-16,18,29.59729717389748,5.650490715582029e-09,6.18728733356232e-07,29.6
1,1,-16,19,30.643106892089122,2.4356015847001293e-09,2.8587873600417766e-07,30.64
1,1,-16,20,31.749015732775085,8.759588698563371e-10,1.1037081760189846e-07,31.75
1,1,-16,21,32.90896534380866,2.668367858709702e-10,3.6123029887282574e-08,32.91
1,1,-16,22,34.11744421846395,6.907636934387171e-11,1.0050611739533328e-08,34.12
1,1,-16,23,35.36947836765478,1.5533148481062474e-11,2.428996093726143e-09,35.37
1,1,-15,-23,57.41950887982237,1.455585417063173e-13,5.9988314000716e-11,57.42
1,1,-15,-22,55.83009940883142,1.4829236503358998e-14,5.777841272621247e-12,55.83
1,1,-15,-21,54.24942396007536,4.9909217212109835e-15,1.8360353281904898e-12,54.25
1,1,-15,-20,52.67826876426369,1.5918247627321963e-19,5.5216421457273046e-17,52.68
1,1,-15,-19,51.117511676528224,5.843254293741252e-16,1.9085529336932359e-13,51.12
1,1,-15,-18,49.56813492557491,3.3108474891287585e-16,1.0168440350986695e-13,49.57
1,1,-15,-17,48.03123983409131,2.186529806923748e-16,6.305405330716357e-14,48.03
1,1,-15,-16,46.508063816933934,7.348352497692005e-16,1.9868108065634755e-13,46.51
1,1,-15,-15,44.99999999999999,3.12776610831902e-35,7.917157961682517e-33,45.0
1,1,-15,-14,43.508619835614184,3.1895619306088568e-15,7.547300918303207e-13,43.51
1,1,-15,-13,42.0356991139674,3.633097407116541e-15,8.024603897968657e-13,42.04
1,1,-15,-12,40.58324777540604,3.2491477220376544e-14,6.689182872745019e-12,40.58
1,1,-15,-11,39.153543900903784,9.93383629786775e-14,1.9035713805789076e-11,39.15
1,1,-15,-10,37.749172176353746,4.98113995354738e-13,8.872655542256269e-11,37.75
1,1,-15,-9,36.37306695894642,1.9752894771266913e-12,3.2666349727982645e-10,36.37
1,1,-15,-8,35.02855977627399,8.770956398246127e-12,1.3452454375809997e-09,35.03
1,1,-15,-7,33.719430600174725,3.605905041281728e-11,5.124892539921654e-09,33.72
1,1,-15,-6,32.4499614791759,1.442538861370512e-10,1.8987417762789354e-08,32.45
1,1,-15,-5,31.22498999199199,5.218687127511192e-10,6.360274936654265e-08,31.22
1,1,-15,-4,30.049958402633436,1.6858522882752885e-09,1.9029057703907317e-07,30.05
1,1,-15,-3,28.930952282978865,4.683380604840986e-09,4.899986957814882e-07,28.93
1,1,-15,-2,27.874719729532707,1.098065048979246e-08,1.0664956788210926e-06,27.87
1,1,-15,-1,26.8886593194975,2.118365835137968e-08,1.914473123505938e-06,26.89
1,1,-15,0,25.980762113533157,3.2934223988437075e-08,2.7788251490243776e-06,25.98
1,1,-15,1,25.159491250818245,4.020485190793131e-08,3.1812089072150646e-06,25.16
1,1,-15,2,24.433583445741228,3.7478919037577483e-08,2.7968643331792186e-06,24.43
1,1,-15,3,23.811761799581312,2.5739143806626096e-08,1.8242618172946242e-06,23.81
1,1,-15,4,23.302360395462085,1.2519988856598767e-08,8.497942436416411e-07,23.3
1,1,-15,5,22.912878474779195,4.167110979611205e-09,2.734666580369852e-07,22.91
1,1,-15,6,22.649503305812246,9.778455047617683e-10,6.270434299284837e-08,22.65
1,1,-15,7,22.516660498395403,2.4068843271669735e-10,1.5253629423420692e-08,22.52
1,1,-15,8,22.5166604983954,2.3849686643446756e-10,1.5114738910284374e-08,22.52
1,1,-15,9,22.649503305812242,9.641328351943762e-10,6.182501805683934e-08,22.65
1,1,-15,10,22.9128784747792,4.116800873985635e-09,2.7016505735530725e-07,22.91
1,1,-15,11,23.302360395462085,1.2387631093379177e-08,8.408104604631114e-07,23.3
1,1,-15,12,23.811761799581312,2.5473787591844574e-08,1.8054546955719838e-06,23.81
1,1,-15,13,24.433583445741228,3.705723642322633e-08,2.765396268083264e-06,24.43
1,1,-15,14,25.159491250818245,3.965969370112301e-08,3.1380732641013577e-06,25.16
1,1,-15,15,25.980762113533157,3.235002464948129e-08,2.729533329799983e-06,25.98
1,1,-15,16,26.8886593194975,2.0658221913463915e-08,1.8669868054293006e-06,26.89
1,1,-15,17,27.874719729532703,1.0579823412954257e-08,1.0275653489831818e-06,27.87
1,1,-15,18,28.93095228297886,4.422166845060526e-09,4.626692061644574e-07,28.93
1,1,-15,19,30.049958402633436,1.5391312116138133e-09,1.7372943551090915e-07,30.05
1,1,-15,20,31.224989991991986,4.504969374329955e-10,5.4904314249646306e-08,31.22
1,1,-15,21,32.4499614791759,1.137667333856969e-10,1.4974546281892347e-08,32.45
1,1,-15,22,33.719430600174725,2.4617346683601866e-11,3.4987403974069137e-09,33.72
1,1,-15,23,35.02855977627398,4.864348467356306e-12,7.46069446180773e-10,35.03
1,1,-14,-23,56.04462507680821,4.600704935030926e-14,1.806351775116517e-11,56.04
1,1,-14,-22,54.4426303552648,9.399994631144063e-16,3.4826980108388754e-13,54.44
1,1,-14,-21,52.848841046895245,4.224504542058706e-15,1.4748801482462454e-12,52.85
1,1,-14,-20,51.264022471905186,7.642790225399545e-16,2.5106565890437505e-13,51.26
1,1,-14,-19,49.68903299521938,1.825319565642736e-15,5.633392509464895e-13,49.69
1,1,-14,-18,48.124837662063854,1.2036611026700314e-15,3.48459889222974e-13,48.12
1,1,-14,-17,46.57252408878007,1.8203487937045444e-15,4.935420666931445e-13,46.57
1,1,-14,-16,45.033320996790806,8.441433381512513e-16,2.1399033622134217e-13,45.03
1,1,-14,-15,43.50861983561418,3.189561930986591e-15,7.547300919197019e-13,43.51
1,1,-14,-14,42.0,3.3575732131159745e-35,7.403448934920724e-33,42.0
1,1,-14,-13,40.50925820105819,1.3754232390927776e-14,2.82133691918906e-12,40.51
1,1,-14,-12,39.038442591886266,1.574610510118883e-14,2.9996330217764714e-12,39.04
1,1,-14,-11,37.589892258425,1.4349661269467452e-13,2.5345089217196888e-11,37.59
1,1,-14,-10,36.16628264005025,4.575749659278709e-13,7.481350692920688e-11,36.17
1,1,-14,-9,34.77067730142742,2.4206715519743756e-12,3.658239882921275e-10,34.77
1,1,-14,-8,33.406586176980134,1.032191974656311e-11,1.439907804645554e-09,33.41
1,1,-14,-7,32.078029864690876,4.834967902612098e-11,6.21897746473481e-09,32.08
1,1,-14,-6,30.789608636681304,2.0488455114201243e-10,2.4278819310328474e-08,30.79
1,1,-14,-5,29.546573405388315,8.102706516433947e-10,8.842078486058545e-08,29.55
1,1,-14,-4,28.354893757515647,2.787635811768768e-09,2.8015739908276113e-07,28.35
1,1,-14,-3,27.2213151776324,8.234024284530286e-09,7.626764993546177e-07,27.22
1,1,-14,-2,26.153393661244042,2.016907713314819e-08,1.7244560948841704e-06,26.15
1,1,-14,-1,25.159491250818245,4.020706136389395e-08,3.1813837304181084e-06,25.16
1,1,-14,0,24.24871130596428,6.345568786838416e-08,4.663993058326235e-06,24.25
1,1,-14,1,23.430749027719962,7.723738043990702e-08,5.300415232688618e-06,23.43
1,1,-14,2,22.71563338320109,7.001561372839461e-08,4.516007085481452e-06,22.72
1,1,-14,3,22.11334438749598,4.5346838485861894e-08,2.7718255024483085e-06,22.11
1,1,-14,4,21.633307652783937,1.9741220088175768e-08,1.1548613751582826e-06,21.63
1,1,-14,5,21.28379665379276,5.293712538437257e-09,2.997564724890096e-07,21.28
1,1,-14,6,21.071307505705477,7.185045187068427e-10,3.987700078822976e-08,21.07
1,1,-14,7,21.0,2.1709025659335336e-14,1.1967100394708605e-12,21.0
1,1,-14,8,21.071307505705477,7.015377339568524e-10,3.8935344234605304e-08,21.07
1,1,-14,9,21.283796653792763,5.237271476904561e-09,2.965604973797208e-07,21.28
1,1,-14,10,21.633307652783934,1.9599840222371648e-08,1.1465906530087412e-06,21.63
1,1,-14,11,22.113344387495978,4.506690942529935e-08,2.7547148386214222e-06,22.11
1,1,-14,12,22.71563338320109,6.957110567264941e-08,4.487336315885886e-06,22.72
1,1,-14,13,23.430749027719962,7.666239733475974e-08,5.260957017097886e-06,23.43
1,1,-14,14,24.248711305964278,6.284198170521071e-08,4.618885655332986e-06,24.25
1,1,-14,15,25.159491250818245,3.9659693701129494e-08,3.1380732641018706e-06,25.16
1,1,-14,16,26.15339366124404,1.9757275053875475e-08,1.6892470171063529e-06,26.15
1,1,-14,17,27.221315177632395,7.969958972138227e-09,7.382174497943031e-07,27.22
1,1,-14,18,28.354893757515647,2.642468618702626e-09,2.655680961796138e-07,28.35
1,1,-14,19,29.546573405388312,7.409316560876755e-10,8.085416697056758e-08,29.55
1,1,-14,20,30.7896086366813,1.760577391539895e-10,2.0862842089747752e-08,30.79
1,1,-14,21,32.078029864690876,3.7592008494034524e-11,4.835272092545189e-09,32.08
1,1,-14,22,33.40658617698013,6.7979245300478495e-12,9.483104719416748e-10,33.41
1,1,-14,23,34.77067730142741,1.2959485636555365e-12,1.958502266824429e-10,34.77
1,1,-13,-23,54.69003565550126,2.700129784577167e-14,1.0095110232087881e-11,54.69
1,1,-13,-22,53.07541803886239,2.1339999504151313e-15,7.514347325399278e-13,53.08
1,1,-13,-21,51.468436929831086,8.4620467676669e-15,2.8019952359437025e-12,51.47
1,1,-13,-20,49.86983055916673,5.476768252513962e-15,1.7025903305002776e-12,49.87
1,1,-13,-19,48.28043081829323,6.276828977489954e-15,1.8289110433161346e-12,48.28
1,1,-13,-18,46.70117771534247,6.315537573211709e-15,1.7217734308968421e-12,46.7
1,1,-13,-17,45.13313638558703,5.498319758545284e-15,1.4000096685195929e-12,45.13
1,1,-13,-16,43.57751713900185,7.573425404942687e-15,1.79774185549827e-12,43.58
1,1,-13,-15,42.035699113967404,3.633097406366887e-15,8.024603896312862e-13,42.04
1,1,-13,-14,40.50925820105818,1.3754232393593182e-14,2.8213369197358008e-12,40.51
1,1,-13,-13,39.0,1.3097764684031025e-35,2.4902125105513987e-33,39.0
1,1,-13,-12,37.5099986670221,6.060332212557332e-14,1.0658609278835208e-11,37.51
1,1,-13,-11,36.04164258188019,7.162533620774604e-14,1.1630163966732758e-11,36.04
1,1,-13,-10,34.597687784012386,6.780714910903692e-13,1.0145644685439649e-10,34.6
1,1,-13,-9,33.18132004607411,2.3519991050574743e-12,3.2369387683353484e-10,33.18
1,1,-13,-8,31.79622619116929,1.3335608860204754e-11,1.6852875697083756e-09,31.8
1,1,-13,-7,30.446674695276656,6.124055978913781e-11,7.096249865566342e-09,30.45
1,1,-13,-6,29.13760456866693,2.9493488778173507e-10,3.1299964965836634e-08,29.14
1,1,-13,-5,27.874719729532707,1.2394602075871118e-09,1.2038257266189824e-07,27.87
1,1,-13,-4,26.664583251946766,4.6368974286014455e-09,4.1210425896695347e-07,26.66
1,1,-13,-3,25.514701644346147,1.4509649593684117e-08,1.180722735686045e-06,25.51
1,1,-13,-2,24.43358344574123,3.748122288515463e-08,2.7970362578046637e-06,24.43
1,1,-13,-1,23.430749027719962,7.723268295521578e-08,5.300092867801682e-06,23.43
1,1,-13,0,22.516660498395403,1.2418905049255312e-07,7.870481074965553e-06,22.52
1,1,-13,1,21.702534414210707,1.5053854261361057e-07,8.862956696376324e-06,21.7
1,1,-13,2,20.999999999999996,1.3248582953041325e-07,7.303281352864028e-06,21.0
1,1,-13,3,20.420577856662135,8.05260143869857e-08,4.197418499921629e-06,20.42
1,1,-13,4,19.974984355438178,3.204811132261805e-08,1.598399552215575e-06,19.97
1,1,-13,5,19.672315572905998,7.988988448203645e-09,3.8646731618185114e-07,19.67
1,1,-13,6,19.519221295943133,1.648383248021029e-09,7.850425218700149e-08,19.52
1,1,-13,7,19.519221295943133,1.6435618253251798e-09,7.827463193111168e-08,19.52
1,1,-13,8,19.672315572906,7.956518204163812e-09,3.8489656812642433e-07,19.67
1,1,-13,9,19.974984355438178,3.1935863718310715e-08,1.5928012029507468e-06,19.97
1,1,-13,10,20.420577856662135,8.026629373825805e-08,4.1838805611067e-06,20.42
1,1,-13,11,20.999999999999996,1.3204056532310752e-07,7.278736163436299e-06,21.0
1,1,-13,12,21.702534414210703,1.4994306445694339e-07,8.82789791990254e-06,21.7
1,1,-13,13,22.516660498395403,1.2354683673417595e-07,7.8297807780284e-06,22.52
1,1,-13,14,23.43074902771996,7.666239733476658e-08,5.2609570170983544e-06,23.43
1,1,-13,15,24.433583445741228,3.705723642322563e-08,2.7653962680832115e-06,24.43
1,1,-13,16,25.514701644346147,1.4243316154434526e-08,1.1590498520671096e-06,25.51
1,1,-13,17,26.664583251946762,4.4934649750921924e-09,3.9935669966131847e-07,26.66
1,1,-13,18,27.874719729532703,1.1730193088896907e-09,1.1392950037591119e-07,27.87
1,1,-13,19,29.137604568666926,2.6772677281229455e-10,2.841250376470475e-08,29.14
1,1,-13,20,30.446674695276656,5.1540865669407813e-11,5.972297809442629e-09,30.45
1,1,-13,21,31.796226191169286,1.0039092772880332e-11,1.2686903491727516e-09,31.8
1,1,-13,22,33.18132004607411,1.4269351893441315e-12,1.9638195543348606e-10,33.18
1,1,-13,23,34.59768778401238,3.599586174340082e-13,5.3858808133563444e-11,34.6
1,1,-12,-23,53.35728628781639,4.2460029364944123e-14,1.5110462950249486e-11,53.36
1,1,-12,-22,51.73006862551024,2.178275958537894e-14,7.286333081309253e-12,51.73
1,1,-12,-21,50.1098792654702,2.84009758487511e-14,8.914356294526752e-12,50.11
1,1,-12,-20,48.49742261192856,2.4834399204704378e-14,7.301313366183088e-12,48.5
1,1,-12,-19,46.89349635077341,2.61084768513868e-14,7.176567574524944e-12,46.89
1,1,-12,-18,45.2990066116245,2.4644662638938997e-14,6.321355966887853e-12,45.3
1,1,-12,-17,43.71498598878878,2.6893845272238386e-14,6.424267289405943e-12,43.71
1,1,-12,-16,42.14261501141095,2.3021491595252287e-14,5.110771134146007e-12,42.14
1,1,-12,-15,40.58324777540604,3.249147722825594e-14,6.68918287436719e-12,40.58
1,1,-12,-14,39.038442591886266,1.5746105095863194e-14,2.999633020761938e-12,39.04
1,1,-12,-13,37.5099986670221,6.060332213116954e-14,1.0658609279819443e-11,37.51
1,1,-12,-12,36.0,2.9029263811247455e-35,4.702740737422088e-33,36.0
1,1,-12,-11,34.51086785347479,2.7831261751993755e-13,4.1433790933280695e-11,34.51
1,1,-12,-10,33.04542328371661,3.544777480354923e-13,4.8386212606844685e-11,33.05
1,1,-12,-9,31.606961258558215,3.5350707878752563e-12,4.414419646359226e-10,31.61
1,1,-12,-8,30.199337741082996,1.3734342678793369e-11,1.5657150653824437e-09,30.2
1,1,-12,-7,28.827070610799147,8.286245655474377e-11,8.607337674624009e-09,28.83
1,1,-12,-6,27.49545416973504,4.0009556746443087e-10,3.780903112538872e-08,27.5
1,1,-12,-5,26.210684844162316,1.905623572472657e-09,1.6364542428608944e-07,26.21
1,1,-12,-4,24.979991993593593,7.603235882477578e-09,5.930523988332511e-07,24.98
1,1,-12,-3,23.811761799581316,2.5743771348490526e-08,1.824589794324266e-06,23.81
1,1,-12,-2,22.715633383201094,7.001094213169754e-08,4.515705767494491e-06,22.72
1,1,-12,-1,21.702534414210707,1.5054819458426487e-07,8.863524956148595e-06,21.7
1,1,-12,0,20.784609690826528,2.4620628024406136e-07,1.3295139133179313e-05,20.78
1,1,-12,1,19.97498435543818,2.9703772591677385e-07,1.48147565800991e-05,19.97
1,1,-12,2,19.28730152198591,2.511844461519682e-07,1.168007674606652e-05,19.29
1,1,-12,3,18.734993995195193,1.3893742559309417e-07,6.095879547897005e-06,18.73
1,1,-12,4,18.330302779823363,4.513157612635492e-08,1.8955261973069073e-06,18.33
1,1,-12,5,18.083141320025124,6.977947198266774e-09,2.852235917291544e-07,18.08
1,1,-12,6,18.0,1.790426548384119e-14,7.251227520955682e-13,18.0
1,1,-12,7,18.083141320025124,6.930674947267701e-09,2.8329133846956725e-07,18.08
1,1,-12,8,18.33030277982336,4.4991606708436305e-08,1.8896474817543248e-06,18.33
1,1,-12,9,18.734993995195193,1.3863746537813726e-07,6.082718793465771e-06,18.73
1,1,-12,10,19.28730152198591,2.506881430034136e-07,1.1656998649658732e-05,19.29
1,1,-12,11,19.974984355438178,2.96386147681007e-07,1.4782259115590221e-05,19.97
1,1,-12,12,20.784609690826525,2.455141467244946e-07,1.3257763923122704e-05,20.78
1,1,-12,13,21.702534414210703,1.499430644569459e-07,8.827897919902688e-06,21.7
1,1,-12,14,22.71563338320109,6.95711056726506e-08,4.4873363158859625e-06,22.72
1,1,-12,15,23.811761799581312,2.547378759184691e-08,1.8054546955721494e-06,23.81
1,1,-12,16,24.97999199359359,7.46264022381381e-09,5.820859374574771e-07,24.98
1,1,-12,17,26.21068484416231,1.8419811762775445e-09,1.581801335128341e-07,26.21
1,1,-12,18,27.495454169735037,3.7531297187025424e-10,3.546707584173902e-08,27.5
1,1,-12,19,28.827070610799144,7.388197034610951e-11,7.674489669702123e-09,28.83
1,1,-12,20,30.199337741082996,1.1030534843411836e-11,1.257480972148949e-09,30.2
1,1,-12,21,31.606961258558208,2.578779778418109e-12,3.2202512482996116e-10,31.61
1,1,-12,22,33.0454232837166,1.6917754450161649e-13,2.3092734824470636e-11,33.05
1,1,-12,23,34.510867853474785,1.6891869506341991e-13,2.5147770727566625e-11,34.51
1,1,-11,-23,52.04805471869241,1.2903895219437344e-13,4.36958151868197e-11,52.05
1,1,-11,-22,50.40833264451424,1.0622945362324087e-13,3.374113020708188e-11,50.41
1,1,-11,-21,48.77499359302879,1.0903943353182713e-13,3.242560154652709e-11,48.77
1,1,-11,-20,47.148700936505136,1.0392138568950758e-13,2.8877155048471925e-11,47.15
1,1,-11,-19,45.53020975132884,1.0263417194537529e-13,2.659507980534537e-11,45.53
1,1,-11,-18,43.92038251199549,1.0411595149675507e-13,2.5104958804655058e-11,43.92
1,1,-11,-17,42.32020793899765,1.0176842852243886e-13,2.2783406935460994e-11,42.32
1,1,-11,-16,40.7308237088326,1.1294880849602332e-13,2.3422759161862836e-11,40.73
1,1,-11,-15,39.15354390090378,9.933836298330301e-14,1.9035713806675432e-11,39.15
1,1,-11,-14,37.589892258425,1.4349661269009771e-13,2.534508921638851e-11,37.59
1,1,-11,-13,36.0416425818802,7.162533621065599e-14,1.1630163967205265e-11,36.04
1,1,-11,-12,34.51086785347479,2.7831261752183637e-13,4.1433790933563383e-11,34.51
1,1,-11,-11,33.0,8.230722183987557e-35,1.1204070572953062e-32,33.0
1,1,-11,-10,31.511902513177457,1.3595718284648666e-12,1.6875685320820152e-10,31.51
1,1,-11,-9,30.04995840263344,1.9569770279644646e-12,2.2089378203148895e-10,30.05
1,1,-11,-8,28.61817604250837,2.0611300112065393e-11,2.1100818489726946e-09,28.62
1,1,-11,-7,27.2213151776324,9.049077923950338e-11,8.381708427059e-09,27.22
1,1,-11,-6,25.865034312755125,5.675811623634463e-10,4.74639747026432e-08,25.87
1,1,-11,-5,24.55605831561735,2.7750269522961297e-09,2.0916765652932077e-07,24.56
1,1,-11,-4,23.302360395462085,1.25252023355569e-08,8.501481085259244e-07,23.3
1,1,-11,-3,22.11334438749598,4.5337954027075286e-08,2.771282439904977e-06,22.11
1,1,-11,-2,21.0,1.3249494471501988e-07,7.303783827415471e-06,21.0
1,1,-11,-1,19.974984355438178,2.970186340605406e-07,1.481380437376946e-05,19.97
1,1,-11,0,19.05255888325765,4.991345153001216e-07,2.2648228631743018e-05,19.05
1,1,-11,1,18.24828759089466,5.970222961402081e-07,2.4851053076836163e-05,18.25
1,1,-11,2,17.578395831246944,4.855177675548441e-07,1.875312377180585e-05,17.58
1,1,-11,3,17.05872210923198,2.4878377362003056e-07,9.04950976542861e-06,17.06
1,1,-11,4,16.703293088490067,7.204964718576414e-08,2.5127314456035247e-06,16.7
1,1,-11,5,16.522711641858304,1.3301477841916654e-08,4.539129313554057e-07,16.52
1,1,-11,6,16.522711641858304,1.3290830939549191e-08,4.5354960581211606e-07,16.52
1,1,-11,7,16.703293088490064,7.1974815639678e-08,2.5101216954337697e-06,16.7
1,1,-11,8,17.05872210923198,2.4854963483882994e-07,9.040992967262437e-06,17.06
1,1,-11,9,17.578395831246944,4.85056090835151e-07,1.8735291508507704e-05,17.58
1,1,-11,10,18.24828759089466,5.963646320957082e-07,2.4823677810983853e-05,18.25
1,1,-11,11,19.052558883257646,4.98412065692602e-07,2.2615447480801805e-05,19.05
1,1,-11,12,19.974984355438178,2.9638614768100683e-07,1.4782259115590214e-05,19.97
1,1,-11,13,20.999999999999996,1.3204056532310778e-07,7.278736163436314e-06,21.0
1,1,-11,14,22.113344387495978,4.506690942530224e-08,2.754714838621599e-06,22.11
1,1,-11,15,23.30236039546208,1.2387631093379488e-08,8.408104604631322e-07,23.3
1,1,-11,16,24.55605831561735,2.7159380478127126e-09,2.047138303538832e-07,24.56
1,1,-11,17,25.86503431275512,5.445961805300418e-10,4.554185559682473e-08,25.87
1,1,-11,18,27.221315177632395,8.308757912162507e-11,7.69598701614052e-09,27.22
1,1,-11,19,28.618176042508367,1.793146341363093e-11,1.8357335669704661e-09,28.62
1,1,-11,20,30.049958402633436,1.3872506244890594e-12,1.5658591423920257e-10,30.05
1,1,-11,21,31.511902513177453,1.0304311773681617e-12,1.2790226989082301e-10,31.51
1,1,-11,22,32.99999999999999,9.470571468559867e-15,1.2891815411577113e-12,33.0
1,1,-11,23,34.510867853474785,2.1902767745272158e-13,3.2607745480773904e-11,34.51
1,1,-10,-23,50.764160585988215,4.849329334625425e-13,1.5620902119162145e-10,50.76
1,1,-10,-22,49.11211663123469,4.3602457941423703e-13,1.3146141069339242e-10,49.11
1,1,-10,-21,47.46577714522327,4.185695189358978e-13,1.1787964077032222e-10,47.47
1,1,-10,-20,45.8257569495584,3.999959850261107e-13,1.0499894606935404e-10,45.83
1,1,-10,-19,44.1927595879687,3.976476060915558e-13,9.707572183710104e-11,44.19
1,1,-10,-18,42.567593307585526,3.986868541216065e-13,9.030257245854388e-11,42.57
1,1,-10,-17,40.951190458886536,4.2182240450788906e-13,8.842452154496623e-11,40.95
1,1,-10,-16,39.344631145812,4.294440103018113e-13,8.309741599340048e-11,39.34
1,1,-10,-15,37.749172176353746,4.981139953520271e-13,8.872655542207981e-11,37.75
1,1,-10,-14,36.16628264005024,4.575749659037491e-13,7.481350692526295e-11,36.17
1,1,-10,-13,34.597687784012386,6.780714910917426e-13,1.01456446854602e-10,34.6
1,1,-10,-12,33.04542328371661,3.544777480371079e-13,4.838621260706522e-11,33.05
1,1,-10,-11,31.511902513177457,1.3595718284817673e-12,1.6875685321029933e-10,31.51
1,1,-10,-10,29.999999999999996,2.2198776514894046e-34,2.49736235792558e-32,30.0
1,1,-10,-9,28.5131548587665,7.129448803030145e-12,7.245302346079383e-10,28.51
1,1,-10,-8,27.055498516937362,1.2180347196786704e-11,1.114501768505983e-09,27.06
1,1,-10,-7,25.632011235952593,1.3452067792446997e-10,1.1047510674547095e-08,25.63
1,1,-10,-6,24.248711305964278,6.617600881874698e-10,4.8639366481779013e-08,24.25
1,1,-10,-5,22.9128784747792,4.172625077012656e-09,2.7382852067895545e-07,22.91
1,1,-10,-4,21.633307652783934,1.9732085024162566e-08,1.15432697391351e-06,21.63
1,1,-10,-3,20.420577856662135,8.054236193122743e-08,4.198270615665229e-06,20.42
1,1,-10,-2,19.28730152198591,2.511674496673764e-07,1.1679286409533003e-05,19.29
1,1,-10,-1,18.248287590894655,5.970586881905053e-07,2.4852567895929774e-05,18.25
1,1,-10,0,17.32050807568877,1.0259152294038129e-06,3.8471821102642975e-05,17.32
1,1,-10,1,16.522711641858304,1.22252734798e-06,4.1718745749817486e-05,16.52
1,1,-10,2,15.874507866387543,9.231725296755792e-07,2.907993468478074e-05,15.87
1,1,-10,3,15.39480431834065,4.005455897074537e-07,1.1866163095083313e-05,15.39
1,1,-10,4,15.099668870541498,7.961983460681451e-08,2.269165286294213e-06,15.1
1,1,-10,5,14.999999999999998,1.2845138091196434e-14,3.612695088148996e-13,15.0
1,1,-10,6,15.099668870541496,7.948664988941142e-08,2.2653695218482245e-06,15.1
1,1,-10,7,15.39480431834065,4.0021250816393963e-07,1.185629555435671e-05,15.39
1,1,-10,8,15.874507866387543,9.225875418490999e-07,2.9061507568246644e-05,15.87
1,1,-10,9,16.5227116418583,1.2217440610117737e-06,4.169201608202675e-05,16.52
1,1,-10,10,17.32050807568877,1.0250944468873571e-06,3.844104175827589e-05,17.32
1,1,-10,11,18.248287590894655,5.963646320956952e-07,2.4823677810983304e-05,18.25
1,1,-10,12,19.287301521985906,2.506881430034067e-07,1.1656998649658406e-05,19.29
1,1,-10,13,20.420577856662135,8.026629373825212e-08,4.183880561106391e-06,20.42
1,1,-10,14,21.63330765278393,1.959984022237136e-08,1.146590653008724e-06,21.63
1,1,-10,15,22.912878474779195,4.116800873987556e-09,2.7016505735543324e-07,22.91
1,1,-10,16,24.248711305964278,6.424738798835343e-10,4.722183017143975e-08,24.25
1,1,-10,17,25.63201123595259,1.274027039435831e-10,1.0462947061366758e-08,25.63
1,1,-10,18,27.055498516937362,1.0550144703866882e-11,9.653382404038194e-10,27.06
1,1,-10,19,28.5131548587665,6.212337964105719e-12,6.313288456022435e-10,28.51
1,1,-10,20,29.999999999999996,1.5174005371285553e-14,1.7070756042696243e-12,30.0
1,1,-10,21,31.511902513177453,1.177658619404853e-12,1.4617687613362732e-10,31.51
1,1,-10,22,33.0454232837166,4.169284100139181e-13,5.691072796689979e-11,33.05
1,1,-10,23,34.59768778401238,6.297248712083265e-13,9.42225838545458e-11,34.6
1,1,-9,-23,49.50757517794625,1.8010273539249625e-12,5.517897555587603e-10,49.51
1,1,-9,-22,47.84349485562274,1.6061787166789389e-12,4.595678853097612e-10,47.84
1,1,-9,-21,46.184412955021955,1.4899498877408437e-12,3.9725788881890245e-10,46.18
1,1,-9,-20,44.53088815642464,1.4286673619933467e-12,3.541309223541008e-10,44.53
1,1,-9,-19,42.88356328478313,1.4262755845669653e-12,3.2786510000233106e-10,42.88
1,1,-9,-18,41.243181254602554,1.4934914945936634e-12,3.175536290379776e-10,41.24
1,1,-9,-17,39.61060464067671,1.599801229900712e-12,3.1376101621427703e-10,39.61
1,1,-9,-16,37.98683982644515,1.8133748108195272e-12,3.2708748150157207e-10,37.99
1,1,-9,-15,36.37306695894642,1.9752894771585462e-12,3.2666349728509445e-10,36.37
1,1,-9,-14,34.77067730142742,2.4206715519505364e-12,3.658239882885248e-10,34.77
1,1,-9,-13,33.18132004607411,2.3519991050617508e-12,3.236938768341234e-10,33.18
1,1,-9,-12,31.60696125855821,3.5350707878735006e-12,4.4144196463570324e-10,31.61
1,1,-9,-11,30.049958402633436,1.9569770279429413e-12,2.2089378202905947e-10,30.05
1,1,-9,-10,28.513154858766505,7.1294488029910526e-12,7.245302346039658e-10,28.51
1,1,-9,-9,26.999999999999996,3.7604586340596057e-34,3.4267179302868146e-32,27.0
1,1,-9,-8,25.514701644346147,4.015271682202675e-11,3.2674273313924267e-09,25.51
1,1,-9,-7,24.06241883103193,8.648547925733757e-11,6.259386561249806e-09,24.06
1,1,-9,-6,22.649503305812246,9.823201944746416e-10,6.299128247068638e-08,22.65
1,1,-9,-5,21.283796653792763,5.2853500051677296e-09,2.992829440426227e-07,21.28
1,1,-9,-4,19.974984355438178,3.206359427016164e-08,1.5991717642243116e-06,19.97
1,1,-9,-3,18.734993995195193,1.3890917705179212e-07,6.094640143147378e-06,18.73
1,1,-9,-2,17.578395831246944,4.855483095658409e-07,1.8754303456980603e-05,17.58
1,1,-9,-1,16.522711641858304,1.2224606258852068e-06,4.171646885833267e-05,16.52
1,1,-9,0,15.588457268119894,2.1754652467840913e-06,6.607975687106677e-05,15.59
1,1,-9,1,14.79864858694874,2.572160785471889e-06,7.041290150229294e-05,14.8
1,1,-9,2,14.177446878757824,1.870987169053929e-06,4.700855262247995e-05,14.18
1,1,-9,3,13.747727084867519,6.963792848130726e-07,1.6451960603708837e-05,13.75
1,1,-9,4,13.527749258468681,1.37859121333362e-07,3.1535274005006547e-06,13.53
1,1,-9,5,13.527749258468681,1.3783430989036943e-07,3.1529598387422e-06,13.53
1,1,-9,6,13.747727084867519,6.962126991597965e-07,1.644802501765019e-05,13.75
1,1,-9,7,14.177446878757824,1.8705368256024266e-06,4.6997237743260955e-05,14.18
1,1,-9,8,14.79864858694874,2.571436530729909e-06,7.039307502873124e-05,14.8
1,1,-9,9,15.588457268119893,2.174638569191889e-06,6.60546465392036e-05,15.59
1,1,-9,10,16.522711641858304,1.2217440610117885e-06,4.169201608202728e-05,16.52
1,1,-9,11,17.578395831246944,4.850560908351565e-07,1.8735291508507914e-05,17.58
1,1,-9,12,18.734993995195193,1.3863746537814835e-07,6.082718793466258e-06,18.73
1,1,-9,13,19.974984355438178,3.1935863718310894e-08,1.5928012029507557e-06,19.97
1,1,-9,14,21.28379665379276,5.237271476902549e-09,2.965604973796067e-07,21.28
1,1,-9,15,22.649503305812242,9.641328351942609e-10,6.182501805683194e-08,22.65
1,1,-9,16,24.062418831031927,8.203043110586627e-11,5.93695245128707e-09,24.06
1,1,-9,17,25.514701644346143,3.776735575724579e-11,3.073318574745875e-09,25.51
1,1,-9,18,26.999999999999996,2.0239350236317068e-14,1.8443107902843924e-12,27.0
1,1,-9,19,28.5131548587665,6.6045817016167515e-12,6.711906154268022e-10,28.51
1,1,-9,20,30.049958402633436,2.1483273023950094e-12,2.4249244425783664e-10,30.05
1,1,-9,21,31.606961258558208,3.3777363213187102e-12,4.217948231246737e-10,31.61
1,1,-9,22,33.18132004607411,2.4311274202965296e-12,3.345839112183098e-10,33.18
1,1,-9,23,34.77067730142741,2.3746644400393044e-12,3.5887116350093975e-10,34.77
1,1,-8,-23,48.28043081829324,6.015096987168663e-12,1.7526488846362689e-09,48.28
1,1,-8,-22,46.60472079092417,5.224386168265086e-12,1.4184208446839706e-09,46.6
1,1,-8,-21,44.93328387732194,4.7811800032738e-12,1.2066503033262252e-09,44.93
1,1,-8,-20,43.26661530556787,4.629827725787763e-12,1.0833796878343364e-09,43.27
1,1,-8,-19,41.60528812542943,4.783129897311798e-12,1.0349497315308399e-09,41.61
1,1,-8,-18,39.949968710876355,5.219463176882823e-12,1.041282903788123e-09,39.95
1,1,-8,-17,38.30143600441111,6.0256013039393625e-12,1.1049446391098804e-09,38.3
1,1,-8,-16,36.66060555964672,7.0999059916077485e-12,1.1927842065901018e-09,36.66
1,1,-8,-15,35.02855977627399,8.770956398374516e-12,1.3452454376006913e-09,35.03
1,1,-8,-14,33.40658617698013,1.0321919746552266e-11,1.4399078046440407e-09,33.41
1,1,-8,-13,31.79622619116929,1.3335608860215232e-11,1.6852875697096997e-09,31.8
1,1,-8,-12,30.199337741082996,1.3734342678771631e-11,1.5657150653799655e-09,30.2
1,1,-8,-11,28.618176042508367,2.0611300112199523e-11,2.110081848986426e-09,28.62
1,1,-8,-10,27.055498516937362,1.2180347196796748e-11,1.114501768506902e-09,27.06
1,1,-8,-9,25.514701644346147,4.0152716822012235e-11,3.2674273313912455e-09,25.51
1,1,-8,-8,24.0,1.538698295359347e-35,1.10786277265873e-33,24.0
1,1,-8,-7,22.516660498395403,2.443833334618719e-10,1.5487793758146127e-08,22.52
1,1,-8,-6,21.071307505705477,7.135469986829081e-10,3.9601858426901397e-08,21.07
1,1,-8,-5,19.672315572906,8.002148422196896e-09,3.871039299237748e-07,19.67
1,1,-8,-4,18.33030277982336,4.5108300476069414e-08,1.8945486199949155e-06,18.33
1,1,-8,-3,17.05872210923198,2.4883111476587676e-07,9.051231799608766e-06,17.06
1,1,-8,-2,15.874507866387543,9.231205586087707e-07,2.9078297596176274e-05,15.87
1,1,-8,-1,14.798648586948742,2.572278747038139e-06,7.041613070016906e-05,14.8
1,1,-8,0,13.856406460551018,4.743384848615592e-06,0.00011384123636677419,13.86
1,1,-8,1,13.07669683062202,5.436549011145335e-06,0.00011620623511323151,13.08
1,1,-8,2,12.489995996796797,3.5289252904642827e-06,6.881404316405352e-05,12.49
1,1,-8,3,12.124355652982139,1.0346731298206797e-06,1.9012118760454982e-05,12.12
1,1,-8,4,12.0,8.012072707750875e-15,1.4421730873951575e-13,12.0
1,1,-8,5,12.124355652982139,1.034298932677042e-06,1.900524288794064e-05,12.12
1,1,-8,6,12.489995996796795,3.5281818815951035e-06,6.879954669110451e-05,12.49
1,1,-8,7,13.07669683062202,5.43553113127064e-06,0.0001161844779309099,13.08
1,1,-8,8,13.856406460551018,4.742333545685677e-06,0.00011381600509645623,13.86
1,1,-8,9,14.79864858694874,2.57143653072991e-06,7.039307502873128e-05,14.8
1,1,-8,10,15.874507866387543,9.225875418491111e-07,2.9061507568246996e-05,15.87
1,1,-8,11,17.058722109231976,2.4854963483884366e-07,9.040992967262933e-06,17.06
1,1,-8,12,18.330302779823356,4.499160670843321e-08,1.8896474817541937e-06,18.33
1,1,-8,13,19.672315572905998,7.95651820416384e-09,3.848965681264256e-07,19.67
1,1,-8,14,21.071307505705473,7.015377339578532e-10,3.893534423466084e-08,21.07
1,1,-8,15,22.5166604983954,2.384968664343846e-10,1.5114738910279117e-08,22.52
1,1,-8,16,23.999999999999996,2.2706778387864115e-14,1.6348880439262155e-12,24.0
1,1,-8,17,25.514701644346143,3.872639801142319e-11,3.151360638179561e-09,25.51
1,1,-8,18,27.055498516937362,1.2752890464105112e-11,1.1668894774656173e-09,27.06
1,1,-8,19,28.618176042508367,2.011575588539454e-11,2.059350508767266e-09,28.62
1,1,-8,20,30.199337741082996,1.3997598707313301e-11,1.5957262526337158e-09,30.2
1,1,-8,21,31.796226191169286,1.3177456043778818e-11,1.6653010075325475e-09,31.8
1,1,-8,22,33.40658617698013,1.0404338078377104e-11,1.4514051619336056e-09,33.41
1,1,-8,23,35.02855977627398,8.727887802930807e-12,1.3386397917745116e-09,35.03
1,1,-7,-23,47.0850294679742,1.73198444028126e-11,4.79976188012944e-09,47.09
1,1,-7,-22,45.39823785126466,1.4802541785790734e-11,3.813504827564337e-09,45.4
1,1,-7,-21,43.71498598878878,1.362400266198029e-11,3.2544336358805413e-09,43.71
1,1,-7,-20,42.035699113967404,1.3627222731849502e-11,3.0099128208972587e-09,42.04
1,1,-7,-19,40.36087214122112,1.4797705072227414e-11,3.013182695332306e-09,40.36
1,1,-7,-18,38.691084244306204,1.7328884793148168e-11,3.2426675669178507e-09,38.69
1,1,-7,-17,37.027017163147235,2.140706812002977e-11,3.6686362990701017e-09,37.03
1,1,-7,-16,35.369478367654786,2.7689776562194266e-11,4.329988809913128e-09,35.37
1,1,-7,-15,33.719430600174725,3.6059050412715314e-11,5.124892539907162e-09,33.72
1,1,-7,-14,32.078029864690876,4.834967902607968e-11,6.218977464729498e-09,32.08
1,1,-7,-13,30.446674695276656,6.12405597889892e-11,7.096249865549122e-09,30.45
1,1,-7,-12,28.827070610799144,8.286245655489181e-11,8.607337674639384e-09,28.83
1,1,-7,-11,27.2213151776324,9.049077923931896e-11,8.381708427041919e-09,27.22
1,1,-7,-10,25.632011235952593,1.3452067792445546e-10,1.1047510674545904e-08,25.63
1,1,-7,-9,24.062418831031927,8.648547925728292e-11,6.2593865612458504e-09,24.06
1,1,-7,-8,22.516660498395403,2.443833334618934e-10,1.548779375814749e-08,22.52
1,1,-7,-7,21.0,5.337786183389209e-35,2.9424546335933014e-33,21.0
1,1,-7,-6,19.519221295943133,1.657663894790911e-09,7.894624298941712e-08,19.52
1,1,-7,-5,18.083141320025124,6.963003863384906e-09,2.84612782915858e-07,18.08
1,1,-7,-4,16.703293088490067,7.208518717197178e-08,2.5139709026225164e-06,16.7
1,1,-7,-3,15.394804318340652,4.0047407723441833e-07,1.1864044538069644e-05,15.39
1,1,-7,-2,14.177446878757824,1.8710744652983165e-06,4.701074594062019e-05,14.18
1,1,-7,-1,13.076696830622021,5.436350611374543e-06,0.00011620199431813086,13.08
1,1,-7,0,12.12435565298214,1.091919337269739e-05,0.00020064017822331453,12.12
1,1,-7,1,11.357816691600545,1.2645718266628322e-05,0.00020391220704938165,11.36
1,1,-7,2,10.816653826391969,6.937160928361946e-06,0.00010145597857729347,10.82
1,1,-7,3,10.535653752852738,1.9281069426650502e-06,2.6752483829477568e-05,10.54
1,1,-7,4,10.535653752852738,1.9280438980765394e-06,2.675160908581198e-05,10.54
1,1,-7,5,10.816653826391967,6.936806896944272e-06,0.00010145080086780996,10.82
1,1,-7,6,11.357816691600545,1.2644943435382366e-05,0.0002038997128955406,11.36
1,1,-7,7,12.124355652982139,1.09182294724394e-05,0.0002006224665560739,12.12
1,1,-7,8,13.07669683062202,5.435531131270644e-06,0.00011618447793091,13.08
1,1,-7,9,14.177446878757824,1.8705368256024016e-06,4.6997237743260324e-05,14.18
1,1,-7,10,15.39480431834065,4.0021250816393825e-07,1.1856295554356667e-05,15.39
1,1,-7,11,16.703293088490064,7.197481563968296e-08,2.5101216954339425e-06,16.7
1,1,-7,12,18.08314132002512,6.930674947268608e-09,2.8329133846960425e-07,18.08
1,1,-7,13,19.519221295943133,1.6435618253264442e-09,7.82746319311719e-08,19.52
1,1,-7,14,20.999999999999996,2.170902565266166e-14,1.1967100391029735e-12,21.0
1,1,-7,15,22.5166604983954,2.4068843271681254e-10,1.5253629423427988e-08,22.52
1,1,-7,16,24.062418831031927,8.817809478967996e-11,6.381889610403086e-09,24.06
1,1,-7,17,25.63201123595259,1.330039522666403e-10,1.092294957989783e-08,25.63
1,1,-7,18,27.221315177632395,9.135037136846122e-11,8.461328148003719e-09,27.22
1,1,-7,19,28.827070610799144,8.232662236290816e-11,8.551677897947083e-09,28.83
1,1,-7,20,30.446674695276656,6.152898272709185e-11,7.129670873501766e-09,30.45
1,1,-7,21,32.078029864690876,4.819649265453965e-11,6.199273867690162e-09,32.08
1,1,-7,22,33.719430600174725,3.6135609851436943e-11,5.135773550135473e-09,33.72
1,1,-7,23,35.36947836765478,2.765212523194783e-11,4.32410108314584e-09,35.37
1,1,-6,-23,45.92385001282013,4.245671052908074e-11,1.1192650313228908e-08,45.92
1,1,-6,-22,44.226688774991956,3.6427182753158694e-11,8.906446183147299e-09,44.23
1,1,-6,-21,42.532340636273474,3.4546753132194376e-11,7.811884552017453e-09,42.53
1,1,-6,-20,40.84115571332427,3.642487142659441e-11,7.594585692444932e-09,40.84
1,1,-6,-19,39.153543900903784,4.24627265657935e-11,8.13691997817018e-09,39.15
1,1,-6,-18,37.469987990390386,5.369950833371997e-11,9.424263712567853e-09,37.47
1,1,-6,-17,35.791060336346554,7.229721014523201e-11,1.1576590774505271e-08,35.79
1,1,-6,-16,34.11744421846396,1.0077142331671274e-10,1.46622420925817e-08,34.12
1,1,-6,-15,32.4499614791759,1.4425388613699512e-10,1.8987417762781975e-08,32.45
1,1,-6,-14,30.7896086366813,2.0488455114138162e-10,2.4278819310253717e-08,30.79
1,1,-6,-13,29.13760456866693,2.949348877818477e-10,3.129996496584859e-08,29.14
1,1,-6,-12,27.495454169735037,4.000955674637284e-10,3.780903112532233e-08,27.5
1,1,-6,-11,25.86503431275512,5.675811623633436e-10,4.7463974702634594e-08,25.87
1,1,-6,-10,24.24871130596428,6.6176008818737e-10,4.8639366481771694e-08,24.25
1,1,-6,-9,22.64950330581225,9.82320194473782e-10,6.299128247063127e-08,22.65
1,1,-6,-8,21.071307505705477,7.13546998683053e-10,3.960185842690944e-08,21.07
1,1,-6,-7,19.519221295943133,1.6576638947895784e-09,7.894624298935366e-08,19.52
1,1,-6,-6,18.0,1.3490821643925294e-35,5.463782765789744e-34,18.0
1,1,-6,-5,16.522711641858304,1.3325332793147292e-08,4.5472698156615127e-07,16.52
1,1,-6,-4,15.099668870541498,7.957674085827572e-08,2.267937114460857e-06,15.1
1,1,-6,-3,13.74772708486752,6.964858750888524e-07,1.6454478798974137e-05,13.75
1,1,-6,-2,12.489995996796797,3.528789750353893e-06,6.881140013190092e-05,12.49
1,1,-6,-1,11.357816691600547,1.264604952621492e-05,0.0002039175486102156,11.36
1,1,-6,0,10.392304845413264,2.466687463366418e-05,0.00033300280755446643,10.39
1,1,-6,1,9.643650760992955,2.936789563762435e-05,0.00034140178678738304,9.64
1,1,-6,2,9.165151389911681,1.4421576241206947e-05,0.000151426550532673,9.17
1,1,-6,3,9.0,4.251320717986828e-15,4.3044622269616634e-14,9.0
1,1,-6,4,9.16515138991168,1.442056919807205e-05,0.00015141597657975653,9.17
1,1,-6,5,9.643650760992953,2.9366393208013404e-05,0.0003413843210431557,9.64
1,1,-6,6,10.392304845413262,2.4665414570635073e-05,0.0003329830967035734,10.39
1,1,-6,7,11.357816691600545,1.2644943435382252e-05,0.00020389971289553878,11.36
1,1,-6,8,12.489995996796795,3.528181881595115e-06,6.879954669110473e-05,12.49
1,1,-6,9,13.747727084867519,6.962126991598005e-07,1.6448025017650284e-05,13.75
1,1,-6,10,15.099668870541498,7.948664988942157e-08,2.2653695218485142e-06,15.1
1,1,-6,11,16.5227116418583,1.329083093954787e-08,4.5354960581207074e-07,16.52
1,1,-6,12,17.999999999999996,1.790426548485598e-14,7.251227521366669e-13,18.0
1,1,-6,13,19.519221295943133,1.6483832480220454e-09,7.85042521870499e-08,19.52
1,1,-6,14,21.071307505705473,7.185045187072149e-10,3.987700078825041e-08,21.07
1,1,-6,15,22.649503305812242,9.778455047625917e-10,6.270434299290115e-08,22.65
1,1,-6,16,24.248711305964278,6.64458383415181e-10,4.8837691181015786e-08,24.25
1,1,-6,17,25.86503431275512,5.658424680954167e-10,4.7318576394479204e-08,25.87
1,1,-6,18,27.495454169735037,4.010658843199803e-10,3.7900726068238134e-08,27.5
1,1,-6,19,29.137604568666926,2.944073312921259e-10,3.124397803337685e-08,29.14
1,1,-6,20,30.7896086366813,2.051520280278142e-10,2.4310515321295978e-08,30.79
1,1,-6,21,32.4499614791759,1.4412249558349544e-10,1.897012348117758e-08,32.45
1,1,-6,22,34.11744421846395,1.008337525911671e-10,1.4671311002014805e-08,34.12
1,1,-6,23,35.791060336346554,7.226810306413577e-11,1.1571930003144736e-08,35.79
1,1,-5,-23,44.79955356920423,8.891985512537473e-11,2.230776865457838e-08,44.8
1,1,-5,-22,43.09292285283048,7.84887212074227e-11,1.8219194410272993e-08,43.09
1,1,-5,-21,41.38840417314975,7.848532066077023e-11,1.6805669286487423e-08,41.39
1,1,-5,-20,39.68626966596885,8.892504739280724e-11,1.7507118705458918e-08,39.69
1,1,-5,-19,37.98683982644515,1.1233029036974348e-10,2.026157612544247e-08,37.99
1,1,-5,-18,36.29049462324811,1.5448114631081096e-10,2.543145871141725e-08,36.29
1,1,-5,-17,34.59768778401238,2.2490690977854053e-10,3.3651696375614105e-08,34.6
1,1,-5,-16,32.90896534380867,3.400630524090647e-10,4.603603571987713e-08,32.91
1,1,-5,-15,31.224989991991986,5.218687127506954e-10,6.360274936649098e-08,31.22
1,1,-5,-14,29.546573405388312,8.102706516431723e-10,8.842078486056117e-08,29.55
1,1,-5,-13,27.874719729532703,1.2394602075883563e-09,1.2038257266201907e-07,27.87
1,1,-5,-12,26.210684844162312,1.9056235724721255e-09,1.6364542428604375e-07,26.21
1,1,-5,-11,24.556058315617346,2.775026952295533e-09,2.0916765652927572e-07,24.56
1,1,-5,-10,22.9128784747792,4.172625077011999e-09,2.7382852067891235e-07,22.91
1,1,-5,-9,21.283796653792763,5.285350005169024e-09,2.9928294404269597e-07,21.28
1,1,-5,-8,19.672315572906,8.002148422194815e-09,3.871039299236741e-07,19.67
1,1,-5,-7,18.08314132002512,6.963003863386204e-09,2.84612782915911e-07,18.08
1,1,-5,-6,16.522711641858304,1.3325332793147247e-08,4.5472698156614973e-07,16.52
1,1,-5,-5,14.999999999999998,1.2815083547419708e-34,3.604242247711792e-33,15.0
1,1,-5,-4,13.527749258468681,1.3792176740706816e-07,3.1549604294366834e-06,13.53
1,1,-5,-3,12.124355652982139,1.0345340501227663e-06,1.9009563171005822e-05,12.12
1,1,-5,-2,10.816653826391967,6.937367498262254e-06,0.00010145899966208544,10.82
1,1,-5,-1,9.643650760992955,2.9367375277644218e-05,0.00034139573760261406,9.64
1,1,-5,0,8.660254037844386,6.922739382944672e-05,0.0006490068171510629,8.66
1,1,-5,1,7.93725393319377,6.491239830110113e-05,0.0005111851366211712,7.94
1,1,-5,2,7.549834435270749,3.698397301991798e-05,0.0002635108077669156,7.55
1,1,-5,3,7.549834435270748,3.698379400497581e-05,0.0002635095322854525,7.55
1,1,-5,4,7.937253933193771,6.491170142981121e-05,0.0005111796487597632,7.94
1,1,-5,5,8.660254037844386,6.922624407786864e-05,0.0006489960382300183,8.66
1,1,-5,6,9.643650760992953,2.9366393208013255e-05,0.00034138432104315394,9.64
1,1,-5,7,10.816653826391965,6.936806896944267e-06,0.00010145080086780985,10.82
1,1,-5,8,12.124355652982139,1.034298932677046e-06,1.9005242887940716e-05,12.12
1,1,-5,9,13.527749258468681,1.3783430989036315e-07,3.1529598387420563e-06,13.53
1,1,-5,10,14.999999999999998,1.2845138090447699e-14,3.6126950879384145e-13,15.0
1,1,-5,11,16.5227116418583,1.3301477841918155e-08,4.5391293135545675e-07,16.52
1,1,-5,12,18.08314132002512,6.977947198266552e-09,2.8522359172914524e-07,18.08
1,1,-5,13,19.672315572905998,7.988988448203129e-09,3.864673161818262e-07,19.67
1,1,-5,14,21.28379665379276,5.2937125384388385e-09,2.997564724890991e-07,21.28
1,1,-5,15,22.9128784747792,4.167110979612946e-09,2.7346665803709954e-07,22.91
1,1,-5,16,24.55605831561735,2.7782062599946092e-09,2.0940729684709367e-07,24.56
1,1,-5,17,26.21068484416231,1.9038504415480885e-09,1.6349315666794205e-07,26.21
1,1,-5,18,27.874719729532703,1.240380623906583e-09,1.2047196809692684e-07,27.87
1,1,-5,19,29.546573405388312,8.098116458069582e-10,8.83706958486843e-08,29.55
1,1,-5,20,31.224989991991986,5.220877533145906e-10,6.362944493521571e-08,31.22
1,1,-5,21,32.90896534380866,3.399612323532207e-10,4.602225182981724e-08,32.91
1,1,-5,22,34.59768778401238,2.249534141508812e-10,3.365865459232558e-08,34.6
1,1,-5,23,36.2904946232481,1.5445986554896945e-10,2.5427955365999082e-08,36.29
1,1,-4,-23,43.71498598878878,1.6113440167408307e-10,3.849098019989658e-08,43.71
1,1,-4,-22,41.99999999999999,1.498701979583443e-10,3.30463786498149e-08,42.0
1,1,-4,-21,40.286474156967365,1.6113644305912237e-10,3.269055588561944e-08,40.29
1,1,-4,-20,38.57460304397182,1.9822951288680537e-10,3.68706893969458e-08,38.57
1,1,-4,-19,36.86461718233352,2.721794496974986e-10,4.623648401736256e-08,36.86
1,1,-4,-18,35.15679166249389,4.0442561569471645e-10,6.248375762483368e-08,35.16
1,1,-4,-17,33.45145736735546,6.336759373706889e-10,8.863542173972509e-08,33.45
1,1,-4,-16,31.749015732775085,1.0236529007692105e-09,1.2898026549692052e-07,31.75
1,1,-4,-15,30.049958402633436,1.6858522882752016e-09,1.9029057703906335e-07,30.05
1,1,-4,-14,28.354893757515647,2.787635811769157e-09,2.801573990828002e-07,28.35
1,1,-4,-13,26.664583251946766,4.636897428601206e-09,4.1210425896693213e-07,26.66
1,1,-4,-12,24.97999199359359,7.603235882477025e-09,5.930523988332079e-07,24.98
1,1,-4,-11,23.302360395462085,1.2525202335556644e-08,8.50148108525907e-07,23.3
1,1,-4,-10,21.633307652783934,1.9732085024163866e-08,1.154326973913586e-06,21.63
1,1,-4,-9,19.974984355438178,3.206359427016681e-08,1.5991717642245693e-06,19.97
1,1,-4,-8,18.33030277982336,4.510830047606503e-08,1.894548619994731e-06,18.33
1,1,-4,-7,16.703293088490064,7.208518717196797e-08,2.5139709026223825e-06,16.7
1,1,-4,-6,15.099668870541498,7.957674085827991e-08,2.267937114460977e-06,15.1
1,1,-4,-5,13.527749258468681,1.3792176740706896e-07,3.1549604294367016e-06,13.53
1,1,-4,-4,12.0,2.0428334200309417e-34,3.677100156055695e-33,12.0
1,1,-4,-3,10.535653752852738,1.9282986319505654e-06,2.6755143518314092e-05,10.54
1,1,-4,-2,9.16515138991168,1.4421263499363345e-05,0.00015142326674331513,9.17
1,1,-4,-1,7.93725393319377,6.491314280632034e-05,0.0005111909995997724,7.94
1,1,-4,0,6.928203230275509,0.00020257205446219545,0.0012154323267731726,6.93
1,1,-4,1,6.244997998398397,0.0002100523542887554,0.0010240052271576823,6.24
1,1,-4,2,5.999999999999999,1.7695732638275031e-15,7.963079687223761e-15,6.0
1,1,-4,3,6.244997998398397,0.00021004989335897547,0.0010239932301250052,6.24
1,1,-4,4,6.928203230275509,0.00020256958007802513,0.0012154174804681506,6.93
1,1,-4,5,7.93725393319377,6.491170142981099e-05,0.0005111796487597614,7.94
1,1,-4,6,9.165151389911678,1.4420569198072047e-05,0.00015141597657975642,9.17
1,1,-4,7,10.535653752852737,1.9280438980765364e-06,2.6751609085811933e-05,10.54
1,1,-4,8,11.999999999999998,8.012072706941515e-15,1.4421730872494721e-13,12.0
1,1,-4,9,13.527749258468681,1.3785912133336917e-07,3.1535274005008186e-06,13.53
1,1,-4,10,15.099668870541498,7.961983460681773e-08,2.2691652862943044e-06,15.1
1,1,-4,11,16.703293088490064,7.204964718576345e-08,2.5127314456034997e-06,16.7
1,1,-4,12,18.330302779823356,4.513157612634949e-08,1.8955261973066775e-06,18.33
1,1,-4,13,19.974984355438178,3.2048111322622e-08,1.598399552215772e-06,19.97
1,1,-4,14,21.63330765278393,1.9741220088175966e-08,1.1548613751582934e-06,21.63
1,1,-4,15,23.302360395462085,1.2519988856600347e-08,8.497942436417483e-07,23.3
1,1,-4,16,24.97999199359359,7.606012336488457e-09,5.932689622460995e-07,24.98
1,1,-4,17,26.664583251946762,4.635481480786299e-09,4.1197841660488215e-07,26.66
1,1,-4,18,28.354893757515647,2.7883233793403076e-09,2.802264996237008e-07,28.35
1,1,-4,19,30.049958402633436,1.685530017809899e-09,1.9025420076029234e-07,30.05
1,1,-4,20,31.749015732775085,1.0237993114046997e-09,1.2899871323699214e-07,31.75
1,1,-4,21,33.45145736735545,6.336107004418662e-10,8.862629672430598e-08,33.45
1,1,-4,22,35.15679166249389,4.0445436877938655e-10,6.248819997641521e-08,35.16
1,1,-4,23,36.86461718233352,2.7216682167996e-10,4.6234338832883187e-08,36.86
1,1,-3,-23,42.67317658670373,2.566112765067842e-10,5.8411141814856734e-08,42.67
1,1,-3,-22,40.951190458886536,2.566141160107557e-10,5.3792734068754656e-08,40.95
1,1,-3,-21,39.23009049186606,3.0006331309506946e-10,5.772467985666398e-08,39.23
1,1,-3,-20,37.5099986670221,4.0158236816266827e-10,7.062829900060928e-08,37.51
1,1,-3,-19,35.79106033634656,5.952359137394053e-10,9.531215068752227e-08,35.79
1,1,-3,-18,34.07345007480164,9.46735596267917e-10,1.3739500340838146e-07,34.07
1,1,-3,-17,32.35737937472687,1.5746458104252117e-09,2.0608177043939952e-07,32.36
1,1,-3,-16,30.643106892089122,2.694595323544028e-09,3.1627812610098025e-07,30.64
1,1,-3,-15,28.93095228297886,4.683380604840213e-09,4.899986957814072e-07,28.93
1,1,-3,-14,27.221315177632395,8.234024284533407e-09,7.626764993549066e-07,27.22
1,1,-3,-13,25.514701644346147,1.4509649593685592e-08,1.180722735686165e-06,25.51
1,1,-3,-12,23.811761799581312,2.5743771348486787e-08,1.8245897943240006e-06,23.81
1,1,-3,-11,22.113344387495978,4.533795402707608e-08,2.7712824399050246e-06,22.11
1,1,-3,-10,20.420577856662135,8.05423619312258e-08,4.1982706156651436e-06,20.42
1,1,-3,-9,18.734993995195193,1.3890917705179823e-07,6.094640143147647e-06,18.73
1,1,-3,-8,17.05872210923198,2.488311147658802e-07,9.051231799608891e-06,17.06
1,1,-3,-7,15.39480431834065,4.0047407723444533e-07,1.186404453807044e-05,15.39
1,1,-3,-6,13.747727084867519,6.964858750888652e-07,1.645447879897444e-05,13.75
1,1,-3,-5,12.12435565298214,1.0345340501227932e-06,1.9009563171006324e-05,12.12
1,1,-3,-4,10.535653752852738,1.9282986319505726e-06,2.675514351831419e-05,10.54
1,1,-3,-3,9.0,1.117586248666302e-34,1.1315560767746308e-33,9.0
1,1,-3,-2,7.549834435270749,3.698448431381545e-05,0.000263514450735935,7.55
1,1,-3,-1,6.244997998398397,0.00021005117005708695,0.0010239994540282987,6.24
1,1,-3,0,5.196152422706632,0.00048668288864380687,0.0016425547491728482,5.2
1,1,-3,1,4.582575694955841,0.001005641664623121,0.002639809369635693,4.58
1,1,-3,2,4.58257569495584,0.0010056410584257586,0.0026398077783676165,4.58
1,1,-3,3,5.196152422706631,0.0004866816572675715,0.0016425505932780534,5.2
1,1,-3,4,6.244997998398397,0.0002100498933589757,0.0010239932301250065,6.24
1,1,-3,5,7.549834435270748,3.6983794004975844e-05,0.00026350953228545274,7.55
1,1,-3,6,8.999999999999998,4.251320717908745e-15,4.304462226882603e-14,9.0
1,1,-3,7,10.535653752852737,1.928106942665048e-06,2.6752483829477534e-05,10.54
1,1,-3,8,12.124355652982139,1.0346731298206981e-06,1.901211876045532e-05,12.12
1,1,-3,9,13.747727084867519,6.963792848130641e-07,1.6451960603708637e-05,13.75
1,1,-3,10,15.39480431834065,4.0054558970743547e-07,1.1866163095082773e-05,15.39
1,1,-3,11,17.058722109231976,2.487837736200311e-07,9.049509765428626e-06,17.06
1,1,-3,12,18.734993995195193,1.389374255930996e-07,6.095879547897243e-06,18.73
1,1,-3,13,20.420577856662135,8.052601438699481e-08,4.197418499922103e-06,20.42
1,1,-3,14,22.113344387495978,4.534683848586128e-08,2.77182550244827e-06,22.11
1,1,-3,15,23.811761799581312,2.5739143806625243e-08,1.8242618172945637e-06,23.81
1,1,-3,16,25.514701644346147,1.4511946927462491e-08,1.1809096812222602e-06,25.51
1,1,-3,17,27.221315177632395,8.232926544777942e-09,7.625748212100566e-07,27.22
1,1,-3,18,28.93095228297886,4.683886388548657e-09,4.900516134019032e-07,28.93
1,1,-3,19,30.643106892089122,2.694368616567075e-09,3.1625151636956035e-07,30.64
1,1,-3,20,32.35737937472687,1.5747453809862012e-09,2.0609480173656904e-07,32.36
1,1,-3,21,34.073450074801634,9.46692233092934e-10,1.3738871032761198e-07,34.07
1,1,-3,22,35.791060336346554,5.952549432543269e-10,9.531519778859906e-08,35.79
1,1,-3,23,37.509998667022096,4.015736954771943e-10,7.062677369205151e-08,37.51
1,1,-2,-23,41.67733196834941,3.6433259683898623e-10,7.910571508866486e-08,41.68
1,1,-2,-22,39.949968710876355,3.966834817292708e-10,7.913835460498951e-08,39.95
1,1,-2,-21,38.22302970723278,5.055400571823021e-10,9.232425294291791e-08,38.22
1,1,-2,-20,36.49657518178932,7.306857777609704e-10,1.2165918199720158e-07,36.5
1,1,-2,-19,34.77067730142742,1.155611334543543e-09,1.7464176293289294e-07,34.77
1,1,-2,-18,33.04542328371661,1.93944495835711e-09,2.6473423681574543e-07,33.05
1,1,-2,-17,31.320919526731647,3.3824517377790233e-09,4.1477314434515266e-07,31.32
1,1,-2,-16,29.59729717389748,6.042248051654603e-09,6.616261616561788e-07,29.6
1,1,-2,-15,27.874719729532703,1.0980650489791167e-08,1.0664956788209669e-06,27.87
1,1,-2,-14,26.15339366124404,2.0169077133147513e-08,1.724456094884112e-06,26.15
1,1,-2,-13,24.43358344574123,3.7481222885162395e-08,2.797036257805243e-06,24.43
1,1,-2,-12,22.71563338320109,7.001094213170178e-08,4.515705767494764e-06,22.72
1,1,-2,-11,20.999999999999996,1.324949447150188e-07,7.303783827415408e-06,21.0
1,1,-2,-10,19.28730152198591,2.5116744966739357e-07,1.1679286409533801e-05,19.29
1,1,-2,-9,17.578395831246944,4.855483095658639e-07,1.875430345698149e-05,17.58
1,1,-2,-8,15.874507866387543,9.231205586087917e-07,2.9078297596176938e-05,15.87
1,1,-2,-7,14.177446878757824,1.8710744652983229e-06,4.701074594062035e-05,14.18
1,1,-2,-6,12.489995996796795,3.528789750353948e-06,6.881140013190197e-05,12.49
1,1,-2,-5,10.816653826391967,6.937367498262327e-06,0.00010145899966208652,10.82
1,1,-2,-4,9.16515138991168,1.4421263499363357e-05,0.00015142326674331524,9.17
1,1,-2,-3,7.549834435270748,3.698448431381531e-05,0.000263514450735934,7.55
1,1,-2,-2,6.0,1.2421377505080288e-34,5.58961987728613e-34,6.0
1,1,-2,-1,4.58257569495584,0.0010056437004448162,0.0026398147136676422,4.58
1,1,-2,0,3.4641016151377544,0.002988343068397108,0.004482514602595661,3.46
1,1,-2,1,3.0,4.207563655935599e-16,4.733509112927549e-16,3.0
1,1,-2,2,3.464101615137754,0.0029883385628380306,0.004482507844257044,3.46
1,1,-2,3,4.582575694955839,0.0010056410584257586,0.0026398077783676152,4.58
1,1,-2,4,5.999999999999999,1.7695732635128655e-15,7.963079685807891e-15,6.0
1,1,-2,5,7.549834435270748,3.698397301991794e-05,0.0002635108077669152,7.55
1,1,-2,6,9.165151389911678,1.4421576241207128e-05,0.00015142655053267476,9.17
1,1,-2,7,10.816653826391965,6.937160928361991e-06,0.00010145597857729408,10.82
1,1,-2,8,12.489995996796795,3.528925290464277e-06,6.881404316405338e-05,12.49
1,1,-2,9,14.177446878757824,1.8709871690539207e-06,4.700855262247975e-05,14.18
1,1,-2,10,15.874507866387543,9.231725296755773e-07,2.907993468478068e-05,15.87
1,1,-2,11,17.578395831246944,4.855177675548448e-07,1.875312377180588e-05,17.58
1,1,-2,12,19.287301521985906,2.5118444615197284e-07,1.1680076746066731e-05,19.29
1,1,-2,13,20.999999999999996,1.3248582953041441e-07,7.3032813528640915e-06,21.0
1,1,-2,14,22.71563338320109,7.001561372839891e-08,4.516007085481729e-06,22.72
1,1,-2,15,24.433583445741228,3.747891903757729e-08,2.796864333179204e-06,24.43
1,1,-2,16,26.15339366124404,2.0170168721743482e-08,1.7245494257090674e-06,26.15
1,1,-2,17,27.874719729532703,1.0980150374520832e-08,1.0664471051253354e-06,27.87
1,1,-2,18,29.59729717389748,6.042470415466103e-09,6.61650510493538e-07,29.6
1,1,-2,19,31.320919526731647,3.3823550576207752e-09,4.1476128894074746e-07,31.32
1,1,-2,20,33.04542328371661,1.939486371766601e-09,2.64739889746141e-07,33.05
1,1,-2,21,34.77067730142741,1.1555936946224526e-09,1.7463909709981808e-07,34.77
1,1,-2,22,36.49657518178931,7.306932956645968e-10,1.2166043372815532e-07,36.5
1,1,-2,23,38.223029707232776,5.055368909046896e-10,9.23236747014689e-08,38.22
1,1,-1,-23,40.730823708832595,4.6546335312138734e-10,9.652546285354767e-08,40.73
1,1,-1,-22,38.99999999999999,5.534812461306974e-10,1.052306219205988e-07,39.0
1,1,-1,-21,37.26929030716845,7.631539409717948e-10,1.3250260300122787e-07,37.27
1,1,-1,-20,35.53871128783372,1.1756839644501877e-09,1.856111058875734e-07,35.54
1,1,-1,-19,33.80828300875393,1.9534501592997693e-09,2.7909919150995447e-07,33.81
1,1,-1,-18,32.078029864690876,3.4098511533556415e-09,4.385921046003693e-07,32.08
1,1,-1,-17,30.347981810987033,6.144553559137431e-09,7.073917284956967e-07,30.35
1,1,-1,-16,28.618176042508367,1.131863338113254e-08,1.1587450923934437e-06,28.62
1,1,-1,-15,26.8886593194975,2.118365835138445e-08,1.914473123506369e-06,26.89
1,1,-1,-14,25.159491250818245,4.020706136389476e-08,3.1813837304181723e-06,25.16
1,1,-1,-13,23.430749027719962,7.723268295522007e-08,5.300092867801976e-06,23.43
1,1,-1,-12,21.702534414210703,1.5054819458428486e-07,8.86352495614977e-06,21.7
1,1,-1,-11,19.974984355438178,2.970186340605496e-07,1.4813804373769908e-05,19.97
1,1,-1,-10,18.24828759089466,5.970586881905309e-07,2.4852567895930848e-05,18.25
1,1,-1,-9,16.522711641858304,1.2224606258852408e-06,4.1716468858333836e-05,16.52
1,1,-1,-8,14.79864858694874,2.5722787470381453e-06,7.04161307001692e-05,14.8
1,1,-1,-7,13.07669683062202,5.436350611374638e-06,0.00011620199431813287,13.08
1,1,-1,-6,11.357816691600545,1.264604952621495e-05,0.00020391754861021603,11.36
1,1,-1,-5,9.643650760992953,2.9367375277644452e-05,0.0003413957376026166,9.64
1,1,-1,-4,7.937253933193771,6.491314280632076e-05,0.0005111909995997759,7.94
1,1,-1,-3,6.244997998398397,0.0002100511700570869,0.0010239994540282985,6.24
1,1,-1,-2,4.58257569495584,0.0010056437004448179,0.002639814713667647,4.58
1,1,-1,-1,3.0,2.3382322410310286e-35,2.6305112711599073e-35,3.0
1,1,-1,0,1.7320508075688772,0.0751039833207316,0.028163993745274344,1.73
1,1,-1,1,1.7320508075688772,0.07510397945367644,0.028163992295128663,1.73
1,1,-1,2,2.999999999999999,4.207563660967024e-16,4.733509118587899e-16,3.0
1,1,-1,3,4.582575694955839,0.0010056416646231213,0.002639809369635692,4.58
1,1,-1,4,6.244997998398397,0.00021005235428875566,0.0010240052271576836,6.24
1,1,-1,5,7.93725393319377,6.491239830110123e-05,0.000511185136621172,7.94
1,1,-1,6,9.643650760992953,2.9367895637624417e-05,0.0003414017867873837,9.64
1,1,-1,7,11.357816691600545,1.264571826662834e-05,0.00020391220704938195,11.36
1,1,-1,8,13.07669683062202,5.436549011145398e-06,0.00011620623511323286,13.08
1,1,-1,9,14.79864858694874,2.5721607854718965e-06,7.041290150229315e-05,14.8
1,1,-1,10,16.522711641858304,1.2225273479800243e-06,4.171874574981832e-05,16.52
1,1,-1,11,18.248287590894655,5.970222961402185e-07,2.4851053076836586e-05,18.25
1,1,-1,12,19.974984355438178,2.970377259167768e-07,1.4814756580099242e-05,19.97
1,1,-1,13,21.702534414210703,1.5053854261364186e-07,8.862956696378162e-06,21.7
1,1,-1,14,23.43074902771996,7.723738043991013e-08,5.30041523268883e-06,23.43
1,1,-1,15,25.159491250818245,4.0204851907939524e-08,3.1812089072157142e-06,25.16
1,1,-1,16,26.888659319497503,2.1184664753847312e-08,1.9145640771289505e-06,26.89
1,1,-1,17,28.618176042508367,1.1318187306221298e-08,1.158699425474405e-06,28.62
1,1,-1,18,30.347981810987033,6.144746973134593e-09,7.074139952821199e-07,30.35
1,1,-1,19,32.078029864690876,3.4097685002723e-09,4.385814733475245e-07,32.08
1,1,-1,20,33.80828300875393,1.9534853193136e-09,2.7910421499693056e-07,33.81
1,1,-1,21,35.53871128783371,1.1756688345297815e-09,1.8560871725138917e-07,35.54
1,1,-1,22,37.26929030716844,7.631607291902253e-10,1.3250378160565278e-07,37.27
1,1,-1,23,38.99999999999999,5.534778494805249e-10,1.0522997613248476e-07,39.0
1,1,0,-23,39.837168574084174,5.361645404287176e-10,1.0636164070754683e-07,39.84
1,1,0,-22,38.10511776651529,6.915596755632638e-10,1.2551808111473234e-07,38.11
1,1,0,-21,36.37306695894642,1.0171962986917128e-09,1.6821883789614193e-07,36.37
1,1,0,-20,34.64101615137754,1.6422445538918419e-09,2.463366830837762e-07,34.64
1,1,0,-19,32.90896534380867,2.8205427012762916e-09,3.8183096818527796e-07,32.91
1,1,0,-18,31.17691453623979,5.041350779343042e-09,6.125241196901796e-07,31.18
1,1,0,-17,29.44486372867091,9.25701576763349e-09,1.0032290838172791e-06,29.44
1,1,0,-16,27.712812921102035,1.7320356797354978e-08,1.6627542525460775e-06,27.71
1,1,0,-15,25.980762113533157,3.293422398844914e-08,2.7788251490253958e-06,25.98
1,1,0,-14,24.248711305964278,6.345568786839404e-08,4.66399305832696e-06,24.25
1,1,0,-13,22.516660498395403,1.2418905049258526e-07,7.87048107496759e-06,22.52
1,1,0,-12,20.784609690826525,2.4620628024407105e-07,1.3295139133179833e-05,20.78
1,1,0,-11,19.052558883257646,4.991345153001446e-07,2.264822863174405e-05,19.05
1,1,0,-10,17.32050807568877,1.0259152294038256e-06,3.847182110264345e-05,17.32
1,1,0,-9,15.588457268119893,2.1754652467840998e-06,6.6079756871067e-05,15.59
1,1,0,-8,13.856406460551018,4.743384848615693e-06,0.00011384123636677663,13.86
1,1,0,-7,12.124355652982139,1.0919193372697696e-05,0.00020064017822332008,12.12
1,1,0,-6,10.392304845413262,2.4666874633664292e-05,0.00033300280755446784,10.39
1,1,0,-5,8.660254037844386,6.92273938294469e-05,0.0006490068171510645,8.66
1,1,0,-4,6.928203230275509,0.00020257205446219684,0.0012154323267731808,6.93
1,1,0,-3,5.196152422706631,0.0004866828886438082,0.0016425547491728523,5.2
1,1,0,-2,3.4641016151377544,0.00298834306839711,0.004482514602595664,3.46
1,1,0,-1,1.7320508075688772,0.0751039833207316,0.028163993745274344,1.73
1,1,0,1,1.7320508075688772,0.0751039833207316,0.028163993745274344,1.73
1,1,0,2,3.464101615137754,0.002988343068397111,0.004482514602595664,3.46
1,1,0,3,5.196152422706631,0.0004866828886438081,0.0016425547491728519,5.2
1,1,0,4,6.928203230275509,0.00020257205446219684,0.0012154323267731808,6.93
1,1,0,5,8.660254037844386,6.922739382944675e-05,0.0006490068171510631,8.66
1,1,0,6,10.392304845413262,2.4666874633664285e-05,0.0003330028075544678,10.39
1,1,0,7,12.124355652982139,1.091919337269775e-05,0.0002006401782233211,12.12
1,1,0,8,13.856406460551018,4.7433848486156975e-06,0.00011384123636677672,13.86
1,1,0,9,15.588457268119894,2.1754652467840943e-06,6.607975687106685e-05,15.59
1,1,0,10,17.32050807568877,1.0259152294038252e-06,3.8471821102643436e-05,17.32
1,1,0,11,19.052558883257646,4.99134515300105e-07,2.2648228631742255e-05,19.05
1,1,0,12,20.784609690826525,2.462062802440701e-07,1.3295139133179782e-05,20.78
1,1,0,13,22.516660498395403,1.241890504926009e-07,7.87048107496858e-06,22.52
1,1,0,14,24.248711305964278,6.345568786839352e-08,4.6639930583269214e-06,24.25
1,1,0,15,25.980762113533157,3.293422398844604e-08,2.7788251490251345e-06,25.98
1,1,0,16,27.712812921102035,1.7320356797355305e-08,1.662754252546109e-06,27.71
1,1,0,17,29.44486372867091,9.257015767632848e-09,1.0032290838172097e-06,29.44
1,1,0,18,31.17691453623979,5.04135077934288e-09,6.125241196901599e-07,31.18
1,1,0,19,32.90896534380867,2.820542701276572e-09,3.818309681853159e-07,32.91
1,1,0,20,34.64101615137754,1.6422445538918047e-09,2.4633668308377066e-07,34.64
1,1,0,21,36.37306695894642,1.0171962986916778e-09,1.6821883789613616e-07,36.37
1,1,0,22,38.10511776651529,6.915596755632731e-10,1.25518081114734e-07,38.11
1,1,0,23,39.837168574084174,5.361645404284982e-10,1.063616407075033e-07,39.84
1,1,1,-23,38.99999999999999,5.534778494805937e-10,1.0522997613249785e-07,39.0
1,1,1,-22,37.26929030716844,7.631607291901881e-10,1.3250378160564635e-07,37.27
1,1,1,-21,35.53871128783372,1.175668834529896e-09,1.856087172514073e-07,35.54
1,1,1,-20,33.80828300875393,1.9534853193136306e-09,2.791042149969349e-07,33.81
1,1,1,-19,32.078029864690876,3.4097685002718958e-09,4.385814733474725e-07,32.08
1,1,1,-18,30.347981810987033,6.1447469731346736e-09,7.074139952821291e-07,30.35
1,1,1,-17,28.618176042508367,1.131818730622203e-08,1.1586994254744803e-06,28.62
1,1,1,-16,26.888659319497503,2.118466475384759e-08,1.9145640771289755e-06,26.89
1,1,1,-15,25.159491250818245,4.0204851907939715e-08,3.1812089072157295e-06,25.16
1,1,1,-14,23.43074902771996,7.723738043991079e-08,5.300415232688876e-06,23.43
1,1,1,-13,21.702534414210703,1.5053854261362492e-07,8.862956696377164e-06,21.7
1,1,1,-12,19.974984355438178,2.9703772591677623e-07,1.4814756580099213e-05,19.97
1,1,1,-11,18.248287590894655,5.970222961402288e-07,2.4851053076837016e-05,18.25
1,1,1,-10,16.522711641858304,1.2225273479800213e-06,4.171874574981822e-05,16.52
1,1,1,-9,14.79864858694874,2.5721607854719257e-06,7.041290150229395e-05,14.8
1,1,1,-8,13.07669683062202,5.436549011145402e-06,0.00011620623511323295,13.08
1,1,1,-7,11.357816691600545,1.2645718266628319e-05,0.0002039122070493816,11.36
1,1,1,-6,9.643650760992953,2.9367895637624434e-05,0.0003414017867873839,9.64
1,1,1,-5,7.937253933193771,6.491239830110131e-05,0.0005111851366211728,7.94
1,1,1,-4,6.244997998398397,0.00021005235428875566,0.0010240052271576836,6.24
1,1,1,-3,4.582575694955839,0.0010056416646231213,0.002639809369635692,4.58
1,1,1,-2,2.9999999999999996,4.2075636605126244e-16,4.733509118076701e-16,3.0
1,1,1,-1,1.7320508075688772,0.07510397945367644,0.028163992295128663,1.73
1,1,1,0,1.7320508075688772,0.0751039833207316,0.028163993745274344,1.73
1,1,1,1,2.9999999999999996,2.440848714240767e-35,2.745954803520862e-35,3.0
1,1,1,2,4.58257569495584,0.0010056437004448175,0.0026398147136676457,4.58
1,1,1,3,6.244997998398397,0.00021005117005708725,0.0010239994540283002,6.24
1,1,1,4,7.937253933193771,6.491314280632078e-05,0.0005111909995997761,7.94
1,1,1,5,9.643650760992953,2.9367375277644414e-05,0.00034139573760261617,9.64
1,1,1,6,11.357816691600545,1.264604952621495e-05,0.00020391754861021603,11.36
1,1,1,7,13.07669683062202,5.436350611374654e-06,0.00011620199431813322,13.08
1,1,1,8,14.79864858694874,2.572278747038144e-06,7.041613070016918e-05,14.8
1,1,1,9,16.522711641858304,1.2224606258852504e-06,4.171646885833416e-05,16.52
1,1,1,10,18.24828759089466,5.970586881905295e-07,2.485256789593079e-05,18.25
1,1,1,11,19.974984355438178,2.9701863406052677e-07,1.481380437376877e-05,19.97
1,1,1,12,21.702534414210703,1.5054819458428356e-07,8.863524956149693e-06,21.7
1,1,1,13,23.430749027719962,7.723268295522094e-08,5.300092867802036e-06,23.43
1,1,1,14,25.159491250818245,4.020706136389491e-08,3.181383730418184e-06,25.16
1,1,1,15,26.8886593194975,2.118365835138122e-08,1.914473123506077e-06,26.89
1,1,1,16,28.618176042508367,1.1318633381132253e-08,1.1587450923934143e-06,28.62
1,1,1,17,30.347981810987033,6.144553559136888e-09,7.073917284956341e-07,30.35
1,1,1,18,32.078029864690876,3.409851153355471e-09,4.385921046003474e-07,32.08
1,1,1,19,33.80828300875393,1.953450159299797e-09,2.7909919150995844e-07,33.81
1,1,1,20,35.53871128783372,1.1756839644502134e-09,1.8561110588757744e-07,35.54
1,1,1,21,37.26929030716844,7.631539409718826e-10,1.3250260300124304e-07,37.27
1,1,1,22,38.99999999999999,5.534812461306509e-10,1.0523062192058998e-07,39.0
1,1,1,23,40.730823708832595,4.6546335312128234e-10,9.65254628535259e-08,40.73
1,1,2,-23,38.223029707232776,5.055368909047083e-10,9.232367470147232e-08,38.22
1,1,2,-22,36.49657518178931,7.306932956645299e-10,1.216604337281442e-07,36.5
1,1,2,-21,34.77067730142742,1.155593694622552e-09,1.7463909709983317e-07,34.77
1,1,2,-20,33.04542328371661,1.939486371766613e-09,2.6473988974614264e-07,33.05
1,1,2,-19,31.320919526731647,3.382355057620898e-09,4.1476128894076255e-07,31.32
1,1,2,-18,29.59729717389748,6.0424704154658834e-09,6.616505104935141e-07,29.6
1,1,2,-17,27.874719729532703,1.0980150374522304e-08,1.0664471051254786e-06,27.87
1,1,2,-16,26.15339366124404,2.0170168721743528e-08,1.7245494257090714e-06,26.15
1,1,2,-15,24.433583445741228,3.747891903757898e-08,2.7968643331793304e-06,24.43
1,1,2,-14,22.71563338320109,7.001561372839871e-08,4.516007085481716e-06,22.72
1,1,2,-13,20.999999999999996,1.3248582953041412e-07,7.303281352864075e-06,21.0
1,1,2,-12,19.287301521985906,2.5118444615197273e-07,1.1680076746066726e-05,19.29
1,1,2,-11,17.578395831246944,4.855177675548501e-07,1.8753123771806082e-05,17.58
1,1,2,-10,15.874507866387543,9.231725296755783e-07,2.9079934684780715e-05,15.87
1,1,2,-9,14.177446878757824,1.8709871690539154e-06,4.700855262247961e-05,14.18
1,1,2,-8,12.489995996796795,3.528925290464277e-06,6.881404316405338e-05,12.49
1,1,2,-7,10.816653826391965,6.937160928361978e-06,0.00010145597857729387,10.82
1,1,2,-6,9.165151389911678,1.4421576241207135e-05,0.00015142655053267484,9.17
1,1,2,-5,7.549834435270749,3.698397301991796e-05,0.0002635108077669154,7.55
1,1,2,-4,5.999999999999999,1.769573263409559e-15,7.963079685343013e-15,6.0
1,1,2,-3,4.582575694955839,0.0010056410584257582,0.002639807778367614,4.58
1,1,2,-2,3.4641016151377544,0.002988338562838031,0.0044825078442570455,3.46
1,1,2,-1,2.9999999999999996,4.2075636548477176e-16,4.733509111703681e-16,3.0
1,1,2,0,3.464101615137755,0.002988343068397108,0.0044825146025956625,3.46
1,1,2,1,4.58257569495584,0.0010056437004448162,0.0026398147136676422,4.58
1,1,2,2,5.999999999999999,1.8898585941274197e-34,8.504363673573385e-34,6.0
1,1,2,3,7.54983443527075,3.698448431381531e-05,0.0002635144507359341,7.55
1,1,2,4,9.16515138991168,1.4421263499363357e-05,0.00015142326674331524,9.17
1,1,2,5,10.816653826391967,6.937367498262329e-06,0.00010145899966208655,10.82
1,1,2,6,12.489995996796795,3.528789750353947e-06,6.881140013190195e-05,12.49
1,1,2,7,14.177446878757824,1.871074465298333e-06,4.7010745940620605e-05,14.18
1,1,2,8,15.874507866387543,9.231205586087911e-07,2.9078297596176917e-05,15.87
1,1,2,9,17.578395831246944,4.855483095658615e-07,1.8754303456981396e-05,17.58
1,1,2,10,19.28730152198591,2.511674496673939e-07,1.1679286409533815e-05,19.29
1,1,2,11,20.999999999999996,1.324949447150182e-07,7.303783827415376e-06,21.0
1,1,2,12,22.71563338320109,7.001094213170132e-08,4.515705767494734e-06,22.72
1,1,2,13,24.43358344574123,3.7481222885163506e-08,2.797036257805326e-06,24.43
1,1,2,14,26.15339366124404,2.0169077133147853e-08,1.7244560948841412e-06,26.15
1,1,2,15,27.874719729532703,1.0980650489791463e-08,1.0664956788209957e-06,27.87
1,1,2,16,29.59729717389748,6.042248051654529e-09,6.616261616561708e-07,29.6
1,1,2,17,31.320919526731647,3.3824517377783723e-09,4.1477314434507283e-07,31.32
1,1,2,18,33.04542328371661,1.9394449583572084e-09,2.647342368157589e-07,33.05
1,1,2,19,34.77067730142742,1.1556113345435824e-09,1.746417629328989e-07,34.77
1,1,2,20,36.49657518178932,7.306857777610239e-10,1.2165918199721047e-07,36.5
1,1,2,21,38.223029707232776,5.055400571821993e-10,9.232425294289909e-08,38.22
1,1,2,22,39.949968710876355,3.9668348172927604e-10,7.913835460499056e-08,39.95
1,1,2,23,41.67733196834941,3.6433259683897253e-10,7.910571508866188e-08,41.68
1,1,3,-23,37.509998667022096,4.0157369547724264e-10,7.062677369206001e-08,37.51
1,1,3,-22,35.791060336346554,5.9525494325432e-10,9.531519778859796e-08,35.79
1,1,3,-21,34.07345007480164,9.466922330930599e-10,1.3738871032763033e-07,34.07
1,1,3,-20,32.35737937472687,1.5747453809862345e-09,2.060948017365734e-07,32.36
1,1,3,-19,30.643106892089122,2.6943686165671923e-09,3.1625151636957417e-07,30.64
1,1,3,-18,28.93095228297886,4.6838863885486515e-09,4.900516134019025e-07,28.93
1,1,3,-17,27.221315177632395,8.232926544777905e-09,7.625748212100532e-07,27.22
1,1,3,-16,25.514701644346147,1.451194692746272e-08,1.1809096812222789e-06,25.51
1,1,3,-15,23.811761799581312,2.5739143806624495e-08,1.8242618172945107e-06,23.81
1,1,3,-14,22.113344387495978,4.5346838485861404e-08,2.7718255024482776e-06,22.11
1,1,3,-13,20.420577856662135,8.052601438699337e-08,4.197418499922028e-06,20.42
1,1,3,-12,18.734993995195193,1.3893742559309946e-07,6.095879547897237e-06,18.73
1,1,3,-11,17.058722109231976,2.4878377362003194e-07,9.049509765428656e-06,17.06
1,1,3,-10,15.39480431834065,4.0054558970743446e-07,1.1866163095082744e-05,15.39
1,1,3,-9,13.747727084867519,6.963792848130573e-07,1.6451960603708478e-05,13.75
1,1,3,-8,12.124355652982139,1.0346731298206996e-06,1.9012118760455348e-05,12.12
1,1,3,-7,10.535653752852737,1.928106942665037e-06,2.6752483829477378e-05,10.54
1,1,3,-6,8.999999999999998,4.25132071779449e-15,4.3044622267669195e-14,9.0
1,1,3,-5,7.549834435270749,3.698379400497586e-05,0.0002635095322854529,7.55
1,1,3,-4,6.244997998398397,0.0002100498933589757,0.0010239932301250065,6.24
1,1,3,-3,5.196152422706631,0.0004866816572675718,0.0016425505932780543,5.2
1,1,3,-2,4.58257569495584,0.001005641058425759,0.0026398077783676174,4.58
1,1,3,-1,4.582575694955842,0.0010056416646231205,0.002639809369635693,4.58
1,1,3,0,5.196152422706632,0.0004866828886438072,0.0016425547491728493,5.2
1,1,3,1,6.244997998398399,0.00021005117005708706,0.0010239994540282998,6.24
1,1,3,2,7.549834435270749,3.698448431381546e-05,0.0002635144507359351,7.55
1,1,3,3,9.0,1.1312206622034003e-34,1.1453609204809428e-33,9.0
1,1,3,4,10.535653752852738,1.928298631950574e-06,2.675514351831421e-05,10.54
1,1,3,5,12.124355652982139,1.034534050122795e-06,1.900956317100635e-05,12.12
1,1,3,6,13.747727084867519,6.964858750888651e-07,1.6454478798974435e-05,13.75
1,1,3,7,15.39480431834065,4.0047407723444824e-07,1.1864044538070526e-05,15.39
1,1,3,8,17.05872210923198,2.4883111476588e-07,9.051231799608883e-06,17.06
1,1,3,9,18.734993995195193,1.3890917705179895e-07,6.094640143147678e-06,18.73
1,1,3,10,20.420577856662135,8.054236193122546e-08,4.198270615665126e-06,20.42
1,1,3,11,22.113344387495978,4.533795402707456e-08,2.771282439904932e-06,22.11
1,1,3,12,23.811761799581316,2.5743771348486777e-08,1.8245897943240004e-06,23.81
1,1,3,13,25.514701644346147,1.4509649593685582e-08,1.1807227356861642e-06,25.51
1,1,3,14,27.221315177632395,8.23402428453335e-09,7.626764993549013e-07,27.22
1,1,3,15,28.93095228297886,4.683380604840489e-09,4.899986957814361e-07,28.93
1,1,3,16,30.643106892089122,2.6945953235440893e-09,3.1627812610098745e-07,30.64
1,1,3,17,32.35737937472687,1.5746458104248498e-09,2.0608177043935217e-07,32.36
1,1,3,18,34.07345007480164,9.467355962678912e-10,1.373950034083777e-07,34.07
1,1,3,19,35.79106033634656,5.952359137393735e-10,9.531215068751719e-08,35.79
1,1,3,20,37.5099986670221,4.015823681626585e-10,7.062829900060756e-08,37.51
1,1,3,21,39.23009049186606,3.0006331309506346e-10,5.772467985666283e-08,39.23
1,1,3,22,40.951190458886536,2.5661411601075296e-10,5.379273406875408e-08,40.95
1,1,3,23,42.67317658670373,2.566112765067742e-10,5.8411141814854465e-08,42.67
1,1,4,-23,36.86461718233352,2.7216682167994334e-10,4.623433883288036e-08,36.86
1,1,4,-22,35.15679166249389,4.044543687793998e-10,6.248819997641726e-08,35.16
1,1,4,-21,33.45145736735546,6.336107004420062e-10,8.86262967243256e-08,33.45
1,1,4,-20,31.749015732775085,1.0237993114046862e-09,1.2899871323699044e-07,31.75
1,1,4,-19,30.049958402633436,1.6855300178101055e-09,1.9025420076031563e-07,30.05
1,1,4,-18,28.354893757515647,2.788323379340535e-09,2.802264996237237e-07,28.35
1,1,4,-17,26.664583251946762,4.635481480786216e-09,4.119784166048748e-07,26.66
1,1,4,-16,24.97999199359359,7.606012336488311e-09,5.932689622460881e-07,24.98
1,1,4,-15,23.30236039546208,1.2519988856600496e-08,8.497942436417581e-07,23.3
1,1,4,-14,21.63330765278393,1.974122008817589e-08,1.154861375158289e-06,21.63
1,1,4,-13,19.974984355438178,3.2048111322622405e-08,1.5983995522157921e-06,19.97
1,1,4,-12,18.330302779823356,4.5131576126349225e-08,1.8955261973066665e-06,18.33
1,1,4,-11,16.703293088490064,7.20496471857642e-08,2.512731445603526e-06,16.7
1,1,4,-10,15.099668870541498,7.961983460681757e-08,2.2691652862943e-06,15.1
1,1,4,-9,13.527749258468681,1.3785912133336687e-07,3.153527400500766e-06,13.53
1,1,4,-8,11.999999999999998,8.01207270696311e-15,1.4421730872533594e-13,12.0
1,1,4,-7,10.535653752852737,1.9280438980765423e-06,2.6751609085812015e-05,10.54
1,1,4,-6,9.165151389911678,1.4420569198072047e-05,0.00015141597657975642,9.17
1,1,4,-5,7.937253933193771,6.491170142981099e-05,0.0005111796487597615,7.94
1,1,4,-4,6.928203230275509,0.00020256958007802513,0.0012154174804681506,6.93
1,1,4,-3,6.244997998398397,0.0002100498933589754,0.001023993230125005,6.24
1,1,4,-2,6.0,1.7695732636708886e-15,7.963079686518999e-15,6.0
1,1,4,-1,6.244997998398399,0.00021005235428875563,0.001024005227157684,6.24
1,1,4,0,6.928203230275509,0.00020257205446219545,0.0012154323267731726,6.93
1,1,4,1,7.937253933193772,6.491314280632034e-05,0.0005111909995997728,7.94
1,1,4,2,9.16515138991168,1.4421263499363332e-05,0.000151423266743315,9.17
1,1,4,3,10.535653752852738,1.9282986319505667e-06,2.675514351831411e-05,10.54
1,1,4,4,12.0,2.1682248399517525e-34,3.9028047119131544e-33,12.0
1,1,4,5,13.527749258468681,1.379217674070696e-07,3.154960429436716e-06,13.53
1,1,4,6,15.099668870541498,7.957674085827961e-08,2.267937114460968e-06,15.1
1,1,4,7,16.703293088490064,7.208518717196758e-08,2.513970902622369e-06,16.7
1,1,4,8,18.33030277982336,4.510830047606485e-08,1.8945486199947236e-06,18.33
1,1,4,9,19.974984355438178,3.2063594270166616e-08,1.5991717642245598e-06,19.97
1,1,4,10,21.633307652783934,1.9732085024163853e-08,1.1543269739135852e-06,21.63
1,1,4,11,23.302360395462085,1.2525202335556782e-08,8.501481085259163e-07,23.3
1,1,4,12,24.97999199359359,7.603235882477229e-09,5.930523988332238e-07,24.98
1,1,4,13,26.664583251946766,4.6368974286012925e-09,4.1210425896693986e-07,26.66
1,1,4,14,28.354893757515647,2.787635811769123e-09,2.8015739908279676e-07,28.35
1,1,4,15,30.049958402633436,1.6858522882752947e-09,1.9029057703907386e-07,30.05
1,1,4,16,31.749015732775085,1.023652900769203e-09,1.2898026549691957e-07,31.75
1,1,4,17,33.45145736735546,6.33675937370618e-10,8.863542173971517e-08,33.45
1,1,4,18,35.15679166249389,4.044256156947316e-10,6.248375762483602e-08,35.16
1,1,4,19,36.86461718233352,2.7217944969749914e-10,4.6236484017362653e-08,36.86
1,1,4,20,38.57460304397182,1.9822951288680444e-10,3.687068939694562e-08,38.57
1,1,4,21,40.286474156967365,1.611364430590467e-10,3.2690555885604087e-08,40.29
1,1,4,22,41.99999999999999,1.4987019795835476e-10,3.304637864981721e-08,42.0
1,1,4,23,43.71498598878878,1.611344016740856e-10,3.849098019989719e-08,43.71
1,1,5,-23,36.2904946232481,1.5445986554899964e-10,2.542795536600405e-08,36.29
1,1,5,-22,34.59768778401238,2.2495341415086723e-10,3.365865459232349e-08,34.6
1,1,5,-21,32.90896534380867,3.399612323532343e-10,4.60222518298191e-08,32.91
1,1,5,-20,31.224989991991986,5.220877533146315e-10,6.36294449352207e-08,31.22
1,1,5,-19,29.546573405388312,8.098116458070266e-10,8.837069584869177e-08,29.55
1,1,5,-18,27.874719729532703,1.240380623906644e-09,1.2047196809693277e-07,27.87
1,1,5,-17,26.21068484416231,1.9038504415481584e-09,1.6349315666794806e-07,26.21
1,1,5,-16,24.55605831561735,2.77820625999472e-09,2.09407296847102e-07,24.56
1,1,5,-15,22.9128784747792,4.167110979612894e-09,2.734666580370961e-07,22.91
1,1,5,-14,21.28379665379276,5.2937125384390064e-09,2.9975647248910863e-07,21.28
1,1,5,-13,19.672315572905998,7.98898844820281e-09,3.8646731618181075e-07,19.67
1,1,5,-12,18.08314132002512,6.977947198266643e-09,2.8522359172914895e-07,18.08
1,1,5,-11,16.5227116418583,1.3301477841918184e-08,4.5391293135545776e-07,16.52
1,1,5,-10,14.999999999999998,1.2845138090290178e-14,3.6126950878941116e-13,15.0
1,1,5,-9,13.527749258468681,1.378343098903652e-07,3.152959838742103e-06,13.53
1,1,5,-8,12.124355652982139,1.0342989326770473e-06,1.9005242887940736e-05,12.12
1,1,5,-7,10.816653826391965,6.936806896944267e-06,0.00010145080086780985,10.82
1,1,5,-6,9.643650760992953,2.9366393208013265e-05,0.00034138432104315405,9.64
1,1,5,-5,8.660254037844386,6.922624407786861e-05,0.0006489960382300181,8.66
1,1,5,-4,7.937253933193771,6.491170142981121e-05,0.0005111796487597632,7.94
1,1,5,-3,7.549834435270748,3.698379400497579e-05,0.00026350953228545236,7.55
1,1,5,-2,7.549834435270749,3.6983973019917996e-05,0.00026351080776691564,7.55
1,1,5,-1,7.937253933193772,6.491239830110083e-05,0.0005111851366211691,7.94
1,1,5,0,8.660254037844386,6.922739382944644e-05,0.0006490068171510602,8.66
1,1,5,1,9.643650760992955,2.9367375277644228e-05,0.00034139573760261417,9.64
1,1,5,2,10.816653826391967,6.937367498262261e-06,0.00010145899966208556,10.82
1,1,5,3,12.124355652982139,1.0345340501227622e-06,1.9009563171005748e-05,12.12
1,1,5,4,13.527749258468681,1.3792176740707012e-07,3.154960429436728e-06,13.53
1,1,5,5,14.999999999999998,1.0079694672830423e-34,2.834914126733556e-33,15.0
1,1,5,6,16.522711641858304,1.3325332793147279e-08,4.547269815661508e-07,16.52
1,1,5,7,18.083141320025124,6.963003863386118e-09,2.8461278291590756e-07,18.08
1,1,5,8,19.672315572906,8.002148422194492e-09,3.871039299236585e-07,19.67
1,1,5,9,21.283796653792763,5.285350005169184e-09,2.99282944042705e-07,21.28
1,1,5,10,22.9128784747792,4.172625077011944e-09,2.738285206789088e-07,22.91
1,1,5,11,24.556058315617346,2.7750269522955014e-09,2.0916765652927333e-07,24.56
1,1,5,12,26.210684844162312,1.905623572472122e-09,1.6364542428604346e-07,26.21
1,1,5,13,27.874719729532703,1.2394602075883538e-09,1.2038257266201883e-07,27.87
1,1,5,14,29.546573405388312,8.102706516431576e-10,8.842078486055957e-08,29.55
1,1,5,15,31.224989991991986,5.218687127505796e-10,6.360274936647686e-08,31.22
1,1,5,16,32.90896534380867,3.400630524090394e-10,4.603603571987371e-08,32.91
1,1,5,17,34.59768778401238,2.2490690977850364e-10,3.3651696375608586e-08,34.6
1,1,5,18,36.29049462324811,1.5448114631081526e-10,2.5431458711417958e-08,36.29
1,1,5,19,37.98683982644515,1.1233029036971156e-10,2.0261576125436712e-08,37.99
1,1,5,20,39.68626966596885,8.892504739279628e-11,1.750711870545676e-08,39.69
1,1,5,21,41.38840417314975,7.84853206607467e-11,1.6805669286482384e-08,41.39
1,1,5,22,43.09292285283048,7.848872120742242e-11,1.8219194410272926e-08,43.09
1,1,5,23,44.79955356920423,8.89198551253397e-11,2.2307768654569587e-08,44.8
1,1,6,-23,35.791060336346554,7.226810306417909e-11,1.1571930003151672e-08,35.79
1,1,6,-22,34.11744421846395,1.0083375259115189e-10,1.4671311002012591e-08,34.12
1,1,6,-21,32.4499614791759,1.4412249558351573e-10,1.897012348118025e-08,32.45
1,1,6,-20,30.7896086366813,2.0515202802783286e-10,2.4310515321298188e-08,30.79
1,1,6,-19,29.137604568666926,2.9440733129206554e-10,3.124397803337045e-08,29.14
1,1,6,-18,27.495454169735037,4.0106588431997147e-10,3.79007260682373e-08,27.5
1,1,6,-17,25.86503431275512,5.658424680954195e-10,4.7318576394479435e-08,25.87
1,1,6,-16,24.248711305964278,6.644583834151788e-10,4.883769118101562e-08,24.25
1,1,6,-15,22.649503305812242,9.778455047623014e-10,6.270434299288253e-08,22.65
1,1,6,-14,21.071307505705473,7.185045187071838e-10,3.987700078824869e-08,21.07
1,1,6,-13,19.519221295943133,1.648383248021954e-09,7.850425218704555e-08,19.52
1,1,6,-12,17.999999999999996,1.7904265484908476e-14,7.25122752138793e-13,18.0
1,1,6,-11,16.5227116418583,1.329083093954787e-08,4.5354960581207074e-07,16.52
1,1,6,-10,15.099668870541498,7.948664988942124e-08,2.265369521848505e-06,15.1
1,1,6,-9,13.747727084867519,6.962126991597978e-07,1.644802501765022e-05,13.75
1,1,6,-8,12.489995996796795,3.528181881595119e-06,6.879954669110481e-05,12.49
1,1,6,-7,11.357816691600545,1.264494343538224e-05,0.0002038997128955386,11.36
1,1,6,-6,10.392304845413262,2.4665414570635073e-05,0.0003329830967035734,10.39
1,1,6,-5,9.643650760992955,2.9366393208013434e-05,0.00034138432104315617,9.64
1,1,6,-4,9.165151389911681,1.4420569198072043e-05,0.0001514159765797565,9.17
1,1,6,-3,9.0,4.251320718045921e-15,4.304462227021495e-14,9.0
1,1,6,-2,9.165151389911681,1.442157624120693e-05,0.0001514265505326728,9.17
1,1,6,-1,9.643650760992955,2.9367895637624333e-05,0.0003414017867873829,9.64
1,1,6,0,10.392304845413264,2.466687463366419e-05,0.0003330028075544666,10.39
1,1,6,1,11.357816691600547,1.2646049526214957e-05,0.0002039175486102162,11.36
1,1,6,2,12.489995996796797,3.5287897503538915e-06,6.881140013190088e-05,12.49
1,1,6,3,13.74772708486752,6.964858750888488e-07,1.6454478798974052e-05,13.75
1,1,6,4,15.099668870541498,7.95767408582752e-08,2.2679371144608428e-06,15.1
1,1,6,5,16.522711641858304,1.3325332793147502e-08,4.547269815661584e-07,16.52
1,1,6,6,18.0,3.277017029125688e-36,1.3271918967959037e-34,18.0
1,1,6,7,19.519221295943133,1.657663894789711e-09,7.894624298935997e-08,19.52
1,1,6,8,21.071307505705477,7.135469986831064e-10,3.96018584269124e-08,21.07
1,1,6,9,22.64950330581225,9.82320194473851e-10,6.29912824706357e-08,22.65
1,1,6,10,24.24871130596428,6.617600881873613e-10,4.863936648177105e-08,24.25
1,1,6,11,25.86503431275512,5.675811623633339e-10,4.746397470263378e-08,25.87
1,1,6,12,27.495454169735037,4.000955674637472e-10,3.780903112532411e-08,27.5
1,1,6,13,29.13760456866693,2.94934887781807e-10,3.1299964965844264e-08,29.14
1,1,6,14,30.7896086366813,2.0488455114140685e-10,2.4278819310256708e-08,30.79
1,1,6,15,32.4499614791759,1.4425388613692378e-10,1.8987417762772585e-08,32.45
1,1,6,16,34.11744421846396,1.0077142331670876e-10,1.4662242092581122e-08,34.12
1,1,6,17,35.791060336346554,7.229721014514196e-11,1.1576590774490852e-08,35.79
1,1,6,18,37.469987990390386,5.3699508333713636e-11,9.424263712566742e-09,37.47
1,1,6,19,39.153543900903784,4.246272656580137e-11,8.136919978171688e-09,39.15
1,1,6,20,40.84115571332427,3.642487142658724e-11,7.594585692443439e-09,40.84
1,1,6,21,42.53234063627347,3.454675313219559e-11,7.811884552017725e-09,42.53
1,1,6,22,44.226688774991956,3.642718275316647e-11,8.9064461831492e-09,44.23
1,1,6,23,45.923850012820125,4.2456710529094416e-11,1.119265031323251e-08,45.92
1,1,7,-23,35.36947836765478,2.7652125231955162e-11,4.324101083146986e-09,35.37
1,1,7,-22,33.719430600174725,3.6135609851461345e-11,5.135773550138942e-09,33.72
1,1,7,-21,32.078029864690876,4.819649265456144e-11,6.199273867692963e-09,32.08
1,1,7,-20,30.446674695276656,6.152898272708565e-11,7.1296708735010475e-09,30.45
1,1,7,-19,28.827070610799144,8.232662236287108e-11,8.55167789794323e-09,28.83
1,1,7,-18,27.221315177632395,9.135037136845928e-11,8.461328148003538e-09,27.22
1,1,7,-17,25.63201123595259,1.3300395226654113e-10,1.0922949579889686e-08,25.63
1,1,7,-16,24.062418831031927,8.817809478967694e-11,6.3818896104028675e-09,24.06
1,1,7,-15,22.5166604983954,2.406884327166516e-10,1.5253629423417787e-08,22.52
1,1,7,-14,20.999999999999996,2.1709025652556178e-14,1.1967100390971588e-12,21.0
1,1,7,-13,19.519221295943133,1.6435618253263606e-09,7.827463193116791e-08,19.52
1,1,7,-12,18.08314132002512,6.930674947268531e-09,2.8329133846960113e-07,18.08
1,1,7,-11,16.703293088490064,7.197481563968247e-08,2.5101216954339256e-06,16.7
1,1,7,-10,15.39480431834065,4.00212508163938e-07,1.185629555435666e-05,15.39
1,1,7,-9,14.177446878757824,1.870536825602394e-06,4.6997237743260135e-05,14.18
1,1,7,-8,13.07669683062202,5.43553113127064e-06,0.0001161844779309099,13.08
1,1,7,-7,12.124355652982139,1.0918229472439397e-05,0.00020062246655607385,12.12
1,1,7,-6,11.357816691600545,1.2644943435382357e-05,0.00020389971289554046,11.36
1,1,7,-5,10.816653826391967,6.93680689694427e-06,0.00010145080086780993,10.82
1,1,7,-4,10.535653752852738,1.928043898076537e-06,2.6751609085811947e-05,10.54
1,1,7,-3,10.535653752852738,1.9281069426650494e-06,2.6752483829477558e-05,10.54
1,1,7,-2,10.816653826391969,6.937160928361932e-06,0.00010145597857729326,10.82
1,1,7,-1,11.357816691600545,1.264571826662833e-05,0.00020391220704938179,11.36
1,1,7,0,12.12435565298214,1.0919193372697432e-05,0.00020064017822331531,12.12
1,1,7,1,13.076696830622021,5.4363506113744985e-06,0.0001162019943181299,13.08
1,1,7,2,14.177446878757824,1.8710744652983093e-06,4.701074594062001e-05,14.18
1,1,7,3,15.394804318340652,4.0047407723441595e-07,1.1864044538069573e-05,15.39
1,1,7,4,16.703293088490067,7.208518717197137e-08,2.513970902622502e-06,16.7
1,1,7,5,18.083141320025124,6.963003863384849e-09,2.846127829158557e-07,18.08
1,1,7,6,19.519221295943133,1.6576638947907896e-09,7.894624298941134e-08,19.52
1,1,7,7,21.0,7.341484662818884e-35,4.04699342037891e-33,21.0
1,1,7,8,22.516660498395403,2.4438333346195547e-10,1.5487793758151427e-08,22.52
1,1,7,9,24.062418831031927,8.648547925731463e-11,6.259386561248145e-09,24.06
1,1,7,10,25.632011235952593,1.345206779244326e-10,1.1047510674544026e-08,25.63
1,1,7,11,27.2213151776324,9.049077923929624e-11,8.381708427039814e-09,27.22
1,1,7,12,28.827070610799144,8.286245655490557e-11,8.607337674640812e-09,28.83
1,1,7,13,30.446674695276656,6.124055978896674e-11,7.0962498655465185e-09,30.45
1,1,7,14,32.078029864690876,4.8349679026074156e-11,6.218977464728787e-09,32.08
1,1,7,15,33.719430600174725,3.605905041265927e-11,5.1248925398991975e-09,33.72
1,1,7,16,35.369478367654786,2.7689776562199055e-11,4.3299888099138766e-09,35.37
1,1,7,17,37.027017163147235,2.140706811998946e-11,3.668636299063194e-09,37.03
1,1,7,18,38.691084244306204,1.732888479314747e-11,3.24266756691772e-09,38.69
1,1,7,19,40.36087214122112,1.4797705072212457e-11,3.0131826953292603e-09,40.36
1,1,7,20,42.035699113967404,1.3627222731849995e-11,3.0099128208973675e-09,42.04
1,1,7,21,43.714985988788776,1.3624002662008566e-11,3.2544336358872944e-09,43.71
1,1,7,22,45.39823785126466,1.480254178578985e-11,3.8135048275641085e-09,45.4
1,1,7,23,47.0850294679742,1.731984440281038e-11,4.799761880128825e-09,47.09
1,1,8,-23,35.02855977627398,8.727887802952777e-12,1.3386397917778814e-09,35.03
1,1,8,-22,33.40658617698013,1.0404338078373218e-11,1.4514051619330636e-09,33.41
1,1,8,-21,31.79622619116929,1.3177456043775863e-11,1.6653010075321745e-09,31.8
1,1,8,-20,30.199337741082996,1.3997598707310496e-11,1.5957262526333961e-09,30.2
1,1,8,-19,28.618176042508367,2.0115755885397596e-11,2.0593505087675786e-09,28.62
1,1,8,-18,27.055498516937362,1.2752890464103146e-11,1.1668894774654376e-09,27.06
1,1,8,-17,25.514701644346143,3.87263980114385e-11,3.1513606381808066e-09,25.51
1,1,8,-16,23.999999999999996,2.2706778387663125e-14,1.6348880439117443e-12,24.0
1,1,8,-15,22.5166604983954,2.384968664343856e-10,1.5114738910279183e-08,22.52
1,1,8,-14,21.071307505705473,7.015377339578444e-10,3.893534423466035e-08,21.07
1,1,8,-13,19.672315572905998,7.956518204163804e-09,3.8489656812642385e-07,19.67
1,1,8,-12,18.330302779823356,4.4991606708433565e-08,1.8896474817542088e-06,18.33
1,1,8,-11,17.058722109231976,2.4854963483884355e-07,9.040992967262928e-06,17.06
1,1,8,-10,15.874507866387543,9.225875418491092e-07,2.9061507568246935e-05,15.87
1,1,8,-9,14.79864858694874,2.571436530729908e-06,7.039307502873121e-05,14.8
1,1,8,-8,13.856406460551018,4.742333545685675e-06,0.00011381600509645618,13.86
1,1,8,-7,13.07669683062202,5.435531131270624e-06,0.00011618447793090957,13.08
1,1,8,-6,12.489995996796795,3.5281818815951035e-06,6.879954669110451e-05,12.49
1,1,8,-5,12.12435565298214,1.0342989326770442e-06,1.9005242887940685e-05,12.12
1,1,8,-4,12.0,8.012072707834949e-15,1.4421730874102907e-13,12.0
1,1,8,-3,12.124355652982139,1.0346731298206752e-06,1.90121187604549e-05,12.12
1,1,8,-2,12.489995996796797,3.5289252904642916e-06,6.88140431640537e-05,12.49
1,1,8,-1,13.07669683062202,5.436549011145306e-06,0.0001162062351132309,13.08
1,1,8,0,13.856406460551018,4.74338484861559e-06,0.00011384123636677415,13.86
1,1,8,1,14.798648586948742,2.5722787470381106e-06,7.041613070016828e-05,14.8
1,1,8,2,15.874507866387543,9.231205586087709e-07,2.907829759617628e-05,15.87
1,1,8,3,17.05872210923198,2.4883111476587645e-07,9.051231799608754e-06,17.06
1,1,8,4,18.33030277982336,4.510830047606996e-08,1.8945486199949381e-06,18.33
1,1,8,5,19.672315572906,8.002148422196497e-09,3.871039299237555e-07,19.67
1,1,8,6,21.071307505705477,7.135469986828724e-10,3.960185842689941e-08,21.07
1,1,8,7,22.516660498395403,2.443833334617738e-10,1.5487793758139913e-08,22.52
1,1,8,8,24.0,1.431490898334697e-35,1.0306734468009819e-33,24.0
1,1,8,9,25.514701644346147,4.015271682204036e-11,3.2674273313935343e-09,25.51
1,1,8,10,27.055498516937362,1.2180347196791738e-11,1.1145017685064438e-09,27.06
1,1,8,11,28.618176042508367,2.061130011219025e-11,2.1100818489854766e-09,28.62
1,1,8,12,30.199337741082996,1.3734342678772124e-11,1.5657150653800218e-09,30.2
1,1,8,13,31.79622619116929,1.3335608860215397e-11,1.6852875697097206e-09,31.8
1,1,8,14,33.40658617698013,1.0321919746542207e-11,1.4399078046426376e-09,33.41
1,1,8,15,35.02855977627399,8.770956398360978e-12,1.3452454375986149e-09,35.03
1,1,8,16,36.66060555964672,7.099905991606824e-12,1.1927842065899463e-09,36.66
1,1,8,17,38.30143600441111,6.025601303932318e-12,1.1049446391085885e-09,38.3
1,1,8,18,39.949968710876355,5.2194631768859454e-12,1.041282903788746e-09,39.95
1,1,8,19,41.60528812542943,4.783129897313065e-12,1.034949731531114e-09,41.61
1,1,8,20,43.26661530556787,4.629827725787828e-12,1.0833796878343517e-09,43.27
1,1,8,21,44.933283877321934,4.781180003276514e-12,1.2066503033269097e-09,44.93
1,1,8,22,46.60472079092417,5.224386168268792e-12,1.4184208446849768e-09,46.6
1,1,8,23,48.28043081829324,6.015096987182671e-12,1.7526488846403504e-09,48.28
1,1,9,-23,34.77067730142741,2.374664440041317e-12,3.588711635012439e-10,34.77
1,1,9,-22,33.18132004607411,2.4311274202949265e-12,3.345839112180892e-10,33.18
1,1,9,-21,31.60696125855821,3.3777363213176787e-12,4.2179482312454496e-10,31.61
1,1,9,-20,30.049958402633436,2.1483273023950995e-12,2.424924442578468e-10,30.05
1,1,9,-19,28.5131548587665,6.604581701622357e-12,6.711906154273718e-10,28.51
1,1,9,-18,26.999999999999996,2.023935023634242e-14,1.8443107902867023e-12,27.0
1,1,9,-17,25.514701644346143,3.7767355757265595e-11,3.073318574747487e-09,25.51
1,1,9,-16,24.062418831031927,8.203043110587221e-11,5.9369524512875e-09,24.06
1,1,9,-15,22.649503305812242,9.641328351946736e-10,6.182501805685841e-08,22.65
1,1,9,-14,21.28379665379276,5.237271476902627e-09,2.9656049737961116e-07,21.28
1,1,9,-13,19.974984355438178,3.1935863718310933e-08,1.5928012029507576e-06,19.97
1,1,9,-12,18.734993995195193,1.38637465378148e-07,6.082718793466243e-06,18.73
1,1,9,-11,17.578395831246944,4.850560908351556e-07,1.8735291508507884e-05,17.58
1,1,9,-10,16.522711641858304,1.221744061011787e-06,4.169201608202722e-05,16.52
1,1,9,-9,15.588457268119894,2.174638569191884e-06,6.605464653920347e-05,15.59
1,1,9,-8,14.79864858694874,2.5714365307299046e-06,7.039307502873111e-05,14.8
1,1,9,-7,14.177446878757824,1.8705368256024213e-06,4.699723774326082e-05,14.18
1,1,9,-6,13.747727084867519,6.962126991597967e-07,1.6448025017650196e-05,13.75
1,1,9,-5,13.527749258468681,1.3783430989036863e-07,3.1529598387421816e-06,13.53
1,1,9,-4,13.527749258468681,1.378591213333622e-07,3.1535274005006594e-06,13.53
1,1,9,-3,13.747727084867519,6.963792848130711e-07,1.6451960603708803e-05,13.75
1,1,9,-2,14.177446878757824,1.870987169053926e-06,4.7008552622479876e-05,14.18
1,1,9,-1,14.798648586948742,2.5721607854718313e-06,7.041290150229139e-05,14.8
1,1,9,0,15.588457268119894,2.1754652467840528e-06,6.607975687106559e-05,15.59
1,1,9,1,16.522711641858304,1.2224606258852159e-06,4.171646885833298e-05,16.52
1,1,9,2,17.578395831246944,4.855483095658352e-07,1.8754303456980383e-05,17.58
1,1,9,3,18.734993995195193,1.3890917705179273e-07,6.094640143147405e-06,18.73
1,1,9,4,19.974984355438178,3.206359427016073e-08,1.5991717642242663e-06,19.97
1,1,9,5,21.28379665379276,5.2853500051679066e-09,2.992829440426326e-07,21.28
1,1,9,6,22.649503305812246,9.823201944746468e-10,6.299128247068671e-08,22.65
1,1,9,7,24.06241883103193,8.64854792573651e-11,6.259386561251799e-09,24.06
1,1,9,8,25.514701644346147,4.0152716822018594e-11,3.2674273313917633e-09,25.51
1,1,9,9,26.999999999999996,3.9586992642158745e-34,3.6073647045167146e-32,27.0
1,1,9,10,28.513154858766505,7.1294488030009965e-12,7.245302346049763e-10,28.51
1,1,9,11,30.049958402633436,1.95697702794234e-12,2.208937820289916e-10,30.05
1,1,9,12,31.60696125855821,3.5350707878795404e-12,4.414419646364575e-10,31.61
1,1,9,13,33.18132004607411,2.351999105063457e-12,3.236938768343582e-10,33.18
1,1,9,14,34.77067730142742,2.420671551952129e-12,3.658239882887655e-10,34.77
1,1,9,15,36.37306695894642,1.9752894771483672e-12,3.2666349728341114e-10,36.37
1,1,9,16,37.98683982644515,1.8133748108183844e-12,3.2708748150136595e-10,37.99
1,1,9,17,39.61060464067671,1.5998012298858239e-12,3.1376101621135713e-10,39.61
1,1,9,18,41.243181254602554,1.493491494595125e-12,3.1755362903828833e-10,41.24
1,1,9,19,42.88356328478313,1.4262755845688432e-12,3.2786510000276275e-10,42.88
1,1,9,20,44.53088815642464,1.4286673619939623e-12,3.541309223542534e-10,44.53
1,1,9,21,46.184412955021955,1.4899498877400177e-12,3.972578888186822e-10,46.18
1,1,9,22,47.84349485562274,1.6061787166820648e-12,4.595678853106556e-10,47.84
1,1,9,23,49.50757517794625,1.801027353940807e-12,5.517897555636147e-10,49.51
1,1,10,-23,34.59768778401238,6.297248712072492e-13,9.422258385438462e-11,34.6
1,1,10,-22,33.0454232837166,4.1692841001324665e-13,5.691072796680813e-11,33.05
1,1,10,-21,31.511902513177457,1.1776586194084126e-12,1.461768761340692e-10,31.51
1,1,10,-20,29.999999999999996,1.5174005371306852e-14,1.7070756042720204e-12,30.0
1,1,10,-19,28.5131548587665,6.212337964103084e-12,6.313288456019757e-10,28.51
1,1,10,-18,27.055498516937362,1.0550144703863237e-11,9.653382404034858e-10,27.06
1,1,10,-17,25.63201123595259,1.274027039434922e-10,1.0462947061359292e-08,25.63
1,1,10,-16,24.248711305964278,6.424738798834755e-10,4.722183017143543e-08,24.25
1,1,10,-15,22.912878474779195,4.116800873987766e-09,2.7016505735544706e-07,22.91
1,1,10,-14,21.63330765278393,1.9599840222371472e-08,1.1465906530087306e-06,21.63
1,1,10,-13,20.420577856662135,8.026629373825284e-08,4.183880561106428e-06,20.42
1,1,10,-12,19.287301521985906,2.5068814300340657e-07,1.16569986496584e-05,19.29
1,1,10,-11,18.248287590894655,5.963646320956952e-07,2.4823677810983304e-05,18.25
1,1,10,-10,17.32050807568877,1.025094446887358e-06,3.8441041758275914e-05,17.32
1,1,10,-9,16.5227116418583,1.2217440610117718e-06,4.169201608202669e-05,16.52
1,1,10,-8,15.874507866387543,9.225875418490986e-07,2.9061507568246603e-05,15.87
1,1,10,-7,15.39480431834065,4.0021250816393963e-07,1.185629555435671e-05,15.39
1,1,10,-6,15.099668870541496,7.948664988941102e-08,2.265369521848213e-06,15.1
1,1,10,-5,14.999999999999998,1.2845138091420904e-14,3.6126950882121283e-13,15.0
1,1,10,-4,15.099668870541498,7.961983460681439e-08,2.2691652862942096e-06,15.1
1,1,10,-3,15.394804318340652,4.0054558970745204e-07,1.1866163095083267e-05,15.39
1,1,10,-2,15.874507866387543,9.231725296755798e-07,2.907993468478076e-05,15.87
1,1,10,-1,16.522711641858304,1.2225273479799874e-06,4.171874574981706e-05,16.52
1,1,10,0,17.32050807568877,1.0259152294038129e-06,3.8471821102642975e-05,17.32
1,1,10,1,18.248287590894655,5.970586881905035e-07,2.48525678959297e-05,18.25
1,1,10,2,19.28730152198591,2.511674496673776e-07,1.1679286409533058e-05,19.29
1,1,10,3,20.420577856662135,8.05423619312258e-08,4.1982706156651436e-06,20.42
1,1,10,4,21.633307652783934,1.97320850241627e-08,1.1543269739135179e-06,21.63
1,1,10,5,22.9128784747792,4.172625077012516e-09,2.738285206789463e-07,22.91
1,1,10,6,24.248711305964278,6.617600881874055e-10,4.863936648177429e-08,24.25
1,1,10,7,25.632011235952593,1.3452067792440296e-10,1.1047510674541593e-08,25.63
1,1,10,8,27.055498516937362,1.2180347196791934e-11,1.1145017685064616e-09,27.06
1,1,10,9,28.5131548587665,7.129448803029297e-12,7.245302346078521e-10,28.51
1,1,10,10,29.999999999999996,1.8912144942084726e-34,2.1276163059845311e-32,30.0
1,1,10,11,31.511902513177457,1.3595718284833538e-12,1.6875685321049625e-10,31.51
1,1,10,12,33.04542328371661,3.5447774803677434e-13,4.8386212607019686e-11,33.05
1,1,10,13,34.597687784012386,6.780714910914816e-13,1.0145644685456294e-10,34.6
1,1,10,14,36.16628264005024,4.575749659049034e-13,7.481350692545168e-11,36.17
1,1,10,15,37.749172176353746,4.981139953488261e-13,8.872655542150964e-11,37.75
1,1,10,16,39.344631145812,4.294440103017858e-13,8.309741599339554e-11,39.34
1,1,10,17,40.951190458886536,4.218224044950578e-13,8.842452154227648e-11,40.95
1,1,10,18,42.567593307585526,3.986868541208445e-13,9.030257245837128e-11,42.57
1,1,10,19,44.1927595879687,3.976476060894544e-13,9.707572183658804e-11,44.19
1,1,10,20,45.8257569495584,3.9999598502595375e-13,1.0499894606931284e-10,45.83
1,1,10,21,47.46577714522327,4.185695189353957e-13,1.1787964077018082e-10,47.47
1,1,10,22,49.11211663123469,4.3602457941311854e-13,1.314614106930552e-10,49.11
1,1,10,23,50.764160585988215,4.849329334669938e-13,1.5620902119305534e-10,50.76
1,1,11,-23,34.510867853474785,2.19027677451005e-13,3.260774548051835e-11,34.51
1,1,11,-22,32.99999999999999,9.470571468530727e-15,1.2891815411537447e-12,33.0
1,1,11,-21,31.511902513177457,1.0304311773733847e-12,1.2790226989147134e-10,31.51
1,1,11,-20,30.049958402633436,1.3872506244904516e-12,1.565859142393597e-10,30.05
1,1,11,-19,28.618176042508367,1.7931463413626354e-11,1.8357335669699977e-09,28.62
1,1,11,-18,27.221315177632395,8.308757912162605e-11,7.69598701614061e-09,27.22
1,1,11,-17,25.86503431275512,5.445961805298839e-10,4.554185559681153e-08,25.87
1,1,11,-16,24.55605831561735,2.715938047812733e-09,2.0471383035388474e-07,24.56
1,1,11,-15,23.302360395462085,1.2387631093378806e-08,8.408104604630863e-07,23.3
1,1,11,-14,22.113344387495978,4.506690942530201e-08,2.754714838621585e-06,22.11
1,1,11,-13,20.999999999999996,1.3204056532310873e-07,7.278736163436366e-06,21.0
1,1,11,-12,19.974984355438178,2.9638614768100593e-07,1.4782259115590168e-05,19.97
1,1,11,-11,19.052558883257646,4.984120656926026e-07,2.2615447480801836e-05,19.05
1,1,11,-10,18.24828759089466,5.963646320957076e-07,2.4823677810983826e-05,18.25
1,1,11,-9,17.578395831246944,4.850560908351514e-07,1.8735291508507718e-05,17.58
1,1,11,-8,17.05872210923198,2.4854963483883037e-07,9.040992967262452e-06,17.06
1,1,11,-7,16.703293088490064,7.197481563967839e-08,2.5101216954337833e-06,16.7
1,1,11,-6,16.522711641858304,1.3290830939549476e-08,4.5354960581212574e-07,16.52
1,1,11,-5,16.522711641858304,1.3301477841915612e-08,4.5391293135537014e-07,16.52
1,1,11,-4,16.703293088490067,7.204964718576394e-08,2.512731445603518e-06,16.7
1,1,11,-3,17.05872210923198,2.487837736200313e-07,9.049509765428638e-06,17.06
1,1,11,-2,17.578395831246944,4.855177675548377e-07,1.8753123771805605e-05,17.58
1,1,11,-1,18.24828759089466,5.970222961402115e-07,2.4851053076836305e-05,18.25
1,1,11,0,19.05255888325765,4.991345153000746e-07,2.2648228631740887e-05,19.05
1,1,11,1,19.974984355438178,2.970186340605055e-07,1.481380437376771e-05,19.97
1,1,11,2,21.0,1.324949447150198e-07,7.3037838274154664e-06,21.0
1,1,11,3,22.11334438749598,4.5337954027073804e-08,2.7712824399048865e-06,22.11
1,1,11,4,23.302360395462085,1.2525202335557146e-08,8.501481085259411e-07,23.3
1,1,11,5,24.55605831561735,2.7750269522960192e-09,2.0916765652931246e-07,24.56
1,1,11,6,25.865034312755125,5.675811623634929e-10,4.7463974702647095e-08,25.87
1,1,11,7,27.2213151776324,9.04907792394696e-11,8.381708427055872e-09,27.22
1,1,11,8,28.61817604250837,2.0611300112073223e-11,2.110081848973496e-09,28.62
1,1,11,9,30.04995840263344,1.9569770279573156e-12,2.2089378203068201e-10,30.05
1,1,11,10,31.511902513177457,1.3595718284642636e-12,1.687568532081267e-10,31.51
1,1,11,11,33.0,5.439357764759719e-35,7.404325757279167e-33,33.0
1,1,11,12,34.51086785347479,2.783126175218396e-13,4.143379093356386e-11,34.51
1,1,11,13,36.04164258188019,7.162533621167709e-14,1.1630163967371062e-11,36.04
1,1,11,14,37.589892258425,1.434966126895659e-13,2.534508921629458e-11,37.59
1,1,11,15,39.15354390090378,9.93383629852683e-14,1.903571380705203e-11,39.15
1,1,11,16,40.7308237088326,1.1294880849625514e-13,2.342275916191091e-11,40.73
1,1,11,17,42.32020793899765,1.0176842851912956e-13,2.2783406934720124e-11,42.32
1,1,11,18,43.92038251199549,1.0411595149581177e-13,2.5104958804427603e-11,43.92
1,1,11,19,45.53020975132884,1.0263417194362188e-13,2.659507980489102e-11,45.53
1,1,11,20,47.148700936505136,1.0392138568925742e-13,2.8877155048402413e-11,47.15
1,1,11,21,48.77499359302879,1.0903943353262844e-13,3.2425601546765375e-11,48.77
1,1,11,22,50.40833264451424,1.0622945362274421e-13,3.374113020692413e-11,50.41
1,1,11,23,52.04805471869241,1.29038952196185e-13,4.369581518743314e-11,52.05
1,1,12,-23,34.510867853474785,1.6891869506369103e-13,2.514777072760699e-11,34.51
1,1,12,-22,33.0454232837166,1.6917754450116074e-13,2.3092734824408426e-11,33.05
1,1,12,-21,31.60696125855821,2.5787797784181348e-12,3.2202512482996446e-10,31.61
1,1,12,-20,30.199337741082996,1.1030534843407504e-11,1.257480972148455e-09,30.2
1,1,12,-19,28.827070610799144,7.388197034610783e-11,7.674489669701948e-09,28.83
1,1,12,-18,27.495454169735037,3.753129718703067e-10,3.546707584174398e-08,27.5
1,1,12,-17,26.21068484416231,1.8419811762773501e-09,1.581801335128174e-07,26.21
1,1,12,-16,24.97999199359359,7.462640223813724e-09,5.820859374574703e-07,24.98
1,1,12,-15,23.811761799581312,2.5473787591846556e-08,1.8054546955721242e-06,23.81
1,1,12,-14,22.71563338320109,6.957110567265075e-08,4.487336315885972e-06,22.72
1,1,12,-13,21.702534414210703,1.499430644569474e-07,8.827897919902777e-06,21.7
1,1,12,-12,20.784609690826525,2.455141467244927e-07,1.32577639231226e-05,20.78
1,1,12,-11,19.974984355438178,2.9638614768100636e-07,1.478225911559019e-05,19.97
1,1,12,-10,19.28730152198591,2.5068814300341404e-07,1.1656998649658753e-05,19.29
1,1,12,-9,18.734993995195193,1.3863746537813765e-07,6.082718793465789e-06,18.73
1,1,12,-8,18.33030277982336,4.499160670843654e-08,1.8896474817543348e-06,18.33
1,1,12,-7,18.083141320025128,6.930674947267523e-09,2.832913384695601e-07,18.08
1,1,12,-6,18.0,1.7904265483823107e-14,7.251227520948358e-13,18.0
1,1,12,-5,18.083141320025124,6.977947198267093e-09,2.852235917291674e-07,18.08
1,1,12,-4,18.330302779823363,4.5131576126355465e-08,1.8955261973069302e-06,18.33
1,1,12,-3,18.734993995195193,1.3893742559309409e-07,6.095879547897002e-06,18.73
1,1,12,-2,19.28730152198591,2.511844461519657e-07,1.1680076746066404e-05,19.29
1,1,12,-1,19.97498435543818,2.9703772591676983e-07,1.48147565800989e-05,19.97
1,1,12,0,20.784609690826528,2.4620628024406083e-07,1.3295139133179284e-05,20.78
1,1,12,1,21.702534414210707,1.5054819458426252e-07,8.863524956148456e-06,21.7
1,1,12,2,22.715633383201094,7.001094213169624e-08,4.515705767494407e-06,22.72
1,1,12,3,23.811761799581316,2.574377134849061e-08,1.824589794324272e-06,23.81
1,1,12,4,24.979991993593593,7.603235882477594e-09,5.930523988332524e-07,24.98
1,1,12,5,26.210684844162316,1.905623572472687e-09,1.6364542428609203e-07,26.21
1,1,12,6,27.49545416973504,4.0009556746446856e-10,3.780903112539228e-08,27.5
1,1,12,7,28.827070610799147,8.28624565547656e-11,8.607337674626277e-09,28.83
1,1,12,8,30.199337741082996,1.373434267879137e-11,1.5657150653822158e-09,30.2
1,1,12,9,31.606961258558215,3.535070787888442e-12,4.4144196463756915e-10,31.61
1,1,12,10,33.04542328371661,3.5447774803465636e-13,4.8386212606730586e-11,33.05
1,1,12,11,34.510867853474785,2.7831261751869364e-13,4.143379093309549e-11,34.51
1,1,12,12,36.0,3.09201748329862e-35,5.0090683229437646e-33,36.0
1,1,12,13,37.5099986670221,6.060332213075579e-14,1.0658609279746674e-11,37.51
1,1,12,14,39.038442591886266,1.5746105095398448e-14,2.999633020673404e-12,39.04
1,1,12,15,40.58324777540604,3.2491477228852406e-14,6.6891828744899874e-12,40.58
1,1,12,16,42.14261501141095,2.3021491595191393e-14,5.110771134132488e-12,42.14
1,1,12,17,43.71498598878878,2.6893845272773285e-14,6.424267289533717e-12,43.71
1,1,12,18,45.2990066116245,2.4644662638536606e-14,6.321355966784639e-12,45.3
1,1,12,19,46.89349635077341,2.6108476851523653e-14,7.176567574562561e-12,46.89
1,1,12,20,48.49742261192856,2.4834399204828968e-14,7.301313366219717e-12,48.5
1,1,12,21,50.10987926547019,2.8400975849097717e-14,8.914356294635544e-12,50.11
1,1,12,22,51.73006862551024,2.17827595853996e-14,7.286333081316164e-12,51.73
1,1,12,23,53.35728628781639,4.2460029364422434e-14,1.511046295006383e-11,53.36
1,1,13,-23,34.59768778401238,3.5995861743947325e-13,5.385880813438116e-11,34.6
1,1,13,-22,33.18132004607411,1.426935189343499e-12,1.96381955433399e-10,33.18
1,1,13,-21,31.79622619116929,1.0039092772888905e-11,1.2686903491738352e-09,31.8
1,1,13,-20,30.446674695276656,5.1540865669412e-11,5.972297809443114e-09,30.45
1,1,13,-19,29.137604568666926,2.677267728123593e-10,2.841250376471162e-08,29.14
1,1,13,-18,27.874719729532703,1.1730193088896531e-09,1.1392950037590752e-07,27.87
1,1,13,-17,26.664583251946762,4.493464975091978e-09,3.993566996612994e-07,26.66
1,1,13,-16,25.514701644346147,1.4243316154434785e-08,1.1590498520671306e-06,25.51
1,1,13,-15,24.433583445741228,3.705723642322585e-08,2.765396268083228e-06,24.43
1,1,13,-14,23.43074902771996,7.666239733476613e-08,5.260957017098324e-06,23.43
1,1,13,-13,22.516660498395403,1.2354683673417708e-07,7.829780778028473e-06,22.52
1,1,13,-12,21.702534414210703,1.4994306445694323e-07,8.82789791990253e-06,21.7
1,1,13,-11,20.999999999999996,1.320405653231059e-07,7.2787361634362096e-06,21.0
1,1,13,-10,20.420577856662135,8.026629373825777e-08,4.1838805611066855e-06,20.42
1,1,13,-9,19.974984355438178,3.193586371831036e-08,1.5928012029507288e-06,19.97
1,1,13,-8,19.672315572906,7.956518204163968e-09,3.848965681264319e-07,19.67
1,1,13,-7,19.519221295943133,1.6435618253251254e-09,7.827463193110908e-08,19.52
1,1,13,-6,19.519221295943133,1.6483832480209752e-09,7.850425218699893e-08,19.52
1,1,13,-5,19.672315572905998,7.988988448203683e-09,3.86467316181853e-07,19.67
1,1,13,-4,19.974984355438178,3.204811132261795e-08,1.5983995522155702e-06,19.97
1,1,13,-3,20.420577856662135,8.052601438698512e-08,4.197418499921598e-06,20.42
1,1,13,-2,20.999999999999996,1.324858295304129e-07,7.3032813528640085e-06,21.0
1,1,13,-1,21.702534414210707,1.5053854261362243e-07,8.862956696377022e-06,21.7
1,1,13,0,22.516660498395403,1.2418905049256975e-07,7.870481074966607e-06,22.52
1,1,13,1,23.430749027719962,7.723268295521871e-08,5.300092867801883e-06,23.43
1,1,13,2,24.43358344574123,3.748122288515659e-08,2.7970362578048102e-06,24.43
1,1,13,3,25.514701644346147,1.4509649593683455e-08,1.1807227356859912e-06,25.51
1,1,13,4,26.664583251946766,4.636897428601691e-09,4.121042589669753e-07,26.66
1,1,13,5,27.874719729532707,1.2394602075872755e-09,1.2038257266191414e-07,27.87
1,1,13,6,29.13760456866693,2.9493488778172613e-10,3.129996496583569e-08,29.14
1,1,13,7,30.446674695276656,6.124055978910575e-11,7.096249865562627e-09,30.45
1,1,13,8,31.79622619116929,1.3335608860209831e-11,1.6852875697090173e-09,31.8
1,1,13,9,33.18132004607411,2.3519991050582647e-12,3.236938768336436e-10,33.18
1,1,13,10,34.597687784012386,6.780714910928351e-13,1.0145644685476545e-10,34.6
1,1,13,11,36.04164258188019,7.162533620785417e-14,1.1630163966750314e-11,36.04
1,1,13,12,37.5099986670221,6.060332212608783e-14,1.0658609278925697e-11,37.51
1,1,13,13,39.0,5.895798037566964e-35,1.120938601892419e-32,39.0
1,1,13,14,40.50925820105818,1.3754232393372543e-14,2.821336919690542e-12,40.51
1,1,13,15,42.035699113967404,3.633097406732754e-15,8.02460389712097e-13,42.04
1,1,13,16,43.57751713900185,7.573425404866844e-15,1.7977418554802669e-12,43.58
1,1,13,17,45.13313638558703,5.498319758843261e-15,1.400009668595465e-12,45.13
1,1,13,18,46.70117771534247,6.315537573204291e-15,1.7217734308948198e-12,46.7
1,1,13,19,48.28043081829323,6.276828977551904e-15,1.8289110433341856e-12,48.28
1,1,13,20,49.86983055916673,5.476768252590543e-15,1.7025903305240847e-12,49.87
1,1,13,21,51.46843692983108,8.462046767827595e-15,2.801995235996912e-12,51.47
1,1,13,22,53.07541803886239,2.13399995035742e-15,7.514347325196062e-13,53.08
1,1,13,23,54.69003565550126,2.700129784475336e-14,1.009511023170716e-11,54.69
1,1,14,-23,34.77067730142741,1.2959485636520006e-12,1.958502266819085e-10,34.77
1,1,14,-22,33.40658617698013,6.797924530046096e-12,9.483104719414302e-10,33.41
1,1,14,-21,32.078029864690876,3.759200849402808e-11,4.835272092544361e-09,32.08
1,1,14,-20,30.7896086366813,1.7605773915396205e-10,2.0862842089744496e-08,30.79
1,1,14,-19,29.546573405388312,7.409316560878464e-10,8.085416697058623e-08,29.55
1,1,14,-18,28.354893757515647,2.6424686187025754e-09,2.655680961796088e-07,28.35
1,1,14,-17,27.221315177632395,7.96995897213794e-09,7.382174497942764e-07,27.22
1,1,14,-16,26.15339366124404,1.975727505387543e-08,1.6892470171063488e-06,26.15
1,1,14,-15,25.159491250818245,3.965969370112891e-08,3.1380732641018244e-06,25.16
1,1,14,-14,24.248711305964278,6.284198170521082e-08,4.618885655332993e-06,24.25
1,1,14,-13,23.430749027719962,7.666239733476e-08,5.260957017097905e-06,23.43
1,1,14,-12,22.71563338320109,6.957110567264892e-08,4.487336315885854e-06,22.72
1,1,14,-11,22.113344387495978,4.506690942529964e-08,2.75471483862144e-06,22.11
1,1,14,-10,21.633307652783937,1.959984022237163e-08,1.1465906530087406e-06,21.63
1,1,14,-9,21.283796653792763,5.237271476904807e-09,2.9656049737973467e-07,21.28
1,1,14,-8,21.071307505705477,7.015377339568654e-10,3.8935344234606025e-08,21.07
1,1,14,-7,21.0,2.1709025659733133e-14,1.196710039492789e-12,21.0
1,1,14,-6,21.071307505705477,7.185045187067943e-10,3.987700078822708e-08,21.07
1,1,14,-5,21.283796653792763,5.293712538437147e-09,2.9975647248900344e-07,21.28
1,1,14,-4,21.633307652783937,1.974122008817583e-08,1.1548613751582862e-06,21.63
1,1,14,-3,22.11334438749598,4.534683848586129e-08,2.7718255024482717e-06,22.11
1,1,14,-2,22.71563338320109,7.00156137283962e-08,4.516007085481554e-06,22.72
1,1,14,-1,23.430749027719962,7.723738043991013e-08,5.300415232688831e-06,23.43
1,1,14,0,24.24871130596428,6.345568786838399e-08,4.663993058326223e-06,24.25
1,1,14,1,25.159491250818245,4.020706136389268e-08,3.1813837304180076e-06,25.16
1,1,14,2,26.153393661244042,2.0169077133148237e-08,1.7244560948841742e-06,26.15
1,1,14,3,27.2213151776324,8.234024284530537e-09,7.626764993546409e-07,27.22
1,1,14,4,28.354893757515647,2.7876358117687357e-09,2.8015739908275785e-07,28.35
1,1,14,5,29.546573405388315,8.102706516431924e-10,8.842078486056338e-08,29.55
1,1,14,6,30.789608636681304,2.0488455114200007e-10,2.4278819310327008e-08,30.79
1,1,14,7,32.078029864690876,4.8349679026099095e-11,6.2189774647319945e-09,32.08
1,1,14,8,33.40658617698013,1.032191974656477e-11,1.4399078046457852e-09,33.41
1,1,14,9,34.77067730142742,2.4206715519768685e-12,3.6582398829250423e-10,34.77
1,1,14,10,36.16628264005025,4.575749659268046e-13,7.481350692903254e-11,36.17
1,1,14,11,37.589892258425,1.4349661269547343e-13,2.5345089217337994e-11,37.59
1,1,14,12,39.038442591886266,1.574610510100995e-14,2.999633021742395e-12,39.04
1,1,14,13,40.50925820105819,1.3754232391066013e-14,2.821336919217416e-12,40.51
1,1,14,14,42.0,2.7693748958299557e-35,6.106471645305052e-33,42.0
1,1,14,15,43.50861983561418,3.189561931289548e-15,7.54730091991389e-13,43.51
1,1,14,16,45.033320996790806,8.441433381627943e-16,2.1399033622426833e-13,45.03
1,1,14,17,46.57252408878007,1.8203487934138744e-15,4.935420666143367e-13,46.57
1,1,14,18,48.124837662063854,1.2036611026663833e-15,3.484598892219179e-13,48.12
1,1,14,19,49.68903299521938,1.825319565697211e-15,5.633392509633018e-13,49.69
1,1,14,20,51.264022471905186,7.642790225768814e-16,2.5106565891650554e-13,51.26
1,1,14,21,52.84884104689524,4.224504542289238e-15,1.4748801483267297e-12,52.85
1,1,14,22,54.4426303552648,9.399994631044903e-16,3.4826980108021364e-13,54.44
1,1,14,23,56.04462507680821,4.60070493505878e-14,1.8063517751274534e-11,56.04
1,1,15,-23,35.02855977627398,4.864348467346375e-12,7.460694461792499e-10,35.03
1,1,15,-22,33.719430600174725,2.4617346683614936e-11,3.4987403974087715e-09,33.72
1,1,15,-21,32.4499614791759,1.1376673338570948e-10,1.4974546281894005e-08,32.45
1,1,15,-20,31.224989991991986,4.50496937432944e-10,5.4904314249640026e-08,31.22
1,1,15,-19,30.049958402633436,1.5391312116138762e-09,1.7372943551091624e-07,30.05
1,1,15,-18,28.93095228297886,4.422166845060634e-09,4.6266920616446874e-07,28.93
1,1,15,-17,27.874719729532703,1.0579823412953651e-08,1.027565348983123e-06,27.87
1,1,15,-16,26.8886593194975,2.0658221913463845e-08,1.8669868054292945e-06,26.89
1,1,15,-15,25.980762113533157,3.235002464947977e-08,2.729533329799855e-06,25.98
1,1,15,-14,25.159491250818245,3.96596937011233e-08,3.1380732641013806e-06,25.16
1,1,15,-13,24.43358344574123,3.7057236423227154e-08,2.765396268083326e-06,24.43
1,1,15,-12,23.811761799581312,2.5473787591844792e-08,1.8054546955719992e-06,23.81
1,1,15,-11,23.302360395462085,1.2387631093379282e-08,8.408104604631186e-07,23.3
1,1,15,-10,22.9128784747792,4.116800873985723e-09,2.70165057355313e-07,22.91
1,1,15,-9,22.649503305812242,9.641328351945092e-10,6.182501805684786e-08,22.65
1,1,15,-8,22.5166604983954,2.3849686643444497e-10,1.511473891028294e-08,22.52
1,1,15,-7,22.516660498395403,2.4068843271669756e-10,1.5253629423420706e-08,22.52
1,1,15,-6,22.649503305812246,9.77845504761725e-10,6.27043429928456e-08,22.65
1,1,15,-5,22.912878474779195,4.167110979611426e-09,2.734666580369997e-07,22.91
1,1,15,-4,23.302360395462085,1.2519988856599142e-08,8.497942436416666e-07,23.3
1,1,15,-3,23.811761799581312,2.5739143806627218e-08,1.8242618172947037e-06,23.81
1,1,15,-2,24.433583445741228,3.747891903757872e-08,2.796864333179311e-06,24.43
1,1,15,-1,25.159491250818245,4.020485190793247e-08,3.181208907215156e-06,25.16
1,1,15,0,25.980762113533157,3.293422398842916e-08,2.7788251490237098e-06,25.98
1,1,15,1,26.8886593194975,2.1183658351376434e-08,1.9144731235056444e-06,26.89
1,1,15,2,27.874719729532707,1.0980650489792458e-08,1.0664956788210924e-06,27.87
1,1,15,3,28.930952282978865,4.683380604840803e-09,4.89998695781469e-07,28.93
1,1,15,4,30.049958402633436,1.6858522882753931e-09,1.9029057703908498e-07,30.05
1,1,15,5,31.224989991991986,5.218687127512157e-10,6.360274936655439e-08,31.22
1,1,15,6,32.4499614791759,1.442538861370551e-10,1.8987417762789867e-08,32.45
1,1,15,7,33.719430600174725,3.605905041281817e-11,5.12489253992178e-09,33.72
1,1,15,8,35.02855977627399,8.7709563982536e-12,1.345245437582146e-09,35.03
1,1,15,9,36.37306695894642,1.975289477123494e-12,3.266634972792977e-10,36.37
1,1,15,10,37.749172176353746,4.981139953540725e-13,8.872655542244415e-11,37.75
1,1,15,11,39.153543900903784,9.933836297724234e-14,1.9035713805514064e-11,39.15
1,1,15,12,40.58324777540604,3.2491477220754036e-14,6.6891828728227354e-12,40.58
1,1,15,13,42.0356991139674,3.633097406939792e-15,8.024603897578263e-13,42.04
1,1,15,14,43.508619835614184,3.1895619307421723e-15,7.547300918618666e-13,43.51
1,1,15,15,44.99999999999999,3.855139844539474e-35,9.75832273149054e-33,45.0
1,1,15,16,46.508063816933934,7.348352498586851e-16,1.9868108068054195e-13,46.51
1,1,15,17,48.03123983409131,2.1865298054024103e-16,6.3054053263292e-14,48.03
1,1,15,18,49.56813492557491,3.3108474890705095e-16,1.0168440350807798e-13,49.57
1,1,15,19,51.117511676528224,5.84325429362087e-16,1.9085529336539165e-13,51.12
1,1,15,20,52.67826876426369,1.591824762749991e-19,5.52164214578903e-17,52.68
1,1,15,21,54.24942396007536,4.99092172111592e-15,1.8360353281555184e-12,54.25
1,1,15,22,55.83009940883142,1.4829236503647882e-14,5.777841272733803e-12,55.83
1,1,15,23,57.41950887982237,1.455585417065653e-13,5.998831400081822e-11,57.42
1,1,16,-23,35.36947836765478,1.553314848106404e-11,2.4289960937263882e-09,35.37
1,1,16,-22,34.11744421846395,6.907636934386648e-11,1.0050611739532567e-08,34.12
1,1,16,-21,32.90896534380867,2.6683678587094486e-10,3.612302988727916e-08,32.91
1,1,16,-20,31.749015732775085,8.759588698563181e-10,1.1037081760189607e-07,31.75
1,1,16,-19,30.643106892089122,2.4356015847001153e-09,2.85878736004176e-07,30.64
1,1,16,-18,29.59729717389748,5.650490715582143e-09,6.187287333562445e-07,29.6
1,1,16,-17,28.618176042508367,1.0810080344271293e-08,1.1066819752447735e-06,28.62
1,1,16,-16,27.712812921102035,1.6757820578310338e-08,1.608750775517792e-06,27.71
1,1,16,-15,26.8886593194975,2.0658221913462545e-08,1.866986805429177e-06,26.89
1,1,16,-14,26.15339366124404,1.9757275053873563e-08,1.6892470171061894e-06,26.15
1,1,16,-13,25.514701644346147,1.424331615443497e-08,1.1590498520671456e-06,25.51
1,1,16,-12,24.97999199359359,7.462640223813975e-09,5.820859374574899e-07,24.98
1,1,16,-11,24.55605831561735,2.7159380478148682e-09,2.047138303540457e-07,24.56
1,1,16,-10,24.24871130596428,6.424738798843244e-10,4.7221830171497844e-08,24.25
1,1,16,-9,24.062418831031927,8.203043110580326e-11,5.93695245128251e-09,24.06
1,1,16,-8,24.0,2.2706778384202068e-14,1.6348880436625489e-12,24.0
1,1,16,-7,24.06241883103193,8.817809478972269e-11,6.3818896104061795e-09,24.06
1,1,16,-6,24.248711305964278,6.644583834151982e-10,4.883769118101705e-08,24.25
1,1,16,-5,24.55605831561735,2.7782062599928535e-09,2.0940729684696133e-07,24.56
1,1,16,-4,24.979991993593593,7.606012336491312e-09,5.932689622463223e-07,24.98
1,1,16,-3,25.514701644346147,1.4511946927460787e-08,1.1809096812221215e-06,25.51
1,1,16,-2,26.15339366124404,2.017016872174639e-08,1.724549425709316e-06,26.15
1,1,16,-1,26.888659319497503,2.118466475384808e-08,1.91456407712902e-06,26.89
1,1,16,0,27.712812921102035,1.73203567973462e-08,1.662754252545235e-06,27.71
1,1,16,1,28.618176042508367,1.1318633381125137e-08,1.1587450923926859e-06,28.62
1,1,16,2,29.597297173897484,6.042248051656994e-09,6.616261616564409e-07,29.6
1,1,16,3,30.64310689208912,2.6945953235431016e-09,3.1627812610087146e-07,30.64
1,1,16,4,31.749015732775085,1.0236529007702867e-09,1.289802654970561e-07,31.75
1,1,16,5,32.90896534380867,3.400630524092645e-10,4.6036035719904185e-08,32.91
1,1,16,6,34.11744421846396,1.0077142331647173e-10,1.4662242092546635e-08,34.12
1,1,16,7,35.369478367654786,2.7689776562199197e-11,4.329988809913899e-09,35.37
1,1,16,8,36.66060555964672,7.099905991583103e-12,1.1927842065859614e-09,36.66
1,1,16,9,37.986839826445156,1.8133748108114317e-12,3.2708748150011194e-10,37.99
1,1,16,10,39.344631145812,4.29444010305964e-13,8.309741599420402e-11,39.34
1,1,16,11,40.730823708832595,1.1294880849322441e-13,2.3422759161282407e-11,40.73
1,1,16,12,42.14261501141095,2.3021491599245715e-14,5.110771135032548e-12,42.14
1,1,16,13,43.57751713900185,7.573425404433307e-15,1.797741855377356e-12,43.58
1,1,16,14,45.033320996790806,8.441433383920144e-16,2.1399033628237562e-13,45.03
1,1,16,15,46.50806381693394,7.348352509693365e-16,1.9868108098083436e-13,46.51
1,1,16,16,48.0,4.56248061362256e-36,1.3139944167232973e-33,48.0
1,1,16,17,49.50757517794625,1.9208513409931327e-16,5.885008295967709e-14,49.51
1,1,16,18,51.02940328869229,1.1548115998428786e-17,3.75891175748857e-15,51.03
1,1,16,19,52.56424640380569,4.58774894459861e-16,1.5844937917407445e-13,52.56
1,1,16,20,54.110997033874725,7.403198240381952e-16,2.709570555979794e-13,54.11
1,1,16,21,55.66866263886712,1.2247539355653543e-14,4.744390557896291e-12,55.67
1,1,16,22,57.23635208501673,7.208141429595782e-14,2.9517339154194726e-11,57.24
1,1,16,23,58.813263810130444,5.221056247149387e-13,2.257454194861216e-10,58.81
1,1,17,-23,35.791060336346554,3.952740723165298e-11,6.329326082968431e-09,35.79
1,1,17,-22,34.59768778401238,1.5033347574813382e-10,2.249364630881451e-08,34.6
1,1,17,-21,33.45145736735546,4.85159016453672e-10,6.786161742645735e-08,33.45
1,1,17,-20,32.35737937472687,1.3178010643362711e-09,1.7246721429500944e-07,32.36
1,1,17,-19,31.320919526731647,2.998322236776644e-09,3.676692642847359e-07,31.32
1,1,17,-18,30.347981810987033,5.6505371288534454e-09,6.505180869592528e-07,30.35
1,1,17,-17,29.44486372867091,8.71347476355884e-09,9.44322827500689e-07,29.44
1,1,17,-16,28.61817604250837,1.0810080344274008e-08,1.1066819752450516e-06,28.62
1,1,17,-15,27.874719729532703,1.0579823412956823e-08,1.027565348983431e-06,27.87
1,1,17,-14,27.2213151776324,7.969958972135359e-09,7.382174497940375e-07,27.22
1,1,17,-13,26.664583251946766,4.493464975091486e-09,3.9935669966125585e-07,26.66
1,1,17,-12,26.210684844162312,1.8419811762770629e-09,1.5818013351279275e-07,26.21
1,1,17,-11,25.865034312755125,5.44596180529924e-10,4.554185559681489e-08,25.87
1,1,17,-10,25.632011235952593,1.2740270394348604e-10,1.0462947061358791e-08,25.63
1,1,17,-9,25.514701644346147,3.7767355757331977e-11,3.0733185747528896e-09,25.51
1,1,17,-8,25.514701644346147,3.872639801129116e-11,3.151360638168818e-09,25.51
1,1,17,-7,25.632011235952593,1.3300395226674544e-10,1.092294957990647e-08,25.63
1,1,17,-6,25.865034312755125,5.658424680958683e-10,4.731857639451699e-08,25.87
1,1,17,-5,26.210684844162312,1.9038504415477274e-09,1.6349315666791105e-07,26.21
1,1,17,-4,26.664583251946766,4.6354814807841786e-09,4.119784166046939e-07,26.66
1,1,17,-3,27.2213151776324,8.23292654477832e-09,7.62574821210092e-07,27.22
1,1,17,-2,27.874719729532707,1.0980150374519679e-08,1.0664471051252238e-06,27.87
1,1,17,-1,28.61817604250837,1.1318187306218899e-08,1.1586994254741597e-06,28.62
1,1,17,0,29.444863728670914,9.257015767625021e-09,1.0032290838163616e-06,29.44
1,1,17,1,30.34798181098703,6.1445535591362485e-09,7.073917284955603e-07,30.35
1,1,17,2,31.32091952673165,3.3824517377807124e-09,4.1477314434535987e-07,31.32
1,1,17,3,32.35737937472687,1.574645810424682e-09,2.0608177043933023e-07,32.36
1,1,17,4,33.45145736735546,6.336759373705867e-10,8.863542173971081e-08,33.45
1,1,17,5,34.597687784012386,2.249069097787397e-10,3.365169637564393e-08,34.6
1,1,17,6,35.79106033634656,7.229721014510373e-11,1.1576590774484734e-08,35.79
1,1,17,7,37.027017163147235,2.140706811988436e-11,3.668636299045182e-09,37.03
1,1,17,8,38.301436004411116,6.025601303924858e-12,1.104944639107221e-09,38.3
1,1,17,9,39.61060464067672,1.5998012298820184e-12,3.1376101621061086e-10,39.61
1,1,17,10,40.95119045888654,4.218224044970189e-13,8.842452154268759e-11,40.95
1,1,17,11,42.320207938997655,1.0176842851698409e-13,2.2783406934239817e-11,42.32
1,1,17,12,43.71498598878878,2.6893845268028488e-14,6.424267288400303e-12,43.71
1,1,17,13,45.13313638558703,5.498319757218672e-15,1.400009668181804e-12,45.13
1,1,17,14,46.57252408878007,1.8203487929763417e-15,4.935420664957106e-13,46.57
1,1,17,15,48.03123983409131,2.186529802766018e-16,6.305405318726503e-14,48.03
1,1,17,16,49.50757517794625,1.9208513383595583e-16,5.885008287899096e-14,49.51
1,1,17,17,51.0,7.177015452355134e-35,2.3334271489469628e-32,51.0
1,1,17,18,52.507142371300304,5.565775984298667e-18,1.9181055485889278e-15,52.51
1,1,17,19,54.0277706369604,4.465859086584053e-16,1.6294803342173564e-13,54.03
1,1,17,20,55.560777532356404,3.2622043752020466e-15,1.2588031132810898e-12,55.56
1,1,17,21,57.10516614107693,3.630306172257159e-14,1.479803553466324e-11,57.11
1,1,17,22,58.66003750424986,2.5774918311843785e-13,1.1086436738881808e-10,58.66
1,1,17,23,60.22457969965419,1.6616402889422721e-12,7.533461659992026e-10,60.22
1,1,18,-23,36.2904946232481,7.879930705742368e-11,1.2972335924328366e-08,36.29
1,1,18,-22,35.15679166249389,2.5538983060968283e-10,3.945772882919599e-08,35.16
1,1,18,-21,34.07345007480164,6.916037995166658e-10,1.0036900140485612e-07,34.07
1,1,18,-20,33.04542328371661,1.5615750296479584e-09,2.1315499154694627e-07,33.05
1,1,18,-19,32.078029864690876,2.927409498920395e-09,3.765380467986357e-07,32.08
1,1,18,-18,31.17691453623979,4.5128665710372396e-09,5.483132883810246e-07,31.18
1,1,18,-17,30.347981810987033,5.650537128852216e-09,6.505180869591112e-07,30.35
1,1,18,-16,29.59729717389748,5.650490715582814e-09,6.18728733356318e-07,29.6
1,1,18,-15,28.93095228297886,4.422166845060288e-09,4.626692061644325e-07,28.93
1,1,18,-14,28.354893757515647,2.64246861870378e-09,2.6556809617972985e-07,28.35
1,1,18,-13,27.874719729532703,1.1730193088890855e-09,1.139295003758524e-07,27.87
1,1,18,-12,27.495454169735037,3.753129718707402e-10,3.5467075841784946e-08,27.5
1,1,18,-11,27.2213151776324,8.308757912156388e-11,7.695987016134855e-09,27.22
1,1,18,-10,27.055498516937362,1.0550144703779029e-11,9.653382403957808e-10,27.06
1,1,18,-9,26.999999999999996,2.0239350239733688e-14,1.844310790595732e-12,27.0
1,1,18,-8,27.055498516937362,1.2752890464105119e-11,1.166889477465618e-09,27.06
1,1,18,-7,27.2213151776324,9.13503713685553e-11,8.461328148012434e-09,27.22
1,1,18,-6,27.495454169735037,4.0106588432002033e-10,3.790072606824191e-08,27.5
1,1,18,-5,27.874719729532703,1.2403806239072355e-09,1.204719680969902e-07,27.87
1,1,18,-4,28.354893757515647,2.788323379340634e-09,2.8022649962373364e-07,28.35
1,1,18,-3,28.930952282978865,4.683886388546418e-09,4.90051613401669e-07,28.93
1,1,18,-2,29.59729717389748,6.0424704154668e-09,6.616505104936144e-07,29.6
1,1,18,-1,30.34798181098703,6.14474697313444e-09,7.07413995282102e-07,30.35
1,1,18,0,31.17691453623979,5.041350779338283e-09,6.125241196896013e-07,31.18
1,1,18,1,32.078029864690876,3.4098511533537746e-09,4.3859210460012916e-07,32.08
1,1,18,2,33.04542328371661,1.939444958357202e-09,2.6473423681575803e-07,33.05
1,1,18,3,34.073450074801634,9.467355962674712e-10,1.373950034083167e-07,34.07
1,1,18,4,35.15679166249389,4.044256156942387e-10,6.248375762475987e-08,35.16
1,1,18,5,36.29049462324811,1.5448114631092103e-10,2.5431458711435372e-08,36.29
1,1,18,6,37.469987990390386,5.369950833338107e-11,9.424263712508376e-09,37.47
1,1,18,7,38.691084244306204,1.73288847931008e-11,3.2426675669089866e-09,38.69
1,1,18,8,39.949968710876355,5.219463176865818e-12,1.0412829037847304e-09,39.95
1,1,18,9,41.243181254602554,1.4934914946092797e-12,3.17553629041298e-10,41.24
1,1,18,10,42.567593307585526,3.9868685411180576e-13,9.030257245632401e-11,42.57
1,1,18,11,43.9203825119955,1.0411595149885525e-13,2.510495880516147e-11,43.92
1,1,18,12,45.29900661162449,2.464466263681992e-14,6.321355966344308e-12,45.3
1,1,18,13,46.70117771534246,6.315537573897401e-15,1.7217734310837783e-12,46.7
1,1,18,14,48.12483766206386,1.2036611027524932e-15,3.4845988924684677e-13,48.12
1,1,18,15,49.56813492557492,3.3108474888125554e-16,1.0168440350015561e-13,49.57
1,1,18,16,51.02940328869229,1.15481160399327e-17,3.758911770998094e-15,51.03
1,1,18,17,52.507142371300304,5.565776001441741e-18,1.9181055544968597e-15,52.51
1,1,18,18,53.99999999999999,8.21664837016129e-35,2.994968330923789e-32,54.0
1,1,18,19,55.50675634551166,5.593802213977118e-16,2.154313077657937e-13,55.51
1,1,18,20,57.02630971753301,8.531917241114474e-15,3.4682243585130335e-12,57.03
1,1,18,21,58.5576638878294,9.594458219004689e-14,4.112424654120884e-11,58.56
1,1,18,22,60.09991680526687,7.173404728028507e-13,3.2387922347048704e-10,60.1
1,1,18,23,61.652250567193406,4.25773370325779e-12,2.0229557257603573e-09,61.65
1,1,19,-23,36.86461718233352,1.2273657033419496e-10,2.084987488552136e-08,36.86
1,1,19,-22,35.791060336346554,3.415505189956923e-10,5.469077685418521e-08,35.79
1,1,19,-21,34.77067730142742,7.827065545057216e-10,1.1828652804967717e-07,34.77
1,1,19,-20,33.80828300875393,1.4803909261669905e-09,2.1151085357610873e-07,33.81
1,1,19,-19,32.90896534380867,2.3043604231707573e-09,3.1195279228674125e-07,32.91
1,1,19,-18,32.078029864690876,2.927409498919216e-09,3.7653804679848405e-07,32.08
1,1,19,-17,31.320919526731647,2.9983222367785816e-09,3.676692642849735e-07,31.32
1,1,19,-16,30.643106892089122,2.4356015846992418e-09,2.8587873600407347e-07,30.64
1,1,19,-15,30.049958402633436,1.5391312116130339e-09,1.737294355108212e-07,30.05
1,1,19,-14,29.546573405388312,7.409316560869903e-10,8.08541669704928e-08,29.55
1,1,19,-13,29.13760456866693,2.677267728121891e-10,2.8412503764693567e-08,29.14
1,1,19,-12,28.827070610799144,7.388197034597299e-11,7.674489669687942e-09,28.83
1,1,19,-11,28.618176042508367,1.7931463413661513e-11,1.8357335669735972e-09,28.62
1,1,19,-10,28.513154858766505,6.212337964024108e-12,6.3132884559395e-10,28.51
1,1,19,-9,28.5131548587665,6.604581701561754e-12,6.711906154212131e-10,28.51
1,1,19,-8,28.61817604250837,2.0115755885356674e-11,2.0593505087633893e-09,28.62
1,1,19,-7,28.827070610799147,8.232662236300785e-11,8.551677897957439e-09,28.83
1,1,19,-6,29.13760456866693,2.944073312916e-10,3.124397803332105e-08,29.14
1,1,19,-5,29.546573405388312,8.098116458062841e-10,8.837069584861074e-08,29.55
1,1,19,-4,30.04995840263344,1.6855300178098583e-09,1.902542007602878e-07,30.05
1,1,19,-3,30.64310689208912,2.6943686165653345e-09,3.16251516369356e-07,30.64
1,1,19,-2,31.32091952673165,3.3823550576215214e-09,4.1476128894083904e-07,31.32
1,1,19,-1,32.078029864690876,3.4097685002720587e-09,4.3858147334749346e-07,32.08
1,1,19,0,32.90896534380867,2.820542701275514e-09,3.818309681851727e-07,32.91
1,1,19,1,33.80828300875393,1.953450159298086e-09,2.7909919150971397e-07,33.81
1,1,19,2,34.77067730142742,1.1556113345433797e-09,1.7464176293286827e-07,34.77
1,1,19,3,35.79106033634656,5.952359137390009e-10,9.531215068745751e-08,35.79
1,1,19,4,36.864617182333525,2.721794496972597e-10,4.6236484017322e-08,36.86
1,1,19,5,37.986839826445156,1.1233029036961147e-10,2.0261576125418667e-08,37.99
1,1,19,6,39.153543900903784,4.246272656557902e-11,8.13691997812908e-09,39.15
1,1,19,7,40.36087214122113,1.479770507223092e-11,3.0131826953330207e-09,40.36
1,1,19,8,41.60528812542944,4.783129897263729e-12,1.0349497315204395e-09,41.61
1,1,19,9,42.883563284783136,1.4262755845434626e-12,3.278650999969285e-10,42.88
1,1,19,10,44.19275958796871,3.976476060770629e-13,9.707572183356299e-11,44.19
1,1,19,11,45.53020975132884,1.0263417194315884e-13,2.6595079804771036e-11,45.53
1,1,19,12,46.89349635077342,2.610847685228196e-14,7.176567574771004e-12,46.89
1,1,19,13,48.28043081829324,6.276828980637432e-15,1.8289110442332315e-12,48.28
1,1,19,14,49.68903299521937,1.825319566558242e-15,5.633392512290373e-13,49.69
1,1,19,15,51.11751167652823,5.843254297937128e-16,1.9085529350637145e-13,51.12
1,1,19,16,52.5642464038057,4.587748940699569e-16,1.5844937903941138e-13,52.56
1,1,19,17,54.02777063696039,4.465859094111716e-16,1.6294803369640123e-13,54.03
1,1,19,18,55.50675634551167,5.593802213841402e-16,2.1543130776056697e-13,55.51
1,1,19,19,56.99999999999999,7.662922961682204e-35,3.112104587813184e-32,57.0
1,1,19,20,58.50640990524029,1.0242251304867546e-14,4.3824032770702e-12,58.51
1,1,19,21,60.024994793835674,1.7846713529183377e-13,8.037713605705963e-11,60.02
1,1,19,22,61.55485358604957,1.4716843462521023e-12,6.970264984936518e-10,61.55
1,1,19,23,63.09516621738942,8.355076476420458e-12,4.157694931578729e-09,63.1
1,1,20,-23,37.509998667022096,1.489545819284019e-10,2.619738709665767e-08,37.51
1,1,20,-22,36.49657518178931,3.615855386424475e-10,6.020399218396748e-08,36.5
1,1,20,-21,35.53871128783371,7.098258178314955e-10,1.1206375099014729e-07,35.54
1,1,20,-20,34.64101615137754,1.1356725937713718e-09,1.7035088906570573e-07,34.64
1,1,20,-19,33.808283008753925,1.4803909261677348e-09,2.1151085357621498e-07,33.81
1,1,20,-18,33.0454232837166,1.5615750296481272e-09,2.1315499154696922e-07,33.05
1,1,20,-17,32.35737937472687,1.3178010643366032e-09,1.724672142950529e-07,32.36
1,1,20,-16,31.749015732775085,8.759588698550407e-10,1.1037081760173512e-07,31.75
1,1,20,-15,31.224989991991986,4.5049693743268554e-10,5.4904314249608533e-08,31.22
1,1,20,-14,30.7896086366813,1.7605773915378927e-10,2.0862842089724022e-08,30.79
1,1,20,-13,30.446674695276656,5.154086566926214e-11,5.972297809425749e-09,30.45
1,1,20,-12,30.199337741082992,1.1030534843389916e-11,1.2574809721464498e-09,30.2
1,1,20,-11,30.049958402633436,1.3872506244591246e-12,1.5658591423582367e-10,30.05
1,1,20,-10,29.999999999999996,1.517400536986543e-14,1.7070756041098603e-12,30.0
1,1,20,-9,30.049958402633436,2.148327302405826e-12,2.424924442590576e-10,30.05
1,1,20,-8,30.199337741082996,1.399759870717912e-11,1.5957262526184192e-09,30.2
1,1,20,-7,30.446674695276656,6.152898272709371e-11,7.129670873501982e-09,30.45
1,1,20,-6,30.7896086366813,2.0515202802745169e-10,2.431051532125302e-08,30.79
1,1,20,-5,31.224989991991986,5.220877533142224e-10,6.362944493517083e-08,31.22
1,1,20,-4,31.749015732775085,1.02379931140423e-09,1.2899871323693298e-07,31.75
1,1,20,-3,32.35737937472687,1.5747453809861528e-09,2.060948017365627e-07,32.36
1,1,20,-2,33.04542328371661,1.9394863717657552e-09,2.6473988974602553e-07,33.05
1,1,20,-1,33.808283008753925,1.9534853193099468e-09,2.7910421499640847e-07,33.81
1,1,20,0,34.64101615137754,1.6422445538903377e-09,2.463366830835506e-07,34.64
1,1,20,1,35.53871128783372,1.1756839644496478e-09,1.8561110588748813e-07,35.54
1,1,20,2,36.49657518178931,7.306857777609207e-10,1.2165918199719327e-07,36.5
1,1,20,3,37.5099986670221,4.0158236816231796e-10,7.062829900054767e-08,37.51
1,1,20,4,38.57460304397182,1.98229512886791e-10,3.687068939694313e-08,38.57
1,1,20,5,39.68626966596885,8.892504739272884e-11,1.7507118705443483e-08,39.69
1,1,20,6,40.84115571332427,3.6424871426412526e-11,7.59458569240701e-09,40.84
1,1,20,7,42.035699113967404,1.3627222731850937e-11,3.0099128208975755e-09,42.04
1,1,20,8,43.26661530556787,4.6298277257024995e-12,1.0833796878143848e-09,43.27
1,1,20,9,44.53088815642464,1.4286673619835494e-12,3.541309223516723e-10,44.53
1,1,20,10,45.8257569495584,3.9999598503051637e-13,1.0499894607051053e-10,45.83
1,1,20,11,47.14870093650513,1.039213856972887e-13,2.8877155050634094e-11,47.15
1,1,20,12,48.497422611928556,2.483439920771008e-14,7.30131336706676e-12,48.5
1,1,20,13,49.86983055916673,5.4767682502436195e-15,1.702590329794485e-12,49.87
1,1,20,14,51.264022471905186,7.642790235187531e-16,2.5106565922591037e-13,51.26
1,1,20,15,52.67826876426369,1.5918247685067553e-19,5.521642165757807e-17,52.68
1,1,20,16,54.110997033874725,7.403198233355109e-16,2.709570553407969e-13,54.11
1,1,20,17,55.5607775323564,3.26220437395439e-15,1.25880311279965e-12,55.56
1,1,20,18,57.026309717533,8.531917242174878e-15,3.468224358944087e-12,57.03
1,1,20,19,58.50640990524029,1.0242251305895556e-14,4.38240327751006e-12,58.51
1,1,20,20,59.99999999999999,3.2529882454482027e-34,1.4638447104516909e-31,60.0
1,1,20,21,61.50609725872712,1.6116938306887717e-13,7.621297201869529e-11,61.51
1,1,20,22,63.023805026354914,1.996087296397212e-12,9.910573426612154e-10,63.02
1,1,20,23,64.55230437405004,1.1960602743883375e-11,6.2299789542202524e-09,64.55
1,1,21,-23,38.223029707232776,1.3909732591106925e-10,2.5402649144509012e-08,38.22
1,1,21,-22,37.26929030716844,3.0258739322497475e-10,5.2536736148686216e-08,37.27
1,1,21,-21,36.37306695894642,5.178782981220749e-10,8.56441235519381e-08,36.37
1,1,21,-20,35.53871128783372,7.098258178316653e-10,1.1206375099017415e-07,35.54
1,1,21,-19,34.77067730142742,7.82706554505743e-10,1.182865280496804e-07,34.77
1,1,21,-18,34.07345007480164,6.916037995170559e-10,1.0036900140491274e-07,34.07
1,1,21,-17,33.45145736735546,4.851590164541651e-10,6.786161742652633e-08,33.45
1,1,21,-16,32.90896534380867,2.6683678587064133e-10,3.612302988723807e-08,32.91
1,1,21,-15,32.4499614791759,1.1376673338599515e-10,1.4974546281931605e-08,32.45
1,1,21,-14,32.07802986469088,3.7592008493783436e-11,4.835272092512895e-09,32.08
1,1,21,-13,31.796226191169293,1.003909277284333e-11,1.2686903491680761e-09,31.8
1,1,21,-12,31.606961258558215,2.5787797784167688e-12,3.2202512482979396e-10,31.61
1,1,21,-11,31.51190251317746,1.030431177367184e-12,1.2790226989070173e-10,31.51
1,1,21,-10,31.51190251317746,1.1776586194167466e-12,1.4617687613510368e-10,31.51
1,1,21,-9,31.606961258558215,3.377736321310492e-12,4.217948231236477e-10,31.61
1,1,21,-8,31.796226191169296,1.3177456043842451e-11,1.6653010075405904e-09,31.8
1,1,21,-7,32.07802986469088,4.819649265457055e-11,6.199273867694138e-09,32.08
1,1,21,-6,32.4499614791759,1.4412249558298561e-10,1.8970123481110472e-08,32.45
1,1,21,-5,32.908965343808674,3.39961232353115e-10,4.6022251829802964e-08,32.91
1,1,21,-4,33.45145736735546,6.336107004414524e-10,8.862629672424814e-08,33.45
1,1,21,-3,34.07345007480164,9.466922330934208e-10,1.3738871032768268e-07,34.07
1,1,21,-2,34.770677301427426,1.15559369462234e-09,1.7463909709980122e-07,34.77
1,1,21,-1,35.53871128783372,1.1756688345288712e-09,1.8560871725124555e-07,35.54
1,1,21,0,36.373066958946424,1.0171962986897532e-09,1.6821883789581794e-07,36.37
1,1,21,1,37.269290307168454,7.631539409709911e-10,1.3250260300108838e-07,37.27
1,1,21,2,38.22302970723278,5.055400571811125e-10,9.232425294270065e-08,38.22
1,1,21,3,39.230090491866065,3.0006331309498307e-10,5.7724679856647376e-08,39.23
1,1,21,4,40.28647415696737,1.6113644305907687e-10,3.269055588561022e-08,40.29
1,1,21,5,41.38840417314975,7.848532066043623e-11,1.6805669286415905e-08,41.39
1,1,21,6,42.532340636273474,3.4546753132154827e-11,7.81188455200851e-09,42.53
1,1,21,7,43.71498598878879,1.3624002662008439e-11,3.2544336358872662e-09,43.71
1,1,21,8,44.93328387732194,4.78118000325897e-12,1.2066503033224825e-09,44.93
1,1,21,9,46.184412955021955,1.4899498876943164e-12,3.972578888064971e-10,46.18
1,1,21,10,47.46577714522327,4.1856951893838824e-13,1.178796407710236e-10,47.47
1,1,21,11,48.774993593028796,1.090394335338367e-13,3.242560154712469e-11,48.77
1,1,21,12,50.1098792654702,2.8400975855297318e-14,8.914356296581446e-12,50.11
1,1,21,13,51.468436929831086,8.462046767813308e-15,2.801995235992182e-12,51.47
1,1,21,14,52.848841046895245,4.224504541416681e-15,1.4748801480220986e-12,52.85
1,1,21,15,54.249423960075376,4.9909217206789094e-15,1.836035327994754e-12,54.25
1,1,21,16,55.66866263886712,1.2247539352171773e-14,4.744390556547541e-12,55.67
1,1,21,17,57.105166141076936,3.6303061722006103e-14,1.4798035534432737e-11,57.11
1,1,21,18,58.557663887829406,9.594458219868391e-14,4.1124246544910894e-11,58.56
1,1,21,19,60.02499479383567,1.7846713528376454e-13,8.037713605342544e-11,60.02
1,1,21,20,61.506097258727124,1.611693830765038e-13,7.621297202230174e-11,61.51
1,1,21,21,62.99999999999999,1.0238448158128003e-34,5.079550092451255e-32,63.0
1,1,21,22,64.50581369148054,1.276451487876132e-12,6.639143301315729e-10,64.51
1,1,21,23,66.02272336097626,1.1304781019131033e-11,6.159692557799022e-09,66.02
1,1,22,-23,38.99999999999999,9.636599798789561e-11,1.8321585367448647e-08,39.0
1,1,22,-22,38.10511776651529,1.973049266466073e-10,3.581084418635921e-08,38.11
1,1,22,-21,37.26929030716845,3.025873932246881e-10,5.2536736148636466e-08,37.27
1,1,22,-20,36.49657518178932,3.6158553864252855e-10,6.020399218398101e-08,36.5
1,1,22,-19,35.79106033634656,3.4155051899497335e-10,5.469077685407011e-08,35.79
1,1,22,-18,35.15679166249389,2.553898306096637e-10,3.945772882919303e-08,35.16
1,1,22,-17,34.597687784012386,1.5033347574798074e-10,2.2493646308791617e-08,34.6
1,1,22,-16,34.11744421846396,6.90763693437257e-11,1.0050611739512087e-08,34.12
1,1,22,-15,33.719430600174725,2.4617346683659123e-11,3.4987403974150515e-09,33.72
1,1,22,-14,33.40658617698013,6.797924530019499e-12,9.483104719377198e-10,33.41
1,1,22,-13,33.18132004607411,1.4269351893339384e-12,1.9638195543208324e-10,33.18
1,1,22,-12,33.04542328371661,1.6917754449941833e-13,2.3092734824170595e-11,33.05
1,1,22,-11,33.0,9.470571471070416e-15,1.2891815414994603e-12,33.0
1,1,22,-10,33.04542328371661,4.1692840999937885e-13,5.69107279649152e-11,33.05
1,1,22,-9,33.18132004607411,2.431127420284046e-12,3.3458391121659175e-10,33.18
1,1,22,-8,33.40658617698013,1.0404338078451468e-11,1.4514051619439795e-09,33.41
1,1,22,-7,33.719430600174725,3.613560985148276e-11,5.135773550141986e-09,33.72
1,1,22,-6,34.11744421846396,1.0083375259116264e-10,1.4671311002014161e-08,34.12
1,1,22,-5,34.597687784012386,2.24953414150607e-10,3.365865459228457e-08,34.6
1,1,22,-4,35.15679166249389,4.044543687794542e-10,6.248819997642566e-08,35.16
1,1,22,-3,35.79106033634656,5.95254943253519e-10,9.531519778846973e-08,35.79
1,1,22,-2,36.49657518178932,7.306932956635961e-10,1.2166043372798874e-07,36.5
1,1,22,-1,37.26929030716845,7.631607291890603e-10,1.3250378160545058e-07,37.27
1,1,22,0,38.1051177665153,6.915596755641575e-10,1.255180811148946e-07,38.11
1,1,22,1,39.0,5.534812461304306e-10,1.0523062192054811e-07,39.0
1,1,22,2,39.949968710876355,3.966834817291449e-10,7.91383546049644e-08,39.95
1,1,22,3,40.95119045888654,2.5661411601062263e-10,5.3792734068726776e-08,40.95
1,1,22,4,42.0,1.4987019795818578e-10,3.304637864977996e-08,42.0
1,1,22,5,43.09292285283048,7.848872120771298e-11,1.8219194410340375e-08,43.09
1,1,22,6,44.22668877499196,3.642718275320255e-11,8.906446183158024e-09,44.23
1,1,22,7,45.39823785126467,1.4802541785675297e-11,3.813504827534598e-09,45.4
1,1,22,8,46.60472079092417,5.224386168246668e-12,1.4184208446789703e-09,46.6
1,1,22,9,47.843494855622744,1.60617871666429e-12,4.5956788530556996e-10,47.84
1,1,22,10,49.1121166312347,4.360245794282553e-13,1.3146141069761896e-10,49.11
1,1,22,11,50.40833264451424,1.0622945362440138e-13,3.3741130207450485e-11,50.41
1,1,22,12,51.73006862551025,2.178275958212414e-14,7.286333080220525e-12,51.73
1,1,22,13,53.075418038862395,2.133999949446086e-15,7.514347321987029e-13,53.08
1,1,22,14,54.4426303552648,9.399994627243471e-16,3.482698009393706e-13,54.44
1,1,22,15,55.83009940883144,1.482923650237593e-14,5.777841272238222e-12,55.83
1,1,22,16,57.23635208501674,7.208141428973102e-14,2.951733915164485e-11,57.24
1,1,22,17,58.66003750424985,2.577491830946643e-13,1.1086436737859245e-10,58.66
1,1,22,18,60.09991680526688,7.173404728197235e-13,3.238792234781052e-10,60.1
1,1,22,19,61.55485358604957,1.4716843462291065e-12,6.970264984827603e-10,61.55
1,1,22,20,63.023805026354914,1.99608729640958e-12,9.910573426673562e-10,63.02
1,1,22,21,64.50581369148055,1.2764514878990451e-12,6.639143301434908e-10,64.51
1,1,22,22,66.0,9.658362299319666e-35,5.258978271979558e-32,66.0
1,1,22,23,67.50555532695068,5.068545660041915e-12,2.887170321601376e-09,67.51
1,1,23,-23,39.837168574084174,4.4894752297085616e-11,8.905996486934357e-09,39.84
1,1,23,-22,38.99999999999999,9.636599798755343e-11,1.832158536738359e-08,39.0
1,1,23,-21,38.223029707232776,1.3909732591101474e-10,2.5402649144499056e-08,38.22
1,1,23,-20,37.5099986670221,1.4895458192836108e-10,2.6197387096650503e-08,37.51
1,1,23,-19,36.86461718233352,1.227365703339906e-10,2.0849874885486646e-08,36.86
1,1,23,-18,36.2904946232481,7.879930705747619e-11,1.297233592433701e-08,36.29
1,1,23,-17,35.791060336346554,3.952740723159739e-11,6.32932608295953e-09,35.79
1,1,23,-16,35.369478367654786,1.5533148481047077e-11,2.4289960937237363e-09,35.37
1,1,23,-15,35.02855977627398,4.864348467323027e-12,7.460694461756688e-10,35.03
1,1,23,-14,34.77067730142742,1.2959485636776272e-12,1.9585022668578142e-10,34.77
1,1,23,-13,34.597687784012386,3.599586174379931e-13,5.385880813415972e-11,34.6
1,1,23,-12,34.510867853474785,1.689186950684818e-13,2.5147770728320213e-11,34.51
1,1,23,-11,34.510867853474785,2.1902767744279064e-13,3.2607745479295435e-11,34.51
1,1,23,-10,34.597687784012386,6.297248711812458e-13,9.422258385049391e-11,34.6
1,1,23,-9,34.77067730142742,2.374664439993427e-12,3.5887116349400664e-10,34.77
1,1,23,-8,35.02855977627399,8.7278878029317e-12,1.3386397917746496e-09,35.03
1,1,23,-7,35.36947836765478,2.7652125231862214e-11,4.324101083132451e-09,35.37
1,1,23,-6,35.79106033634656,7.226810306414113e-11,1.15719300031456e-08,35.79
1,1,23,-5,36.29049462324811,1.544598655490821e-10,2.5427955366017637e-08,36.29
1,1,23,-4,36.86461718233352,2.7216682167982304e-10,4.623433883285992e-08,36.86
1,1,23,-3,37.5099986670221,4.015736954775494e-10,7.062677369211401e-08,37.51
1,1,23,-2,38.22302970723278,5.055368909044798e-10,9.232367470143061e-08,38.22
1,1,23,-1,38.99999999999999,5.534778494794756e-10,1.0522997613228527e-07,39.0
1,1,23,0,39.837168574084174,5.361645404259709e-10,1.0636164070700196e-07,39.84
1,1,23,1,40.7308237088326,4.654633531206547e-10,9.652546285339577e-08,40.73
1,1,23,2,41.67733196834941,3.6433259683809867e-10,7.910571508847215e-08,41.68
1,1,23,3,42.67317658670373,2.566112765069584e-10,5.841114181489639e-08,42.67
1,1,23,4,43.71498598878879,1.6113440167415064e-10,3.8490980199912736e-08,43.71
1,1,23,5,44.79955356920423,8.891985512526154e-11,2.230776865454998e-08,44.8
1,1,23,6,45.92385001282013,4.245671052918675e-11,1.1192650313256854e-08,45.92
1,1,23,7,47.085029467974216,1.731984440288414e-11,4.799761880149268e-09,47.09
1,1,23,8,48.28043081829324,6.015096987156332e-12,1.7526488846326758e-09,48.28
1,1,23,9,49.50757517794625,1.8010273539735353e-12,5.517897555736418e-10,49.51
1,1,23,10,50.76416058598822,4.849329334446665e-13,1.5620902118586319e-10,50.76
1,1,23,11,52.04805471869241,1.2903895219641517e-13,4.369581518751108e-11,52.05
1,1,23,12,53.35728628781639,4.2460029365690215e-14,1.5110462950515e-11,53.36
1,1,23,13,54.69003565550127,2.700129784458303e-14,1.009511023164348e-11,54.69
1,1,23,14,56.04462507680821,4.6007049350591343e-14,1.8063517751275923e-11,56.04
1,1,23,15,57.41950887982237,1.4555854170526365e-13,5.998831400028177e-11,57.42
1,1,23,16,58.813263810130444,5.221056247236669e-13,2.2574541948989546e-10,58.81
1,1,23,17,60.224579699654186,1.661640288952652e-12,7.533461660039084e-10,60.22
1,1,23,18,61.6522505671934,4.257733703266234e-12,2.0229557257643687e-09,61.65
1,1,23,19,63.09516621738942,8.355076476391665e-12,4.157694931564401e-09,63.1
1,1,23,20,64.55230437405004,1.1960602743887036e-11,6.22997895422216e-09,64.55
1,1,23,21,66.02272336097624,1.1304781019107602e-11,6.159692557786252e-09,66.02
1,1,23,22,67.50555532695067,5.068545660014358e-12,2.8871703215856774e-09,67.51
1,1,23,23,69.0,1.0441386175631674e-34,6.2139299477728e-32,69.0
