a,b,c,side1,side2,side3,area,BI_imag,w,w_S44,chern_contrib
1,3,8,1.7320508075688772,1.7320508075688772,1.7320508075688776,-1.2990381056766571,0.007787562825306503,-0.2542513770265492,-0.09786140064540748,-0.2935842019362224
16,18,23,1.7320508075688772,1.7320508075688772,1.7320508075688776,-1.2990381056766571,0.007787562825306501,-0.2542513770265491,-0.09786140064540744,-0.2935842019362223
12,14,19,1.732050807568877,1.7320508075688772,1.7320508075688776,-1.2990381056766571,0.007787562825306496,-0.254251377026549,-0.0978614006454074,-0.29358420193622214
4,9,11,1.7320508075688772,1.7320508075688772,1.7320508075688774,1.2990381056766576,-0.007787562825306489,-0.2542513770265489,-0.09786140064540735,-0.29358420193622203
15,20,22,1.7320508075688772,1.7320508075688774,1.7320508075688776,1.2990381056766573,-0.007787562825306489,-0.2542513770265488,-0.09786140064540733,-0.293584201936222
0,5,7,1.7320508075688772,1.7320508075688774,1.7320508075688774,1.2990381056766578,-0.007787562825306482,-0.2542513770265486,-0.09786140064540724,-0.2935842019362217
0,5,6,0.9999999999999998,1.0000000000000002,1.7320508075688772,0.4330127018922194,0.01595103321780016,0.17359184345594897,0.06681553169894368,0.20044659509683105
12,13,19,0.9999999999999999,1.0,1.732050807568877,-0.4330127018922191,-0.01595103321780017,0.17359184345594894,0.06681553169894366,0.200446595096831
1,2,3,1.0,1.0,1.7320508075688776,0.4330127018922192,0.015951033217800163,0.17359184345594889,0.06681553169894364,0.2004465950968309
4,10,11,1.0,1.0,1.7320508075688774,0.4330127018922192,0.015951033217800156,0.1735918434559488,0.06681553169894361,0.20044659509683083
17,18,23,1.0,1.0000000000000002,1.7320508075688776,-0.4330127018922194,-0.015951033217800135,0.1735918434559487,0.06681553169894357,0.2004465950968307
20,21,22,1.0,1.0000000000000002,1.7320508075688776,-0.43301270189221885,-0.015951033217800156,0.1735918434559487,0.06681553169894357,0.2004465950968307
3,8,10,1.7320508075688772,1.7320508075688774,1.7320508075688776,1.2990381056766578,0.0032992926518927023,0.10771658845966095,0.04146013422891559,0.12438040268674679
6,12,14,1.732050807568877,1.732050807568877,1.7320508075688772,1.2990381056766578,0.0032992926518926944,0.1077165884596607,0.04146013422891549,0.12438040268674648
16,21,23,1.7320508075688772,1.7320508075688779,1.732050807568878,1.2990381056766576,0.003299292651892693,0.10771658845966066,0.04146013422891548,0.12438040268674644
1,6,8,1.7320508075688772,1.7320508075688774,1.7320508075688774,1.2990381056766576,0.0032992926518926927,0.10771658845966064,0.04146013422891547,0.12438040268674641
10,16,18,1.7320508075688772,1.7320508075688772,1.7320508075688772,1.2990381056766578,0.0032992926518926927,0.10771658845966064,0.04146013422891547,0.12438040268674641
14,19,21,1.732050807568877,1.732050807568877,1.7320508075688776,1.2990381056766571,0.003299292651892689,0.10771658845966046,0.0414601342289154,0.1243804026867462
2,4,9,1.7320508075688772,1.7320508075688774,1.7320508075688774,-1.2990381056766576,-0.0032992926518926845,0.10771658845966037,0.04146013422891536,0.12438040268674609
9,11,17,1.7320508075688772,1.7320508075688772,1.7320508075688774,-1.2990381056766582,-0.0032992926518926823,0.10771658845966035,0.04146013422891536,0.12438040268674608
15,17,22,1.7320508075688772,1.7320508075688779,1.7320508075688779,-1.2990381056766571,-0.003299292651892683,0.10771658845966028,0.041460134228915334,0.12438040268674601
5,7,13,1.732050807568877,1.732050807568877,1.7320508075688774,-1.2990381056766578,-0.00329929265189268,0.10771658845966023,0.04146013422891531,0.12438040268674593
0,2,7,1.7320508075688772,1.7320508075688774,1.7320508075688774,-1.2990381056766576,-0.0032992926518926762,0.1077165884596601,0.041460134228915264,0.1243804026867458
13,15,20,1.732050807568877,1.732050807568877,1.7320508075688774,-1.2990381056766573,-0.0032992926518926767,0.10771658845966009,0.04146013422891526,0.12438040268674577
4,9,10,1.0,1.0,1.7320508075688772,0.43301270189221985,0.008428423984138048,0.09172482038355625,0.03530489982654418,0.10591469947963256
13,14,19,1.0,1.0,1.7320508075688776,-0.43301270189221974,-0.008428423984138044,0.0917248203835562,0.03530489982654416,0.10591469947963247
2,3,8,1.0,1.0,1.7320508075688772,-0.4330127018922192,-0.008428423984138048,0.09172482038355612,0.03530489982654413,0.10591469947963239
5,6,7,0.9999999999999998,1.0,1.7320508075688774,-0.43301270189221897,-0.008428423984138048,0.09172482038355606,0.03530489982654411,0.10591469947963232
12,13,14,0.9999999999999999,1.0,1.7320508075688772,0.43301270189221835,0.008428423984138051,0.09172482038355598,0.03530489982654408,0.10591469947963222
15,21,22,1.0,1.0000000000000002,1.7320508075688772,0.4330127018922192,0.008428423984138036,0.09172482038355598,0.03530489982654408,0.10591469947963222
0,6,7,1.0,1.0000000000000002,1.7320508075688774,0.4330127018922193,0.008428423984138027,0.09172482038355591,0.03530489982654405,0.10591469947963215
9,10,11,1.0,1.0,1.7320508075688772,-0.4330127018922185,-0.008428423984138041,0.0917248203835559,0.03530489982654404,0.10591469947963213
1,2,8,1.0,1.0,1.7320508075688772,-0.4330127018922188,-0.00842842398413803,0.09172482038355585,0.03530489982654403,0.10591469947963209
16,17,23,1.0,1.0000000000000002,1.7320508075688772,-0.4330127018922188,-0.00842842398413803,0.09172482038355585,0.03530489982654403,0.10591469947963209
15,20,21,1.0,1.0,1.7320508075688774,0.4330127018922193,0.00842842398413802,0.09172482038355584,0.03530489982654402,0.10591469947963207
16,17,18,1.0,1.0,1.7320508075688772,0.43301270189221897,0.00842842398413802,0.09172482038355577,0.035304899826543994,0.10591469947963199
14,16,21,1.732050807568877,1.7320508075688774,1.7320508075688779,-1.2990381056766576,0.0027567861359419216,-0.09000462493262092,-0.03464279628877333,-0.10392838886631998
8,10,16,1.7320508075688772,1.7320508075688774,1.7320508075688774,-1.2990381056766578,0.0027567861359419207,-0.09000462493262089,-0.034642796288773314,-0.10392838886631994
6,8,14,1.732050807568877,1.7320508075688772,1.7320508075688774,-1.2990381056766582,0.002756786135941915,-0.09000462493262075,-0.03464279628877326,-0.10392838886631979
9,15,17,1.7320508075688774,1.7320508075688776,1.7320508075688779,1.2990381056766578,-0.002756786135941901,-0.09000462493262025,-0.03464279628877307,-0.10392838886631921
7,13,15,1.732050807568877,1.732050807568877,1.732050807568877,1.299038105676658,-0.0027567861359418994,-0.09000462493262022,-0.03464279628877306,-0.10392838886631917
2,7,9,1.7320508075688772,1.7320508075688774,1.7320508075688774,1.2990381056766571,-0.0027567861359419003,-0.09000462493262018,-0.034642796288773044,-0.10392838886631912
5,6,12,0.9999999999999998,0.9999999999999998,1.732050807568877,-0.43301270189221985,-0.006611391631100006,0.0719504276231558,0.027693732504358456,0.08308119751307538
0,1,6,1.0,1.0000000000000002,1.7320508075688774,-0.4330127018922195,-0.00661139163109999,0.07195042762315558,0.027693732504358373,0.08308119751307512
3,4,10,1.0,1.0000000000000002,1.7320508075688776,-0.4330127018922194,-0.006611391631099987,0.07195042762315552,0.027693732504358352,0.08308119751307506
5,12,13,0.9999999999999998,0.9999999999999999,1.732050807568877,0.4330127018922192,0.006611391631099985,0.07195042762315546,0.027693732504358325,0.08308119751307497
10,11,18,0.9999999999999999,1.0,1.7320508075688772,-0.4330127018922194,-0.006611391631099976,0.07195042762315541,0.027693732504358307,0.08308119751307493
21,22,23,1.0000000000000002,1.0000000000000004,1.732050807568878,0.4330127018922192,0.006611391631099977,0.07195042762315537,0.027693732504358293,0.08308119751307487
11,17,18,0.9999999999999999,1.0,1.7320508075688772,0.4330127018922203,0.006611391631099954,0.0719504276231553,0.027693732504358266,0.0830811975130748
0,1,2,1.0,1.0,1.7320508075688772,-0.4330127018922191,-0.006611391631099972,0.0719504276231553,0.027693732504358266,0.0830811975130748
17,22,23,1.0000000000000002,1.0000000000000004,1.7320508075688779,0.4330127018922192,0.006611391631099969,0.07195042762315527,0.027693732504358255,0.08308119751307476
2,3,4,1.0,1.0000000000000002,1.7320508075688774,-0.4330127018922192,-0.006611391631099969,0.07195042762315527,0.027693732504358255,0.08308119751307476
13,19,20,0.9999999999999996,1.0,1.732050807568877,0.4330127018922191,0.006611391631099964,0.07195042762315522,0.027693732504358234,0.08308119751307469
19,20,21,0.9999999999999996,1.0,1.732050807568877,0.43301270189221835,0.006611391631099964,0.07195042762315511,0.02769373250435819,0.08308119751307456
8,9,10,1.0,1.0000000000000002,1.7320508075688774,0.43301270189221897,0.005606370443254997,0.06101298687382449,0.02348390959711045,0.07045172879133134
9,10,16,0.9999999999999999,1.0,1.7320508075688772,-0.43301270189221985,-0.005606370443254984,0.061012986873824476,0.02348390959711044,0.07045172879133133
6,7,14,0.9999999999999997,1.0,1.732050807568877,-0.4330127018922194,-0.005606370443254984,0.06101298687382442,0.02348390959711042,0.07045172879133127
7,13,14,0.9999999999999997,1.0,1.732050807568877,0.43301270189221974,0.00560637044325498,0.06101298687382441,0.023483909597110417,0.07045172879133126
15,16,21,1.0,1.0000000000000004,1.7320508075688779,-0.4330127018922192,-0.005606370443254985,0.061012986873824386,0.023483909597110407,0.07045172879133121
14,15,21,0.9999999999999997,1.0,1.732050807568877,-0.4330127018922192,-0.005606370443254981,0.06101298687382434,0.02348390959711039,0.07045172879133117
2,8,9,1.0,1.0000000000000002,1.7320508075688774,0.4330127018922188,0.005606370443254982,0.0610129868738243,0.023483909597110376,0.07045172879133113
6,7,8,1.0,1.0,1.7320508075688774,0.4330127018922192,0.005606370443254975,0.061012986873824275,0.023483909597110365,0.07045172879133109
13,14,15,0.9999999999999997,1.0,1.732050807568877,-0.43301270189221885,-0.0056063704432549755,0.06101298687382424,0.02348390959711035,0.07045172879133106
15,16,17,1.0,1.0000000000000004,1.7320508075688779,-0.4330127018922192,-0.005606370443254971,0.06101298687382423,0.023483909597110348,0.07045172879133105
9,16,17,0.9999999999999999,1.0,1.7320508075688774,0.433012701892219,0.005606370443254971,0.06101298687382421,0.02348390959711034,0.07045172879133102
2,7,8,1.0,1.0,1.7320508075688774,0.4330127018922192,0.005606370443254965,0.06101298687382417,0.023483909597110324,0.07045172879133098
8,14,16,1.7320508075688772,1.7320508075688774,1.7320508075688774,1.2990381056766582,0.0016079431075268695,0.05249675135082652,0.020206009015987028,0.060618027047961084
7,9,15,1.732050807568877,1.7320508075688772,1.7320508075688776,-1.2990381056766578,-0.0016079431075268521,0.05249675135082593,0.0202060090159868,0.060618027047960404
11,18,23,0.9999999999999999,1.7320508075688776,2.6457513110645907,-0.4330127018922205,0.004054636012062719,-0.044125777325283264,-0.01698401961130252,-0.05095205883390755
20,22,23,1.0000000000000004,1.7320508075688776,2.6457513110645916,0.43301270189221974,-0.0040546360120627244,-0.04412577732528324,-0.016984019611302508,-0.05095205883390753
0,1,5,1.0,1.7320508075688772,2.6457513110645907,-0.4330127018922195,0.0040546360120627244,-0.04412577732528322,-0.0169840196113025,-0.05095205883390751
0,5,12,0.9999999999999998,1.7320508075688772,2.6457513110645903,0.4330127018922203,-0.004054636012062714,-0.04412577732528319,-0.016984019611302487,-0.05095205883390746
5,12,19,0.9999999999999998,1.732050807568877,2.6457513110645903,0.43301270189221913,-0.004054636012062721,-0.044125777325283146,-0.016984019611302473,-0.05095205883390742
4,11,18,0.9999999999999999,1.7320508075688774,2.6457513110645907,-0.4330127018922192,0.004054636012062719,-0.04412577732528313,-0.016984019611302466,-0.050952058833907396
3,4,11,1.0000000000000002,1.7320508075688774,2.6457513110645907,-0.4330127018922192,0.004054636012062712,-0.044125777325283055,-0.01698401961130244,-0.05095205883390731
12,19,20,0.9999999999999996,1.732050807568877,2.6457513110645903,0.4330127018922191,-0.004054636012062711,-0.044125777325283035,-0.01698401961130243,-0.05095205883390729
0,1,3,1.0,1.7320508075688776,2.6457513110645907,-0.43301270189221885,0.004054636012062713,-0.044125777325283035,-0.01698401961130243,-0.05095205883390729
19,20,22,0.9999999999999996,1.7320508075688776,2.6457513110645907,0.4330127018922182,-0.004054636012062716,-0.04412577732528299,-0.016984019611302414,-0.050952058833907236
18,22,23,1.0000000000000004,1.7320508075688776,2.645751311064591,0.43301270189221874,-0.004054636012062707,-0.04412577732528295,-0.016984019611302397,-0.050952058833907195
1,3,4,1.0000000000000002,1.7320508075688776,2.6457513110645907,-0.43301270189221897,0.004054636012062704,-0.04412577732528294,-0.016984019611302394,-0.050952058833907174
14,15,16,0.9999999999999997,1.0000000000000004,1.7320508075688774,0.4330127018922192,0.003881201187779683,0.04223832148115926,0.016257537518176834,0.048772612554530505
7,8,14,0.9999999999999997,1.0,1.7320508075688772,-0.43301270189221963,-0.0038812011877796776,0.042238321481159254,0.01625753751817683,0.0487726125545305
8,9,16,0.9999999999999999,1.0000000000000002,1.7320508075688774,-0.433012701892219,-0.003881201187779682,0.04223832148115924,0.016257537518176827,0.04877261255453048
7,14,15,0.9999999999999997,0.9999999999999997,1.732050807568877,0.4330127018922194,0.0038812011877796685,0.042238321481159136,0.016257537518176785,0.04877261255453036
7,8,9,1.0,1.0000000000000002,1.7320508075688772,-0.4330127018922192,-0.0038812011877796685,0.04223832148115911,0.016257537518176775,0.048772612554530324
9,15,16,0.9999999999999999,1.0000000000000004,1.7320508075688776,0.43301270189221963,0.0038812011877796633,0.042238321481159094,0.01625753751817677,0.04877261255453032
5,20,22,1.7320508075688776,3.464101615137754,4.582575694955839,2.598076211353315,-0.0005812369188727895,-0.037952897541153156,-0.014608077074607373,-0.04382423122382212
1,3,12,1.7320508075688776,3.4641016151377544,4.58257569495584,-2.598076211353315,0.0005812369188727859,-0.03795289754115292,-0.014608077074607283,-0.04382423122382185
0,5,20,1.7320508075688772,3.464101615137754,4.58257569495584,2.5980762113533156,-0.0005812369188727852,-0.03795289754115288,-0.014608077074607267,-0.0438242312238218
3,18,23,1.7320508075688776,3.464101615137755,4.582575694955841,-2.5980762113533156,0.0005812369188727851,-0.037952897541152865,-0.014608077074607262,-0.043824231223821786
12,19,23,1.732050807568877,3.4641016151377553,4.58257569495584,2.5980762113533147,-0.0005812369188727851,-0.03795289754115286,-0.014608077074607258,-0.04382423122382178
1,3,18,1.7320508075688776,3.464101615137755,4.582575694955841,-2.5980762113533156,0.0005812369188727843,-0.037952897541152816,-0.014608077074607243,-0.04382423122382173
11,20,22,1.7320508075688776,3.4641016151377553,4.582575694955841,2.598076211353317,-0.0005812369188727833,-0.037952897541152775,-0.014608077074607227,-0.04382423122382168
18,19,23,1.7320508075688776,3.4641016151377553,4.58257569495584,2.5980762113533133,-0.0005812369188727837,-0.03795289754115274,-0.014608077074607213,-0.04382423122382164
4,11,22,1.7320508075688774,3.4641016151377553,4.582575694955841,-2.5980762113533147,0.0005812369188727833,-0.03795289754115274,-0.014608077074607213,-0.04382423122382164
1,12,19,1.732050807568877,3.4641016151377544,4.582575694955839,2.598076211353315,-0.0005812369188727827,-0.03795289754115271,-0.014608077074607203,-0.043824231223821605
0,4,11,1.7320508075688774,3.4641016151377544,4.58257569495584,-2.5980762113533147,0.0005812369188727814,-0.03795289754115262,-0.014608077074607168,-0.0438242312238215
0,4,5,1.7320508075688772,3.4641016151377544,4.58257569495584,-2.598076211353315,0.0005812369188727799,-0.03795289754115253,-0.014608077074607134,-0.043824231223821404
0,5,22,1.7320508075688772,4.582575694955839,5.196152422706632,3.8971143170299736,-0.00032841861815709845,-0.03216701596406537,-0.01238109021725342,-0.037143270651760256
1,3,23,1.7320508075688776,4.582575694955841,5.196152422706632,-3.8971143170299722,0.00032841861815709764,-0.032167015964065286,-0.012381090217253388,-0.03714327065176016
1,18,23,1.7320508075688776,4.582575694955841,5.196152422706632,-3.8971143170299722,0.00032841861815709693,-0.03216701596406522,-0.012381090217253362,-0.03714327065176009
3,12,19,1.732050807568877,4.58257569495584,5.196152422706632,3.8971143170299722,-0.00032841861815709677,-0.032167015964065196,-0.012381090217253353,-0.03714327065176006
0,20,22,1.7320508075688776,4.58257569495584,5.196152422706632,3.8971143170299736,-0.0003284186181570965,-0.03216701596406518,-0.012381090217253348,-0.03714327065176004
0,5,11,1.7320508075688772,4.58257569495584,5.196152422706632,3.8971143170299722,-0.00032841861815709563,-0.032167015964065085,-0.01238109021725331,-0.03714327065175993
1,3,19,1.7320508075688776,4.582575694955839,5.196152422706632,-3.8971143170299722,0.00032841861815709514,-0.032167015964065036,-0.01238109021725329,-0.037143270651759874
4,20,22,1.7320508075688776,4.582575694955841,5.196152422706632,3.897114317029974,-0.0003284186181570947,-0.03216701596406501,-0.01238109021725328,-0.03714327065175984
12,18,23,1.7320508075688776,4.58257569495584,5.196152422706632,-3.89711431702997,0.0003284186181570948,-0.03216701596406499,-0.012381090217253274,-0.03714327065175982
4,5,11,1.7320508075688774,4.58257569495584,5.196152422706632,3.897114317029972,-0.0003284186181570945,-0.032167015964064974,-0.012381090217253268,-0.037143270651759805
12,18,19,1.732050807568877,4.58257569495584,5.196152422706632,-3.897114317029972,0.0003284186181570942,-0.032167015964064946,-0.012381090217253256,-0.03714327065175977
4,11,20,1.7320508075688774,4.582575694955841,5.196152422706632,-3.897114317029972,0.000328418618157094,-0.032167015964064925,-0.01238109021725325,-0.03714327065175974
2,3,9,1.0,1.7320508075688774,2.0,-0.8660254037844384,0.0014301152203116702,-0.031127304928595816,-0.011980905253114906,-0.03594271575934472
4,8,10,1.0,1.7320508075688774,2.0,0.866025403784439,-0.001430115220311669,-0.031127304928595813,-0.011980905253114904,-0.03594271575934472
10,11,16,1.0,1.7320508075688772,2.0,-0.8660254037844375,0.0014301152203116715,-0.031127304928595813,-0.011980905253114904,-0.03594271575934472
9,17,18,1.0,1.7320508075688774,2.0,0.8660254037844388,-0.0014301152203116682,-0.031127304928595795,-0.011980905253114897,-0.0359427157593447
14,20,21,1.0,1.732050807568877,2.0,0.8660254037844382,-0.0014301152203116665,-0.031127304928595733,-0.011980905253114875,-0.03594271575934462
5,6,14,0.9999999999999998,1.732050807568877,1.9999999999999998,-0.8660254037844386,0.0014301152203116652,-0.03112730492859572,-0.011980905253114868,-0.0359427157593446
13,15,19,1.0,1.732050807568877,2.0,-0.866025403784439,0.001430115220311664,-0.031127304928595705,-0.011980905253114862,-0.03594271575934459
1,2,7,1.0,1.7320508075688774,2.0,-0.8660254037844379,0.0014301152203116656,-0.031127304928595702,-0.011980905253114862,-0.03594271575934459
0,6,8,1.0000000000000002,1.7320508075688774,2.0,0.8660254037844387,-0.0014301152203116615,-0.031127304928595643,-0.01198090525311484,-0.03594271575934452
15,17,23,1.0000000000000002,1.7320508075688779,2.0,-0.8660254037844379,0.0014301152203116598,-0.031127304928595573,-0.011980905253114812,-0.03594271575934444
7,12,13,0.9999999999999999,1.732050807568877,2.0,0.8660254037844375,-0.0014301152203116602,-0.03112730492859557,-0.01198090525311481,-0.035942715759344435
16,21,22,1.0000000000000002,1.7320508075688779,2.0,0.8660254037844384,-0.0014301152203116583,-0.031127304928595556,-0.011980905253114805,-0.035942715759344414
11,16,18,0.9999999999999999,1.7320508075688772,2.0,0.8660254037844397,-0.0013991227440887596,-0.030452735324565956,-0.01172126329146572,-0.03516378987439716
3,4,9,1.0000000000000002,1.7320508075688772,2.0,-0.8660254037844384,0.001399122744088762,-0.030452735324565956,-0.01172126329146572,-0.03516378987439716
9,11,18,0.9999999999999999,1.7320508075688772,2.0,-0.8660254037844397,0.0013991227440887592,-0.030452735324565945,-0.011721263291465715,-0.03516378987439715
5,12,14,0.9999999999999998,1.7320508075688772,1.9999999999999998,0.8660254037844392,-0.0013991227440887568,-0.030452735324565872,-0.011721263291465688,-0.03516378987439706
0,1,7,1.0,1.7320508075688774,2.0,-0.8660254037844386,0.0013991227440887574,-0.03045273532456587,-0.011721263291465686,-0.035163789874397056
3,4,8,1.0000000000000002,1.7320508075688772,2.0,-0.8660254037844382,0.0013991227440887577,-0.03045273532456586,-0.011721263291465682,-0.03516378987439705
5,7,12,0.9999999999999998,1.7320508075688774,2.0,-0.8660254037844393,0.0013991227440887542,-0.03045273532456582,-0.011721263291465668,-0.035163789874397
14,19,20,0.9999999999999996,1.7320508075688776,2.0,0.8660254037844374,-0.0013991227440887561,-0.030452735324565796,-0.011721263291465658,-0.03516378987439697
15,22,23,1.0000000000000004,1.7320508075688772,2.0,0.8660254037844384,-0.0013991227440887531,-0.030452735324565765,-0.011721263291465646,-0.03516378987439694
15,19,20,0.9999999999999996,1.7320508075688774,2.0,0.8660254037844373,-0.0013991227440887546,-0.03045273532456576,-0.011721263291465644,-0.03516378987439694
0,1,8,1.0,1.7320508075688772,2.0,-0.8660254037844384,0.001399122744088753,-0.030452735324565758,-0.011721263291465644,-0.03516378987439693
16,22,23,1.0000000000000004,1.7320508075688772,2.0,0.8660254037844384,-0.001399122744088749,-0.030452735324565675,-0.011721263291465611,-0.035163789874396834
0,5,19,1.7320508075688772,2.6457513110645903,3.999999999999999,1.7320508075688774,0.0006443211296596092,0.028048062128142537,0.010795704146620294,0.03238711243986088
0,12,19,1.732050807568877,2.6457513110645903,3.999999999999999,1.7320508075688763,0.0006443211296596089,0.028048062128142502,0.01079570414662028,0.03238711243986084
1,3,11,1.7320508075688776,2.6457513110645907,4.0,-1.732050807568876,-0.0006443211296596073,0.02804806212814243,0.010795704146620252,0.03238711243986076
18,20,23,1.7320508075688776,2.6457513110645916,4.000000000000001,1.7320508075688759,0.0006443211296596061,0.02804806212814237,0.01079570414662023,0.03238711243986069
1,4,11,1.7320508075688774,2.6457513110645907,4.0,-1.7320508075688763,-0.0006443211296596042,0.0280480621281423,0.010795704146620204,0.03238711243986061
1,3,5,1.7320508075688776,2.6457513110645907,4.0,-1.7320508075688763,-0.0006443211296596038,0.02804806212814228,0.010795704146620195,0.03238711243986058
18,20,22,1.7320508075688776,2.645751311064591,4.000000000000001,1.7320508075688767,0.0006443211296596035,0.028048062128142273,0.010795704146620193,0.032387112439860574
4,18,23,1.7320508075688776,2.6457513110645907,4.0,-1.7320508075688779,-0.0006443211296596023,0.02804806212814224,0.01079570414662018,0.03238711243986054
4,11,23,1.7320508075688774,2.6457513110645907,4.0,-1.7320508075688763,-0.0006443211296596012,0.02804806212814217,0.010795704146620153,0.032387112439860456
12,19,22,1.732050807568877,2.6457513110645907,3.999999999999999,1.7320508075688763,0.0006443211296596012,0.02804806212814217,0.010795704146620153,0.032387112439860456
0,3,5,1.7320508075688772,2.6457513110645907,4.0,-1.7320508075688767,-0.0006443211296596009,0.02804806212814216,0.010795704146620148,0.03238711243986044
12,20,22,1.7320508075688776,2.6457513110645903,3.999999999999999,1.7320508075688756,0.0006443211296596005,0.028048062128142127,0.010795704146620136,0.032387112439860415
16,17,21,1.0,1.7320508075688779,2.000000000000001,-0.8660254037844382,-0.001226566845091767,0.026696953965818594,0.010275662372472275,0.030826987117416826
15,17,21,1.0,1.7320508075688779,2.000000000000001,-0.8660254037844382,-0.0012265668450917656,0.026696953965818563,0.010275662372472263,0.030826987117416788
2,8,10,1.0,1.7320508075688774,2.0000000000000004,0.8660254037844382,0.0012265668450917636,0.026696953965818518,0.010275662372472245,0.030826987117416736
13,14,21,1.0,1.732050807568877,1.9999999999999993,-0.8660254037844382,-0.0012265668450917632,0.02669695396581851,0.010275662372472242,0.03082698711741673
9,10,17,1.0,1.7320508075688774,1.9999999999999998,-0.8660254037844388,-0.0012265668450917619,0.026696953965818504,0.01027566237247224,0.03082698711741672
2,9,10,1.0,1.7320508075688774,2.0000000000000004,0.8660254037844384,0.0012265668450917614,0.026696953965818476,0.01027566237247223,0.030826987117416688
2,6,8,1.0,1.7320508075688774,2.0,0.8660254037844382,0.0012265668450917612,0.026696953965818466,0.010275662372472225,0.030826987117416677
10,16,17,1.0,1.7320508075688772,1.9999999999999998,0.8660254037844379,0.0012265668450917614,0.026696953965818462,0.010275662372472225,0.03082698711741667
2,6,7,1.0,1.7320508075688774,2.0,0.8660254037844382,0.0012265668450917601,0.026696953965818445,0.010275662372472218,0.03082698711741665
6,13,14,1.0,1.732050807568877,1.9999999999999993,0.8660254037844386,0.0012265668450917588,0.026696953965818428,0.01027566237247221,0.030826987117416636
13,15,21,1.0,1.732050807568877,1.9999999999999993,-0.8660254037844385,-0.0012265668450917588,0.026696953965818424,0.010275662372472209,0.03082698711741663
6,7,13,1.0,1.732050807568877,1.9999999999999993,-0.8660254037844383,-0.0012265668450917567,0.026696953965818372,0.01027566237247219,0.03082698711741657
17,21,23,1.0000000000000002,1.732050807568878,2.000000000000001,0.8660254037844382,0.0012257599812200886,0.026679392095688904,0.010268902805507709,0.030806708416523127
17,21,22,1.0000000000000002,1.7320508075688779,2.000000000000001,0.8660254037844382,0.001225759981220088,0.02667939209568889,0.010268902805507702,0.030806708416523106
2,3,10,1.0,1.7320508075688776,2.0000000000000004,-0.8660254037844388,-0.001225759981220086,0.02667939209568887,0.010268902805507695,0.030806708416523085
1,2,6,1.0,1.7320508075688774,2.0,-0.8660254037844382,-0.001225759981220086,0.02667939209568885,0.010268902805507686,0.030806708416523065
2,4,10,1.0,1.7320508075688774,2.0000000000000004,-0.866025403784439,-0.001225759981220084,0.02667939209568883,0.01026890280550768,0.03080670841652304
10,17,18,1.0,1.7320508075688772,1.9999999999999998,0.8660254037844388,0.0012257599812200827,0.0266793920956888,0.010268902805507667,0.030806708416523006
0,2,6,1.0000000000000002,1.7320508075688772,2.0,-0.8660254037844386,-0.0012257599812200823,0.026679392095688783,0.010268902805507662,0.030806708416522985
6,12,13,0.9999999999999999,1.732050807568877,1.9999999999999993,0.8660254037844376,0.0012257599812200831,0.02667939209568877,0.010268902805507657,0.030806708416522968
13,19,21,1.0,1.732050807568877,1.9999999999999993,0.8660254037844388,0.0012257599812200812,0.026679392095688766,0.010268902805507655,0.030806708416522968
10,11,17,1.0,1.7320508075688772,1.9999999999999998,-0.8660254037844379,-0.0012257599812200818,0.026679392095688752,0.01026890280550765,0.030806708416522947
13,20,21,1.0,1.732050807568877,1.9999999999999993,0.8660254037844382,0.0012257599812200812,0.026679392095688745,0.010268902805507647,0.03080670841652294
5,6,13,0.9999999999999998,1.732050807568877,1.9999999999999993,-0.8660254037844384,-0.001225759981220079,0.026679392095688703,0.010268902805507631,0.03080670841652289
5,22,23,1.0000000000000004,4.582575694955839,5.0,2.1650635094610964,-0.0004828688002381531,-0.026274813686415047,-0.010113180503172661,-0.03033954150951798
5,12,23,0.9999999999999998,4.58257569495584,5.0,2.1650635094610973,-0.0004828688002381517,-0.026274813686414978,-0.010113180503172633,-0.0303395415095179
3,4,12,1.0000000000000002,4.58257569495584,5.0,-2.1650635094610955,0.00048286880023815174,-0.02627481368641496,-0.010113180503172626,-0.03033954150951788
11,18,19,0.9999999999999999,4.58257569495584,5.0,-2.1650635094611,0.00048286880023815033,-0.026274813686414936,-0.010113180503172618,-0.030339541509517853
0,1,20,1.0,4.58257569495584,5.0,-2.165063509461097,0.00048286880023814985,-0.026274813686414874,-0.010113180503172593,-0.03033954150951778
11,19,20,0.9999999999999996,4.582575694955841,5.0,2.1650635094610937,-0.00048286880023815006,-0.026274813686414846,-0.010113180503172583,-0.03033954150951775
0,1,18,1.0,4.582575694955841,5.0,-2.165063509461097,0.0004828688002381492,-0.026274813686414836,-0.01011318050317258,-0.030339541509517738
0,11,18,0.9999999999999999,4.58257569495584,5.0,-2.165063509461099,0.00048286880023814855,-0.02627481368641483,-0.010113180503172576,-0.03033954150951773
3,22,23,1.0000000000000004,4.582575694955841,5.0,2.165063509461096,-0.0004828688002381491,-0.026274813686414822,-0.010113180503172574,-0.03033954150951772
4,5,12,0.9999999999999998,4.58257569495584,5.0,2.1650635094610986,-0.00048286880023814844,-0.02627481368641482,-0.010113180503172572,-0.030339541509517714
1,19,20,0.9999999999999996,4.582575694955839,5.0,2.1650635094610937,-0.00048286880023814936,-0.026274813686414808,-0.010113180503172569,-0.030339541509517703
3,4,22,1.0000000000000002,4.582575694955841,5.0,-2.165063509461096,0.00048286880023814844,-0.026274813686414784,-0.010113180503172559,-0.03033954150951768
3,8,9,1.0000000000000002,1.7320508075688772,2.0,0.8660254037844379,-0.001185656647272424,-0.02580651927627354,-0.009932933900669195,-0.02979880170200759
9,16,18,0.9999999999999999,1.7320508075688772,2.0,0.8660254037844388,-0.001185656647272419,-0.025806519276273462,-0.009932933900669166,-0.0297988017020075
9,11,16,0.9999999999999999,1.7320508075688772,2.0,-0.8660254037844388,0.0011856566472724186,-0.025806519276273452,-0.009932933900669162,-0.029798801702007487
4,8,9,1.0000000000000002,1.7320508075688772,2.0,0.8660254037844382,-0.0011856566472724186,-0.02580651927627343,-0.009932933900669154,-0.029798801702007462
5,7,14,0.9999999999999997,1.7320508075688774,1.9999999999999998,-0.8660254037844392,0.0011856566472724153,-0.02580651927627339,-0.009932933900669138,-0.029798801702007414
14,15,19,0.9999999999999997,1.7320508075688776,2.0,-0.8660254037844382,0.0011856566472724166,-0.02580651927627339,-0.009932933900669138,-0.029798801702007414
1,7,8,1.0,1.7320508075688772,2.0,0.8660254037844384,-0.001185656647272416,-0.02580651927627338,-0.009932933900669134,-0.029798801702007403
15,16,23,1.0000000000000004,1.7320508075688772,2.0,-0.8660254037844384,0.001185656647272414,-0.025806519276273338,-0.009932933900669119,-0.029798801702007355
14,15,20,0.9999999999999997,1.7320508075688774,2.0,-0.866025403784438,0.0011856566472724145,-0.025806519276273338,-0.009932933900669119,-0.029798801702007355
7,12,14,0.9999999999999997,1.7320508075688772,2.0,0.8660254037844388,-0.0011856566472724123,-0.025806519276273313,-0.009932933900669108,-0.029798801702007327
0,7,8,1.0,1.7320508075688774,2.0,0.8660254037844386,-0.0011856566472724104,-0.025806519276273265,-0.00993293390066909,-0.029798801702007268
15,16,22,1.0000000000000004,1.7320508075688772,2.0,-0.8660254037844384,0.0011856566472724097,-0.02580651927627324,-0.00993293390066908,-0.029798801702007244
0,5,23,1.7320508075688772,5.0,5.291502622129181,4.330127018922193,-0.00023520458529197155,-0.02559683563605305,-0.009852226629918555,-0.029556679889755664
0,18,23,1.7320508075688776,5.0,5.291502622129181,-4.330127018922192,0.00023520458529197142,-0.025596835636053028,-0.009852226629918547,-0.029556679889755643
1,20,22,1.7320508075688776,5.0,5.291502622129181,4.330127018922193,-0.00023520458529197106,-0.025596835636052997,-0.009852226629918536,-0.029556679889755605
4,11,19,1.7320508075688774,5.0,5.291502622129181,-4.330127018922191,0.00023520458529197106,-0.025596835636052986,-0.009852226629918531,-0.029556679889755594
4,12,19,1.732050807568877,5.0,5.291502622129181,4.330127018922192,-0.0002352045852919709,-0.025596835636052973,-0.009852226629918526,-0.029556679889755577
5,18,23,1.7320508075688776,5.0,5.291502622129181,-4.330127018922189,0.0002352045852919708,-0.025596835636052945,-0.009852226629918515,-0.029556679889755546
0,5,18,1.7320508075688772,5.0,5.291502622129181,4.330127018922193,-0.00023520458529197047,-0.02559683563605293,-0.00985222662991851,-0.02955667988975553
1,3,22,1.7320508075688776,5.0,5.291502622129181,-4.330127018922191,0.00023520458529197052,-0.025596835636052927,-0.009852226629918508,-0.029556679889755525
11,12,19,1.732050807568877,5.0,5.291502622129181,4.330127018922191,-0.00023520458529197047,-0.02559683563605292,-0.009852226629918507,-0.029556679889755518
1,3,20,1.7320508075688776,5.0,5.291502622129181,-4.330127018922191,0.00023520458529197047,-0.02559683563605292,-0.009852226629918507,-0.029556679889755518
3,20,22,1.7320508075688776,5.0,5.291502622129181,4.330127018922193,-0.00023520458529196982,-0.02559683563605286,-0.009852226629918482,-0.02955667988975545
4,11,12,1.7320508075688774,5.0,5.291502622129181,-4.330127018922191,0.00023520458529196982,-0.02559683563605285,-0.009852226629918479,-0.02955667988975544
1,5,6,0.9999999999999998,1.7320508075688774,2.6457513110645907,0.4330127018922195,-0.002188461231328409,-0.023816577540208224,-0.00916700496934321,-0.027501014908029628
4,10,18,1.0,1.7320508075688772,2.6457513110645907,0.4330127018922194,-0.002188461231328405,-0.023816577540208172,-0.009167004969343188,-0.027501014908029565
3,10,11,1.0,1.7320508075688776,2.6457513110645907,0.4330127018922194,-0.0021884612313284035,-0.023816577540208158,-0.009167004969343183,-0.027501014908029548
0,6,12,1.0000000000000002,1.732050807568877,2.6457513110645903,-0.4330127018922191,0.0021884612313283983,-0.02381657754020808,-0.009167004969343154,-0.02750101490802946
11,17,23,1.0000000000000002,1.7320508075688772,2.6457513110645907,0.4330127018922192,-0.0021884612313283966,-0.023816577540208064,-0.009167004969343147,-0.02750101490802944
20,21,23,1.0,1.732050807568878,2.6457513110645916,-0.4330127018922184,0.0021884612313284005,-0.023816577540208064,-0.009167004969343147,-0.02750101490802944
12,13,20,0.9999999999999999,1.732050807568877,2.6457513110645903,-0.43301270189221913,0.002188461231328396,-0.02381657754020806,-0.009167004969343145,-0.027501014908029437
19,21,22,1.0000000000000002,1.732050807568877,2.6457513110645907,-0.43301270189221897,0.0021884612313283966,-0.023816577540208054,-0.009167004969343143,-0.02750101490802943
0,2,3,1.0,1.7320508075688772,2.6457513110645907,0.4330127018922195,-0.002188461231328393,-0.023816577540208047,-0.00916700496934314,-0.02750101490802942
5,13,19,1.0,1.732050807568877,2.6457513110645903,-0.4330127018922192,0.0021884612313283936,-0.023816577540208033,-0.009167004969343135,-0.027501014908029402
17,18,22,1.0,1.7320508075688779,2.645751311064591,-0.43301270189221985,0.0021884612313283884,-0.023816577540208016,-0.009167004969343128,-0.02750101490802938
1,2,4,1.0,1.7320508075688774,2.6457513110645907,0.43301270189221935,-0.0021884612313283905,-0.023816577540208012,-0.009167004969343128,-0.02750101490802938
1,5,20,2.6457513110645907,3.464101615137754,5.0,4.330127018922193,-0.00020686133366739102,-0.022512297329433373,-0.008664987282150167,-0.025994961846450504
5,20,23,2.6457513110645916,3.464101615137754,5.0,4.330127018922193,-0.00020686133366739091,-0.02251229732943336,-0.008664987282150162,-0.025994961846450487
11,19,23,2.6457513110645907,3.4641016151377553,5.0,4.330127018922193,-0.0002068613336673905,-0.022512297329433315,-0.008664987282150144,-0.025994961846450435
11,19,22,2.6457513110645907,3.4641016151377553,5.0,4.330127018922193,-0.00020686133366739018,-0.02251229732943328,-0.008664987282150132,-0.025994961846450396
0,4,18,2.6457513110645907,3.4641016151377544,5.0,-4.3301270189221945,0.00020686133366738978,-0.022512297329433245,-0.008664987282150118,-0.025994961846450355
5,19,23,2.6457513110645903,3.4641016151377553,5.0,4.330127018922194,-0.00020686133366738978,-0.022512297329433238,-0.008664987282150115,-0.025994961846450344
0,3,18,2.6457513110645907,3.464101615137755,5.0,-4.330127018922194,0.0002068613336673897,-0.02251229732943323,-0.008664987282150113,-0.025994961846450337
3,11,22,2.6457513110645907,3.4641016151377553,5.0,-4.330127018922191,0.0002068613336673894,-0.022512297329433186,-0.008664987282150096,-0.025994961846450285
1,12,20,2.6457513110645903,3.4641016151377544,5.0,4.330127018922189,-0.00020686133366738942,-0.02251229732943318,-0.008664987282150092,-0.02599496184645028
3,18,22,2.645751311064591,3.464101615137755,5.0,-4.330127018922194,0.00020686133366738915,-0.022512297329433172,-0.00866498728215009,-0.025994961846450268
0,4,12,2.6457513110645903,3.4641016151377544,5.0,-4.330127018922194,0.0002068613336673891,-0.022512297329433165,-0.008664987282150087,-0.025994961846450265
1,4,12,2.6457513110645907,3.4641016151377544,5.0,-4.330127018922192,0.00020686133366738894,-0.022512297329433138,-0.008664987282150077,-0.02599496184645023
3,8,11,1.7320508075688772,2.6457513110645907,2.6457513110645907,2.1650635094610955,-0.0003953749125052618,-0.02151392294808609,-0.00828071280360158,-0.024842138410804744
4,16,18,1.7320508075688772,2.6457513110645907,2.6457513110645907,2.1650635094610973,-0.0003953749125052614,-0.021513922948086083,-0.008280712803601578,-0.024842138410804734
16,20,23,1.7320508075688772,2.645751311064591,2.6457513110645916,2.165063509461096,-0.0003953749125052602,-0.021513922948086007,-0.008280712803601549,-0.024842138410804647
14,19,22,1.7320508075688776,2.6457513110645903,2.6457513110645907,2.1650635094610955,-0.00039537491250525965,-0.021513922948085972,-0.008280712803601535,-0.024842138410804605
1,5,8,1.7320508075688772,2.6457513110645907,2.6457513110645907,2.165063509461096,-0.00039537491250525933,-0.021513922948085958,-0.00828071280360153,-0.024842138410804588
9,11,23,1.7320508075688772,2.6457513110645907,2.6457513110645907,-2.1650635094610964,0.0003953749125052591,-0.02151392294808595,-0.008280712803601526,-0.024842138410804585
12,15,20,1.7320508075688774,2.6457513110645903,2.6457513110645903,-2.1650635094610946,0.0003953749125052592,-0.02151392294808594,-0.008280712803601523,-0.02484213841080457
0,3,7,1.7320508075688774,2.6457513110645907,2.6457513110645907,-2.165063509461096,0.0003953749125052588,-0.021513922948085927,-0.008280712803601518,-0.02484213841080455
15,18,22,1.7320508075688772,2.645751311064591,2.645751311064591,-2.1650635094610955,0.00039537491250525873,-0.021513922948085924,-0.008280712803601516,-0.02484213841080455
0,12,14,1.7320508075688772,2.6457513110645903,2.6457513110645907,2.1650635094610964,-0.00039537491250525846,-0.021513922948085917,-0.008280712803601514,-0.02484213841080454
5,7,19,1.7320508075688774,2.6457513110645903,2.6457513110645907,-2.165063509461097,0.00039537491250525814,-0.021513922948085903,-0.008280712803601509,-0.024842138410804526
1,4,9,1.7320508075688772,2.6457513110645907,2.6457513110645907,-2.165063509461096,0.0003953749125052571,-0.021513922948085837,-0.008280712803601483,-0.02484213841080445
3,9,10,1.0,1.7320508075688776,2.0,0.8660254037844388,-0.0009591961924397354,-0.0208774733282769,-0.008035743230719932,-0.0241072296921598
9,10,18,1.0,1.7320508075688772,2.0,-0.8660254037844388,0.000959196192439733,-0.020877473328276847,-0.008035743230719913,-0.02410722969215974
1,6,7,1.0,1.7320508075688774,2.0,0.8660254037844384,-0.0009591961924397335,-0.020877473328276844,-0.008035743230719912,-0.024107229692159737
11,16,17,1.0,1.7320508075688772,2.0,0.8660254037844384,-0.0009591961924397298,-0.020877473328276764,-0.00803574323071988,-0.024107229692159643
13,14,20,1.0,1.732050807568877,2.0,-0.8660254037844382,0.0009591961924397297,-0.020877473328276757,-0.008035743230719879,-0.024107229692159633
2,4,8,1.0,1.7320508075688774,2.0,-0.8660254037844382,0.0009591961924397293,-0.02087747332827675,-0.008035743230719875,-0.02410722969215963
6,7,12,1.0,1.732050807568877,2.0,-0.8660254037844384,0.0009591961924397287,-0.02087747332827674,-0.008035743230719872,-0.02410722969215961
15,19,21,1.0,1.732050807568877,2.0,0.8660254037844382,-0.0009591961924397286,-0.020877473328276733,-0.008035743230719868,-0.024107229692159608
5,13,14,1.0,1.732050807568877,1.9999999999999998,0.8660254037844384,-0.0009591961924397282,-0.02087747332827673,-0.008035743230719868,-0.0241072296921596
0,2,8,1.0,1.7320508075688772,2.0,-0.8660254037844382,0.0009591961924397265,-0.02087747332827669,-0.008035743230719853,-0.02410722969215956
15,21,23,1.0,1.732050807568878,2.0,0.8660254037844384,-0.0009591961924397263,-0.020877473328276688,-0.008035743230719851,-0.024107229692159553
16,17,22,1.0,1.7320508075688779,2.0,-0.8660254037844379,0.0009591961924397218,-0.02087747332827658,-0.008035743230719811,-0.02410722969215943
4,9,18,1.7320508075688772,2.0,2.6457513110645907,1.732050807568878,-0.00046312880164363113,-0.02016054542351457,-0.007759797551517209,-0.023279392654551628
11,16,23,1.7320508075688772,2.0,2.6457513110645907,1.7320508075688763,-0.00046312880164363086,-0.020160545423514538,-0.007759797551517197,-0.023279392654551593
3,9,11,1.7320508075688772,2.0,2.6457513110645907,1.7320508075688767,-0.00046312880164363075,-0.020160545423514534,-0.007759797551517196,-0.02327939265455159
1,5,7,1.7320508075688774,2.0,2.6457513110645907,1.732050807568877,-0.0004631288016436304,-0.020160545423514524,-0.007759797551517192,-0.023279392654551576
15,19,22,1.7320508075688772,2.0,2.6457513110645907,1.7320508075688763,-0.000463128801643629,-0.020160545423514455,-0.007759797551517165,-0.023279392654551496
5,14,19,1.7320508075688776,1.9999999999999998,2.6457513110645903,-1.7320508075688774,0.00046312880164362793,-0.020160545423514423,-0.007759797551517153,-0.02327939265455146
12,14,20,1.7320508075688772,2.0,2.6457513110645903,-1.7320508075688754,0.0004631288016436282,-0.02016054542351441,-0.007759797551517148,-0.023279392654551444
15,20,23,1.7320508075688774,2.0,2.6457513110645916,1.732050807568876,-0.0004631288016436275,-0.020160545423514385,-0.007759797551517138,-0.023279392654551416
0,3,8,1.7320508075688772,2.0,2.6457513110645907,-1.7320508075688765,0.00046312880164362734,-0.020160545423514385,-0.007759797551517138,-0.023279392654551416
1,4,8,1.7320508075688772,2.0,2.6457513110645907,-1.7320508075688763,0.0004631288016436272,-0.020160545423514375,-0.007759797551517135,-0.023279392654551402
0,7,12,1.7320508075688774,2.0,2.6457513110645903,-1.7320508075688767,0.00046312880164362566,-0.020160545423514312,-0.00775979755151711,-0.023279392654551333
16,18,22,1.7320508075688772,2.0,2.645751311064591,-1.7320508075688767,0.0004631288016436247,-0.02016054542351427,-0.007759797551517095,-0.023279392654551284
5,7,22,1.7320508075688774,3.4641016151377544,4.582575694955839,-2.598076211353315,-0.00030151413771463154,0.01968790144659937,0.007577876799981979,0.022733630399945935
4,15,22,1.7320508075688772,3.464101615137755,4.582575694955841,2.598076211353315,0.0003015141377146288,0.01968790144659919,0.00757787679998191,0.022733630399945727
3,12,14,1.7320508075688772,3.4641016151377544,4.58257569495584,2.598076211353315,0.0003015141377146285,0.01968790144659917,0.007577876799981903,0.02273363039994571
0,15,20,1.7320508075688774,3.4641016151377544,4.58257569495584,-2.5980762113533156,-0.0003015141377146282,0.01968790144659915,0.007577876799981895,0.022733630399945682
9,11,20,1.7320508075688772,3.4641016151377553,4.582575694955841,-2.5980762113533147,-0.000301514137714628,0.019687901446599137,0.00757787679998189,0.022733630399945668
14,18,19,1.7320508075688776,3.464101615137755,4.58257569495584,-2.598076211353315,-0.0003015141377146278,0.019687901446599126,0.007577876799981885,0.022733630399945654
1,16,18,1.7320508075688772,3.464101615137755,4.582575694955841,2.598076211353315,0.0003015141377146277,0.01968790144659912,0.007577876799981883,0.022733630399945647
12,16,23,1.7320508075688772,3.464101615137755,4.58257569495584,-2.5980762113533147,-0.0003015141377146277,0.019687901446599116,0.007577876799981881,0.022733630399945644
3,8,23,1.7320508075688772,3.464101615137755,4.582575694955841,2.598076211353315,0.0003015141377146273,0.019687901446599095,0.007577876799981873,0.02273363039994562
4,5,9,1.7320508075688772,3.4641016151377544,4.58257569495584,2.598076211353315,0.0003015141377146272,0.01968790144659909,0.0075778767999818706,0.022733630399945613
0,7,11,1.7320508075688774,3.4641016151377544,4.58257569495584,2.5980762113533156,0.0003015141377146263,0.019687901446599026,0.007577876799981846,0.02273363039994554
1,8,19,1.7320508075688772,3.464101615137755,4.582575694955839,-2.5980762113533147,-0.00030151413771462585,0.019687901446598995,0.007577876799981834,0.022733630399945505
1,5,23,2.6457513110645907,5.0,5.196152422706632,6.495190528383289,-0.0001168836857179199,-0.01908031993600637,-0.007344018567518307,-0.022032055702554922
1,20,23,2.6457513110645916,5.0,5.196152422706632,6.495190528383289,-0.00011688368571791981,-0.019080319936006354,-0.0073440185675183005,-0.0220320557025549
5,11,19,2.6457513110645903,5.0,5.196152422706632,-6.49519052838329,0.00011688368571791939,-0.019080319936006288,-0.007344018567518275,-0.02203205570255483
5,11,23,2.6457513110645907,5.0,5.196152422706632,-6.4951905283832865,0.00011688368571791943,-0.01908031993600628,-0.007344018567518273,-0.022032055702554818
3,11,19,2.6457513110645907,5.0,5.196152422706632,-6.4951905283832865,0.00011688368571791912,-0.019080319936006233,-0.0073440185675182545,-0.022032055702554763
0,18,22,2.645751311064591,5.0,5.196152422706632,-6.495190528383289,0.00011688368571791898,-0.01908031993600622,-0.0073440185675182484,-0.02203205570255475
0,3,22,2.6457513110645907,5.0,5.196152422706632,-6.495190528383289,0.00011688368571791889,-0.019080319936006205,-0.007344018567518243,-0.02203205570255473
4,12,18,2.6457513110645907,5.0,5.196152422706632,6.495190528383291,-0.00011688368571791877,-0.019080319936006188,-0.007344018567518237,-0.02203205570255471
3,19,22,2.6457513110645907,5.0,5.196152422706632,6.4951905283832865,-0.00011688368571791859,-0.019080319936006146,-0.007344018567518221,-0.022032055702554662
4,12,20,2.6457513110645903,5.0,5.196152422706632,6.495190528383285,-0.00011688368571791855,-0.019080319936006136,-0.007344018567518216,-0.02203205570255465
0,12,18,2.6457513110645903,5.0,5.196152422706632,6.495190528383291,-0.00011688368571791824,-0.0190803199360061,-0.007344018567518203,-0.02203205570255461
1,4,20,2.6457513110645907,5.0,5.196152422706632,-6.4951905283832865,0.0001168836857179183,-0.0190803199360061,-0.007344018567518203,-0.02203205570255461
0,5,9,1.7320508075688772,3.0,3.4641016151377544,2.598076211353315,0.00028512683830573935,0.01861786360962225,0.0071660190445007625,0.021498057133502287
7,20,22,1.7320508075688776,2.9999999999999996,3.4641016151377544,2.5980762113533156,0.00028512683830573816,0.018617863609622174,0.007166019044500733,0.0214980571335022
1,3,14,1.7320508075688776,3.0,3.4641016151377544,-2.598076211353315,-0.000285126838305738,0.018617863609622164,0.007166019044500729,0.021498057133502186
9,20,22,1.7320508075688776,3.0,3.4641016151377553,2.5980762113533156,0.0002851268383057376,0.01861786360962214,0.00716601904450072,0.021498057133502158
0,5,15,1.7320508075688772,2.9999999999999996,3.4641016151377544,2.5980762113533156,0.00028512683830573746,0.01861786360962213,0.007166019044500716,0.021498057133502148
14,18,23,1.7320508075688776,2.9999999999999996,3.464101615137755,-2.5980762113533142,-0.00028512683830573724,0.018617863609622105,0.007166019044500706,0.02149805713350212
8,18,23,1.7320508075688776,3.0,3.464101615137755,-2.598076211353315,-0.000285126838305737,0.018617863609622098,0.0071660190445007035,0.02149805713350211
1,3,16,1.7320508075688776,3.0,3.464101615137755,-2.598076211353315,-0.00028512683830573697,0.018617863609622094,0.007166019044500703,0.021498057133502106
4,11,15,1.7320508075688774,3.0000000000000004,3.464101615137755,-2.5980762113533147,-0.0002851268383057363,0.01861786360962205,0.007166019044500685,0.021498057133502058
12,16,19,1.732050807568877,3.0000000000000004,3.464101615137755,-2.5980762113533147,-0.0002851268383057358,0.018617863609622014,0.007166019044500671,0.021498057133502013
4,7,11,1.7320508075688774,3.0,3.4641016151377544,2.5980762113533147,0.0002851268383057353,0.018617863609621983,0.007166019044500659,0.021498057133501978
8,12,19,1.732050807568877,3.0,3.464101615137755,2.5980762113533147,0.0002851268383057347,0.01861786360962194,0.007166019044500644,0.02149805713350193
5,6,22,0.9999999999999998,4.358898943540673,4.582575694955839,-2.1650635094610955,-0.0003295736967315455,0.017933416847999935,0.006902575363121688,0.020707726089365063
4,21,22,1.0000000000000002,4.358898943540674,4.582575694955841,2.165063509461096,0.00032957369673154377,0.017933416847999845,0.006902575363121654,0.02070772608936496
2,3,23,1.0,4.358898943540674,4.582575694955841,-2.1650635094610964,-0.00032957369673154344,0.01793341684799983,0.006902575363121648,0.020707726089364945
12,17,23,1.0000000000000002,4.358898943540674,4.58257569495584,-2.1650635094610946,-0.0003295736967315437,0.01793341684799983,0.006902575363121648,0.020707726089364945
3,12,13,0.9999999999999999,4.358898943540674,4.58257569495584,2.1650635094610937,0.0003295736967315434,0.017933416847999803,0.006902575363121637,0.02070772608936491
0,6,11,1.0000000000000002,4.358898943540674,4.58257569495584,2.1650635094610964,0.00032957369673154247,0.01793341684799978,0.006902575363121628,0.020707726089364886
1,2,19,1.0,4.358898943540674,4.582575694955839,-2.165063509461095,-0.00032957369673154263,0.017933416847999775,0.006902575363121627,0.02070772608936488
13,18,19,1.0,4.358898943540674,4.58257569495584,-2.1650635094610977,-0.00032957369673154144,0.017933416847999734,0.00690257536312161,0.02070772608936483
10,11,20,1.0,4.358898943540674,4.582575694955841,-2.1650635094610937,-0.00032957369673154203,0.01793341684799973,0.006902575363121609,0.020707726089364827
1,17,18,1.0,4.358898943540674,4.582575694955841,2.1650635094610964,0.0003295736967315415,0.017933416847999723,0.006902575363121607,0.02070772608936482
0,20,21,1.0,4.358898943540673,4.58257569495584,2.165063509461096,0.0003295736967315413,0.01793341684799971,0.006902575363121602,0.020707726089364806
4,5,10,1.0,4.358898943540674,4.58257569495584,2.1650635094610977,0.0003295736967315381,0.01793341684799955,0.00690257536312154,0.02070772608936462
1,5,12,0.9999999999999998,2.6457513110645907,3.4641016151377544,0.8660254037844406,-0.0008127860535821413,-0.017690769926948763,-0.006809180519663736,-0.020427541558991208
5,12,20,0.9999999999999998,2.6457513110645903,3.464101615137754,0.8660254037844383,-0.0008127860535821429,-0.01769076992694875,-0.006809180519663731,-0.02042754155899119
3,4,18,1.0000000000000002,2.6457513110645907,3.464101615137755,-0.8660254037844388,0.0008127860535821419,-0.01769076992694874,-0.006809180519663727,-0.02042754155899118
5,19,20,0.9999999999999996,2.6457513110645903,3.464101615137754,0.8660254037844383,-0.0008127860535821412,-0.017690769926948714,-0.006809180519663717,-0.020427541558991152
3,11,18,0.9999999999999999,2.6457513110645907,3.464101615137755,-0.8660254037844388,0.0008127860535821406,-0.01769076992694871,-0.006809180519663716,-0.02042754155899115
11,22,23,1.0000000000000004,2.6457513110645907,3.4641016151377553,0.8660254037844388,-0.0008127860535821404,-0.017690769926948707,-0.006809180519663715,-0.020427541558991145
19,22,23,1.0000000000000004,2.6457513110645907,3.4641016151377553,0.8660254037844384,-0.0008127860535821397,-0.01769076992694868,-0.006809180519663704,-0.02042754155899111
19,20,23,0.9999999999999996,2.6457513110645916,3.4641016151377553,0.8660254037844369,-0.0008127860535821402,-0.017690769926948662,-0.006809180519663697,-0.02042754155899109
11,18,22,0.9999999999999999,2.645751311064591,3.4641016151377553,-0.8660254037844406,0.0008127860535821365,-0.017690769926948655,-0.006809180519663695,-0.020427541558991087
0,1,12,1.0,2.6457513110645903,3.4641016151377544,-0.8660254037844395,0.0008127860535821371,-0.017690769926948645,-0.00680918051966369,-0.020427541558991073
0,3,4,1.0000000000000002,2.6457513110645907,3.4641016151377544,-0.8660254037844379,0.000812786053582136,-0.017690769926948593,-0.00680918051966367,-0.02042754155899101
0,1,4,1.0,2.6457513110645907,3.4641016151377544,-0.8660254037844379,0.0008127860535821358,-0.017690769926948586,-0.006809180519663668,-0.020427541558991007
0,11,19,3.999999999999999,4.58257569495584,5.0,-8.660254037844384,-7.673255254509216e-05,0.01670129460268282,0.006428331289782779,0.019284993869348337
0,18,19,3.999999999999999,4.58257569495584,5.0,-8.660254037844386,-7.673255254509207e-05,0.016701294602682805,0.006428331289782774,0.019284993869348323
1,11,19,4.0,4.582575694955839,5.0,-8.660254037844382,-7.673255254509183e-05,0.016701294602682746,0.006428331289782751,0.019284993869348257
1,11,20,4.0,4.582575694955841,5.0,-8.660254037844382,-7.673255254509168e-05,0.01670129460268271,0.0064283312897827375,0.019284993869348212
3,5,22,4.0,4.582575694955839,5.0,8.660254037844384,7.673255254509152e-05,0.01670129460268268,0.006428331289782726,0.019284993869348177
1,18,20,4.000000000000001,4.582575694955841,5.0,-8.660254037844386,-7.673255254509149e-05,0.016701294602682677,0.0064283312897827245,0.019284993869348174
0,18,20,4.000000000000001,4.58257569495584,5.0,-8.660254037844386,-7.673255254509146e-05,0.016701294602682673,0.006428331289782724,0.01928499386934817
3,5,23,4.0,4.582575694955841,5.0,8.660254037844384,7.673255254509128e-05,0.016701294602682625,0.006428331289782705,0.019284993869348115
3,12,22,3.999999999999999,4.58257569495584,5.0,8.660254037844382,7.673255254509125e-05,0.016701294602682618,0.006428331289782702,0.019284993869348104
4,12,23,4.0,4.58257569495584,5.0,8.660254037844384,7.67325525450912e-05,0.016701294602682607,0.006428331289782698,0.019284993869348094
4,12,22,3.999999999999999,4.582575694955841,5.0,8.660254037844382,7.67325525450911e-05,0.016701294602682586,0.00642833128978269,0.01928499386934807
4,5,23,4.0,4.58257569495584,5.0,8.660254037844386,7.673255254509073e-05,0.016701294602682513,0.006428331289782662,0.019284993869347986
2,4,21,1.7320508075688774,4.0,4.358898943540674,-3.4641016151377544,-0.00019030289782479072,0.016568221204153664,0.006377111314807588,0.019131333944422766
2,21,23,1.732050807568878,4.0,4.358898943540674,3.464101615137754,0.0001903028978247905,0.016568221204153643,0.006377111314807581,0.019131333944422742
6,12,17,1.732050807568877,3.9999999999999996,4.358898943540674,3.4641016151377544,0.0001903028978247904,0.016568221204153636,0.006377111314807578,0.019131333944422735
2,19,21,1.732050807568877,4.0,4.358898943540674,3.464101615137753,0.00019030289782479012,0.016568221204153608,0.006377111314807568,0.019131333944422704
3,10,13,1.7320508075688776,4.0,4.358898943540674,-3.4641016151377544,-0.00019030289782478985,0.01656822120415359,0.006377111314807561,0.019131333944422683
1,6,17,1.7320508075688774,3.9999999999999996,4.358898943540674,3.464101615137754,0.00019030289782478977,0.01656822120415358,0.006377111314807556,0.019131333944422672
6,17,22,1.7320508075688779,3.9999999999999996,4.358898943540673,-3.4641016151377535,-0.00019030289782478974,0.016568221204153574,0.006377111314807554,0.019131333944422662
10,13,18,1.7320508075688772,4.0,4.358898943540674,3.4641016151377544,0.00019030289782478963,0.01656822120415357,0.006377111314807553,0.01913133394442266
6,11,17,1.7320508075688772,3.9999999999999996,4.358898943540674,-3.464101615137755,-0.00019030289782478955,0.016568221204153567,0.006377111314807551,0.019131333944422655
10,13,20,1.732050807568877,4.0,4.358898943540674,3.4641016151377526,0.00019030289782478966,0.016568221204153567,0.006377111314807551,0.019131333944422655
0,2,21,1.7320508075688772,4.0,4.358898943540673,-3.4641016151377535,-0.00019030289782478942,0.016568221204153546,0.006377111314807543,0.019131333944422627
5,10,13,1.732050807568877,4.0,4.358898943540674,-3.4641016151377535,-0.000190302897824788,0.016568221204153424,0.0063771113148074965,0.01913133394442249
1,8,14,1.7320508075688772,1.7320508075688772,3.0,-1.2990381056766576,0.0005032759269600368,-0.01643114801438102,-0.006324351819464977,-0.018973055458394936
8,16,18,1.7320508075688772,1.7320508075688774,3.0,1.2990381056766578,-0.000503275926960036,-0.016431148014380996,-0.006324351819464969,-0.018973055458394904
14,16,23,1.7320508075688772,1.7320508075688774,2.9999999999999996,-1.2990381056766576,0.0005032759269600355,-0.01643114801438098,-0.006324351819464962,-0.018973055458394887
0,7,9,1.7320508075688772,1.7320508075688774,3.0,1.2990381056766576,-0.0005032759269600355,-0.01643114801438098,-0.006324351819464962,-0.018973055458394887
3,8,16,1.7320508075688772,1.7320508075688774,3.0,1.2990381056766578,-0.0005032759269600342,-0.016431148014380937,-0.006324351819464945,-0.01897305545839484
14,16,19,1.7320508075688774,1.7320508075688776,3.0000000000000004,-1.2990381056766573,0.000503275926960034,-0.016431148014380927,-0.006324351819464942,-0.018973055458394825
8,12,14,1.7320508075688772,1.7320508075688772,3.0,1.299038105676658,-0.0005032759269600329,-0.0164311480143809,-0.006324351819464931,-0.018973055458394793
5,7,15,1.732050807568877,1.7320508075688774,2.9999999999999996,-1.299038105676658,0.0005032759269600325,-0.01643114801438088,-0.0063243518194649245,-0.018973055458394776
9,15,22,1.7320508075688772,1.7320508075688776,3.0,1.2990381056766571,-0.0005032759269600326,-0.016431148014380875,-0.006324351819464922,-0.018973055458394762
4,7,9,1.7320508075688772,1.7320508075688772,3.0,1.2990381056766573,-0.0005032759269600315,-0.016431148014380843,-0.00632435181946491,-0.018973055458394728
7,15,20,1.732050807568877,1.7320508075688774,2.9999999999999996,-1.299038105676658,0.0005032759269600312,-0.01643114801438084,-0.006324351819464908,-0.018973055458394728
9,11,15,1.7320508075688772,1.7320508075688776,3.0000000000000004,-1.299038105676658,0.0005032759269600301,-0.016431148014380805,-0.006324351819464895,-0.018973055458394682
3,12,23,4.58257569495584,4.58257569495584,4.582575694955841,9.093266739736602,-6.956153528597816e-05,-0.01589750422808477,-0.0061189522303519706,-0.01835685669105591
4,5,22,4.582575694955839,4.58257569495584,4.582575694955841,9.093266739736604,-6.956153528597781e-05,-0.015897504228084693,-0.006118952230351941,-0.01835685669105582
1,18,19,4.582575694955839,4.58257569495584,4.582575694955841,-9.093266739736604,6.956153528597754e-05,-0.01589750422808463,-0.006118952230351917,-0.018356856691055752
0,11,20,4.58257569495584,4.58257569495584,4.582575694955841,-9.093266739736602,6.956153528597747e-05,-0.015897504228084613,-0.00611895223035191,-0.01835685669105573
5,19,22,2.6457513110645903,2.6457513110645907,4.582575694955839,3.0310889132455348,-0.00020788254036648536,-0.01583640322118926,-0.006095434441832717,-0.018286303325498153
11,20,23,2.6457513110645907,2.6457513110645916,4.582575694955841,3.0310889132455356,-0.00020788254036648455,-0.0158364032211892,-0.006095434441832695,-0.018286303325498084
3,11,23,2.6457513110645907,2.6457513110645907,4.582575694955841,-3.031088913245534,0.00020788254036648463,-0.015836403221189198,-0.006095434441832693,-0.01828630332549808
12,20,23,2.6457513110645903,2.6457513110645916,4.58257569495584,3.031088913245533,-0.00020788254036648466,-0.015836403221189198,-0.006095434441832693,-0.01828630332549808
0,3,12,2.6457513110645903,2.6457513110645907,4.58257569495584,-3.0310889132455356,0.00020788254036648436,-0.015836403221189187,-0.006095434441832689,-0.018286303325498066
1,5,19,2.6457513110645903,2.6457513110645907,4.582575694955839,3.031088913245536,-0.0002078825403664843,-0.015836403221189184,-0.006095434441832688,-0.018286303325498063
4,18,22,2.6457513110645907,2.645751311064591,4.582575694955841,-3.0310889132455365,0.0002078825403664841,-0.01583640322118917,-0.006095434441832683,-0.01828630332549805
1,4,18,2.6457513110645907,2.6457513110645907,4.582575694955841,-3.0310889132455356,0.0002078825403664837,-0.015836403221189135,-0.006095434441832669,-0.018286303325498007
0,3,11,2.6457513110645907,2.6457513110645907,4.58257569495584,-3.031088913245534,0.0002078825403664836,-0.015836403221189118,-0.006095434441832663,-0.018286303325497986
18,19,22,2.6457513110645907,2.645751311064591,4.58257569495584,3.031088913245533,-0.0002078825403664836,-0.015836403221189115,-0.006095434441832661,-0.018286303325497983
0,12,20,2.6457513110645903,2.6457513110645903,4.58257569495584,3.0310889132455334,-0.0002078825403664835,-0.015836403221189108,-0.006095434441832658,-0.018286303325497976
1,4,5,2.6457513110645907,2.6457513110645907,4.58257569495584,-3.031088913245534,0.00020788254036648303,-0.015836403221189076,-0.006095434441832646,-0.018286303325497938
1,6,14,1.732050807568877,1.7320508075688774,3.0,1.2990381056766582,0.0004832495137961718,0.015777317896019844,0.006072692489571571,0.018218077468714716
8,10,18,1.7320508075688772,1.7320508075688774,3.0,-1.2990381056766578,-0.0004832495137961708,0.015777317896019806,0.006072692489571556,0.01821807746871467
0,2,9,1.7320508075688772,1.7320508075688774,3.0,-1.2990381056766571,-0.0004832495137961707,0.015777317896019796,0.006072692489571553,0.018218077468714657
14,21,23,1.732050807568877,1.732050807568878,2.9999999999999996,1.2990381056766576,0.0004832495137961692,0.015777317896019754,0.006072692489571536,0.018218077468714608
3,10,16,1.7320508075688772,1.7320508075688776,3.0,-1.2990381056766578,-0.00048324951379616896,0.015777317896019747,0.006072692489571534,0.0182180774687146
6,8,12,1.732050807568877,1.7320508075688774,3.0,-1.299038105676658,-0.0004832495137961678,0.015777317896019712,0.006072692489571521,0.01821807746871456
9,17,22,1.7320508075688774,1.7320508075688779,3.0,-1.2990381056766578,-0.00048324951379616793,0.015777317896019712,0.006072692489571521,0.01821807746871456
16,19,21,1.732050807568877,1.7320508075688779,3.0000000000000004,1.2990381056766573,0.00048324951379616734,0.01577731789601969,0.006072692489571512,0.01821807746871454
5,13,15,1.732050807568877,1.732050807568877,2.9999999999999996,1.2990381056766578,0.00048324951379616674,0.015777317896019674,0.006072692489571506,0.018218077468714518
7,13,20,1.732050807568877,1.732050807568877,2.9999999999999996,1.2990381056766576,0.0004832495137961662,0.015777317896019657,0.006072692489571499,0.018218077468714497
2,4,7,1.7320508075688774,1.7320508075688774,3.0,-1.2990381056766573,-0.0004832495137961658,0.01577731789601964,0.006072692489571492,0.018218077468714476
11,15,17,1.7320508075688772,1.7320508075688779,3.0000000000000004,1.299038105676658,0.000483249513796165,0.015777317896019622,0.006072692489571486,0.01821807746871446
3,8,18,1.7320508075688772,3.0,3.464101615137755,2.5980762113533156,-0.0002286527973757813,-0.014930290746380429,-0.005746671587668079,-0.017240014763004238
0,4,9,1.7320508075688772,3.0,3.4641016151377544,-2.598076211353315,0.00022865279737578108,-0.014930290746380413,-0.005746671587668073,-0.01724001476300422
1,12,14,1.7320508075688772,3.0,3.4641016151377544,2.598076211353315,-0.00022865279737578067,-0.014930290746380387,-0.005746671587668063,-0.01724001476300419
5,7,20,1.7320508075688774,2.9999999999999996,3.464101615137754,-2.598076211353315,0.00022865279737578018,-0.014930290746380356,-0.0057466715876680514,-0.01724001476300415
5,15,20,1.7320508075688774,2.9999999999999996,3.464101615137754,-2.598076211353315,0.00022865279737578018,-0.014930290746380356,-0.0057466715876680514,-0.01724001476300415
14,19,23,1.7320508075688776,2.9999999999999996,3.4641016151377553,2.5980762113533142,-0.00022865279737578016,-0.014930290746380347,-0.005746671587668048,-0.017240014763004144
3,16,18,1.7320508075688772,3.0,3.464101615137755,2.5980762113533156,-0.00022865279737577997,-0.014930290746380342,-0.005746671587668045,-0.017240014763004137
9,11,22,1.7320508075688772,3.0,3.4641016151377553,-2.5980762113533156,0.00022865279737577983,-0.014930290746380333,-0.005746671587668043,-0.017240014763004127
16,19,23,1.7320508075688772,3.0000000000000004,3.4641016151377553,2.5980762113533147,-0.0002286527973757796,-0.014930290746380316,-0.005746671587668036,-0.017240014763004106
11,15,22,1.7320508075688772,3.0000000000000004,3.4641016151377553,2.5980762113533147,-0.00022865279737577888,-0.014930290746380267,-0.005746671587668017,-0.01724001476300405
1,8,12,1.7320508075688772,3.0,3.4641016151377544,-2.5980762113533147,0.00022865279737577877,-0.01493029074638026,-0.005746671587668014,-0.017240014763004043
0,4,7,1.7320508075688774,3.0,3.4641016151377544,-2.5980762113533156,0.00022865279737577848,-0.014930290746380245,-0.005746671587668008,-0.017240014763004022
0,5,13,1.732050807568877,1.7320508075688772,2.9999999999999996,1.2990381056766576,0.00044251877668879713,0.014447524964757189,0.0055608549516842675,0.016682564855052803
6,12,19,1.732050807568877,1.732050807568877,2.9999999999999996,1.2990381056766571,0.00044251877668879627,0.014447524964757154,0.0055608549516842545,0.01668256485505276
0,2,5,1.7320508075688772,1.7320508075688772,3.0,-1.2990381056766576,-0.00044251877668879556,0.014447524964757139,0.005560854951684248,0.016682564855052744
17,20,22,1.7320508075688776,1.7320508075688779,3.000000000000001,1.2990381056766578,0.00044251877668879534,0.014447524964757132,0.005560854951684246,0.016682564855052737
1,3,10,1.7320508075688776,1.7320508075688776,3.0,-1.2990381056766578,-0.00044251877668879453,0.014447524964757104,0.0055608549516842345,0.016682564855052703
12,19,21,1.732050807568877,1.732050807568877,2.9999999999999996,1.2990381056766571,0.0004425187766887943,0.014447524964757092,0.00556085495168423,0.016682564855052692
2,4,11,1.7320508075688774,1.7320508075688774,3.0,-1.2990381056766576,-0.0004425187766887929,0.014447524964757052,0.0055608549516842146,0.016682564855052644
10,18,23,1.7320508075688772,1.7320508075688776,3.0000000000000004,-1.2990381056766578,-0.00044251877668879133,0.014447524964757,0.005560854951684195,0.016682564855052585
13,20,22,1.732050807568877,1.7320508075688776,2.9999999999999996,1.2990381056766573,0.00044251877668879025,0.014447524964756962,0.00556085495168418,0.016682564855052543
18,21,23,1.7320508075688776,1.732050807568878,3.000000000000001,1.2990381056766567,0.00044251877668879003,0.014447524964756944,0.005560854951684173,0.01668256485505252
1,3,6,1.7320508075688774,1.7320508075688776,3.0,-1.2990381056766573,-0.00044251877668878824,0.014447524964756896,0.005560854951684155,0.016682564855052463
4,11,17,1.7320508075688772,1.7320508075688774,3.0,-1.2990381056766576,-0.00044251877668878467,0.014447524964756783,0.005560854951684111,0.01668256485505233
4,11,16,1.7320508075688774,2.0,2.6457513110645907,-1.7320508075688763,0.00032795944490470505,-0.014276463183906256,-0.005495013241536039,-0.016485039724608117
4,8,11,1.7320508075688774,2.0,2.6457513110645907,1.7320508075688763,-0.0003279594449047048,-0.014276463183906244,-0.005495013241536034,-0.016485039724608103
1,3,7,1.7320508075688776,2.0,2.6457513110645907,-1.7320508075688763,0.0003279594449047046,-0.014276463183906237,-0.005495013241536032,-0.016485039724608092
12,15,19,1.732050807568877,2.0,2.6457513110645903,-1.7320508075688763,0.00032795944490470423,-0.01427646318390622,-0.005495013241536025,-0.016485039724608075
9,18,23,1.7320508075688776,2.0,2.6457513110645907,-1.7320508075688772,0.0003279594449047038,-0.01427646318390621,-0.005495013241536021,-0.01648503972460806
1,3,9,1.7320508075688776,2.0,2.6457513110645907,-1.7320508075688763,0.00032795944490470385,-0.014276463183906204,-0.005495013241536019,-0.016485039724608058
14,20,22,1.7320508075688776,2.0,2.6457513110645903,1.7320508075688763,-0.00032795944490470364,-0.014276463183906194,-0.005495013241536015,-0.016485039724608047
0,5,14,1.7320508075688772,1.9999999999999998,2.6457513110645907,1.7320508075688774,-0.0003279594449047028,-0.014276463183906168,-0.005495013241536005,-0.016485039724608012
15,18,23,1.7320508075688776,2.0,2.645751311064591,-1.7320508075688759,0.0003279594449047028,-0.014276463183906154,-0.0054950132415359995,-0.016485039724608
0,5,8,1.7320508075688772,2.0,2.6457513110645907,1.732050807568877,-0.00032795944490470196,-0.014276463183906126,-0.005495013241535989,-0.016485039724607964
16,20,22,1.7320508075688776,2.0,2.645751311064591,1.7320508075688772,-0.00032795944490470147,-0.014276463183906107,-0.005495013241535981,-0.016485039724607943
7,12,19,1.732050807568877,2.0,2.6457513110645907,1.7320508075688763,-0.0003279594449047016,-0.014276463183906105,-0.005495013241535981,-0.016485039724607943
4,10,16,1.0,1.7320508075688772,2.6457513110645907,-0.43301270189221963,0.0012208950902998666,-0.013286752431495465,-0.00511407339531988,-0.015342220185959644
8,10,11,1.0,1.7320508075688774,2.6457513110645907,-0.4330127018922181,0.0012208950902998688,-0.013286752431495442,-0.005114073395319872,-0.015342220185959616
16,20,21,1.0,1.7320508075688779,2.645751311064591,0.43301270189221985,-0.0012208950902998618,-0.01328675243149542,-0.005114073395319863,-0.01534222018595959
14,21,22,1.0000000000000002,1.732050807568877,2.6457513110645903,0.4330127018922192,-0.001220895090299863,-0.013286752431495411,-0.00511407339531986,-0.015342220185959581
0,6,14,1.0000000000000002,1.732050807568877,2.6457513110645907,0.4330127018922194,-0.0012208950902998605,-0.013286752431495394,-0.0051140733953198535,-0.01534222018595956
2,3,7,1.0,1.7320508075688774,2.6457513110645907,-0.4330127018922192,0.0012208950902998612,-0.013286752431495392,-0.005114073395319853,-0.015342220185959557
12,13,15,0.9999999999999999,1.732050807568877,2.6457513110645903,0.4330127018922182,-0.0012208950902998627,-0.013286752431495378,-0.005114073395319847,-0.015342220185959541
5,6,8,0.9999999999999998,1.7320508075688774,2.6457513110645907,-0.43301270189221874,0.0012208950902998599,-0.013286752431495364,-0.005114073395319842,-0.015342220185959526
9,17,23,1.0000000000000002,1.7320508075688774,2.6457513110645907,-0.433012701892219,0.0012208950902998586,-0.01328675243149536,-0.0051140733953198405,-0.01534222018595952
7,13,19,1.0,1.732050807568877,2.6457513110645907,0.43301270189221985,-0.0012208950902998562,-0.01328675243149536,-0.0051140733953198405,-0.01534222018595952
15,17,18,1.0,1.7320508075688779,2.645751311064591,0.4330127018922185,-0.0012208950902998599,-0.013286752431495357,-0.00511407339531984,-0.015342220185959517
1,2,9,1.0,1.7320508075688774,2.6457513110645907,-0.43301270189221885,0.001220895090299856,-0.013286752431495326,-0.0051140733953198275,-0.015342220185959482
0,1,19,1.0,3.999999999999999,4.582575694955839,-1.7320508075688779,-0.00030149253830437465,0.01312432738314805,0.005051555965062202,0.015154667895186607
0,19,20,0.9999999999999996,3.999999999999999,4.58257569495584,1.7320508075688763,0.00030149253830437443,0.01312432738314803,0.005051555965062194,0.015154667895186583
3,5,12,0.9999999999999998,4.0,4.58257569495584,1.732050807568879,0.0003014925383043731,0.01312432738314799,0.00505155596506218,0.015154667895186538
5,12,22,0.9999999999999998,3.999999999999999,4.582575694955839,1.7320508075688776,0.00030149253830437297,0.013124327383147977,0.0050515559650621735,0.015154667895186522
1,11,18,0.9999999999999999,4.0,4.582575694955841,-1.7320508075688785,-0.0003014925383043727,0.013124327383147972,0.005051555965062172,0.015154667895186517
0,1,11,1.0,4.0,4.58257569495584,-1.7320508075688763,-0.0003014925383043729,0.013124327383147965,0.005051555965062169,0.015154667895186508
11,18,20,0.9999999999999999,4.000000000000001,4.582575694955841,-1.7320508075688803,-0.00030149253830437204,0.013124327383147956,0.005051555965062166,0.015154667895186498
18,19,20,0.9999999999999996,4.000000000000001,4.58257569495584,1.732050807568874,0.00030149253830437226,0.01312432738314792,0.005051555965062152,0.015154667895186455
12,22,23,1.0000000000000004,3.999999999999999,4.58257569495584,1.7320508075688767,0.00030149253830437123,0.013124327383147893,0.005051555965062141,0.015154667895186425
4,22,23,1.0000000000000004,4.0,4.582575694955841,1.7320508075688776,0.0003014925383043707,0.013124327383147878,0.005051555965062136,0.015154667895186406
3,4,23,1.0000000000000002,4.0,4.582575694955841,-1.7320508075688767,-0.0003014925383043705,0.013124327383147862,0.00505155596506213,0.015154667895186389
3,4,5,1.0000000000000002,4.0,4.58257569495584,-1.7320508075688763,-0.00030149253830436955,0.013124327383147817,0.005051555965062113,0.015154667895186337
5,11,22,3.4641016151377553,4.582575694955839,5.196152422706632,-7.794228634059945,6.58342874133873e-05,-0.012896300374763178,-0.004963788328613195,-0.014891364985839584
1,12,23,3.4641016151377544,4.58257569495584,5.196152422706632,7.794228634059945,-6.583428741338716e-05,-0.012896300374763152,-0.004963788328613185,-0.014891364985839555
1,19,23,3.4641016151377553,4.582575694955839,5.196152422706632,7.794228634059945,-6.58342874133871e-05,-0.012896300374763138,-0.004963788328613179,-0.01489136498583954
5,11,20,3.464101615137754,4.582575694955841,5.196152422706632,-7.7942286340599445,6.58342874133871e-05,-0.012896300374763137,-0.0049637883286131786,-0.014891364985839537
3,12,18,3.464101615137755,4.58257569495584,5.196152422706632,7.794228634059948,-6.583428741338692e-05,-0.012896300374763107,-0.004963788328613167,-0.014891364985839503
0,4,22,3.4641016151377544,4.582575694955841,5.196152422706632,-7.794228634059947,6.583428741338688e-05,-0.012896300374763098,-0.004963788328613164,-0.014891364985839494
0,11,22,3.4641016151377553,4.58257569495584,5.196152422706632,-7.794228634059947,6.583428741338685e-05,-0.012896300374763093,-0.004963788328613162,-0.014891364985839485
3,18,19,3.464101615137755,4.58257569495584,5.196152422706632,-7.794228634059948,6.58342874133868e-05,-0.012896300374763085,-0.004963788328613159,-0.014891364985839478
3,19,23,3.4641016151377553,4.582575694955841,5.196152422706632,7.794228634059945,-6.583428741338674e-05,-0.012896300374763069,-0.0049637883286131525,-0.01489136498583946
4,5,20,3.464101615137754,4.58257569495584,5.196152422706632,7.7942286340599445,-6.58342874133865e-05,-0.01289630037476302,-0.004963788328613134,-0.014891364985839404
0,4,20,3.4641016151377544,4.58257569495584,5.196152422706632,-7.794228634059946,6.583428741338642e-05,-0.012896300374763008,-0.004963788328613129,-0.014891364985839387
1,12,18,3.4641016151377544,4.582575694955841,5.196152422706632,7.794228634059947,-6.583428741338635e-05,-0.012896300374762994,-0.004963788328613124,-0.014891364985839371
5,9,20,3.464101615137754,3.4641016151377544,3.4641016151377553,-5.196152422706629,-9.754338691127969e-05,0.012738537587875057,0.004903065403627887,0.01470919621088366
0,4,15,3.4641016151377544,3.4641016151377544,3.464101615137755,-5.196152422706631,-9.754338691127935e-05,0.012738537587875015,0.0049030654036278706,0.014709196210883613
7,11,22,3.4641016151377544,3.4641016151377544,3.4641016151377553,-5.196152422706631,-9.754338691127933e-05,0.012738537587875012,0.00490306540362787,0.014709196210883608
3,14,18,3.4641016151377544,3.464101615137755,3.464101615137755,5.196152422706632,9.754338691127895e-05,0.012738537587874965,0.0049030654036278515,0.014709196210883554
1,12,16,3.4641016151377544,3.464101615137755,3.464101615137755,5.196152422706631,9.754338691127863e-05,0.012738537587874922,0.004903065403627835,0.014709196210883502
8,19,23,3.464101615137755,3.464101615137755,3.4641016151377553,5.196152422706631,9.754338691127813e-05,0.012738537587874856,0.004903065403627809,0.014709196210883428
0,2,19,1.7320508075688772,3.999999999999999,4.358898943540674,-3.4641016151377544,-0.00014014801137934648,0.012201617949050331,0.004696404938288786,0.014089214814866356
1,6,11,1.7320508075688774,4.0,4.358898943540674,3.4641016151377535,0.00014014801137934624,0.012201617949050305,0.004696404938288775,0.014089214814866325
0,19,21,1.732050807568877,3.999999999999999,4.358898943540673,3.464101615137753,0.00014014801137934588,0.012201617949050274,0.004696404938288763,0.01408921481486629
1,11,17,1.7320508075688772,4.0,4.358898943540674,-3.4641016151377544,-0.00014014801137934537,0.012201617949050234,0.004696404938288747,0.014089214814866245
10,18,20,1.7320508075688772,4.000000000000001,4.358898943540674,-3.4641016151377544,-0.00014014801137934532,0.012201617949050229,0.004696404938288746,0.01408921481486624
6,12,22,1.732050807568877,3.999999999999999,4.358898943540673,3.4641016151377535,0.00014014801137934507,0.012201617949050204,0.004696404938288736,0.01408921481486621
4,21,23,1.732050807568878,4.0,4.358898943540674,3.464101615137754,0.000140148011379345,0.0122016179490502,0.004696404938288734,0.014089214814866205
13,18,20,1.732050807568877,4.000000000000001,4.358898943540674,-3.4641016151377526,-0.00014014801137934488,0.012201617949050185,0.004696404938288729,0.014089214814866188
2,4,23,1.7320508075688774,4.0,4.358898943540674,-3.464101615137754,-0.00014014801137934472,0.012201617949050175,0.004696404938288725,0.014089214814866175
12,17,22,1.7320508075688779,3.999999999999999,4.358898943540674,-3.464101615137752,-0.00014014801137934466,0.012201617949050165,0.004696404938288721,0.014089214814866163
3,5,13,1.732050807568877,4.0,4.358898943540674,3.4641016151377535,0.00014014801137934423,0.012201617949050132,0.004696404938288708,0.014089214814866127
3,5,10,1.7320508075688776,4.0,4.358898943540674,3.4641016151377544,0.0001401480113793437,0.012201617949050088,0.004696404938288692,0.014089214814866077
0,7,13,1.732050807568877,1.7320508075688774,2.9999999999999996,-1.2990381056766578,0.00034862043508901295,-0.011381895423423143,-0.00438089359106768,-0.01314268077320304
2,5,7,1.7320508075688774,1.7320508075688774,3.0,1.2990381056766573,-0.000348620435089012,-0.01138189542342311,-0.004380893591067668,-0.013142680773203004
6,14,19,1.732050807568877,1.7320508075688776,2.9999999999999996,-1.2990381056766578,0.0003486204350890119,-0.011381895423423109,-0.004380893591067667,-0.013142680773203004
12,14,21,1.732050807568877,1.7320508075688772,2.9999999999999996,-1.2990381056766571,0.0003486204350890116,-0.011381895423423093,-0.004380893591067661,-0.013142680773202985
15,17,20,1.7320508075688774,1.7320508075688779,3.000000000000001,-1.2990381056766567,0.00034862043508901143,-0.011381895423423083,-0.004380893591067658,-0.01314268077320297
1,8,10,1.7320508075688772,1.7320508075688774,3.0,1.2990381056766571,-0.00034862043508901083,-0.011381895423423069,-0.004380893591067652,-0.013142680773202955
2,9,11,1.7320508075688772,1.7320508075688774,3.0,1.2990381056766576,-0.0003486204350890101,-0.01138189542342305,-0.004380893591067645,-0.013142680773202934
10,16,23,1.7320508075688772,1.7320508075688772,3.0000000000000004,1.2990381056766571,-0.00034862043508900915,-0.011381895423423013,-0.004380893591067631,-0.013142680773202891
16,18,21,1.7320508075688772,1.7320508075688779,3.000000000000001,-1.299038105676658,0.0003486204350890081,-0.011381895423422987,-0.0043808935910676205,-0.013142680773202861
13,15,22,1.732050807568877,1.7320508075688772,2.9999999999999996,-1.2990381056766576,0.0003486204350890078,-0.011381895423422975,-0.004380893591067616,-0.01314268077320285
3,6,8,1.7320508075688772,1.7320508075688774,3.0,1.2990381056766573,-0.0003486204350890058,-0.011381895423422907,-0.00438089359106759,-0.013142680773202768
4,9,17,1.7320508075688772,1.7320508075688774,3.0,1.2990381056766582,-0.0003486204350890045,-0.011381895423422871,-0.004380893591067576,-0.013142680773202728
8,9,11,1.0000000000000002,1.7320508075688772,2.6457513110645907,0.43301270189221935,-0.0010121998275920924,-0.011015564422587134,-0.0042398927231042305,-0.01271967816931269
4,9,16,0.9999999999999999,1.7320508075688772,2.6457513110645907,0.4330127018922201,-0.0010121998275920898,-0.011015564422587124,-0.004239892723104227,-0.01271967816931268
15,16,18,1.0000000000000004,1.7320508075688772,2.645751311064591,-0.43301270189221963,0.0010121998275920883,-0.011015564422587096,-0.004239892723104216,-0.012719678169312649
3,7,8,1.0,1.7320508075688772,2.6457513110645907,0.4330127018922192,-0.0010121998275920885,-0.011015564422587085,-0.004239892723104212,-0.012719678169312637
12,14,15,0.9999999999999997,1.7320508075688772,2.6457513110645903,-0.43301270189221897,0.001012199827592088,-0.011015564422587075,-0.004239892723104208,-0.012719678169312625
14,15,22,0.9999999999999997,1.7320508075688772,2.6457513110645903,-0.4330127018922192,0.0010121998275920872,-0.011015564422587071,-0.004239892723104207,-0.012719678169312621
0,7,14,0.9999999999999997,1.7320508075688774,2.6457513110645907,-0.4330127018922193,0.0010121998275920857,-0.011015564422587058,-0.004239892723104201,-0.012719678169312605
7,14,19,0.9999999999999997,1.7320508075688776,2.6457513110645907,-0.43301270189221963,0.0010121998275920848,-0.011015564422587058,-0.004239892723104201,-0.012719678169312605
5,7,8,1.0,1.7320508075688774,2.6457513110645907,0.43301270189221963,-0.0010121998275920841,-0.01101556442258705,-0.004239892723104198,-0.012719678169312595
15,16,20,1.0000000000000004,1.7320508075688774,2.645751311064591,-0.43301270189221874,0.0010121998275920859,-0.011015564422587045,-0.004239892723104197,-0.01271967816931259
9,16,23,0.9999999999999999,1.7320508075688772,2.6457513110645907,0.43301270189221885,-0.0010121998275920852,-0.011015564422587042,-0.004239892723104196,-0.012719678169312586
1,8,9,1.0000000000000002,1.7320508075688772,2.6457513110645907,0.4330127018922188,-0.0010121998275920844,-0.011015564422587032,-0.004239892723104191,-0.012719678169312573
11,13,19,1.0,4.58257569495584,5.0,2.1650635094610973,-0.00018315882746026797,-0.009966400944039569,-0.0038360695119286567,-0.01150820853578597
4,12,13,0.9999999999999999,4.58257569495584,5.0,2.1650635094610937,-0.00018315882746026827,-0.009966400944039567,-0.0038360695119286563,-0.011508208535785968
5,6,23,0.9999999999999998,4.58257569495584,5.0,-2.1650635094610955,0.00018315882746026708,-0.009966400944039512,-0.003836069511928635,-0.011508208535785904
10,11,19,1.0,4.58257569495584,5.0,-2.1650635094610937,0.0001831588274602671,-0.009966400944039505,-0.0038360695119286324,-0.011508208535785895
5,17,23,1.0000000000000002,4.58257569495584,5.0,-2.1650635094610937,0.00018315882746026597,-0.009966400944039442,-0.003836069511928608,-0.011508208535785824
0,6,18,1.0000000000000002,4.58257569495584,5.0,2.1650635094610973,-0.00018315882746026553,-0.009966400944039435,-0.0038360695119286055,-0.011508208535785816
0,17,18,1.0,4.582575694955841,5.0,2.1650635094610946,-0.00018315882746026548,-0.009966400944039422,-0.0038360695119286003,-0.0115082085357858
2,3,22,1.0,4.58257569495584,5.0,-2.1650635094610964,0.0001831588274602651,-0.009966400944039408,-0.0038360695119285947,-0.011508208535785784
4,10,12,1.0,4.58257569495584,5.0,-2.1650635094610973,0.00018315882746026483,-0.009966400944039397,-0.0038360695119285908,-0.011508208535785772
3,21,22,1.0000000000000002,4.582575694955841,5.0,2.1650635094610964,-0.0001831588274602645,-0.009966400944039375,-0.003836069511928582,-0.011508208535785746
1,20,21,1.0,4.58257569495584,5.0,2.1650635094610964,-0.00018315882746026437,-0.009966400944039368,-0.0038360695119285795,-0.011508208535785738
1,2,20,1.0,4.58257569495584,5.0,-2.165063509461095,0.00018315882746026152,-0.009966400944039206,-0.0038360695119285175,-0.011508208535785552
6,11,22,3.4641016151377553,4.358898943540673,4.358898943540674,-6.928203230275507,5.689843228701526e-05,-0.009907424669578746,-0.0038133695333048188,-0.011440108599914458
2,19,23,3.4641016151377553,4.358898943540674,4.358898943540674,6.928203230275507,-5.689843228701527e-05,-0.009907424669578746,-0.0038133695333048188,-0.011440108599914458
1,12,17,3.4641016151377544,4.358898943540674,4.358898943540674,6.928203230275507,-5.689843228701507e-05,-0.009907424669578713,-0.003813369533304806,-0.011440108599914418
0,4,21,3.4641016151377544,4.358898943540673,4.358898943540674,-6.928203230275508,5.6898432287015025e-05,-0.009907424669578706,-0.0038133695333048036,-0.01144010859991441
3,13,18,3.464101615137755,4.358898943540674,4.358898943540674,6.928203230275509,-5.689843228701486e-05,-0.009907424669578679,-0.0038133695333047927,-0.011440108599914378
5,10,20,3.464101615137754,4.358898943540674,4.358898943540674,-6.928203230275506,5.689843228701468e-05,-0.009907424669578644,-0.0038133695333047793,-0.011440108599914338
0,19,22,2.6457513110645907,3.999999999999999,5.196152422706632,5.196152422706631,7.297957349094875e-05,0.009530661887997637,0.003668353471060495,0.011005060413181484
1,11,23,2.6457513110645907,4.0,5.196152422706632,-5.19615242270663,-7.297957349094864e-05,0.009530661887997623,0.0036683534710604893,0.011005060413181469
1,5,11,2.6457513110645907,4.0,5.196152422706632,5.196152422706629,7.297957349094845e-05,0.009530661887997597,0.0036683534710604793,0.01100506041318144
0,3,19,2.6457513110645907,3.999999999999999,5.196152422706632,-5.196152422706631,-7.297957349094831e-05,0.009530661887997581,0.0036683534710604732,0.01100506041318142
4,18,20,2.6457513110645907,4.000000000000001,5.196152422706632,-5.196152422706633,-7.29795734909479e-05,0.009530661887997529,0.0036683534710604533,0.01100506041318136
3,5,11,2.6457513110645907,4.0,5.196152422706632,5.196152422706629,7.297957349094784e-05,0.009530661887997517,0.0036683534710604485,0.011005060413181346
1,4,23,2.6457513110645907,4.0,5.196152422706632,-5.19615242270663,-7.297957349094768e-05,0.009530661887997498,0.0036683534710604416,0.011005060413181325
0,12,22,2.6457513110645903,3.999999999999999,5.196152422706632,5.196152422706631,7.29795734909476e-05,0.009530661887997487,0.0036683534710604373,0.011005060413181313
12,18,20,2.6457513110645903,4.000000000000001,5.196152422706632,-5.196152422706627,-7.297957349094762e-05,0.009530661887997482,0.0036683534710604355,0.011005060413181306
3,5,19,2.6457513110645903,4.0,5.196152422706632,5.196152422706632,7.297957349094751e-05,0.009530661887997479,0.003668353471060434,0.011005060413181302
4,20,23,2.6457513110645916,4.0,5.196152422706632,5.196152422706632,7.297957349094739e-05,0.009530661887997463,0.003668353471060428,0.011005060413181285
12,18,22,2.645751311064591,3.999999999999999,5.196152422706632,-5.1961524227066285,-7.297957349094701e-05,0.009530661887997406,0.003668353471060406,0.011005060413181217
4,15,18,2.6457513110645907,2.645751311064591,3.464101615137755,3.4641016151377553,9.883142513565062e-05,0.008604498051715433,0.0033118728442663435,0.00993561853279903
7,19,22,2.6457513110645907,2.6457513110645907,3.4641016151377544,3.4641016151377535,9.883142513565041e-05,0.008604498051715408,0.0033118728442663344,0.009935618532799003
0,12,15,2.6457513110645903,2.6457513110645903,3.4641016151377544,3.464101615137754,9.883142513565033e-05,0.008604498051715403,0.003311872844266332,0.009935618532798996
8,11,23,2.6457513110645907,2.6457513110645907,3.464101615137755,-3.4641016151377535,-9.88314251356503e-05,0.0086044980517154,0.003311872844266331,0.009935618532798993
9,20,23,2.6457513110645907,2.6457513110645916,3.4641016151377553,3.464101615137754,9.883142513565021e-05,0.008604498051715393,0.0033118728442663283,0.009935618532798986
1,5,9,2.6457513110645907,2.6457513110645907,3.4641016151377544,3.4641016151377535,9.883142513565016e-05,0.008604498051715386,0.0033118728442663257,0.009935618532798977
1,4,16,2.6457513110645907,2.6457513110645907,3.464101615137755,-3.4641016151377535,-9.883142513565013e-05,0.008604498051715384,0.003311872844266325,0.009935618532798975
3,7,11,2.6457513110645907,2.6457513110645907,3.4641016151377544,3.4641016151377526,9.883142513565005e-05,0.008604498051715375,0.0033118728442663213,0.009935618532798963
14,18,22,2.6457513110645903,2.645751311064591,3.464101615137755,-3.4641016151377526,-9.883142513564985e-05,0.008604498051715358,0.003311872844266315,0.009935618532798946
0,3,14,2.6457513110645907,2.6457513110645907,3.4641016151377544,-3.464101615137755,-9.883142513564968e-05,0.00860449805171535,0.0033118728442663114,0.009935618532798934
12,16,20,2.6457513110645903,2.645751311064591,3.464101615137755,-3.4641016151377517,-9.88314251356497e-05,0.008604498051715342,0.0033118728442663088,0.009935618532798927
5,8,19,2.6457513110645903,2.6457513110645907,3.464101615137755,-3.4641016151377553,-9.883142513564929e-05,0.008604498051715316,0.003311872844266299,0.009935618532798897
3,7,22,2.6457513110645907,3.4641016151377544,5.0,4.330127018922192,-7.59892505714394e-05,-0.008269755262506685,-0.0031830302846270393,-0.009549090853881117
4,12,15,2.6457513110645903,3.464101615137755,5.0,4.330127018922193,-7.598925057143935e-05,-0.008269755262506681,-0.003183030284627038,-0.009549090853881115
0,15,18,2.645751311064591,3.4641016151377544,5.0,4.330127018922193,-7.598925057143926e-05,-0.008269755262506671,-0.0031830302846270336,-0.009549090853881101
8,11,19,2.6457513110645907,3.464101615137755,5.0,-4.330127018922192,7.598925057143908e-05,-0.00826975526250665,-0.003183030284627026,-0.009549090853881077
1,16,20,2.645751311064591,3.464101615137755,5.0,-4.330127018922193,7.598925057143907e-05,-0.00826975526250665,-0.003183030284627026,-0.009549090853881077
5,9,23,2.6457513110645907,3.4641016151377544,5.0,-4.330127018922191,7.598925057143905e-05,-0.008269755262506645,-0.0031830302846270237,-0.009549090853881071
4,12,16,2.6457513110645907,3.464101615137755,5.0,4.330127018922193,-7.598925057143903e-05,-0.008269755262506645,-0.0031830302846270237,-0.009549090853881071
0,14,18,2.6457513110645907,3.464101615137755,5.0,4.330127018922194,-7.598925057143894e-05,-0.008269755262506638,-0.003183030284627021,-0.009549090853881063
1,9,20,2.6457513110645907,3.4641016151377553,5.0,-4.330127018922191,7.598925057143892e-05,-0.008269755262506631,-0.0031830302846270185,-0.009549090853881056
7,11,19,2.6457513110645907,3.4641016151377544,5.0,-4.330127018922193,7.598925057143878e-05,-0.008269755262506619,-0.0031830302846270137,-0.009549090853881042
3,14,22,2.6457513110645903,3.4641016151377544,5.0,4.330127018922191,-7.598925057143871e-05,-0.008269755262506609,-0.0031830302846270098,-0.009549090853881028
5,8,23,2.6457513110645907,3.464101615137755,5.0,-4.330127018922192,7.598925057143865e-05,-0.008269755262506602,-0.003183030284627007,-0.009549090853881021
0,14,19,1.7320508075688776,2.6457513110645907,3.999999999999999,-1.7320508075688772,-0.00018980761642480923,0.00826255041595515,0.0031802571378963733,0.00954077141368912
1,8,11,1.7320508075688772,2.6457513110645907,4.0,1.7320508075688763,0.000189807616424809,0.008262550415955135,0.0031802571378963676,0.009540771413689104
0,7,19,1.7320508075688774,2.6457513110645907,3.999999999999999,-1.7320508075688767,-0.00018980761642480845,0.008262550415955113,0.003180257137896359,0.009540771413689078
16,18,20,1.7320508075688772,2.645751311064591,4.000000000000001,-1.732050807568877,-0.0001898076164248078,0.008262550415955087,0.003180257137896349,0.009540771413689047
1,9,11,1.7320508075688772,2.6457513110645907,4.0,1.7320508075688772,0.0001898076164248076,0.00826255041595508,0.0031802571378963464,0.00954077141368904
15,18,20,1.7320508075688774,2.645751311064591,4.000000000000001,-1.7320508075688759,-0.00018980761642480772,0.008262550415955076,0.003180257137896345,0.009540771413689034
3,5,7,1.7320508075688774,2.6457513110645907,4.0,1.7320508075688767,0.00018980761642480723,0.008262550415955059,0.003180257137896338,0.009540771413689015
4,16,23,1.7320508075688772,2.6457513110645907,4.0,1.7320508075688763,0.0001898076164248072,0.008262550415955057,0.0031802571378963377,0.009540771413689014
12,15,22,1.7320508075688772,2.6457513110645903,3.999999999999999,-1.7320508075688763,-0.00018980761642480696,0.008262550415955047,0.003180257137896334,0.009540771413689
3,5,8,1.7320508075688772,2.6457513110645907,4.0,1.7320508075688765,0.00018980761642480685,0.008262550415955043,0.0031802571378963325,0.009540771413688998
12,14,22,1.7320508075688772,2.6457513110645903,3.999999999999999,-1.732050807568876,-0.00018980761642480663,0.008262550415955031,0.0031802571378963277,0.009540771413688982
4,9,23,1.7320508075688772,2.6457513110645907,4.0,1.7320508075688779,0.00018980761642480628,0.008262550415955024,0.003180257137896325,0.009540771413688975
1,14,16,1.7320508075688774,3.0,3.464101615137755,2.598076211353316,0.00012580332116359102,0.008214551422022683,0.0031617823165178793,0.00948534694955364
0,9,15,1.7320508075688776,3.0,3.4641016151377544,-2.5980762113533156,-0.0001258033211635909,0.008214551422022673,0.0031617823165178754,0.009485346949553625
8,14,18,1.7320508075688772,3.0,3.464101615137755,2.598076211353317,0.00012580332116359066,0.008214551422022662,0.0031617823165178715,0.009485346949553615
7,9,22,1.7320508075688772,3.0,3.4641016151377544,-2.598076211353315,-0.00012580332116359064,0.008214551422022655,0.0031617823165178685,0.009485346949553606
8,14,23,1.7320508075688772,2.9999999999999996,3.464101615137755,2.598076211353316,0.00012580332116358993,0.008214551422022612,0.003161782316517852,0.009485346949553556
3,14,16,1.7320508075688774,3.0,3.4641016151377544,2.598076211353316,0.00012580332116358988,0.008214551422022608,0.0031617823165178507,0.009485346949553553
5,9,15,1.7320508075688776,2.9999999999999996,3.4641016151377544,-2.598076211353316,-0.00012580332116358985,0.008214551422022607,0.00316178231651785,0.00948534694955355
4,7,15,1.732050807568877,3.0,3.464101615137755,2.598076211353316,0.0001258033211635898,0.008214551422022603,0.0031617823165178485,0.009485346949553546
7,9,20,1.7320508075688772,2.9999999999999996,3.4641016151377553,-2.5980762113533142,-0.0001258033211635898,0.008214551422022598,0.003161782316517847,0.00948534694955354
8,12,16,1.7320508075688774,3.0,3.464101615137755,2.598076211353316,0.00012580332116358947,0.00821455142202258,0.00316178231651784,0.00948534694955352
8,16,19,1.7320508075688774,3.0000000000000004,3.464101615137755,-2.598076211353316,-0.00012580332116358928,0.008214551422022568,0.003161782316517835,0.009485346949553506
7,11,15,1.732050807568877,3.0000000000000004,3.4641016151377544,-2.598076211353316,-0.00012580332116358904,0.008214551422022553,0.0031617823165178294,0.009485346949553488
1,2,23,1.0,4.358898943540674,5.196152422706632,-1.2990381056766567,-0.00024100792430933006,0.007868520357978076,0.0030285948978684618,0.009085784693605386
0,6,22,1.0000000000000002,4.358898943540673,5.196152422706632,1.299038105676658,0.00024100792430932947,0.007868520357978064,0.003028594897868457,0.009085784693605372
5,6,11,0.9999999999999998,4.358898943540674,5.196152422706632,-1.2990381056766567,-0.00024100792430932938,0.007868520357978054,0.003028594897868453,0.00908578469360536
1,17,23,1.0000000000000002,4.358898943540674,5.196152422706632,-1.2990381056766567,-0.00024100792430932928,0.00786852035797805,0.003028594897868452,0.009085784693605355
4,20,21,1.0,4.358898943540674,5.196152422706632,1.299038105676659,0.00024100792430932838,0.007868520357978035,0.0030285948978684457,0.009085784693605338
2,3,19,1.0,4.358898943540674,5.196152422706632,-1.299038105676658,-0.00024100792430932833,0.007868520357978028,0.003028594897868443,0.00908578469360533
0,21,22,1.0000000000000002,4.358898943540673,5.196152422706632,1.299038105676658,0.00024100792430932835,0.007868520357978028,0.003028594897868443,0.00908578469360533
4,10,20,1.0,4.358898943540674,5.196152422706632,-1.2990381056766591,-0.00024100792430932746,0.007868520357978007,0.0030285948978684353,0.009085784693605306
3,13,19,1.0,4.358898943540674,5.196152422706632,1.2990381056766593,0.0002410079243093273,0.007868520357978002,0.003028594897868433,0.0090857846936053
12,17,18,1.0,4.358898943540674,5.196152422706632,1.2990381056766553,0.00024100792430932757,0.007868520357977988,0.003028594897868428,0.009085784693605284
12,13,18,0.9999999999999999,4.358898943540674,5.196152422706632,1.299038105676655,0.0002410079243093269,0.007868520357977962,0.003028594897868418,0.009085784693605253
5,10,11,1.0,4.358898943540674,5.196152422706632,-1.2990381056766553,-0.00024100792430932662,0.007868520357977957,0.003028594897868416,0.009085784693605247
0,12,13,0.9999999999999999,2.6457513110645903,2.9999999999999996,1.2990381056766567,-0.00023124420508846688,-0.007549750659101541,-0.002905900383564553,-0.008717701150693657
1,2,5,1.0,2.6457513110645907,3.0,-1.2990381056766573,0.00023124420508846663,-0.007549750659101538,-0.0029059003835645515,-0.008717701150693655
17,20,23,1.0000000000000002,2.6457513110645916,3.000000000000001,1.2990381056766573,-0.00023124420508846623,-0.007549750659101525,-0.0029059003835645468,-0.00871770115069364
5,6,19,0.9999999999999998,2.6457513110645903,2.9999999999999996,-1.299038105676658,0.00023124420508846577,-0.007549750659101513,-0.002905900383564542,-0.008717701150693626
2,3,11,1.0,2.6457513110645907,3.0,-1.2990381056766576,0.00023124420508846498,-0.007549750659101485,-0.002905900383564531,-0.008717701150693594
12,20,21,1.0,2.6457513110645903,2.9999999999999996,1.2990381056766562,-0.00023124420508846511,-0.007549750659101482,-0.00290590038356453,-0.008717701150693589
1,4,10,1.0,2.6457513110645907,3.0,-1.2990381056766584,0.0002312442050884643,-0.007549750659101469,-0.002905900383564525,-0.008717701150693575
10,11,23,1.0,2.6457513110645907,3.0000000000000004,-1.2990381056766567,0.00023124420508846398,-0.007549750659101446,-0.0029059003835645164,-0.008717701150693547
13,19,22,1.0,2.6457513110645907,2.9999999999999996,1.2990381056766582,-0.00023124420508846324,-0.007549750659101432,-0.0029059003835645108,-0.008717701150693532
18,21,22,1.0000000000000002,2.645751311064591,3.000000000000001,1.2990381056766571,-0.00023124420508846243,-0.007549750659101399,-0.002905900383564498,-0.008717701150693495
4,17,18,1.0,2.6457513110645907,3.0,1.2990381056766587,-0.000231244205088461,-0.00754975065910136,-0.002905900383564483,-0.008717701150693449
0,3,6,1.0000000000000002,2.6457513110645907,3.0,-1.299038105676658,0.00023124420508846105,-0.007549750659101359,-0.0029059003835644826,-0.008717701150693449
1,5,22,2.6457513110645907,4.582575694955839,5.291502622129181,6.06217782649107,-4.738150472259937e-05,-0.007219005623954151,-0.0027785965601809007,-0.008335789680542702
0,20,23,2.6457513110645916,4.58257569495584,5.291502622129181,6.0621778264910695,-4.7381504722599136e-05,-0.007219005623954115,-0.002778596560180887,-0.00833578968054266
0,12,23,2.6457513110645903,4.58257569495584,5.291502622129181,6.06217782649107,-4.7381504722599096e-05,-0.00721900562395411,-0.002778596560180885,-0.008335789680542655
0,11,23,2.6457513110645907,4.58257569495584,5.291502622129181,-6.06217782649107,4.7381504722599075e-05,-0.007219005623954107,-0.002778596560180884,-0.008335789680542651
5,18,22,2.645751311064591,4.582575694955839,5.291502622129181,-6.062177826491068,4.738150472259909e-05,-0.007219005623954105,-0.0027785965601808834,-0.00833578968054265
4,18,19,2.6457513110645907,4.58257569495584,5.291502622129181,-6.062177826491071,4.7381504722599035e-05,-0.007219005623954101,-0.0027785965601808816,-0.008335789680542645
0,3,23,2.6457513110645907,4.582575694955841,5.291502622129181,-6.0621778264910695,4.7381504722599035e-05,-0.007219005623954099,-0.0027785965601808808,-0.008335789680542643
3,11,12,2.6457513110645907,4.58257569495584,5.291502622129181,-6.062177826491068,4.7381504722599014e-05,-0.007219005623954094,-0.002778596560180879,-0.008335789680542636
3,12,20,2.6457513110645903,4.58257569495584,5.291502622129181,6.062177826491066,-4.7381504722599014e-05,-0.007219005623954092,-0.002778596560180878,-0.008335789680542636
1,5,18,2.6457513110645907,4.582575694955841,5.291502622129181,6.06217782649107,-4.738150472259896e-05,-0.0072190056239540895,-0.0027785965601808773,-0.00833578968054263
4,19,22,2.6457513110645907,4.582575694955841,5.291502622129181,6.062177826491068,-4.738150472259895e-05,-0.007219005623954084,-0.002778596560180875,-0.008335789680542625
3,20,23,2.6457513110645916,4.582575694955841,5.291502622129181,6.0621778264910695,-4.738150472259893e-05,-0.007219005623954083,-0.0027785965601808747,-0.008335789680542624
11,12,23,2.6457513110645907,4.58257569495584,5.291502622129181,6.0621778264910695,-4.7381504722598926e-05,-0.0072190056239540825,-0.0027785965601808747,-0.008335789680542624
1,19,22,2.6457513110645907,4.582575694955839,5.291502622129181,6.062177826491068,-4.738150472259894e-05,-0.0072190056239540825,-0.0027785965601808747,-0.008335789680542624
5,18,19,2.6457513110645903,4.58257569495584,5.291502622129181,-6.06217782649107,4.738150472259888e-05,-0.007219005623954077,-0.0027785965601808725,-0.008335789680542618
1,4,22,2.6457513110645907,4.582575694955841,5.291502622129181,-6.062177826491069,4.738150472259884e-05,-0.007219005623954068,-0.0027785965601808686,-0.008335789680542606
4,5,18,2.6457513110645907,4.58257569495584,5.291502622129181,6.062177826491071,-4.73815047225988e-05,-0.007219005623954064,-0.0027785965601808673,-0.008335789680542603
3,11,20,2.6457513110645907,4.582575694955841,5.291502622129181,-6.062177826491068,4.738150472259882e-05,-0.0072190056239540635,-0.0027785965601808673,-0.008335789680542601
1,18,22,2.645751311064591,4.582575694955841,5.291502622129181,-6.0621778264910695,4.738150472259879e-05,-0.007219005623954062,-0.0027785965601808665,-0.0083357896805426
1,4,19,2.6457513110645907,4.582575694955839,5.291502622129181,-6.062177826491068,4.738150472259877e-05,-0.0072190056239540565,-0.0027785965601808643,-0.008335789680542594
0,3,20,2.6457513110645907,4.58257569495584,5.291502622129181,-6.062177826491069,4.738150472259873e-05,-0.007219005623954051,-0.0027785965601808626,-0.008335789680542587
4,5,19,2.6457513110645903,4.58257569495584,5.291502622129181,6.062177826491071,-4.7381504722598696e-05,-0.007219005623954049,-0.0027785965601808613,-0.008335789680542584
11,12,20,2.6457513110645903,4.582575694955841,5.291502622129181,6.062177826491066,-4.7381504722598696e-05,-0.0072190056239540435,-0.0027785965601808595,-0.008335789680542579
0,11,12,2.6457513110645903,4.58257569495584,5.291502622129181,-6.0621778264910695,4.7381504722598615e-05,-0.007219005623954036,-0.0027785965601808565,-0.00833578968054257
2,12,19,1.732050807568877,3.605551275463989,4.358898943540674,3.031088913245534,9.445302066638547e-05,0.007195390811057035,0.0027695072144588925,0.008308521643376678
4,11,21,1.7320508075688774,3.60555127546399,4.358898943540674,-3.031088913245534,-9.445302066638538e-05,0.007195390811057028,0.00276950721445889,0.008308521643376669
10,20,22,1.7320508075688776,3.6055512754639896,4.358898943540674,3.0310889132455348,9.445302066638494e-05,0.007195390811056998,0.0027695072144588782,0.008308521643376634
13,18,23,1.7320508075688776,3.605551275463989,4.358898943540674,-3.031088913245533,-9.445302066638492e-05,0.007195390811056992,0.002769507214458876,0.008308521643376627
1,3,17,1.7320508075688776,3.6055512754639896,4.358898943540674,-3.0310889132455343,-9.445302066638486e-05,0.00719539081105699,0.002769507214458875,0.008308521643376626
4,6,11,1.7320508075688774,3.605551275463989,4.358898943540674,3.031088913245534,9.445302066638488e-05,0.00719539081105699,0.002769507214458875,0.008308521643376626
6,20,22,1.7320508075688776,3.6055512754639887,4.358898943540673,3.0310889132455343,9.445302066638464e-05,0.007195390811056974,0.0027695072144588687,0.008308521643376606
0,5,21,1.7320508075688772,3.6055512754639887,4.358898943540673,3.0310889132455348,9.445302066638428e-05,0.007195390811056947,0.0027695072144588587,0.008308521643376575
12,17,19,1.732050807568877,3.60555127546399,4.358898943540674,-3.0310889132455334,-9.445302066638413e-05,0.007195390811056932,0.0027695072144588526,0.008308521643376558
2,18,23,1.7320508075688776,3.6055512754639896,4.358898943540674,-3.0310889132455343,-9.445302066638364e-05,0.007195390811056897,0.0027695072144588396,0.008308521643376518
1,3,13,1.7320508075688776,3.605551275463989,4.358898943540674,-3.031088913245534,-9.445302066638315e-05,0.007195390811056859,0.002769507214458825,0.008308521643376475
0,5,10,1.7320508075688772,3.605551275463989,4.358898943540674,3.0310889132455348,9.445302066638176e-05,0.007195390811056755,0.0027695072144587845,0.008308521643376353
6,12,23,1.732050807568877,4.58257569495584,4.58257569495584,3.897114317029973,7.060765112420442e-05,0.006915678086834284,0.00266184573670838,0.00798553721012514
11,13,20,1.732050807568877,4.58257569495584,4.582575694955841,3.897114317029972,7.060765112420433e-05,0.006915678086834272,0.002661845736708375,0.007985537210125127
4,5,13,1.732050807568877,4.58257569495584,4.58257569495584,3.897114317029973,7.060765112420419e-05,0.006915678086834262,0.0026618457367083713,0.007985537210125113
5,17,22,1.7320508075688779,4.582575694955839,4.58257569495584,-3.897114317029972,-7.060765112420417e-05,0.0069156780868342566,0.002661845736708369,0.007985537210125107
10,18,19,1.7320508075688772,4.58257569495584,4.58257569495584,-3.897114317029974,-7.060765112420407e-05,0.006915678086834251,0.0026618457367083674,0.007985537210125102
3,10,12,1.7320508075688776,4.58257569495584,4.58257569495584,-3.897114317029974,-7.060765112420375e-05,0.006915678086834219,0.002661845736708355,0.007985537210125066
1,6,18,1.7320508075688774,4.58257569495584,4.582575694955841,3.8971143170299736,7.060765112420375e-05,0.006915678086834218,0.002661845736708355,0.007985537210125064
2,4,22,1.7320508075688774,4.58257569495584,4.582575694955841,-3.897114317029973,-7.060765112420358e-05,0.006915678086834202,0.0026618457367083483,0.007985537210125045
0,11,17,1.7320508075688772,4.58257569495584,4.582575694955841,-3.8971143170299736,-7.060765112420347e-05,0.0069156780868341915,0.0026618457367083444,0.007985537210125033
3,21,23,1.732050807568878,4.582575694955841,4.582575694955841,3.897114317029973,7.06076511242034e-05,0.0069156780868341846,0.002661845736708342,0.007985537210125026
1,19,21,1.732050807568877,4.582575694955839,4.58257569495584,3.8971143170299722,7.060765112420305e-05,0.006915678086834148,0.0026618457367083275,0.007985537210124983
0,2,20,1.7320508075688772,4.58257569495584,4.58257569495584,-3.8971143170299727,-7.060765112420197e-05,0.006915678086834043,0.002661845736708287,0.007985537210124863
0,1,23,1.0,5.196152422706632,5.291502622129181,-2.598076211353316,0.00010467468291078995,-0.00683491943934033,-0.00263076171879503,-0.007892285156385091
0,22,23,1.0000000000000004,5.196152422706632,5.291502622129181,2.598076211353316,-0.00010467468291078969,-0.0068349194393403125,-0.0026307617187950236,-0.00789228515638507
1,22,23,1.0000000000000004,5.196152422706632,5.291502622129181,2.5980762113533156,-0.00010467468291078967,-0.00683491943934031,-0.0026307617187950223,-0.007892285156385069
0,1,22,1.0,5.196152422706632,5.291502622129181,-2.598076211353316,0.00010467468291078944,-0.006834919439340296,-0.002630761718795017,-0.007892285156385051
5,11,18,0.9999999999999999,5.196152422706632,5.291502622129181,-2.5980762113533187,0.00010467468291078912,-0.006834919439340283,-0.0026307617187950124,-0.007892285156385037
5,11,12,0.9999999999999998,5.196152422706632,5.291502622129181,-2.598076211353318,0.00010467468291078906,-0.006834919439340275,-0.0026307617187950093,-0.007892285156385027
3,4,19,1.0000000000000002,5.196152422706632,5.291502622129181,-2.598076211353315,0.00010467468291078881,-0.0068349194393402535,-0.0026307617187950006,-0.007892285156385003
5,12,18,0.9999999999999998,5.196152422706632,5.291502622129181,2.598076211353318,-0.00010467468291078872,-0.0068349194393402535,-0.0026307617187950006,-0.007892285156385003
4,19,20,0.9999999999999996,5.196152422706632,5.291502622129181,2.5980762113533125,-0.00010467468291078864,-0.006834919439340234,-0.0026307617187949933,-0.007892285156384982
3,19,20,0.9999999999999996,5.196152422706632,5.291502622129181,2.5980762113533125,-0.00010467468291078861,-0.006834919439340233,-0.002630761718794993,-0.007892285156384979
3,4,20,1.0000000000000002,5.196152422706632,5.291502622129181,-2.5980762113533147,0.00010467468291078839,-0.006834919439340225,-0.00263076171879499,-0.00789228515638497
11,12,18,0.9999999999999999,5.196152422706632,5.291502622129181,2.5980762113533187,-0.00010467468291078816,-0.0068349194393402205,-0.002630761718794988,-0.007892285156384965
4,10,13,1.0,4.0,4.58257569495584,-1.7320508075688783,-0.00015528651357451148,0.006759805910294335,0.002601850507985372,0.007805551523956116
10,11,13,1.0,4.0,4.58257569495584,-1.7320508075688743,-0.0001552865135745111,0.006759805910294304,0.0026018505079853597,0.007805551523956078
10,13,19,1.0,4.0,4.58257569495584,1.7320508075688783,0.00015528651357451015,0.006759805910294278,0.0026018505079853497,0.0078055515239560495
6,17,23,1.0000000000000002,3.9999999999999996,4.58257569495584,-1.7320508075688759,-0.0001552865135745099,0.006759805910294257,0.002601850507985342,0.007805551523956025
5,6,17,0.9999999999999998,3.9999999999999996,4.58257569495584,-1.7320508075688763,-0.0001552865135745093,0.006759805910294234,0.002601850507985333,0.007805551523955998
2,21,22,1.0000000000000002,4.0,4.58257569495584,1.7320508075688767,0.00015528651357450926,0.006759805910294232,0.002601850507985332,0.007805551523955996
0,6,17,1.0000000000000002,3.9999999999999996,4.582575694955841,1.7320508075688772,0.000155286513574509,0.006759805910294223,0.0026018505079853285,0.007805551523955985
2,3,21,1.0,4.0,4.582575694955841,-1.7320508075688772,-0.00015528651357450874,0.006759805910294212,0.0026018505079853245,0.007805551523955973
6,17,18,1.0,3.9999999999999996,4.58257569495584,1.7320508075688767,0.0001552865135745088,0.006759805910294212,0.0026018505079853245,0.007805551523955973
10,12,13,0.9999999999999999,4.0,4.58257569495584,1.7320508075688743,0.00015528651357450866,0.0067598059102941975,0.0026018505079853185,0.007805551523955956
1,2,21,1.0,4.0,4.58257569495584,-1.732050807568876,-0.00015528651357450828,0.006759805910294188,0.002601850507985315,0.0078055515239559455
2,20,21,1.0,4.0,4.58257569495584,1.7320508075688776,0.0001552865135745058,0.006759805910294086,0.0026018505079852755,0.0078055515239558275
8,15,16,1.0000000000000004,1.7320508075688774,2.0,0.8660254037844388,-0.0002971793636568562,-0.006468284890372024,-0.0024896440151009848,-0.007468932045302953
7,14,16,0.9999999999999997,1.7320508075688774,1.9999999999999998,0.866025403784439,-0.0002971793636568561,-0.006468284890372023,-0.0024896440151009843,-0.0074689320453029525
8,14,15,0.9999999999999997,1.7320508075688772,2.0,0.8660254037844386,-0.0002971793636568561,-0.0064682848903720195,-0.002489644015100983,-0.007468932045302948
7,8,16,1.0,1.7320508075688774,1.9999999999999998,-0.8660254037844388,0.00029717936365685534,-0.006468284890372006,-0.0024896440151009774,-0.007468932045302933
8,9,14,1.0000000000000002,1.7320508075688772,2.0,-0.8660254037844384,0.00029717936365685556,-0.006468284890372006,-0.0024896440151009774,-0.007468932045302933
9,14,16,0.9999999999999999,1.7320508075688774,2.0,0.8660254037844388,-0.0002971793636568551,-0.0064682848903720004,-0.0024896440151009756,-0.007468932045302927
8,9,15,1.0000000000000002,1.7320508075688776,2.0,-0.8660254037844382,0.0002971793636568553,-0.006468284890371999,-0.0024896440151009748,-0.007468932045302924
7,15,16,1.0000000000000004,1.732050807568877,1.9999999999999998,0.8660254037844388,-0.00029717936365685496,-0.006468284890371997,-0.0024896440151009743,-0.007468932045302923
7,8,15,1.0,1.732050807568877,2.0,-0.8660254037844388,0.0002971793636568549,-0.006468284890371996,-0.002489644015100974,-0.007468932045302921
7,9,16,0.9999999999999999,1.7320508075688772,1.9999999999999998,-0.8660254037844386,0.00029717936365685475,-0.00646828489037199,-0.0024896440151009717,-0.007468932045302915
7,9,14,0.9999999999999997,1.7320508075688772,2.0,-0.8660254037844388,0.00029717936365685437,-0.006468284890371984,-0.002489644015100969,-0.007468932045302908
9,14,15,0.9999999999999997,1.7320508075688776,2.0,0.8660254037844384,-0.00029717936365685377,-0.006468284890371967,-0.0024896440151009626,-0.007468932045302887
8,11,16,1.7320508075688774,2.0,2.6457513110645907,-1.7320508075688772,0.00014470187240577738,-0.006299043940154398,-0.0024245031429902817,-0.007273509428970845
4,8,16,1.7320508075688774,2.0,2.6457513110645907,1.7320508075688772,-0.00014470187240577678,-0.006299043940154372,-0.0024245031429902717,-0.007273509428970815
3,7,9,1.7320508075688772,2.0,2.6457513110645907,1.7320508075688763,-0.00014470187240577672,-0.006299043940154366,-0.002424503142990269,-0.007273509428970808
9,15,18,1.7320508075688776,2.0,2.645751311064591,1.732050807568878,-0.0001447018724057763,-0.0062990439401543535,-0.0024245031429902648,-0.007273509428970793
14,16,20,1.7320508075688774,2.0,2.645751311064591,-1.7320508075688759,0.00014470187240577645,-0.006299043940154352,-0.002424503142990264,-0.007273509428970792
5,8,14,1.7320508075688772,1.9999999999999998,2.6457513110645907,-1.7320508075688785,0.00014470187240577597,-0.006299043940154341,-0.00242450314299026,-0.00727350942897078
0,8,14,1.7320508075688772,2.0,2.6457513110645907,-1.7320508075688776,0.000144701872405776,-0.00629904394015434,-0.002424503142990259,-0.007273509428970777
7,12,15,1.732050807568877,2.0,2.6457513110645903,1.7320508075688772,-0.00014470187240577567,-0.006299043940154323,-0.002424503142990253,-0.007273509428970758
7,15,19,1.732050807568877,2.0,2.6457513110645907,-1.7320508075688772,0.00014470187240577561,-0.0062990439401543205,-0.0024245031429902517,-0.007273509428970756
1,7,9,1.7320508075688772,2.0,2.6457513110645907,1.7320508075688763,-0.00014470187240577567,-0.00629904394015432,-0.0024245031429902513,-0.007273509428970755
14,16,22,1.7320508075688774,2.0,2.6457513110645903,-1.7320508075688767,0.00014470187240577561,-0.006299043940154319,-0.0024245031429902513,-0.007273509428970753
9,15,23,1.7320508075688776,2.0,2.6457513110645907,1.7320508075688767,-0.0001447018724057751,-0.006299043940154296,-0.0024245031429902426,-0.007273509428970728
13,19,23,1.0,3.4641016151377553,3.605551275463989,1.732050807568878,-0.0001419373411480048,-0.006178700619248316,-0.0023781829771767483,-0.007134548931530246
1,2,12,1.0,3.4641016151377544,3.605551275463989,-1.7320508075688763,0.00014193734114800489,-0.006178700619248314,-0.0023781829771767475,-0.007134548931530242
11,21,22,1.0000000000000002,3.4641016151377553,3.60555127546399,1.732050807568877,-0.00014193734114800472,-0.0061787006192483085,-0.0023781829771767453,-0.007134548931530237
3,17,18,1.0,3.464101615137755,3.6055512754639896,1.7320508075688776,-0.00014193734114800456,-0.006178700619248304,-0.002378182977176744,-0.0071345489315302315
10,11,22,1.0,3.4641016151377553,3.6055512754639896,-1.7320508075688754,0.00014193734114800461,-0.006178700619248299,-0.002378182977176742,-0.007134548931530225
5,20,21,1.0,3.464101615137754,3.6055512754639887,1.7320508075688765,-0.0001419373411480044,-0.006178700619248294,-0.0023781829771767397,-0.007134548931530219
5,6,20,0.9999999999999998,3.464101615137754,3.6055512754639887,-1.7320508075688765,0.00014193734114800434,-0.006178700619248291,-0.002378182977176739,-0.007134548931530217
0,4,6,1.0000000000000002,3.4641016151377544,3.605551275463989,-1.7320508075688772,0.000141937341148004,-0.006178700619248277,-0.0023781829771767336,-0.007134548931530201
17,19,23,1.0000000000000002,3.4641016151377553,3.60555127546399,1.732050807568876,-0.00014193734114800288,-0.006178700619248225,-0.0023781829771767136,-0.0071345489315301405
2,3,18,1.0,3.464101615137755,3.6055512754639896,-1.7320508075688776,0.00014193734114800247,-0.006178700619248214,-0.0023781829771767093,-0.0071345489315301274
1,12,13,0.9999999999999999,3.4641016151377544,3.605551275463989,1.732050807568875,-0.00014193734114800204,-0.0061787006192481845,-0.0023781829771766976,-0.007134548931530094
0,4,10,1.0,3.4641016151377544,3.605551275463989,-1.732050807568878,0.00014193734114800095,-0.006178700619248149,-0.002378182977176684,-0.007134548931530053
6,7,22,1.0,3.4641016151377544,4.358898943540673,-0.8660254037844386,-0.0002810450101843748,0.006117111129523419,0.002354477171528801,0.007063431514586403
4,15,21,1.0,3.464101615137755,4.358898943540674,0.8660254037844379,0.0002810450101843741,0.0061171111295233995,0.0023544771715287936,0.007063431514586381
9,10,20,1.0,3.4641016151377553,4.358898943540674,-0.8660254037844397,-0.00028104501018437277,0.006117111129523383,0.002354477171528787,0.007063431514586362
0,15,21,1.0,3.4641016151377544,4.358898943540673,-0.8660254037844387,-0.0002810450101843723,0.006117111129523365,0.00235447717152878,0.00706343151458634
6,7,11,1.0,3.4641016151377544,4.358898943540674,0.8660254037844382,0.0002810450101843724,0.006117111129523364,0.0023544771715287797,0.007063431514586339
12,16,17,1.0,3.464101615137755,4.358898943540674,-0.8660254037844388,-0.00028104501018437196,0.006117111129523359,0.002354477171528778,0.007063431514586334
2,8,23,1.0,3.464101615137755,4.358898943540674,0.8660254037844379,0.00028104501018437207,0.0061171111295233544,0.002354477171528776,0.007063431514586329
1,16,17,1.0,3.464101615137755,4.358898943540674,0.8660254037844378,0.000281045010184372,0.006117111129523353,0.0023544771715287753,0.007063431514586327
3,13,14,1.0,3.4641016151377544,4.358898943540674,0.8660254037844397,0.00028104501018437136,0.006117111129523352,0.0023544771715287753,0.007063431514586326
13,14,18,1.0,3.464101615137755,4.358898943540674,-0.8660254037844373,-0.00028104501018437196,0.006117111129523348,0.002354477171528774,0.007063431514586322
2,8,19,1.0,3.464101615137755,4.358898943540674,-0.8660254037844383,-0.0002810450101843712,0.006117111129523339,0.00235447717152877,0.007063431514586311
5,9,10,1.0,3.4641016151377544,4.358898943540674,0.866025403784437,0.00028104501018437044,0.006117111129523313,0.00235447717152876,0.00706343151458628
6,21,22,1.0000000000000002,3.464101615137754,4.358898943540673,0.8660254037844386,0.00027968136223122103,0.006087430524037784,0.002343053101150906,0.007029159303452719
2,17,23,1.0000000000000002,3.464101615137755,4.358898943540674,-0.8660254037844378,-0.00027968136223122125,0.006087430524037782,0.0023430531011509052,0.007029159303452716
4,10,21,1.0,3.4641016151377553,4.358898943540674,-0.8660254037844395,-0.00027968136223122054,0.006087430524037779,0.002343053101150904,0.007029159303452712
12,13,17,0.9999999999999999,3.464101615137755,4.358898943540674,0.8660254037844365,0.0002796813622312214,0.006087430524037777,0.0023430531011509035,0.007029159303452711
1,2,17,1.0,3.464101615137755,4.358898943540674,-0.8660254037844379,-0.0002796813622312204,0.006087430524037765,0.0023430531011508987,0.007029159303452696
0,6,21,1.0000000000000002,3.464101615137754,4.358898943540673,0.8660254037844385,0.00027968136223121957,0.006087430524037751,0.0023430531011508935,0.00702915930345268
2,13,19,1.0,3.4641016151377544,4.358898943540674,0.8660254037844393,0.0002796813622312193,0.006087430524037751,0.0023430531011508935,0.00702915930345268
10,20,21,1.0,3.4641016151377553,4.358898943540674,0.8660254037844393,0.000279681362231219,0.006087430524037745,0.002343053101150891,0.007029159303452674
13,17,18,1.0,3.464101615137755,4.358898943540674,0.8660254037844375,0.0002796813622312195,0.0060874305240377425,0.00234305310115089,0.00702915930345267
2,3,13,1.0,3.4641016151377544,4.358898943540674,-0.8660254037844384,-0.0002796813622312183,0.0060874305240377225,0.0023430531011508823,0.007029159303452648
6,10,11,1.0,3.4641016151377544,4.358898943540674,-0.8660254037844366,-0.00027968136223121843,0.006087430524037713,0.002343053101150879,0.0070291593034526355
5,6,10,0.9999999999999998,3.4641016151377544,4.358898943540674,-0.8660254037844379,-0.00027968136223121545,0.0060874305240376575,0.0023430531011508575,0.007029159303452572
4,13,15,1.732050807568877,3.464101615137755,4.58257569495584,2.598076211353317,-8.977154145749508e-05,-0.005861792333589494,-0.0022562049211543858,-0.006768614763463157
7,11,13,1.732050807568877,3.4641016151377544,4.58257569495584,-2.5980762113533147,8.977154145749445e-05,-0.005861792333589447,-0.002256204921154368,-0.006768614763463104
5,9,17,1.7320508075688774,3.4641016151377544,4.58257569495584,-2.598076211353316,8.977154145749411e-05,-0.005861792333589427,-0.00225620492115436,-0.00676861476346308
2,7,22,1.7320508075688774,3.4641016151377544,4.58257569495584,2.598076211353315,-8.977154145749411e-05,-0.005861792333589426,-0.0022562049211543598,-0.00676861476346308
6,8,23,1.7320508075688774,3.464101615137755,4.58257569495584,-2.598076211353316,8.977154145749404e-05,-0.005861792333589423,-0.0022562049211543585,-0.006768614763463075
0,15,17,1.7320508075688779,3.4641016151377544,4.582575694955841,2.5980762113533156,-8.977154145749399e-05,-0.0058617923335894185,-0.0022562049211543567,-0.006768614763463071
8,10,19,1.7320508075688774,3.464101615137755,4.58257569495584,-2.5980762113533165,8.977154145749393e-05,-0.005861792333589417,-0.0022562049211543563,-0.006768614763463068
6,14,18,1.732050807568877,3.464101615137755,4.58257569495584,2.598076211353316,-8.977154145749378e-05,-0.005861792333589406,-0.002256204921154352,-0.006768614763463056
1,16,21,1.7320508075688779,3.464101615137755,4.58257569495584,-2.598076211353316,8.977154145749328e-05,-0.005861792333589373,-0.0022562049211543394,-0.0067686147634630186
3,14,21,1.732050807568877,3.4641016151377544,4.582575694955841,2.598076211353315,-8.97715414574933e-05,-0.005861792333589373,-0.0022562049211543394,-0.0067686147634630186
10,12,16,1.7320508075688772,3.464101615137755,4.58257569495584,2.5980762113533142,-8.977154145749313e-05,-0.0058617923335893595,-0.002256204921154334,-0.006768614763463003
2,9,20,1.7320508075688774,3.4641016151377553,4.58257569495584,-2.5980762113533142,8.97715414574918e-05,-0.005861792333589273,-0.0022562049211543008,-0.006768614763462902
1,6,22,1.7320508075688774,4.358898943540673,5.291502622129181,3.464101615137754,-6.653853682641762e-05,-0.005793002678055904,-0.002229727770394533,-0.006689183311183598
0,2,23,1.7320508075688772,4.358898943540674,5.291502622129181,-3.4641016151377535,6.653853682641762e-05,-0.005793002678055903,-0.0022297277703945324,-0.006689183311183598
4,19,21,1.732050807568877,4.358898943540674,5.291502622129181,3.4641016151377535,-6.65385368264175e-05,-0.005793002678055893,-0.0022297277703945285,-0.0066891833111835846
6,11,12,1.732050807568877,4.358898943540674,5.291502622129181,-3.4641016151377544,6.653853682641734e-05,-0.005793002678055881,-0.0022297277703945237,-0.0066891833111835716
2,4,19,1.7320508075688774,4.358898943540674,5.291502622129181,-3.4641016151377535,6.653853682641736e-05,-0.005793002678055881,-0.0022297277703945237,-0.0066891833111835716
0,21,23,1.732050807568878,4.358898943540673,5.291502622129181,3.4641016151377544,-6.653853682641732e-05,-0.005793002678055879,-0.0022297277703945233,-0.006689183311183569
3,10,20,1.7320508075688776,4.358898943540674,5.291502622129181,-3.4641016151377544,6.653853682641721e-05,-0.00579300267805587,-0.00222972777039452,-0.006689183311183559
1,17,22,1.7320508075688779,4.358898943540674,5.291502622129181,-3.464101615137753,6.653853682641721e-05,-0.005793002678055868,-0.002229727770394519,-0.006689183311183557
11,12,17,1.7320508075688772,4.358898943540674,5.291502622129181,3.4641016151377544,-6.653853682641712e-05,-0.005793002678055862,-0.0022297277703945163,-0.00668918331118355
5,13,18,1.732050807568877,4.358898943540674,5.291502622129181,3.4641016151377535,-6.653853682641702e-05,-0.005793002678055851,-0.0022297277703945124,-0.006689183311183537
3,13,20,1.732050807568877,4.358898943540674,5.291502622129181,3.4641016151377526,-6.653853682641692e-05,-0.005793002678055841,-0.0022297277703945085,-0.006689183311183526
5,10,18,1.7320508075688772,4.358898943540674,5.291502622129181,-3.4641016151377544,6.653853682641667e-05,-0.005793002678055823,-0.0022297277703945016,-0.006689183311183505
5,15,22,1.7320508075688772,2.9999999999999996,4.582575694955839,-1.2990381056766571,0.00017667386807037775,-0.005768117092491318,-0.0022201493040447627,-0.006660447912134288
0,9,11,1.7320508075688772,3.0,4.58257569495584,1.299038105676658,-0.00017667386807037762,-0.005768117092491318,-0.0022201493040447627,-0.006660447912134288
1,14,19,1.7320508075688776,3.0,4.582575694955839,-1.2990381056766576,0.0001766738680703776,-0.0057681170924913155,-0.0022201493040447614,-0.006660447912134285
12,14,23,1.7320508075688772,2.9999999999999996,4.58257569495584,-1.299038105676657,0.00017667386807037724,-0.005768117092491301,-0.0022201493040447558,-0.006660447912134267
3,8,12,1.7320508075688772,3.0,4.58257569495584,-1.2990381056766567,0.00017667386807037727,-0.0057681170924913,-0.0022201493040447558,-0.006660447912134267
4,9,22,1.7320508075688772,3.0,4.582575694955841,1.2990381056766587,-0.00017667386807037694,-0.005768117092491298,-0.002220149304044755,-0.006660447912134265
1,8,18,1.7320508075688772,3.0,4.582575694955841,1.2990381056766571,-0.00017667386807037708,-0.005768117092491296,-0.0022201493040447545,-0.006660447912134263
3,16,23,1.7320508075688772,3.0,4.582575694955841,1.2990381056766573,-0.00017667386807037675,-0.005768117092491287,-0.0022201493040447506,-0.006660447912134251
16,18,19,1.7320508075688772,3.0000000000000004,4.58257569495584,-1.2990381056766587,0.00017667386807037643,-0.005768117092491282,-0.0022201493040447484,-0.006660447912134246
0,7,20,1.7320508075688774,2.9999999999999996,4.58257569495584,-1.2990381056766578,0.00017667386807037607,-0.005768117092491266,-0.0022201493040447428,-0.006660447912134227
4,5,7,1.7320508075688774,3.0,4.58257569495584,1.299038105676658,-0.00017667386807037545,-0.005768117092491247,-0.0022201493040447354,-0.006660447912134206
11,15,20,1.7320508075688774,3.0000000000000004,4.582575694955841,1.2990381056766553,-0.00017667386807037564,-0.005768117092491242,-0.0022201493040447332,-0.0066604479121342005
5,9,22,3.0,3.4641016151377544,4.582575694955839,-5.196152422706629,4.416296940790606e-05,-0.005767399140102374,-0.0022198729640414143,-0.0066596188921242425
0,9,20,3.0,3.4641016151377553,4.58257569495584,-5.19615242270663,4.4162969407906035e-05,-0.005767399140102371,-0.0022198729640414134,-0.00665961889212424
1,14,18,3.0,3.464101615137755,4.582575694955841,5.196152422706631,-4.416296940790586e-05,-0.0057673991401023484,-0.0022198729640414048,-0.006659618892124214
4,7,22,3.0,3.4641016151377544,4.582575694955841,5.196152422706631,-4.4162969407905825e-05,-0.005767399140102344,-0.002219872964041403,-0.006659618892124208
3,12,16,3.0,3.464101615137755,4.58257569495584,5.196152422706631,-4.416296940790571e-05,-0.0057673991401023285,-0.002219872964041397,-0.0066596188921241905
3,14,23,2.9999999999999996,3.4641016151377544,4.582575694955841,5.19615242270663,-4.416296940790567e-05,-0.005767399140102323,-0.002219872964041395,-0.006659618892124184
8,18,19,3.0,3.464101615137755,4.58257569495584,-5.196152422706633,4.4162969407905594e-05,-0.005767399140102316,-0.002219872964041392,-0.006659618892124177
1,16,19,3.0000000000000004,3.464101615137755,4.582575694955839,-5.196152422706631,4.416296940790561e-05,-0.0057673991401023155,-0.0022198729640413918,-0.006659618892124177
4,5,15,2.9999999999999996,3.464101615137755,4.58257569495584,5.196152422706632,-4.4162969407905574e-05,-0.005767399140102313,-0.002219872964041391,-0.006659618892124173
0,11,15,3.0000000000000004,3.4641016151377544,4.58257569495584,-5.196152422706631,4.416296940790556e-05,-0.005767399140102309,-0.0022198729640413896,-0.006659618892124168
8,12,23,3.0,3.464101615137755,4.58257569495584,5.196152422706631,-4.4162969407905486e-05,-0.0057673991401023,-0.002219872964041386,-0.0066596188921241575
7,11,20,2.9999999999999996,3.4641016151377544,4.582575694955841,-5.196152422706629,4.4162969407905466e-05,-0.0057673991401022955,-0.0022198729640413844,-0.006659618892124152
8,11,18,0.9999999999999999,2.6457513110645907,3.0,-1.2990381056766593,0.00017494990903755574,-0.005711832608132757,-0.002198485395914353,-0.0065954561877430585
0,1,14,1.0,2.6457513110645907,3.0,-1.2990381056766584,0.0001749499090375554,-0.005711832608132742,-0.0021984853959143473,-0.006595456187743041
0,1,9,1.0,2.6457513110645907,3.0,-1.2990381056766576,0.00017494990903755515,-0.00571183260813273,-0.0021984853959143426,-0.006595456187743027
5,12,15,0.9999999999999998,2.6457513110645903,2.9999999999999996,1.2990381056766587,-0.00017494990903755493,-0.005711832608132727,-0.0021984853959143417,-0.006595456187743024
14,22,23,1.0000000000000004,2.6457513110645903,2.9999999999999996,1.2990381056766576,-0.00017494990903755477,-0.005711832608132718,-0.002198485395914338,-0.006595456187743013
3,4,16,1.0000000000000002,2.6457513110645907,3.0,-1.2990381056766576,0.00017494990903755466,-0.005711832608132714,-0.0021984853959143365,-0.00659545618774301
9,22,23,1.0000000000000004,2.6457513110645907,3.0,1.299038105676658,-0.00017494990903755425,-0.005711832608132702,-0.0021984853959143317,-0.006595456187742995
5,8,12,0.9999999999999998,2.6457513110645907,3.0,-1.2990381056766591,0.00017494990903755398,-0.005711832608132699,-0.0021984853959143304,-0.006595456187742993
3,4,7,1.0000000000000002,2.6457513110645907,3.0,-1.2990381056766573,0.0001749499090375541,-0.005711832608132694,-0.0021984853959143287,-0.0065954561877429865
11,15,18,0.9999999999999999,2.645751311064591,3.0000000000000004,1.2990381056766598,-0.00017494990903755374,-0.005711832608132693,-0.0021984853959143283,-0.006595456187742984
16,19,20,0.9999999999999996,2.645751311064591,3.0000000000000004,1.299038105676656,-0.00017494990903755406,-0.0057118326081326875,-0.002198485395914326,-0.006595456187742979
7,19,20,0.9999999999999996,2.6457513110645907,2.9999999999999996,1.2990381056766567,-0.00017494990903755357,-0.0057118326081326744,-0.0021984853959143213,-0.006595456187742963
0,13,15,1.732050807568877,2.9999999999999996,3.4641016151377544,2.5980762113533156,8.71442606536128e-05,0.005690239364526618,0.002190174152575232,0.0065705224577256955
2,5,9,1.7320508075688774,3.0,3.4641016151377544,2.5980762113533142,8.714426065361244e-05,0.005690239364526592,0.002190174152575222,0.006570522457725665
9,17,20,1.7320508075688774,3.000000000000001,3.4641016151377553,-2.5980762113533156,-8.71442606536124e-05,0.005690239364526592,0.002190174152575222,0.006570522457725665
1,10,16,1.7320508075688772,3.0,3.464101615137755,-2.598076211353315,-8.714426065361198e-05,0.005690239364526564,0.002190174152575211,0.006570522457725633
12,16,21,1.7320508075688779,2.9999999999999996,3.464101615137755,-2.598076211353315,-8.714426065361187e-05,0.005690239364526557,0.0021901741525752086,0.006570522457725625
6,8,19,1.7320508075688774,2.9999999999999996,3.464101615137755,-2.5980762113533156,-8.714426065361167e-05,0.005690239364526544,0.0021901741525752034,0.0065705224577256105
7,13,22,1.732050807568877,2.9999999999999996,3.4641016151377544,2.5980762113533156,8.714426065361164e-05,0.005690239364526542,0.002190174152575203,0.006570522457725609
2,7,11,1.7320508075688774,3.0,3.4641016151377544,2.5980762113533142,8.71442606536115e-05,0.00569023936452653,0.002190174152575198,0.006570522457725594
14,18,21,1.732050807568877,3.000000000000001,3.464101615137755,-2.5980762113533147,-8.714426065361122e-05,0.005690239364526513,0.0021901741525751912,0.006570522457725574
8,10,23,1.7320508075688774,3.0000000000000004,3.464101615137755,-2.598076211353315,-8.71442606536112e-05,0.005690239364526513,0.0021901741525751912,0.006570522457725574
4,15,17,1.7320508075688779,3.0,3.464101615137755,2.598076211353315,8.714426065361045e-05,0.005690239364526464,0.0021901741525751726,0.006570522457725519
3,6,14,1.732050807568877,3.0,3.4641016151377544,2.598076211353316,8.71442606536104e-05,0.005690239364526462,0.0021901741525751717,0.006570522457725515
2,17,21,2.000000000000001,3.464101615137755,4.0,-3.4641016151377535,-6.44107813458325e-05,0.005607755244235208,0.0021584259998724885,0.006475277999617467
6,17,21,2.000000000000001,3.464101615137754,3.9999999999999996,-3.4641016151377535,-6.441078134583227e-05,0.005607755244235188,0.002158425999872481,0.006475277999617443
10,13,17,1.9999999999999998,3.464101615137755,4.0,3.464101615137753,6.441078134583217e-05,0.005607755244235179,0.002158425999872477,0.006475277999617432
2,6,21,2.0,3.464101615137754,4.0,3.4641016151377535,6.441078134583215e-05,0.005607755244235177,0.0021584259998724768,0.00647527799961743
2,6,17,2.0,3.464101615137755,3.9999999999999996,3.4641016151377535,6.441078134583203e-05,0.005607755244235167,0.002158425999872473,0.006475277999617418
2,10,21,2.0000000000000004,3.4641016151377553,4.0,-3.4641016151377544,-6.441078134583194e-05,0.005607755244235161,0.0021584259998724703,0.006475277999617411
10,13,21,1.9999999999999993,3.4641016151377553,4.0,3.464101615137754,6.441078134583185e-05,0.005607755244235152,0.0021584259998724668,0.006475277999617401
2,10,13,2.0000000000000004,3.4641016151377544,4.0,-3.464101615137754,-6.441078134583184e-05,0.005607755244235151,0.0021584259998724668,0.0064752779996174
2,13,21,1.9999999999999993,3.4641016151377544,4.0,3.464101615137754,6.44107813458318e-05,0.005607755244235148,0.0021584259998724655,0.006475277999617396
6,13,17,1.9999999999999993,3.464101615137755,3.9999999999999996,3.464101615137753,6.441078134583179e-05,0.005607755244235146,0.0021584259998724646,0.006475277999617394
6,10,17,1.9999999999999998,3.4641016151377544,3.9999999999999996,-3.464101615137754,-6.441078134583138e-05,0.005607755244235111,0.002158425999872451,0.006475277999617354
6,10,13,1.9999999999999993,3.4641016151377544,4.0,-3.4641016151377535,-6.441078134583135e-05,0.005607755244235108,0.00215842599987245,0.0064752779996173505
2,13,17,3.4641016151377544,3.464101615137755,3.464101615137755,5.19615242270663,-4.251107695891019e-05,-0.00555167263399079,-0.0021368397931248407,-0.006410519379374522
6,10,21,3.464101615137754,3.4641016151377544,3.4641016151377553,-5.196152422706631,4.251107695890979e-05,-0.005551672633990738,-0.0021368397931248208,-0.006410519379374462
7,14,22,0.9999999999999997,2.6457513110645903,3.4641016151377544,0.8660254037844386,-0.0002530184599956255,-0.005507096662555036,-0.0021196824937196267,-0.006359047481158881
4,15,16,1.0000000000000004,2.6457513110645907,3.464101615137755,0.8660254037844388,-0.00025301845999562534,-0.005507096662555035,-0.002119682493719626,-0.006359047481158878
0,14,15,0.9999999999999997,2.6457513110645907,3.4641016151377544,0.8660254037844387,-0.0002530184599956244,-0.005507096662555014,-0.002119682493719618,-0.006359047481158854
9,16,20,0.9999999999999999,2.645751311064591,3.4641016151377553,-0.8660254037844397,0.0002530184599956241,-0.005507096662555013,-0.0021196824937196176,-0.006359047481158852
5,8,9,1.0000000000000002,2.6457513110645907,3.4641016151377544,-0.8660254037844386,0.00025301845999562426,-0.0055070966625550095,-0.0021196824937196163,-0.0063590474811588485
3,7,14,0.9999999999999997,2.6457513110645907,3.4641016151377544,0.8660254037844395,-0.0002530184599956238,-0.005507096662555005,-0.0021196824937196146,-0.006359047481158843
7,8,11,1.0,2.6457513110645907,3.4641016151377544,-0.8660254037844384,0.00025301845999562415,-0.005507096662555005,-0.0021196824937196146,-0.006359047481158843
14,15,18,0.9999999999999997,2.645751311064591,3.464101615137755,0.8660254037844379,-0.00025301845999562393,-0.005507096662554998,-0.002119682493719612,-0.006359047481158835
12,15,16,1.0000000000000004,2.6457513110645903,3.464101615137755,0.8660254037844384,-0.00025301845999562366,-0.005507096662554995,-0.0021196824937196107,-0.006359047481158832
1,9,16,0.9999999999999999,2.6457513110645907,3.464101615137755,-0.8660254037844378,0.000253018459995623,-0.0055070966625549765,-0.0021196824937196033,-0.006359047481158811
8,9,23,1.0000000000000002,2.6457513110645907,3.464101615137755,-0.8660254037844378,0.00025301845999562285,-0.005507096662554973,-0.002119682493719602,-0.006359047481158807
7,8,19,1.0,2.6457513110645907,3.464101615137755,-0.8660254037844388,0.0002530184599956215,-0.005507096662554951,-0.0021196824937195938,-0.006359047481158782
11,21,23,1.732050807568878,2.6457513110645907,3.60555127546399,2.1650635094610964,9.714542080152946e-05,0.00528606907464239,0.002034608935466493,0.00610382680639948
13,20,23,1.732050807568877,2.6457513110645916,3.605551275463989,2.165063509461096,9.714542080152948e-05,0.0052860690746423895,0.002034608935466493,0.006103826806399479
0,2,12,1.7320508075688772,2.6457513110645903,3.605551275463989,-2.165063509461097,-9.714542080152936e-05,0.005286069074642385,0.0020346089354664914,0.006103826806399473
3,11,17,1.7320508075688772,2.6457513110645907,3.6055512754639896,-2.1650635094610964,-9.714542080152906e-05,0.005286069074642369,0.002034608935466485,0.006103826806399455
10,18,22,1.7320508075688772,2.645751311064591,3.6055512754639896,-2.165063509461097,-9.714542080152903e-05,0.005286069074642368,0.0020346089354664845,0.006103826806399455
1,4,6,1.7320508075688774,2.6457513110645907,3.605551275463989,-2.1650635094610955,-9.714542080152896e-05,0.005286069074642361,0.002034608935466482,0.006103826806399447
6,12,20,1.732050807568877,2.6457513110645903,3.6055512754639887,2.1650635094610946,9.714542080152879e-05,0.00528606907464235,0.0020346089354664775,0.006103826806399433
5,19,21,1.732050807568877,2.6457513110645903,3.6055512754639887,2.1650635094610964,9.714542080152868e-05,0.005286069074642348,0.002034608935466477,0.0061038268063994304
17,19,22,1.7320508075688779,2.6457513110645907,3.60555127546399,2.1650635094610955,9.714542080152803e-05,0.005286069074642311,0.002034608935466463,0.006103826806399388
2,4,18,1.7320508075688774,2.6457513110645907,3.6055512754639896,-2.1650635094610973,-9.714542080152778e-05,0.005286069074642301,0.002034608935466459,0.0061038268063993775
1,5,13,1.732050807568877,2.6457513110645907,3.605551275463989,2.165063509461097,9.714542080152763e-05,0.0052860690746422915,0.0020346089354664554,0.006103826806399366
0,3,10,1.7320508075688776,2.6457513110645907,3.605551275463989,-2.1650635094610964,-9.714542080152688e-05,0.00528606907464225,0.0020346089354664394,0.0061038268063993185
3,4,13,1.0000000000000002,4.358898943540674,4.58257569495584,-2.1650635094610955,-9.599935895652068e-05,0.0052237072872668875,0.0020106058723142316,0.006031817616942694
11,13,18,0.9999999999999999,4.358898943540674,4.58257569495584,2.1650635094610995,9.599935895652046e-05,0.005223707287266885,0.0020106058723142303,0.0060318176169426915
6,22,23,1.0000000000000004,4.358898943540673,4.58257569495584,2.1650635094610964,9.599935895652057e-05,0.005223707287266883,0.00201060587231423,0.006031817616942689
5,12,17,0.9999999999999998,4.358898943540674,4.58257569495584,2.1650635094610977,9.599935895652026e-05,0.00522370728726687,0.0020106058723142247,0.006031817616942674
10,19,20,0.9999999999999996,4.358898943540674,4.58257569495584,2.1650635094610937,9.599935895652012e-05,0.005223707287266852,0.0020106058723142178,0.006031817616942654
6,11,18,0.9999999999999999,4.358898943540674,4.58257569495584,-2.165063509461099,-9.599935895651982e-05,0.005223707287266849,0.002010605872314217,0.00603181761694265
2,22,23,1.0000000000000004,4.358898943540674,4.58257569495584,2.1650635094610964,9.599935895651986e-05,0.005223707287266845,0.002010605872314215,0.006031817616942646
0,1,17,1.0,4.358898943540674,4.582575694955841,-2.165063509461096,-9.599935895651971e-05,0.0052237072872668355,0.0020106058723142113,0.006031817616942634
3,4,21,1.0000000000000002,4.358898943540674,4.582575694955841,-2.165063509461096,-9.59993589565196e-05,0.005223707287266829,0.002010605872314209,0.006031817616942627
0,1,21,1.0,4.358898943540673,4.58257569495584,-2.1650635094610964,-9.599935895651882e-05,0.005223707287266789,0.0020106058723141935,0.0060318176169425804
5,10,12,0.9999999999999998,4.358898943540674,4.58257569495584,-2.165063509461098,-9.599935895651848e-05,0.005223707287266774,0.002010605872314188,0.006031817616942563
2,19,20,0.9999999999999996,4.358898943540674,4.58257569495584,2.165063509461094,9.599935895651759e-05,0.005223707287266716,0.0020106058723141653,0.006031817616942496
0,19,23,3.4641016151377553,3.999999999999999,5.291502622129181,6.928203230275509,2.943862875585947e-05,0.0051259935476452865,0.0019729958363981937,0.005918987509194582
0,4,19,3.4641016151377544,3.999999999999999,5.291502622129181,-6.928203230275508,-2.943862875585932e-05,0.0051259935476452596,0.0019729958363981837,0.005918987509194551
5,18,20,3.464101615137754,4.000000000000001,5.291502622129181,-6.928203230275506,-2.943862875585924e-05,0.005125993547645244,0.0019729958363981777,0.005918987509194533
1,11,22,3.4641016151377553,4.0,5.291502622129181,-6.928203230275507,-2.9438628755859232e-05,0.005125993547645243,0.0019729958363981772,0.005918987509194531
3,18,20,3.464101615137755,4.000000000000001,5.291502622129181,-6.928203230275509,-2.9438628755859137e-05,0.005125993547645228,0.0019729958363981716,0.005918987509194514
1,11,12,3.4641016151377544,4.0,5.291502622129181,-6.928203230275507,-2.9438628755859083e-05,0.005125993547645217,0.0019729958363981673,0.005918987509194502
3,5,18,3.464101615137755,4.0,5.291502622129181,6.928203230275509,2.9438628755859056e-05,0.0051259935476452145,0.001972995836398166,0.005918987509194499
3,5,20,3.464101615137754,4.0,5.291502622129181,6.928203230275506,2.943862875585906e-05,0.005125993547645213,0.0019729958363981655,0.005918987509194496
0,4,23,3.4641016151377544,4.0,5.291502622129181,-6.928203230275509,-2.9438628755859e-05,0.005125993547645205,0.0019729958363981625,0.0059189875091944875
4,19,23,3.4641016151377553,4.0,5.291502622129181,6.928203230275507,2.9438628755858964e-05,0.005125993547645196,0.001972995836398159,0.005918987509194478
1,12,22,3.4641016151377544,3.999999999999999,5.291502622129181,6.928203230275507,2.9438628755858944e-05,0.005125993547645193,0.0019729958363981577,0.005918987509194474
11,12,22,3.4641016151377553,3.999999999999999,5.291502622129181,6.928203230275507,2.9438628755858856e-05,0.005125993547645178,0.001972995836398152,0.005918987509194456
1,6,23,1.7320508075688774,4.58257569495584,5.196152422706632,3.897114317029973,5.163337853282371e-05,0.005057239814429419,0.0019465325121448785,0.005839597536434636
5,11,13,1.732050807568877,4.58257569495584,5.196152422706632,-3.897114317029973,-5.16333785328236e-05,0.005057239814429407,0.0019465325121448742,0.005839597536434623
4,13,20,1.732050807568877,4.58257569495584,5.196152422706632,3.8971143170299714,5.163337853282345e-05,0.00505723981442939,0.0019465325121448675,0.005839597536434603
3,10,19,1.7320508075688776,4.58257569495584,5.196152422706632,-3.897114317029974,-5.1633378532823296e-05,0.005057239814429379,0.0019465325121448631,0.00583959753643459
5,11,17,1.7320508075688772,4.58257569495584,5.196152422706632,-3.897114317029975,-5.1633378532823086e-05,0.00505723981442936,0.0019465325121448558,0.005839597536434568
0,17,22,1.7320508075688779,4.582575694955841,5.196152422706632,-3.8971143170299727,-5.163337853282311e-05,0.005057239814429359,0.0019465325121448556,0.005839597536434566
0,2,22,1.7320508075688772,4.58257569495584,5.196152422706632,-3.8971143170299727,-5.163337853282305e-05,0.005057239814429354,0.0019465325121448536,0.005839597536434561
1,21,23,1.732050807568878,4.58257569495584,5.196152422706632,3.897114317029973,5.163337853282289e-05,0.005057239814429338,0.0019465325121448475,0.005839597536434543
6,12,18,1.732050807568877,4.58257569495584,5.196152422706632,3.897114317029974,5.163337853282288e-05,0.005057239814429338,0.0019465325121448475,0.005839597536434543
3,19,21,1.732050807568877,4.582575694955841,5.196152422706632,3.8971143170299727,5.163337853282265e-05,0.005057239814429314,0.0019465325121448382,0.005839597536434514
10,12,18,1.7320508075688772,4.58257569495584,5.196152422706632,3.897114317029974,5.163337853282252e-05,0.0050572398144293025,0.0019465325121448339,0.005839597536434501
2,4,20,1.7320508075688774,4.58257569495584,5.196152422706632,-3.8971143170299722,-5.1633378532821616e-05,0.005057239814429211,0.0019465325121447987,0.005839597536434396
4,11,13,1.7320508075688774,4.58257569495584,4.58257569495584,-3.897114317029972,4.962076890061072e-05,-0.004860114430575999,-0.001870658916523625,-0.005611976749570875
6,18,23,1.7320508075688776,4.58257569495584,4.58257569495584,-3.897114317029972,4.962076890060989e-05,-0.004860114430575917,-0.0018706589165235937,-0.005611976749570781
0,5,17,1.7320508075688772,4.58257569495584,4.582575694955841,3.8971143170299727,-4.962076890060965e-05,-0.004860114430575895,-0.001870658916523585,-0.005611976749570755
10,12,19,1.732050807568877,4.58257569495584,4.58257569495584,3.897114317029972,-4.962076890060958e-05,-0.004860114430575887,-0.001870658916523582,-0.005611976749570746
1,3,21,1.7320508075688776,4.58257569495584,4.582575694955841,-3.8971143170299722,4.9620768900609025e-05,-0.004860114430575833,-0.0018706589165235613,-0.005611976749570684
2,20,22,1.7320508075688776,4.58257569495584,4.58257569495584,3.897114317029973,-4.962076890060839e-05,-0.0048601144305757725,-0.001870658916523538,-0.005611976749570614
0,15,19,2.0,3.4641016151377544,3.999999999999999,-3.464101615137754,5.557663729676442e-05,-0.004838633730967056,-0.001862390991389222,-0.005587172974167666
1,11,16,2.0,3.464101615137755,4.0,-3.4641016151377535,5.5576637296764146e-05,-0.004838633730967031,-0.0018623909913892123,-0.005587172974167637
9,18,20,2.0,3.4641016151377553,4.000000000000001,-3.4641016151377553,5.5576637296764065e-05,-0.0048386337309670275,-0.001862390991389211,-0.0055871729741676325
1,7,11,2.0,3.4641016151377544,4.0,3.464101615137753,-5.557663729676392e-05,-0.004838633730967012,-0.001862390991389205,-0.005587172974167615
3,5,9,2.0,3.4641016151377544,4.0,3.4641016151377526,-5.557663729676391e-05,-0.00483863373096701,-0.0018623909913892042,-0.0055871729741676125
0,8,19,2.0,3.464101615137755,3.999999999999999,-3.4641016151377544,5.55766372967638e-05,-0.004838633730967003,-0.0018623909913892016,-0.005587172974167605
14,18,20,2.0,3.464101615137755,4.000000000000001,-3.4641016151377517,5.5576637296763814e-05,-0.004838633730967,-0.0018623909913892003,-0.0055871729741676
7,12,22,2.0,3.4641016151377544,3.999999999999999,3.4641016151377535,-5.5576637296763604e-05,-0.004838633730966984,-0.0018623909913891943,-0.005587172974167583
4,15,23,2.0,3.464101615137755,4.0,3.464101615137754,-5.557663729676345e-05,-0.004838633730966971,-0.0018623909913891893,-0.005587172974167568
3,5,14,1.9999999999999998,3.4641016151377544,4.0,3.464101615137755,-5.557663729676339e-05,-0.004838633730966968,-0.001862390991389188,-0.005587172974167564
4,8,23,2.0,3.464101615137755,4.0,3.4641016151377535,-5.557663729676328e-05,-0.0048386337309669555,-0.0018623909913891832,-0.00558717297416755
12,16,22,2.0,3.464101615137755,3.999999999999999,-3.464101615137753,5.557663729676297e-05,-0.004838633730966929,-0.001862390991389173,-0.005587172974167519
4,13,18,2.6457513110645907,4.358898943540674,4.58257569495584,5.6291651245988525,3.1777103374190925e-05,0.004495708611990378,0.0017303990515538422,0.0051911971546615265
6,11,23,2.6457513110645907,4.358898943540674,4.58257569495584,-5.62916512459885,-3.1777103374190824e-05,0.004495708611990361,0.001730399051553836,0.005191197154661507
3,11,13,2.6457513110645907,4.358898943540674,4.58257569495584,-5.629165124598849,-3.177710337419081e-05,0.004495708611990359,0.0017303990515538349,0.005191197154661505
1,5,17,2.6457513110645907,4.358898943540674,4.58257569495584,5.62916512459885,3.1777103374190614e-05,0.004495708611990332,0.0017303990515538244,0.0051911971546614736
0,12,17,2.6457513110645903,4.358898943540674,4.582575694955841,5.62916512459885,3.177710337419055e-05,0.004495708611990323,0.0017303990515538212,0.005191197154661463
2,19,22,2.6457513110645907,4.358898943540674,4.58257569495584,5.629165124598849,3.177710337419054e-05,0.00449570861199032,0.00173039905155382,0.00519119715466146
6,18,22,2.645751311064591,4.358898943540673,4.58257569495584,-5.629165124598849,-3.177710337419051e-05,0.004495708611990316,0.0017303990515538186,0.005191197154661455
5,10,19,2.6457513110645903,4.358898943540674,4.58257569495584,-5.629165124598852,-3.177710337419038e-05,0.0044957086119903,0.0017303990515538123,0.005191197154661436
1,4,21,2.6457513110645907,4.358898943540674,4.58257569495584,-5.629165124598849,-3.177710337419033e-05,0.00449570861199029,0.0017303990515538086,0.005191197154661426
10,12,20,2.6457513110645903,4.358898943540674,4.58257569495584,5.629165124598846,3.17771033741903e-05,0.004495708611990284,0.0017303990515538062,0.005191197154661419
0,3,21,2.6457513110645907,4.358898943540673,4.582575694955841,-5.629165124598849,-3.177710337419025e-05,0.004495708611990279,0.0017303990515538043,0.005191197154661413
2,20,23,2.6457513110645916,4.358898943540674,4.58257569495584,5.62916512459885,3.1777103374189916e-05,0.004495708611990233,0.0017303990515537865,0.005191197154661359
0,3,9,2.0,2.6457513110645907,3.0,-2.5980762113533147,6.783477303563767e-05,-0.004429392055380433,-0.0017048737970135218,-0.005114621391040565
1,5,14,1.9999999999999998,2.6457513110645907,3.0,2.5980762113533165,-6.783477303563747e-05,-0.004429392055380422,-0.0017048737970135177,-0.005114621391040553
4,8,18,2.0,2.6457513110645907,3.0,2.5980762113533165,-6.783477303563746e-05,-0.0044293920553804215,-0.0017048737970135174,-0.005114621391040552
14,20,23,2.0,2.6457513110645916,2.9999999999999996,2.5980762113533142,-6.783477303563724e-05,-0.004429392055380403,-0.0017048737970135103,-0.005114621391040531
3,11,16,2.0,2.6457513110645907,3.0,-2.5980762113533147,6.783477303563721e-05,-0.004429392055380402,-0.00170487379701351,-0.0051146213910405304
9,18,22,2.0,2.645751311064591,3.0,-2.5980762113533165,6.783477303563709e-05,-0.004429392055380397,-0.001704873797013508,-0.005114621391040524
5,15,19,2.0,2.6457513110645903,2.9999999999999996,-2.598076211353316,6.7834773035637e-05,-0.00442939205538039,-0.0017048737970135053,-0.005114621391040516
1,4,7,2.0,2.6457513110645907,3.0,-2.5980762113533147,6.783477303563675e-05,-0.004429392055380373,-0.0017048737970134986,-0.005114621391040496
11,15,23,2.0,2.6457513110645907,3.0000000000000004,2.598076211353315,-6.783477303563667e-05,-0.004429392055380369,-0.001704873797013497,-0.005114621391040491
7,12,20,2.0,2.6457513110645903,2.9999999999999996,2.5980762113533142,-6.783477303563663e-05,-0.004429392055380363,-0.001704873797013495,-0.0051146213910404845
0,8,12,2.0,2.6457513110645903,3.0,-2.598076211353316,6.783477303563658e-05,-0.0044293920553803625,-0.0017048737970134947,-0.005114621391040484
16,19,22,2.0,2.6457513110645907,3.0000000000000004,2.5980762113533147,-6.783477303563654e-05,-0.004429392055380358,-0.001704873797013493,-0.005114621391040479
2,4,12,1.7320508075688774,3.605551275463989,5.0,-2.1650635094610964,-7.469291991917767e-05,0.004064339119866054,0.0015643648566217286,0.0046930945698651855
11,19,21,1.732050807568877,3.60555127546399,5.0,2.1650635094610964,7.469291991917757e-05,0.004064339119866049,0.0015643648566217266,0.00469309456986518
5,13,23,1.732050807568877,3.605551275463989,5.0,2.1650635094610964,7.469291991917749e-05,0.004064339119866044,0.0015643648566217249,0.004693094569865174
4,6,12,1.732050807568877,3.605551275463989,5.0,2.165063509461097,7.469291991917744e-05,0.004064339119866042,0.0015643648566217238,0.004693094569865172
3,10,22,1.7320508075688776,3.6055512754639896,5.0,-2.165063509461097,-7.469291991917738e-05,0.004064339119866038,0.0015643648566217225,0.004693094569865168
5,21,23,1.732050807568878,3.6055512754639887,5.0,2.1650635094610977,7.469291991917712e-05,0.004064339119866027,0.0015643648566217182,0.004693094569865154
1,6,20,1.7320508075688774,3.6055512754639887,5.0,2.1650635094610964,7.469291991917717e-05,0.004064339119866026,0.001564364856621718,0.004693094569865153
3,17,22,1.7320508075688779,3.6055512754639896,5.0,-2.1650635094610955,-7.469291991917711e-05,0.004064339119866022,0.0015643648566217162,0.004693094569865148
11,17,19,1.7320508075688772,3.60555127546399,5.0,-2.1650635094610973,-7.469291991917657e-05,0.004064339119865996,0.0015643648566217062,0.004693094569865119
0,2,18,1.7320508075688772,3.6055512754639896,5.0,-2.1650635094610964,-7.469291991917608e-05,0.004064339119865967,0.0015643648566216952,0.004693094569865085
1,13,20,1.732050807568877,3.605551275463989,5.0,2.1650635094610955,7.469291991917607e-05,0.0040643391198659645,0.001564364856621694,0.004693094569865082
0,10,18,1.7320508075688772,3.605551275463989,5.0,-2.1650635094610973,-7.469291991917558e-05,0.004064339119865941,0.0015643648566216852,0.004693094569865055
13,17,23,1.0000000000000002,3.464101615137755,3.605551275463989,-1.7320508075688754,9.30686569867144e-05,-0.004051388900943238,-0.0015593803150342935,-0.004678140945102881
2,3,17,1.0,3.464101615137755,3.6055512754639896,-1.7320508075688772,9.306865698671428e-05,-0.004051388900943236,-0.0015593803150342929,-0.004678140945102879
2,12,13,0.9999999999999999,3.4641016151377544,3.605551275463989,1.732050807568875,-9.30686569867142e-05,-0.0040513889009432275,-0.0015593803150342896,-0.004678140945102869
10,11,21,1.0,3.4641016151377553,3.60555127546399,-1.7320508075688752,9.306865698671403e-05,-0.004051388900943221,-0.001559380315034287,-0.0046781409451028605
10,21,22,1.0000000000000002,3.4641016151377553,3.6055512754639896,1.7320508075688767,-9.306865698671392e-05,-0.004051388900943219,-0.0015593803150342862,-0.004678140945102859
5,6,21,0.9999999999999998,3.464101615137754,3.6055512754639887,-1.7320508075688767,9.306865698671392e-05,-0.004051388900943219,-0.0015593803150342862,-0.004678140945102859
6,20,21,1.0,3.464101615137754,3.6055512754639887,1.7320508075688767,-9.306865698671367e-05,-0.0040513889009432084,-0.0015593803150342823,-0.004678140945102847
4,6,10,1.0,3.4641016151377544,3.605551275463989,1.732050807568878,-9.306865698671325e-05,-0.004051388900943194,-0.0015593803150342766,-0.004678140945102829
13,17,19,1.0,3.464101615137755,3.60555127546399,-1.7320508075688776,9.306865698671317e-05,-0.004051388900943189,-0.001559380315034275,-0.004678140945102825
2,17,18,1.0,3.464101615137755,3.6055512754639896,1.7320508075688772,-9.306865698671271e-05,-0.004051388900943168,-0.0015593803150342667,-0.0046781409451028
1,2,13,1.0,3.4641016151377544,3.605551275463989,-1.7320508075688763,9.306865698671215e-05,-0.004051388900943142,-0.0015593803150342565,-0.004678140945102769
0,6,10,1.0000000000000002,3.4641016151377544,3.605551275463989,1.7320508075688776,-9.306865698671111e-05,-0.0040513889009431,-0.0015593803150342406,-0.004678140945102722
11,13,17,1.7320508075688772,3.464101615137755,4.58257569495584,2.598076211353317,5.991875033173499e-05,0.003912501285266753,0.0015059224468356776,0.004517767340507032
2,4,13,1.7320508075688774,3.4641016151377544,4.58257569495584,-2.5980762113533147,-5.9918750331734866e-05,0.003912501285266741,0.0015059224468356733,0.00451776734050702
6,21,23,1.732050807568878,3.464101615137754,4.58257569495584,2.598076211353316,5.991875033173479e-05,0.003912501285266738,0.0015059224468356718,0.004517767340507016
5,13,17,1.732050807568877,3.464101615137755,4.58257569495584,2.598076211353315,5.991875033173446e-05,0.003912501285266715,0.0015059224468356631,0.00451776734050699
0,2,17,1.7320508075688772,3.464101615137755,4.582575694955841,-2.5980762113533147,-5.991875033173445e-05,0.003912501285266714,0.001505922446835663,0.004517767340506988
10,19,21,1.732050807568877,3.4641016151377553,4.58257569495584,2.5980762113533142,5.991875033173446e-05,0.0039125012852667135,0.0015059224468356625,0.004517767340506988
2,17,22,1.7320508075688779,3.464101615137755,4.58257569495584,-2.598076211353315,-5.991875033173436e-05,0.003912501285266709,0.001505922446835661,0.004517767340506983
1,6,21,1.7320508075688774,3.464101615137754,4.58257569495584,2.598076211353316,5.9918750331734114e-05,0.003912501285266694,0.0015059224468356549,0.004517767340506964
3,10,21,1.7320508075688776,3.4641016151377553,4.582575694955841,-2.598076211353316,-5.991875033173403e-05,0.003912501285266688,0.001505922446835653,0.004517767340506959
6,10,18,1.7320508075688772,3.4641016151377544,4.58257569495584,-2.598076211353316,-5.9918750331733884e-05,0.003912501285266679,0.0015059224468356492,0.004517767340506948
6,10,12,1.732050807568877,3.4641016151377544,4.58257569495584,-2.5980762113533165,-5.991875033173367e-05,0.003912501285266666,0.0015059224468356443,0.004517767340506932
2,13,20,1.732050807568877,3.4641016151377544,4.58257569495584,2.5980762113533142,5.9918750331732684e-05,0.003912501285266598,0.001505922446835618,0.004517767340506855
2,5,23,3.0,4.358898943540674,5.0,6.495190528383287,2.3717642438144814e-05,0.0038717140297897393,0.0014902234248829044,0.004470670274648714
6,11,19,2.9999999999999996,4.358898943540674,5.0,-6.495190528383288,-2.3717642438144786e-05,0.0038717140297897354,0.0014902234248829029,0.004470670274648709
0,13,18,2.9999999999999996,4.358898943540674,5.0,6.495190528383289,2.371764243814477e-05,0.0038717140297897332,0.001490223424882902,0.004470670274648706
4,12,21,2.9999999999999996,4.358898943540674,5.0,6.495190528383287,2.3717642438144763e-05,0.003871714029789731,0.0014902234248829014,0.0044706702746487035
1,17,20,3.000000000000001,4.358898943540674,5.0,-6.495190528383287,-2.3717642438144712e-05,0.003871714029789723,0.0014902234248828981,0.004470670274648694
2,11,19,3.0,4.358898943540674,5.0,-6.495190528383287,-2.3717642438144685e-05,0.003871714029789718,0.0014902234248828962,0.004470670274648689
1,10,20,3.0,4.358898943540674,5.0,-6.495190528383288,-2.37176424381446e-05,0.003871714029789705,0.0014902234248828912,0.004470670274648674
0,18,21,3.000000000000001,4.358898943540673,5.0,-6.495190528383288,-2.371764243814435e-05,0.0038717140297896643,0.0014902234248828756,0.004470670274648627
3,13,22,2.9999999999999996,4.358898943540674,5.0,6.495190528383288,2.371764243814434e-05,0.0038717140297896625,0.001490223424882875,0.0044706702746486245
5,10,23,3.0000000000000004,4.358898943540674,5.0,-6.4951905283832865,-2.3717642438144275e-05,0.003871714029789651,0.0014902234248828704,0.004470670274648611
3,6,22,3.0,4.358898943540673,5.0,6.495190528383288,2.3717642438144265e-05,0.0038717140297896504,0.0014902234248828701,0.004470670274648611
4,12,17,3.0,4.358898943540674,5.0,6.495190528383288,2.371764243814425e-05,0.0038717140297896482,0.0014902234248828695,0.004470670274648608
6,12,21,1.732050807568877,2.9999999999999996,3.464101615137754,2.598076211353315,5.816515024886543e-05,0.0037979968515112743,0.0014618496697342569,0.00438554900920277
0,2,13,1.7320508075688772,2.9999999999999996,3.4641016151377544,-2.598076211353315,-5.8165150248865395e-05,0.003797996851511272,0.001461849669734256,0.004385549009202768
13,17,20,1.732050807568877,3.000000000000001,3.464101615137755,-2.5980762113533142,-5.816515024886541e-05,0.0037979968515112713,0.0014618496697342558,0.004385549009202767
6,19,21,1.732050807568877,2.9999999999999996,3.464101615137754,2.598076211353315,5.816515024886533e-05,0.003797996851511268,0.0014618496697342543,0.004385549009202763
2,11,17,1.7320508075688772,3.0,3.464101615137755,-2.598076211353316,-5.8165150248865124e-05,0.0037979968515112553,0.0014618496697342495,0.004385549009202749
2,5,13,1.732050807568877,3.0,3.4641016151377544,2.5980762113533147,5.8165150248865144e-05,0.0037979968515112553,0.0014618496697342495,0.004385549009202749
1,6,10,1.7320508075688774,3.0,3.4641016151377544,2.5980762113533156,5.816515024886476e-05,0.0037979968515112305,0.00146184966973424,0.00438554900920272
13,17,22,1.7320508075688779,2.9999999999999996,3.464101615137755,-2.5980762113533147,-5.8165150248864744e-05,0.003797996851511229,0.0014618496697342393,0.0043855490092027175
10,21,23,1.732050807568878,3.0000000000000004,3.4641016151377553,2.598076211353315,5.8165150248864636e-05,0.0037979968515112227,0.001461849669734237,0.004385549009202711
10,18,21,1.7320508075688772,3.000000000000001,3.4641016151377553,-2.598076211353316,-5.816515024886451e-05,0.003797996851511215,0.001461849669734234,0.004385549009202702
2,4,17,1.7320508075688774,3.0,3.464101615137755,-2.598076211353316,-5.816515024886416e-05,0.0037979968515111924,0.0014618496697342254,0.004385549009202676
3,6,10,1.7320508075688776,3.0,3.4641016151377544,2.598076211353316,5.816515024886389e-05,0.003797996851511175,0.0014618496697342187,0.004385549009202656
3,9,18,2.0,2.0,3.464101615137755,1.7320508075688776,-7.700823929316438e-05,-0.0033522598912977142,-0.0012902854337562138,-0.0038708563012686418
5,14,20,1.9999999999999998,2.0,3.464101615137754,-1.7320508075688765,7.70082392931639e-05,-0.0033522598912976913,-0.0012902854337562052,-0.003870856301268615
15,19,23,2.0,2.0,3.4641016151377553,1.7320508075688763,-7.700823929316354e-05,-0.0033522598912976748,-0.0012902854337561987,-0.0038708563012685962
0,4,8,2.0,2.0,3.4641016151377544,-1.732050807568877,7.700823929316341e-05,-0.003352259891297671,-0.0012902854337561971,-0.003870856301268592
1,7,12,2.0,2.0,3.4641016151377544,-1.7320508075688759,7.700823929316347e-05,-0.003352259891297671,-0.0012902854337561971,-0.003870856301268592
11,16,22,2.0,2.0,3.4641016151377553,1.7320508075688759,-7.700823929316344e-05,-0.0033522598912976696,-0.0012902854337561967,-0.00387085630126859
2,5,19,2.6457513110645903,3.0,4.358898943540674,3.8971143170299736,3.084710515490523e-05,0.0030213248247953906,0.001162908467269945,0.003488725401809835
6,19,22,2.6457513110645907,2.9999999999999996,4.358898943540673,3.8971143170299727,3.0847105154905214e-05,0.003021324824795389,0.0011629084672699443,0.003488725401809833
0,3,13,2.6457513110645907,2.9999999999999996,4.358898943540674,-3.8971143170299727,-3.08471051549052e-05,0.0030213248247953875,0.001162908467269944,0.0034887254018098317
12,17,20,2.6457513110645903,3.000000000000001,4.358898943540674,-3.89711431702997,-3.084710515490522e-05,0.003021324824795387,0.0011629084672699437,0.0034887254018098313
2,11,23,2.6457513110645907,3.0,4.358898943540674,-3.8971143170299727,-3.084710515490514e-05,0.0030213248247953814,0.0011629084672699415,0.0034887254018098244
4,18,21,2.6457513110645907,3.000000000000001,4.358898943540674,-3.897114317029975,-3.0847105154904964e-05,0.003021324824795366,0.0011629084672699355,0.0034887254018098066
0,12,21,2.6457513110645903,2.9999999999999996,4.358898943540673,3.8971143170299722,3.0847105154904964e-05,0.0030213248247953637,0.0011629084672699348,0.0034887254018098044
10,20,23,2.6457513110645916,3.0000000000000004,4.358898943540674,3.897114317029973,3.084710515490489e-05,0.003021324824795357,0.0011629084672699322,0.0034887254018097966
1,5,10,2.6457513110645907,3.0,4.358898943540674,3.897114317029973,3.084710515490481e-05,0.0030213248247953494,0.0011629084672699292,0.003488725401809788
13,18,22,2.645751311064591,2.9999999999999996,4.358898943540674,-3.8971143170299722,-3.0847105154904666e-05,0.0030213248247953346,0.0011629084672699235,0.0034887254018097706
3,6,11,2.6457513110645907,3.0,4.358898943540674,3.8971143170299722,3.0847105154904645e-05,0.0030213248247953324,0.0011629084672699227,0.0034887254018097684
1,4,17,2.6457513110645907,3.0,4.358898943540674,-3.897114317029973,-3.084710515490437e-05,0.003021324824795306,0.0011629084672699125,0.0034887254018097376
9,11,19,1.7320508075688772,3.6055512754639896,5.0,-2.1650635094610964,5.2094435063123914e-05,-0.0028346655959290467,-0.0010910632965814707,-0.0032731898897444124
5,16,23,1.7320508075688772,3.605551275463989,5.0,-2.165063509461095,5.209443506312345e-05,-0.0028346655959290198,-0.0010910632965814603,-0.0032731898897443807
0,16,18,1.7320508075688772,3.6055512754639896,5.0,2.1650635094610955,-5.209443506312328e-05,-0.002834665595929011,-0.001091063296581457,-0.0032731898897443708
11,14,19,1.7320508075688776,3.605551275463989,5.0,2.1650635094610946,-5.209443506312316e-05,-0.0028346655959290037,-0.001091063296581454,-0.003273189889744362
1,15,20,1.7320508075688774,3.605551275463989,5.0,-2.165063509461097,5.209443506312306e-05,-0.0028346655959290007,-0.001091063296581453,-0.003273189889744359
4,12,14,1.7320508075688772,3.605551275463989,5.0,2.1650635094610964,-5.209443506312297e-05,-0.0028346655959289955,-0.001091063296581451,-0.003273189889744353
3,15,22,1.7320508075688772,3.6055512754639896,5.0,2.165063509461095,-5.209443506312277e-05,-0.0028346655959289825,-0.001091063296581446,-0.0032731898897443374
1,8,20,1.7320508075688772,3.605551275463989,5.0,-2.165063509461096,5.209443506312251e-05,-0.0028346655959289695,-0.001091063296581441,-0.0032731898897443226
4,9,12,1.7320508075688772,3.605551275463989,5.0,-2.1650635094610946,5.209443506312219e-05,-0.002834665595928951,-0.0010910632965814339,-0.0032731898897443014
0,7,18,1.7320508075688774,3.605551275463989,5.0,2.165063509461096,-5.209443506312184e-05,-0.002834665595928933,-0.001091063296581427,-0.0032731898897442806
5,7,23,1.7320508075688774,3.6055512754639887,5.0,-2.1650635094610955,5.2094435063121406e-05,-0.002834665595928909,-0.0010910632965814178,-0.0032731898897442532
3,8,22,1.7320508075688772,3.605551275463989,5.0,2.165063509461096,-5.2094435063121074e-05,-0.0028346655959288914,-0.0010910632965814109,-0.003273189889744233
0,13,14,1.0,2.6457513110645907,2.9999999999999996,1.299038105676658,8.652602753846064e-05,0.002824935367301502,0.0010873181298365444,0.0032619543895096325
2,8,11,1.0,2.6457513110645907,3.0,1.2990381056766571,8.652602753846012e-05,0.0028249353673014833,0.001087318129836537,0.0032619543895096113
12,15,21,1.0,2.6457513110645903,2.9999999999999996,-1.2990381056766576,-8.652602753846007e-05,0.002824935367301483,0.001087318129836537,0.003261954389509611
2,5,8,1.0,2.6457513110645907,3.0,1.2990381056766571,8.65260275384601e-05,0.0028249353673014824,0.0010873181298365368,0.003261954389509611
16,17,20,1.0,2.645751311064591,3.000000000000001,-1.2990381056766571,-8.652602753846007e-05,0.0028249353673014815,0.0010873181298365364,0.003261954389509609
6,7,19,1.0,2.6457513110645907,2.9999999999999996,-1.2990381056766576,-8.652602753845988e-05,0.0028249353673014763,0.0010873181298365344,0.0032619543895096035
1,9,10,1.0,2.6457513110645907,3.0,1.2990381056766571,8.652602753845951e-05,0.0028249353673014633,0.0010873181298365294,0.003261954389509588
13,14,22,1.0,2.6457513110645903,2.9999999999999996,-1.2990381056766571,-8.652602753845928e-05,0.002824935367301456,0.0010873181298365266,0.00326195438950958
9,10,23,1.0,2.6457513110645907,3.0000000000000004,-1.2990381056766582,-8.652602753845918e-05,0.0028249353673014546,0.0010873181298365262,0.0032619543895095787
15,18,21,1.0,2.645751311064591,3.000000000000001,-1.2990381056766576,-8.65260275384591e-05,0.0028249353673014507,0.0010873181298365247,0.003261954389509574
3,6,7,1.0,2.6457513110645907,3.0,1.2990381056766573,8.652602753845865e-05,0.0028249353673014356,0.0010873181298365188,0.0032619543895095558
4,16,17,1.0,2.6457513110645907,3.0,1.2990381056766573,8.652602753845839e-05,0.0028249353673014273,0.0010873181298365155,0.0032619543895095466
2,12,23,3.605551275463989,4.358898943540674,4.58257569495584,7.361215932167726,1.4629720186849018e-05,0.002706608471730787,0.001041774086496461,0.0031253222594893825
3,12,17,3.6055512754639896,4.358898943540674,4.58257569495584,7.361215932167727,1.4629720186848993e-05,0.002706608471730782,0.0010417740864964592,0.0031253222594893773
4,6,22,3.605551275463989,4.358898943540673,4.582575694955841,7.361215932167727,1.4629720186848908e-05,0.0027066084717307665,0.001041774086496453,0.003125322259489359
3,13,23,3.605551275463989,4.358898943540674,4.582575694955841,7.361215932167727,1.46297201868489e-05,0.002706608471730765,0.0010417740864964524,0.0031253222594893573
5,10,22,3.6055512754639896,4.358898943540674,4.582575694955839,-7.361215932167726,-1.4629720186848861e-05,0.0027066084717307574,0.0010417740864964496,0.0031253222594893487
0,11,21,3.60555127546399,4.358898943540673,4.58257569495584,-7.361215932167727,-1.4629720186848858e-05,0.002706608471730757,0.0010417740864964494,0.003125322259489348
4,5,21,3.6055512754639887,4.358898943540674,4.58257569495584,7.3612159321677275,1.4629720186848829e-05,0.0027066084717307522,0.0010417740864964475,0.0031253222594893426
6,11,20,3.6055512754639887,4.358898943540674,4.582575694955841,-7.361215932167725,-1.4629720186848829e-05,0.0027066084717307514,0.0010417740864964472,0.0031253222594893417
1,17,19,3.60555127546399,4.358898943540674,4.582575694955839,-7.361215932167726,-1.462972018684871e-05,0.0027066084717307297,0.0010417740864964388,0.0031253222594893166
2,18,19,3.6055512754639896,4.358898943540674,4.58257569495584,-7.361215932167728,-1.4629720186848676e-05,0.0027066084717307245,0.0010417740864964368,0.0031253222594893105
1,13,18,3.605551275463989,4.358898943540674,4.582575694955841,7.3612159321677275,1.4629720186848597e-05,0.0027066084717307093,0.001041774086496431,0.003125322259489293
0,10,20,3.605551275463989,4.358898943540674,4.58257569495584,-7.361215932167727,-1.4629720186848527e-05,0.002706608471730696,0.0010417740864964258,0.003125322259489278
13,17,21,1.9999999999999993,2.000000000000001,3.464101615137755,-1.732050807568877,5.534293151152987e-05,-0.002409143375771297,-0.0009272797176786414,-0.0027818391530359246
2,10,17,1.9999999999999998,2.0000000000000004,3.464101615137755,-1.7320508075688772,5.5342931511529695e-05,-0.00240914337577129,-0.0009272797176786386,-0.002781839153035916
10,17,21,1.9999999999999998,2.000000000000001,3.4641016151377553,-1.7320508075688763,5.534293151152966e-05,-0.0024091433757712872,-0.0009272797176786376,-0.002781839153035913
6,13,21,1.9999999999999993,1.9999999999999993,3.464101615137754,1.7320508075688767,-5.534293151152942e-05,-0.002409143375771277,-0.0009272797176786336,-0.0027818391530359007
2,6,13,1.9999999999999993,2.0,3.4641016151377544,1.7320508075688763,-5.534293151152917e-05,-0.002409143375771266,-0.0009272797176786295,-0.0027818391530358886
2,6,10,2.0,2.0000000000000004,3.4641016151377544,1.7320508075688772,-5.534293151152913e-05,-0.0024091433757712655,-0.0009272797176786292,-0.0027818391530358877
4,13,19,1.0,4.58257569495584,5.291502622129181,1.7320508075688785,-5.42952184135243e-05,-0.002363535183345803,-0.0009097251162292338,-0.0027291753486877015
0,6,23,1.0000000000000002,4.58257569495584,5.291502622129181,1.7320508075688774,-5.429521841352412e-05,-0.0023635351833457934,-0.0009097251162292301,-0.0027291753486876906
11,12,13,0.9999999999999999,4.58257569495584,5.291502622129181,1.7320508075688745,-5.429521841352406e-05,-0.002363535183345787,-0.0009097251162292276,-0.0027291753486876832
4,10,19,1.0,4.58257569495584,5.291502622129181,-1.7320508075688783,5.4295218413523935e-05,-0.0023635351833457864,-0.0009097251162292275,-0.0027291753486876824
0,17,23,1.0000000000000002,4.582575694955841,5.291502622129181,-1.7320508075688763,5.429521841352378e-05,-0.002363535183345777,-0.0009097251162292238,-0.0027291753486876715
5,6,18,0.9999999999999998,4.58257569495584,5.291502622129181,-1.7320508075688765,5.4295218413523624e-05,-0.0023635351833457704,-0.0009097251162292214,-0.0027291753486876637
5,17,18,1.0,4.58257569495584,5.291502622129181,1.7320508075688759,-5.429521841352361e-05,-0.0023635351833457686,-0.0009097251162292206,-0.0027291753486876616
1,2,22,1.0,4.58257569495584,5.291502622129181,-1.7320508075688759,5.4295218413523576e-05,-0.0023635351833457673,-0.0009097251162292202,-0.0027291753486876603
3,20,21,1.0,4.582575694955841,5.291502622129181,1.7320508075688776,-5.4295218413523244e-05,-0.0023635351833457556,-0.0009097251162292156,-0.0027291753486876472
1,21,22,1.0000000000000002,4.58257569495584,5.291502622129181,1.7320508075688767,-5.4295218413523264e-05,-0.0023635351833457548,-0.0009097251162292153,-0.002729175348687646
10,11,12,1.0,4.58257569495584,5.291502622129181,-1.7320508075688743,5.429521841352315e-05,-0.002363535183345747,-0.0009097251162292124,-0.0027291753486876373
2,3,20,1.0,4.58257569495584,5.291502622129181,-1.7320508075688767,5.4295218413522255e-05,-0.002363535183345711,-0.0009097251162291985,-0.002729175348687595
0,13,20,1.732050807568877,2.9999999999999996,4.58257569495584,1.2990381056766578,6.85412264712016e-05,0.0022377605939513812,0.0008613144541998445,0.0025839433625995333
1,6,19,1.7320508075688774,2.9999999999999996,4.582575694955839,1.2990381056766587,6.854122647120139e-05,0.002237760593951376,0.0008613144541998425,0.0025839433625995277
12,21,23,1.732050807568878,2.9999999999999996,4.58257569495584,1.299038105676658,6.854122647120132e-05,0.002237760593951373,0.0008613144541998413,0.002583943362599524
11,17,20,1.7320508075688772,3.000000000000001,4.582575694955841,-1.2990381056766591,-6.854122647120119e-05,0.0022377605939513704,0.0008613144541998404,0.0025839433625995207
2,4,5,1.7320508075688774,3.0,4.58257569495584,-1.2990381056766567,-6.854122647120108e-05,0.0022377605939513626,0.0008613144541998373,0.002583943362599512
1,10,18,1.7320508075688772,3.0,4.582575694955841,-1.2990381056766578,-6.854122647120098e-05,0.0022377605939513613,0.0008613144541998368,0.0025839433625995103
5,13,22,1.732050807568877,2.9999999999999996,4.582575694955839,1.2990381056766578,6.854122647120092e-05,0.002237760593951359,0.000861314454199836,0.002583943362599508
3,10,23,1.7320508075688776,3.0000000000000004,4.582575694955841,-1.2990381056766578,-6.854122647120082e-05,0.002237760593951356,0.0008613144541998348,0.0025839433625995047
0,2,11,1.7320508075688772,3.0,4.58257569495584,-1.2990381056766567,-6.854122647120088e-05,0.002237760593951356,0.0008613144541998348,0.0025839433625995047
3,6,12,1.732050807568877,3.0,4.58257569495584,1.2990381056766587,6.85412264712005e-05,0.002237760593951347,0.0008613144541998314,0.0025839433625994943
18,19,21,1.732050807568877,3.000000000000001,4.58257569495584,1.2990381056766567,6.854122647120042e-05,0.002237760593951341,0.000861314454199829,0.002583943362599487
4,17,22,1.7320508075688779,3.0,4.582575694955841,-1.2990381056766576,-6.854122647119976e-05,0.002237760593951322,0.0008613144541998216,0.0025839433625994648
9,19,20,0.9999999999999996,3.4641016151377553,3.6055512754639896,1.732050807568875,5.11651444388215e-05,0.0022272793548980697,0.0008572802234072643,0.002571840670221793
5,12,16,0.9999999999999998,3.464101615137755,3.605551275463989,1.7320508075688785,5.1165144438820966e-05,0.002227279354898051,0.0008572802234072572,0.0025718406702217715
0,1,16,1.0,3.464101615137755,3.6055512754639896,-1.7320508075688772,-5.1165144438820966e-05,0.0022272793548980493,0.0008572802234072565,0.0025718406702217697
0,1,15,1.0,3.4641016151377544,3.605551275463989,-1.7320508075688774,-5.11651444388209e-05,0.0022272793548980467,0.0008572802234072555,0.0025718406702217663
11,14,18,0.9999999999999999,3.464101615137755,3.605551275463989,1.7320508075688794,5.116514443882064e-05,0.002227279354898038,0.0008572802234072522,0.0025718406702217563
3,4,15,1.0000000000000002,3.464101615137755,3.6055512754639896,-1.7320508075688767,-5.1165144438820614e-05,0.0022272793548980332,0.0008572802234072504,0.002571840670221751
3,4,14,1.0000000000000002,3.4641016151377544,3.605551275463989,-1.7320508075688767,-5.116514443882048e-05,0.002227279354898027,0.000857280223407248,0.002571840670221744
5,9,12,0.9999999999999998,3.4641016151377544,3.605551275463989,-1.7320508075688783,-5.1165144438820004e-05,0.002227279354898009,0.0008572802234072409,0.002571840670221723
8,19,20,0.9999999999999996,3.464101615137755,3.605551275463989,1.732050807568875,5.116514443881986e-05,0.002227279354897998,0.0008572802234072368,0.0025718406702217103
7,11,18,0.9999999999999999,3.4641016151377544,3.605551275463989,-1.7320508075688794,-5.116514443881944e-05,0.002227279354897986,0.0008572802234072321,0.002571840670221696
7,22,23,1.0000000000000004,3.4641016151377544,3.6055512754639887,1.7320508075688772,5.116514443881935e-05,0.002227279354897979,0.0008572802234072294,0.002571840670221688
8,22,23,1.0000000000000004,3.464101615137755,3.605551275463989,1.7320508075688772,5.116514443881863e-05,0.0022272793548979474,0.0008572802234072173,0.0025718406702216518
2,9,19,1.7320508075688774,3.6055512754639896,4.358898943540674,-3.0310889132455334,2.7909176571703202e-05,-0.0021261091623263418,-0.0008183397981304288,-0.0024550193943912862
0,16,21,1.7320508075688779,3.6055512754639896,4.358898943540673,-3.031088913245535,2.7909176571702853e-05,-0.002126109162326317,-0.0008183397981304192,-0.002455019394391258
4,14,21,1.732050807568877,3.605551275463989,4.358898943540674,3.031088913245534,-2.7909176571702866e-05,-0.0021261091623263166,-0.000818339798130419,-0.002455019394391257
6,11,14,1.732050807568877,3.605551275463989,4.358898943540674,-3.0310889132455356,2.790917657170282e-05,-0.0021261091623263144,-0.0008183397981304183,-0.0024550193943912546
1,15,17,1.7320508075688779,3.605551275463989,4.358898943540674,3.0310889132455343,-2.7909176571702758e-05,-0.002126109162326309,-0.0008183397981304161,-0.002455019394391248
5,10,16,1.7320508075688772,3.605551275463989,4.358898943540674,-3.0310889132455343,2.7909176571702728e-05,-0.0021261091623263066,-0.0008183397981304152,-0.002455019394391246
3,13,15,1.732050807568877,3.6055512754639896,4.358898943540674,3.0310889132455356,-2.7909176571702575e-05,-0.002126109162326296,-0.000818339798130411,-0.0024550193943912333
8,10,20,1.7320508075688774,3.605551275463989,4.358898943540674,-3.0310889132455348,2.790917657170251e-05,-0.0021261091623262906,-0.000818339798130409,-0.0024550193943912273
9,12,17,1.7320508075688774,3.605551275463989,4.358898943540674,3.031088913245535,-2.7909176571702365e-05,-0.0021261091623262797,-0.0008183397981304049,-0.0024550193943912143
7,13,18,1.732050807568877,3.605551275463989,4.358898943540674,3.031088913245535,-2.7909176571702074e-05,-0.0021261091623262576,-0.0008183397981303964,-0.002455019394391189
2,7,23,1.7320508075688774,3.6055512754639887,4.358898943540674,3.0310889132455343,-2.7909176571701904e-05,-0.0021261091623262438,-0.0008183397981303911,-0.002455019394391173
6,8,22,1.7320508075688774,3.605551275463989,4.358898943540673,-3.0310889132455348,2.79091765717018e-05,-0.0021261091623262364,-0.0008183397981303882,-0.0024550193943911644
4,13,21,1.9999999999999993,4.358898943540674,4.58257569495584,4.330127018922193,1.7798396918155002e-05,0.0019369632608722681,0.0007455375067166795,0.0022366125201500387
6,11,13,1.9999999999999993,4.358898943540674,4.58257569495584,-4.330127018922191,-1.779839691815488e-05,0.001936963260872254,0.000745537506716674,0.0022366125201500222
2,6,23,2.0,4.358898943540674,4.58257569495584,4.330127018922192,1.7798396918154866e-05,0.0019369632608722527,0.0007455375067166736,0.002236612520150021
2,10,19,2.0000000000000004,4.358898943540674,4.58257569495584,-4.330127018922193,-1.7798396918154836e-05,0.00193696326087225,0.0007455375067166725,0.0022366125201500175
0,17,21,2.000000000000001,4.358898943540673,4.582575694955841,-4.330127018922192,-1.779839691815475e-05,0.0019369632608722401,0.0007455375067166687,0.002236612520150006
2,6,22,2.0,4.358898943540673,4.58257569495584,4.330127018922192,1.779839691815473e-05,0.001936963260872238,0.0007455375067166679,0.002236612520150004
10,12,17,1.9999999999999998,4.358898943540674,4.58257569495584,4.330127018922191,1.7798396918154656e-05,0.0019369632608722297,0.0007455375067166647,0.002236612520149994
1,17,21,2.000000000000001,4.358898943540674,4.58257569495584,-4.330127018922192,-1.779839691815465e-05,0.001936963260872229,0.0007455375067166645,0.0022366125201499936
6,13,18,1.9999999999999993,4.358898943540674,4.58257569495584,4.330127018922192,1.779839691815461e-05,0.0019369632608722247,0.0007455375067166629,0.0022366125201499884
3,13,21,1.9999999999999993,4.358898943540674,4.582575694955841,4.330127018922193,1.779839691815458e-05,0.0019369632608722224,0.0007455375067166619,0.002236612520149986
5,10,17,1.9999999999999998,4.358898943540674,4.58257569495584,-4.330127018922191,-1.779839691815457e-05,0.0019369632608722204,0.0007455375067166611,0.0022366125201499837
2,10,20,2.0000000000000004,4.358898943540674,4.58257569495584,-4.330127018922193,-1.7798396918154294e-05,0.001936963260872191,0.0007455375067166498,0.0022366125201499494
2,12,17,3.464101615137755,3.605551275463989,4.358898943540674,6.062177826491069,1.241500796786103e-05,0.0018915400189618025,0.0007280540927536976,0.002184162278261093
6,11,21,3.464101615137754,3.60555127546399,4.358898943540674,-6.0621778264910695,-1.2415007967860979e-05,0.001891540018961795,0.0007280540927536947,0.0021841622782610842
4,6,21,3.464101615137754,3.605551275463989,4.358898943540674,6.0621778264910695,1.2415007967860964e-05,0.0018915400189617928,0.0007280540927536939,0.0021841622782610816
2,13,23,3.4641016151377544,3.605551275463989,4.358898943540674,6.062177826491069,1.2415007967860931e-05,0.0018915400189617876,0.0007280540927536919,0.0021841622782610755
3,13,17,3.464101615137755,3.6055512754639896,4.358898943540674,6.062177826491069,1.2415007967860908e-05,0.001891540018961784,0.0007280540927536905,0.002184162278261071
6,10,22,3.4641016151377544,3.6055512754639896,4.358898943540673,-6.062177826491069,-1.2415007967860859e-05,0.0018915400189617763,0.0007280540927536875,0.0021841622782610625
2,17,19,3.464101615137755,3.60555127546399,4.358898943540674,-6.062177826491069,-1.2415007967860826e-05,0.0018915400189617715,0.0007280540927536857,0.002184162278261057
6,10,20,3.4641016151377544,3.6055512754639887,4.358898943540674,-6.062177826491068,-1.2415007967860745e-05,0.0018915400189617587,0.0007280540927536808,0.002184162278261042
5,10,21,3.4641016151377553,3.6055512754639887,4.358898943540674,-6.0621778264910695,-1.2415007967860726e-05,0.0018915400189617566,0.00072805409275368,0.00218416227826104
1,13,17,3.464101615137755,3.605551275463989,4.358898943540674,6.062177826491069,1.2415007967860721e-05,0.0018915400189617555,0.0007280540927536795,0.0021841622782610387
2,13,18,3.4641016151377544,3.6055512754639896,4.358898943540674,6.0621778264910695,1.2415007967860643e-05,0.001891540018961744,0.0007280540927536751,0.0021841622782610252
0,10,21,3.4641016151377553,3.605551275463989,4.358898943540673,-6.062177826491069,-1.2415007967860559e-05,0.0018915400189617308,0.00072805409275367,0.00218416227826101
8,9,19,1.0000000000000002,3.464101615137755,3.6055512754639896,-1.7320508075688763,-4.335880741618e-05,0.001887460255810107,0.0007264837911844567,0.0021794513735533703
5,9,16,0.9999999999999999,3.4641016151377544,3.605551275463989,-1.7320508075688772,-4.3358807416179896e-05,0.0018874602558101034,0.0007264837911844554,0.002179451373553366
0,15,16,1.0000000000000004,3.4641016151377544,3.6055512754639896,1.7320508075688774,4.335880741617988e-05,0.0018874602558101032,0.0007264837911844553,0.002179451373553366
1,15,16,1.0000000000000004,3.464101615137755,3.605551275463989,1.7320508075688772,4.3358807416179625e-05,0.0018874602558100917,0.0007264837911844508,0.002179451373553353
4,14,15,0.9999999999999997,3.464101615137755,3.605551275463989,1.732050807568877,4.335880741617958e-05,0.0018874602558100893,0.00072648379118445,0.00217945137355335
7,11,14,0.9999999999999997,3.4641016151377544,3.605551275463989,-1.7320508075688779,-4.3358807416179455e-05,0.001887460255810085,0.0007264837911844484,0.0021794513735533447
3,14,15,0.9999999999999997,3.4641016151377544,3.6055512754639896,1.7320508075688767,4.3358807416179286e-05,0.0018874602558100763,0.000726483791184445,0.0021794513735533348
8,9,20,1.0000000000000002,3.4641016151377553,3.605551275463989,-1.7320508075688763,-4.3358807416179225e-05,0.0018874602558100733,0.0007264837911844438,0.0021794513735533313
9,12,16,0.9999999999999999,3.464101615137755,3.605551275463989,1.7320508075688774,4.3358807416178656e-05,0.0018874602558100499,0.0007264837911844348,0.0021794513735533044
7,14,18,0.9999999999999997,3.464101615137755,3.605551275463989,1.732050807568878,4.335880741617863e-05,0.0018874602558100492,0.0007264837911844346,0.0021794513735533035
7,8,22,1.0,3.4641016151377544,3.605551275463989,-1.7320508075688772,-4.335880741617814e-05,0.0018874602558100271,0.000726483791184426,0.002179451373553278
7,8,23,1.0,3.464101615137755,3.6055512754639887,-1.7320508075688772,-4.3358807416177944e-05,0.0018874602558100184,0.0007264837911844227,0.002179451373553268
1,14,23,2.9999999999999996,3.0,5.196152422706632,3.897114317029973,1.892350949638131e-05,0.0018534662726552964,0.0007133995009676184,0.002140198502902855
0,9,22,3.0,3.0,5.196152422706632,-3.8971143170299727,-1.892350949638128e-05,0.001853466272655293,0.0007133995009676172,0.0021401985029028516
5,11,15,2.9999999999999996,3.0000000000000004,5.196152422706632,-3.897114317029975,-1.8923509496381037e-05,0.0018534662726552703,0.0007133995009676084,0.002140198502902825
8,12,18,3.0,3.0,5.196152422706632,3.8971143170299753,1.8923509496381027e-05,0.0018534662726552697,0.0007133995009676082,0.0021401985029028243
3,16,19,3.0,3.0000000000000004,5.196152422706632,-3.897114317029974,-1.8923509496381013e-05,0.0018534662726552675,0.0007133995009676073,0.0021401985029028217
4,7,20,2.9999999999999996,3.0,5.196152422706632,3.8971143170299722,1.892350949638094e-05,0.0018534662726552593,0.0007133995009676042,0.0021401985029028125
5,9,19,2.6457513110645903,3.4641016151377544,3.6055512754639896,-4.330127018922193,1.693636396805752e-05,-0.0018431499718621226,-0.000709428754940965,-0.002128286264822895
1,5,16,2.6457513110645907,3.464101615137755,3.605551275463989,4.330127018922193,-1.6936363968057406e-05,-0.00184314997186211,-0.0007094287549409602,-0.0021282862648228803
4,14,18,2.6457513110645907,3.464101615137755,3.605551275463989,4.3301270189221945,-1.6936363968057257e-05,-0.0018431499718620946,-0.0007094287549409543,-0.002128286264822863
1,4,15,2.6457513110645907,3.464101615137755,3.605551275463989,-4.330127018922192,1.6936363968057257e-05,-0.0018431499718620933,-0.0007094287549409538,-0.0021282862648228616
0,12,16,2.6457513110645903,3.464101615137755,3.6055512754639896,4.330127018922193,-1.6936363968057247e-05,-0.0018431499718620926,-0.0007094287549409535,-0.0021282862648228603
3,11,14,2.6457513110645907,3.4641016151377544,3.605551275463989,-4.330127018922192,1.6936363968057216e-05,-0.001843149971862089,-0.0007094287549409521,-0.0021282862648228564
0,3,15,2.6457513110645907,3.4641016151377544,3.6055512754639896,-4.330127018922193,1.693636396805721e-05,-0.0018431499718620887,-0.000709428754940952,-0.002128286264822856
8,20,23,2.6457513110645916,3.464101615137755,3.605551275463989,4.330127018922193,-1.6936363968057043e-05,-0.0018431499718620705,-0.0007094287549409451,-0.002128286264822835
9,12,20,2.6457513110645903,3.4641016151377553,3.605551275463989,4.330127018922189,-1.6936363968056972e-05,-0.0018431499718620614,-0.0007094287549409415,-0.0021282862648228243
7,18,22,2.645751311064591,3.4641016151377544,3.605551275463989,-4.330127018922192,1.6936363968056942e-05,-0.001843149971862059,-0.0007094287549409406,-0.0021282862648228217
7,11,23,2.6457513110645907,3.4641016151377544,3.6055512754639887,-4.330127018922193,1.6936363968056688e-05,-0.001843149971862032,-0.0007094287549409302,-0.0021282862648227905
8,19,22,2.6457513110645907,3.464101615137755,3.605551275463989,4.330127018922193,-1.6936363968056532e-05,-0.001843149971862015,-0.0007094287549409237,-0.002128286264822771
10,13,16,1.7320508075688772,2.6457513110645907,4.0,1.732050807568877,4.1992817865920225e-05,0.0018279971123426255,0.0007035964165925823,0.0021107892497777467
2,14,21,1.732050807568877,2.6457513110645907,4.0,1.7320508075688763,4.199281786592e-05,0.001827997112342615,0.0007035964165925783,0.0021107892497777346
8,10,13,1.7320508075688774,2.6457513110645907,4.0,-1.7320508075688776,-4.199281786591936e-05,0.0018279971123425886,0.0007035964165925681,0.0021107892497777042
10,13,15,1.732050807568877,2.6457513110645907,4.0,1.7320508075688774,4.199281786591929e-05,0.0018279971123425854,0.0007035964165925668,0.0021107892497777003
6,9,17,1.7320508075688774,2.6457513110645907,3.9999999999999996,-1.7320508075688772,-4.1992817865919195e-05,0.0018279971123425808,0.000703596416592565,0.002110789249777695
6,14,17,1.732050807568877,2.6457513110645907,3.9999999999999996,1.7320508075688772,4.199281786591889e-05,0.0018279971123425676,0.0007035964165925599,0.00211078924977768
6,8,17,1.7320508075688774,2.6457513110645907,3.9999999999999996,-1.7320508075688779,-4.199281786591871e-05,0.0018279971123425602,0.0007035964165925571,0.0021107892497776713
2,9,21,1.7320508075688774,2.6457513110645907,4.0,-1.7320508075688763,-4.199281786591868e-05,0.0018279971123425576,0.0007035964165925562,0.0021107892497776682
2,7,21,1.7320508075688774,2.64575131106459,4.0,1.732050807568877,4.199281786591855e-05,0.0018279971123425526,0.0007035964165925542,0.0021107892497776626
2,16,21,1.7320508075688779,2.6457513110645907,4.0,-1.7320508075688776,-4.1992817865918396e-05,0.0018279971123425465,0.0007035964165925518,0.0021107892497776557
7,10,13,1.732050807568877,2.6457513110645907,4.0,-1.7320508075688772,-4.199281786591815e-05,0.0018279971123425355,0.0007035964165925476,0.0021107892497776426
6,15,17,1.7320508075688779,2.6457513110645903,3.9999999999999996,1.732050807568877,4.1992817865917474e-05,0.0018279971123425056,0.0007035964165925361,0.0021107892497776084
13,15,16,1.0000000000000004,1.732050807568877,2.6457513110645907,0.43301270189221974,-0.00016491842559042416,-0.0017947736129185186,-0.0006908086857019626,-0.0020724260571058878
2,7,14,0.9999999999999997,1.7320508075688774,2.6457513110645907,0.43301270189221963,-0.0001649184255904232,-0.001794773612918508,-0.0006908086857019585,-0.0020724260571058756
10,15,16,1.0000000000000004,1.7320508075688772,2.6457513110645907,0.4330127018922192,-0.00016491842559042123,-0.0017947736129184844,-0.0006908086857019494,-0.0020724260571058483
6,8,9,1.0000000000000002,1.7320508075688774,2.6457513110645907,-0.4330127018922194,0.00016491842559042104,-0.0017947736129184835,-0.0006908086857019491,-0.002072426057105847
7,8,13,1.0,1.732050807568877,2.6457513110645907,-0.4330127018922192,0.00016491842559042042,-0.0017947736129184755,-0.000690808685701946,-0.002072426057105838
14,15,17,0.9999999999999997,1.7320508075688779,2.6457513110645907,0.43301270189221897,-0.00016491842559041944,-0.001794773612918464,-0.0006908086857019415,-0.002072426057105825
8,9,17,1.0000000000000002,1.7320508075688774,2.6457513110645907,-0.4330127018922191,0.0001649184255904192,-0.001794773612918462,-0.0006908086857019408,-0.0020724260571058223
9,16,21,0.9999999999999999,1.7320508075688779,2.6457513110645907,-0.43301270189222,0.00016491842559041855,-0.0017947736129184588,-0.0006908086857019396,-0.002072426057105819
7,14,21,0.9999999999999997,1.732050807568877,2.64575131106459,0.4330127018922192,-0.00016491842559041833,-0.001794773612918453,-0.0006908086857019373,-0.002072426057105812
7,8,10,1.0,1.7320508075688774,2.6457513110645907,-0.43301270189221963,0.00016491842559041662,-0.0017947736129184362,-0.0006908086857019309,-0.002072426057105793
2,9,16,0.9999999999999999,1.7320508075688774,2.6457513110645907,-0.4330127018922188,0.00016491842559041687,-0.0017947736129184353,-0.0006908086857019306,-0.002072426057105792
6,14,15,0.9999999999999997,1.732050807568877,2.6457513110645903,0.4330127018922194,-0.00016491842559041416,-0.0017947736129184087,-0.0006908086857019203,-0.002072426057105761
13,14,23,1.0,2.9999999999999996,3.605551275463989,-1.2990381056766567,-5.4799984620159834e-05,0.0017891311907536327,0.0006886369163981103,0.002065910749194331
9,10,22,1.0,3.0,3.6055512754639896,-1.2990381056766587,-5.479998462015967e-05,0.0017891311907536301,0.0006886369163981094,0.002065910749194328
2,8,12,1.0,3.0,3.605551275463989,-1.2990381056766571,-5.4799984620159665e-05,0.001789131190753628,0.0006886369163981085,0.0020659107491943257
3,16,17,1.0,3.0,3.6055512754639896,1.2990381056766571,5.479998462015946e-05,0.0017891311907536215,0.000688636916398106,0.002065910749194318
11,15,21,1.0,3.0000000000000004,3.60555127546399,1.2990381056766571,5.4799984620159435e-05,0.0017891311907536206,0.0006886369163981057,0.002065910749194317
4,6,7,1.0,3.0,3.605551275463989,1.2990381056766573,5.479998462015937e-05,0.0017891311907536186,0.0006886369163981049,0.0020659107491943145
5,15,21,1.0,2.9999999999999996,3.6055512754639887,-1.2990381056766576,-5.4799984620159326e-05,0.0017891311907536178,0.0006886369163981046,0.0020659107491943136
6,7,20,1.0,2.9999999999999996,3.6055512754639887,-1.2990381056766576,-5.479998462015922e-05,0.0017891311907536143,0.0006886369163981033,0.0020659107491943097
1,13,14,1.0,3.0,3.605551275463989,1.2990381056766587,5.479998462015901e-05,0.0017891311907536084,0.000688636916398101,0.002065910749194303
2,8,18,1.0,3.0,3.6055512754639896,1.2990381056766571,5.4799984620158906e-05,0.0017891311907536032,0.000688636916398099,0.002065910749194297
16,17,19,1.0,3.0000000000000004,3.60555127546399,-1.2990381056766573,-5.479998462015884e-05,0.0017891311907536015,0.0006886369163980983,0.002065910749194295
0,9,10,1.0,3.0,3.605551275463989,1.299038105676657,5.4799984620158676e-05,0.0017891311907535954,0.000688636916398096,0.002065910749194288
4,16,21,1.7320508075688779,2.6457513110645907,4.358898943540674,-0.4330127018922201,0.00016286280220159354,-0.0017724026825439241,-0.0006821981105860996,-0.002046594331758299
6,8,11,1.7320508075688774,2.6457513110645907,4.358898943540674,-0.4330127018922194,0.00016286280220159324,-0.0017724026825439185,-0.0006821981105860974,-0.0020465943317582924
6,14,22,1.732050807568877,2.6457513110645903,4.358898943540673,0.4330127018922194,-0.0001628628022015927,-0.0017724026825439124,-0.000682198110586095,-0.0020465943317582854
12,15,17,1.7320508075688779,2.6457513110645903,4.358898943540674,0.43301270189221874,-0.00016286280220159278,-0.0017724026825439105,-0.0006821981105860943,-0.002046594331758283
10,16,20,1.7320508075688772,2.645751311064591,4.358898943540674,-0.43301270189221985,0.0001628628022015923,-0.0017724026825439098,-0.0006821981105860941,-0.0020465943317582824
2,9,23,1.7320508075688774,2.6457513110645907,4.358898943540674,-0.4330127018922188,0.00016286280220159224,-0.0017724026825439048,-0.0006821981105860921,-0.0020465943317582768
2,7,19,1.7320508075688774,2.6457513110645907,4.358898943540674,0.43301270189221963,-0.00016286280220159183,-0.001772402682543904,-0.0006821981105860918,-0.0020465943317582755
3,7,13,1.732050807568877,2.6457513110645907,4.358898943540674,0.4330127018922192,-0.0001628628022015919,-0.0017724026825439029,-0.0006821981105860914,-0.002046594331758274
0,14,21,1.732050807568877,2.6457513110645907,4.358898943540673,0.4330127018922191,-0.00016286280220159194,-0.0017724026825439029,-0.0006821981105860914,-0.002046594331758274
13,15,18,1.732050807568877,2.645751311064591,4.358898943540674,0.4330127018922194,-0.00016286280220159178,-0.0017724026825439024,-0.0006821981105860912,-0.0020465943317582737
1,9,17,1.7320508075688774,2.6457513110645907,4.358898943540674,-0.4330127018922191,0.0001628628022015916,-0.0017724026825438992,-0.0006821981105860899,-0.00204659433175827
5,8,10,1.7320508075688774,2.6457513110645907,4.358898943540674,-0.4330127018922205,0.00016286280220159072,-0.0017724026825438953,-0.0006821981105860885,-0.0020465943317582655
4,7,13,1.732050807568877,3.0,4.58257569495584,1.2990381056766573,5.26021286834216e-05,0.0017173747361404182,0.0006610178441400886,0.0019830535324202657
6,14,23,1.732050807568877,2.9999999999999996,4.58257569495584,1.2990381056766582,5.260212868342153e-05,0.001717374736140417,0.0006610178441400882,0.001983053532420265
0,9,17,1.7320508075688774,3.0,4.582575694955841,-1.2990381056766576,-5.2602128683421505e-05,0.0017173747361404156,0.0006610178441400877,0.0019830535324202626
11,13,15,1.732050807568877,3.0000000000000004,4.58257569495584,1.2990381056766593,5.260212868342142e-05,0.001717374736140415,0.0006610178441400873,0.001983053532420262
10,16,19,1.7320508075688772,3.0000000000000004,4.58257569495584,-1.2990381056766573,-5.260212868342138e-05,0.001717374736140411,0.0006610178441400858,0.0019830535324202574
6,8,18,1.7320508075688774,3.0,4.58257569495584,-1.2990381056766591,-5.260212868342131e-05,0.001717374736140411,0.0006610178441400858,0.0019830535324202574
5,15,17,1.7320508075688779,2.9999999999999996,4.58257569495584,1.299038105676658,5.2602128683421126e-05,0.0017173747361404034,0.000661017844140083,0.0019830535324202488
1,14,21,1.732050807568877,3.0,4.58257569495584,1.2990381056766576,5.260212868342108e-05,0.0017173747361404015,0.0006610178441400822,0.0019830535324202466
2,9,22,1.7320508075688774,3.0,4.58257569495584,-1.2990381056766571,-5.260212868342105e-05,0.0017173747361404,0.0006610178441400816,0.001983053532420245
3,16,21,1.7320508075688779,3.0,4.582575694955841,-1.2990381056766584,-5.2602128683420896e-05,0.0017173747361403967,0.0006610178441400804,0.001983053532420241
8,10,12,1.7320508075688774,3.0,4.58257569495584,-1.2990381056766593,-5.260212868342079e-05,0.0017173747361403943,0.0006610178441400794,0.0019830535324202384
2,7,20,1.7320508075688774,2.9999999999999996,4.58257569495584,1.2990381056766571,5.2602128683419744e-05,0.0017173747361403572,0.0006610178441400652,0.0019830535324201954
13,16,21,1.7320508075688779,1.9999999999999993,2.6457513110645907,-1.7320508075688776,-3.608100374767678e-05,0.001570648839803246,0.0006045430203085184,0.001813629060925555
2,6,14,1.732050807568877,2.0,2.6457513110645907,1.7320508075688772,3.608100374767656e-05,0.0015706488398032363,0.0006045430203085146,0.0018136290609255437
10,15,17,1.7320508075688779,1.9999999999999998,2.6457513110645907,1.7320508075688763,3.6081003747676014e-05,0.0015706488398032116,0.000604543020308505,0.0018136290609255153
2,6,9,1.7320508075688774,2.0,2.6457513110645907,1.7320508075688763,3.608100374767598e-05,0.00157064883980321,0.0006045430203085045,0.0018136290609255133
14,17,21,1.732050807568877,2.000000000000001,2.6457513110645907,-1.7320508075688763,-3.6081003747675946e-05,0.0015706488398032085,0.0006045430203085039,0.0018136290609255116
6,8,13,1.7320508075688774,1.9999999999999993,2.6457513110645907,-1.7320508075688767,-3.6081003747675885e-05,0.0015706488398032062,0.000604543020308503,0.001813629060925509
9,17,21,1.7320508075688774,2.000000000000001,2.6457513110645907,-1.7320508075688772,-3.6081003747675654e-05,0.0015706488398031966,0.0006045430203084993,0.001813629060925498
8,10,17,1.7320508075688774,1.9999999999999998,2.6457513110645907,-1.7320508075688767,-3.6081003747675654e-05,0.0015706488398031962,0.0006045430203084992,0.0018136290609254973
7,13,21,1.732050807568877,1.9999999999999993,2.64575131106459,1.7320508075688772,3.608100374767534e-05,0.0015706488398031832,0.0006045430203084941,0.0018136290609254825
2,10,16,1.7320508075688772,2.0000000000000004,2.6457513110645907,-1.732050807568877,-3.6081003747675234e-05,0.0015706488398031782,0.0006045430203084922,0.0018136290609254764
2,7,10,1.7320508075688774,2.0000000000000004,2.6457513110645907,1.732050807568877,3.608100374767503e-05,0.0015706488398031693,0.0006045430203084888,0.0018136290609254665
6,13,15,1.732050807568877,1.9999999999999993,2.6457513110645903,1.732050807568877,3.60810037476744e-05,0.0015706488398031418,0.0006045430203084781,0.0018136290609254344
13,14,16,1.0,1.7320508075688774,2.6457513110645907,-0.4330127018922184,0.0001389480375866795,-0.0015121431734178654,-0.000582024178817373,-0.001746072536452119
2,8,14,1.0,1.7320508075688772,2.6457513110645907,-0.43301270189221913,0.0001389480375866785,-0.0015121431734178572,-0.0005820241788173699,-0.0017460725364521097
8,13,14,1.0,1.7320508075688772,2.6457513110645907,0.4330127018922203,-0.00013894803758667649,-0.0015121431734178394,-0.000582024178817363,-0.001746072536452089
9,10,15,1.0,1.7320508075688776,2.6457513110645907,-0.4330127018922203,0.00013894803758667597,-0.0015121431734178338,-0.0005820241788173609,-0.0017460725364520826
6,7,9,1.0,1.7320508075688772,2.6457513110645907,0.43301270189221897,-0.000138948037586676,-0.0015121431734178294,-0.0005820241788173591,-0.0017460725364520776
14,16,17,1.0,1.7320508075688774,2.6457513110645907,-0.4330127018922194,0.0001389480375866753,-0.0015121431734178236,-0.000582024178817357,-0.0017460725364520707
8,16,17,1.0,1.7320508075688774,2.6457513110645907,0.433012701892219,-0.00013894803758667462,-0.0015121431734178147,-0.0005820241788173535,-0.0017460725364520605
7,15,21,1.0,1.732050807568877,2.64575131106459,-0.4330127018922194,0.00013894803758667353,-0.0015121431734178043,-0.0005820241788173495,-0.0017460725364520486
9,15,21,1.0,1.7320508075688776,2.6457513110645907,0.43301270189221874,-0.00013894803758667372,-0.0015121431734178039,-0.0005820241788173493,-0.001746072536452048
2,8,16,1.0,1.7320508075688774,2.6457513110645907,0.4330127018922191,-0.00013894803758667315,-0.0015121431734177989,-0.0005820241788173474,-0.0017460725364520423
7,9,10,1.0,1.7320508075688772,2.6457513110645907,0.4330127018922185,-0.00013894803758667237,-0.0015121431734177885,-0.0005820241788173434,-0.0017460725364520301
6,7,15,1.0,1.732050807568877,2.6457513110645903,-0.4330127018922194,0.00013894803758667041,-0.0015121431734177705,-0.0005820241788173365,-0.0017460725364520095
3,9,17,1.7320508075688774,2.0,3.6055512754639896,0.8660254037844388,-6.348257071363279e-05,-0.0013817357568040917,-0.000531830340759849,-0.001595491022279547
11,16,21,1.7320508075688779,2.0,3.60555127546399,0.8660254037844375,-6.348257071363287e-05,-0.001381735756804091,-0.0005318303407598488,-0.0015954910222795464
2,7,12,1.7320508075688774,2.0,3.605551275463989,-0.8660254037844375,6.348257071363251e-05,-0.0013817357568040832,-0.0005318303407598458,-0.0015954910222795375
4,6,8,1.7320508075688774,2.0,3.605551275463989,0.8660254037844382,-6.348257071363245e-05,-0.001381735756804083,-0.0005318303407598458,-0.001595491022279537
13,15,23,1.732050807568877,2.0,3.605551275463989,-0.8660254037844377,6.348257071363243e-05,-0.001381735756804082,-0.0005318303407598453,-0.001595491022279536
5,14,21,1.732050807568877,1.9999999999999998,3.6055512754639887,-0.8660254037844382,6.348257071363228e-05,-0.0013817357568040793,-0.0005318303407598443,-0.0015954910222795327
6,14,20,1.732050807568877,2.0,3.6055512754639887,-0.8660254037844386,6.348257071363221e-05,-0.0013817357568040784,-0.0005318303407598439,-0.001595491022279532
10,16,22,1.7320508075688772,2.0,3.6055512754639896,0.8660254037844379,-6.348257071363225e-05,-0.0013817357568040782,-0.0005318303407598439,-0.0015954910222795316
15,17,19,1.7320508075688779,2.0,3.60555127546399,-0.8660254037844382,6.34825707136318e-05,-0.0013817357568040689,-0.0005318303407598403,-0.0015954910222795208
2,9,18,1.7320508075688774,2.0,3.6055512754639896,0.8660254037844384,-6.348257071363164e-05,-0.0013817357568040656,-0.000531830340759839,-0.001595491022279517
1,7,13,1.732050807568877,2.0,3.605551275463989,-0.8660254037844384,6.348257071363149e-05,-0.0013817357568040624,-0.0005318303407598378,-0.0015954910222795134
0,8,10,1.7320508075688774,2.0,3.605551275463989,0.8660254037844377,-6.348257071363096e-05,-0.00138173575680405,-0.0005318303407598331,-0.001595491022279499
12,13,16,0.9999999999999999,2.6457513110645907,3.464101615137755,0.8660254037844369,-6.197545343191959e-05,-0.0013489324563953147,-0.0005192043445456387,-0.0015576130336369162
2,3,14,1.0,2.6457513110645907,3.4641016151377544,-0.8660254037844388,6.197545343191924e-05,-0.0013489324563953102,-0.0005192043445456369,-0.0015576130336369108
4,10,15,1.0,2.6457513110645907,3.464101615137755,-0.8660254037844393,6.197545343191867e-05,-0.0013489324563952985,-0.0005192043445456325,-0.001557613033636897
5,6,9,0.9999999999999998,2.6457513110645907,3.4641016151377544,-0.8660254037844377,6.197545343191859e-05,-0.0013489324563952943,-0.0005192043445456308,-0.0015576130336368925
8,13,19,1.0,2.6457513110645907,3.464101615137755,0.8660254037844399,-6.197545343191805e-05,-0.0013489324563952857,-0.0005192043445456275,-0.0015576130336368826
14,17,18,1.0,2.6457513110645907,3.464101615137755,0.8660254037844375,-6.19754534319179e-05,-0.0013489324563952787,-0.0005192043445456249,-0.0015576130336368745
7,21,22,1.0000000000000002,2.64575131106459,3.4641016151377544,0.8660254037844386,-6.197545343191775e-05,-0.0013489324563952772,-0.0005192043445456242,-0.0015576130336368728
9,20,21,1.0,2.6457513110645907,3.4641016151377553,0.8660254037844393,-6.197545343191761e-05,-0.0013489324563952755,-0.0005192043445456236,-0.0015576130336368709
8,17,23,1.0000000000000002,2.6457513110645907,3.464101615137755,-0.8660254037844378,6.197545343191746e-05,-0.0013489324563952698,-0.0005192043445456214,-0.0015576130336368644
1,2,16,1.0,2.6457513110645907,3.464101615137755,-0.8660254037844378,6.197545343191702e-05,-0.00134893245639526,-0.0005192043445456176,-0.001557613033636853
7,10,11,1.0,2.6457513110645907,3.4641016151377544,-0.8660254037844368,6.197545343191669e-05,-0.0013489324563952514,-0.0005192043445456144,-0.001557613033636843
0,6,15,1.0000000000000002,2.6457513110645903,3.4641016151377544,0.8660254037844387,-6.197545343191608e-05,-0.0013489324563952412,-0.0005192043445456104,-0.001557613033636831
13,16,20,1.732050807568877,2.6457513110645907,2.645751311064591,-2.165063509461096,2.4088078300846405e-05,-0.0013107282332309774,-0.0005044995321935649,-0.0015134985965806946
0,2,14,1.7320508075688772,2.6457513110645907,2.6457513110645907,-2.1650635094610964,2.4088078300846273e-05,-0.0013107282332309707,-0.0005044995321935624,-0.001513498596580687
10,15,18,1.7320508075688772,2.6457513110645907,2.645751311064591,2.165063509461097,-2.4088078300845978e-05,-0.0013107282332309549,-0.0005044995321935562,-0.0015134985965806686
1,6,9,1.7320508075688774,2.6457513110645907,2.6457513110645907,2.165063509461096,-2.40880783008459e-05,-0.0013107282332309501,-0.0005044995321935544,-0.0015134985965806634
5,8,13,1.732050807568877,2.6457513110645907,2.6457513110645907,-2.1650635094610964,2.408807830084585e-05,-0.0013107282332309477,-0.0005044995321935535,-0.0015134985965806606
8,11,17,1.7320508075688772,2.6457513110645907,2.6457513110645907,-2.165063509461097,2.408807830084572e-05,-0.0013107282332309408,-0.0005044995321935508,-0.0015134985965806526
14,17,22,1.7320508075688779,2.6457513110645903,2.6457513110645907,-2.1650635094610955,2.4088078300845734e-05,-0.0013107282332309408,-0.0005044995321935508,-0.0015134985965806526
9,21,23,1.732050807568878,2.6457513110645907,2.6457513110645907,2.1650635094610964,-2.4088078300845534e-05,-0.0013107282332309304,-0.0005044995321935468,-0.0015134985965806406
7,19,21,1.732050807568877,2.64575131106459,2.6457513110645907,2.1650635094610964,-2.408807830084544e-05,-0.0013107282332309254,-0.0005044995321935449,-0.0015134985965806346
2,4,16,1.7320508075688774,2.6457513110645907,2.6457513110645907,-2.1650635094610964,2.4088078300845436e-05,-0.0013107282332309252,-0.0005044995321935448,-0.0015134985965806346
3,7,10,1.7320508075688776,2.6457513110645907,2.6457513110645907,2.165063509461097,-2.408807830084537e-05,-0.0013107282332309217,-0.0005044995321935435,-0.0015134985965806307
6,12,15,1.732050807568877,2.6457513110645903,2.6457513110645903,2.1650635094610964,-2.4088078300845046e-05,-0.001310728233230904,-0.0005044995321935366,-0.0015134985965806098
11,13,23,2.6457513110645907,3.605551275463989,4.58257569495584,4.763139720814412,-1.0574363305335056e-05,-0.0012658650470662922,-0.0004872316837876414,-0.001461695051362924
10,19,22,2.6457513110645907,3.6055512754639896,4.58257569495584,4.76313972081441,-1.057436330533497e-05,-0.0012658650470662811,-0.0004872316837876371,-0.0014616950513629114
6,20,23,2.6457513110645916,3.6055512754639887,4.58257569495584,4.7631397208144115,-1.0574363305334932e-05,-0.001265865047066277,-0.00048723168378763553,-0.0014616950513629066
4,6,18,2.6457513110645907,3.605551275463989,4.58257569495584,4.763139720814413,-1.057436330533491e-05,-0.001265865047066275,-0.0004872316837876348,-0.0014616950513629044
0,3,17,2.6457513110645907,3.6055512754639896,4.582575694955841,-4.763139720814411,1.0574363305334888e-05,-0.0012658650470662716,-0.0004872316837876334,-0.0014616950513629003
3,11,21,2.6457513110645907,3.60555127546399,4.582575694955841,-4.763139720814411,1.0574363305334881e-05,-0.0012658650470662707,-0.0004872316837876331,-0.0014616950513628992
1,4,13,2.6457513110645907,3.605551275463989,4.58257569495584,-4.763139720814411,1.0574363305334832e-05,-0.0012658650470662649,-0.00048723168378763087,-0.0014616950513628927
1,5,21,2.6457513110645907,3.6055512754639887,4.58257569495584,4.763139720814412,-1.057436330533481e-05,-0.0012658650470662627,-0.00048723168378763,-0.00146169505136289
5,17,19,2.6457513110645903,3.60555127546399,4.58257569495584,-4.763139720814412,1.0574363305334795e-05,-0.001265865047066261,-0.00048723168378762935,-0.001461695051362888
2,18,22,2.645751311064591,3.6055512754639896,4.58257569495584,-4.7631397208144115,1.0574363305334695e-05,-0.0012658650470662486,-0.0004872316837876246,-0.0014616950513628739
2,12,20,2.6457513110645903,3.605551275463989,4.58257569495584,4.763139720814408,-1.0574363305334697e-05,-0.001265865047066248,-0.00048723168378762437,-0.001461695051362873
0,10,12,2.6457513110645903,3.605551275463989,4.58257569495584,-4.763139720814413,1.0574363305334576e-05,-0.001265865047066235,-0.0004872316837876193,-0.001461695051362858
0,4,13,2.9999999999999996,3.4641016151377544,4.58257569495584,-5.19615242270663,9.655793437000146e-06,-0.001260984383798961,-0.000485353115620163,-0.0014560593468604891
6,19,23,2.9999999999999996,3.4641016151377553,4.58257569495584,5.19615242270663,-9.655793437000043e-06,-0.0012609843837989476,-0.00048535311562015787,-0.0014560593468604735
5,17,20,3.000000000000001,3.464101615137754,4.58257569495584,-5.196152422706629,9.655793437000038e-06,-0.0012609843837989468,-0.0004853531156201575,-0.0014560593468604726
11,13,22,2.9999999999999996,3.4641016151377553,4.58257569495584,5.196152422706631,-9.655793436999982e-06,-0.0012609843837989398,-0.00048535311562015483,-0.0014560593468604646
10,19,23,3.0000000000000004,3.4641016151377553,4.58257569495584,5.1961524227066285,-9.655793436999946e-06,-0.0012609843837989346,-0.00048535311562015283,-0.0014560593468604585
2,11,22,3.0,3.4641016151377553,4.58257569495584,-5.19615242270663,9.655793436999931e-06,-0.001260984383798933,-0.00048535311562015223,-0.0014560593468604566
1,12,21,2.9999999999999996,3.4641016151377544,4.58257569495584,5.19615242270663,-9.655793436999887e-06,-0.0012609843837989273,-0.00048535311562015,-0.00145605934686045
1,10,12,3.0,3.4641016151377544,4.58257569495584,-5.196152422706631,9.65579343699988e-06,-0.0012609843837989264,-0.0004853531156201497,-0.001456059346860449
3,18,21,3.000000000000001,3.464101615137755,4.582575694955841,-5.196152422706632,9.655793436999843e-06,-0.0012609843837989218,-0.0004853531156201479,-0.0014560593468604436
3,6,18,3.0,3.464101615137755,4.58257569495584,5.196152422706632,-9.65579343699982e-06,-0.0012609843837989188,-0.00048535311562014676,-0.0014560593468604403
2,5,20,3.0,3.464101615137754,4.58257569495584,5.196152422706629,-9.655793436999811e-06,-0.001260984383798917,-0.00048535311562014605,-0.0014560593468604384
0,4,17,3.0,3.4641016151377544,4.582575694955841,-5.19615242270663,9.65579343699976e-06,-0.0012609843837989108,-0.00048535311562014367,-0.001456059346860431
0,11,13,2.9999999999999996,4.58257569495584,4.58257569495584,-6.495190528383288,7.460771944984178e-06,-0.0012179109069457908,-0.0004687741266494224,-0.001406322379948267
2,5,22,3.0,4.582575694955839,4.58257569495584,6.495190528383287,-7.460771944984118e-06,-0.0012179109069457808,-0.0004687741266494185,-0.0014063223799482558
4,13,22,2.9999999999999996,4.58257569495584,4.582575694955841,6.495190528383289,-7.460771944984085e-06,-0.0012179109069457759,-0.00046877412664941663,-0.00140632237994825
1,10,19,3.0,4.582575694955839,4.58257569495584,-6.495190528383288,7.460771944984073e-06,-0.0012179109069457737,-0.00046877412664941576,-0.0014063223799482473
0,17,20,3.000000000000001,4.58257569495584,4.582575694955841,-6.495190528383288,7.460771944984071e-06,-0.0012179109069457733,-0.0004687741266494156,-0.001406322379948247
6,18,19,2.9999999999999996,4.58257569495584,4.58257569495584,-6.495190528383289,7.460771944984062e-06,-0.0012179109069457722,-0.0004687741266494152,-0.0014063223799482456
3,12,21,2.9999999999999996,4.58257569495584,4.582575694955841,6.495190528383287,-7.460771944984056e-06,-0.0012179109069457707,-0.0004687741266494146,-0.0014063223799482439
3,6,23,3.0,4.58257569495584,4.582575694955841,6.495190528383288,-7.460771944983979e-06,-0.0012179109069457583,-0.00046877412664940985,-0.0014063223799482296
10,12,23,3.0000000000000004,4.58257569495584,4.58257569495584,6.4951905283832865,-7.460771944983971e-06,-0.0012179109069457566,-0.0004687741266494092,-0.0014063223799482276
1,18,21,3.000000000000001,4.58257569495584,4.582575694955841,-6.495190528383288,7.460771944983916e-06,-0.001217910906945748,-0.00046877412664940595,-0.0014063223799482179
4,5,17,3.0,4.58257569495584,4.58257569495584,6.495190528383289,-7.460771944983881e-06,-0.0012179109069457425,-0.0004687741266494038,-0.0014063223799482113
2,11,20,3.0,4.58257569495584,4.582575694955841,-6.4951905283832865,7.460771944983858e-06,-0.0012179109069457381,-0.0004687741266494021,-0.0014063223799482064
2,3,12,1.0,3.605551275463989,4.58257569495584,-0.43301270189221963,0.00010967116681730604,-0.001193528955888328,-0.0004593895093118261,-0.0013781685279354785
11,20,21,1.0,3.60555127546399,4.582575694955841,0.43301270189222096,-0.00010967116681730511,-0.0011935289558883217,-0.00045938950931182366,-0.001378168527935471
5,21,22,1.0000000000000002,3.6055512754639887,4.582575694955839,0.43301270189221963,-0.00010967116681730533,-0.0011935289558883204,-0.0004593895093118232,-0.0013781685279354696
4,10,22,1.0,3.6055512754639896,4.582575694955841,-0.4330127018922201,0.00010967116681730522,-0.0011935289558883204,-0.0004593895093118232,-0.0013781685279354696
12,13,23,0.9999999999999999,3.605551275463989,4.58257569495584,0.43301270189221786,-0.00010967116681730562,-0.0011935289558883187,-0.0004593895093118225,-0.0013781685279354676
3,17,23,1.0000000000000002,3.6055512754639896,4.582575694955841,-0.43301270189221874,0.00010967116681730505,-0.0011935289558883148,-0.000459389509311821,-0.001378168527935463
0,6,20,1.0000000000000002,3.6055512754639887,4.58257569495584,0.4330127018922192,-0.00010967116681730438,-0.0011935289558883087,-0.0004593895093118187,-0.001378168527935456
4,5,6,0.9999999999999998,3.605551275463989,4.58257569495584,-0.4330127018922181,0.00010967116681730448,-0.0011935289558883068,-0.0004593895093118179,-0.0013781685279354537
1,13,19,1.0,3.605551275463989,4.582575694955839,0.4330127018922205,-0.0001096711668173031,-0.0011935289558882983,-0.00045938950931181466,-0.001378168527935444
17,18,19,1.0,3.60555127546399,4.58257569495584,0.43301270189221763,-0.00010967116681730372,-0.0011935289558882972,-0.00045938950931181423,-0.0013781685279354427
1,2,18,1.0,3.6055512754639896,4.582575694955841,-0.43301270189221897,0.00010967116681730315,-0.0011935289558882946,-0.00045938950931181325,-0.0013781685279354397
0,10,11,1.0,3.605551275463989,4.58257569495584,-0.43301270189221786,0.00010967116681730231,-0.0011935289558882827,-0.00045938950931180865,-0.001378168527935426
1,2,14,1.0,2.6457513110645907,3.0,-1.2990381056766571,-3.631485795732737e-05,0.001185621592954613,0.0004563459638995858,0.0013690378916987574
13,16,19,1.0,2.6457513110645907,3.0000000000000004,-1.299038105676659,-3.631485795732732e-05,0.0011856215929546127,0.0004563459638995857,0.001369037891698757
0,6,9,1.0000000000000002,2.6457513110645907,3.0,1.2990381056766578,3.631485795732687e-05,0.001185621592954597,0.00045634596389957966,0.001369037891698739
8,12,13,0.9999999999999999,2.6457513110645907,3.0,1.2990381056766562,3.631485795732655e-05,0.0011856215929545854,0.00045634596389957516,0.0013690378916987255
10,11,15,1.0,2.6457513110645907,3.0000000000000004,-1.2990381056766562,-3.631485795732653e-05,0.0011856215929545847,0.00045634596389957494,0.0013690378916987247
14,17,23,1.0000000000000002,2.6457513110645907,2.9999999999999996,-1.2990381056766571,-3.63148579573264e-05,0.001185621592954581,0.0004563459638995735,0.0013690378916987205
8,17,18,1.0,2.6457513110645907,3.0,1.2990381056766576,3.6314857957326316e-05,0.0011856215929545789,0.00045634596389957266,0.001369037891698718
9,21,22,1.0000000000000002,2.6457513110645907,3.0,1.2990381056766578,3.6314857957326126e-05,0.0011856215929545728,0.00045634596389957033,0.001369037891698711
7,20,21,1.0,2.64575131106459,2.9999999999999996,1.299038105676658,3.6314857957325943e-05,0.001185621592954567,0.00045634596389956805,0.0013690378916987043
2,3,16,1.0,2.6457513110645907,3.0,-1.299038105676658,-3.631485795732577e-05,0.0011856215929545613,0.0004563459638995659,0.0013690378916986978
4,7,10,1.0,2.6457513110645907,3.0,1.2990381056766587,3.6314857957325605e-05,0.0011856215929545565,0.00045634596389956404,0.0013690378916986921
5,6,15,0.9999999999999998,2.6457513110645903,2.9999999999999996,-1.2990381056766578,-3.631485795732518e-05,0.0011856215929545418,0.0004563459638995584,0.0013690378916986752
2,6,12,1.732050807568877,2.0,3.605551275463989,0.866025403784439,5.4411276504551295e-05,0.0011842936647735289,0.00045583484410437685,0.0013675045323131305
11,17,21,1.7320508075688772,2.000000000000001,3.60555127546399,-0.866025403784439,-5.44112765045512e-05,0.001184293664773527,0.0004558348441043761,0.0013675045323131283
13,21,23,1.732050807568878,1.9999999999999993,3.605551275463989,0.8660254037844395,5.441127650455105e-05,0.0011842936647735243,0.0004558348441043751,0.0013675045323131253
3,10,17,1.7320508075688776,1.9999999999999998,3.6055512754639896,-0.8660254037844388,-5.441127650455103e-05,0.001184293664773523,0.00045583484410437463,0.0013675045323131238
10,17,22,1.7320508075688779,1.9999999999999998,3.6055512754639896,-0.8660254037844379,-5.4411276504550936e-05,0.0011842936647735195,0.00045583484410437327,0.0013675045323131199
2,4,6,1.7320508075688774,2.0,3.605551275463989,-0.8660254037844382,-5.441127650455084e-05,0.001184293664773518,0.0004558348441043727,0.0013675045323131181
5,13,21,1.732050807568877,1.9999999999999993,3.6055512754639887,0.8660254037844384,5.441127650455065e-05,0.001184293664773514,0.0004558348441043711,0.0013675045323131134
17,19,21,1.732050807568877,2.000000000000001,3.60555127546399,0.8660254037844382,5.441127650455054e-05,0.0011842936647735115,0.0004558348441043702,0.0013675045323131105
6,13,20,1.732050807568877,1.9999999999999993,3.6055512754639887,0.8660254037844382,5.4411276504550435e-05,0.0011842936647735091,0.00045583484410436926,0.0013675045323131077
2,10,18,1.7320508075688772,2.0000000000000004,3.6055512754639896,-0.8660254037844388,-5.4411276504550116e-05,0.001184293664773503,0.00045583484410436693,0.0013675045323131008
1,6,13,1.7320508075688774,1.9999999999999993,3.605551275463989,0.8660254037844384,5.441127650454998e-05,0.0011842936647734994,0.0004558348441043655,0.0013675045323130965
0,2,10,1.7320508075688772,2.0000000000000004,3.605551275463989,-0.8660254037844384,-5.4411276504549635e-05,0.0011842936647734918,0.0004558348441043626,0.0013675045323130878
7,9,19,1.7320508075688772,2.6457513110645907,3.6055512754639896,-2.165063509461096,2.116930449218666e-05,-0.0011519061308762615,-0.0004433688764950599,-0.0013301066294851796
0,14,16,1.7320508075688774,2.6457513110645907,3.6055512754639896,2.165063509461097,-2.1169304492186575e-05,-0.0011519061308762574,-0.0004433688764950583,-0.001330106629485175
5,8,16,1.7320508075688774,2.6457513110645907,3.605551275463989,-2.165063509461097,2.1169304492186568e-05,-0.0011519061308762572,-0.0004433688764950582,-0.0013301066294851747
8,11,14,1.7320508075688772,2.6457513110645907,3.605551275463989,-2.1650635094610964,2.116930449218656e-05,-0.0011519061308762565,-0.000443368876495058,-0.001330106629485174
4,14,16,1.7320508075688774,2.6457513110645907,3.605551275463989,2.1650635094610964,-2.1169304492186514e-05,-0.001151906130876254,-0.00044336887649505695,-0.001330106629485171
3,7,15,1.732050807568877,2.6457513110645907,3.6055512754639896,2.165063509461097,-2.116930449218636e-05,-0.0011519061308762459,-0.00044336887649505386,-0.0013301066294851616
1,9,15,1.7320508075688776,2.6457513110645907,3.605551275463989,-2.1650635094610955,2.1169304492186334e-05,-0.0011519061308762437,-0.00044336887649505305,-0.0013301066294851593
8,16,20,1.7320508075688774,2.645751311064591,3.605551275463989,-2.1650635094610973,2.116930449218625e-05,-0.00115190613087624,-0.00044336887649505164,-0.001330106629485155
9,12,15,1.7320508075688776,2.6457513110645903,3.605551275463989,2.1650635094610964,-2.1169304492186056e-05,-0.0011519061308762292,-0.00044336887649504747,-0.0013301066294851424
7,15,18,1.732050807568877,2.645751311064591,3.605551275463989,2.165063509461097,-2.116930449218597e-05,-0.0011519061308762244,-0.0004433688764950456,-0.001330106629485137
8,14,22,1.7320508075688772,2.6457513110645903,3.605551275463989,2.1650635094610964,-2.1169304492185697e-05,-0.0011519061308762095,-0.0004433688764950399,-0.0013301066294851196
7,9,23,1.7320508075688772,2.6457513110645907,3.6055512754639887,-2.165063509461096,2.1169304492185687e-05,-0.0011519061308762086,-0.00044336887649503955,-0.0013301066294851185
1,7,22,2.0,3.4641016151377544,5.291502622129181,1.7320508075688772,-2.6386304672205902e-05,-0.0011486271033344984,-0.0004421067782057818,-0.0013263203346173455
5,9,18,2.0,3.4641016151377544,5.291502622129181,-1.7320508075688785,2.6386304672205807e-05,-0.0011486271033344952,-0.0004421067782057806,-0.0013263203346173418
4,15,19,2.0,3.464101615137755,5.291502622129181,-1.7320508075688776,2.638630467220577e-05,-0.001148627103334493,-0.00044210677820577976,-0.0013263203346173392
0,15,23,2.0,3.4641016151377544,5.291502622129181,1.7320508075688774,-2.638630467220577e-05,-0.0011486271033344928,-0.00044210677820577965,-0.0013263203346173388
3,9,20,2.0,3.4641016151377553,5.291502622129181,-1.7320508075688759,2.6386304672205783e-05,-0.0011486271033344924,-0.0004421067782057795,-0.0013263203346173386
5,14,18,1.9999999999999998,3.464101615137755,5.291502622129181,1.7320508075688779,-2.6386304672205644e-05,-0.0011486271033344876,-0.00044210677820577765,-0.001326320334617333
0,8,23,2.0,3.464101615137755,5.291502622129181,-1.7320508075688774,2.6386304672205617e-05,-0.001148627103334486,-0.00044210677820577705,-0.0013263203346173312
11,12,16,2.0,3.464101615137755,5.291502622129181,1.7320508075688776,-2.6386304672205597e-05,-0.0011486271033344854,-0.00044210677820577684,-0.0013263203346173306
1,16,22,2.0,3.464101615137755,5.291502622129181,-1.7320508075688772,2.638630467220556e-05,-0.0011486271033344835,-0.0004421067782057761,-0.0013263203346173282
4,8,19,2.0,3.464101615137755,5.291502622129181,1.7320508075688772,-2.6386304672205553e-05,-0.0011486271033344833,-0.00044210677820577597,-0.001326320334617328
3,14,20,2.0,3.4641016151377544,5.291502622129181,1.732050807568875,-2.638630467220558e-05,-0.0011486271033344828,-0.0004421067782057758,-0.0013263203346173275
7,11,12,2.0,3.4641016151377544,5.291502622129181,-1.7320508075688776,2.6386304672205448e-05,-0.001148627103334479,-0.00044210677820577434,-0.001326320334617323
12,17,21,2.000000000000001,2.9999999999999996,4.358898943540674,-2.5980762113533147,-1.727750370630019e-05,0.0011281653085694978,0.0004342310297286645,0.0013026930891859936
0,13,21,1.9999999999999993,2.9999999999999996,4.358898943540673,2.598076211353315,1.727750370630014e-05,0.001128165308569495,0.0004342310297286634,0.0013026930891859904
2,6,19,2.0,2.9999999999999996,4.358898943540674,2.5980762113533156,1.7277503706300117e-05,0.0011281653085694935,0.0004342310297286629,0.0013026930891859886
10,17,20,1.9999999999999998,3.000000000000001,4.358898943540674,-2.5980762113533147,-1.72775037063001e-05,0.0011281653085694922,0.00043423102972866233,0.0013026930891859869
2,6,11,2.0,3.0,4.358898943540674,2.5980762113533147,1.7277503706300056e-05,0.0011281653085694894,0.00043423102972866125,0.0013026930891859839
1,10,17,1.9999999999999998,3.0,4.358898943540674,-2.598076211353315,-1.727750370630002e-05,0.0011281653085694872,0.00043423102972866043,0.0013026930891859812
2,10,23,2.0000000000000004,3.0000000000000004,4.358898943540674,-2.5980762113533156,-1.7277503706299985e-05,0.0011281653085694848,0.0004342310297286595,0.0013026930891859786
2,5,10,2.0000000000000004,3.0,4.358898943540674,2.598076211353315,1.727750370629997e-05,0.001128165308569484,0.0004342310297286592,0.0013026930891859776
6,13,22,1.9999999999999993,2.9999999999999996,4.358898943540673,2.598076211353315,1.7277503706299897e-05,0.0011281653085694792,0.00043423102972865734,0.001302693089185972
4,17,21,2.000000000000001,3.0,4.358898943540674,-2.598076211353315,-1.727750370629987e-05,0.0011281653085694775,0.0004342310297286567,0.00130269308918597
13,18,21,1.9999999999999993,3.000000000000001,4.358898943540674,-2.598076211353315,-1.727750370629984e-05,0.0011281653085694753,0.0004342310297286558,0.0013026930891859676
3,6,13,1.9999999999999993,3.0,4.358898943540674,2.5980762113533147,1.727750370629968e-05,0.0011281653085694647,0.00043423102972865176,0.0013026930891859552
5,14,22,1.9999999999999998,2.6457513110645903,4.582575694955839,-0.8660254037844375,5.0797262784605445e-05,-0.0011056325153226687,-0.00042555815356423054,-0.0012766744606926917
3,9,23,2.0,2.6457513110645907,4.582575694955841,0.8660254037844393,-5.0797262784605316e-05,-0.0011056325153226683,-0.0004255581535642304,-0.001276674460692691
15,18,19,2.0,2.645751311064591,4.58257569495584,-0.866025403784439,5.079726278460522e-05,-0.0011056325153226659,-0.00042555815356422946,-0.0012766744606926882
3,7,12,2.0,2.6457513110645907,4.58257569495584,-0.866025403784437,5.07972627846053e-05,-0.001105632515322665,-0.00042555815356422913,-0.0012766744606926873
0,8,11,2.0,2.6457513110645907,4.58257569495584,0.8660254037844386,-5.0797262784605194e-05,-0.0011056325153226646,-0.00042555815356422897,-0.001276674460692687
0,14,20,2.0,2.6457513110645907,4.58257569495584,-0.8660254037844388,5.079726278460514e-05,-0.001105632515322664,-0.0004255581535642287,-0.001276674460692686
12,15,23,2.0,2.6457513110645903,4.58257569495584,-0.8660254037844379,5.07972627846052e-05,-0.001105632515322664,-0.0004255581535642287,-0.001276674460692686
11,16,20,2.0,2.645751311064591,4.582575694955841,0.8660254037844362,-5.079726278460527e-05,-0.0011056325153226633,-0.0004255581535642284,-0.0012766744606926852
1,9,18,2.0,2.6457513110645907,4.582575694955841,0.8660254037844382,-5.0797262784605086e-05,-0.0011056325153226618,-0.0004255581535642279,-0.0012766744606926836
1,7,19,2.0,2.6457513110645907,4.582575694955839,-0.8660254037844375,5.0797262784605086e-05,-0.001105632515322661,-0.0004255581535642275,-0.0012766744606926826
4,16,22,2.0,2.6457513110645907,4.582575694955841,0.8660254037844375,-5.079726278460502e-05,-0.0011056325153226594,-0.00042555815356422696,-0.0012766744606926808
4,5,8,2.0,2.6457513110645907,4.58257569495584,0.8660254037844386,-5.079726278460486e-05,-0.0011056325153226574,-0.0004255581535642262,-0.0012766744606926787
9,19,23,2.6457513110645907,3.4641016151377553,3.6055512754639896,4.330127018922193,-9.617826785151487e-06,-0.0010466884864933558,-0.0004028705862897473,-0.001208611758869242
5,16,20,2.645751311064591,3.464101615137754,3.605551275463989,-4.330127018922193,9.617826785151459e-06,-0.0010466884864933526,-0.000402870586289746,-0.0012086117588692381
0,4,16,2.6457513110645907,3.4641016151377544,3.6055512754639896,-4.330127018922193,9.617826785151418e-06,-0.0010466884864933483,-0.0004028705862897444,-0.0012086117588692331
1,12,15,2.6457513110645903,3.4641016151377544,3.605551275463989,4.330127018922193,-9.617826785151376e-06,-0.0010466884864933437,-0.0004028705862897426,-0.001208611758869228
11,14,22,2.6457513110645903,3.4641016151377553,3.605551275463989,4.330127018922192,-9.61782678515136e-06,-0.0010466884864933418,-0.00040287058628974185,-0.0012086117588692255
3,15,18,2.645751311064591,3.464101615137755,3.6055512754639896,4.330127018922194,-9.617826785151352e-06,-0.001046688486493341,-0.00040287058628974163,-0.001208611758869225
0,4,14,2.6457513110645907,3.4641016151377544,3.605551275463989,-4.330127018922194,9.617826785151328e-06,-0.0010466884864933387,-0.0004028705862897407,-0.001208611758869222
5,8,20,2.6457513110645907,3.464101615137754,3.605551275463989,-4.330127018922193,9.61782678515128e-06,-0.0010466884864933333,-0.0004028705862897386,-0.001208611758869216
3,7,18,2.6457513110645907,3.464101615137755,3.605551275463989,4.330127018922194,-9.617826785151186e-06,-0.001046688486493323,-0.0004028705862897347,-0.001208611758869204
1,9,12,2.6457513110645907,3.4641016151377544,3.605551275463989,-4.330127018922191,9.617826785151154e-06,-0.001046688486493319,-0.0004028705862897331,-0.0012086117588691993
8,11,22,2.6457513110645907,3.4641016151377553,3.605551275463989,-4.330127018922192,9.617826785151045e-06,-0.0010466884864933075,-0.0004028705862897287,-0.001208611758869186
7,19,23,2.6457513110645907,3.4641016151377553,3.6055512754639887,4.330127018922193,-9.617826785151028e-06,-0.0010466884864933058,-0.000402870586289728,-0.0012086117588691841
5,8,11,2.6457513110645907,2.6457513110645907,5.196152422706632,-1.2990381056766576,-3.171220267474391e-05,0.0010353523148985088,0.00039850729180850416,0.0011955218754255124
0,14,22,2.6457513110645903,2.6457513110645907,5.196152422706632,1.299038105676658,3.171220267474386e-05,0.0010353523148985072,0.00039850729180850356,0.0011955218754255107
4,16,20,2.6457513110645907,2.645751311064591,5.196152422706632,-1.2990381056766593,-3.171220267474375e-05,0.0010353523148985049,0.00039850729180850264,0.001195521875425508
1,9,23,2.6457513110645907,2.6457513110645907,5.196152422706632,-1.2990381056766567,-3.171220267474377e-05,0.0010353523148985033,0.00039850729180850204,0.0011955218754255061
3,7,19,2.6457513110645907,2.6457513110645907,5.196152422706632,1.2990381056766587,3.171220267474368e-05,0.0010353523148985018,0.00039850729180850145,0.0011955218754255044
12,15,18,2.6457513110645903,2.645751311064591,5.196152422706632,1.2990381056766562,3.1712202674743705e-05,0.001035352314898501,0.0003985072918085011,0.0011955218754255033
2,5,12,0.9999999999999998,3.0,3.605551275463989,1.2990381056766591,-3.101047087958247e-05,-0.001012441902587828,-0.00038968906999862623,-0.0011690672099958787
5,12,21,0.9999999999999998,2.9999999999999996,3.6055512754639887,1.2990381056766582,-3.101047087958212e-05,-0.0010124419025878161,-0.0003896890699986217,-0.0011690672099958649
6,19,20,0.9999999999999996,2.9999999999999996,3.6055512754639887,1.2990381056766565,-3.101047087958204e-05,-0.0010124419025878122,-0.00038968906999862016,-0.0011690672099958605
13,22,23,1.0000000000000004,2.9999999999999996,3.605551275463989,1.2990381056766582,-3.101047087958198e-05,-0.0010124419025878116,-0.0003896890699986199,-0.0011690672099958597
10,22,23,1.0000000000000004,3.0000000000000004,3.6055512754639896,1.2990381056766576,-3.101047087958197e-05,-0.001012441902587811,-0.00038968906999861967,-0.0011690672099958588
11,18,21,0.9999999999999999,3.000000000000001,3.60555127546399,-1.2990381056766602,3.101047087958189e-05,-0.0010124419025878103,-0.0003896890699986194,-0.0011690672099958581
0,1,13,1.0,2.9999999999999996,3.605551275463989,-1.299038105676658,3.10104708795819e-05,-0.0010124419025878087,-0.0003896890699986188,-0.0011690672099958566
17,19,20,0.9999999999999996,3.000000000000001,3.60555127546399,1.2990381056766556,-3.10104708795819e-05,-0.0010124419025878068,-0.00038968906999861804,-0.0011690672099958542
2,11,18,0.9999999999999999,3.0,3.6055512754639896,-1.299038105676659,3.1010470879581586e-05,-0.0010124419025877992,-0.00038968906999861517,-0.0011690672099958456
3,4,6,1.0000000000000002,3.0,3.605551275463989,-1.2990381056766573,3.1010470879581586e-05,-0.0010124419025877981,-0.00038968906999861474,-0.0011690672099958443
3,4,17,1.0000000000000002,3.0,3.6055512754639896,-1.2990381056766578,3.101047087958153e-05,-0.0010124419025877966,-0.00038968906999861414,-0.0011690672099958425
0,1,10,1.0,3.0,3.605551275463989,-1.2990381056766578,3.101047087958138e-05,-0.0010124419025877916,-0.00038968906999861224,-0.0011690672099958367
4,8,15,2.0,2.0,3.464101615137755,1.7320508075688772,-2.2693285782019527e-05,-0.0009878656157714983,-0.00038022965279256663,-0.0011406889583777
1,7,16,1.9999999999999998,2.0,3.464101615137755,1.7320508075688772,-2.269328578201948e-05,-0.0009878656157714962,-0.0003802296527925658,-0.0011406889583776972
0,8,15,2.0,2.0,3.4641016151377544,-1.7320508075688774,2.2693285782019473e-05,-0.0009878656157714962,-0.0003802296527925658,-0.0011406889583776972
9,14,18,2.0,2.0,3.464101615137755,1.7320508075688785,-2.2693285782019446e-05,-0.0009878656157714955,-0.00038022965279256555,-0.0011406889583776966
7,11,16,1.9999999999999998,2.0,3.4641016151377544,-1.7320508075688776,2.2693285782019446e-05,-0.000987865615771495,-0.0003802296527925654,-0.0011406889583776962
7,16,22,1.9999999999999998,2.0,3.4641016151377544,-1.7320508075688772,2.269328578201943e-05,-0.000987865615771494,-0.00038022965279256495,-0.001140688958377695
3,9,14,2.0,2.0,3.4641016151377544,-1.7320508075688759,2.2693285782019432e-05,-0.0009878656157714934,-0.00038022965279256474,-0.0011406889583776942
5,9,14,1.9999999999999998,2.0,3.4641016151377544,-1.732050807568878,2.2693285782019398e-05,-0.0009878656157714931,-0.00038022965279256463,-0.001140688958377694
9,14,20,2.0,2.0,3.4641016151377553,1.732050807568875,-2.2693285782019422e-05,-0.0009878656157714925,-0.0003802296527925644,-0.0011406889583776931
8,15,19,2.0,2.0,3.464101615137755,-1.7320508075688772,2.2693285782019347e-05,-0.0009878656157714905,-0.00038022965279256365,-0.001140688958377691
8,15,23,2.0,2.0,3.464101615137755,1.7320508075688772,-2.2693285782019317e-05,-0.0009878656157714892,-0.00038022965279256316,-0.0011406889583776894
7,12,16,1.9999999999999998,2.0,3.464101615137755,1.7320508075688776,-2.2693285782019293e-05,-0.0009878656157714884,-0.0003802296527925628,-0.0011406889583776884
9,19,22,2.6457513110645907,3.0,3.6055512754639896,3.897114317029973,-9.923955659142243e-06,-0.0009720034811230013,-0.0003741243143197454,-0.0011223729429592363
5,16,19,2.6457513110645903,3.0000000000000004,3.605551275463989,-3.8971143170299745,9.923955659142134e-06,-0.000972003481122991,-0.00037412431431974144,-0.0011223729429592243
1,5,15,2.6457513110645907,2.9999999999999996,3.605551275463989,3.897114317029974,-9.923955659142114e-06,-0.0009720034811229888,-0.0003741243143197406,-0.001122372942959222
11,14,23,2.6457513110645907,2.9999999999999996,3.605551275463989,3.897114317029973,-9.923955659142112e-06,-0.0009720034811229885,-0.00037412431431974047,-0.0011223729429592213
0,3,16,2.6457513110645907,3.0,3.6055512754639896,-3.897114317029973,9.923955659142109e-06,-0.0009720034811229882,-0.00037412431431974036,-0.001122372942959221
1,4,14,2.6457513110645907,3.0,3.605551275463989,-3.897114317029973,9.923955659142097e-06,-0.0009720034811229871,-0.0003741243143197399,-0.00112237294295922
3,11,15,2.6457513110645907,3.0000000000000004,3.6055512754639896,-3.8971143170299722,9.923955659142019e-06,-0.0009720034811229792,-0.0003741243143197369,-0.0011223729429592107
0,9,12,2.6457513110645903,3.0,3.605551275463989,-3.897114317029973,9.92395565914197e-06,-0.0009720034811229746,-0.00037412431431973515,-0.0011223729429592055
8,12,20,2.6457513110645903,3.0,3.605551275463989,3.8971143170299714,-9.923955659141953e-06,-0.0009720034811229723,-0.00037412431431973423,-0.0011223729429592029
4,7,18,2.6457513110645907,3.0,3.605551275463989,3.897114317029975,-9.92395565914187e-06,-0.0009720034811229652,-0.0003741243143197315,-0.0011223729429591946
7,20,23,2.6457513110645916,2.9999999999999996,3.6055512754639887,3.897114317029973,-9.923955659141767e-06,-0.0009720034811229547,-0.00037412431431972746,-0.0011223729429591823
8,18,22,2.645751311064591,3.0,3.605551275463989,-3.8971143170299736,9.923955659141733e-06,-0.0009720034811229513,-0.00037412431431972616,-0.0011223729429591786
13,16,17,1.0,2.6457513110645907,3.464101615137755,-0.8660254037844388,4.1393253238028e-05,-0.0009009486768806542,-0.00034677530741538857,-0.0010403259222461657
2,13,14,1.0,2.6457513110645907,3.4641016151377544,0.8660254037844393,-4.139325323802763e-05,-0.0009009486768806465,-0.0003467753074153856,-0.0010403259222461568
10,15,21,1.0,2.6457513110645907,3.4641016151377553,0.8660254037844382,-4.139325323802702e-05,-0.0009009486768806321,-0.00034677530741538006,-0.00104032592224614
2,8,13,1.0,2.6457513110645907,3.4641016151377544,-0.8660254037844384,4.139325323802694e-05,-0.0009009486768806305,-0.00034677530741537946,-0.0010403259222461383
13,14,17,1.0,2.6457513110645907,3.464101615137755,-0.8660254037844373,4.139325323802691e-05,-0.0009009486768806289,-0.0003467753074153788,-0.0010403259222461364
6,9,10,1.0,2.6457513110645907,3.4641016151377544,0.8660254037844375,-4.1393253238026796e-05,-0.0009009486768806265,-0.0003467753074153779,-0.0010403259222461336
2,8,17,1.0,2.6457513110645907,3.464101615137755,0.8660254037844378,-4.139325323802673e-05,-0.0009009486768806254,-0.00034677530741537746,-0.0010403259222461325
6,7,21,1.0,2.64575131106459,3.464101615137754,-0.8660254037844386,4.139325323802649e-05,-0.000900948676880621,-0.00034677530741537583,-0.0010403259222461275
9,10,21,1.0,2.6457513110645907,3.4641016151377553,-0.8660254037844397,4.139325323802642e-05,-0.0009009486768806207,-0.00034677530741537567,-0.001040325922246127
2,16,17,1.0,2.6457513110645907,3.464101615137755,0.8660254037844378,-4.139325323802621e-05,-0.0009009486768806141,-0.0003467753074153731,-0.0010403259222461195
6,7,10,1.0,2.6457513110645907,3.4641016151377544,0.8660254037844379,-4.139325323802572e-05,-0.0009009486768806035,-0.00034677530741536905,-0.001040325922246107
6,15,21,1.0,2.6457513110645903,3.464101615137754,-0.8660254037844386,4.139325323802548e-05,-0.000900948676880599,-0.0003467753074153673,-0.0010403259222461021
1,9,19,2.6457513110645907,3.6055512754639896,4.582575694955839,-4.76313972081441,-7.431436134022021e-06,0.0008896228529255975,0.0003424159957425577,0.001027247987227673
4,5,16,2.6457513110645907,3.605551275463989,4.58257569495584,4.763139720814412,7.431436134021978e-06,0.0008896228529255929,0.0003424159957425559,0.001027247987227668
0,16,20,2.645751311064591,3.6055512754639896,4.58257569495584,-4.7631397208144115,-7.431436134021971e-06,0.0008896228529255919,0.0003424159957425555,0.0010272479872276666
3,12,15,2.6457513110645903,3.6055512754639896,4.58257569495584,4.7631397208144115,7.43143613402196e-06,0.0008896228529255906,0.000342415995742555,0.001027247987227665
1,15,18,2.645751311064591,3.605551275463989,4.582575694955841,4.7631397208144115,7.4314361340219455e-06,0.0008896228529255888,0.0003424159957425544,0.0010272479872276631
4,14,22,2.6457513110645903,3.605551275463989,4.582575694955841,4.763139720814411,7.431436134021933e-06,0.0008896228529255872,0.0003424159957425537,0.0010272479872276612
0,11,14,2.6457513110645907,3.605551275463989,4.58257569495584,-4.763139720814412,-7.431436134021925e-06,0.0008896228529255866,0.0003424159957425535,0.0010272479872276605
8,11,20,2.6457513110645907,3.605551275463989,4.582575694955841,-4.763139720814411,-7.43143613402189e-06,0.0008896228529255821,0.0003424159957425518,0.0010272479872276553
9,12,23,2.6457513110645907,3.605551275463989,4.58257569495584,4.7631397208144115,7.431436134021814e-06,0.0008896228529255731,0.0003424159957425483,0.001027247987227645
7,18,19,2.6457513110645907,3.605551275463989,4.58257569495584,-4.763139720814413,-7.43143613402176e-06,0.000889622852925567,0.000342415995742546,0.001027247987227638
3,7,23,2.6457513110645907,3.6055512754639887,4.582575694955841,4.7631397208144115,7.431436134021715e-06,0.0008896228529255612,0.00034241599574254375,0.001027247987227631
5,8,22,2.6457513110645907,3.605551275463989,4.582575694955839,-4.7631397208144115,-7.431436134021698e-06,0.0008896228529255592,0.000342415995742543,0.0010272479872276289
4,13,23,3.605551275463989,4.0,4.58257569495584,6.928203230275508,5.0764341153509295e-06,0.0008839327652160391,0.00034022587996200695,0.001020677639886021
4,6,23,3.605551275463989,4.0,4.58257569495584,6.928203230275508,5.076434115350877e-06,0.00088393276521603,0.0003402258799620034,0.0010206776398860105
1,11,21,3.60555127546399,4.0,4.58257569495584,-6.928203230275507,-5.07643411535087e-06,0.0008839327652160287,0.00034022587996200294,0.001020677639886009
2,12,22,3.605551275463989,3.999999999999999,4.58257569495584,6.928203230275506,5.076434115350869e-06,0.0008839327652160285,0.0003402258799620029,0.0010206776398860085
0,17,19,3.60555127546399,3.999999999999999,4.582575694955841,-6.928203230275507,-5.0764341153508686e-06,0.0008839327652160284,0.00034022587996200283,0.0010206776398860085
3,5,17,3.6055512754639896,4.0,4.58257569495584,6.928203230275507,5.0764341153508686e-06,0.0008839327652160284,0.00034022587996200283,0.0010206776398860085
1,11,13,3.605551275463989,4.0,4.58257569495584,-6.928203230275507,-5.076434115350868e-06,0.0008839327652160283,0.0003402258799620028,0.0010206776398860083
6,18,20,3.6055512754639887,4.000000000000001,4.58257569495584,-6.928203230275507,-5.076434115350858e-06,0.0008839327652160266,0.0003402258799620022,0.0010206776398860066
0,10,19,3.605551275463989,3.999999999999999,4.58257569495584,-6.928203230275509,-5.07643411535083e-06,0.0008839327652160219,0.00034022587996200034,0.001020677639886001
10,12,22,3.6055512754639896,3.999999999999999,4.58257569495584,6.928203230275505,5.07643411535083e-06,0.0008839327652160214,0.0003402258799620002,0.0010206776398860005
3,5,21,3.6055512754639887,4.0,4.582575694955841,6.928203230275508,5.076434115350821e-06,0.0008839327652160202,0.0003402258799619997,0.001020677639885999
2,18,20,3.6055512754639896,4.000000000000001,4.58257569495584,-6.928203230275508,-5.076434115350687e-06,0.0008839327652159969,0.00034022587996199074,0.0010206776398859721
2,12,21,2.9999999999999996,3.605551275463989,4.0,5.196152422706629,6.691405099590946e-06,0.0008738543747139592,0.0003363467056490909,0.001009040116947273
2,5,21,3.0,3.6055512754639887,4.0,5.19615242270663,6.691405099590914e-06,0.0008738543747139551,0.0003363467056490894,0.0010090401169472682
2,11,21,3.0,3.60555127546399,4.0,-5.19615242270663,-6.691405099590911e-06,0.0008738543747139548,0.00033634670564908925,0.001009040116947268
10,13,23,3.0000000000000004,3.605551275463989,4.0,5.19615242270663,6.691405099590879e-06,0.0008738543747139506,0.0003363467056490876,0.001009040116947263
6,17,20,3.000000000000001,3.6055512754639887,3.9999999999999996,-5.196152422706629,-6.691405099590878e-06,0.0008738543747139504,0.00033634670564908756,0.0010090401169472627
10,13,22,2.9999999999999996,3.6055512754639896,4.0,5.19615242270663,6.69140509959086e-06,0.0008738543747139481,0.0003363467056490867,0.0010090401169472601
6,17,19,2.9999999999999996,3.60555127546399,3.9999999999999996,-5.19615242270663,-6.691405099590833e-06,0.0008738543747139446,0.00033634670564908534,0.001009040116947256
0,10,13,2.9999999999999996,3.605551275463989,4.0,-5.19615242270663,-6.691405099590804e-06,0.0008738543747139408,0.0003363467056490839,0.0010090401169472517
1,10,13,3.0,3.605551275463989,4.0,-5.19615242270663,-6.691405099590787e-06,0.0008738543747139386,0.000336346705649083,0.001009040116947249
3,6,17,3.0,3.6055512754639896,3.9999999999999996,5.196152422706631,6.6914050995907834e-06,0.0008738543747139381,0.00033634670564908285,0.0010090401169472484
4,6,17,3.0,3.605551275463989,3.9999999999999996,5.196152422706631,6.691405099590753e-06,0.0008738543747139341,0.0003363467056490813,0.0010090401169472439
2,18,21,3.000000000000001,3.6055512754639896,4.0,-5.196152422706632,-6.691405099590741e-06,0.0008738543747139328,0.0003363467056490808,0.0010090401169472424
0,9,23,2.6457513110645907,3.0,5.291502622129181,-2.598076211353315,-1.3199288704941991e-05,0.0008618710126092361,0.00033173430742445187,0.0009952029222733557
1,14,22,2.6457513110645903,3.0,5.291502622129181,2.598076211353315,1.3199288704941967e-05,0.0008618710126092346,0.00033173430742445127,0.0009952029222733538
0,14,23,2.6457513110645907,2.9999999999999996,5.291502622129181,2.598076211353316,1.3199288704941937e-05,0.0008618710126092327,0.00033173430742445057,0.0009952029222733516
5,8,18,2.6457513110645907,3.0,5.291502622129181,-2.5980762113533173,-1.3199288704941901e-05,0.0008618710126092308,0.0003317343074244498,0.0009952029222733494
4,16,19,2.6457513110645907,3.0000000000000004,5.291502622129181,-2.5980762113533165,-1.31992887049419e-05,0.0008618710126092306,0.0003317343074244497,0.0009952029222733492
5,15,18,2.645751311064591,2.9999999999999996,5.291502622129181,2.5980762113533156,1.3199288704941879e-05,0.0008618710126092288,0.00033173430742444905,0.000995202922273347
8,11,12,2.6457513110645907,3.0,5.291502622129181,-2.5980762113533156,-1.319928870494186e-05,0.0008618710126092276,0.0003317343074244486,0.0009952029222733457
3,16,20,2.645751311064591,3.0,5.291502622129181,-2.598076211353317,-1.319928870494184e-05,0.0008618710126092269,0.0003317343074244483,0.0009952029222733449
1,9,22,2.6457513110645907,3.0,5.291502622129181,-2.5980762113533142,-1.3199288704941854e-05,0.0008618710126092268,0.0003317343074244483,0.0009952029222733449
3,7,20,2.6457513110645907,2.9999999999999996,5.291502622129181,2.5980762113533147,1.3199288704941849e-05,0.0008618710126092267,0.00033173430742444824,0.0009952029222733447
4,7,19,2.6457513110645907,3.0,5.291502622129181,2.598076211353316,1.319928870494181e-05,0.0008618710126092245,0.00033173430742444737,0.000995202922273342
11,12,15,2.6457513110645903,3.0000000000000004,5.291502622129181,2.5980762113533156,1.3199288704941806e-05,0.000861871012609224,0.0003317343074244472,0.0009952029222733416
9,16,19,0.9999999999999999,3.0000000000000004,3.6055512754639896,-1.2990381056766587,-2.5406331786622004e-05,0.000829475791957775,0.00031926538118206627,0.0009577961435461987
0,9,16,0.9999999999999999,3.0,3.6055512754639896,-1.2990381056766578,-2.5406331786621957e-05,0.0008294757919577729,0.00031926538118206546,0.0009577961435461963
5,15,16,1.0000000000000004,2.9999999999999996,3.605551275463989,1.2990381056766584,2.5406331786621845e-05,0.0008294757919577697,0.00031926538118206427,0.0009577961435461927
1,14,15,0.9999999999999997,3.0,3.605551275463989,1.299038105676658,2.540633178662183e-05,0.000829475791957769,0.00031926538118206394,0.0009577961435461919
4,7,14,0.9999999999999997,3.0,3.605551275463989,1.2990381056766587,2.540633178662158e-05,0.0008294757919577612,0.00031926538118206096,0.0009577961435461829
3,15,16,1.0000000000000004,3.0,3.6055512754639896,1.2990381056766582,2.5406331786621577e-05,0.0008294757919577609,0.0003192653811820608,0.0009577961435461826
11,14,15,0.9999999999999997,3.0000000000000004,3.605551275463989,1.2990381056766576,2.5406331786621564e-05,0.0008294757919577601,0.0003192653811820605,0.0009577961435461815
7,8,20,1.0,2.9999999999999996,3.605551275463989,-1.2990381056766576,-2.5406331786621344e-05,0.0008294757919577528,0.00031926538118205776,0.0009577961435461731
7,8,18,1.0,3.0,3.605551275463989,-1.2990381056766584,-2.54063317866212e-05,0.0008294757919577487,0.00031926538118205613,0.0009577961435461685
8,9,12,1.0000000000000002,3.0,3.605551275463989,-1.2990381056766576,-2.5406331786621215e-05,0.0008294757919577487,0.00031926538118205613,0.0009577961435461685
7,14,23,0.9999999999999997,2.9999999999999996,3.6055512754639887,1.2990381056766582,2.5406331786620903e-05,0.0008294757919577388,0.00031926538118205234,0.0009577961435461572
8,9,22,1.0000000000000002,3.0,3.605551275463989,-1.2990381056766571,-2.5406331786620785e-05,0.0008294757919577343,0.0003192653811820506,0.0009577961435461518
0,13,17,2.9999999999999996,3.464101615137755,4.582575694955841,5.19615242270663,-6.331327049346785e-06,-0.0008268305023342153,-0.0003182472087312351,-0.0009547416261937054
2,5,17,3.0,3.464101615137755,4.58257569495584,5.19615242270663,-6.331327049346771e-06,-0.0008268305023342136,-0.00031824720873123446,-0.0009547416261937034
2,11,13,3.0,3.4641016151377544,4.58257569495584,-5.1961524227066285,6.331327049346756e-06,-0.0008268305023342112,-0.00031824720873123354,-0.0009547416261937006
6,10,19,2.9999999999999996,3.4641016151377544,4.58257569495584,-5.196152422706631,6.3313270493467186e-06,-0.0008268305023342066,-0.0003182472087312318,-0.0009547416261936954
4,13,17,3.0,3.464101615137755,4.58257569495584,5.196152422706631,-6.3313270493466915e-06,-0.0008268305023342032,-0.00031824720873123045,-0.0009547416261936915
10,12,21,2.9999999999999996,3.4641016151377553,4.58257569495584,5.196152422706629,-6.331327049346676e-06,-0.000826830502334201,-0.00031824720873122964,-0.0009547416261936889
6,18,21,3.000000000000001,3.464101615137754,4.58257569495584,-5.196152422706631,6.331327049346669e-06,-0.0008268305023342001,-0.0003182472087312293,-0.0009547416261936879
6,10,23,3.0000000000000004,3.4641016151377544,4.58257569495584,-5.19615242270663,6.331327049346669e-06,-0.0008268305023342001,-0.0003182472087312293,-0.0009547416261936879
1,10,21,3.0,3.4641016151377553,4.58257569495584,-5.19615242270663,6.33132704934665e-06,-0.0008268305023341978,-0.0003182472087312284,-0.0009547416261936851
2,13,22,2.9999999999999996,3.4641016151377544,4.58257569495584,5.19615242270663,-6.331327049346638e-06,-0.0008268305023341961,-0.00031824720873122774,-0.0009547416261936832
2,17,20,3.000000000000001,3.464101615137755,4.58257569495584,-5.19615242270663,6.331327049346609e-06,-0.0008268305023341924,-0.00031824720873122633,-0.0009547416261936791
3,6,21,3.0,3.464101615137754,4.582575694955841,5.196152422706631,-6.331327049346599e-06,-0.000826830502334191,-0.0003182472087312258,-0.0009547416261936774
9,18,19,2.0,3.6055512754639896,4.58257569495584,-3.464101615137756,8.704932969653251e-06,-0.0007578720905308106,-0.00029170510365284527,-0.0008751153109585358
5,16,22,2.0,3.605551275463989,4.582575694955839,-3.4641016151377535,8.704932969653158e-06,-0.000757872090530802,-0.00029170510365284197,-0.0008751153109585257
0,11,16,2.0,3.6055512754639896,4.58257569495584,-3.4641016151377544,8.704932969653151e-06,-0.0007578720905308015,-0.0002917051036528418,-0.0008751153109585254
1,15,19,2.0,3.605551275463989,4.582575694955839,-3.464101615137754,8.704932969653107e-06,-0.0007578720905307976,-0.0002917051036528403,-0.0008751153109585207
11,14,20,2.0,3.605551275463989,4.582575694955841,3.464101615137751,-8.70493296965309e-06,-0.0007578720905307956,-0.00029170510365283947,-0.0008751153109585185
3,15,23,2.0,3.6055512754639896,4.582575694955841,3.4641016151377535,-8.704932969653048e-06,-0.0007578720905307923,-0.0002917051036528382,-0.0008751153109585148
4,5,14,1.9999999999999998,3.605551275463989,4.58257569495584,3.4641016151377557,-8.704932969653036e-06,-0.0007578720905307918,-0.000291705103652838,-0.0008751153109585141
3,9,12,2.0,3.605551275463989,4.58257569495584,-3.464101615137752,8.704932969653026e-06,-0.0007578720905307902,-0.0002917051036528374,-0.0008751153109585123
0,8,20,2.0,3.605551275463989,4.58257569495584,-3.4641016151377544,8.704932969652984e-06,-0.000757872090530787,-0.0002917051036528362,-0.0008751153109585086
1,7,18,2.0,3.605551275463989,4.582575694955841,3.464101615137754,-8.704932969652916e-06,-0.0007578720905307809,-0.00029170510365283383,-0.0008751153109585016
7,12,23,2.0,3.6055512754639887,4.58257569495584,3.464101615137754,-8.704932969652806e-06,-0.0007578720905307714,-0.0002917051036528302,-0.0008751153109584906
4,8,22,2.0,3.605551275463989,4.582575694955841,3.4641016151377535,-8.70493296965278e-06,-0.000757872090530769,-0.0002917051036528293,-0.0008751153109584877
8,15,18,2.0,2.645751311064591,3.0,2.598076211353316,1.1351920415599076e-05,0.0007412438171754375,0.0002853048782542564,0.0008559146347627692
0,9,14,2.0,2.6457513110645907,3.0,-2.5980762113533156,-1.135192041559906e-05,0.0007412438171754363,0.00028530487825425595,0.0008559146347627678
8,11,15,2.0,2.6457513110645907,3.0000000000000004,-2.5980762113533156,-1.135192041559903e-05,0.0007412438171754344,0.0002853048782542552,0.0008559146347627655
3,7,16,1.9999999999999998,2.6457513110645907,3.0,2.598076211353316,1.1351920415599016e-05,0.0007412438171754336,0.00028530487825425486,0.0008559146347627646
4,7,16,1.9999999999999998,2.6457513110645907,3.0,2.598076211353316,1.1351920415599013e-05,0.0007412438171754334,0.0002853048782542548,0.0008559146347627644
8,12,15,2.0,2.6457513110645903,3.0,2.5980762113533156,1.1351920415599013e-05,0.0007412438171754332,0.0002853048782542547,0.0008559146347627641
1,9,14,2.0,2.6457513110645907,3.0,-2.5980762113533147,-1.135192041559901e-05,0.0007412438171754328,0.0002853048782542546,0.0008559146347627638
5,8,15,2.0,2.6457513110645907,2.9999999999999996,-2.5980762113533165,-1.1351920415598998e-05,0.0007412438171754325,0.0002853048782542545,0.0008559146347627634
9,14,22,2.0,2.6457513110645903,3.0,2.598076211353315,1.1351920415598996e-05,0.0007412438171754321,0.0002853048782542543,0.0008559146347627628
7,16,20,1.9999999999999998,2.645751311064591,2.9999999999999996,-2.5980762113533156,-1.135192041559899e-05,0.0007412438171754316,0.0002853048782542541,0.0008559146347627625
9,14,23,2.0,2.6457513110645907,2.9999999999999996,2.5980762113533156,1.1351920415598977e-05,0.0007412438171754309,0.00028530487825425383,0.0008559146347627615
7,16,19,1.9999999999999998,2.6457513110645907,3.0000000000000004,-2.598076211353316,-1.1351920415598964e-05,0.0007412438171754301,0.00028530487825425356,0.0008559146347627606
5,16,21,1.7320508075688779,3.6055512754639887,3.605551275463989,-3.0310889132455356,9.287245887289604e-06,-0.0007074984288058151,-0.0002723162722148497,-0.0008169488166445491
9,17,19,1.7320508075688774,3.6055512754639896,3.60555127546399,-3.031088913245535,9.287245887289602e-06,-0.0007074984288058148,-0.00027231627221484966,-0.000816948816644549
11,14,21,1.732050807568877,3.605551275463989,3.60555127546399,3.031088913245534,-9.28724588728959e-06,-0.0007074984288058135,-0.0002723162722148491,-0.0008169488166445473
4,6,14,1.732050807568877,3.605551275463989,3.605551275463989,3.0310889132455356,-9.287245887289541e-06,-0.0007074984288058103,-0.00027231627221484787,-0.0008169488166445437
3,15,17,1.7320508075688779,3.6055512754639896,3.6055512754639896,3.031088913245534,-9.287245887289526e-06,-0.0007074984288058087,-0.0002723162722148473,-0.0008169488166445419
2,9,12,1.7320508075688774,3.605551275463989,3.605551275463989,-3.0310889132455334,9.287245887289441e-06,-0.000707498428805802,-0.0002723162722148447,-0.0008169488166445342
6,8,20,1.7320508075688774,3.6055512754639887,3.605551275463989,-3.0310889132455343,9.287245887289423e-06,-0.000707498428805801,-0.0002723162722148443,-0.000816948816644533
1,13,15,1.732050807568877,3.605551275463989,3.605551275463989,3.031088913245535,-9.28724588728941e-06,-0.0007074984288058003,-0.0002723162722148441,-0.0008169488166445321
0,10,16,1.7320508075688772,3.605551275463989,3.6055512754639896,-3.0310889132455348,9.287245887289399e-06,-0.0007074984288057992,-0.00027231627221484364,-0.000816948816644531
7,13,23,1.732050807568877,3.6055512754639887,3.605551275463989,3.0310889132455348,-9.28724588728928e-06,-0.0007074984288057902,-0.0002723162722148402,-0.0008169488166445205
8,10,22,1.7320508075688774,3.605551275463989,3.6055512754639896,-3.0310889132455348,9.287245887289245e-06,-0.0007074984288057875,-0.00027231627221483914,-0.0008169488166445173
2,7,18,1.7320508075688774,3.605551275463989,3.6055512754639896,3.0310889132455348,-9.287245887289207e-06,-0.0007074984288057847,-0.00027231627221483806,-0.0008169488166445141
0,5,16,1.7320508075688772,3.605551275463989,3.6055512754639896,3.0310889132455348,8.22200434445596e-06,0.0006263487826136181,0.00024108175883237785,0.0007232452764971336
1,3,15,1.7320508075688776,3.605551275463989,3.6055512754639896,-3.0310889132455343,-8.222004344455854e-06,0.0006263487826136101,0.00024108175883237476,0.0007232452764971243
9,12,19,1.732050807568877,3.605551275463989,3.6055512754639896,3.0310889132455334,8.222004344455853e-06,0.0006263487826136096,0.0002410817588323746,0.0007232452764971238
4,11,14,1.7320508075688774,3.605551275463989,3.605551275463989,-3.031088913245534,-8.22200434445585e-06,0.0006263487826136095,0.00024108175883237457,0.0007232452764971238
8,20,22,1.7320508075688776,3.605551275463989,3.605551275463989,3.031088913245535,8.222004344455485e-06,0.0006263487826135821,0.000241081758832364,0.000723245276497092
7,18,23,1.7320508075688776,3.6055512754639887,3.605551275463989,-3.0310889132455334,-8.22200434445543e-06,0.0006263487826135774,0.0002410817588323622,0.0007232452764970867
0,9,19,3.0,3.6055512754639896,3.999999999999999,-5.19615242270663,4.764192945960476e-06,-0.0006221728898260023,-0.00023947445694901987,-0.0007184233708470596
0,16,19,3.0000000000000004,3.6055512754639896,3.999999999999999,-5.196152422706631,4.764192945960387e-06,-0.0006221728898259907,-0.0002394744569490154,-0.0007184233708470463
1,11,14,3.0,3.605551275463989,4.0,-5.19615242270663,4.764192945960374e-06,-0.000622172889825989,-0.00023947445694901472,-0.0007184233708470442
3,5,16,3.0,3.605551275463989,4.0,5.196152422706631,-4.7641929459603424e-06,-0.0006221728898259849,-0.00023947445694901315,-0.0007184233708470394
1,11,15,3.0000000000000004,3.605551275463989,4.0,-5.19615242270663,4.764192945960334e-06,-0.0006221728898259838,-0.00023947445694901272,-0.0007184233708470382
8,18,20,3.0,3.605551275463989,4.000000000000001,-5.196152422706632,4.764192945960306e-06,-0.0006221728898259803,-0.0002394744569490114,-0.0007184233708470342
4,14,23,2.9999999999999996,3.605551275463989,4.0,5.19615242270663,-4.764192945960304e-06,-0.0006221728898259799,-0.00023947445694901123,-0.0007184233708470337
3,5,15,2.9999999999999996,3.6055512754639896,4.0,5.196152422706632,-4.764192945960297e-06,-0.000622172889825979,-0.0002394744569490109,-0.0007184233708470327
9,12,22,3.0,3.605551275463989,3.999999999999999,5.19615242270663,-4.764192945960228e-06,-0.00062217288982597,-0.00023947445694900743,-0.0007184233708470223
7,18,20,2.9999999999999996,3.605551275463989,4.000000000000001,-5.19615242270663,4.764192945960226e-06,-0.0006221728898259697,-0.0002394744569490073,-0.000718423370847022
4,7,23,3.0,3.6055512754639887,4.0,5.196152422706631,-4.764192945960139e-06,-0.0006221728898259583,-0.00023947445694900293,-0.0007184233708470087
8,12,22,3.0,3.605551275463989,3.999999999999999,5.19615242270663,-4.764192945960118e-06,-0.0006221728898259556,-0.00023947445694900188,-0.0007184233708470056
13,16,23,1.7320508075688772,2.6457513110645907,3.605551275463989,-2.165063509461096,-1.100568909831394e-05,0.0005988633566844384,0.00023050261345970892,0.0006915078403791268
2,12,14,1.7320508075688772,2.6457513110645907,3.605551275463989,2.1650635094610964,1.100568909831389e-05,0.0005988633566844358,0.00023050261345970791,0.0006915078403791238
10,15,22,1.7320508075688772,2.6457513110645907,3.6055512754639896,2.1650635094610955,1.1005689098313698e-05,0.0005988633566844251,0.0002305026134597038,0.0006915078403791114
4,6,9,1.7320508075688772,2.6457513110645907,3.605551275463989,2.1650635094610955,1.1005689098313666e-05,0.0005988633566844234,0.00023050261345970312,0.0006915078403791094
3,8,17,1.7320508075688772,2.6457513110645907,3.6055512754639896,2.165063509461096,1.1005689098313563e-05,0.0005988633566844178,0.000230502613459701,0.000691507840379103
9,11,21,1.7320508075688772,2.6457513110645907,3.60555127546399,-2.1650635094610964,-1.1005689098313536e-05,0.0005988633566844165,0.0002305026134597005,0.0006915078403791014
1,8,13,1.7320508075688772,2.6457513110645907,3.605551275463989,-2.165063509461096,-1.1005689098313485e-05,0.0005988633566844136,0.00023050261345969938,0.0006915078403790981
14,17,19,1.7320508075688776,2.6457513110645907,3.60555127546399,-2.1650635094610955,-1.1005689098313476e-05,0.0005988633566844131,0.00023050261345969916,0.0006915078403790974
5,7,21,1.7320508075688774,2.64575131106459,3.6055512754639887,-2.1650635094610964,-1.1005689098313454e-05,0.0005988633566844121,0.00023050261345969878,0.0006915078403790963
2,16,18,1.7320508075688772,2.6457513110645907,3.6055512754639896,2.165063509461096,1.100568909831325e-05,0.0005988633566844008,0.00023050261345969444,0.0006915078403790833
6,15,20,1.7320508075688774,2.6457513110645903,3.6055512754639887,-2.1650635094610964,-1.1005689098313163e-05,0.0005988633566843963,0.00023050261345969268,0.0006915078403790781
0,7,10,1.7320508075688774,2.6457513110645907,3.605551275463989,2.165063509461096,1.1005689098313112e-05,0.0005988633566843933,0.00023050261345969157,0.0006915078403790748
5,11,21,3.6055512754639887,3.60555127546399,5.196152422706632,-6.49519052838329,3.56003870266472e-06,-0.0005811476341988231,-0.00022368382869573643,-0.0006710514860872093
1,13,23,3.605551275463989,3.605551275463989,5.196152422706632,6.495190528383289,-3.5600387026646873e-06,-0.0005811476341988177,-0.00022368382869573434,-0.000671051486087203
4,6,20,3.6055512754639887,3.605551275463989,5.196152422706632,6.495190528383287,-3.5600387026646848e-06,-0.0005811476341988171,-0.00022368382869573415,-0.0006710514860872025
3,17,19,3.6055512754639896,3.60555127546399,5.196152422706632,-6.495190528383288,3.5600387026646754e-06,-0.0005811476341988156,-0.00022368382869573356,-0.0006710514860872006
2,12,18,3.605551275463989,3.6055512754639896,5.196152422706632,6.49519052838329,-3.560038702664663e-06,-0.0005811476341988139,-0.0002236838286957329,-0.0006710514860871987
0,10,22,3.605551275463989,3.6055512754639896,5.196152422706632,-6.495190528383289,3.5600387026646483e-06,-0.0005811476341988114,-0.00022368382869573193,-0.0006710514860871959
7,13,16,1.732050807568877,1.9999999999999998,2.6457513110645907,1.7320508075688772,-1.2627624902972404e-05,-0.0005496954724991885,-0.00021157788601315,-0.00063473365803945
2,9,14,1.7320508075688774,2.0,2.6457513110645907,-1.7320508075688763,1.2627624902972309e-05,-0.0005496954724991841,-0.0002115778860131483,-0.0006347336580394449
8,10,15,1.7320508075688774,2.0,2.6457513110645907,-1.7320508075688774,1.26276249029722e-05,-0.0005496954724991798,-0.00021157788601314662,-0.00063473365803944
8,13,15,1.732050807568877,2.0,2.6457513110645907,1.732050807568878,-1.2627624902972152e-05,-0.0005496954724991778,-0.0002115778860131459,-0.0006347336580394377
6,9,14,1.732050807568877,2.0,2.6457513110645907,-1.7320508075688772,1.2627624902972126e-05,-0.0005496954724991764,-0.00021157788601314535,-0.000634733658039436
9,14,17,1.7320508075688774,2.0,2.6457513110645907,1.7320508075688772,-1.2627624902972035e-05,-0.0005496954724991724,-0.0002115778860131438,-0.0006347336580394314
8,15,17,1.7320508075688779,2.0,2.6457513110645907,1.732050807568877,-1.2627624902972016e-05,-0.0005496954724991715,-0.00021157788601314345,-0.0006347336580394304
7,16,21,1.7320508075688779,1.9999999999999998,2.64575131106459,-1.7320508075688774,1.2627624902971957e-05,-0.0005496954724991691,-0.00021157788601314256,-0.0006347336580394276
9,14,21,1.732050807568877,2.0,2.6457513110645907,1.7320508075688763,-1.2627624902971958e-05,-0.0005496954724991688,-0.00021157788601314242,-0.0006347336580394273
2,7,16,1.7320508075688774,1.9999999999999998,2.6457513110645907,1.732050807568877,-1.2627624902971848e-05,-0.0005496954724991643,-0.00021157788601314066,-0.0006347336580394221
7,10,16,1.7320508075688772,1.9999999999999998,2.6457513110645907,-1.7320508075688772,1.2627624902971836e-05,-0.0005496954724991638,-0.0002115778860131405,-0.0006347336580394215
6,8,15,1.7320508075688774,2.0,2.6457513110645903,-1.7320508075688774,1.2627624902971662e-05,-0.0005496954724991563,-0.00021157788601313762,-0.0006347336580394128
9,15,19,1.7320508075688776,2.0,3.6055512754639896,-0.866025403784439,-2.479700737452606e-05,0.0005397215545299191,0.0002077389231968614,0.0006232167695905842
5,14,16,1.7320508075688774,1.9999999999999998,3.605551275463989,0.8660254037844397,2.4797007374525937e-05,0.0005397215545299169,0.00020773892319686055,0.0006232167695905816
11,14,16,1.7320508075688774,2.0,3.605551275463989,0.8660254037844388,2.4797007374525866e-05,0.0005397215545299149,0.00020773892319685976,0.0006232167695905792
0,8,16,1.7320508075688774,2.0,3.6055512754639896,-0.8660254037844388,-2.4797007374525832e-05,0.0005397215545299141,0.00020773892319685946,0.0006232167695905783
1,7,15,1.732050807568877,2.0,3.605551275463989,0.8660254037844388,2.479700737452577e-05,0.0005397215545299128,0.00020773892319685895,0.0006232167695905769
4,8,14,1.7320508075688772,2.0,3.605551275463989,0.866025403784439,2.4797007374525757e-05,0.0005397215545299126,0.00020773892319685887,0.0006232167695905766
3,9,15,1.7320508075688776,2.0,3.6055512754639896,-0.8660254037844375,-2.47970073745257e-05,0.0005397215545299103,0.000207738923196858,0.000623216769590574
8,14,20,1.7320508075688772,2.0,3.605551275463989,0.8660254037844373,2.4797007374525537e-05,0.0005397215545299068,0.00020773892319685662,0.0006232167695905699
7,9,18,1.7320508075688772,2.0,3.605551275463989,-0.8660254037844393,-2.479700737452525e-05,0.0005397215545299017,0.00020773892319685467,0.000623216769590564
7,9,12,1.7320508075688772,2.0,3.605551275463989,-0.8660254037844388,-2.4797007374525205e-05,0.0005397215545299005,0.0002077389231968542,0.0006232167695905626
7,15,23,1.732050807568877,2.0,3.6055512754639887,0.8660254037844388,2.4797007374524843e-05,0.0005397215545298926,0.00020773892319685117,0.0006232167695905535
8,16,22,1.7320508075688774,2.0,3.605551275463989,-0.8660254037844388,-2.4797007374524714e-05,0.0005397215545298897,0.00020773892319685008,0.0006232167695905501
2,5,11,3.0,3.0,5.196152422706632,3.897114317029971,-5.296178953798142e-06,-0.0005187351250405642,-0.00019966124272018926,-0.0005989837281605678
0,13,22,2.9999999999999996,2.9999999999999996,5.196152422706632,3.8971143170299736,-5.2961789537981325e-06,-0.0005187351250405636,-0.00019966124272018904,-0.0005989837281605672
1,10,23,3.0,3.0000000000000004,5.196152422706632,-3.8971143170299722,5.296178953798101e-06,-0.0005187351250405604,-0.0001996612427201878,-0.0005989837281605634
12,18,21,2.9999999999999996,3.000000000000001,5.196152422706632,-3.8971143170299714,5.2961789537980495e-06,-0.0005187351250405552,-0.00019966124272018579,-0.0005989837281605573
3,6,19,2.9999999999999996,3.0,5.196152422706632,3.8971143170299736,-5.296178953798037e-06,-0.0005187351250405542,-0.0001996612427201854,-0.0005989837281605562
4,17,20,3.0,3.000000000000001,5.196152422706632,-3.897114317029974,5.2961789537980156e-06,-0.0005187351250405522,-0.00019966124272018467,-0.000598983728160554
11,13,21,1.9999999999999993,3.60555127546399,4.58257569495584,3.464101615137755,-5.922714636664631e-06,-0.0005156455700411043,-0.00019847207244644638,-0.0005954162173393391
4,6,13,1.9999999999999993,3.605551275463989,4.58257569495584,3.4641016151377526,-5.92271463666461e-06,-0.0005156455700411021,-0.00019847207244644554,-0.0005954162173393366
6,13,23,1.9999999999999993,3.605551275463989,4.58257569495584,3.4641016151377535,-5.922714636664594e-06,-0.0005156455700411008,-0.00019847207244644505,-0.0005954162173393352
5,17,21,2.000000000000001,3.6055512754639887,4.58257569495584,-3.4641016151377544,5.922714636664574e-06,-0.0005156455700410992,-0.00019847207244644443,-0.0005954162173393333
2,10,22,2.0000000000000004,3.6055512754639896,4.58257569495584,-3.4641016151377544,5.92271463666456e-06,-0.000515645570041098,-0.00019847207244644396,-0.0005954162173393318
3,17,21,2.000000000000001,3.6055512754639896,4.582575694955841,-3.464101615137754,5.92271463666456e-06,-0.0005156455700410979,-0.0001984720724464439,-0.0005954162173393317
2,10,12,2.0000000000000004,3.605551275463989,4.58257569495584,-3.464101615137755,5.922714636664556e-06,-0.0005156455700410977,-0.00019847207244644383,-0.0005954162173393315
10,17,19,1.9999999999999998,3.60555127546399,4.58257569495584,-3.4641016151377526,5.922714636664527e-06,-0.0005156455700410949,-0.00019847207244644275,-0.0005954162173393283
2,6,18,2.0,3.6055512754639896,4.58257569495584,3.4641016151377544,-5.922714636664465e-06,-0.0005156455700410898,-0.0001984720724464408,-0.0005954162173393224
0,10,17,1.9999999999999998,3.605551275463989,4.582575694955841,-3.4641016151377526,5.922714636664421e-06,-0.0005156455700410856,-0.0001984720724464392,-0.0005954162173393176
1,13,21,1.9999999999999993,3.605551275463989,4.58257569495584,3.4641016151377544,-5.922714636664415e-06,-0.0005156455700410854,-0.0001984720724464391,-0.0005954162173393174
2,6,20,2.0,3.6055512754639887,4.58257569495584,3.4641016151377526,-5.9227146366643925e-06,-0.0005156455700410831,-0.00019847207244643825,-0.0005954162173393147
2,14,23,2.6457513110645907,2.9999999999999996,4.358898943540674,3.8971143170299727,4.844265142413269e-06,0.0004744723519165231,0.00018262449340135964,0.0005478734802040789
3,13,16,2.6457513110645907,3.0,4.358898943540674,3.897114317029974,4.844265142413262e-06,0.0004744723519165225,0.0001826244934013594,0.0005478734802040782
6,9,22,2.6457513110645907,3.0,4.358898943540673,-3.8971143170299727,-4.844265142413191e-06,0.00047447235191651533,0.00018262449340135666,0.0005478734802040699
8,13,18,2.6457513110645907,3.0,4.358898943540674,3.8971143170299745,4.844265142413182e-06,0.00047447235191651473,0.0001826244934013564,0.0005478734802040693
1,14,17,2.6457513110645907,3.0,4.358898943540674,3.897114317029973,4.844265142413164e-06,0.00047447235191651284,0.00018262449340135568,0.000547873480204067
5,10,15,2.6457513110645907,2.9999999999999996,4.358898943540674,-3.8971143170299736,-4.844265142413134e-06,0.00047447235191650986,0.00018262449340135454,0.0005478734802040636
0,9,21,2.6457513110645907,3.0,4.358898943540673,-3.8971143170299727,-4.844265142413128e-06,0.0004744723519165092,0.0001826244934013543,0.0005478734802040629
8,12,17,2.6457513110645907,3.0,4.358898943540674,3.8971143170299736,4.84426514241312e-06,0.00047447235191650855,0.00018262449340135403,0.0005478734802040621
4,7,21,2.64575131106459,3.0,4.358898943540674,3.8971143170299736,4.844265142413102e-06,0.0004744723519165067,0.00018262449340135332,0.00054787348020406
2,16,19,2.6457513110645907,3.0000000000000004,4.358898943540674,-3.8971143170299736,-4.844265142413065e-06,0.00047447235191650313,0.00018262449340135194,0.0005478734802040558
7,10,20,2.6457513110645907,2.9999999999999996,4.358898943540674,-3.8971143170299727,-4.844265142413038e-06,0.0004744723519165004,0.0001826244934013509,0.0005478734802040528
6,11,15,2.6457513110645903,3.0000000000000004,4.358898943540674,-3.897114317029973,-4.844265142412971e-06,0.0004744723519164939,0.00018262449340134842,0.0005478734802040452
3,9,19,2.0,3.6055512754639896,5.196152422706632,-2.598076211353314,-6.365671311375555e-06,0.0004156578207898909,0.00015998676981587783,0.00047996030944763346
5,11,16,2.0,3.605551275463989,5.196152422706632,-2.5980762113533165,-6.3656713113755165e-06,0.0004156578207898889,0.00015998676981587704,0.0004799603094476311
1,15,23,2.0,3.605551275463989,5.196152422706632,2.5980762113533156,6.365671311375465e-06,0.0004156578207898853,0.0001599867698158757,0.000479960309447627
0,16,22,2.0,3.6055512754639896,5.196152422706632,-2.598076211353316,-6.365671311375452e-06,0.0004156578207898846,0.00015998676981587542,0.0004799603094476262
5,11,14,1.9999999999999998,3.605551275463989,5.196152422706632,-2.5980762113533173,-6.365671311375447e-06,0.00041565782078988446,0.00015998676981587533,0.00047996030944762603
3,15,19,2.0,3.6055512754639896,5.196152422706632,-2.5980762113533156,-6.365671311375415e-06,0.0004156578207898821,0.0001599867698158744,0.00047996030944762327
4,14,20,2.0,3.605551275463989,5.196152422706632,2.5980762113533133,6.365671311375414e-06,0.00041565782078988164,0.00015998676981587425,0.0004799603094476228
4,8,20,2.0,3.605551275463989,5.196152422706632,2.5980762113533147,6.36567131137536e-06,0.0004156578207898784,0.000159986769815873,0.000479960309447619
9,12,18,2.0,3.605551275463989,5.196152422706632,2.598076211353318,6.365671311375326e-06,0.00041565782078987665,0.00015998676981587233,0.00047996030944761703
1,7,23,2.0,3.6055512754639887,5.196152422706632,2.5980762113533156,6.365671311375282e-06,0.0004156578207898734,0.00015998676981587108,0.00047996030944761324
7,12,18,2.0,3.605551275463989,5.196152422706632,2.5980762113533173,6.365671311375258e-06,0.0004156578207898721,0.0001599867698158706,0.0004799603094476118
0,8,22,2.0,3.605551275463989,5.196152422706632,-2.598076211353316,-6.365671311375211e-06,0.00041565782078986885,0.00015998676981586934,0.000479960309447608
13,16,18,1.7320508075688772,2.6457513110645907,4.358898943540674,-0.4330127018922201,3.30732839493872e-05,-0.0003599298084032182,-0.0001385370478473123,-0.00041561114354193694
2,14,19,1.7320508075688776,2.6457513110645907,4.358898943540674,-0.43301270189221963,3.307328394938715e-05,-0.0003599298084032173,-0.00013853704784731196,-0.00041561114354193585
6,9,11,1.7320508075688772,2.6457513110645907,4.358898943540674,0.4330127018922192,-3.307328394938664e-05,-0.00035992980840321133,-0.00013853704784730966,-0.00041561114354192897
3,8,13,1.7320508075688772,2.6457513110645907,4.358898943540674,-0.4330127018922192,3.307328394938654e-05,-0.00035992980840321025,-0.00013853704784730925,-0.0004156111435419277
10,15,20,1.7320508075688774,2.6457513110645907,4.358898943540674,0.4330127018922183,-3.307328394938655e-05,-0.0003599298084032097,-0.00013853704784730903,-0.00041561114354192707
12,14,17,1.7320508075688772,2.6457513110645907,4.358898943540674,-0.43301270189221897,3.307328394938642e-05,-0.00035992980840320873,-0.00013853704784730865,-0.000415611143541926
4,9,21,1.7320508075688772,2.6457513110645907,4.358898943540674,0.4330127018922201,-3.3073283949386255e-05,-0.0003599298084032079,-0.00013853704784730833,-0.00041561114354192507
1,8,17,1.7320508075688772,2.6457513110645907,4.358898943540674,0.4330127018922188,-3.307328394938617e-05,-0.00035992980840320596,-0.0001385370478473076,-0.00041561114354192274
0,7,21,1.7320508075688774,2.64575131106459,4.358898943540673,-0.4330127018922193,3.30732839493859e-05,-0.0003599298084032034,-0.00013853704784730662,-0.0004156111435419198
2,16,23,1.7320508075688772,2.6457513110645907,4.358898943540674,0.43301270189221885,-3.307328394938593e-05,-0.00035992980840320336,-0.0001385370478473066,-0.0004156111435419197
5,7,10,1.7320508075688774,2.6457513110645907,4.358898943540674,0.43301270189221874,-3.307328394938542e-05,-0.0003599298084031977,-0.00013853704784730443,-0.0004156111435419132
6,15,22,1.7320508075688772,2.6457513110645903,4.358898943540673,-0.4330127018922192,3.307328394938534e-05,-0.0003599298084031972,-0.0001385370478473042,-0.00041561114354191265
4,9,19,1.7320508075688772,3.6055512754639896,5.291502622129181,-0.8660254037844373,-1.5442764998564098e-05,0.0003361209280369674,0.00012937300552160665,0.00038811901656481986
0,16,23,1.7320508075688772,3.6055512754639896,5.291502622129181,-0.8660254037844386,-1.5442764998563993e-05,0.0003361209280369656,0.00012937300552160594,0.00038811901656481785
5,16,18,1.7320508075688772,3.605551275463989,5.291502622129181,0.8660254037844375,1.5442764998563962e-05,0.00033612092803696447,0.0001293730055216055,0.00038811901656481655
1,15,22,1.7320508075688772,3.605551275463989,5.291502622129181,0.8660254037844384,1.5442764998563894e-05,0.00033612092803696333,0.00012937300552160507,0.0003881190165648152
4,14,19,1.7320508075688776,3.605551275463989,5.291502622129181,0.8660254037844379,1.5442764998563847e-05,0.00033612092803696214,0.0001293730055216046,0.0003881190165648139
11,12,14,1.7320508075688772,3.605551275463989,5.291502622129181,0.8660254037844393,1.5442764998563803e-05,0.00033612092803696176,0.00012937300552160445,0.00038811901656481335
3,15,20,1.7320508075688774,3.6055512754639896,5.291502622129181,-0.8660254037844402,-1.544276499856376e-05,0.0003361209280369611,0.0001293730055216042,0.0003881190165648126
3,8,20,1.7320508075688772,3.605551275463989,5.291502622129181,0.8660254037844379,1.5442764998563695e-05,0.00033612092803695883,0.00012937300552160334,0.00038811901656481005
9,11,12,1.7320508075688772,3.605551275463989,5.291502622129181,-0.8660254037844386,-1.5442764998563542e-05,0.0003361209280369558,0.00012937300552160217,0.0003881190165648065
5,7,18,1.7320508075688774,3.605551275463989,5.291502622129181,-0.8660254037844393,-1.544276499856353e-05,0.00033612092803695574,0.00012937300552160215,0.00038811901656480647
0,7,23,1.7320508075688774,3.6055512754639887,5.291502622129181,0.8660254037844386,1.5442764998563396e-05,0.0003361209280369526,0.00012937300552160093,0.00038811901656480284
1,8,22,1.7320508075688772,3.605551275463989,5.291502622129181,-0.8660254037844384,-1.5442764998563295e-05,0.0003361209280369503,0.00012937300552160006,0.0003881190165648002
0,13,23,2.9999999999999996,3.605551275463989,5.291502622129181,5.196152422706631,-2.3396191530910733e-06,-0.0003055391807347287,-0.00011760208549678221,-0.00035280625649034664
3,17,20,3.000000000000001,3.6055512754639896,5.291502622129181,-5.19615242270663,2.3396191530910437e-06,-0.0003055391807347248,-0.0001176020854967807,-0.00035280625649034215
4,6,19,2.9999999999999996,3.605551275463989,5.291502622129181,5.196152422706631,-2.339619153091043e-06,-0.0003055391807347247,-0.00011760208549678067,-0.000352806256490342
1,10,22,3.0,3.6055512754639896,5.291502622129181,-5.19615242270663,2.3396191530910416e-06,-0.0003055391807347245,-0.00011760208549678061,-0.0003528062564903418
11,12,21,2.9999999999999996,3.60555127546399,5.291502622129181,5.19615242270663,-2.33961915309104e-06,-0.0003055391807347243,-0.00011760208549678053,-0.00035280625649034155
2,11,12,3.0,3.605551275463989,5.291502622129181,-5.19615242270663,2.33961915309104e-06,-0.0003055391807347243,-0.00011760208549678053,-0.00035280625649034155
2,5,18,3.0,3.6055512754639896,5.291502622129181,5.196152422706631,-2.3396191530910128e-06,-0.00030553918073472077,-0.00011760208549677916,-0.0003528062564903375
5,18,21,3.000000000000001,3.6055512754639887,5.291502622129181,-5.19615242270663,2.33961915309101e-06,-0.00030553918073472034,-0.000117602085496779,-0.000352806256490337
3,6,20,3.0,3.6055512754639887,5.291502622129181,5.196152422706629,-2.3396191530909865e-06,-0.00030553918073471725,-0.0001176020854967778,-0.00035280625649033347
1,13,22,2.9999999999999996,3.605551275463989,5.291502622129181,5.196152422706632,-2.3396191530909844e-06,-0.0003055391807347171,-0.00011760208549677775,-0.00035280625649033325
0,10,23,3.0000000000000004,3.605551275463989,5.291502622129181,-5.196152422706631,2.3396191530909776e-06,-0.00030553918073471616,-0.0001176020854967774,-0.0003528062564903322
4,17,19,3.0,3.60555127546399,5.291502622129181,-5.196152422706631,2.3396191530909704e-06,-0.00030553918073471524,-0.00011760208549677703,-0.00035280625649033114
1,13,16,2.6457513110645907,3.464101615137755,3.605551275463989,4.330127018922193,2.751079807502365e-06,0.000299394408348323,0.00011523696150251535,0.0003457108845075461
2,14,18,2.6457513110645907,3.464101615137755,3.6055512754639896,4.330127018922193,2.75107980750235e-06,0.0002993944083483214,0.00011523696150251472,0.00034571088450754413
8,13,23,2.6457513110645907,3.464101615137755,3.605551275463989,4.330127018922193,2.751079807502348e-06,0.00029939440834832117,0.00011523696150251464,0.0003457108845075439
6,9,20,2.6457513110645907,3.4641016151377553,3.6055512754639887,-4.330127018922191,-2.751079807502342e-06,0.0002993944083483204,0.00011523696150251435,0.00034571088450754305
3,14,17,2.6457513110645907,3.4641016151377544,3.6055512754639896,4.330127018922193,2.7510798075023256e-06,0.00029939440834831873,0.0001152369615025137,0.0003457108845075411
5,9,21,2.6457513110645907,3.4641016151377544,3.6055512754639887,-4.330127018922193,-2.751079807502308e-06,0.0002993944083483168,0.00011523696150251295,0.0003457108845075389
7,11,21,2.64575131106459,3.4641016151377544,3.60555127546399,-4.330127018922193,-2.751079807502305e-06,0.00029939440834831645,0.00011523696150251283,0.0003457108845075385
7,10,22,2.6457513110645907,3.4641016151377544,3.6055512754639896,-4.330127018922192,-2.7510798075022985e-06,0.0002993944083483157,0.00011523696150251253,0.0003457108845075376
0,10,15,2.6457513110645907,3.4641016151377544,3.605551275463989,-4.330127018922193,-2.7510798075022972e-06,0.00029939440834831564,0.00011523696150251252,0.0003457108845075376
2,12,16,2.6457513110645907,3.464101615137755,3.605551275463989,4.330127018922193,2.751079807502293e-06,0.00029939440834831515,0.00011523696150251233,0.000345710884507537
8,17,19,2.6457513110645907,3.464101615137755,3.60555127546399,-4.330127018922193,-2.7510798075022756e-06,0.0002993944083483133,0.00011523696150251162,0.00034571088450753486
4,6,15,2.6457513110645903,3.464101615137755,3.605551275463989,4.330127018922193,2.751079807502245e-06,0.00029939440834830995,0.00011523696150251032,0.00034571088450753096
9,14,19,1.7320508075688776,2.0,3.6055512754639896,0.8660254037844375,1.3281400473865087e-05,0.000289077548827638,0.00011126600042154266,0.00033379800126462795
5,7,16,1.7320508075688774,1.9999999999999998,3.605551275463989,-0.8660254037844384,-1.3281400473865006e-05,0.00028907754882763655,0.00011126600042154209,0.00033379800126462627
0,7,16,1.7320508075688774,1.9999999999999998,3.6055512754639896,0.8660254037844386,1.328140047386496e-05,0.0002890775488276356,0.00011126600042154174,0.0003337980012646252
1,8,15,1.7320508075688772,2.0,3.605551275463989,-0.8660254037844384,-1.3281400473864938e-05,0.0002890775488276351,0.00011126600042154153,0.0003337980012646246
3,8,15,1.7320508075688772,2.0,3.6055512754639896,0.8660254037844386,1.3281400473864903e-05,0.0002890775488276344,0.00011126600042154126,0.0003337980012646238
9,11,14,1.7320508075688772,2.0,3.605551275463989,-0.8660254037844388,-1.3281400473864882e-05,0.00028907754882763405,0.00011126600042154114,0.0003337980012646234
4,9,14,1.7320508075688772,2.0,3.605551275463989,-0.8660254037844375,-1.3281400473864872e-05,0.00028907754882763335,0.00011126600042154087,0.00033379800126462263
8,15,20,1.7320508075688774,2.0,3.605551275463989,-0.8660254037844397,-1.3281400473864782e-05,0.00028907754882763216,0.00011126600042154041,0.00033379800126462117
9,12,14,1.7320508075688772,2.0,3.605551275463989,0.8660254037844388,1.3281400473864657e-05,0.0002890775488276291,0.00011126600042153923,0.0003337980012646177
7,16,18,1.7320508075688772,1.9999999999999998,3.605551275463989,0.8660254037844384,1.3281400473864633e-05,0.0002890775488276284,0.00011126600042153896,0.0003337980012646169
7,16,23,1.7320508075688772,1.9999999999999998,3.6055512754639887,-0.8660254037844384,-1.3281400473864498e-05,0.0002890775488276255,0.00011126600042153783,0.00033379800126461353
8,15,22,1.7320508075688772,2.0,3.605551275463989,0.8660254037844384,1.3281400473864445e-05,0.00028907754882762435,0.0001112660004215374,0.00033379800126461217
5,13,16,1.732050807568877,2.6457513110645907,3.605551275463989,2.1650635094610964,-4.127882005488152e-06,-0.0002246144927156483,-8.645415855551385e-05,-0.00025936247566654154
2,4,14,1.7320508075688774,2.6457513110645907,3.605551275463989,-2.1650635094610964,4.127882005488098e-06,-0.0002246144927156454,-8.645415855551274e-05,-0.00025936247566653824
9,19,21,1.732050807568877,2.6457513110645907,3.6055512754639896,2.1650635094610964,-4.12788200548804e-06,-0.00022461449271564223,-8.645415855551152e-05,-0.00025936247566653455
3,10,15,1.7320508075688776,2.6457513110645907,3.6055512754639896,-2.165063509461097,4.127882005488039e-06,-0.0002246144927156422,-8.64541585555115e-05,-0.0002593624756665345
11,14,17,1.7320508075688772,2.6457513110645907,3.605551275463989,2.1650635094610964,-4.127882005488004e-06,-0.00022461449271564028,-8.645415855551076e-05,-0.0002593624756665323
8,13,20,1.732050807568877,2.6457513110645907,3.605551275463989,2.1650635094610964,-4.127882005487996e-06,-0.00022461449271563981,-8.645415855551058e-05,-0.00025936247566653173
6,9,12,1.732050807568877,2.6457513110645907,3.605551275463989,-2.1650635094610964,4.1278820054879805e-06,-0.000224614492715639,-8.645415855551027e-05,-0.0002593624756665308
0,2,16,1.7320508075688772,2.6457513110645907,3.6055512754639896,-2.1650635094610964,4.127882005487964e-06,-0.0002246144927156381,-8.645415855550993e-05,-0.0002593624756665298
1,6,15,1.7320508075688774,2.6457513110645903,3.605551275463989,2.165063509461097,-4.12788200548789e-06,-0.0002246144927156341,-8.645415855550839e-05,-0.00025936247566652517
7,10,18,1.7320508075688772,2.6457513110645907,3.605551275463989,-2.1650635094610964,4.127882005487848e-06,-0.0002246144927156318,-8.645415855550749e-05,-0.0002593624756665225
7,21,23,1.732050807568878,2.64575131106459,3.6055512754639887,2.1650635094610964,-4.127882005487841e-06,-0.00022461449271563138,-8.645415855550734e-05,-0.00025936247566652203
8,17,22,1.7320508075688779,2.6457513110645907,3.605551275463989,-2.165063509461096,4.127882005487839e-06,-0.00022461449271563122,-8.645415855550727e-05,-0.0002593624756665218
8,13,16,1.7320508075688774,2.6457513110645907,2.6457513110645907,2.1650635094610973,-4.087330979928892e-06,-0.00022240794998429548,-8.560485986223055e-05,-0.00025681457958669164
2,14,16,1.7320508075688774,2.6457513110645907,2.6457513110645907,2.1650635094610964,-4.087330979928781e-06,-0.00022240794998428933,-8.560485986222817e-05,-0.00025681457958668454
8,14,17,1.7320508075688772,2.6457513110645907,2.6457513110645907,2.165063509461097,-4.087330979928733e-06,-0.00022240794998428678,-8.56048598622272e-05,-0.0002568145795866816
7,10,15,1.732050807568877,2.6457513110645907,2.6457513110645907,-2.165063509461097,4.087330979928693e-06,-0.0002224079499842846,-8.560485986222636e-05,-0.00025681457958667906
7,9,21,1.7320508075688772,2.64575131106459,2.6457513110645907,-2.165063509461096,4.08733097992867e-06,-0.00022240794998428323,-8.560485986222583e-05,-0.00025681457958667744
6,9,15,1.7320508075688776,2.6457513110645903,2.6457513110645907,-2.1650635094610964,4.087330979928627e-06,-0.00022240794998428098,-8.560485986222496e-05,-0.0002568145795866749
4,13,16,2.6457513110645907,2.6457513110645907,4.58257569495584,3.0310889132455356,-2.6220082138601324e-06,-0.000199743466915289,-7.688129626160748e-05,-0.00023064388878482243
8,11,13,2.6457513110645907,2.6457513110645907,4.58257569495584,-3.031088913245534,2.6220082138600752e-06,-0.00019974346691528457,-7.688129626160577e-05,-0.0002306438887848173
2,14,22,2.6457513110645903,2.6457513110645907,4.58257569495584,3.031088913245534,-2.6220082138600744e-06,-0.0001997434669152845,-7.688129626160574e-05,-0.0002306438887848172
6,9,23,2.6457513110645907,2.6457513110645907,4.58257569495584,-3.0310889132455343,2.6220082138600477e-06,-0.0001997434669152825,-7.688129626160497e-05,-0.00023064388878481492
10,12,15,2.6457513110645903,2.6457513110645907,4.58257569495584,3.031088913245534,-2.6220082138600282e-06,-0.000199743466915281,-7.688129626160439e-05,-0.00023064388878481316
0,14,17,2.6457513110645907,2.6457513110645907,4.582575694955841,3.0310889132455348,-2.6220082138600168e-06,-0.00019974346691528018,-7.688129626160407e-05,-0.00023064388878481223
5,8,17,2.6457513110645907,2.6457513110645907,4.58257569495584,-3.0310889132455356,2.622008213860005e-06,-0.0001997434669152793,-7.688129626160375e-05,-0.00023064388878481123
3,7,21,2.64575131106459,2.6457513110645907,4.582575694955841,3.0310889132455348,-2.6220082138599846e-06,-0.00019974346691527774,-7.688129626160314e-05,-0.00023064388878480942
7,10,19,2.6457513110645907,2.6457513110645907,4.58257569495584,-3.0310889132455356,2.622008213859975e-06,-0.00019974346691527703,-7.688129626160287e-05,-0.0002306438887848086
1,9,21,2.6457513110645907,2.6457513110645907,4.58257569495584,-3.031088913245534,2.6220082138599706e-06,-0.0001997434669152766,-7.68812962616027e-05,-0.00023064388878480811
6,15,18,2.6457513110645903,2.645751311064591,4.58257569495584,3.0310889132455348,-2.6220082138599325e-06,-0.00019974346691527375,-7.688129626160161e-05,-0.0002306438887848048
2,16,20,2.6457513110645907,2.645751311064591,4.58257569495584,-3.031088913245535,2.622008213859915e-06,-0.00019974346691527248,-7.688129626160112e-05,-0.00023064388878480334
2,5,14,1.9999999999999998,2.6457513110645907,3.0,2.598076211353316,2.981445235785813e-06,0.00019467876503402804,7.49318915986e-05,0.00022479567479579996
13,16,22,2.0,2.6457513110645907,2.9999999999999996,-2.5980762113533156,-2.9814452357857783e-06,0.0001946787650340257,7.49318915985991e-05,0.00022479567479579727
0,8,13,2.0,2.6457513110645907,2.9999999999999996,-2.5980762113533156,-2.981445235785775e-06,0.0001946787650340255,7.4931891598599e-05,0.00022479567479579703
14,17,20,2.0,2.6457513110645907,3.000000000000001,-2.5980762113533133,-2.9814452357857474e-06,0.00019467876503402354,7.493189159859826e-05,0.00022479567479579478
10,15,23,2.0,2.6457513110645907,3.0000000000000004,2.5980762113533147,2.981445235785733e-06,0.00019467876503402273,7.493189159859795e-05,0.00022479567479579386
3,6,9,2.0,2.6457513110645907,3.0,2.5980762113533147,2.9814452357857233e-06,0.00019467876503402208,7.493189159859769e-05,0.0002247956747957931
7,12,21,2.0,2.64575131106459,2.9999999999999996,2.598076211353315,2.9814452357857017e-06,0.00019467876503402072,7.493189159859718e-05,0.00022479567479579153
9,18,21,2.0,2.6457513110645907,3.000000000000001,-2.598076211353317,-2.9814452357856966e-06,0.0001946787650340205,7.49318915985971e-05,0.00022479567479579128
2,11,16,2.0,2.6457513110645907,3.0,-2.598076211353315,-2.981445235785694e-06,0.0001946787650340202,7.493189159859697e-05,0.00022479567479579093
1,7,10,2.0,2.6457513110645907,3.0,2.598076211353315,2.9814452357856813e-06,0.0001946787650340194,7.493189159859666e-05,0.00022479567479578998
4,8,17,2.0,2.6457513110645907,3.0,2.5980762113533156,2.981445235785668e-06,0.00019467876503401852,7.493189159859634e-05,0.00022479567479578898
6,15,19,2.0,2.6457513110645903,2.9999999999999996,-2.598076211353315,-2.981445235785647e-06,0.00019467876503401714,7.49318915985958e-05,0.0002247956747957874
9,10,19,1.0,3.6055512754639896,4.58257569495584,-0.4330127018922212,-1.5274667971267626e-05,0.00016623109833104467,6.398237957941053e-05,0.00019194713873823158
4,13,14,1.0,3.605551275463989,4.58257569495584,0.43301270189222096,1.52746679712675e-05,0.0001662310983310432,6.398237957940996e-05,0.0001919471387382299
5,16,17,1.0,3.605551275463989,4.58257569495584,-0.4330127018922201,-1.527466797126742e-05,0.000166231098331042,6.398237957940949e-05,0.0001919471387382285
11,13,14,1.0,3.605551275463989,4.58257569495584,-0.43301270189221697,-1.5274667971267488e-05,0.00016623109833104153,6.398237957940931e-05,0.00019194713873822795
0,16,17,1.0,3.6055512754639896,4.582575694955841,0.4330127018922192,1.5274667971267372e-05,0.00016623109833104112,6.398237957940916e-05,0.0001919471387382275
1,15,21,1.0,3.605551275463989,4.58257569495584,-0.43301270189221963,-1.527466797126721e-05,0.00016623109833103952,6.398237957940854e-05,0.00019194713873822564
3,15,21,1.0,3.6055512754639896,4.582575694955841,0.4330127018922183,1.5274667971267183e-05,0.00016623109833103873,6.398237957940824e-05,0.00019194713873822472
6,7,18,1.0,3.605551275463989,4.58257569495584,0.4330127018922185,1.527466797126699e-05,0.0001662310983310367,6.398237957940745e-05,0.0001919471387382224
6,7,23,1.0,3.6055512754639887,4.58257569495584,-0.4330127018922194,-1.5274667971266922e-05,0.00016623109833103632,6.39823795794073e-05,0.00019194713873822193
9,10,12,1.0,3.605551275463989,4.58257569495584,0.4330127018922172,1.5274667971266973e-05,0.000166231098331036,6.398237957940718e-05,0.00019194713873822155
2,8,20,1.0,3.605551275463989,4.58257569495584,-0.4330127018922195,-1.52746679712668e-05,0.00016623109833103502,6.398237957940682e-05,0.00019194713873822044
2,8,22,1.0,3.605551275463989,4.58257569495584,0.43301270189221874,1.527466797126673e-05,0.00016623109833103394,6.39823795794064e-05,0.0001919471387382192
2,14,17,2.6457513110645907,2.6457513110645907,3.464101615137755,3.4641016151377535,1.2176345147320868e-06,0.00010601014601715352,4.0803324226556744e-05,0.00012240997267967023
2,13,16,2.6457513110645907,2.6457513110645907,3.4641016151377544,3.464101615137754,1.2176345147320673e-06,0.00010601014601715184,4.08033242265561e-05,0.0001224099726796683
8,13,17,2.6457513110645907,2.6457513110645907,3.464101615137755,3.4641016151377544,1.217634514732062e-06,0.00010601014601715141,4.080332422655593e-05,0.0001224099726796678
6,9,21,2.6457513110645907,2.6457513110645907,3.464101615137754,-3.4641016151377535,-1.2176345147320584e-06,0.00010601014601715106,4.0803324226555796e-05,0.0001224099726796674
7,10,21,2.64575131106459,2.6457513110645907,3.4641016151377553,-3.4641016151377544,-1.217634514732019e-06,0.00010601014601714767,4.0803324226554495e-05,0.00012240997267966348
6,10,15,2.6457513110645903,2.6457513110645907,3.4641016151377544,-3.4641016151377544,-1.217634514732017e-06,0.00010601014601714748,4.080332422655442e-05,0.00012240997267966324
11,13,16,2.0,2.6457513110645907,4.58257569495584,0.8660254037844402,-3.0713317501363675e-06,-6.684935490899665e-05,-2.5730328701241365e-05,-7.719098610372409e-05
4,8,13,2.0,2.6457513110645907,4.58257569495584,0.8660254037844382,-3.0713317501363015e-06,-6.684935490899505e-05,-2.573032870124075e-05,-7.719098610372225e-05
10,15,19,2.0,2.6457513110645907,4.58257569495584,-0.8660254037844382,3.0713317501362824e-06,-6.684935490899465e-05,-2.5730328701240593e-05,-7.719098610372177e-05
6,9,18,2.0,2.6457513110645907,4.58257569495584,-0.8660254037844397,3.07133175013627e-06,-6.68493549089945e-05,-2.5730328701240535e-05,-7.71909861037216e-05
5,14,17,1.9999999999999998,2.6457513110645907,4.58257569495584,0.8660254037844395,-3.0713317501362396e-06,-6.68493549089938e-05,-2.5730328701240267e-05,-7.719098610372081e-05
2,14,20,2.0,2.6457513110645907,4.58257569495584,0.866025403784437,-3.071331750136238e-06,-6.684935490899359e-05,-2.5730328701240186e-05,-7.719098610372055e-05
0,8,17,2.0,2.6457513110645907,4.582575694955841,-0.8660254037844388,3.07133175013622e-06,-6.684935490899334e-05,-2.573032870124009e-05,-7.719098610372027e-05
3,9,21,2.0,2.6457513110645907,4.582575694955841,-0.8660254037844375,3.0713317501362168e-06,-6.684935490899315e-05,-2.5730328701240017e-05,-7.719098610372005e-05
1,7,21,2.0,2.64575131106459,4.58257569495584,0.8660254037844388,-3.071331750136193e-06,-6.684935490899275e-05,-2.573032870123986e-05,-7.719098610371958e-05
2,16,22,2.0,2.6457513110645907,4.58257569495584,-0.866025403784439,3.071331750136169e-06,-6.684935490899223e-05,-2.5730328701239664e-05,-7.7190986103719e-05
7,10,12,2.0,2.6457513110645907,4.58257569495584,-0.8660254037844402,3.071331750136154e-06,-6.6849354908992e-05,-2.5730328701239576e-05,-7.719098610371873e-05
6,15,23,2.0,2.6457513110645903,4.58257569495584,0.8660254037844388,-3.071331750136149e-06,-6.684935490899179e-05,-2.573032870123949e-05,-7.719098610371847e-05
0,13,16,2.6457513110645907,2.9999999999999996,3.6055512754639896,3.897114317029973,-4.361734991662073e-07,-4.2721085636107966e-05,-1.6443353528053327e-05,-4.933006058415997e-05
6,9,19,2.6457513110645907,2.9999999999999996,3.6055512754639896,-3.8971143170299727,4.361734991662001e-07,-4.2721085636107255e-05,-1.6443353528053052e-05,-4.9330060584159146e-05
2,11,14,2.6457513110645907,3.0,3.605551275463989,-3.897114317029973,4.3617349916619857e-07,-4.2721085636107106e-05,-1.6443353528052995e-05,-4.9330060584158984e-05
1,10,15,2.6457513110645907,3.0,3.605551275463989,-3.897114317029973,4.3617349916619285e-07,-4.272108563610655e-05,-1.644335352805278e-05,-4.933006058415833e-05
2,5,16,2.6457513110645907,3.0,3.605551275463989,3.8971143170299727,-4.361734991661874e-07,-4.272108563610601e-05,-1.644335352805257e-05,-4.933006058415771e-05
8,17,20,2.6457513110645907,3.000000000000001,3.605551275463989,-3.897114317029973,4.3617349916618464e-07,-4.2721085636105744e-05,-1.644335352805247e-05,-4.9330060584157405e-05
4,14,17,2.6457513110645907,3.0,3.605551275463989,3.8971143170299727,-4.361734991661804e-07,-4.2721085636105323e-05,-1.6443353528052307e-05,-4.933006058415693e-05
9,12,21,2.6457513110645907,2.9999999999999996,3.605551275463989,3.8971143170299722,-4.3617349916617935e-07,-4.2721085636105215e-05,-1.6443353528052266e-05,-4.93300605841568e-05
8,13,22,2.6457513110645907,2.9999999999999996,3.605551275463989,3.8971143170299736,-4.361734991661728e-07,-4.2721085636104585e-05,-1.6443353528052026e-05,-4.933006058415607e-05
7,18,21,2.64575131106459,3.000000000000001,3.605551275463989,-3.897114317029974,4.3617349916617194e-07,-4.2721085636104503e-05,-1.644335352805199e-05,-4.9330060584155975e-05
3,6,15,2.6457513110645903,3.0,3.6055512754639896,3.8971143170299736,-4.3617349916616654e-07,-4.272108563610397e-05,-1.6443353528051785e-05,-4.9330060584155365e-05
7,10,23,2.6457513110645907,3.0000000000000004,3.6055512754639887,-3.8971143170299722,4.3617349916616426e-07,-4.272108563610374e-05,-1.6443353528051697e-05,-4.9330060584155094e-05
2,7,15,1.732050807568877,1.7320508075688774,3.0000000000000004,1.2990381056766578,-2.743423865927818e-18,-8.95683683492074e-17,-3.4474881051526964e-17,-1.034246431545809e-16
2,9,15,1.7320508075688774,1.7320508075688776,3.0000000000000004,-1.2990381056766571,-2.7434238659278154e-18,8.956836834920727e-17,3.4474881051526915e-17,1.0342464315458073e-16
9,13,15,1.732050807568877,1.7320508075688776,3.0,1.2990381056766584,-2.1199184418533115e-18,-6.921192099711477e-17,-2.6639680812543547e-17,-7.991904243763065e-17
7,9,13,1.732050807568877,1.7320508075688772,3.0,-1.2990381056766571,-2.1199184418533127e-18,6.921192099711473e-17,2.6639680812543535e-17,7.99190424376306e-17
2,4,15,1.7320508075688774,3.0000000000000004,3.464101615137755,-2.5980762113533156,8.207230395394409e-19,-5.3590569383844445e-17,-2.0627019773191938e-17,-6.18810593195758e-17
0,2,15,1.7320508075688772,3.0000000000000004,3.4641016151377544,-2.5980762113533156,-8.207230395394408e-19,5.359056938384444e-17,2.0627019773191935e-17,6.18810593195758e-17
2,15,17,1.7320508075688779,3.0000000000000004,3.464101615137755,2.598076211353315,-8.172784646257367e-19,-5.336564974345723e-17,-2.0540448163242876e-17,-6.162134448972863e-17
2,13,15,1.732050807568877,3.0000000000000004,3.4641016151377544,2.5980762113533156,8.17278464625732e-19,5.3365649743456923e-17,2.054044816324276e-17,6.162134448972828e-17
5,9,13,1.732050807568877,3.0,3.4641016151377544,-2.598076211353315,6.341950760077488e-19,-4.141089452387974e-17,-1.593906073383011e-17,-4.7817182201490327e-17
9,13,20,1.732050807568877,3.0,3.4641016151377553,2.5980762113533142,6.341950760077488e-19,4.141089452387972e-17,1.5939060733830104e-17,4.781718220149031e-17
9,13,17,1.7320508075688774,3.0,3.464101615137755,2.5980762113533156,6.315333590289792e-19,4.123709298358064e-17,1.5872164489778607e-17,4.7616493469335813e-17
2,9,13,1.7320508075688774,3.0,3.4641016151377544,-2.5980762113533142,6.315333590289757e-19,-4.123709298358039e-17,-1.587216448977851e-17,-4.761649346933553e-17
7,15,17,1.732050807568877,1.7320508075688779,3.0,1.2990381056766578,9.352581361117641e-19,3.053467102813914e-17,1.17528003584752e-17,3.52584010754256e-17
7,9,17,1.7320508075688772,1.7320508075688774,3.0,-1.2990381056766578,9.352581361117524e-19,-3.053467102813876e-17,-1.1752800358475053e-17,-3.525840107542516e-17
8,16,21,1.7320508075688774,1.7320508075688779,3.0,-1.2990381056766582,7.48206508889402e-19,-2.4427736822511024e-17,-9.402240286780048e-18,-2.8206720860340146e-17
8,14,21,1.732050807568877,1.7320508075688772,3.0,1.2990381056766576,7.482065088894005e-19,2.4427736822510965e-17,9.402240286780026e-18,2.820672086034008e-17
8,10,14,1.7320508075688772,1.7320508075688774,3.0,-1.2990381056766587,6.235054240745117e-19,-2.035644735209285e-17,-7.8352002389835e-18,-2.3505600716950504e-17
10,14,16,1.7320508075688772,1.7320508075688774,3.0,1.2990381056766573,6.235054240745014e-19,2.0356447352092495e-17,7.835200238983365e-18,2.350560071695009e-17
7,17,22,1.7320508075688779,3.0,3.4641016151377544,-2.598076211353315,2.7979194529754024e-19,-1.8269512289947203e-17,-7.031938559042796e-18,-2.1095815677128386e-17
7,11,17,1.7320508075688772,3.0,3.4641016151377544,-2.5980762113533165,-2.7979194529753773e-19,1.8269512289947046e-17,7.031938559042736e-18,2.1095815677128205e-17
7,13,17,1.732050807568877,3.0,3.464101615137755,2.598076211353315,-2.7861765839513684e-19,-1.819283513981492e-17,-7.002425510196417e-18,-2.100727653058925e-17
2,7,17,1.7320508075688774,3.0,3.464101615137755,2.598076211353315,2.7861765839513544e-19,1.819283513981483e-17,7.002425510196383e-18,2.1007276530589148e-17
8,21,23,1.732050807568878,3.0,3.464101615137755,2.598076211353316,2.2383355623802873e-19,1.461560983195754e-17,5.625550847234151e-18,1.6876652541702452e-17
8,19,21,1.732050807568877,3.0,3.464101615137755,2.598076211353315,-2.2383355623802165e-19,-1.4615609831957074e-17,-5.6255508472339715e-18,-1.6876652541701913e-17
6,8,21,1.7320508075688774,3.0,3.464101615137754,-2.598076211353316,2.228941267161082e-19,-1.4554268111851857e-17,-5.601940408157104e-18,-1.680582122447131e-17
8,10,21,1.7320508075688774,3.0,3.4641016151377553,-2.598076211353316,-2.2289412671610364e-19,1.4554268111851558e-17,5.601940408156989e-18,1.680582122447097e-17
2,15,19,2.0,3.0000000000000004,4.358898943540674,-2.598076211353316,1.8984729816124008e-19,-1.2396416713431885e-17,-4.771383017657783e-18,-1.4314149052973346e-17
2,15,23,2.0,3.0000000000000004,4.358898943540674,2.598076211353315,1.8984729816123904e-19,1.2396416713431814e-17,4.771383017657756e-18,1.4314149052973266e-17
3,10,14,1.7320508075688776,3.0,3.4641016151377544,-2.598076211353316,-1.8652796353169592e-19,1.2179674859964963e-17,4.687959039361926e-18,1.4063877118085777e-17
10,14,18,1.7320508075688772,3.0,3.464101615137755,2.598076211353316,-1.8652796353168362e-19,-1.217967485996416e-17,-4.687959039361617e-18,-1.4063877118084852e-17
10,14,21,1.732050807568877,3.0,3.4641016151377553,2.5980762113533147,-1.857451055967614e-19,-1.212855675987684e-17,-4.668283673464366e-18,-1.4004851020393098e-17
6,10,14,1.732050807568877,3.0,3.4641016151377544,-2.598076211353316,-1.8574510559675655e-19,1.2128556759876529e-17,4.668283673464246e-18,1.4004851020392738e-17
2,15,22,1.7320508075688772,3.0000000000000004,4.58257569495584,1.2990381056766573,-3.5739014259412975e-19,-1.1668212241574557e-17,-4.4910969857565045e-18,-1.3473290957269514e-17
2,15,20,1.7320508075688774,3.0000000000000004,4.58257569495584,-1.2990381056766584,-3.573901425941213e-19,1.166821224157429e-17,4.491096985756402e-18,1.3473290957269206e-17
3,9,13,2.0,3.0,4.358898943540674,-2.5980762113533142,-1.467001849427761e-19,9.579049278560975e-18,3.686977786371913e-18,1.1060933359115737e-17
9,13,18,2.0,3.0,4.358898943540674,2.598076211353317,-1.4670018494277534e-19,-9.579049278560935e-18,-3.6869777863718975e-18,-1.1060933359115692e-17
4,9,13,1.7320508075688772,3.0,4.58257569495584,-1.2990381056766571,2.7616511018637857e-19,-9.016345823035065e-18,-3.470393125357369e-18,-1.0411179376072106e-17
9,11,13,1.7320508075688772,3.0,4.58257569495584,-1.2990381056766571,-2.7616511018637593e-19,9.016345823034979e-18,3.470393125357335e-18,1.0411179376072006e-17
1,2,15,1.0,3.0000000000000004,3.605551275463989,-1.2990381056766571,-2.0820603035671981e-19,6.797591378833471e-18,2.616394141607056e-18,7.849182424821167e-18
2,3,15,1.0,3.0000000000000004,3.6055512754639896,-1.299038105676658,2.082060303567185e-19,-6.797591378833433e-18,-2.616394141607041e-18,-7.849182424821124e-18
2,14,15,0.9999999999999997,2.6457513110645907,3.0000000000000004,1.2990381056766578,1.64119058347421e-19,5.358222786406871e-18,2.0623809120733292e-18,6.187142736219987e-18
2,15,16,1.0000000000000004,2.6457513110645907,3.0000000000000004,1.299038105676658,-1.641190583474138e-19,-5.358222786406638e-18,-2.062380912073239e-18,-6.187142736219718e-18
2,12,15,2.6457513110645903,3.0000000000000004,3.605551275463989,3.897114317029973,5.393263757817773e-20,5.2824411225417544e-18,2.0332125360518872e-18,6.099637608155662e-18
2,15,18,2.645751311064591,3.0000000000000004,3.6055512754639896,3.8971143170299736,-5.393263757817665e-20,-5.282441122541649e-18,-2.0332125360518464e-18,-6.09963760815554e-18
9,13,19,1.0,3.0,3.6055512754639896,1.2990381056766584,1.6088647800291994e-19,5.252684247280418e-18,2.0217591094236375e-18,6.0652773282709126e-18
9,12,13,0.9999999999999999,3.0,3.605551275463989,1.2990381056766558,-1.6088647800291836e-19,-5.252684247280355e-18,-2.0217591094236133e-18,-6.0652773282708394e-18
2,5,15,2.9999999999999996,3.0,3.0000000000000004,3.897114317029973,5.081515596773299e-20,4.977098869737782e-18,1.915686248150994e-18,5.747058744452981e-18
2,11,15,3.0,3.0000000000000004,3.0000000000000004,-3.8971143170299727,5.0815155967732625e-20,-4.977098869737745e-18,-1.9156862481509797e-18,-5.747058744452938e-18
1,7,17,2.0,3.0,4.358898943540674,2.598076211353315,-6.472066982769642e-20,-4.226051152306385e-18,-1.626607846928813e-18,-4.8798235407864385e-18
7,12,17,2.0,3.0,4.358898943540674,2.598076211353316,6.472066982769619e-20,4.2260511523063705e-18,1.6266078469288073e-18,4.879823540786422e-18
9,13,16,0.9999999999999999,2.6457513110645907,3.0,1.2990381056766584,1.268192723593737e-19,4.140444880405408e-18,1.5936579775112469e-18,4.78097393253374e-18
8,9,13,1.0000000000000002,2.6457513110645907,3.0,-1.2990381056766573,1.268192723593658e-19,-4.1404448804051465e-18,-1.5936579775111461e-18,-4.780973932533438e-18
9,13,23,2.6457513110645907,3.0,3.605551275463989,3.8971143170299727,4.167521994677351e-20,4.081886321964064e-18,1.5711187778582692e-18,4.713356333574808e-18
1,9,13,2.6457513110645907,3.0,3.605551275463989,-3.8971143170299722,4.167521994677255e-20,-4.081886321963969e-18,-1.5711187778582326e-18,-4.7133563335746985e-18
5,7,17,1.7320508075688774,3.0,4.58257569495584,-1.2990381056766578,1.218375486116347e-19,-3.977799627809494e-18,-1.531055790598803e-18,-4.5931673717964096e-18
0,7,17,1.7320508075688774,3.0,4.582575694955841,1.2990381056766576,1.218375486116279e-19,3.9777996278092725e-18,1.5310557905987177e-18,4.593167371796154e-18
0,9,13,2.9999999999999996,3.0,3.0,-3.8971143170299722,3.926625688415773e-20,-3.845940035706508e-18,-1.4803030099348742e-18,-4.440909029804623e-18
9,13,22,2.9999999999999996,3.0,3.0,3.8971143170299727,3.92662568841569e-20,3.845940035706427e-18,1.480303009934843e-18,4.440909029804529e-18
0,8,21,2.0,3.0,4.358898943540673,-2.5980762113533156,-5.1776535862155734e-20,3.380840921845016e-18,1.301286277543015e-18,3.903858832629045e-18
4,8,21,2.0,3.0,4.358898943540674,2.5980762113533156,-5.1776535862150534e-20,-3.3808409218446768e-18,-1.3012862775428845e-18,-3.903858832628653e-18
3,8,21,1.7320508075688772,3.0,4.582575694955841,1.2990381056766578,9.747003888931136e-20,3.182239702247713e-18,1.2248446324790878e-18,3.674533897437263e-18
1,8,21,1.7320508075688772,3.0,4.58257569495584,-1.2990381056766576,9.747003888930418e-20,-3.1822397022474785e-18,-1.2248446324789975e-18,-3.674533897436992e-18
10,14,20,2.0,3.0,4.358898943540674,2.5980762113533133,4.3147113218463644e-20,2.8173674348708793e-18,1.0844052312858584e-18,3.253215693857575e-18
5,10,14,1.9999999999999998,3.0,4.358898943540674,-2.5980762113533165,4.3147113218463024e-20,-2.8173674348708423e-18,-1.0844052312858442e-18,-3.2532156938575322e-18
10,12,14,1.7320508075688772,3.0,4.58257569495584,1.2990381056766573,8.12250324077554e-20,2.6518664185396275e-18,1.0207038603991884e-18,3.0621115811975653e-18
10,14,19,1.7320508075688776,3.0,4.58257569495584,1.2990381056766573,-8.122503240775479e-20,-2.6518664185396074e-18,-1.0207038603991807e-18,-3.062111581197542e-18
2,10,15,2.0000000000000004,2.6457513110645907,3.0000000000000004,-2.598076211353316,-3.590611745230103e-20,2.344553748255699e-18,9.024191584566493e-19,2.707257475369948e-18
2,6,15,2.0,2.6457513110645903,3.0000000000000004,2.5980762113533156,-3.5906117452299724e-20,-2.3445537482556137e-18,-9.024191584566164e-19,-2.707257475369849e-18
7,17,18,1.0,3.0,3.605551275463989,1.2990381056766576,7.097932853070324e-20,2.3173606973297014e-18,8.919525482751745e-19,2.675857644825524e-18
7,17,23,1.0000000000000002,3.0,3.6055512754639887,-1.2990381056766571,7.097932853069848e-20,-2.317360697329545e-18,-8.919525482751145e-19,-2.6758576448253436e-18
6,14,16,1.732050807568877,1.7320508075688774,3.0,1.2990381056766582,-6.235054240745884e-20,-2.035644735209535e-18,-7.835200238984463e-19,-2.350560071695339e-18
6,8,16,1.7320508075688774,1.7320508075688774,3.0,-1.2990381056766582,-6.235054240745355e-20,2.0356447352093625e-18,7.835200238983799e-19,2.3505600716951395e-18
8,21,22,1.0000000000000002,3.0,3.605551275463989,1.299038105676658,5.678346282457487e-20,1.8538885578641623e-18,7.135620386202941e-19,2.1406861158608825e-18
8,20,21,1.0,3.0,3.605551275463989,1.2990381056766587,-5.67834628245487e-20,-1.8538885578633087e-18,-7.135620386199656e-19,-2.1406861158598968e-18
7,14,17,0.9999999999999997,2.6457513110645907,3.0,1.2990381056766582,-5.594967898208058e-20,-1.8266668590025143e-18,-7.030844018432466e-19,-2.1092532055297396e-18
7,8,17,1.0,2.6457513110645907,3.0,-1.299038105676658,-5.59496789820728e-20,1.82666685900226e-18,7.030844018431486e-19,2.109253205529446e-18
9,13,21,1.9999999999999993,2.6457513110645907,3.0,2.5980762113533156,-2.774563621314164e-20,-1.8117006236521268e-18,-6.973238951710455e-19,-2.0919716855131363e-18
6,9,13,1.9999999999999993,2.6457513110645907,3.0,-2.5980762113533142,-2.7745636213141215e-20,1.8117006236520983e-18,6.973238951710345e-19,2.0919716855131036e-18
7,17,19,2.6457513110645907,3.0,3.60555127546399,-3.897114317029973,1.838612644710673e-20,-1.8008322008665744e-18,-6.931406372904419e-19,-2.079421911871326e-18
3,7,17,2.6457513110645907,3.0,3.6055512754639896,3.8971143170299727,1.838612644710501e-20,1.8008322008664057e-18,6.93140637290377e-19,2.079421911871131e-18
4,7,17,3.0,3.0,3.0,3.8971143170299736,1.7323348625362848e-20,1.6967382510469053e-18,6.53074857324177e-19,1.959224571972531e-18
7,17,20,2.9999999999999996,3.0,3.000000000000001,-3.8971143170299722,1.7323348625362463e-20,-1.6967382510468671e-18,-6.530748573241624e-19,-1.959224571972487e-18
10,11,14,1.0,3.0,3.605551275463989,-1.299038105676656,4.731955235380405e-20,-1.5449071315531938e-18,-5.946350321834727e-19,-1.783905096550418e-18
4,10,14,1.0,3.0,3.605551275463989,-1.2990381056766587,-4.73195523537984e-20,1.5449071315530126e-18,5.946350321834029e-19,1.7839050965502085e-18
7,8,21,1.0,2.64575131106459,3.0,-1.299038105676658,4.4759743185662676e-20,-1.4613334872019528e-18,-5.624675214745746e-19,-1.687402564423724e-18
8,9,21,1.0000000000000002,2.6457513110645907,3.0,-1.2990381056766571,-4.4759743185648526e-20,1.46133348720149e-18,5.624675214743965e-19,1.6874025644231895e-18
5,8,21,2.6457513110645907,3.0,3.6055512754639887,-3.8971143170299745,1.4708901157686477e-20,-1.440665760693367e-18,-5.545125098323949e-19,-1.6635375294971848e-18
8,11,21,2.6457513110645907,3.0,3.60555127546399,-3.897114317029973,-1.4708901157684584e-20,1.4406657606931811e-18,5.545125098323234e-19,1.6635375294969701e-18
8,12,21,2.9999999999999996,3.0,3.0,3.897114317029973,-1.3858678900291527e-20,-1.3573906008376465e-18,-5.224598858593887e-19,-1.567379657578166e-18
8,18,21,3.0,3.0,3.000000000000001,-3.897114317029974,-1.3858678900289784e-20,1.357390600837476e-18,5.224598858593231e-19,1.5673796575779693e-18
6,12,16,1.732050807568877,3.0,3.464101615137755,2.598076211353316,1.8652796353169763e-20,1.2179674859965074e-18,4.687959039361968e-19,1.4063877118085905e-18
1,6,16,1.7320508075688774,3.0,3.464101615137755,2.598076211353316,-1.865279635316363e-20,-1.217967485996107e-18,-4.687959039360427e-19,-1.4063877118081283e-18
10,14,15,0.9999999999999997,2.6457513110645907,3.0,1.2990381056766573,-3.729978598805274e-20,-1.2177779060016435e-18,-4.687229345621517e-19,-1.4061688036864552e-18
7,10,14,0.9999999999999997,2.6457513110645907,3.0,-1.2990381056766587,-3.729978598804515e-20,1.2177779060013968e-18,4.687229345620568e-19,1.4061688036861703e-18
6,10,16,1.7320508075688772,3.0,3.4641016151377544,-2.598076211353315,1.8574510559676763e-20,-1.212855675987725e-18,-4.668283673464523e-19,-1.400485102039357e-18
6,16,21,1.7320508075688779,3.0,3.464101615137754,-2.598076211353316,-1.857451055967676e-20,1.212855675987725e-18,4.668283673464523e-19,1.400485102039357e-18
10,14,22,2.6457513110645903,3.0,3.6055512754639896,3.8971143170299722,-1.2257417631403866e-20,-1.2005548005776553e-18,-4.620937581936045e-19,-1.3862812745808136e-18
0,10,14,2.6457513110645907,3.0,3.605551275463989,-3.897114317029974,-1.2257417631402694e-20,1.2005548005775409e-18,4.620937581935604e-19,1.3862812745806814e-18
10,14,23,2.9999999999999996,3.0,3.0000000000000004,3.8971143170299722,-1.1548899083577816e-20,-1.131158834031523e-18,-4.353832382162154e-19,-1.3061497146486458e-18
1,10,14,3.0,3.0,3.0,-3.897114317029973,-1.1548899083574441e-20,1.1311588340311928e-18,4.353832382160882e-19,1.3061497146482648e-18
7,17,21,2.000000000000001,2.64575131106459,3.0,-2.598076211353315,-1.224072185873947e-20,7.992796869053834e-19,3.076428949284153e-19,9.229286847852458e-19
7,10,17,1.9999999999999998,2.6457513110645907,3.0,-2.598076211353315,1.2240721858738426e-20,-7.992796869053153e-19,-3.0764289492838905e-19,-9.229286847851672e-19
8,13,21,1.9999999999999993,2.6457513110645907,3.0,2.598076211353316,9.792577486994358e-21,6.394237495244885e-19,2.4611431594280217e-19,7.383429478284065e-19
8,17,21,2.000000000000001,2.6457513110645907,3.0,-2.5980762113533156,9.792577486990616e-21,-6.39423749524244e-19,-2.4611431594270804e-19,-7.383429478281242e-19
10,14,17,1.9999999999999998,2.6457513110645907,3.0,2.5980762113533147,8.160481239160613e-21,5.328531246036519e-19,2.0509526328563443e-19,6.152857898569033e-19
2,10,14,2.0000000000000004,2.6457513110645907,3.0,-2.598076211353316,8.160481239158559e-21,-5.32853124603518e-19,-2.0509526328558286e-19,-6.152857898567485e-19
6,11,16,2.0,3.0,4.358898943540674,-2.598076211353316,-4.3147113218475365e-21,2.8173674348716473e-19,1.084405231286154e-19,3.253215693858462e-19
6,16,22,2.0,3.0,4.358898943540673,-2.5980762113533156,4.314711321845505e-21,-2.8173674348703204e-19,-1.0844052312856433e-19,-3.2532156938569296e-19
6,16,23,1.7320508075688772,3.0,4.58257569495584,-1.2990381056766576,-8.12250324077828e-21,2.6518664185405226e-19,1.020703860399533e-19,3.062111581198599e-19
6,16,18,1.7320508075688772,3.0,4.58257569495584,1.2990381056766571,-8.122503240776255e-21,-2.6518664185398606e-19,-1.0207038603992781e-19,-3.0621115811978345e-19
5,6,16,0.9999999999999998,3.0,3.605551275463989,-1.2990381056766576,-4.731955235389714e-21,1.544907131556235e-19,5.946350321846433e-20,1.78390509655393e-19
0,6,16,1.0000000000000002,3.0,3.6055512754639896,1.299038105676658,-4.7319552353836794e-21,-1.5449071315542654e-19,-5.94635032183885e-20,-1.7839050965516552e-19
6,9,16,0.9999999999999999,2.6457513110645907,3.0,-1.299038105676658,3.7299785988115076e-21,-1.2177779060036791e-19,-4.6872293456293527e-20,-1.4061688036888057e-19
6,15,16,1.0000000000000004,2.6457513110645903,3.0,1.299038105676658,3.7299785988026295e-21,1.2177779060007806e-19,4.687229345618196e-20,1.406168803685459e-19
6,16,20,2.645751311064591,3.0,3.6055512754639887,-3.897114317029973,-1.2257417631403966e-21,1.2005548005776654e-19,4.620937581936084e-20,1.386281274580825e-19
4,6,16,2.6457513110645907,3.0,3.605551275463989,3.897114317029974,-1.2257417631390094e-21,-1.2005548005763067e-19,-4.620937581930854e-20,-1.3862812745792562e-19
3,6,16,3.0,3.0,3.0,3.8971143170299736,-1.1548899083592308e-21,-1.1311588340329428e-19,-4.353832382167618e-20,-1.3061497146502855e-19
6,16,19,2.9999999999999996,3.0,3.0000000000000004,-3.897114317029973,-1.154889908356584e-21,1.1311588340303503e-19,4.353832382157639e-20,1.3061497146472918e-19
2,6,16,2.0,2.6457513110645907,3.0,2.5980762113533156,8.160481239157797e-22,5.3285312460346814e-20,2.0509526328556367e-20,6.15285789856691e-20
6,13,16,1.9999999999999993,2.6457513110645907,3.0,2.598076211353315,-8.160481239135908e-22,-5.3285312460203886e-20,-2.0509526328501355e-20,-6.152857898550406e-20
