,inter_metric,motifs,motif_metric
0,-0.4572992301967962,"[[np.int64(0)], [np.int64(1), 2, 3], [4, 5, 6, 7]]",[0.05946881 0.28427595 2.29750061]
1,-0.4570556164848423,"[[np.int64(0), np.int64(1), np.int64(2)], [3], [4, 5, 6, 7]]",[0.26400351 0.07949763 2.29750061]
2,-0.4563868231598591,"[[np.int64(0), 3], [np.int64(1), 2], [4, 5, 6, 7]]",[0.14933456 0.1934978  2.29750061]
3,-0.4556801286490697,"[[np.int64(0), 2, 3], [np.int64(1)], [4, 5, 6, 7]]",[0.24135669 0.10076897 2.29750061]
4,-0.4539046621798235,"[[np.int64(0), np.int64(1), 3], [2], [4, 5, 6, 7]]",[0.26037451 0.07997568 2.29750061]
5,-0.45314204440705774,"[[np.int64(0), 2], [np.int64(1), 3], [4, 5, 6, 7]]",[0.14976569 0.18982188 2.29750061]
6,-0.4357065146363981,"[[np.int64(0), np.int64(1)], [2, 3], [4, 5, 6, 7]]",[0.16095348 0.16119856 2.29750061]
7,-0.4269454625634337,"[[np.int64(0), np.int64(1), np.int64(2), np.int64(3)], [4], [5, 6, 7]]",[0.36514978 0.04254282 2.20319899]
8,-0.40791089501967104,"[[np.int64(0), 4, 5, 6, 7], [np.int64(1), 2], [3]]",[2.3188616  0.1934978  0.07949763]
9,-0.40471302849076096,"[[np.int64(0), 4, 5, 6, 7], [np.int64(1), 3], [np.int64(2)]]",[2.3188616  0.18982188 0.07997568]
10,-0.39688299684005335,"[[np.int64(0), 4, 5, 6, 7], [np.int64(1)], [np.int64(2), 3]]",[2.3188616  0.10076897 0.16119856]
11,-0.3951560898884674,"[[np.int64(0), np.int64(1), np.int64(2)], [3, 4], [5, 6, 7]]",[0.26400351 0.11189972 2.20319899]
12,-0.394204561764921,"[[np.int64(0), np.int64(1), 3], [2, 4], [5, 6, 7]]",[0.26037451 0.1145772  2.20319899]
13,-0.39362774781100995,"[[np.int64(0), 2, 3], [np.int64(1), 4], [5, 6, 7]]",[0.24135669 0.1330182  2.20319899]
14,-0.38710529015059914,"[[np.int64(0), 5, 6, 7], [np.int64(1), 2, 3], [4]]",[2.24423265 0.28427595 0.04254282]
15,-0.38639313465068037,"[[np.int64(0), 3], [np.int64(1), 2, 4], [5, 6, 7]]",[0.14933456 0.21780572 2.20319899]
16,-0.3858677725079578,"[[np.int64(0), 4], [np.int64(1), 2, 3], [5, 6, 7]]",[0.08233896 0.28427595 2.20319899]
17,-0.3809489297164066,"[[np.int64(0), 2], [np.int64(1), 3, 4], [5, 6, 7]]",[0.14976569 0.21193038 2.20319899]
18,-0.3771648078350269,"[[np.int64(0)], [np.int64(1), 2, 3, 4], [5, 6, 7]]",[0.05946881 0.29844315 2.20319899]
19,-0.37481463161842843,"[[np.int64(0), 3, 4], [np.int64(1), 2], [5, 6, 7]]",[0.16206398 0.1934978  2.20319899]
20,-0.37376927904709945,"[[np.int64(0), 2, 4], [np.int64(1), 3], [5, 6, 7]]",[0.16469454 0.18982188 2.20319899]
21,-0.3673892630306077,"[[np.int64(0), np.int64(1), np.int64(2), 4], [3], [5, 6, 7]]",[0.26863877 0.07949763 2.20319899]
22,-0.36616662943652,"[[np.int64(0), 2, 3, 4], [np.int64(1)], [5, 6, 7]]",[0.2461448  0.10076897 2.20319899]
23,-0.36586568036890466,"[[np.int64(0), np.int64(1)], [2, 3, 4], [5, 6, 7]]",[0.16095348 0.18565934 2.20319899]
24,-0.365684033368352,"[[np.int64(0), 5, 6, 7], [np.int64(1), 2], [3, 4]]",[2.24423265 0.1934978  0.11189972]
25,-0.3646855930209143,"[[np.int64(0), 5, 6, 7], [np.int64(1), 3], [np.int64(2), 4]]",[2.24423265 0.18982188 0.1145772 ]
26,-0.362038882544117,"[[np.int64(0), np.int64(1), 3, 4], [2], [5, 6, 7]]",[0.26281034 0.07997568 2.20319899]
27,-0.35758987145554855,"[[np.int64(0), 5, 6, 7], [np.int64(1), 2, 4], [3]]",[2.24423265 0.21780572 0.07949763]
28,-0.35588947694141915,"[[np.int64(0), 3], [np.int64(1), 4, 5, 6, 7], [np.int64(2)]]",[0.14933456 2.31052538 0.07997568]
29,-0.3558425647175274,"[[np.int64(0), 2], [np.int64(1), 4, 5, 6, 7], [3]]",[0.14976569 2.31052538 0.07949763]
30,-0.35450328094704986,"[[np.int64(0), 5, 6, 7], [np.int64(1), 4], [np.int64(2), 3]]",[2.24423265 0.1330182  0.16119856]
31,-0.3539814688532825,"[[np.int64(0), np.int64(1), 4], [2, 3], [5, 6, 7]]",[0.17353005 0.16119856 2.20319899]
32,-0.35219257874516563,"[[np.int64(0), 5, 6, 7], [np.int64(1), 3, 4], [np.int64(2)]]",[2.24423265 0.21193038 0.07997568]
33,-0.3472466066881754,"[[np.int64(0)], [np.int64(1), 4, 5, 6, 7], [np.int64(2), 3]]",[0.05946881 2.31052538 0.16119856]
34,-0.3467148275176162,"[[np.int64(0), 5, 6, 7], [np.int64(1)], [np.int64(2), 3, 4]]",[2.24423265 0.10076897 0.18565934]
35,-0.3264707216002143,"[[np.int64(0), 2, 3], [np.int64(1), 5, 6, 7], [4]]",[0.24135669 2.22651735 0.04254282]
36,-0.3081292543501055,"[[np.int64(0), np.int64(1), 4, 5, 6, 7], [2], [3]]",[2.33260207 0.07997568 0.07949763]
37,-0.30648296462079294,"[[np.int64(0), 3], [np.int64(1), 5, 6, 7], [np.int64(2), 4]]",[0.14933456 2.22651735 0.1145772 ]
38,-0.30423662621542924,"[[np.int64(0), 2], [np.int64(1), 5, 6, 7], [3, 4]]",[0.14976569 2.22651735 0.11189972]
39,-0.28806196028512865,"[[np.int64(0), np.int64(1), 5, 6, 7], [2, 3], [4]]",[2.26826671 0.16119856 0.04254282]
40,-0.2876993605149578,"[[np.int64(0)], [np.int64(1), 5, 6, 7], [np.int64(2), 3, 4]]",[0.05946881 2.22651735 0.18565934]
41,-0.2867633874518458,"[[np.int64(0), 2, 4], [np.int64(1), 5, 6, 7], [3]]",[0.16469454 2.22651735 0.07949763]
42,-0.28610873709361195,"[[np.int64(0), 4], [np.int64(1), 5, 6, 7], [np.int64(2), 3]]",[0.08233896 2.22651735 0.16119856]
43,-0.28461087349426517,"[[np.int64(0), 3, 4], [np.int64(1), 5, 6, 7], [np.int64(2)]]",[0.16206398 2.22651735 0.07997568]
44,-0.2783954069745356,"[[np.int64(0), np.int64(1), 5, 6, 7], [2, 4], [3]]",[2.26826671 0.1145772  0.07949763]
45,-0.2761959807930632,"[[np.int64(0), np.int64(1), 5, 6, 7], [2], [3, 4]]",[2.26826671 0.07997568 0.11189972]
46,-0.26987965590404706,"[[np.int64(0)], [np.int64(1), 2], [3, 4, 5, 6, 7]]",[0.05946881 0.1934978  2.20085919]
47,-0.2674477157537831,"[[np.int64(0), 2], [np.int64(1)], [3, 4, 5, 6, 7]]",[0.14976569 0.10076897 2.20085919]
48,-0.26692049004346075,"[[np.int64(0), 3], [np.int64(1)], [np.int64(2), 4, 5, 6, 7]]",[0.14933456 0.10076897 2.2007631 ]
49,-0.2661076514409233,"[[np.int64(0)], [np.int64(1), 3], [np.int64(2), 4, 5, 6, 7]]",[0.05946881 0.18982188 2.2007631 ]
50,-0.25784221763383064,"[[np.int64(0), np.int64(1)], [2], [3, 4, 5, 6, 7]]",[0.16095348 0.07997568 2.20085919]
51,-0.25726807969961696,"[[np.int64(0), np.int64(1)], [2, 4, 5, 6, 7], [3]]",[0.16095348 2.2007631  0.07949763]
52,-0.23929850623055682,"[[np.int64(0), np.int64(1), np.int64(2)], [3, 5, 6, 7], [4]]",[0.26400351 2.11669831 0.04254282]
53,-0.23337398780985286,"[[np.int64(0), np.int64(1), 3], [2, 5, 6, 7], [4]]",[0.26037451 2.11440279 0.04254282]
54,-0.22938681573020503,"[[np.int64(0), 3, 4, 5, 6, 7], [np.int64(1)], [np.int64(2)]]",[2.2325883  0.10076897 0.07997568]
55,-0.22876576557210004,"[[np.int64(0), 2, 4, 5, 6, 7], [np.int64(1)], [3]]",[2.2324453  0.10076897 0.07949763]
56,-0.2201945656031601,"[[np.int64(0), 3, 5, 6, 7], [np.int64(1), 2], [4]]",[2.16810008 0.1934978  0.04254282]
57,-0.21553606876831433,"[[np.int64(0), 2], [np.int64(1), 4], [3, 5, 6, 7]]",[0.14976569 0.1330182  2.11669831]
58,-0.21417622273467307,"[[np.int64(0), 2, 5, 6, 7], [np.int64(1), 3], [4]]",[2.16575765 0.18982188 0.04254282]
59,-0.21280941687651955,"[[np.int64(0), 3], [np.int64(1), 4], [np.int64(2), 5, 6, 7]]",[0.14933456 0.1330182  2.11440279]
60,-0.2100267012474597,"[[np.int64(0)], [np.int64(1), 2, 4], [3, 5, 6, 7]]",[0.05946881 0.21780572 2.11669831]
61,-0.20858893206779916,"[[np.int64(0), 4], [np.int64(1), 2], [3, 5, 6, 7]]",[0.08233896 0.1934978  2.11669831]
62,-0.20828285107151912,"[[np.int64(0), np.int64(1)], [2, 4], [3, 5, 6, 7]]",[0.16095348 0.1145772  2.11669831]
63,-0.20330986077436064,"[[np.int64(0), np.int64(1)], [2, 5, 6, 7], [3, 4]]",[0.16095348 2.11440279 0.11189972]
64,-0.202617501423203,"[[np.int64(0), 4], [np.int64(1), 3], [np.int64(2), 5, 6, 7]]",[0.08233896 0.18982188 2.11440279]
65,-0.20185584442139115,"[[np.int64(0)], [np.int64(1), 3, 4], [np.int64(2), 5, 6, 7]]",[0.05946881 0.21193038 2.11440279]
66,-0.19950011411294977,"[[np.int64(0), 3, 5, 6, 7], [np.int64(1)], [np.int64(2), 4]]",[2.16810008 0.10076897 0.1145772 ]
67,-0.19821568424641622,"[[np.int64(0), 2, 4], [np.int64(1)], [3, 5, 6, 7]]",[0.16469454 0.10076897 2.11669831]
68,-0.1971478336897925,"[[np.int64(0), 3, 5, 6, 7], [np.int64(1), 4], [np.int64(2)]]",[2.16810008 0.1330182  0.07997568]
69,-0.1944802115919,"[[np.int64(0), 2, 5, 6, 7], [np.int64(1)], [3, 4]]",[2.16575765 0.10076897 0.11189972]
70,-0.1943273573502151,"[[np.int64(0), 2, 5, 6, 7], [np.int64(1), 4], [3]]",[2.16575765 0.1330182  0.07949763]
71,-0.19328960617314905,"[[np.int64(0), 3, 4], [np.int64(1)], [np.int64(2), 5, 6, 7]]",[0.16206398 0.10076897 2.11440279]
72,-0.18625790570330603,"[[np.int64(0), np.int64(1), 4], [2], [3, 5, 6, 7]]",[0.17353005 0.07997568 2.11669831]
73,-0.1834843415876204,"[[np.int64(0), np.int64(1), 4], [2, 5, 6, 7], [3]]",[0.17353005 2.11440279 0.07949763]
74,-0.18156131557048516,"[[np.int64(0)], [np.int64(1), 2, 4, 5, 6, 7], [3]]",[0.05946881 2.22654101 0.07949763]
75,-0.17893758697578832,"[[np.int64(0)], [np.int64(1), 3, 4, 5, 6, 7], [np.int64(2)]]",[0.05946881 2.22343923 0.07997568]
76,-0.15840553448481653,"[[np.int64(0), 3], [np.int64(1), 2, 5, 6, 7], [4]]",[0.14933456 2.15047429 0.04254282]
77,-0.15793431984770034,"[[np.int64(0), 2], [np.int64(1), 3, 5, 6, 7], [4]]",[0.14976569 2.14957194 0.04254282]
78,-0.14063918050738566,"[[np.int64(0), np.int64(1), np.int64(2), 5, 6, 7], [3], [4]]",[2.20254486 0.07949763 0.04254282]
79,-0.14026179031805297,"[[np.int64(0), np.int64(1), 3, 5, 6, 7], [2], [4]]",[2.20168942 0.07997568 0.04254282]
80,-0.13967180850775396,"[[np.int64(0)], [np.int64(1), 3, 5, 6, 7], [np.int64(2), 4]]",[0.05946881 2.14957194 0.1145772 ]
81,-0.137896684739506,"[[np.int64(0)], [np.int64(1), 2, 5, 6, 7], [3, 4]]",[0.05946881 2.15047429 0.11189972]
82,-0.12836475364704203,"[[np.int64(0), 4], [np.int64(1), 2, 5, 6, 7], [3]]",[0.08233896 2.15047429 0.07949763]
83,-0.12794045123381714,"[[np.int64(0), 4], [np.int64(1), 3, 5, 6, 7], [np.int64(2)]]",[0.08233896 2.14957194 0.07997568]
84,-0.12183149750236177,"[[np.int64(0), np.int64(1), np.int64(2), np.int64(3)], [4, 5, 6], [7]]",[0.36514978 1.422663   0.51796485]
85,-0.10882617202584033,"[[np.int64(0), np.int64(1), np.int64(2), np.int64(3)], [4, 5, 7], [6]]",[0.36514978 1.38607812 0.54154441]
86,-0.10194218121257315,"[[np.int64(0), np.int64(1), np.int64(2), np.int64(3)], [4, 7], [5, 6]]",[0.36514978 0.57644241 1.34429612]
87,-0.09130742505124445,"[[np.int64(0), 2, 3], [np.int64(1), 7], [4, 5, 6]]",[0.24135669 0.61123388 1.422663  ]
88,-0.08990465822505822,"[[np.int64(0), 7], [np.int64(1), 2, 3], [4, 5, 6]]",[0.56691184 0.28427595 1.422663  ]
89,-0.08794501950405209,"[[np.int64(0), 6], [np.int64(1), 2, 3], [4, 5, 7]]",[0.60153708 0.28427595 1.38607812]
90,-0.08622498945762525,"[[np.int64(0), np.int64(1), np.int64(2), np.int64(3)], [4, 6], [5, 7]]",[0.36514978 0.59866603 1.30635531]
91,-0.08213856842712453,"[[np.int64(0)], [np.int64(1)], [np.int64(2), 3, 4, 5, 6, 7]]",[0.05946881 0.10076897 2.10584693]
92,-0.07284047431135532,"[[np.int64(0), 4, 5, 6], [np.int64(1), 2, 3], [7]]",[1.45454581 0.28427595 0.51796485]
93,-0.07262382296662206,"[[np.int64(0), 5, 6], [np.int64(1), 2, 3], [4, 7]]",[1.39585159 0.28427595 0.57644241]
94,-0.065895604365239,"[[np.int64(0), np.int64(1), 3], [2, 7], [4, 5, 6]]",[0.26037451 0.56680423 1.422663  ]
95,-0.061124520667179105,"[[np.int64(0), 2, 3], [np.int64(1), 4, 7], [5, 6]]",[0.24135669 0.65941785 1.34429612]
96,-0.06101833577173821,"[[np.int64(0), 2, 3], [np.int64(1), 6], [4, 5, 7]]",[0.24135669 0.61752967 1.38607812]
97,-0.06087781955230476,"[[np.int64(0), 3], [np.int64(1), 2, 7], [4, 5, 6]]",[0.14933456 0.6728264  1.422663  ]
98,-0.06081199687168981,"[[np.int64(0), np.int64(1), 7], [2, 3], [4, 5, 6]]",[0.66089657 0.16119856 1.422663  ]
99,-0.05819970815063691,"[[np.int64(0), np.int64(1), np.int64(2)], [3, 6], [4, 5, 7]]",[0.26400351 0.59206421 1.38607812]
100,-0.05805478741428649,"[[np.int64(0), 3, 6], [np.int64(1), 2], [4, 5, 7]]",[0.66242501 0.1934978  1.38607812]
101,-0.05461117242558977,"[[np.int64(0), 2, 7], [np.int64(1), 3], [4, 5, 6]]",[0.62607243 0.18982188 1.422663  ]
102,-0.051024798710404884,"[[np.int64(0), np.int64(1), np.int64(2), 7], [3], [4, 5, 6]]",[0.7328103  0.07949763 1.422663  ]
103,-0.050715989466183053,"[[np.int64(0), 2, 3, 5, 6, 7], [np.int64(1)], [4]]",[2.09135033 0.10076897 0.04254282]
104,-0.05034267699021289,"[[np.int64(0), 4, 7], [np.int64(1), 2, 3], [5, 6]]",[0.60571674 0.28427595 1.34429612]
105,-0.04917752275592546,"[[np.int64(0), np.int64(1)], [2, 3, 5, 6, 7], [4]]",[0.16095348 2.02962735 0.04254282]
106,-0.048789462079317225,"[[np.int64(0), 4, 5, 7], [np.int64(1), 2, 3], [6]]",[1.40691524 0.28427595 0.54154441]
107,-0.04586094445615796,"[[np.int64(0), 5, 7], [np.int64(1), 2, 3], [4, 6]]",[1.34686509 0.28427595 0.59866603]
108,-0.04567117199078119,"[[np.int64(0), 4, 6], [np.int64(1), 2, 3], [5, 7]]",[0.63898605 0.28427595 1.30635531]
109,-0.04303210740911201,"[[np.int64(0), 4, 5, 6], [np.int64(1), 7], [np.int64(2), 3]]",[1.45454581 0.61123388 0.16119856]
110,-0.041568594347700216,"[[np.int64(0), np.int64(1), 6], [2, 3], [4, 5, 7]]",[0.67823805 0.16119856 1.38607812]
111,-0.03816822911277473,"[[np.int64(0)], [np.int64(1), 4], [np.int64(2), 3, 5, 6, 7]]",[0.05946881 0.1330182  2.02962735]
112,-0.03806498040433137,"[[np.int64(0), np.int64(1), 3], [2, 4, 7], [5, 6]]",[0.26037451 0.61734049 1.34429612]
113,-0.03795914842253367,"[[np.int64(0), np.int64(1), np.int64(2), np.int64(3), np.int64(4)], [5, 6], [7]]",[0.35964431 1.34429612 0.51796485]
114,-0.032521867970102925,"[[np.int64(0), 5, 6], [np.int64(1), 4, 7], [np.int64(2), 3]]",[1.39585159 0.65941785 0.16119856]
115,-0.030788916838297542,"[[np.int64(0), np.int64(1), 3, 6], [2], [4, 5, 7]]",[0.74868125 0.07997568 1.38607812]
116,-0.029502426476898602,"[[np.int64(0), 2], [np.int64(1), 3, 6], [4, 5, 7]]",[0.14976569 0.67760475 1.38607812]
117,-0.028789152261995188,"[[np.int64(0), 4], [np.int64(1)], [np.int64(2), 3, 5, 6, 7]]",[0.08233896 0.10076897 2.02962735]
118,-0.028313455121638853,"[[np.int64(0), 5, 6], [np.int64(1), 2, 3, 4], [7]]",[1.39585159 0.29844315 0.51796485]
119,-0.028123565109247295,"[[np.int64(0), 2, 3], [np.int64(1), 4, 6], [5, 7]]",[0.24135669 0.66435771 1.30635531]
120,-0.02722578484305993,"[[np.int64(0), 4, 5, 6], [np.int64(1), 3], [np.int64(2), 7]]",[1.45454581 0.18982188 0.56680423]
121,-0.025704974090285493,"[[np.int64(0), 7], [np.int64(1), 2, 3, 4], [5, 6]]",[0.56691184 0.29844315 1.34429612]
122,-0.025457791729830426,"[[np.int64(0), np.int64(1), np.int64(2)], [3, 4, 6], [5, 7]]",[0.26400351 0.63904511 1.30635531]
123,-0.023597889806798555,"[[np.int64(0), np.int64(1), np.int64(2), np.int64(3), np.int64(4)], [5, 7], [6]]",[0.35964431 1.30635531 0.54154441]
124,-0.022923705579000586,"[[np.int64(0), 4, 5, 6], [np.int64(1), 2, 7], [3]]",[1.45454581 0.6728264  0.07949763]
125,-0.022841552564297984,"[[np.int64(0), 2, 3], [np.int64(1), 4, 5, 7], [6]]",[0.24135669 1.4238866  0.54154441]
126,-0.022753607497120854,"[[np.int64(0), 3], [np.int64(1), 2, 4, 7], [5, 6]]",[0.14933456 0.71306907 1.34429612]
127,-0.022389402230067024,"[[np.int64(0), 6], [np.int64(1), 2, 3, 4], [5, 7]]",[0.60153708 0.29844315 1.30635531]
128,-0.02086893899476916,"[[np.int64(0), np.int64(1), np.int64(2)], [3, 7], [4, 5, 6]]",[0.26400351 0.51814856 1.422663  ]
129,-0.019067825827208118,"[[np.int64(0), 5, 6], [np.int64(1), 3], [np.int64(2), 4, 7]]",[1.39585159 0.18982188 0.61734049]
130,-0.018563114237835965,"[[np.int64(0), 2, 3], [np.int64(1), 4, 5, 6], [7]]",[0.24135669 1.44318771 0.51796485]
131,-0.01772866406569218,"[[np.int64(0), 2, 3, 4], [np.int64(1), 7], [5, 6]]",[0.2461448  0.61123388 1.34429612]
132,-0.014471232807061973,"[[np.int64(0), np.int64(1), 3], [2, 6], [4, 5, 7]]",[0.26037451 0.55196474 1.38607812]
133,-0.014232487622928947,"[[np.int64(0), 2, 6], [np.int64(1), 3], [4, 5, 7]]",[0.62227862 0.18982188 1.38607812]
134,-0.010956427542568647,"[[np.int64(0), np.int64(1), 4, 7], [2, 3], [5, 6]]",[0.68940788 0.16119856 1.34429612]
135,-0.010533958090359175,"[[np.int64(0), 2, 3], [np.int64(1), 5, 7], [4, 6]]",[0.24135669 1.35445737 0.59866603]
136,-0.009678331502902537,"[[np.int64(0), 3, 7], [np.int64(1), 2], [4, 5, 6]]",[0.57746367 0.1934978  1.422663  ]
137,-0.009455421124014318,"[[np.int64(0), 2], [np.int64(1), 3, 7], [4, 5, 6]]",[0.14976569 0.62097287 1.422663  ]
138,-0.008967386042322723,"[[np.int64(0), 2, 3], [np.int64(1), 5, 6], [4, 7]]",[0.24135669 1.37511442 0.57644241]
139,-0.008798676313671816,"[[np.int64(0), 5, 6], [np.int64(1), 7], [np.int64(2), 3, 4]]",[1.39585159 0.61123388 0.18565934]
140,-0.008531114096832937,"[[np.int64(0), 4, 5, 7], [np.int64(1), 2], [3, 6]]",[1.40691524 0.1934978  0.59206421]
141,-0.0071078835196263235,"[[np.int64(0), 2, 4, 7], [np.int64(1), 3], [5, 6]]",[0.65693602 0.18982188 1.34429612]
142,-0.006905900831193357,"[[np.int64(0), np.int64(1), 7], [2, 3, 4], [5, 6]]",[0.66089657 0.18565934 1.34429612]
143,-0.005640206048424634,"[[np.int64(0), 3, 4, 6], [np.int64(1), 2], [5, 7]]",[0.68973324 0.1934978  1.30635531]
144,-0.005060010341027432,"[[np.int64(0), np.int64(1), np.int64(2), 7], [3, 4], [5, 6]]",[0.7328103  0.11189972 1.34429612]
145,-0.004472158468872056,"[[np.int64(0), 5, 6], [np.int64(1), 2, 4, 7], [3]]",[1.39585159 0.71306907 0.07949763]
146,-0.003357727002112121,"[[np.int64(0), np.int64(1), np.int64(2)], [3, 4, 5, 6], [7]]",[0.26400351 1.4053355  0.51796485]
147,-0.0029065097503870874,"[[np.int64(0), 5, 7], [np.int64(1), 2, 3, 4], [6]]",[1.34686509 0.29844315 0.54154441]
148,-0.0026761055913846477,"[[np.int64(0), 6], [np.int64(1), 4, 5, 7], [np.int64(2), 3]]",[0.60153708 1.4238866  0.16119856]
149,-0.0026399039928923784,"[[np.int64(0), 3, 6], [np.int64(1), 2, 4], [5, 7]]",[0.66242501 0.21780572 1.30635531]
150,-0.0016973313740900053,"[[np.int64(0), 4, 5, 7], [np.int64(1), 6], [np.int64(2), 3]]",[1.40691524 0.61752967 0.16119856]
151,0.00030377527010294614,"[[np.int64(0), np.int64(1), 3, 7], [2], [4, 5, 6]]",[0.68100368 0.07997568 1.422663  ]
152,0.00164720403806351,"[[np.int64(0), 2, 7], [np.int64(1), 3, 4], [5, 6]]",[0.62607243 0.21193038 1.34429612]
153,0.003368417845321048,"[[np.int64(0), 5, 6], [np.int64(1), 2, 7], [3, 4]]",[1.39585159 0.6728264  0.11189972]
154,0.004538137378917284,"[[np.int64(0), 5, 7], [np.int64(1), 2], [3, 4, 6]]",[1.34686509 0.1934978  0.63904511]
155,0.004759633762128068,"[[np.int64(0), 3, 4], [np.int64(1), 2, 7], [5, 6]]",[0.16206398 0.6728264  1.34429612]
156,0.006390855435085996,"[[np.int64(0), np.int64(1), np.int64(2)], [3, 5, 6], [4, 7]]",[0.26400351 1.33710936 0.57644241]
157,0.006637649895240294,"[[np.int64(0), np.int64(1), np.int64(2), 6], [3], [4, 5, 7]]",[0.71173274 0.07949763 1.38607812]
158,0.006680375988748377,"[[np.int64(0)], [np.int64(1), 2, 3, 5, 6, 7], [4]]",[0.05946881 2.07525413 0.04254282]
159,0.006772078289835282,"[[np.int64(0), np.int64(1), np.int64(2), 4, 7], [3], [5, 6]]",[0.7533803  0.07949763 1.34429612]
160,0.007830315808856625,"[[np.int64(0), 3], [np.int64(1), 2, 6], [4, 5, 7]]",[0.14933456 0.64070315 1.38607812]
161,0.009161111147611312,"[[np.int64(0), np.int64(1), np.int64(2)], [3, 4, 7], [5, 6]]",[0.26400351 0.56648539 1.34429612]
162,0.009359926675537977,"[[np.int64(0), 5, 6], [np.int64(1), 3, 4], [np.int64(2), 7]]",[1.39585159 0.21193038 0.56680423]
163,0.010035437043470097,"[[np.int64(0), np.int64(1), 3, 4], [2, 7], [5, 6]]",[0.26281034 0.56680423 1.34429612]
164,0.010998841259846959,"[[np.int64(0), np.int64(1), 4, 6], [2, 3], [5, 7]]",[0.70539343 0.16119856 1.30635531]
165,0.011524774343345534,"[[np.int64(0), 5, 7], [np.int64(1), 4, 6], [np.int64(2), 3]]",[1.34686509 0.66435771 0.16119856]
166,0.012207253187886735,"[[np.int64(0), 2, 3, 6], [np.int64(1)], [4, 5, 7]]",[0.68489179 0.10076897 1.38607812]
167,0.01264801949059402,"[[np.int64(0), 7], [np.int64(1), 4, 5, 6], [np.int64(2), 3]]",[0.56691184 1.44318771 0.16119856]
168,0.013533078038184154,"[[np.int64(0), 2], [np.int64(1), 3, 4, 6], [5, 7]]",[0.14976569 0.71429206 1.30635531]
169,0.013693434832009022,"[[np.int64(0), np.int64(1), 6], [2, 3, 4], [5, 7]]",[0.67823805 0.18565934 1.30635531]
170,0.013916358353026403,"[[np.int64(0), 2, 3, 4], [np.int64(1), 6], [5, 7]]",[0.2461448  0.61752967 1.30635531]
171,0.014332378488820297,"[[np.int64(0), np.int64(1), 3, 6], [2, 4], [5, 7]]",[0.74868125 0.1145772  1.30635531]
172,0.014972981895599702,"[[np.int64(0), 3, 5, 6], [np.int64(1), 2], [4, 7]]",[1.39903295 0.1934978  0.57644241]
173,0.01607125743227167,"[[np.int64(0), np.int64(1), 3], [2, 4, 6], [5, 7]]",[0.26037451 0.60114506 1.30635531]
174,0.01688784021581302,"[[np.int64(0), np.int64(1), np.int64(2), 4], [3, 6], [5, 7]]",[0.26863877 0.59206421 1.30635531]
175,0.017523693095975013,"[[np.int64(0)], [np.int64(1), 2, 3, 7], [4, 5, 6]]",[0.05946881 0.68429064 1.422663  ]
176,0.01761106815882396,"[[np.int64(0), 2], [np.int64(1), 7], [3, 4, 5, 6]]",[0.14976569 0.61123388 1.4053355 ]
177,0.017658849208199268,"[[np.int64(0), 3, 6], [np.int64(1), 4, 5, 7], [np.int64(2)]]",[0.66242501 1.4238866  0.07997568]
178,0.017753968303519052,"[[np.int64(0), 4, 5, 6], [np.int64(1), 2], [3, 7]]",[1.45454581 0.1934978  0.51814856]
179,0.018200996382473633,"[[np.int64(0), 7], [np.int64(1), 2], [3, 4, 5, 6]]",[0.56691184 0.1934978  1.4053355 ]
180,0.01822963402072375,"[[np.int64(0), 2], [np.int64(1), 4, 5, 7], [3, 6]]",[0.14976569 1.4238866  0.59206421]
181,0.018919561105878557,"[[np.int64(0), np.int64(1), 5, 6], [2, 3], [4, 7]]",[1.4273856  0.16119856 0.57644241]
182,0.019450462028030913,"[[np.int64(0), 4, 5, 7], [np.int64(1), 3, 6], [np.int64(2)]]",[1.40691524 0.67760475 0.07997568]
183,0.02216466301761555,"[[np.int64(0), 2, 3, 7], [np.int64(1)], [4, 5, 6]]",[0.6383495  0.10076897 1.422663  ]
184,0.023131264307475696,"[[np.int64(0), np.int64(1), 3], [2, 4, 5, 7], [6]]",[0.26037451 1.35889596 0.54154441]
185,0.024619635080195046,"[[np.int64(0), 3], [np.int64(1), 4, 5, 6], [np.int64(2), 7]]",[0.14933456 1.44318771 0.56680423]
186,0.024897064403457847,"[[np.int64(0), 3, 4, 5, 6], [np.int64(1), 2], [7]]",[1.44758642 0.1934978  0.51796485]
187,0.027211104379505358,"[[np.int64(0), 5, 7], [np.int64(1), 2, 4], [3, 6]]",[1.34686509 0.21780572 0.59206421]
188,0.028111353500843705,"[[np.int64(0), 5, 6], [np.int64(1), 2], [3, 4, 7]]",[1.39585159 0.1934978  0.56648539]
189,0.028398675813358754,"[[np.int64(0), np.int64(1), 5, 7], [2, 3], [4, 6]]",[1.39568287 0.16119856 0.59866603]
190,0.028451780625398992,"[[np.int64(0), 4, 5, 6], [np.int64(1), 3, 7], [np.int64(2)]]",[1.45454581 0.62097287 0.07997568]
191,0.028996497855421577,"[[np.int64(0), np.int64(1), 4, 5, 6], [2, 3], [7]]",[1.47578623 0.16119856 0.51796485]
192,0.02930415382760998,"[[np.int64(0), 4, 6], [np.int64(1), 5, 7], [np.int64(2), 3]]",[0.63898605 1.35445737 0.16119856]
193,0.030868217112641982,"[[np.int64(0), 2], [np.int64(1), 3, 4, 7], [5, 6]]",[0.14976569 0.65901611 1.34429612]
194,0.031616462863403694,"[[np.int64(0), np.int64(1)], [2, 3, 7], [4, 5, 6]]",[0.16095348 0.56871319 1.422663  ]
195,0.03191925262184103,"[[np.int64(0), np.int64(1), 3, 4, 6], [2], [5, 7]]",[0.76569589 0.07997568 1.30635531]
196,0.032704739789191084,"[[np.int64(0), np.int64(1)], [2, 3, 6], [4, 5, 7]]",[0.16095348 0.6042098  1.38607812]
197,0.03369121316043655,"[[np.int64(0), 6], [np.int64(1), 3], [np.int64(2), 4, 5, 7]]",[0.60153708 0.18982188 1.35889596]
198,0.033892032860563415,"[[np.int64(0), 5, 7], [np.int64(1), 6], [np.int64(2), 3, 4]]",[1.34686509 0.61752967 0.18565934]
199,0.035188361470970264,"[[np.int64(0), 2, 7], [np.int64(1), 4, 5, 6], [3]]",[0.62607243 1.44318771 0.07949763]
200,0.0352442734706333,"[[np.int64(0), 4, 5, 7], [np.int64(1), 3], [np.int64(2), 6]]",[1.40691524 0.18982188 0.55196474]
201,0.0352915337952755,"[[np.int64(0), 2, 4], [np.int64(1), 3, 6], [5, 7]]",[0.16469454 0.67760475 1.30635531]
202,0.035763746284476206,"[[np.int64(0), np.int64(1), 4, 5, 7], [2, 3], [6]]",[1.44543942 0.16119856 0.54154441]
203,0.035895733824746756,"[[np.int64(0)], [np.int64(1), 2, 3, 6], [4, 5, 7]]",[0.05946881 0.70250348 1.38607812]
204,0.03593915638145173,"[[np.int64(0), np.int64(1), np.int64(2), np.int64(3)], [4, 6, 7], [5]]",[0.36514978 1.23398519 0.548872  ]
205,0.03598266756146051,"[[np.int64(0), 2, 4, 6], [np.int64(1), 3], [5, 7]]",[0.65178628 0.18982188 1.30635531]
206,0.03765323869029835,"[[np.int64(0), 2], [np.int64(1), 4, 7], [3, 5, 6]]",[0.14976569 0.65941785 1.33710936]
207,0.03773838044566036,"[[np.int64(0), np.int64(1), 7], [2], [3, 4, 5, 6]]",[0.66089657 0.07997568 1.4053355 ]
208,0.03779113920457222,"[[np.int64(0), np.int64(1), 3], [2, 5, 7], [4, 6]]",[0.26037451 1.28711445 0.59866603]
209,0.04002438358453375,"[[np.int64(0), 3, 4, 7], [np.int64(1), 2], [5, 6]]",[0.60612783 0.1934978  1.34429612]
210,0.040677962347253516,"[[np.int64(0), 2], [np.int64(1), 5, 7], [3, 4, 6]]",[0.14976569 1.35445737 0.63904511]
211,0.04179955346619124,"[[np.int64(0), 2, 3, 4], [np.int64(1), 5, 7], [6]]",[0.2461448  1.35445737 0.54154441]
212,0.04191641263116219,"[[np.int64(0), 4, 7], [np.int64(1), 5, 6], [np.int64(2), 3]]",[0.60571674 1.37511442 0.16119856]
213,0.042156670946826846,"[[np.int64(0), 3], [np.int64(1), 5, 6], [np.int64(2), 4, 7]]",[0.14933456 1.37511442 0.61734049]
214,0.042292335494048316,"[[np.int64(0), 6], [np.int64(1), 5, 7], [np.int64(2), 3, 4]]",[0.60153708 1.35445737 0.18565934]
215,0.04246453666922401,"[[np.int64(0), np.int64(1), np.int64(2), np.int64(3), 7], [4], [5, 6]]",[0.75464266 0.04254282 1.34429612]
216,0.04281330159805785,"[[np.int64(0), 5, 7], [np.int64(1), 3, 4, 6], [np.int64(2)]]",[1.34686509 0.71429206 0.07997568]
217,0.04338182197993756,"[[np.int64(0), 2, 6], [np.int64(1), 3, 4], [5, 7]]",[0.62227862 0.21193038 1.30635531]
218,0.044069137458008,"[[np.int64(0), np.int64(1), 3, 7], [2, 4], [5, 6]]",[0.68100368 0.1145772  1.34429612]
219,0.04438061877927879,"[[np.int64(0), 3, 7], [np.int64(1), 2, 4], [5, 6]]",[0.57746367 0.21780572 1.34429612]
220,0.04472205865344003,"[[np.int64(0), 2, 3, 4], [np.int64(1), 5, 6], [7]]",[0.2461448  1.37511442 0.51796485]
221,0.04489909241009338,"[[np.int64(0), 5, 7], [np.int64(1), 3, 6], [np.int64(2), 4]]",[1.34686509 0.67760475 0.1145772 ]
222,0.04515015401551903,"[[np.int64(0), 3, 4, 5, 6], [np.int64(1), 7], [np.int64(2)]]",[1.44758642 0.61123388 0.07997568]
223,0.04520745026723105,"[[np.int64(0), np.int64(1), np.int64(2), np.int64(3)], [4, 5], [6, 7]]",[0.36514978 0.61266008 1.16092882]
224,0.04551965960193716,"[[np.int64(0), 3, 5, 6], [np.int64(1), 4, 7], [np.int64(2)]]",[1.39903295 0.65941785 0.07997568]
225,0.04611409876491113,"[[np.int64(0), 5, 7], [np.int64(1), 3], [np.int64(2), 4, 6]]",[1.34686509 0.18982188 0.60114506]
226,0.04631542801828825,"[[np.int64(0)], [np.int64(1), 2, 7], [3, 4, 5, 6]]",[0.05946881 0.6728264  1.4053355 ]
227,0.047622243764727124,"[[np.int64(0), 4, 7], [np.int64(1), 2], [3, 5, 6]]",[0.60571674 0.1934978  1.33710936]
228,0.048544984912609834,"[[np.int64(0), np.int64(1), 3], [2, 4, 5, 6], [7]]",[0.26037451 1.35706179 0.51796485]
229,0.04866639414246654,"[[np.int64(0), 3], [np.int64(1), 2, 4, 6], [5, 7]]",[0.14933456 0.67958988 1.30635531]
230,0.049102753916999475,"[[np.int64(0), 5, 6], [np.int64(1), 3, 4, 7], [np.int64(2)]]",[1.39585159 0.65901611 0.07997568]
231,0.049142615887991514,"[[np.int64(0), 3, 5, 6], [np.int64(1), 2, 4], [7]]",[1.39903295 0.21780572 0.51796485]
232,0.050852920495536136,"[[np.int64(0), np.int64(1)], [2, 7], [3, 4, 5, 6]]",[0.16095348 0.56680423 1.4053355 ]
233,0.05114682378169233,"[[np.int64(0), np.int64(1), np.int64(2), np.int64(3), 6], [4], [5, 7]]",[0.78390118 0.04254282 1.30635531]
234,0.051769236542466235,"[[np.int64(0), 2, 7], [np.int64(1)], [3, 4, 5, 6]]",[0.62607243 0.10076897 1.4053355 ]
235,0.05214025364064456,"[[np.int64(0), 5, 6], [np.int64(1), 2, 4], [3, 7]]",[1.39585159 0.21780572 0.51814856]
236,0.05248655644104083,"[[np.int64(0), 3, 6], [np.int64(1), 5, 7], [np.int64(2), 4]]",[0.66242501 1.35445737 0.1145772 ]
237,0.05254447786824823,"[[np.int64(0), 5, 6], [np.int64(1), 3, 7], [np.int64(2), 4]]",[1.39585159 0.62097287 0.1145772 ]
238,0.05286267623246799,"[[np.int64(0), np.int64(1), np.int64(2), 4], [3, 7], [5, 6]]",[0.26863877 0.51814856 1.34429612]
239,0.05293634085658594,"[[np.int64(0), np.int64(1), 5, 6], [2, 3, 4], [7]]",[1.4273856  0.18565934 0.51796485]
240,0.05395837140383053,"[[np.int64(0), np.int64(1), np.int64(2), 6], [3, 4], [5, 7]]",[0.71173274 0.11189972 1.30635531]
241,0.053982606008946554,"[[np.int64(0), 2, 4], [np.int64(1), 3, 7], [5, 6]]",[0.16469454 0.62097287 1.34429612]
242,0.056260527436813756,"[[np.int64(0), 7], [np.int64(1), 5, 6], [np.int64(2), 3, 4]]",[0.56691184 1.37511442 0.18565934]
243,0.056830116537677,"[[np.int64(0), 4, 5, 7], [np.int64(1), 2, 6], [3]]",[1.40691524 0.64070315 0.07949763]
244,0.0575127768683843,"[[np.int64(0), 2, 5, 7], [np.int64(1), 3], [4, 6]]",[1.33794544 0.18982188 0.59866603]
245,0.058185956742486056,"[[np.int64(0), 3], [np.int64(1), 6], [np.int64(2), 4, 5, 7]]",[0.14933456 0.61752967 1.35889596]
246,0.058283282470646736,"[[np.int64(0), 2, 6], [np.int64(1), 4, 5, 7], [3]]",[0.62227862 1.4238866  0.07949763]
247,0.05876024283538861,"[[np.int64(0), 3], [np.int64(1), 4, 5, 7], [np.int64(2), 6]]",[0.14933456 1.4238866  0.55196474]
248,0.059102117405776866,"[[np.int64(0), 3, 5, 6], [np.int64(1), 7], [np.int64(2), 4]]",[1.39903295 0.61123388 0.1145772 ]
249,0.05968082893816229,"[[np.int64(0), 2, 3, 6], [np.int64(1), 4], [5, 7]]",[0.68489179 0.1330182  1.30635531]
250,0.05972241442620074,"[[np.int64(0), np.int64(1), 5, 6], [2, 4, 7], [3]]",[1.4273856  0.61734049 0.07949763]
251,0.059779842479785295,"[[np.int64(0), 3, 4, 6], [np.int64(1), 5, 7], [np.int64(2)]]",[0.68973324 1.35445737 0.07997568]
252,0.05991816649286408,"[[np.int64(0), 4, 5, 6], [np.int64(1)], [np.int64(2), 3, 7]]",[1.45454581 0.10076897 0.56871319]
253,0.059983693106800295,"[[np.int64(0), np.int64(1), np.int64(2)], [3, 4, 5, 7], [6]]",[0.26400351 1.31841452 0.54154441]
254,0.060233154372534514,"[[np.int64(0), np.int64(1), np.int64(2), 4], [3, 5, 6], [7]]",[0.26863877 1.33710936 0.51796485]
255,0.060300078451815065,"[[np.int64(0), np.int64(1), 3, 4, 7], [2], [5, 6]]",[0.69937425 0.07997568 1.34429612]
256,0.06049299353128035,"[[np.int64(0), np.int64(1), 3], [2, 5, 6], [4, 7]]",[0.26037451 1.28663622 0.57644241]
257,0.06105952242485291,"[[np.int64(0), np.int64(1), 5, 7], [2, 3, 4], [6]]",[1.39568287 0.18565934 0.54154441]
258,0.06126108074829162,"[[np.int64(0), 5, 6], [np.int64(1), 2, 3, 7], [4]]",[1.39585159 0.68429064 0.04254282]
259,0.06185619961072719,"[[np.int64(0), 3, 6], [np.int64(1)], [np.int64(2), 4, 5, 7]]",[0.66242501 0.10076897 1.35889596]
260,0.06185804350462476,"[[np.int64(0), np.int64(1), 4, 5, 6], [2, 7], [3]]",[1.47578623 0.56680423 0.07949763]
261,0.06211921281206356,"[[np.int64(0), 7], [np.int64(1), 2, 4], [3, 5, 6]]",[0.56691184 0.21780572 1.33710936]
262,0.06252556691634403,"[[np.int64(0), 2, 4, 5, 7], [np.int64(1), 3], [6]]",[1.39005428 0.18982188 0.54154441]
263,0.06281574174086035,"[[np.int64(0), np.int64(1), 3, 4], [2, 6], [5, 7]]",[0.26281034 0.55196474 1.30635531]
264,0.06578138721603555,"[[np.int64(0), 5], [np.int64(1), 2, 3], [4, 6, 7]]",[0.59990361 0.28427595 1.23398519]
265,0.06578863900375076,"[[np.int64(0)], [np.int64(1), 2, 3, 4, 7], [5, 6]]",[0.05946881 0.71439257 1.34429612]
266,0.06631591354463584,"[[np.int64(0), 3], [np.int64(1), 7], [np.int64(2), 4, 5, 6]]",[0.14933456 0.61123388 1.35706179]
267,0.06646681697677881,"[[np.int64(0), np.int64(1), 4, 5, 7], [2], [3, 6]]",[1.44543942 0.07997568 0.59206421]
268,0.06680373339553869,"[[np.int64(0), 3, 5, 6], [np.int64(1)], [np.int64(2), 4, 7]]",[1.39903295 0.10076897 0.61734049]
269,0.06714639317390603,"[[np.int64(0), np.int64(1), np.int64(2), 4, 6], [3], [5, 7]]",[0.7309468  0.07949763 1.30635531]
270,0.06731449449769711,"[[np.int64(0), np.int64(1), 6], [2, 4, 5, 7], [3]]",[0.67823805 1.35889596 0.07949763]
271,0.06802375300258845,"[[np.int64(0), 4, 6], [np.int64(1), 3], [np.int64(2), 5, 7]]",[0.63898605 0.18982188 1.28711445]
272,0.06828230562867788,"[[np.int64(0), 2, 3, 7], [np.int64(1), 4], [5, 6]]",[0.6383495  0.1330182  1.34429612]
273,0.06854281060385237,"[[np.int64(0), np.int64(1)], [2, 4, 7], [3, 5, 6]]",[0.16095348 0.61734049 1.33710936]
274,0.06878650823227783,"[[np.int64(0), 3, 4, 5, 6], [np.int64(1)], [np.int64(2), 7]]",[1.44758642 0.10076897 0.56680423]
275,0.06916894443957577,"[[np.int64(0), 2, 5, 6], [np.int64(1), 3], [4, 7]]",[1.3485129  0.18982188 0.57644241]
276,0.06924248035825276,"[[np.int64(0), np.int64(1), 5, 7], [2], [3, 4, 6]]",[1.39568287 0.07997568 0.63904511]
277,0.06954396592529521,"[[np.int64(0), 3, 5, 6], [np.int64(1), 2, 7], [4]]",[1.39903295 0.6728264  0.04254282]
278,0.06958782067690272,"[[np.int64(0), np.int64(1)], [2, 3, 4, 7], [5, 6]]",[0.16095348 0.60910871 1.34429612]
279,0.070150620521086,"[[np.int64(0), 7], [np.int64(1), 3], [np.int64(2), 4, 5, 6]]",[0.56691184 0.18982188 1.35706179]
280,0.0704967297358694,"[[np.int64(0), 6], [np.int64(1), 2], [3, 4, 5, 7]]",[0.60153708 0.1934978  1.31841452]
281,0.070859561746071,"[[np.int64(0), 2, 7], [np.int64(1), 5, 6], [3, 4]]",[0.62607243 1.37511442 0.11189972]
282,0.07090836143919388,"[[np.int64(0), 2, 4], [np.int64(1), 7], [3, 5, 6]]",[0.16469454 0.61123388 1.33710936]
283,0.07136300878097401,"[[np.int64(0), np.int64(1), 7], [2, 4], [3, 5, 6]]",[0.66089657 0.1145772  1.33710936]
284,0.07148365363166542,"[[np.int64(0), np.int64(1), np.int64(2), 7], [3, 5, 6], [4]]",[0.7328103  1.33710936 0.04254282]
285,0.0720324825432046,"[[np.int64(0), np.int64(1)], [2, 4, 5, 7], [3, 6]]",[0.16095348 1.35889596 0.59206421]
286,0.07205213017416767,"[[np.int64(0), 4, 5, 7], [np.int64(1)], [np.int64(2), 3, 6]]",[1.40691524 0.10076897 0.6042098 ]
287,0.072398062282657,"[[np.int64(0), 2, 4, 7], [np.int64(1), 5, 6], [3]]",[0.65693602 1.37511442 0.07949763]
288,0.07244414182242398,"[[np.int64(0), np.int64(1), np.int64(2)], [3, 5, 7], [4, 6]]",[0.26400351 1.24883245 0.59866603]
289,0.07256314222486804,"[[np.int64(0), 2, 3, 4, 6], [np.int64(1)], [5, 7]]",[0.70425872 0.10076897 1.30635531]
290,0.07273000619862113,"[[np.int64(0), 2, 4], [np.int64(1), 5, 7], [3, 6]]",[0.16469454 1.35445737 0.59206421]
291,0.07284416697957585,"[[np.int64(0), 2], [np.int64(1), 4, 5, 6], [3, 7]]",[0.14976569 1.44318771 0.51814856]
292,0.07302041255781688,"[[np.int64(0), 4], [np.int64(1), 2, 3, 7], [5, 6]]",[0.08233896 0.68429064 1.34429612]
293,0.073185918128444,"[[np.int64(0), 5, 7], [np.int64(1), 3, 4], [np.int64(2), 6]]",[1.34686509 0.21193038 0.55196474]
294,0.07338796388111613,"[[np.int64(0), np.int64(1)], [2, 3, 4, 6], [5, 7]]",[0.16095348 0.64324938 1.30635531]
295,0.07429890622088164,"[[np.int64(0)], [np.int64(1), 2, 4, 7], [3, 5, 6]]",[0.05946881 0.71306907 1.33710936]
296,0.07482370226250268,"[[np.int64(0), 3, 4], [np.int64(1), 2, 6], [5, 7]]",[0.16206398 0.64070315 1.30635531]
297,0.07661041695590187,"[[np.int64(0), 6, 7], [np.int64(1), 2, 3], [4, 5]]",[1.21039969 0.28427595 0.61266008]
298,0.07689360076596152,"[[np.int64(0), 2, 4, 5, 6], [np.int64(1), 3], [7]]",[1.3992658  0.18982188 0.51796485]
299,0.07745321592219012,"[[np.int64(0), np.int64(1), 4, 7], [2], [3, 5, 6]]",[0.68940788 0.07997568 1.33710936]
300,0.07785657883467101,"[[np.int64(0), np.int64(1), 5, 6], [2, 7], [3, 4]]",[1.4273856  0.56680423 0.11189972]
301,0.07799352992623154,"[[np.int64(0), 5, 7], [np.int64(1), 2, 4, 6], [3]]",[1.34686509 0.67958988 0.07949763]
302,0.07821685936130818,"[[np.int64(0), 5, 6], [np.int64(1)], [np.int64(2), 3, 4, 7]]",[1.39585159 0.10076897 0.60910871]
303,0.07900914498044598,"[[np.int64(0), 3], [np.int64(1), 5, 7], [np.int64(2), 4, 6]]",[0.14933456 1.35445737 0.60114506]
304,0.07980868577617084,"[[np.int64(0), 2, 3, 4, 7], [np.int64(1)], [5, 6]]",[0.65907236 0.10076897 1.34429612]
305,0.07996350030035249,"[[np.int64(0), 3, 4], [np.int64(1), 5, 6], [np.int64(2), 7]]",[0.16206398 1.37511442 0.56680423]
306,0.08025509602497305,"[[np.int64(0), 2], [np.int64(1), 3, 5, 6], [4, 7]]",[0.14976569 1.37748294 0.57644241]
307,0.0808001016820512,"[[np.int64(0), 2], [np.int64(1), 3, 4, 5, 6], [7]]",[0.14976569 1.43541549 0.51796485]
308,0.08162185926456456,"[[np.int64(0), np.int64(1), 5, 7], [2, 4], [3, 6]]",[1.39568287 0.1145772  0.59206421]
309,0.08313941973385841,"[[np.int64(0), 3], [np.int64(1), 4, 6], [np.int64(2), 5, 7]]",[0.14933456 0.66435771 1.28711445]
310,0.08331906892256757,"[[np.int64(0), 3, 7], [np.int64(1), 4, 5, 6], [np.int64(2)]]",[0.57746367 1.44318771 0.07997568]
311,0.08336421509218406,"[[np.int64(0), 6], [np.int64(1), 3, 4], [np.int64(2), 5, 7]]",[0.60153708 0.21193038 1.28711445]
312,0.0836095961308354,"[[np.int64(0), 3], [np.int64(1), 2, 4, 5, 7], [6]]",[0.14933456 1.40945758 0.54154441]
313,0.08447817310121186,"[[np.int64(0), 5, 7], [np.int64(1), 2, 6], [3, 4]]",[1.34686509 0.64070315 0.11189972]
314,0.08509075204569339,"[[np.int64(0), 3, 5, 6], [np.int64(1), 4], [np.int64(2), 7]]",[1.39903295 0.1330182  0.56680423]
315,0.08636314415887103,"[[np.int64(0), 5, 6], [np.int64(1), 4], [np.int64(2), 3, 7]]",[1.39585159 0.1330182  0.56871319]
316,0.08649013805536265,"[[np.int64(0), np.int64(1), 7], [2, 4, 5, 6], [3]]",[0.66089657 1.35706179 0.07949763]
317,0.08687254601094807,"[[np.int64(0)], [np.int64(1), 2, 3, 4, 6], [5, 7]]",[0.05946881 0.73124948 1.30635531]
318,0.08701478801517881,"[[np.int64(0), 4, 6, 7], [np.int64(1), 2, 3], [5]]",[1.26378339 0.28427595 0.548872  ]
319,0.0874058113877374,"[[np.int64(0), np.int64(1), 3, 5, 6], [2], [4, 7]]",[1.44012223 0.07997568 0.57644241]
320,0.0877461453009376,"[[np.int64(0), 2, 7], [np.int64(1), 4], [3, 5, 6]]",[0.62607243 0.1330182  1.33710936]
321,0.08797588293365521,"[[np.int64(0), 3], [np.int64(1), 2, 5, 7], [4, 6]]",[0.14933456 1.34796966 0.59866603]
322,0.08797662039785115,"[[np.int64(0)], [np.int64(1), 3, 6], [np.int64(2), 4, 5, 7]]",[0.05946881 0.67760475 1.35889596]
323,0.08855751025758218,"[[np.int64(0), 3], [np.int64(1), 4, 7], [np.int64(2), 5, 6]]",[0.14933456 0.65941785 1.28663622]
324,0.08913179159583873,"[[np.int64(0), 2, 4, 7], [np.int64(1)], [3, 5, 6]]",[0.65693602 0.10076897 1.33710936]
325,0.09167141362753961,"[[np.int64(0), 4], [np.int64(1), 2, 7], [3, 5, 6]]",[0.08233896 0.6728264  1.33710936]
326,0.09203474137179235,"[[np.int64(0), 5, 7], [np.int64(1), 2, 3, 6], [4]]",[1.34686509 0.70250348 0.04254282]
327,0.09207195503845345,"[[np.int64(0), 3, 5, 7], [np.int64(1), 2], [4, 6]]",[1.29971035 0.1934978  0.59866603]
328,0.09247693118427947,"[[np.int64(0), np.int64(1), 3, 4], [2, 5, 7], [6]]",[0.26281034 1.28711445 0.54154441]
329,0.09252590390303617,"[[np.int64(0), 2, 5, 7], [np.int64(1), 3, 4], [6]]",[1.33794544 0.21193038 0.54154441]
330,0.0925806290276796,"[[np.int64(0), 2], [np.int64(1), 5, 6], [3, 4, 7]]",[0.14976569 1.37511442 0.56648539]
331,0.09274838642580141,"[[np.int64(0), 4], [np.int64(1), 2, 3, 6], [5, 7]]",[0.08233896 0.70250348 1.30635531]
332,0.09306268932103734,"[[np.int64(0), 5, 7], [np.int64(1)], [np.int64(2), 3, 4, 6]]",[1.34686509 0.10076897 0.64324938]
333,0.09345383943492092,"[[np.int64(0), 6], [np.int64(1), 2, 4, 5, 7], [3]]",[0.60153708 1.40945758 0.07949763]
334,0.09394882384911307,"[[np.int64(0), 2, 4, 5, 6], [np.int64(1), 7], [3]]",[1.3992658  0.61123388 0.07949763]
335,0.09472234604687069,"[[np.int64(0), 4, 5], [np.int64(1), 2, 3], [6, 7]]",[0.64401901 0.28427595 1.16092882]
336,0.09531041588496114,"[[np.int64(0), 2, 6], [np.int64(1), 5, 7], [3, 4]]",[0.62227862 1.35445737 0.11189972]
337,0.09638093814145998,"[[np.int64(0)], [np.int64(1), 4, 5, 7], [np.int64(2), 3, 6]]",[0.05946881 1.4238866  0.6042098 ]
338,0.09651775561700404,"[[np.int64(0), 2, 5, 6], [np.int64(1), 4, 7], [3]]",[1.3485129  0.65941785 0.07949763]
339,0.09683309129289164,"[[np.int64(0), np.int64(1)], [2, 5, 7], [3, 4, 6]]",[0.16095348 1.28711445 0.63904511]
340,0.09686455380247949,"[[np.int64(0), 2, 4, 5, 7], [np.int64(1), 6], [3]]",[1.39005428 0.61752967 0.07949763]
341,0.09740677041952228,"[[np.int64(0), np.int64(1), 4], [2, 3, 7], [5, 6]]",[0.17353005 0.56871319 1.34429612]
342,0.09820484956075992,"[[np.int64(0), 2, 4, 6], [np.int64(1), 5, 7], [3]]",[0.65178628 1.35445737 0.07949763]
343,0.09823625207071984,"[[np.int64(0), 2], [np.int64(1), 6], [3, 4, 5, 7]]",[0.14976569 0.61752967 1.31841452]
344,0.09928417126788514,"[[np.int64(0), 3, 4, 5, 7], [np.int64(1), 2], [6]]",[1.34961976 0.1934978  0.54154441]
345,0.09985098048452246,"[[np.int64(0), np.int64(1), 4], [2, 3, 6], [5, 7]]",[0.17353005 0.6042098  1.30635531]
346,0.09985304097938785,"[[np.int64(0), 5, 7], [np.int64(1), 4], [np.int64(2), 3, 6]]",[1.34686509 0.1330182  0.6042098 ]
347,0.10051523231430215,"[[np.int64(0), 2, 3], [np.int64(1), 6, 7], [4, 5]]",[0.24135669 1.22941414 0.61266008]
348,0.1010586692593538,"[[np.int64(0), 2, 4, 5, 7], [np.int64(1)], [3, 6]]",[1.39005428 0.10076897 0.59206421]
349,0.10138846768988374,"[[np.int64(0), 3, 6], [np.int64(1), 4], [np.int64(2), 5, 7]]",[0.66242501 0.1330182  1.28711445]
350,0.10154052652279955,"[[np.int64(0), 2, 3], [np.int64(1), 4, 6, 7], [5]]",[0.24135669 1.29217692 0.548872  ]
351,0.10164311951776206,"[[np.int64(0), 7], [np.int64(1), 3, 4, 5, 6], [np.int64(2)]]",[0.56691184 1.43541549 0.07997568]
352,0.10177129408481234,"[[np.int64(0), 4, 7], [np.int64(1), 3], [np.int64(2), 5, 6]]",[0.60571674 0.18982188 1.28663622]
353,0.10205414555300463,"[[np.int64(0), 2, 3, 6], [np.int64(1), 5, 7], [4]]",[0.68489179 1.35445737 0.04254282]
354,0.10214535184879647,"[[np.int64(0), 2, 5, 7], [np.int64(1), 4, 6], [3]]",[1.33794544 0.66435771 0.07949763]
355,0.10262984339654846,"[[np.int64(0), 4, 6], [np.int64(1), 2], [3, 5, 7]]",[0.63898605 0.1934978  1.24883245]
356,0.10413024195574794,"[[np.int64(0), 2, 3], [np.int64(1), 5], [4, 6, 7]]",[0.24135669 0.60447402 1.23398519]
357,0.10553800461344043,"[[np.int64(0), 2, 5, 6], [np.int64(1), 3, 4], [7]]",[1.3485129  0.21193038 0.51796485]
358,0.1056076063525051,"[[np.int64(0), np.int64(1), 3, 6], [2, 5, 7], [4]]",[0.74868125 1.28711445 0.04254282]
359,0.10618661306398547,"[[np.int64(0), 2, 5, 7], [np.int64(1)], [3, 4, 6]]",[1.33794544 0.10076897 0.63904511]
360,0.10626610949971838,"[[np.int64(0), np.int64(1), np.int64(2), 5, 7], [3], [4, 6]]",[1.39951636 0.07949763 0.59866603]
361,0.10632947330547049,"[[np.int64(0), 3, 4, 6], [np.int64(1)], [np.int64(2), 5, 7]]",[0.68973324 0.10076897 1.28711445]
362,0.10650249419906288,"[[np.int64(0), np.int64(1), 4], [2, 7], [3, 5, 6]]",[0.17353005 0.56680423 1.33710936]
363,0.10669390833516879,"[[np.int64(0), np.int64(1), 6], [2, 5, 7], [3, 4]]",[0.67823805 1.28711445 0.11189972]
364,0.10704433801533497,"[[np.int64(0), np.int64(1), 4, 5, 7], [2, 6], [3]]",[1.44543942 0.55196474 0.07949763]
365,0.10731787760203959,"[[np.int64(0), np.int64(1), 6], [2], [3, 4, 5, 7]]",[0.67823805 0.07997568 1.31841452]
366,0.10762057521533652,"[[np.int64(0), np.int64(1), 5, 7], [2, 4, 6], [3]]",[1.39568287 0.60114506 0.07949763]
367,0.10762348198987137,"[[np.int64(0), np.int64(1), 3, 4, 5, 6], [2], [7]]",[1.47838212 0.07997568 0.51796485]
368,0.11003566318011426,"[[np.int64(0), np.int64(1), 4, 5, 6], [2], [3, 7]]",[1.47578623 0.07997568 0.51814856]
369,0.11009946028316264,"[[np.int64(0), np.int64(1), 5, 6], [2], [3, 4, 7]]",[1.4273856  0.07997568 0.56648539]
370,0.11128185728585294,"[[np.int64(0), np.int64(1), 3, 5, 6], [2, 4], [7]]",[1.44012223 0.1145772  0.51796485]
371,0.11194062243412528,"[[np.int64(0), np.int64(1), 4, 6], [2, 5, 7], [3]]",[0.70539343 1.28711445 0.07949763]
372,0.11229963960231615,"[[np.int64(0), 2, 5, 6], [np.int64(1), 7], [3, 4]]",[1.3485129  0.61123388 0.11189972]
373,0.11257642501865694,"[[np.int64(0)], [np.int64(1), 4, 5, 6], [np.int64(2), 3, 7]]",[0.05946881 1.44318771 0.56871319]
374,0.1145009942592754,"[[np.int64(0), np.int64(1), np.int64(2), np.int64(3), np.int64(4)], [5], [6, 7]]",[0.35964431 0.548872   1.16092882]
375,0.11529436797628279,"[[np.int64(0), np.int64(1), np.int64(2)], [3, 5], [4, 6, 7]]",[0.26400351 0.57066307 1.23398519]
376,0.11546004119475839,"[[np.int64(0), 3, 4], [np.int64(1), 5, 7], [np.int64(2), 6]]",[0.16206398 1.35445737 0.55196474]
377,0.11577087930467211,"[[np.int64(0), 6], [np.int64(1), 2, 4], [3, 5, 7]]",[0.60153708 0.21780572 1.24883245]
378,0.11653471865020038,"[[np.int64(0), np.int64(1), 3, 4], [2, 5, 6], [7]]",[0.26281034 1.28663622 0.51796485]
379,0.11657130269489535,"[[np.int64(0), 2, 5, 7], [np.int64(1), 6], [3, 4]]",[1.33794544 0.61752967 0.11189972]
380,0.11679084301619636,"[[np.int64(0), 3, 7], [np.int64(1), 5, 6], [np.int64(2), 4]]",[0.57746367 1.37511442 0.1145772 ]
381,0.11723803552501355,"[[np.int64(0), 3, 4], [np.int64(1), 6], [np.int64(2), 5, 7]]",[0.16206398 0.61752967 1.28711445]
382,0.11749279118279654,"[[np.int64(0), 4, 6], [np.int64(1), 2, 5, 7], [3]]",[0.63898605 1.34796966 0.07949763]
383,0.11846768931362117,"[[np.int64(0), 7], [np.int64(1), 3, 4], [np.int64(2), 5, 6]]",[0.56691184 0.21193038 1.28663622]
384,0.12077077880573972,"[[np.int64(0), 4, 7], [np.int64(1), 3, 5, 6], [np.int64(2)]]",[0.60571674 1.37748294 0.07997568]
385,0.12091827239345498,"[[np.int64(0), 2, 5, 7], [np.int64(1), 4], [3, 6]]",[1.33794544 0.1330182  0.59206421]
386,0.1209902888806198,"[[np.int64(0), 2], [np.int64(1), 4, 6], [3, 5, 7]]",[0.14976569 0.66435771 1.24883245]
387,0.12157248764195439,"[[np.int64(0), np.int64(1), np.int64(2), 4, 5, 7], [3], [6]]",[1.44133161 0.07949763 0.54154441]
388,0.12225760536060726,"[[np.int64(0)], [np.int64(1), 3, 4, 5, 6], [np.int64(2), 7]]",[0.05946881 1.43541549 0.56680423]
389,0.12253966517811632,"[[np.int64(0), 6], [np.int64(1), 2, 5, 7], [3, 4]]",[0.60153708 1.34796966 0.11189972]
390,0.12272819591572759,"[[np.int64(0), 3, 4, 7], [np.int64(1), 5, 6], [np.int64(2)]]",[0.60612783 1.37511442 0.07997568]
391,0.12295553707638174,"[[np.int64(0)], [np.int64(1), 2, 4, 5, 7], [3, 6]]",[0.05946881 1.40945758 0.59206421]
392,0.1230708172418149,"[[np.int64(0)], [np.int64(1), 3, 4, 6], [np.int64(2), 5, 7]]",[0.05946881 0.71429206 1.28711445]
393,0.12369212393580353,"[[np.int64(0), 2, 3], [np.int64(1), 4, 5], [6, 7]]",[0.24135669 0.6579685  1.16092882]
394,0.12380380686814485,"[[np.int64(0), 2, 4], [np.int64(1), 3, 5, 6], [7]]",[0.16469454 1.37748294 0.51796485]
395,0.12383477232868767,"[[np.int64(0), np.int64(1), 5, 6], [2, 4], [3, 7]]",[1.4273856  0.1145772  0.51814856]
396,0.12401205918795011,"[[np.int64(0), 3, 4], [np.int64(1), 7], [np.int64(2), 5, 6]]",[0.16206398 0.61123388 1.28663622]
397,0.12439880648459267,"[[np.int64(0), np.int64(1), 5, 7], [2, 6], [3, 4]]",[1.39568287 0.55196474 0.11189972]
398,0.12440036702542923,"[[np.int64(0), 3, 5], [np.int64(1), 2], [4, 6, 7]]",[0.63206278 0.1934978  1.23398519]
399,0.12451361875362155,"[[np.int64(0), np.int64(1), 7], [2, 5, 6], [3, 4]]",[0.66089657 1.28663622 0.11189972]
400,0.12467056014880296,"[[np.int64(0), 5], [np.int64(1), 2, 3, 4], [6, 7]]",[0.59990361 0.29844315 1.16092882]
401,0.12488565589163247,"[[np.int64(0), 3, 5, 7], [np.int64(1), 2, 4], [6]]",[1.29971035 0.21780572 0.54154441]
402,0.12493050762065927,"[[np.int64(0), np.int64(1), np.int64(2), 4], [3, 5, 7], [6]]",[0.26863877 1.24883245 0.54154441]
403,0.12497415975879989,"[[np.int64(0), 7], [np.int64(1), 3, 5, 6], [np.int64(2), 4]]",[0.56691184 1.37748294 0.1145772 ]
404,0.1258531166049508,"[[np.int64(0), 2, 5, 7], [np.int64(1), 3, 6], [4]]",[1.33794544 0.67760475 0.04254282]
405,0.12598860601826045,"[[np.int64(0), 2, 4], [np.int64(1), 5, 6], [3, 7]]",[0.16469454 1.37511442 0.51814856]
406,0.1262312960028904,"[[np.int64(0), 6, 7], [np.int64(1), 2, 3, 4], [5]]",[1.21039969 0.29844315 0.548872  ]
407,0.12630708053895257,"[[np.int64(0), 3], [np.int64(1), 2, 4, 5, 6], [7]]",[0.14933456 1.39033965 0.51796485]
408,0.1267705741391092,"[[np.int64(0)], [np.int64(1), 5, 7], [np.int64(2), 3, 4, 6]]",[0.05946881 1.35445737 0.64324938]
409,0.12685775798797927,"[[np.int64(0), 2], [np.int64(1), 3, 4, 5, 7], [6]]",[0.14976569 1.36577828 0.54154441]
410,0.12793938604650412,"[[np.int64(0), 2, 3, 7], [np.int64(1), 5, 6], [4]]",[0.6383495  1.37511442 0.04254282]
411,0.1279615010633468,"[[np.int64(0), 3], [np.int64(1), 2, 5, 6], [4, 7]]",[0.14933456 1.33020767 0.57644241]
412,0.12840439971336526,"[[np.int64(0), np.int64(1), 4, 7], [2, 5, 6], [3]]",[0.68940788 1.28663622 0.07949763]
413,0.12881898503392053,"[[np.int64(0), np.int64(1), 3], [2, 5], [4, 6, 7]]",[0.26037451 0.56076745 1.23398519]
414,0.12902461860932668,"[[np.int64(0), 2], [np.int64(1), 3, 5, 7], [4, 6]]",[0.14976569 1.30648979 0.59866603]
415,0.1296539073746481,"[[np.int64(0)], [np.int64(1), 3, 5, 6], [np.int64(2), 4, 7]]",[0.05946881 1.37748294 0.61734049]
416,0.13048678790522406,"[[np.int64(0), np.int64(1), 6, 7], [2, 3], [4, 5]]",[1.27960071 0.16119856 0.61266008]
417,0.1306670518085089,"[[np.int64(0), 5], [np.int64(1), 4, 6, 7], [np.int64(2), 3]]",[0.59990361 1.29217692 0.16119856]
418,0.13098564844009353,"[[np.int64(0), np.int64(1), np.int64(2), 5, 7], [3, 4], [6]]",[1.39951636 0.11189972 0.54154441]
419,0.13100864048563432,"[[np.int64(0), 3, 6], [np.int64(1), 2, 5, 7], [4]]",[0.66242501 1.34796966 0.04254282]
420,0.13123741556741653,"[[np.int64(0), np.int64(1), 4], [2, 5, 7], [3, 6]]",[0.17353005 1.28711445 0.59206421]
421,0.13236808681908663,"[[np.int64(0), 3, 4], [np.int64(1), 2, 5, 7], [6]]",[0.16206398 1.34796966 0.54154441]
422,0.1325410616925824,"[[np.int64(0), np.int64(1), 5], [2, 3], [4, 6, 7]]",[0.65622132 0.16119856 1.23398519]
423,0.13447684962446305,"[[np.int64(0), np.int64(1), 3, 5, 6], [2, 7], [4]]",[1.44012223 0.56680423 0.04254282]
424,0.13470339571465306,"[[np.int64(0), np.int64(1), np.int64(2)], [3, 4, 5], [6, 7]]",[0.26400351 0.6243104  1.16092882]
425,0.13520604087389376,"[[np.int64(0), np.int64(1), np.int64(2), 5, 6], [3], [4, 7]]",[1.39280005 0.07949763 0.57644241]
426,0.13665508906817347,"[[np.int64(0), 6], [np.int64(1), 3, 4, 5, 7], [np.int64(2)]]",[0.60153708 1.36577828 0.07997568]
427,0.13682102468293067,"[[np.int64(0), 3, 4, 5, 7], [np.int64(1), 6], [np.int64(2)]]",[1.34961976 0.61752967 0.07997568]
428,0.13688796532778724,"[[np.int64(0), 4], [np.int64(1), 3, 6], [np.int64(2), 5, 7]]",[0.08233896 0.67760475 1.28711445]
429,0.13746255773179294,"[[np.int64(0)], [np.int64(1), 2, 5, 7], [3, 4, 6]]",[0.05946881 1.34796966 0.63904511]
430,0.13784794842858217,"[[np.int64(0), 2, 7], [np.int64(1), 3, 5, 6], [4]]",[0.62607243 1.37748294 0.04254282]
431,0.13801880853084958,"[[np.int64(0), 2, 5], [np.int64(1), 3], [4, 6, 7]]",[0.62212026 0.18982188 1.23398519]
432,0.13990239654777525,"[[np.int64(0), 3, 5, 7], [np.int64(1), 4, 6], [np.int64(2)]]",[1.29971035 0.66435771 0.07997568]
433,0.1402541947378797,"[[np.int64(0)], [np.int64(1), 5, 6], [np.int64(2), 3, 4, 7]]",[0.05946881 1.37511442 0.60910871]
434,0.14151065204535485,"[[np.int64(0), np.int64(1), 5, 7], [2, 3, 6], [4]]",[1.39568287 0.6042098  0.04254282]
435,0.14229843907656647,"[[np.int64(0), np.int64(1), 6], [2, 4], [3, 5, 7]]",[0.67823805 0.1145772  1.24883245]
436,0.1424840159775176,"[[np.int64(0), 2, 6], [np.int64(1)], [3, 4, 5, 7]]",[0.62227862 0.10076897 1.31841452]
437,0.14294000264823925,"[[np.int64(0), 4], [np.int64(1), 5, 7], [np.int64(2), 3, 6]]",[0.08233896 1.35445737 0.6042098 ]
438,0.14530451902782282,"[[np.int64(0), np.int64(1), 5, 6], [2, 3, 7], [4]]",[1.4273856  0.56871319 0.04254282]
439,0.14602858659081797,"[[np.int64(0), np.int64(1), 3], [2, 4, 5], [6, 7]]",[0.26037451 0.61661422 1.16092882]
440,0.14644267183239057,"[[np.int64(0)], [np.int64(1), 3, 7], [np.int64(2), 4, 5, 6]]",[0.05946881 0.62097287 1.35706179]
441,0.14719701059855472,"[[np.int64(0), 7], [np.int64(1), 2, 4, 5, 6], [3]]",[0.56691184 1.39033965 0.07949763]
442,0.14722102072760723,"[[np.int64(0), np.int64(1), 3, 5, 7], [2], [4, 6]]",[1.3580834  0.07997568 0.59866603]
443,0.14778229778072793,"[[np.int64(0), np.int64(1)], [2, 4, 5, 6], [3, 7]]",[0.16095348 1.35706179 0.51814856]
444,0.14865170160376673,"[[np.int64(0), 3, 7], [np.int64(1)], [np.int64(2), 4, 5, 6]]",[0.57746367 0.10076897 1.35706179]
445,0.14931442254506777,"[[np.int64(0), 4, 5], [np.int64(1), 6, 7], [np.int64(2), 3]]",[0.64401901 1.22941414 0.16119856]
446,0.1497445793569958,"[[np.int64(0), np.int64(1), 4, 6], [2], [3, 5, 7]]",[0.70539343 0.07997568 1.24883245]
447,0.14982273964033022,"[[np.int64(0), np.int64(1), np.int64(2), 5, 7], [3, 6], [4]]",[1.39951636 0.59206421 0.04254282]
448,0.15118474705877727,"[[np.int64(0), np.int64(1), 4, 6, 7], [2, 3], [5]]",[1.32269082 0.16119856 0.548872  ]
449,0.15212892121240174,"[[np.int64(0), 3, 5, 7], [np.int64(1), 6], [np.int64(2), 4]]",[1.29971035 0.61752967 0.1145772 ]
450,0.1526133866861028,"[[np.int64(0), np.int64(1)], [2, 6], [3, 4, 5, 7]]",[0.16095348 0.55196474 1.31841452]
451,0.15288947849030254,"[[np.int64(0), 2, 4], [np.int64(1), 6], [3, 5, 7]]",[0.16469454 0.61752967 1.24883245]
452,0.15322428529455578,"[[np.int64(0), np.int64(1), np.int64(2), 4, 5, 6], [3], [7]]",[1.43325937 0.07949763 0.51796485]
453,0.15331525802284807,"[[np.int64(0), 2, 3, 5, 6], [np.int64(1)], [4, 7]]",[1.3534195  0.10076897 0.57644241]
454,0.1543793850755999,"[[np.int64(0), 6, 7], [np.int64(1), 4, 5], [np.int64(2), 3]]",[1.21039969 0.6579685  0.16119856]
455,0.15449016804060012,"[[np.int64(0), 4, 6, 7], [np.int64(1), 5], [np.int64(2), 3]]",[1.26378339 0.60447402 0.16119856]
456,0.15573824651060564,"[[np.int64(0), 6, 7], [np.int64(1), 2], [3, 4, 5]]",[1.21039969 0.1934978  0.6243104 ]
457,0.15600188371729073,"[[np.int64(0), 4, 6, 7], [np.int64(1), 2], [3, 5]]",[1.26378339 0.1934978  0.57066307]
458,0.15732000287558234,"[[np.int64(0), 4], [np.int64(1), 3, 5, 6], [np.int64(2), 7]]",[0.08233896 1.37748294 0.56680423]
459,0.15777955638622254,"[[np.int64(0), 4], [np.int64(1), 5, 6], [np.int64(2), 3, 7]]",[0.08233896 1.37511442 0.56871319]
460,0.1584946146345767,"[[np.int64(0), 4, 6], [np.int64(1), 3, 5, 7], [np.int64(2)]]",[0.63898605 1.30648979 0.07997568]
461,0.15951518821207022,"[[np.int64(0), 2, 3, 4], [np.int64(1), 6, 7], [5]]",[0.2461448  1.22941414 0.548872  ]
462,0.16128151295348214,"[[np.int64(0), np.int64(1), np.int64(2), 5, 6], [3, 4], [7]]",[1.39280005 0.11189972 0.51796485]
463,0.16134206244842408,"[[np.int64(0), 6], [np.int64(1), 3, 5, 7], [np.int64(2), 4]]",[0.60153708 1.30648979 0.1145772 ]
464,0.161573293912042,"[[np.int64(0), 4], [np.int64(1), 2, 5, 7], [3, 6]]",[0.08233896 1.34796966 0.59206421]
465,0.16348205970885532,"[[np.int64(0), 3, 4, 5], [np.int64(1), 2], [6, 7]]",[0.66603745 0.1934978  1.16092882]
466,0.16356826413391,"[[np.int64(0), np.int64(1)], [2, 3, 4, 5, 6], [7]]",[0.16095348 1.34145954 0.51796485]
467,0.16437489897021607,"[[np.int64(0), 2], [np.int64(1), 3, 5], [4, 6, 7]]",[0.14976569 0.63582035 1.23398519]
468,0.1647268250513152,"[[np.int64(0), np.int64(1), 3, 4, 5, 7], [2], [6]]",[1.39769922 0.07997568 0.54154441]
469,0.16535965801183972,"[[np.int64(0)], [np.int64(1), 2, 6], [3, 4, 5, 7]]",[0.05946881 0.64070315 1.31841452]
470,0.16537553889998957,"[[np.int64(0), np.int64(1)], [2, 3, 5, 6], [4, 7]]",[0.16095348 1.2811747  0.57644241]
471,0.16576279774136093,"[[np.int64(0), 2, 4, 5, 6], [np.int64(1)], [3, 7]]",[1.3992658  0.10076897 0.51814856]
472,0.1671103496106623,"[[np.int64(0), 6, 7], [np.int64(1), 3], [np.int64(2), 4, 5]]",[1.21039969 0.18982188 0.61661422]
473,0.16817887526756659,"[[np.int64(0), 2, 5, 6], [np.int64(1)], [3, 4, 7]]",[1.3485129  0.10076897 0.56648539]
474,0.16852409606800478,"[[np.int64(0), 4, 7], [np.int64(1), 2, 5, 6], [3]]",[0.60571674 1.33020767 0.07949763]
475,0.16896904855272377,"[[np.int64(0), 5], [np.int64(1), 6, 7], [np.int64(2), 3, 4]]",[0.59990361 1.22941414 0.18565934]
476,0.16937170328107776,"[[np.int64(0), np.int64(1), 3], [2, 4, 6, 7], [5]]",[0.26037451 1.20532792 0.548872  ]
477,0.16957341299881978,"[[np.int64(0), 4, 6, 7], [np.int64(1), 3], [np.int64(2), 5]]",[1.26378339 0.18982188 0.56076745]
478,0.16974113348651,"[[np.int64(0), np.int64(1), 3, 5, 7], [2, 4], [6]]",[1.3580834  0.1145772  0.54154441]
479,0.16981407885793676,"[[np.int64(0), np.int64(1), 6, 7], [2, 3, 4], [5]]",[1.27960071 0.18565934 0.548872  ]
480,0.1698710402519894,"[[np.int64(0), np.int64(1)], [2, 5, 6], [3, 4, 7]]",[0.16095348 1.28663622 0.56648539]
481,0.17069868949573763,"[[np.int64(0), np.int64(1), 3], [2, 6, 7], [4, 5]]",[0.26037451 1.14021286 0.61266008]
482,0.17118064820182477,"[[np.int64(0), 2, 3, 4, 5, 6], [np.int64(1)], [7]]",[1.39403167 0.10076897 0.51796485]
483,0.17121739631328525,"[[np.int64(0), 2, 4], [np.int64(1), 3, 5, 7], [6]]",[0.16469454 1.30648979 0.54154441]
484,0.17134046082744891,"[[np.int64(0), 2], [np.int64(1), 4, 6, 7], [3, 5]]",[0.14976569 1.29217692 0.57066307]
485,0.17150378297003321,"[[np.int64(0), 3], [np.int64(1), 2, 5], [4, 6, 7]]",[0.14933456 0.62912261 1.23398519]
486,0.17177560861769336,"[[np.int64(0), np.int64(1), 4, 5], [2, 3], [6, 7]]",[0.69004314 0.16119856 1.16092882]
487,0.17178391547575433,"[[np.int64(0)], [np.int64(1), 7], [np.int64(2), 3, 4, 5, 6]]",[0.05946881 0.61123388 1.34145954]
488,0.17191754814476123,"[[np.int64(0), 2, 5, 6], [np.int64(1), 3, 7], [4]]",[1.3485129  0.62097287 0.04254282]
489,0.1720494869216127,"[[np.int64(0), np.int64(1), 3, 5], [2], [4, 6, 7]]",[0.69793578 0.07997568 1.23398519]
490,0.1723984917392949,"[[np.int64(0), 2, 3, 4], [np.int64(1), 5], [6, 7]]",[0.2461448  0.60447402 1.16092882]
491,0.1730151430728455,"[[np.int64(0), np.int64(1)], [2, 4, 6], [3, 5, 7]]",[0.16095348 0.60114506 1.24883245]
492,0.17314880610560568,"[[np.int64(0), 3, 5], [np.int64(1), 2, 4], [6, 7]]",[0.63206278 0.21780572 1.16092882]
493,0.173709638087991,"[[np.int64(0), 3, 4], [np.int64(1), 2, 5, 6], [7]]",[0.16206398 1.33020767 0.51796485]
494,0.17376341140334794,"[[np.int64(0), np.int64(1), 3, 7], [2, 5, 6], [4]]",[0.68100368 1.28663622 0.04254282]
495,0.17480578384966794,"[[np.int64(0), 7], [np.int64(1)], [np.int64(2), 3, 4, 5, 6]]",[0.56691184 0.10076897 1.34145954]
496,0.17490107503280328,"[[np.int64(0), 2, 4, 5], [np.int64(1), 3], [6, 7]]",[0.65829435 0.18982188 1.16092882]
497,0.17492690320253734,"[[np.int64(0), 7], [np.int64(1), 2, 5, 6], [3, 4]]",[0.56691184 1.33020767 0.11189972]
498,0.17514783382765176,"[[np.int64(0), np.int64(1), np.int64(2)], [3, 6, 7], [4, 5]]",[0.26400351 1.13213471 0.61266008]
499,0.17602027379446383,"[[np.int64(0), np.int64(1), np.int64(2)], [3, 4, 6, 7], [5]]",[0.26400351 1.19505035 0.548872  ]
500,0.1767499420428149,"[[np.int64(0), 2, 3, 5, 6], [np.int64(1), 7], [4]]",[1.3534195  0.61123388 0.04254282]
501,0.17882500239792876,"[[np.int64(0)], [np.int64(1), 3, 4, 7], [np.int64(2), 5, 6]]",[0.05946881 0.65901611 1.28663622]
502,0.17927219536921335,"[[np.int64(0), np.int64(1), np.int64(2), 5], [3], [4, 6, 7]]",[0.69119112 0.07949763 1.23398519]
503,0.17954358434412132,"[[np.int64(0), 2, 3, 5, 6], [np.int64(1), 4], [7]]",[1.3534195  0.1330182  0.51796485]
504,0.17973075432772045,"[[np.int64(0), 3, 5], [np.int64(1), 4, 6, 7], [np.int64(2)]]",[0.63206278 1.29217692 0.07997568]
505,0.17981685787520174,"[[np.int64(0), 2, 6], [np.int64(1), 4], [3, 5, 7]]",[0.62227862 0.1330182  1.24883245]
506,0.18045590047154336,"[[np.int64(0), 2], [np.int64(1), 6, 7], [3, 4, 5]]",[0.14976569 1.22941414 0.6243104 ]
507,0.18083813000891302,"[[np.int64(0), np.int64(1), np.int64(2), 6], [3, 5, 7], [4]]",[0.71173274 1.24883245 0.04254282]
508,0.18113664653107397,"[[np.int64(0), np.int64(1), 5], [2, 3, 4], [6, 7]]",[0.65622132 0.18565934 1.16092882]
509,0.18145924884675368,"[[np.int64(0), 2, 6, 7], [np.int64(1), 3], [4, 5]]",[1.20000493 0.18982188 0.61266008]
510,0.18159266117836115,"[[np.int64(0), 3, 4, 5, 7], [np.int64(1)], [np.int64(2), 6]]",[1.34961976 0.10076897 0.55196474]
511,0.18166721135617658,"[[np.int64(0), 3], [np.int64(1), 4, 6, 7], [np.int64(2), 5]]",[0.14933456 1.29217692 0.56076745]
512,0.18232175262004802,"[[np.int64(0), 3, 5, 7], [np.int64(1)], [np.int64(2), 4, 6]]",[1.29971035 0.10076897 0.60114506]
513,0.1825584373093161,"[[np.int64(0), 2, 4, 6], [np.int64(1)], [3, 5, 7]]",[0.65178628 0.10076897 1.24883245]
514,0.18341308793403588,"[[np.int64(0), 6, 7], [np.int64(1), 5], [np.int64(2), 3, 4]]",[1.21039969 0.60447402 0.18565934]
515,0.1837154720015146,"[[np.int64(0), np.int64(1), np.int64(2), 4], [3, 5], [6, 7]]",[0.26863877 0.57066307 1.16092882]
516,0.18388477833610972,"[[np.int64(0)], [np.int64(1), 4, 7], [np.int64(2), 3, 5, 6]]",[0.05946881 0.65941785 1.2811747 ]
517,0.18426646773624888,"[[np.int64(0), 2, 5, 6], [np.int64(1), 4], [3, 7]]",[1.3485129  0.1330182  0.51814856]
518,0.1850776578524116,"[[np.int64(0), 6, 7], [np.int64(1), 2, 4], [3, 5]]",[1.21039969 0.21780572 0.57066307]
519,0.18581456873088564,"[[np.int64(0), 3, 6, 7], [np.int64(1), 2], [4, 5]]",[1.19197369 0.1934978  0.61266008]
520,0.1868280365437105,"[[np.int64(0), 3, 7], [np.int64(1), 4], [np.int64(2), 5, 6]]",[0.57746367 0.1330182  1.28663622]
521,0.1884906381611664,"[[np.int64(0), np.int64(1)], [2, 3, 4, 5, 7], [6]]",[0.16095348 1.29295761 0.54154441]
522,0.1885832248187982,"[[np.int64(0), 3], [np.int64(1), 6, 7], [np.int64(2), 4, 5]]",[0.14933456 1.22941414 0.61661422]
523,0.1886824711214079,"[[np.int64(0), 6], [np.int64(1)], [np.int64(2), 3, 4, 5, 7]]",[0.60153708 0.10076897 1.29295761]
524,0.18889273044683375,"[[np.int64(0), 5], [np.int64(1), 3], [np.int64(2), 4, 6, 7]]",[0.59990361 0.18982188 1.20532792]
525,0.18896667379249843,"[[np.int64(0), 2, 5], [np.int64(1), 3, 4], [6, 7]]",[0.62212026 0.21193038 1.16092882]
526,0.19015132930423095,"[[np.int64(0), 2, 5], [np.int64(1), 4, 6, 7], [3]]",[0.62212026 1.29217692 0.07949763]
527,0.19041310902008424,"[[np.int64(0), 3, 4, 7], [np.int64(1)], [np.int64(2), 5, 6]]",[0.60612783 0.10076897 1.28663622]
528,0.19199518508404645,"[[np.int64(0), 2, 3, 5, 7], [np.int64(1)], [4, 6]]",[1.29251595 0.10076897 0.59866603]
529,0.19300977920567153,"[[np.int64(0), np.int64(1)], [2, 3, 5, 7], [4, 6]]",[0.16095348 1.23131684 0.59866603]
530,0.19318729706129356,"[[np.int64(0), 2, 3, 5], [np.int64(1)], [4, 6, 7]]",[0.65600468 0.10076897 1.23398519]
531,0.19399808362311388,"[[np.int64(0), 4], [np.int64(1), 3, 7], [np.int64(2), 5, 6]]",[0.08233896 0.62097287 1.28663622]
532,0.19407751480286262,"[[np.int64(0), 2], [np.int64(1), 3, 4, 5], [6, 7]]",[0.14976569 0.6791741  1.16092882]
533,0.19549438873632896,"[[np.int64(0), 5], [np.int64(1), 2], [3, 4, 6, 7]]",[0.59990361 0.1934978  1.19505035]
534,0.1960550024928589,"[[np.int64(0)], [np.int64(1), 2, 4, 6], [3, 5, 7]]",[0.05946881 0.67958988 1.24883245]
535,0.19628572356080287,"[[np.int64(0), 4, 7], [np.int64(1)], [np.int64(2), 3, 5, 6]]",[0.60571674 0.10076897 1.2811747 ]
536,0.1990069726212076,"[[np.int64(0), 3], [np.int64(1), 2, 4, 5], [6, 7]]",[0.14933456 0.67467578 1.16092882]
537,0.1992528381309897,"[[np.int64(0), 3, 5, 7], [np.int64(1), 4], [np.int64(2), 6]]",[1.29971035 0.1330182  0.55196474]
538,0.199332037086839,"[[np.int64(0), np.int64(1), 7], [2, 3, 5, 6], [4]]",[0.66089657 1.2811747  0.04254282]
539,0.1994395152406252,"[[np.int64(0), np.int64(1), 3, 4], [2, 5], [6, 7]]",[0.26281034 0.56076745 1.16092882]
540,0.1998049275771494,"[[np.int64(0), 2, 4, 6, 7], [np.int64(1), 3], [5]]",[1.24544732 0.18982188 0.548872  ]
541,0.20005934016974614,"[[np.int64(0), np.int64(1), 6, 7], [2], [3, 4, 5]]",[1.27960071 0.07997568 0.6243104 ]
542,0.2005001839046261,"[[np.int64(0), 3], [np.int64(1), 2, 6, 7], [4, 5]]",[0.14933456 1.22145132 0.61266008]
543,0.20084861331541282,"[[np.int64(0), 6, 7], [np.int64(1), 3, 4], [np.int64(2), 5]]",[1.21039969 0.21193038 0.56076745]
544,0.20098981581357567,"[[np.int64(0), 3, 5, 7], [np.int64(1), 2, 6], [4]]",[1.29971035 0.64070315 0.04254282]
545,0.20284138493702053,"[[np.int64(0), 7], [np.int64(1), 4], [np.int64(2), 3, 5, 6]]",[0.56691184 0.1330182  1.2811747 ]
546,0.20436670916234934,"[[np.int64(0), 4, 6, 7], [np.int64(1), 3, 5], [np.int64(2)]]",[1.26378339 0.63582035 0.07997568]
547,0.20472370534980167,"[[np.int64(0), np.int64(1)], [2, 3, 5], [4, 6, 7]]",[0.16095348 0.58428376 1.23398519]
548,0.20563129766572708,"[[np.int64(0), np.int64(1), 4], [2, 5, 6], [3, 7]]",[0.17353005 1.28663622 0.51814856]
549,0.20635967364275332,"[[np.int64(0), 3, 4, 6, 7], [np.int64(1), 2], [5]]",[1.23521666 0.1934978  0.548872  ]
550,0.20673430774819046,"[[np.int64(0)], [np.int64(1), 3, 4, 5, 7], [np.int64(2), 6]]",[0.05946881 1.36577828 0.55196474]
551,0.20714870898459736,"[[np.int64(0), 2, 3, 4, 5, 7], [np.int64(1)], [6]]",[1.33448405 0.10076897 0.54154441]
552,0.20789201721934436,"[[np.int64(0), 3, 5], [np.int64(1), 6, 7], [np.int64(2), 4]]",[0.63206278 1.22941414 0.1145772 ]
553,0.20823357674089293,"[[np.int64(0), np.int64(1), 6, 7], [2, 4, 5], [3]]",[1.27960071 0.61661422 0.07949763]
554,0.20851885891687072,"[[np.int64(0), 3, 4, 5], [np.int64(1), 6, 7], [np.int64(2)]]",[0.66603745 1.22941414 0.07997568]
555,0.20919859341388625,"[[np.int64(0), 4], [np.int64(1), 7], [np.int64(2), 3, 5, 6]]",[0.08233896 0.61123388 1.2811747 ]
556,0.20946678578424205,"[[np.int64(0), 3], [np.int64(1), 2, 4, 6, 7], [5]]",[0.14933456 1.27627279 0.548872  ]
557,0.209618893528843,"[[np.int64(0), np.int64(1), 4], [2, 6], [3, 5, 7]]",[0.17353005 0.55196474 1.24883245]
558,0.20982933215789346,"[[np.int64(0), np.int64(1), np.int64(2), 6, 7], [3], [4, 5]]",[1.28195909 0.07949763 0.61266008]
559,0.20989238160654988,"[[np.int64(0), 4, 5], [np.int64(1), 3], [np.int64(2), 6, 7]]",[0.64401901 0.18982188 1.14021286]
560,0.2105043379075131,"[[np.int64(0), np.int64(1), 3, 5], [2, 4], [6, 7]]",[0.69793578 0.1145772  1.16092882]
561,0.21061656547070773,"[[np.int64(0), np.int64(1), 4, 6, 7], [2], [3, 5]]",[1.32269082 0.07997568 0.57066307]
562,0.21127653016631776,"[[np.int64(0), np.int64(1), 4], [2, 3, 5, 6], [7]]",[0.17353005 1.2811747  0.51796485]
563,0.21134506129436015,"[[np.int64(0), 2], [np.int64(1), 3, 6, 7], [4, 5]]",[0.14976569 1.21017531 0.61266008]
564,0.21154250538605845,"[[np.int64(0), 4, 6, 7], [np.int64(1), 2, 5], [3]]",[1.26378339 0.62912261 0.07949763]
565,0.21207157676030364,"[[np.int64(0), 4], [np.int64(1), 2, 6], [3, 5, 7]]",[0.08233896 0.64070315 1.24883245]
566,0.21263489719986195,"[[np.int64(0), 2, 6], [np.int64(1), 3, 5, 7], [4]]",[0.62227862 1.30648979 0.04254282]
567,0.21287427711096862,"[[np.int64(0), 4, 6], [np.int64(1)], [np.int64(2), 3, 5, 7]]",[0.63898605 0.10076897 1.23131684]
568,0.21373349185169266,"[[np.int64(0)], [np.int64(1), 2, 3, 5, 6], [4, 7]]",[0.05946881 1.33430143 0.57644241]
569,0.21399005330599463,"[[np.int64(0)], [np.int64(1), 6], [np.int64(2), 3, 4, 5, 7]]",[0.05946881 0.61752967 1.29295761]
570,0.2142946137145727,"[[np.int64(0), 4, 5], [np.int64(1), 2], [3, 6, 7]]",[0.64401901 0.1934978  1.13213471]
571,0.2143966600499403,"[[np.int64(0), 6, 7], [np.int64(1), 3, 4, 5], [np.int64(2)]]",[1.21039969 0.6791741  0.07997568]
572,0.21598911611688942,"[[np.int64(0)], [np.int64(1), 2, 4, 5, 6], [3, 7]]",[0.05946881 1.39033965 0.51814856]
573,0.21617653810379966,"[[np.int64(0), np.int64(1), np.int64(2), np.int64(3), 5, 6], [4], [7]]",[1.40726192 0.04254282 0.51796485]
574,0.21674000771190882,"[[np.int64(0), 2, 4, 5], [np.int64(1), 6, 7], [3]]",[0.65829435 1.22941414 0.07949763]
575,0.21684247604065687,"[[np.int64(0)], [np.int64(1), 3, 5, 7], [np.int64(2), 4, 6]]",[0.05946881 1.30648979 0.60114506]
576,0.2168675782661067,"[[np.int64(0), 2, 3, 5, 7], [np.int64(1), 4], [6]]",[1.29251595 0.1330182  0.54154441]
577,0.21807400534797328,"[[np.int64(0), 6], [np.int64(1), 4], [np.int64(2), 3, 5, 7]]",[0.60153708 0.1330182  1.23131684]
578,0.2191051634172756,"[[np.int64(0), np.int64(1), 6, 7], [2, 4], [3, 5]]",[1.27960071 0.1145772  0.57066307]
579,0.21917438866412864,"[[np.int64(0), 2, 4], [np.int64(1), 6, 7], [3, 5]]",[0.16469454 1.22941414 0.57066307]
580,0.219373030092177,"[[np.int64(0), 6, 7], [np.int64(1), 2, 4, 5], [3]]",[1.21039969 0.67467578 0.07949763]
581,0.21992647253658548,"[[np.int64(0), np.int64(1), np.int64(2), 5], [3, 4], [6, 7]]",[0.69119112 0.11189972 1.16092882]
582,0.22051201837732726,"[[np.int64(0), 2, 5], [np.int64(1), 6, 7], [3, 4]]",[0.62212026 1.22941414 0.11189972]
583,0.22058038509984468,"[[np.int64(0), np.int64(1), 3, 6, 7], [2], [4, 5]]",[1.27072999 0.07997568 0.61266008]
584,0.2209902282233267,"[[np.int64(0), np.int64(1), 4, 6, 7], [2, 5], [3]]",[1.32269082 0.56076745 0.07949763]
585,0.22142476769931552,"[[np.int64(0), np.int64(1), 3, 4, 5], [2], [6, 7]]",[0.72161686 0.07997568 1.16092882]
586,0.22221980517989026,"[[np.int64(0)], [np.int64(1), 2, 3, 4, 5, 6], [7]]",[0.05946881 1.38429267 0.51796485]
587,0.22250241490117184,"[[np.int64(0), 2, 4], [np.int64(1), 3, 5], [6, 7]]",[0.16469454 0.63582035 1.16092882]
588,0.2225110893554485,"[[np.int64(0), 2], [np.int64(1), 3, 4, 6, 7], [5]]",[0.14976569 1.26279735 0.548872  ]
589,0.22313882022262366,"[[np.int64(0), 2, 6, 7], [np.int64(1), 3, 4], [5]]",[1.20000493 0.21193038 0.548872  ]
590,0.2231488952031937,"[[np.int64(0), 6, 7], [np.int64(1), 3, 5], [np.int64(2), 4]]",[1.21039969 0.63582035 0.1145772 ]
591,0.22408396835439115,"[[np.int64(0)], [np.int64(1), 2, 3, 5, 7], [4, 6]]",[0.05946881 1.30172733 0.59866603]
592,0.22480964503628198,"[[np.int64(0), 3], [np.int64(1), 5], [np.int64(2), 4, 6, 7]]",[0.14933456 0.60447402 1.20532792]
593,0.22529471392528322,"[[np.int64(0), 3, 6, 7], [np.int64(1), 2, 4], [5]]",[1.19197369 0.21780572 0.548872  ]
594,0.22644804996544332,"[[np.int64(0), np.int64(1), np.int64(2), 4, 5], [3], [6, 7]]",[0.71707163 0.07949763 1.16092882]
595,0.22778427049387417,"[[np.int64(0)], [np.int64(1), 2, 5, 6], [3, 4, 7]]",[0.05946881 1.33020767 0.56648539]
596,0.22827210740112402,"[[np.int64(0), 5], [np.int64(1), 2, 4, 6, 7], [3]]",[0.59990361 1.27627279 0.07949763]
597,0.2282979487055512,"[[np.int64(0)], [np.int64(1), 2, 3, 5], [4, 6, 7]]",[0.05946881 0.66219419 1.23398519]
598,0.22880278244477603,"[[np.int64(0)], [np.int64(1), 4, 6], [np.int64(2), 3, 5, 7]]",[0.05946881 0.66435771 1.23131684]
599,0.2298584154041623,"[[np.int64(0)], [np.int64(1), 2, 3, 4, 5, 7], [6]]",[0.05946881 1.35307451 0.54154441]
600,0.23045469878610847,"[[np.int64(0), np.int64(1), np.int64(2), 5, 6], [3, 7], [4]]",[1.39280005 0.51814856 0.04254282]
601,0.23135517190677568,"[[np.int64(0), np.int64(1), 3, 5, 7], [2, 6], [4]]",[1.3580834  0.55196474 0.04254282]
602,0.23135769976778442,"[[np.int64(0), 2, 3, 5, 7], [np.int64(1), 6], [4]]",[1.29251595 0.61752967 0.04254282]
603,0.23167825235136696,"[[np.int64(0), np.int64(1), 6, 7], [2, 5], [3, 4]]",[1.27960071 0.56076745 0.11189972]
604,0.23170056537432826,"[[np.int64(0), 3, 4], [np.int64(1), 6, 7], [np.int64(2), 5]]",[0.16206398 1.22941414 0.56076745]
605,0.23183072508246183,"[[np.int64(0), 3, 4], [np.int64(1), 2, 5], [6, 7]]",[0.16206398 0.62912261 1.16092882]
606,0.23184842130077632,"[[np.int64(0), np.int64(1), 6], [2, 3, 5, 7], [4]]",[0.67823805 1.23131684 0.04254282]
607,0.2318992880373636,"[[np.int64(0), 5], [np.int64(1), 3, 4], [np.int64(2), 6, 7]]",[0.59990361 0.21193038 1.14021286]
608,0.23205092581666298,"[[np.int64(0), np.int64(1), 3, 4], [2, 6, 7], [5]]",[0.26281034 1.14021286 0.548872  ]
609,0.23207404075929094,"[[np.int64(0), np.int64(1)], [2, 3, 4, 5], [6, 7]]",[0.16095348 0.62998979 1.16092882]
610,0.2325241176083752,"[[np.int64(0), 6, 7], [np.int64(1), 2, 5], [3, 4]]",[1.21039969 0.62912261 0.11189972]
611,0.23373197314244498,"[[np.int64(0), 3, 7], [np.int64(1), 2, 5, 6], [4]]",[0.57746367 1.33020767 0.04254282]
612,0.233994428470351,"[[np.int64(0), 2, 3, 5], [np.int64(1), 4], [6, 7]]",[0.65600468 0.1330182  1.16092882]
613,0.23410209396391402,"[[np.int64(0), 5], [np.int64(1), 2, 4], [3, 6, 7]]",[0.59990361 0.21780572 1.13213471]
614,0.23430064396710493,"[[np.int64(0), np.int64(1), np.int64(2), 4], [3, 6, 7], [5]]",[0.26863877 1.13213471 0.548872  ]
615,0.23465608207857858,"[[np.int64(0), 2], [np.int64(1), 5], [3, 4, 6, 7]]",[0.14976569 0.60447402 1.19505035]
616,0.23511001742198245,"[[np.int64(0), 4, 6, 7], [np.int64(1)], [np.int64(2), 3, 5]]",[1.26378339 0.10076897 0.58428376]
617,0.2360346484373752,"[[np.int64(0), 3, 6], [np.int64(1), 2, 7], [4, 5]]",[0.66242501 0.6728264  0.61266008]
618,0.23621676822280113,"[[np.int64(0), np.int64(1), np.int64(2), np.int64(3), 5, 7], [4], [6]]",[1.36364214 0.04254282 0.54154441]
619,0.23643021934521857,"[[np.int64(0), 3], [np.int64(1), 4, 5], [np.int64(2), 6, 7]]",[0.14933456 0.6579685  1.14021286]
620,0.23755483733278737,"[[np.int64(0), np.int64(1), 4], [2, 3, 5, 7], [6]]",[0.17353005 1.23131684 0.54154441]
621,0.23813890085354217,"[[np.int64(0), 6], [np.int64(1), 2, 3, 5, 7], [4]]",[0.60153708 1.30172733 0.04254282]
622,0.23846859898256545,"[[np.int64(0), np.int64(1), np.int64(2), 4, 6, 7], [3], [5]]",[1.3171079  0.07949763 0.548872  ]
623,0.23897817046656367,"[[np.int64(0), 4, 5], [np.int64(1), 2, 6, 7], [3]]",[0.64401901 1.22145132 0.07949763]
624,0.2401900442455731,"[[np.int64(0), 7], [np.int64(1), 2, 3, 5, 6], [4]]",[0.56691184 1.33430143 0.04254282]
625,0.24021029741583844,"[[np.int64(0), 2, 3, 4, 5], [np.int64(1)], [6, 7]]",[0.68203804 0.10076897 1.16092882]
626,0.24121531543948627,"[[np.int64(0), np.int64(1), np.int64(2), 6, 7], [3, 4], [5]]",[1.28195909 0.11189972 0.548872  ]
627,0.24126949874843895,"[[np.int64(0), 5], [np.int64(1), 3, 4, 6, 7], [np.int64(2)]]",[0.59990361 1.26279735 0.07997568]
628,0.24278768788641591,"[[np.int64(0), 6, 7], [np.int64(1)], [np.int64(2), 3, 4, 5]]",[1.21039969 0.10076897 0.62998979]
629,0.24289926110428928,"[[np.int64(0), np.int64(1), 5], [2, 4, 6, 7], [3]]",[0.65622132 1.20532792 0.07949763]
630,0.2431526384023781,"[[np.int64(0), 4], [np.int64(1), 3, 5, 7], [np.int64(2), 6]]",[0.08233896 1.30648979 0.55196474]
631,0.24407723020604322,"[[np.int64(0), 2], [np.int64(1), 4, 5], [3, 6, 7]]",[0.14976569 0.6579685  1.13213471]
632,0.24578646461675246,"[[np.int64(0), 3, 5], [np.int64(1)], [np.int64(2), 4, 6, 7]]",[0.63206278 0.10076897 1.20532792]
633,0.24584367263407536,"[[np.int64(0), np.int64(1), np.int64(2), np.int64(3), 5], [4], [6, 7]]",[0.73463082 0.04254282 1.16092882]
634,0.24641154186790803,"[[np.int64(0), np.int64(1), np.int64(2), 7], [3, 6], [4, 5]]",[0.7328103  0.59206421 0.61266008]
635,0.24647507314736017,"[[np.int64(0), 2, 6, 7], [np.int64(1), 4, 5], [3]]",[1.20000493 0.6579685  0.07949763]
636,0.24700166923643363,"[[np.int64(0), np.int64(1)], [2, 4, 6, 7], [3, 5]]",[0.16095348 1.20532792 0.57066307]
637,0.24801665438187626,"[[np.int64(0)], [np.int64(1), 4, 6, 7], [np.int64(2), 3, 5]]",[0.05946881 1.29217692 0.58428376]
638,0.24934089502374568,"[[np.int64(0), 4], [np.int64(1), 2, 3, 5, 6], [7]]",[0.08233896 1.33430143 0.51796485]
639,0.24976694219996576,"[[np.int64(0), np.int64(1), 3, 6, 7], [2, 4], [5]]",[1.27072999 0.1145772  0.548872  ]
640,0.24977613563240642,"[[np.int64(0), 4, 5], [np.int64(1), 3, 6, 7], [np.int64(2)]]",[0.64401901 1.21017531 0.07997568]
641,0.2506914888031009,"[[np.int64(0), 5], [np.int64(1), 2, 6, 7], [3, 4]]",[0.59990361 1.22145132 0.11189972]
642,0.2514190781059886,"[[np.int64(0), np.int64(1), 3, 4, 6, 7], [2], [5]]",[1.30367937 0.07997568 0.548872  ]
643,0.25155883213127495,"[[np.int64(0), 3, 4], [np.int64(1), 2, 6, 7], [5]]",[0.16206398 1.22145132 0.548872  ]
644,0.25269878592269435,"[[np.int64(0), np.int64(1), 5], [2], [3, 4, 6, 7]]",[0.65622132 0.07997568 1.19505035]
645,0.2527606643833398,"[[np.int64(0), 4], [np.int64(1), 6], [np.int64(2), 3, 5, 7]]",[0.08233896 0.61752967 1.23131684]
646,0.25325093981333646,"[[np.int64(0), 4], [np.int64(1), 2, 5, 6], [3, 7]]",[0.08233896 1.33020767 0.51814856]
647,0.25402825956040176,"[[np.int64(0), 3, 6, 7], [np.int64(1), 4, 5], [np.int64(2)]]",[1.19197369 0.6579685  0.07997568]
648,0.25452716378347984,"[[np.int64(0), 2, 4, 6, 7], [np.int64(1), 5], [3]]",[1.24544732 0.60447402 0.07949763]
649,0.2558005732203943,"[[np.int64(0), np.int64(1), 3, 6], [2, 7], [4, 5]]",[0.74868125 0.56680423 0.61266008]
650,0.25598449576499815,"[[np.int64(0), 2, 3, 5], [np.int64(1), 6, 7], [4]]",[0.65600468 1.22941414 0.04254282]
651,0.2562444838859843,"[[np.int64(0), 6, 7], [np.int64(1), 4], [np.int64(2), 3, 5]]",[1.21039969 0.1330182  0.58428376]
652,0.25833543838723116,"[[np.int64(0), 4], [np.int64(1), 2, 3, 5, 7], [6]]",[0.08233896 1.30172733 0.54154441]
653,0.2584693893036851,"[[np.int64(0), np.int64(1)], [2, 6, 7], [3, 4, 5]]",[0.16095348 1.14021286 0.6243104 ]
654,0.2588618327619825,"[[np.int64(0), 2, 6, 7], [np.int64(1)], [3, 4, 5]]",[1.20000493 0.10076897 0.6243104 ]
655,0.2592900277874717,"[[np.int64(0), 5], [np.int64(1), 3, 6, 7], [np.int64(2), 4]]",[0.59990361 1.21017531 0.1145772 ]
656,0.25958005540477513,"[[np.int64(0), 3, 6], [np.int64(1), 2, 4, 7], [5]]",[0.66242501 0.71306907 0.548872  ]
657,0.26020428333953705,"[[np.int64(0), 2, 4], [np.int64(1), 3, 6, 7], [5]]",[0.16469454 1.21017531 0.548872  ]
658,0.2632187200617171,"[[np.int64(0), np.int64(1), np.int64(2), 7], [3, 4, 6], [5]]",[0.7328103  0.63904511 0.548872  ]
659,0.2642797763779934,"[[np.int64(0), 3, 4, 6, 7], [np.int64(1), 5], [np.int64(2)]]",[1.23521666 0.60447402 0.07997568]
660,0.26507340169708904,"[[np.int64(0)], [np.int64(1), 6, 7], [np.int64(2), 3, 4, 5]]",[0.05946881 1.22941414 0.62998979]
661,0.2652035017039147,"[[np.int64(0), np.int64(1), 4], [2, 3, 5], [6, 7]]",[0.17353005 0.58428376 1.16092882]
662,0.2659418722093172,"[[np.int64(0)], [np.int64(1), 2, 3, 4, 5], [6, 7]]",[0.05946881 0.69760663 1.16092882]
663,0.26600656441166826,"[[np.int64(0), 2, 5], [np.int64(1)], [3, 4, 6, 7]]",[0.62212026 0.10076897 1.19505035]
664,0.26706677763978703,"[[np.int64(0), 2, 4, 6, 7], [np.int64(1)], [3, 5]]",[1.24544732 0.10076897 0.57066307]
665,0.2671748568074579,"[[np.int64(0), np.int64(1)], [2, 5], [3, 4, 6, 7]]",[0.16095348 0.56076745 1.19505035]
666,0.26756746833467693,"[[np.int64(0), 2, 6, 7], [np.int64(1), 5], [3, 4]]",[1.20000493 0.60447402 0.11189972]
667,0.2676088777486765,"[[np.int64(0), 2, 7], [np.int64(1), 3, 6], [4, 5]]",[0.62607243 0.67760475 0.61266008]
668,0.2688094335985829,"[[np.int64(0), 6, 7], [np.int64(1), 2, 3, 5], [4]]",[1.21039969 0.66219419 0.04254282]
669,0.26905239209351817,"[[np.int64(0), np.int64(1), 3, 6], [2, 4, 7], [5]]",[0.74868125 0.61734049 0.548872  ]
670,0.2694200261746562,"[[np.int64(0), np.int64(1), np.int64(2), np.int64(3), 6], [4, 5], [7]]",[0.78390118 0.61266008 0.51796485]
671,0.272171020836699,"[[np.int64(0), 5], [np.int64(1), 2, 7], [3, 4, 6]]",[0.59990361 0.6728264  0.63904511]
672,0.2725144915762401,"[[np.int64(0), 3, 4, 6], [np.int64(1), 2, 7], [5]]",[0.68973324 0.6728264  0.548872  ]
673,0.27292122856624634,"[[np.int64(0), 3, 6, 7], [np.int64(1), 5], [np.int64(2), 4]]",[1.19197369 0.60447402 0.1145772 ]
674,0.27419250035828147,"[[np.int64(0), np.int64(1), 4, 5], [2, 6, 7], [3]]",[0.69004314 1.14021286 0.07949763]
675,0.2742437245117646,"[[np.int64(0), np.int64(1)], [2, 4, 5], [3, 6, 7]]",[0.16095348 0.61661422 1.13213471]
676,0.27458925574617066,"[[np.int64(0), 3, 6, 7], [np.int64(1)], [np.int64(2), 4, 5]]",[1.19197369 0.10076897 0.61661422]
677,0.2747305373766613,"[[np.int64(0), np.int64(1), np.int64(2), np.int64(3), 6], [4, 7], [5]]",[0.78390118 0.57644241 0.548872  ]
678,0.2750365075879455,"[[np.int64(0), 4, 5], [np.int64(1), 2, 7], [3, 6]]",[0.64401901 0.6728264  0.59206421]
679,0.2750989976779228,"[[np.int64(0), np.int64(1), np.int64(2), np.int64(3), 7], [4, 5], [6]]",[0.75464266 0.61266008 0.54154441]
680,0.27516038902981976,"[[np.int64(0), 2, 3, 6], [np.int64(1), 7], [4, 5]]",[0.68489179 0.61123388 0.61266008]
681,0.27561223060054285,"[[np.int64(0), np.int64(1), 5], [2, 6, 7], [3, 4]]",[0.65622132 1.14021286 0.11189972]
682,0.2769268496290598,"[[np.int64(0), 3, 4, 5], [np.int64(1)], [np.int64(2), 6, 7]]",[0.66603745 0.10076897 1.14021286]
683,0.27719527947759137,"[[np.int64(0), 3, 4], [np.int64(1), 5], [np.int64(2), 6, 7]]",[0.16206398 0.60447402 1.14021286]
684,0.27751884563175633,"[[np.int64(0), np.int64(1), 6, 7], [2, 3, 5], [4]]",[1.27960071 0.58428376 0.04254282]
685,0.27754147444941646,"[[np.int64(0)], [np.int64(1), 2, 4, 6, 7], [3, 5]]",[0.05946881 1.27627279 0.57066307]
686,0.278484156965388,"[[np.int64(0), 4], [np.int64(1), 2, 3, 5], [6, 7]]",[0.08233896 0.66219419 1.16092882]
687,0.2786522883546909,"[[np.int64(0), 3, 5], [np.int64(1), 4], [np.int64(2), 6, 7]]",[0.63206278 0.1330182  1.14021286]
688,0.27871560642239146,"[[np.int64(0)], [np.int64(1), 2, 6, 7], [3, 4, 5]]",[0.05946881 1.22145132 0.6243104 ]
689,0.27890924961029007,"[[np.int64(0), 5], [np.int64(1), 2, 4, 7], [3, 6]]",[0.59990361 0.71306907 0.59206421]
690,0.28025993643266967,"[[np.int64(0), 2, 6, 7], [np.int64(1), 4], [3, 5]]",[1.20000493 0.1330182  0.57066307]
691,0.28039091881101674,"[[np.int64(0), 3, 5], [np.int64(1), 2, 7], [4, 6]]",[0.63206278 0.6728264  0.59866603]
692,0.28101290305600357,"[[np.int64(0), np.int64(1), 5], [2, 4], [3, 6, 7]]",[0.65622132 0.1145772  1.13213471]
693,0.2817654420191409,"[[np.int64(0), np.int64(1), np.int64(2), np.int64(3), 7], [4, 6], [5]]",[0.75464266 0.59866603 0.548872  ]
694,0.2817925989952146,"[[np.int64(0), np.int64(1), 4, 5], [2], [3, 6, 7]]",[0.69004314 0.07997568 1.13213471]
695,0.28180673392875377,"[[np.int64(0), np.int64(1), np.int64(2), 7], [3, 5], [4, 6]]",[0.7328103  0.57066307 0.59866603]
696,0.2826428641569434,"[[np.int64(0), 2, 4], [np.int64(1), 5], [3, 6, 7]]",[0.16469454 0.60447402 1.13213471]
697,0.2833290564112749,"[[np.int64(0)], [np.int64(1), 3, 5], [np.int64(2), 4, 6, 7]]",[0.05946881 0.63582035 1.20532792]
698,0.2852722459023127,"[[np.int64(0), 6], [np.int64(1), 2, 7], [3, 4, 5]]",[0.60153708 0.6728264  0.6243104 ]
699,0.2852810234401273,"[[np.int64(0), np.int64(1), np.int64(2), 7], [3, 4, 5], [6]]",[0.7328103  0.6243104  0.54154441]
700,0.28545833603282755,"[[np.int64(0), 6], [np.int64(1), 2, 3, 7], [4, 5]]",[0.60153708 0.68429064 0.61266008]
701,0.2871930529869198,"[[np.int64(0), 3, 4, 6, 7], [np.int64(1)], [np.int64(2), 5]]",[1.23521666 0.10076897 0.56076745]
702,0.28721290934278776,"[[np.int64(0), 2, 3, 6, 7], [np.int64(1)], [4, 5]]",[1.18330418 0.10076897 0.61266008]
703,0.28788921183024674,"[[np.int64(0), 3, 5], [np.int64(1), 2, 6, 7], [4]]",[0.63206278 1.22145132 0.04254282]
704,0.287909274547437,"[[np.int64(0), 4], [np.int64(1), 6, 7], [np.int64(2), 3, 5]]",[0.08233896 1.22941414 0.58428376]
705,0.28878115435935126,"[[np.int64(0), np.int64(1), np.int64(2), 6, 7], [3, 5], [4]]",[1.28195909 0.57066307 0.04254282]
706,0.289097291847908,"[[np.int64(0), 5], [np.int64(1), 3, 6], [np.int64(2), 4, 7]]",[0.59990361 0.67760475 0.61734049]
707,0.289629613780364,"[[np.int64(0), np.int64(1), np.int64(2), 4, 7], [3, 6], [5]]",[0.7533803  0.59206421 0.548872  ]
708,0.29076448832610113,"[[np.int64(0), 2, 3, 6], [np.int64(1), 4, 7], [5]]",[0.68489179 0.65941785 0.548872  ]
709,0.292748097061031,"[[np.int64(0), 2, 4, 5], [np.int64(1)], [3, 6, 7]]",[0.65829435 0.10076897 1.13213471]
710,0.29367303544293155,"[[np.int64(0), 3, 6], [np.int64(1), 7], [np.int64(2), 4, 5]]",[0.66242501 0.61123388 0.61661422]
711,0.29470964403676203,"[[np.int64(0), 2, 7], [np.int64(1), 3, 4, 6], [5]]",[0.62607243 0.71429206 0.548872  ]
712,0.2955181379198395,"[[np.int64(0), 4, 5], [np.int64(1), 3, 6], [np.int64(2), 7]]",[0.64401901 0.67760475 0.56680423]
713,0.29667296196813453,"[[np.int64(0), 2, 5], [np.int64(1), 4], [3, 6, 7]]",[0.62212026 0.1330182  1.13213471]
714,0.29674839347392146,"[[np.int64(0), 3, 6], [np.int64(1), 4, 5], [np.int64(2), 7]]",[0.66242501 0.6579685  0.56680423]
715,0.2971885817772091,"[[np.int64(0), np.int64(1)], [2, 3, 6, 7], [4, 5]]",[0.16095348 1.113144   0.61266008]
716,0.29726988143719923,"[[np.int64(0), 3, 5], [np.int64(1), 2, 4, 7], [6]]",[0.63206278 0.71306907 0.54154441]
717,0.297687808159381,"[[np.int64(0)], [np.int64(1), 3, 6, 7], [np.int64(2), 4, 5]]",[0.05946881 1.21017531 0.61661422]
718,0.29805501993774564,"[[np.int64(0), np.int64(1), 3, 6], [2, 5], [4, 7]]",[0.74868125 0.56076745 0.57644241]
719,0.29818678559833023,"[[np.int64(0), 3, 6, 7], [np.int64(1), 4], [np.int64(2), 5]]",[1.19197369 0.1330182  0.56076745]
720,0.2986769190171217,"[[np.int64(0), 6], [np.int64(1), 2, 4, 7], [3, 5]]",[0.60153708 0.71306907 0.57066307]
721,0.2995401579194277,"[[np.int64(0), np.int64(1), 4], [2, 6, 7], [3, 5]]",[0.17353005 1.14021286 0.57066307]
722,0.29970662425276906,"[[np.int64(0), 3, 6], [np.int64(1), 5], [np.int64(2), 4, 7]]",[0.66242501 0.60447402 0.61734049]
723,0.30030437745338934,"[[np.int64(0)], [np.int64(1), 2, 5], [3, 4, 6, 7]]",[0.05946881 0.62912261 1.19505035]
724,0.3005333615668566,"[[np.int64(0), 2, 4, 7], [np.int64(1), 3, 6], [5]]",[0.65693602 0.67760475 0.548872  ]
725,0.3006858164068593,"[[np.int64(0), np.int64(1), 3, 6], [2, 4, 5], [7]]",[0.74868125 0.61661422 0.51796485]
726,0.3009125285493508,"[[np.int64(0)], [np.int64(1), 3, 4, 6, 7], [np.int64(2), 5]]",[0.05946881 1.26279735 0.56076745]
727,0.30108585868684123,"[[np.int64(0), 5], [np.int64(1), 2, 3, 7], [4, 6]]",[0.59990361 0.68429064 0.59866603]
728,0.3013358270680937,"[[np.int64(0), 3, 6], [np.int64(1), 4, 7], [np.int64(2), 5]]",[0.66242501 0.65941785 0.56076745]
729,0.30147062133599545,"[[np.int64(0), 4, 6], [np.int64(1), 2, 7], [3, 5]]",[0.63898605 0.6728264  0.57066307]
730,0.30187073804059295,"[[np.int64(0), 7], [np.int64(1), 2, 3, 6], [4, 5]]",[0.56691184 0.70250348 0.61266008]
731,0.3025740044535361,"[[np.int64(0), np.int64(1), 3, 4, 6], [2, 7], [5]]",[0.76569589 0.56680423 0.548872  ]
732,0.30294623926286945,"[[np.int64(0), 5], [np.int64(1), 3, 4, 6], [np.int64(2), 7]]",[0.59990361 0.71429206 0.56680423]
733,0.3032546763375068,"[[np.int64(0), np.int64(1), 3, 5], [2, 6, 7], [4]]",[0.69793578 1.14021286 0.04254282]
734,0.30353787326744586,"[[np.int64(0), 3, 4, 5], [np.int64(1), 2, 7], [6]]",[0.66603745 0.6728264  0.54154441]
735,0.3050903645728027,"[[np.int64(0)], [np.int64(1), 3, 4, 5], [np.int64(2), 6, 7]]",[0.05946881 0.6791741  1.14021286]
736,0.30509664079987786,"[[np.int64(0), 5], [np.int64(1), 2, 3, 6], [4, 7]]",[0.59990361 0.70250348 0.57644241]
737,0.30557802996436045,"[[np.int64(0), 2, 6, 7], [np.int64(1), 3, 5], [4]]",[1.20000493 0.63582035 0.04254282]
738,0.30600232941513994,"[[np.int64(0), np.int64(1)], [2, 3, 4, 6, 7], [5]]",[0.16095348 1.16811832 0.548872  ]
739,0.3061796897980076,"[[np.int64(0), np.int64(1), 7], [2, 3, 6], [4, 5]]",[0.66089657 0.6042098  0.61266008]
740,0.30777871602330764,"[[np.int64(0), 2, 5], [np.int64(1), 3, 6], [4, 7]]",[0.62212026 0.67760475 0.57644241]
741,0.3078409924533292,"[[np.int64(0), 2, 7], [np.int64(1), 4, 5], [3, 6]]",[0.62607243 0.6579685  0.59206421]
742,0.3078795216057342,"[[np.int64(0)], [np.int64(1), 2, 3, 6, 7], [4, 5]]",[0.05946881 1.20393773 0.61266008]
743,0.3091077519726002,"[[np.int64(0), 2, 5], [np.int64(1), 3, 6, 7], [4]]",[0.62212026 1.21017531 0.04254282]
744,0.3094927869438582,"[[np.int64(0), 4], [np.int64(1), 2, 6, 7], [3, 5]]",[0.08233896 1.22145132 0.57066307]
745,0.30990587005392145,"[[np.int64(0), np.int64(1), 3, 6, 7], [2, 5], [4]]",[1.27072999 0.56076745 0.04254282]
746,0.31034381760478147,"[[np.int64(0), 2, 5], [np.int64(1), 4, 7], [3, 6]]",[0.62212026 0.65941785 0.59206421]
747,0.3115468965023094,"[[np.int64(0), 2, 5], [np.int64(1), 7], [3, 4, 6]]",[0.62212026 0.61123388 0.63904511]
748,0.31179744531910103,"[[np.int64(0), 4, 6], [np.int64(1), 2, 3, 7], [5]]",[0.63898605 0.68429064 0.548872  ]
749,0.31409207929067895,"[[np.int64(0), 4, 5], [np.int64(1), 2, 3, 7], [6]]",[0.64401901 0.68429064 0.54154441]
750,0.31435458255286197,"[[np.int64(0), 2, 7], [np.int64(1), 5], [3, 4, 6]]",[0.62607243 0.60447402 0.63904511]
751,0.31437113254229176,"[[np.int64(0), np.int64(1), 7], [2, 4, 5], [3, 6]]",[0.66089657 0.61661422 0.59206421]
752,0.3145934479755139,"[[np.int64(0), np.int64(1), 6], [2, 7], [3, 4, 5]]",[0.67823805 0.56680423 0.6243104 ]
753,0.3151552406881777,"[[np.int64(0), 5], [np.int64(1)], [np.int64(2), 3, 4, 6, 7]]",[0.59990361 0.10076897 1.16811832]
754,0.31540688813905415,"[[np.int64(0), 2, 3, 7], [np.int64(1), 6], [4, 5]]",[0.6383495  0.61752967 0.61266008]
755,0.31569932192577466,"[[np.int64(0), 2, 3, 4, 6, 7], [np.int64(1)], [5]]",[1.21860584 0.10076897 0.548872  ]
756,0.31595610827790455,"[[np.int64(0), 3, 6], [np.int64(1), 2, 5], [4, 7]]",[0.66242501 0.62912261 0.57644241]
757,0.31603363661107764,"[[np.int64(0), 2, 7], [np.int64(1), 6], [3, 4, 5]]",[0.62607243 0.61752967 0.6243104 ]
758,0.3170132009649984,"[[np.int64(0), 3, 5], [np.int64(1), 6], [np.int64(2), 4, 7]]",[0.63206278 0.61752967 0.61734049]
759,0.3175139193089802,"[[np.int64(0), np.int64(1), 4], [2, 5], [3, 6, 7]]",[0.17353005 0.56076745 1.13213471]
760,0.31766683325197254,"[[np.int64(0)], [np.int64(1), 2, 4, 5], [3, 6, 7]]",[0.05946881 0.67467578 1.13213471]
761,0.31770453299604595,"[[np.int64(0), np.int64(1), 6], [2, 4, 7], [3, 5]]",[0.67823805 0.61734049 0.57066307]
762,0.317717687502566,"[[np.int64(0), np.int64(1), np.int64(2), np.int64(3), 6, 7], [4], [5]]",[1.27481362 0.04254282 0.548872  ]
763,0.3180415488371522,"[[np.int64(0), 2, 3, 5], [np.int64(1), 7], [4, 6]]",[0.65600468 0.61123388 0.59866603]
764,0.31807748342204034,"[[np.int64(0), np.int64(1), np.int64(2), 5], [3, 6, 7], [4]]",[0.69119112 1.13213471 0.04254282]
765,0.3181379133550033,"[[np.int64(0), 2, 3, 6], [np.int64(1), 5], [4, 7]]",[0.68489179 0.60447402 0.57644241]
766,0.3183201129094091,"[[np.int64(0), np.int64(1), 5], [2, 4, 7], [3, 6]]",[0.65622132 0.61734049 0.59206421]
767,0.3183583614999921,"[[np.int64(0), np.int64(1), np.int64(2), 4, 7], [3, 5], [6]]",[0.7533803  0.57066307 0.54154441]
768,0.3187517468660661,"[[np.int64(0), 2, 3, 6, 7], [np.int64(1), 4], [5]]",[1.18330418 0.1330182  0.548872  ]
769,0.31914447685281866,"[[np.int64(0), 6], [np.int64(1), 2, 3, 4, 7], [5]]",[0.60153708 0.71439257 0.548872  ]
770,0.3194587945429288,"[[np.int64(0), 4, 5], [np.int64(1), 2, 3, 6], [7]]",[0.64401901 0.70250348 0.51796485]
771,0.31958153983980386,"[[np.int64(0), 2, 3, 4, 6], [np.int64(1), 7], [5]]",[0.70425872 0.61123388 0.548872  ]
772,0.32030701260111094,"[[np.int64(0), 3, 6, 7], [np.int64(1), 2, 5], [4]]",[1.19197369 0.62912261 0.04254282]
773,0.320414886200443,"[[np.int64(0), 5], [np.int64(1), 4, 7], [np.int64(2), 3, 6]]",[0.59990361 0.65941785 0.6042098 ]
774,0.3205400929142308,"[[np.int64(0), np.int64(1), 3, 5], [2, 7], [4, 6]]",[0.69793578 0.56680423 0.59866603]
775,0.3207214145273687,"[[np.int64(0), 3, 5], [np.int64(1), 4, 6], [np.int64(2), 7]]",[0.63206278 0.66435771 0.56680423]
776,0.3218754722300943,"[[np.int64(0), np.int64(1), 5], [2, 7], [3, 4, 6]]",[0.65622132 0.56680423 0.63904511]
777,0.32221157091067765,"[[np.int64(0), 3, 4, 6], [np.int64(1), 7], [np.int64(2), 5]]",[0.68973324 0.61123388 0.56076745]
778,0.3223536909246747,"[[np.int64(0), 2, 4, 5], [np.int64(1), 7], [3, 6]]",[0.65829435 0.61123388 0.59206421]
779,0.3228153246039689,"[[np.int64(0), 7], [np.int64(1), 3, 6], [np.int64(2), 4, 5]]",[0.56691184 0.67760475 0.61661422]
780,0.3228529351939804,"[[np.int64(0), 2, 7], [np.int64(1), 4, 6], [3, 5]]",[0.62607243 0.66435771 0.57066307]
781,0.32293464851851006,"[[np.int64(0), 3, 4, 6], [np.int64(1), 5], [np.int64(2), 7]]",[0.68973324 0.60447402 0.56680423]
782,0.3231209902472747,"[[np.int64(0), 2, 3, 6], [np.int64(1), 4, 5], [7]]",[0.68489179 0.6579685  0.51796485]
783,0.32323700306498204,"[[np.int64(0), np.int64(1), 7], [2, 5], [3, 4, 6]]",[0.66089657 0.56076745 0.63904511]
784,0.3233873191297172,"[[np.int64(0), 2, 7], [np.int64(1), 3, 5], [4, 6]]",[0.62607243 0.63582035 0.59866603]
785,0.32413476507891636,"[[np.int64(0), np.int64(1), np.int64(2), np.int64(3), np.int64(4), 6], [5], [7]]",[0.79297452 0.548872   0.51796485]
786,0.3242483932657174,"[[np.int64(0), np.int64(1), np.int64(2), 5], [3, 6], [4, 7]]",[0.69119112 0.59206421 0.57644241]
787,0.3243348153962098,"[[np.int64(0), np.int64(1), 6], [2, 3, 7], [4, 5]]",[0.67823805 0.56871319 0.61266008]
788,0.3244834518492179,"[[np.int64(0), 4, 5], [np.int64(1), 7], [np.int64(2), 3, 6]]",[0.64401901 0.61123388 0.6042098 ]
789,0.32510792391866405,"[[np.int64(0), np.int64(1), np.int64(2), 6], [3, 5], [4, 7]]",[0.71173274 0.57066307 0.57644241]
790,0.3255739569999929,"[[np.int64(0), 4], [np.int64(1), 3, 5], [np.int64(2), 6, 7]]",[0.08233896 0.63582035 1.14021286]
791,0.3260141579953024,"[[np.int64(0), 4, 5], [np.int64(1)], [np.int64(2), 3, 6, 7]]",[0.64401901 0.10076897 1.113144  ]
792,0.32612323213423267,"[[np.int64(0), 2, 6], [np.int64(1), 7], [3, 4, 5]]",[0.62227862 0.61123388 0.6243104 ]
793,0.32685391418765364,"[[np.int64(0), 4, 7], [np.int64(1), 2, 3, 6], [5]]",[0.60571674 0.70250348 0.548872  ]
794,0.3269792037922159,"[[np.int64(0), 2, 3, 5], [np.int64(1), 4, 7], [6]]",[0.65600468 0.65941785 0.54154441]
795,0.3269868573379413,"[[np.int64(0)], [np.int64(1), 2, 3, 4, 6, 7], [5]]",[0.05946881 1.24861847 0.548872  ]
796,0.3271254674461368,"[[np.int64(0), np.int64(1), 3, 5], [2, 4, 7], [6]]",[0.69793578 0.61734049 0.54154441]
797,0.3280345679042218,"[[np.int64(0), 2, 6], [np.int64(1), 3, 7], [4, 5]]",[0.62227862 0.62097287 0.61266008]
798,0.32810555516561424,"[[np.int64(0), 5], [np.int64(1), 2, 3, 4, 7], [6]]",[0.59990361 0.71439257 0.54154441]
799,0.32845780344297015,"[[np.int64(0), np.int64(1), np.int64(2), np.int64(3), np.int64(4), 7], [5], [6]]",[0.76507192 0.548872   0.54154441]
800,0.32888049284129495,"[[np.int64(0), 3, 6], [np.int64(1), 2, 4, 5], [7]]",[0.66242501 0.67467578 0.51796485]
801,0.32924821057493414,"[[np.int64(0), 6], [np.int64(1), 3, 5], [np.int64(2), 4, 7]]",[0.60153708 0.63582035 0.61734049]
802,0.3295592727690899,"[[np.int64(0), 5], [np.int64(1), 7], [np.int64(2), 3, 4, 6]]",[0.59990361 0.61123388 0.64324938]
803,0.3295689711093881,"[[np.int64(0), 2, 5], [np.int64(1), 3, 4, 6], [7]]",[0.62212026 0.71429206 0.51796485]
804,0.32993814656925013,"[[np.int64(0), np.int64(1), np.int64(2), 6], [3, 4, 5], [7]]",[0.71173274 0.6243104  0.51796485]
805,0.33008217743747736,"[[np.int64(0), 2, 4, 5], [np.int64(1), 3, 6], [7]]",[0.65829435 0.67760475 0.51796485]
806,0.3304718881772326,"[[np.int64(0), 2, 4, 7], [np.int64(1), 5], [3, 6]]",[0.65693602 0.60447402 0.59206421]
807,0.3306644148623201,"[[np.int64(0), 4], [np.int64(1), 3, 6, 7], [np.int64(2), 5]]",[0.08233896 1.21017531 0.56076745]
808,0.3309281756629354,"[[np.int64(0), np.int64(1), 7], [2, 3, 4, 6], [5]]",[0.66089657 0.64324938 0.548872  ]
809,0.33132850216297016,"[[np.int64(0), np.int64(1), np.int64(2), np.int64(3), 5], [4, 7], [6]]",[0.73463082 0.57644241 0.54154441]
810,0.33158659757792264,"[[np.int64(0), 2, 6], [np.int64(1), 4, 7], [3, 5]]",[0.62227862 0.65941785 0.57066307]
811,0.332366920574549,"[[np.int64(0), 2, 3, 7], [np.int64(1), 4, 6], [5]]",[0.6383495  0.66435771 0.548872  ]
812,0.33268443530218317,"[[np.int64(0), np.int64(1), np.int64(2), np.int64(3), 5], [4, 6], [7]]",[0.73463082 0.59866603 0.51796485]
813,0.3335747808895215,"[[np.int64(0), 3, 4, 5], [np.int64(1), 6], [np.int64(2), 7]]",[0.66603745 0.61752967 0.56680423]
814,0.33396937950092354,"[[np.int64(0), 2, 3, 5], [np.int64(1), 6], [4, 7]]",[0.65600468 0.61752967 0.57644241]
815,0.33473779555644323,"[[np.int64(0), 3, 5], [np.int64(1), 2, 6], [4, 7]]",[0.63206278 0.64070315 0.57644241]
816,0.3348282035570773,"[[np.int64(0), 5], [np.int64(1), 2, 3, 4, 6], [7]]",[0.59990361 0.73124948 0.51796485]
817,0.3350345470756173,"[[np.int64(0), np.int64(1), 4, 5], [2, 7], [3, 6]]",[0.69004314 0.56680423 0.59206421]
818,0.3357450602575216,"[[np.int64(0), np.int64(1), np.int64(2), 5], [3, 4, 6], [7]]",[0.69119112 0.63904511 0.51796485]
819,0.3364307136486775,"[[np.int64(0), 6], [np.int64(1), 3, 4, 5], [np.int64(2), 7]]",[0.60153708 0.6791741  0.56680423]
820,0.3369128119997975,"[[np.int64(0), 7], [np.int64(1), 2, 3, 4, 6], [5]]",[0.56691184 0.73124948 0.548872  ]
821,0.33715519673536654,"[[np.int64(0), 2, 7], [np.int64(1), 3, 4, 5], [6]]",[0.62607243 0.6791741  0.54154441]
822,0.3375619767588993,"[[np.int64(0), 5], [np.int64(1), 2, 3, 6, 7], [4]]",[0.59990361 1.20393773 0.04254282]
823,0.3378803305735252,"[[np.int64(0), 5], [np.int64(1), 4], [np.int64(2), 3, 6, 7]]",[0.59990361 0.1330182  1.113144  ]
824,0.3383176368869718,"[[np.int64(0), np.int64(1), 3, 7], [2, 6], [4, 5]]",[0.68100368 0.55196474 0.61266008]
825,0.3387074450409657,"[[np.int64(0), 6], [np.int64(1), 4, 7], [np.int64(2), 3, 5]]",[0.60153708 0.65941785 0.58428376]
826,0.3388173865766657,"[[np.int64(0), 2, 4, 7], [np.int64(1), 6], [3, 5]]",[0.65693602 0.61752967 0.57066307]
827,0.33950441638288287,"[[np.int64(0), 3, 5], [np.int64(1), 7], [np.int64(2), 4, 6]]",[0.63206278 0.61123388 0.60114506]
828,0.3395179399688819,"[[np.int64(0), np.int64(1), 3, 4, 6], [2, 5], [7]]",[0.76569589 0.56076745 0.51796485]
829,0.3398571930799108,"[[np.int64(0), 4, 7], [np.int64(1), 3, 6], [np.int64(2), 5]]",[0.60571674 0.67760475 0.56076745]
830,0.340099771292544,"[[np.int64(0), np.int64(1), 7], [2, 3, 5], [4, 6]]",[0.66089657 0.58428376 0.59866603]
831,0.3403498518606347,"[[np.int64(0), 4], [np.int64(1), 2, 5], [3, 6, 7]]",[0.08233896 0.62912261 1.13213471]
832,0.34050076366682713,"[[np.int64(0), 3, 5], [np.int64(1), 4, 7], [np.int64(2), 6]]",[0.63206278 0.65941785 0.55196474]
833,0.3410854115034727,"[[np.int64(0), np.int64(1), 4, 6], [2, 7], [3, 5]]",[0.70539343 0.56680423 0.57066307]
834,0.3411853872683943,"[[np.int64(0), 6], [np.int64(1), 7], [np.int64(2), 3, 4, 5]]",[0.60153708 0.61123388 0.62998979]
835,0.3414047596294212,"[[np.int64(0), np.int64(1), np.int64(2), 6], [3, 7], [4, 5]]",[0.71173274 0.51814856 0.61266008]
836,0.34145645403934455,"[[np.int64(0), np.int64(1), 4, 7], [2, 3, 6], [5]]",[0.68940788 0.6042098  0.548872  ]
837,0.3417065891125102,"[[np.int64(0), np.int64(1), 4, 7], [2, 5], [3, 6]]",[0.68940788 0.56076745 0.59206421]
838,0.34197478322093566,"[[np.int64(0), 7], [np.int64(1), 3, 4, 6], [np.int64(2), 5]]",[0.56691184 0.71429206 0.56076745]
839,0.3421869799919266,"[[np.int64(0), 2, 5], [np.int64(1), 3, 7], [4, 6]]",[0.62212026 0.62097287 0.59866603]
840,0.34233550098808396,"[[np.int64(0), 4, 6], [np.int64(1), 3, 5], [np.int64(2), 7]]",[0.63898605 0.63582035 0.56680423]
841,0.3424565818004668,"[[np.int64(0), 2, 3, 7], [np.int64(1), 5], [4, 6]]",[0.6383495  0.60447402 0.59866603]
842,0.3435089706618806,"[[np.int64(0), np.int64(1), 3, 7], [2, 5], [4, 6]]",[0.68100368 0.56076745 0.59866603]
843,0.3437724489605949,"[[np.int64(0), 6], [np.int64(1), 2, 3, 5], [4, 7]]",[0.60153708 0.66219419 0.57644241]
844,0.3447838339917817,"[[np.int64(0), np.int64(1), 3, 7], [2, 4, 5], [6]]",[0.68100368 0.61661422 0.54154441]
845,0.34482196867785864,"[[np.int64(0), 6], [np.int64(1), 3, 7], [np.int64(2), 4, 5]]",[0.60153708 0.62097287 0.61661422]
846,0.3449819152007987,"[[np.int64(0), np.int64(1), 6], [2, 3, 5], [4, 7]]",[0.67823805 0.58428376 0.57644241]
847,0.34561890073441237,"[[np.int64(0), 2, 3, 5], [np.int64(1), 4, 6], [7]]",[0.65600468 0.66435771 0.51796485]
848,0.3460837255535256,"[[np.int64(0), 2, 3, 7], [np.int64(1), 4, 5], [6]]",[0.6383495  0.6579685  0.54154441]
849,0.34677441700970135,"[[np.int64(0), np.int64(1), 7], [2, 6], [3, 4, 5]]",[0.66089657 0.55196474 0.6243104 ]
850,0.3470726056804707,"[[np.int64(0), np.int64(1), 5], [2, 3, 6], [4, 7]]",[0.65622132 0.6042098  0.57644241]
851,0.34712544021476477,"[[np.int64(0), 3, 4, 6], [np.int64(1), 2, 5], [7]]",[0.68973324 0.62912261 0.51796485]
852,0.34772736812192484,"[[np.int64(0), np.int64(1), 6], [2, 3, 4, 7], [5]]",[0.67823805 0.60910871 0.548872  ]
853,0.3484000842455428,"[[np.int64(0), np.int64(1), 4], [2, 3, 6, 7], [5]]",[0.17353005 1.113144   0.548872  ]
854,0.34879743597979207,"[[np.int64(0), 4], [np.int64(1), 2, 3, 6, 7], [5]]",[0.08233896 1.20393773 0.548872  ]
855,0.3488665779179436,"[[np.int64(0), 7], [np.int64(1), 2, 5], [3, 4, 6]]",[0.56691184 0.62912261 0.63904511]
856,0.3491298109647001,"[[np.int64(0), 2, 3, 4, 5], [np.int64(1), 7], [6]]",[0.68203804 0.61123388 0.54154441]
857,0.34940474531664334,"[[np.int64(0), 2, 6], [np.int64(1), 3, 5], [4, 7]]",[0.62227862 0.63582035 0.57644241]
858,0.34944245503095805,"[[np.int64(0), 4, 6], [np.int64(1), 7], [np.int64(2), 3, 5]]",[0.63898605 0.61123388 0.58428376]
859,0.349645358606679,"[[np.int64(0), 2, 4, 7], [np.int64(1), 3, 5], [6]]",[0.65693602 0.63582035 0.54154441]
860,0.35026291523903397,"[[np.int64(0), 2, 4, 6], [np.int64(1), 7], [3, 5]]",[0.65178628 0.61123388 0.57066307]
861,0.35029429548952984,"[[np.int64(0), 7], [np.int64(1), 2, 4, 5], [3, 6]]",[0.56691184 0.67467578 0.59206421]
862,0.35097163169337486,"[[np.int64(0), 5], [np.int64(1), 4, 6], [np.int64(2), 3, 7]]",[0.59990361 0.66435771 0.56871319]
863,0.35124143516944684,"[[np.int64(0), np.int64(1), 7], [2, 4, 6], [3, 5]]",[0.66089657 0.60114506 0.57066307]
864,0.35151536847503606,"[[np.int64(0), np.int64(1), 7], [2, 3, 4, 5], [6]]",[0.66089657 0.62998979 0.54154441]
865,0.3518849938801627,"[[np.int64(0)], [np.int64(1), 5], [np.int64(2), 3, 4, 6, 7]]",[0.05946881 0.60447402 1.16811832]
866,0.3520207425424684,"[[np.int64(0), 7], [np.int64(1), 2, 6], [3, 4, 5]]",[0.56691184 0.64070315 0.6243104 ]
867,0.35292538889930913,"[[np.int64(0), np.int64(1), 3, 7], [2, 4, 6], [5]]",[0.68100368 0.60114506 0.548872  ]
868,0.35311923970992054,"[[np.int64(0), 3, 7], [np.int64(1), 2, 6], [4, 5]]",[0.57746367 0.64070315 0.61266008]
869,0.3533648343365081,"[[np.int64(0)], [np.int64(1), 4, 5], [np.int64(2), 3, 6, 7]]",[0.05946881 0.6579685  1.113144  ]
870,0.35362511768793814,"[[np.int64(0), 2, 3, 6, 7], [np.int64(1), 5], [4]]",[1.18330418 0.60447402 0.04254282]
871,0.3536842642029363,"[[np.int64(0), 4, 5], [np.int64(1), 6], [np.int64(2), 3, 7]]",[0.64401901 0.61752967 0.56871319]
872,0.35377940105309436,"[[np.int64(0), 2, 6], [np.int64(1), 3, 4, 7], [5]]",[0.62227862 0.65901611 0.548872  ]
873,0.3539806354649364,"[[np.int64(0), np.int64(1), 3, 4, 5], [2, 7], [6]]",[0.72161686 0.56680423 0.54154441]
874,0.3543286244610515,"[[np.int64(0), 3, 5], [np.int64(1), 2, 4, 6], [7]]",[0.63206278 0.67958988 0.51796485]
875,0.354710063168193,"[[np.int64(0), 3, 4, 5], [np.int64(1), 7], [np.int64(2), 6]]",[0.66603745 0.61123388 0.55196474]
876,0.35485599656433675,"[[np.int64(0), 7], [np.int64(1), 4, 5], [np.int64(2), 3, 6]]",[0.56691184 0.6579685  0.6042098 ]
877,0.35572735835955505,"[[np.int64(0), 6], [np.int64(1), 4, 5], [np.int64(2), 3, 7]]",[0.60153708 0.6579685  0.56871319]
878,0.3561740688553239,"[[np.int64(0), 7], [np.int64(1), 2, 3, 5], [4, 6]]",[0.56691184 0.66219419 0.59866603]
879,0.35684544277416386,"[[np.int64(0), np.int64(1), np.int64(2), 4, 5], [3, 6], [7]]",[0.71707163 0.59206421 0.51796485]
880,0.35685600468401724,"[[np.int64(0), np.int64(1), np.int64(2), 6], [3, 4, 7], [5]]",[0.71173274 0.56648539 0.548872  ]
881,0.35704257587119526,"[[np.int64(0), 4, 7], [np.int64(1), 2, 5], [3, 6]]",[0.60571674 0.62912261 0.59206421]
882,0.3572485529629823,"[[np.int64(0), 2, 3, 4, 6], [np.int64(1), 5], [7]]",[0.70425872 0.60447402 0.51796485]
883,0.35740415198359576,"[[np.int64(0), 5], [np.int64(1), 6], [np.int64(2), 3, 4, 7]]",[0.59990361 0.61752967 0.60910871]
884,0.35760320585667316,"[[np.int64(0), np.int64(1), 3, 5], [2, 6], [4, 7]]",[0.69793578 0.55196474 0.57644241]
885,0.35775344552250377,"[[np.int64(0), np.int64(1), 6], [2, 3, 4, 5], [7]]",[0.67823805 0.62998979 0.51796485]
886,0.35847210580982525,"[[np.int64(0), 2, 3, 4, 7], [np.int64(1), 6], [5]]",[0.65907236 0.61752967 0.548872  ]
887,0.35924068315208535,"[[np.int64(0), 3, 4, 5], [np.int64(1), 2, 6], [7]]",[0.66603745 0.64070315 0.51796485]
888,0.3603455873704182,"[[np.int64(0), np.int64(1), 5], [2, 3, 7], [4, 6]]",[0.65622132 0.56871319 0.59866603]
889,0.36096751277675976,"[[np.int64(0), np.int64(1), 4, 6], [2, 3, 7], [5]]",[0.70539343 0.56871319 0.548872  ]
890,0.36126536879958104,"[[np.int64(0), 2, 5], [np.int64(1), 3, 4, 7], [6]]",[0.62212026 0.65901611 0.54154441]
891,0.3619246018981821,"[[np.int64(0), 5], [np.int64(1), 3, 7], [np.int64(2), 4, 6]]",[0.59990361 0.62097287 0.60114506]
892,0.3623149848616143,"[[np.int64(0), 2, 4, 6], [np.int64(1), 3, 7], [5]]",[0.65178628 0.62097287 0.548872  ]
893,0.3626254941556122,"[[np.int64(0), 6], [np.int64(1), 3, 4, 7], [np.int64(2), 5]]",[0.60153708 0.65901611 0.56076745]
894,0.3631345082668831,"[[np.int64(0), 2, 4, 5], [np.int64(1), 3, 7], [6]]",[0.65829435 0.62097287 0.54154441]
895,0.36321977029301333,"[[np.int64(0), 4, 6], [np.int64(1), 3, 7], [np.int64(2), 5]]",[0.63898605 0.62097287 0.56076745]
896,0.36437141776832793,"[[np.int64(0), np.int64(1), np.int64(2), 4, 6], [3, 5], [7]]",[0.7309468  0.57066307 0.51796485]
897,0.36452855606150614,"[[np.int64(0), 2, 6], [np.int64(1), 3, 4, 5], [7]]",[0.62227862 0.6791741  0.51796485]
898,0.3648010470448637,"[[np.int64(0), 4, 6], [np.int64(1), 2, 3, 5], [7]]",[0.63898605 0.66219419 0.51796485]
899,0.36641357476768466,"[[np.int64(0), 2, 3, 4, 5], [np.int64(1), 6], [7]]",[0.68203804 0.61752967 0.51796485]
900,0.3665105803433939,"[[np.int64(0), np.int64(1), 5], [2, 3, 4, 6], [7]]",[0.65622132 0.64324938 0.51796485]
901,0.3667813487964906,"[[np.int64(0), 7], [np.int64(1), 2, 4, 6], [3, 5]]",[0.56691184 0.67958988 0.57066307]
902,0.36683756737657647,"[[np.int64(0), 6], [np.int64(1), 2, 3, 4, 5], [7]]",[0.60153708 0.69760663 0.51796485]
903,0.36686318483693814,"[[np.int64(0), 4, 7], [np.int64(1), 2, 6], [3, 5]]",[0.60571674 0.64070315 0.57066307]
904,0.36690044666700516,"[[np.int64(0), np.int64(1), 3, 5], [2, 4, 6], [7]]",[0.69793578 0.60114506 0.51796485]
905,0.36698951483090103,"[[np.int64(0), 4, 5], [np.int64(1), 3, 7], [np.int64(2), 6]]",[0.64401901 0.62097287 0.55196474]
906,0.36839282873867885,"[[np.int64(0), 7], [np.int64(1), 4, 6], [np.int64(2), 3, 5]]",[0.56691184 0.66435771 0.58428376]
907,0.36871009119266307,"[[np.int64(0), np.int64(1), 4, 7], [2, 3, 5], [6]]",[0.68940788 0.58428376 0.54154441]
908,0.3688263229909938,"[[np.int64(0), 6], [np.int64(1), 5], [np.int64(2), 3, 4, 7]]",[0.60153708 0.60447402 0.60910871]
909,0.36931089433498876,"[[np.int64(0), 7], [np.int64(1), 5], [np.int64(2), 3, 4, 6]]",[0.56691184 0.60447402 0.64324938]
910,0.36951483782689465,"[[np.int64(0), 7], [np.int64(1), 6], [np.int64(2), 3, 4, 5]]",[0.56691184 0.61752967 0.62998979]
911,0.3695455846171214,"[[np.int64(0), 4, 7], [np.int64(1), 5], [np.int64(2), 3, 6]]",[0.60571674 0.60447402 0.6042098 ]
912,0.37094530422214955,"[[np.int64(0), np.int64(1), 6], [2, 4, 5], [3, 7]]",[0.67823805 0.61661422 0.51814856]
913,0.37172834751779793,"[[np.int64(0), np.int64(1), 4, 5], [2, 3, 6], [7]]",[0.69004314 0.6042098  0.51796485]
914,0.37177287955155247,"[[np.int64(0), 4, 6], [np.int64(1), 5], [np.int64(2), 3, 7]]",[0.63898605 0.60447402 0.56871319]
915,0.37191044739844736,"[[np.int64(0), np.int64(1), 4, 7], [2, 6], [3, 5]]",[0.68940788 0.55196474 0.57066307]
916,0.37203799584652253,"[[np.int64(0), np.int64(1), 5], [2, 3, 6, 7], [4]]",[0.65622132 1.113144   0.04254282]
917,0.3723385806338215,"[[np.int64(0), 3, 7], [np.int64(1), 6], [np.int64(2), 4, 5]]",[0.57746367 0.61752967 0.61661422]
918,0.37306168303471754,"[[np.int64(0), 5], [np.int64(1), 3, 4, 7], [np.int64(2), 6]]",[0.59990361 0.65901611 0.55196474]
919,0.37406628552400734,"[[np.int64(0), np.int64(1), np.int64(2), np.int64(3), np.int64(4), np.int64(5)], [6], [7]]",[0.75037059 0.54154441 0.51796485]
920,0.3744908006611667,"[[np.int64(0), 4, 7], [np.int64(1), 2, 3, 5], [6]]",[0.60571674 0.66219419 0.54154441]
921,0.3759404210373205,"[[np.int64(0), np.int64(1), np.int64(2), 5], [3, 7], [4, 6]]",[0.69119112 0.51814856 0.59866603]
922,0.3763041013793438,"[[np.int64(0), np.int64(1), 4, 6], [2, 3, 5], [7]]",[0.70539343 0.58428376 0.51796485]
923,0.3764159724502454,"[[np.int64(0), 4, 7], [np.int64(1), 6], [np.int64(2), 3, 5]]",[0.60571674 0.61752967 0.58428376]
924,0.3768539922145151,"[[np.int64(0), 5], [np.int64(1), 2, 6], [3, 4, 7]]",[0.59990361 0.64070315 0.56648539]
925,0.3770716957549156,"[[np.int64(0), np.int64(1), 5], [2, 3, 4, 7], [6]]",[0.65622132 0.60910871 0.54154441]
926,0.37781082179847036,"[[np.int64(0), 2, 5], [np.int64(1), 6], [3, 4, 7]]",[0.62212026 0.61752967 0.56648539]
927,0.37788325413209245,"[[np.int64(0), 7], [np.int64(1), 2, 3, 4, 5], [6]]",[0.56691184 0.69760663 0.54154441]
928,0.3780205798165335,"[[np.int64(0), 3, 7], [np.int64(1), 2, 4, 6], [5]]",[0.57746367 0.67958988 0.548872  ]
929,0.3783746510720307,"[[np.int64(0), 2, 4, 6], [np.int64(1), 3, 5], [7]]",[0.65178628 0.63582035 0.51796485]
930,0.3784552416056268,"[[np.int64(0), np.int64(1), 6], [2, 5], [3, 4, 7]]",[0.67823805 0.56076745 0.56648539]
931,0.37869382280502384,"[[np.int64(0), 3, 7], [np.int64(1), 2, 5], [4, 6]]",[0.57746367 0.62912261 0.59866603]
932,0.37885535513002,"[[np.int64(0), 2, 3, 4, 7], [np.int64(1), 5], [6]]",[0.65907236 0.60447402 0.54154441]
933,0.37931960917936847,"[[np.int64(0), 2, 5], [np.int64(1), 4, 6], [3, 7]]",[0.62212026 0.66435771 0.51814856]
934,0.3800688765513187,"[[np.int64(0), 7], [np.int64(1), 3, 5], [np.int64(2), 4, 6]]",[0.56691184 0.63582035 0.60114506]
935,0.38107541210497464,"[[np.int64(0), 4, 5], [np.int64(1), 2, 6], [3, 7]]",[0.64401901 0.64070315 0.51814856]
936,0.3813573053981969,"[[np.int64(0), 3, 7], [np.int64(1), 4, 6], [np.int64(2), 5]]",[0.57746367 0.66435771 0.56076745]
937,0.38226002441459106,"[[np.int64(0), np.int64(1), 3, 4, 7], [2, 5], [6]]",[0.69937425 0.56076745 0.54154441]
938,0.3836453960685322,"[[np.int64(0), np.int64(1), 4, 5], [2, 3, 7], [6]]",[0.69004314 0.56871319 0.54154441]
939,0.38373513498090017,"[[np.int64(0), np.int64(1), 3, 4, 7], [2, 6], [5]]",[0.69937425 0.55196474 0.548872  ]
940,0.38398916061628974,"[[np.int64(0), 4], [np.int64(1), 5], [np.int64(2), 3, 6, 7]]",[0.08233896 0.60447402 1.113144  ]
941,0.3847252217506987,"[[np.int64(0), np.int64(1), np.int64(2), 5], [3, 4, 7], [6]]",[0.69119112 0.56648539 0.54154441]
942,0.385550446411858,"[[np.int64(0), 2, 6], [np.int64(1), 4, 5], [3, 7]]",[0.62227862 0.6579685  0.51814856]
943,0.3858954464858495,"[[np.int64(0), 7], [np.int64(1), 3, 4, 5], [np.int64(2), 6]]",[0.56691184 0.6791741  0.55196474]
944,0.38597876468109016,"[[np.int64(0), np.int64(1), np.int64(2), 4, 6], [3, 7], [5]]",[0.7309468  0.51814856 0.548872  ]
945,0.3863040872665322,"[[np.int64(0), 5], [np.int64(1), 2, 4, 6], [3, 7]]",[0.59990361 0.67958988 0.51814856]
946,0.3868010526556045,"[[np.int64(0), 6], [np.int64(1), 2, 5], [3, 4, 7]]",[0.60153708 0.62912261 0.56648539]
947,0.38824314970957285,"[[np.int64(0), 3, 4, 7], [np.int64(1), 2, 6], [5]]",[0.60612783 0.64070315 0.548872  ]
948,0.3895847033664037,"[[np.int64(0), 6], [np.int64(1), 2, 4, 5], [3, 7]]",[0.60153708 0.67467578 0.51814856]
949,0.38997354936004847,"[[np.int64(0), 2, 4, 5], [np.int64(1), 6], [3, 7]]",[0.65829435 0.61752967 0.51814856]
950,0.3902622742292008,"[[np.int64(0), 3, 7], [np.int64(1), 2, 4, 5], [6]]",[0.57746367 0.67467578 0.54154441]
951,0.39044430068604274,"[[np.int64(0), 4, 7], [np.int64(1), 3, 5], [np.int64(2), 6]]",[0.60571674 0.63582035 0.55196474]
952,0.390708103372178,"[[np.int64(0), 2, 6], [np.int64(1), 5], [3, 4, 7]]",[0.62227862 0.60447402 0.56648539]
953,0.39239968154659177,"[[np.int64(0), np.int64(1), 3, 4, 5], [2, 6], [7]]",[0.72161686 0.55196474 0.51796485]
954,0.3965492209434829,"[[np.int64(0), 3, 7], [np.int64(1), 4, 5], [np.int64(2), 6]]",[0.57746367 0.6579685  0.55196474]
955,0.39768891688728214,"[[np.int64(0), 4, 6], [np.int64(1), 2, 5], [3, 7]]",[0.63898605 0.62912261 0.51814856]
956,0.39952118296235484,"[[np.int64(0), 3, 4, 7], [np.int64(1), 6], [np.int64(2), 5]]",[0.60612783 0.61752967 0.56076745]
957,0.39963669393158074,"[[np.int64(0), np.int64(1), 4, 6], [2, 5], [3, 7]]",[0.70539343 0.56076745 0.51814856]
958,0.4008633848615435,"[[np.int64(0), 3, 7], [np.int64(1), 5], [np.int64(2), 4, 6]]",[0.57746367 0.60447402 0.60114506]
959,0.40715128846345783,"[[np.int64(0), 3, 4, 7], [np.int64(1), 2, 5], [6]]",[0.60612783 0.62912261 0.54154441]
960,0.4071815374065535,"[[np.int64(0), np.int64(1), np.int64(2), 4, 5], [3, 7], [6]]",[0.71707163 0.51814856 0.54154441]
961,0.4084311867626673,"[[np.int64(0), np.int64(1), 5], [2, 4, 6], [3, 7]]",[0.65622132 0.60114506 0.51814856]
962,0.40927467980492693,"[[np.int64(0), np.int64(1), 5], [2, 6], [3, 4, 7]]",[0.65622132 0.55196474 0.56648539]
963,0.4095372752749744,"[[np.int64(0), 2, 4, 6], [np.int64(1), 5], [3, 7]]",[0.65178628 0.60447402 0.51814856]
964,0.4213795428488589,"[[np.int64(0), 3, 4, 7], [np.int64(1), 5], [np.int64(2), 6]]",[0.60612783 0.60447402 0.55196474]
965,0.42378968778966275,"[[np.int64(0), np.int64(1), 4, 5], [2, 6], [3, 7]]",[0.69004314 0.55196474 0.51814856]
