,inter_metric,motifs,motif_metric
0,-0.4332655634480487,"[[np.int64(0)], [np.int64(1)], [np.int64(2)], [np.int64(3)], [np.int64(4), 5, 6, 7]]",[0.05946881 0.10076897 0.07997568 0.07949763 2.29750061]
1,-0.3942599145233574,"[[np.int64(0)], [np.int64(1), 2], [3], [4], [5, 6, 7]]",[0.05946881 0.1934978  0.07949763 0.04254282 2.20319899]
2,-0.39187488659698433,"[[np.int64(0), 3], [np.int64(1)], [np.int64(2)], [4], [5, 6, 7]]",[0.14933456 0.10076897 0.07997568 0.04254282 2.20319899]
3,-0.391827974373093,"[[np.int64(0), 2], [np.int64(1)], [3], [4], [5, 6, 7]]",[0.14976569 0.10076897 0.07949763 0.04254282 2.20319899]
4,-0.3910620479944473,"[[np.int64(0)], [np.int64(1), 3], [np.int64(2)], [4], [5, 6, 7]]",[0.05946881 0.18982188 0.07997568 0.04254282 2.20319899]
5,-0.3832320163437406,"[[np.int64(0)], [np.int64(1)], [np.int64(2), 3], [4], [5, 6, 7]]",[0.05946881 0.10076897 0.16119856 0.04254282 2.20319899]
6,-0.38222247625314054,"[[np.int64(0), np.int64(1)], [2], [3], [4], [5, 6, 7]]",[0.16095348 0.07997568 0.07949763 0.04254282 2.20319899]
7,-0.3735654630331462,"[[np.int64(0)], [np.int64(1)], [np.int64(2), 4], [np.int64(3)], [5, 6, 7]]",[0.05946881 0.10076897 0.1145772  0.07949763 2.20319899]
8,-0.3713660368516738,"[[np.int64(0)], [np.int64(1)], [np.int64(2)], [np.int64(3), 4], [5, 6, 7]]",[0.05946881 0.10076897 0.07997568 0.11189972 2.20319899]
9,-0.3712131826099889,"[[np.int64(0)], [np.int64(1), 4], [np.int64(2)], [np.int64(3)], [5, 6, 7]]",[0.05946881 0.1330182  0.07997568 0.07949763 2.20319899]
10,-0.36307162340185206,"[[np.int64(0), 5, 6, 7], [np.int64(1)], [np.int64(2)], [np.int64(3)], [np.int64(4)]]",[2.24423265 0.10076897 0.07997568 0.07949763 0.04254282]
11,-0.3618341057592094,"[[np.int64(0), 4], [np.int64(1)], [np.int64(2)], [np.int64(3)], [5, 6, 7]]",[0.08233896 0.10076897 0.07997568 0.07949763 2.20319899]
12,-0.30405615639919326,"[[np.int64(0)], [np.int64(1), 5, 6, 7], [np.int64(2)], [np.int64(3)], [np.int64(4)]]",[0.05946881 2.22651735 0.07997568 0.07949763 0.04254282]
13,-0.2155084531937641,"[[np.int64(0)], [np.int64(1)], [np.int64(2)], [np.int64(3), 5, 6, 7], [np.int64(4)]]",[0.05946881 0.10076897 0.07997568 2.11669831 0.04254282]
14,-0.21273488907807803,"[[np.int64(0)], [np.int64(1)], [np.int64(2), 5, 6, 7], [np.int64(3)], [np.int64(4)]]",[0.05946881 0.10076897 2.11440279 0.07949763 0.04254282]
15,-0.08914594946228505,"[[np.int64(0)], [np.int64(1), 2], [3], [4, 5, 6], [7]]",[0.05946881 0.1934978  0.07949763 1.422663   0.51796485]
16,-0.08676092153591242,"[[np.int64(0), 3], [np.int64(1)], [np.int64(2)], [4, 5, 6], [7]]",[0.14933456 0.10076897 0.07997568 1.422663   0.51796485]
17,-0.08671400931202067,"[[np.int64(0), 2], [np.int64(1)], [3], [4, 5, 6], [7]]",[0.14976569 0.10076897 0.07949763 1.422663   0.51796485]
18,-0.08594808293337497,"[[np.int64(0)], [np.int64(1), 3], [np.int64(2)], [4, 5, 6], [7]]",[0.05946881 0.18982188 0.07997568 1.422663   0.51796485]
19,-0.07811805128266824,"[[np.int64(0)], [np.int64(1)], [np.int64(2), 3], [4, 5, 6], [7]]",[0.05946881 0.10076897 0.16119856 1.422663   0.51796485]
20,-0.07710851119206819,"[[np.int64(0), np.int64(1)], [2], [3], [4, 5, 6], [7]]",[0.16095348 0.07997568 0.07949763 1.422663   0.51796485]
21,-0.07614062398576316,"[[np.int64(0)], [np.int64(1), 2], [3], [4, 5, 7], [6]]",[0.05946881 0.1934978  0.07949763 1.38607812 0.54154441]
22,-0.07375559605939008,"[[np.int64(0), 3], [np.int64(1)], [np.int64(2)], [4, 5, 7], [6]]",[0.14933456 0.10076897 0.07997568 1.38607812 0.54154441]
23,-0.07370868383549878,"[[np.int64(0), 2], [np.int64(1)], [3], [4, 5, 7], [6]]",[0.14976569 0.10076897 0.07949763 1.38607812 0.54154441]
24,-0.07294275745685308,"[[np.int64(0)], [np.int64(1), 3], [np.int64(2)], [4, 5, 7], [6]]",[0.05946881 0.18982188 0.07997568 1.38607812 0.54154441]
25,-0.06925663317249597,"[[np.int64(0)], [np.int64(1), 2], [3], [4, 7], [5, 6]]",[0.05946881 0.1934978  0.07949763 0.57644241 1.34429612]
26,-0.06889285985022386,"[[np.int64(0)], [np.int64(1), 7], [np.int64(2)], [np.int64(3)], [np.int64(4), 5, 6]]",[0.05946881 0.61123388 0.07997568 0.07949763 1.422663  ]
27,-0.0668716052461229,"[[np.int64(0), 3], [np.int64(1)], [np.int64(2)], [4, 7], [5, 6]]",[0.14933456 0.10076897 0.07997568 0.57644241 1.34429612]
28,-0.0668246930222316,"[[np.int64(0), 2], [np.int64(1)], [3], [4, 7], [5, 6]]",[0.14976569 0.10076897 0.07949763 0.57644241 1.34429612]
29,-0.0660587666435859,"[[np.int64(0)], [np.int64(1), 3], [np.int64(2)], [4, 7], [5, 6]]",[0.05946881 0.18982188 0.07997568 0.57644241 1.34429612]
30,-0.06587099147631026,"[[np.int64(0), 7], [np.int64(1)], [np.int64(2)], [np.int64(3)], [np.int64(4), 5, 6]]",[0.56691184 0.10076897 0.07997568 0.07949763 1.422663  ]
31,-0.0651127258061468,"[[np.int64(0)], [np.int64(1)], [np.int64(2), 3], [4, 5, 7], [6]]",[0.05946881 0.10076897 0.16119856 1.38607812 0.54154441]
32,-0.06460241787515564,"[[np.int64(0)], [np.int64(1), 2, 3], [4], [5, 6], [7]]",[0.05946881 0.28427595 0.04254282 1.34429612 0.51796485]
33,-0.06435880416320083,"[[np.int64(0), np.int64(1), np.int64(2)], [3], [4], [5, 6], [7]]",[0.26400351 0.07949763 0.04254282 1.34429612 0.51796485]
34,-0.0641031857155463,"[[np.int64(0), np.int64(1)], [2], [3], [4, 5, 7], [6]]",[0.16095348 0.07997568 0.07949763 1.38607812 0.54154441]
35,-0.06391135275530413,"[[np.int64(0), 6], [np.int64(1)], [np.int64(2)], [np.int64(3)], [np.int64(4), 5, 7]]",[0.60153708 0.10076897 0.07997568 0.07949763 1.38607812]
36,-0.06369001083821768,"[[np.int64(0), 3], [np.int64(1), 2], [4], [5, 6], [7]]",[0.14933456 0.1934978  0.04254282 1.34429612 0.51796485]
37,-0.0629833163274287,"[[np.int64(0), 2, 3], [np.int64(1)], [4], [5, 6], [7]]",[0.24135669 0.10076897 0.04254282 1.34429612 0.51796485]
38,-0.061207849858182506,"[[np.int64(0), np.int64(1), 3], [2], [4], [5, 6], [7]]",[0.26037451 0.07997568 0.04254282 1.34429612 0.51796485]
39,-0.0604452320854163,"[[np.int64(0), 2], [np.int64(1), 3], [4], [5, 6], [7]]",[0.14976569 0.18982188 0.04254282 1.34429612 0.51796485]
40,-0.058228734992879616,"[[np.int64(0)], [np.int64(1)], [np.int64(2), 3], [4, 7], [5, 6]]",[0.05946881 0.10076897 0.16119856 0.57644241 1.34429612]
41,-0.057219194902279114,"[[np.int64(0), np.int64(1)], [2], [3], [4, 7], [5, 6]]",[0.16095348 0.07997568 0.07949763 0.57644241 1.34429612]
42,-0.05353944141754852,"[[np.int64(0)], [np.int64(1), 2], [3], [4, 6], [5, 7]]",[0.05946881 0.1934978  0.07949763 0.59866603 1.30635531]
43,-0.051154413491175,"[[np.int64(0), 3], [np.int64(1)], [np.int64(2)], [4, 6], [5, 7]]",[0.14933456 0.10076897 0.07997568 0.59866603 1.30635531]
44,-0.051107501267283695,"[[np.int64(0), 2], [np.int64(1)], [3], [4, 6], [5, 7]]",[0.14976569 0.10076897 0.07949763 0.59866603 1.30635531]
45,-0.05034157488863844,"[[np.int64(0)], [np.int64(1), 3], [np.int64(2)], [4, 6], [5, 7]]",[0.05946881 0.18982188 0.07997568 0.59866603 1.30635531]
46,-0.050241159259420076,"[[np.int64(0)], [np.int64(1), 2, 3], [4], [5, 7], [6]]",[0.05946881 0.28427595 0.04254282 1.30635531 0.54154441]
47,-0.049997545547465716,"[[np.int64(0), np.int64(1), np.int64(2)], [3], [4], [5, 7], [6]]",[0.26400351 0.07949763 0.04254282 1.30635531 0.54154441]
48,-0.049328752222482564,"[[np.int64(0), 3], [np.int64(1), 2], [4], [5, 7], [6]]",[0.14933456 0.1934978  0.04254282 1.30635531 0.54154441]
49,-0.04880680756260736,"[[np.int64(0), 4, 5, 6], [np.int64(1)], [np.int64(2)], [np.int64(3)], [7]]",[1.45454581 0.10076897 0.07997568 0.07949763 0.51796485]
50,-0.048622057711693145,"[[np.int64(0), 2, 3], [np.int64(1)], [4], [5, 7], [6]]",[0.24135669 0.10076897 0.04254282 1.30635531 0.54154441]
51,-0.0485901562178741,"[[np.int64(0), 5, 6], [np.int64(1)], [np.int64(2)], [np.int64(3)], [np.int64(4), 7]]",[1.39585159 0.10076897 0.07997568 0.07949763 0.57644241]
52,-0.046846591242446944,"[[np.int64(0), np.int64(1), 3], [2], [4], [5, 7], [6]]",[0.26037451 0.07997568 0.04254282 1.30635531 0.54154441]
53,-0.04608397346968118,"[[np.int64(0), 2], [np.int64(1), 3], [4], [5, 7], [6]]",[0.14976569 0.18982188 0.04254282 1.30635531 0.54154441]
54,-0.04540856180996844,"[[np.int64(0), 5, 6], [np.int64(1), 2], [3], [4], [7]]",[1.39585159 0.1934978  0.07949763 0.04254282 0.51796485]
55,-0.045256505633464617,"[[np.int64(0)], [np.int64(1)], [np.int64(2), 7], [np.int64(3)], [np.int64(4), 5, 6]]",[0.05946881 0.10076897 0.56680423 0.07949763 1.422663  ]
56,-0.043436921226156056,"[[np.int64(0), 3], [np.int64(1), 7], [np.int64(2)], [4], [5, 6]]",[0.14933456 0.61123388 0.07997568 0.04254282 1.34429612]
57,-0.04339000900226475,"[[np.int64(0), 2], [np.int64(1), 7], [3], [4], [5, 6]]",[0.14976569 0.61123388 0.07949763 0.04254282 1.34429612]
58,-0.043181161092907594,"[[np.int64(0)], [np.int64(1), 2], [3, 4], [5, 6], [7]]",[0.05946881 0.1934978  0.11189972 1.34429612 0.51796485]
59,-0.04300970231475709,"[[np.int64(0), np.int64(1)], [2, 3], [4], [5, 6], [7]]",[0.16095348 0.16119856 0.04254282 1.34429612 0.51796485]
60,-0.04299555934800736,"[[np.int64(0), 3], [np.int64(1)], [np.int64(2), 4], [5, 6], [7]]",[0.14933456 0.10076897 0.1145772  1.34429612 0.51796485]
61,-0.04280008077861508,"[[np.int64(0), 7], [np.int64(1), 2], [3], [4], [5, 6]]",[0.56691184 0.1934978  0.07949763 0.04254282 1.34429612]
62,-0.04251154323793127,"[[np.int64(0)], [np.int64(1)], [np.int64(2), 3], [4, 6], [5, 7]]",[0.05946881 0.10076897 0.16119856 0.59866603 1.30635531]
63,-0.04221069528105881,"[[np.int64(0), 5, 6], [np.int64(1), 3], [np.int64(2)], [4], [7]]",[1.39585159 0.18982188 0.07997568 0.04254282 0.51796485]
64,-0.042182720745469915,"[[np.int64(0)], [np.int64(1), 3], [np.int64(2), 4], [5, 6], [7]]",[0.05946881 0.18982188 0.1145772  1.34429612 0.51796485]
65,-0.041502003147331656,"[[np.int64(0), np.int64(1)], [2], [3], [4, 6], [5, 7]]",[0.16095348 0.07997568 0.07949763 0.59866603 1.30635531]
66,-0.04074922094264366,"[[np.int64(0), 2], [np.int64(1)], [3, 4], [5, 6], [7]]",[0.14976569 0.10076897 0.11189972 1.34429612 0.51796485]
67,-0.040643278924849646,"[[np.int64(0), 3], [np.int64(1), 4], [np.int64(2)], [5, 6], [7]]",[0.14933456 0.1330182  0.07997568 1.34429612 0.51796485]
68,-0.04059636670095834,"[[np.int64(0), 2], [np.int64(1), 4], [3], [5, 6], [7]]",[0.14976569 0.1330182  0.07949763 1.34429612 0.51796485]
69,-0.039602214249705,"[[np.int64(0), 7], [np.int64(1), 3], [np.int64(2)], [4], [5, 6]]",[0.56691184 0.18982188 0.07997568 0.04254282 1.34429612]
70,-0.039484508918397054,"[[np.int64(0), 6], [np.int64(1), 2], [3], [4], [5, 7]]",[0.60153708 0.1934978  0.07949763 0.04254282 1.30635531]
71,-0.03870995546615852,"[[np.int64(0)], [np.int64(1), 4, 7], [np.int64(2)], [np.int64(3)], [5, 6]]",[0.05946881 0.65941785 0.07997568 0.07949763 1.34429612]
72,-0.03860377057071762,"[[np.int64(0)], [np.int64(1), 6], [np.int64(2)], [np.int64(3)], [np.int64(4), 5, 7]]",[0.05946881 0.61752967 0.07997568 0.07949763 1.38607812]
73,-0.03628664238948698,"[[np.int64(0), 6], [np.int64(1), 3], [np.int64(2)], [4], [5, 7]]",[0.60153708 0.18982188 0.07997568 0.04254282 1.30635531]
74,-0.03508699918010372,"[[np.int64(0)], [np.int64(1), 2, 4], [3], [5, 6], [7]]",[0.05946881 0.21780572 0.07949763 1.34429612 0.51796485]
75,-0.03479405097291188,"[[np.int64(0)], [np.int64(1), 7], [np.int64(2), 3], [4], [5, 6]]",[0.05946881 0.61123388 0.16119856 0.04254282 1.34429612]
76,-0.03440965511384331,"[[np.int64(0)], [np.int64(1)], [np.int64(2)], [np.int64(3), 6], [np.int64(4), 5, 7]]",[0.05946881 0.10076897 0.07997568 0.59206421 1.38607812]
77,-0.03438066363035208,"[[np.int64(0), 5, 6], [np.int64(1)], [np.int64(2), 3], [4], [7]]",[1.39585159 0.10076897 0.16119856 0.04254282 0.51796485]
78,-0.033649230000443175,"[[np.int64(0), 4], [np.int64(1), 2], [3], [5, 6], [7]]",[0.08233896 0.1934978  0.07949763 1.34429612 0.51796485]
79,-0.03334314900416313,"[[np.int64(0), np.int64(1)], [2, 4], [3], [5, 6], [7]]",[0.16095348 0.1145772  0.07949763 1.34429612 0.51796485]
80,-0.03200040867160592,"[[np.int64(0)], [np.int64(1), 4], [np.int64(2), 3], [5, 6], [7]]",[0.05946881 0.1330182  0.16119856 1.34429612 0.51796485]
81,-0.03177218259899872,"[[np.int64(0), 7], [np.int64(1)], [np.int64(2), 3], [4], [5, 6]]",[0.56691184 0.10076897 0.16119856 0.04254282 1.34429612]
82,-0.031143722822690734,"[[np.int64(0), np.int64(1)], [2], [3, 4], [5, 6], [7]]",[0.16095348 0.07997568 0.11189972 1.34429612 0.51796485]
83,-0.0304513634715331,"[[np.int64(0), 4], [np.int64(1), 3], [np.int64(2)], [5, 6], [7]]",[0.08233896 0.18982188 0.07997568 1.34429612 0.51796485]
84,-0.029689706469721244,"[[np.int64(0)], [np.int64(1), 3, 4], [np.int64(2)], [5, 6], [7]]",[0.05946881 0.21193038 0.07997568 1.34429612 0.51796485]
85,-0.02881990247717292,"[[np.int64(0)], [np.int64(1), 2], [3, 4], [5, 7], [6]]",[0.05946881 0.1934978  0.11189972 1.30635531 0.54154441]
86,-0.028648443699021975,"[[np.int64(0), np.int64(1)], [2, 3], [4], [5, 7], [6]]",[0.16095348 0.16119856 0.04254282 1.30635531 0.54154441]
87,-0.028634300732272244,"[[np.int64(0), 3], [np.int64(1)], [np.int64(2), 4], [5, 7], [6]]",[0.14933456 0.10076897 0.1145772  1.30635531 0.54154441]
88,-0.028456610738780252,"[[np.int64(0), 6], [np.int64(1)], [np.int64(2), 3], [4], [5, 7]]",[0.60153708 0.10076897 0.16119856 0.04254282 1.30635531]
89,-0.02782146212973524,"[[np.int64(0)], [np.int64(1), 3], [np.int64(2), 4], [5, 7], [6]]",[0.05946881 0.18982188 0.1145772  1.30635531 0.54154441]
90,-0.026387962326908543,"[[np.int64(0), 2], [np.int64(1)], [3, 4], [5, 7], [6]]",[0.14976569 0.10076897 0.11189972 1.30635531 0.54154441]
91,-0.02630901024146537,"[[np.int64(0), 4, 7], [np.int64(1)], [np.int64(2)], [np.int64(3)], [5, 6]]",[0.60571674 0.10076897 0.07997568 0.07949763 1.34429612]
92,-0.02628202030911453,"[[np.int64(0), 3], [np.int64(1), 4], [np.int64(2)], [5, 7], [6]]",[0.14933456 0.1330182  0.07997568 1.30635531 0.54154441]
93,-0.026235108085223224,"[[np.int64(0), 2], [np.int64(1), 4], [3], [5, 7], [6]]",[0.14976569 0.1330182  0.07949763 1.30635531 0.54154441]
94,-0.025155472197907258,"[[np.int64(0), 5, 6], [np.int64(1), 7], [np.int64(2)], [np.int64(3)], [np.int64(4)]]",[1.39585159 0.61123388 0.07997568 0.07949763 0.04254282]
95,-0.02512749766231881,"[[np.int64(0)], [np.int64(1), 7], [np.int64(2), 4], [np.int64(3)], [5, 6]]",[0.05946881 0.61123388 0.1145772  0.07949763 1.34429612]
96,-0.024755795330569264,"[[np.int64(0), 4, 5, 7], [np.int64(1)], [np.int64(2)], [np.int64(3)], [6]]",[1.40691524 0.10076897 0.07997568 0.07949763 0.54154441]
97,-0.02471411031975812,"[[np.int64(0), 5, 6], [np.int64(1)], [np.int64(2), 4], [np.int64(3)], [7]]",[1.39585159 0.10076897 0.1145772  0.07949763 0.51796485]
98,-0.024211955242172234,"[[np.int64(0)], [np.int64(1)], [np.int64(2), 3, 4], [5, 6], [7]]",[0.05946881 0.10076897 0.18565934 1.34429612 0.51796485]
99,-0.023275982179059795,"[[np.int64(0), 2, 4], [np.int64(1)], [3], [5, 6], [7]]",[0.16469454 0.10076897 0.07949763 1.34429612 0.51796485]
100,-0.0232626967154288,"[[np.int64(0), np.int64(1), 7], [2], [3], [4], [5, 6]]",[0.66089657 0.07997568 0.07949763 0.04254282 1.34429612]
101,-0.022928071480846413,"[[np.int64(0)], [np.int64(1), 7], [np.int64(2)], [np.int64(3), 4], [5, 6]]",[0.05946881 0.61123388 0.07997568 0.11189972 1.34429612]
102,-0.022621331820826374,"[[np.int64(0), 4], [np.int64(1)], [np.int64(2), 3], [5, 6], [7]]",[0.08233896 0.10076897 0.16119856 1.34429612 0.51796485]
103,-0.022514684138285723,"[[np.int64(0), 5, 6], [np.int64(1)], [np.int64(2)], [np.int64(3), 4], [7]]",[1.39585159 0.10076897 0.07997568 0.11189972 0.51796485]
104,-0.022361829896600405,"[[np.int64(0), 5, 6], [np.int64(1), 4], [np.int64(2)], [np.int64(3)], [7]]",[1.39585159 0.1330182  0.07997568 0.07949763 0.51796485]
105,-0.022105629288405204,"[[np.int64(0), 7], [np.int64(1)], [np.int64(2), 4], [np.int64(3)], [5, 6]]",[0.56691184 0.10076897 0.1145772  0.07949763 1.34429612]
106,-0.021827277707409998,"[[np.int64(0), 5, 7], [np.int64(1)], [np.int64(2)], [np.int64(3)], [np.int64(4), 6]]",[1.34686509 0.10076897 0.07997568 0.07949763 0.59866603]
107,-0.021637505242033228,"[[np.int64(0), 4, 6], [np.int64(1)], [np.int64(2)], [np.int64(3)], [5, 7]]",[0.63898605 0.10076897 0.07997568 0.07949763 1.30635531]
108,-0.021123468221478703,"[[np.int64(0), 3, 4], [np.int64(1)], [np.int64(2)], [5, 6], [7]]",[0.16206398 0.10076897 0.07997568 1.34429612 0.51796485]
109,-0.0207257405643686,"[[np.int64(0)], [np.int64(1), 2, 4], [3], [5, 7], [6]]",[0.05946881 0.21780572 0.07949763 1.30635531 0.54154441]
110,-0.020001616438717118,"[[np.int64(0), 5, 7], [np.int64(1), 2], [3], [4], [6]]",[1.34686509 0.1934978  0.07949763 0.04254282 0.54154441]
111,-0.019906203106932807,"[[np.int64(0), 7], [np.int64(1)], [np.int64(2)], [np.int64(3), 4], [5, 6]]",[0.56691184 0.10076897 0.07997568 0.11189972 1.34429612]
112,-0.019800567009397252,"[[np.int64(0), 3], [np.int64(1)], [np.int64(2), 7], [4], [5, 6]]",[0.14933456 0.10076897 0.56680423 0.04254282 1.34429612]
113,-0.01975334886524749,"[[np.int64(0), 7], [np.int64(1), 4], [np.int64(2)], [np.int64(3)], [5, 6]]",[0.56691184 0.1330182  0.07997568 0.07949763 1.34429612]
114,-0.019287971384708058,"[[np.int64(0), 4], [np.int64(1), 2], [3], [5, 7], [6]]",[0.08233896 0.1934978  0.07949763 1.30635531 0.54154441]
115,-0.01898772840686025,"[[np.int64(0)], [np.int64(1), 3], [np.int64(2), 7], [4], [5, 6]]",[0.05946881 0.18982188 0.56680423 0.04254282 1.34429612]
116,-0.018981890388428013,"[[np.int64(0), np.int64(1)], [2, 4], [3], [5, 7], [6]]",[0.16095348 0.1145772  0.07949763 1.30635531 0.54154441]
117,-0.01879005742818629,"[[np.int64(0), 6], [np.int64(1)], [np.int64(2), 4], [np.int64(3)], [5, 7]]",[0.60153708 0.10076897 0.1145772  0.07949763 1.30635531]
118,-0.0176391500558708,"[[np.int64(0)], [np.int64(1), 4], [np.int64(2), 3], [5, 7], [6]]",[0.05946881 0.1330182  0.16119856 1.30635531 0.54154441]
119,-0.017425881672556542,"[[np.int64(0)], [np.int64(1)], [np.int64(2), 4, 7], [np.int64(3)], [5, 6]]",[0.05946881 0.10076897 0.61734049 0.07949763 1.34429612]
120,-0.016803749909807486,"[[np.int64(0), 5, 7], [np.int64(1), 3], [np.int64(2)], [4], [6]]",[1.34686509 0.18982188 0.07997568 0.04254282 0.54154441]
121,-0.016782464206955616,"[[np.int64(0), np.int64(1)], [2], [3, 4], [5, 7], [6]]",[0.16095348 0.07997568 0.11189972 1.30635531 0.54154441]
122,-0.016590631246713894,"[[np.int64(0), 6], [np.int64(1)], [np.int64(2)], [np.int64(3), 4], [5, 7]]",[0.60153708 0.10076897 0.07997568 0.11189972 1.30635531]
123,-0.01643777700502902,"[[np.int64(0), 6], [np.int64(1), 4], [np.int64(2)], [np.int64(3)], [5, 7]]",[0.60153708 0.1330182  0.07997568 0.07949763 1.30635531]
124,-0.016090104855797982,"[[np.int64(0), 4], [np.int64(1), 3], [np.int64(2)], [5, 7], [6]]",[0.08233896 0.18982188 0.07997568 1.30635531 0.54154441]
125,-0.015328447853986127,"[[np.int64(0)], [np.int64(1), 3, 4], [np.int64(2)], [5, 7], [6]]",[0.05946881 0.21193038 0.07997568 1.30635531 0.54154441]
126,-0.014685649142800017,"[[np.int64(0)], [np.int64(1), 2, 7], [3], [4], [5, 6]]",[0.05946881 0.6728264  0.07949763 0.04254282 1.34429612]
127,-0.01339614038838155,"[[np.int64(0), 4], [np.int64(1), 7], [np.int64(2)], [np.int64(3)], [5, 6]]",[0.08233896 0.61123388 0.07997568 0.07949763 1.34429612]
128,-0.011791898807437029,"[[np.int64(0), 3], [np.int64(1), 6], [np.int64(2)], [4], [5, 7]]",[0.14933456 0.61752967 0.07997568 0.04254282 1.30635531]
129,-0.011744986583545725,"[[np.int64(0), 2], [np.int64(1), 6], [3], [4], [5, 7]]",[0.14976569 0.61752967 0.07949763 0.04254282 1.30635531]
130,-0.011318203635950042,"[[np.int64(0), np.int64(1), 4], [2], [3], [5, 6], [7]]",[0.17353005 0.07997568 0.07949763 1.34429612 0.51796485]
131,-0.010148156665553465,"[[np.int64(0), np.int64(1)], [2, 7], [3], [4], [5, 6]]",[0.16095348 0.56680423 0.07949763 0.04254282 1.34429612]
132,-0.009982811276936232,"[[np.int64(0)], [np.int64(1), 2], [3, 6], [4], [5, 7]]",[0.05946881 0.1934978  0.59206421 0.04254282 1.30635531]
133,-0.009850696626437117,"[[np.int64(0)], [np.int64(1)], [np.int64(2), 3, 4], [5, 7], [6]]",[0.05946881 0.10076897 0.18565934 1.30635531 0.54154441]
134,-0.009231840618622478,"[[np.int64(0), 2, 7], [np.int64(1)], [3], [4], [5, 6]]",[0.62607243 0.10076897 0.07949763 0.04254282 1.34429612]
135,-0.00897371825910076,"[[np.int64(0), 5, 7], [np.int64(1)], [np.int64(2), 3], [4], [6]]",[1.34686509 0.10076897 0.16119856 0.04254282 0.54154441]
136,-0.008914723563324678,"[[np.int64(0), 2, 4], [np.int64(1)], [3], [5, 7], [6]]",[0.16469454 0.10076897 0.07949763 1.30635531 0.54154441]
137,-0.008260073205091256,"[[np.int64(0), 4], [np.int64(1)], [np.int64(2), 3], [5, 7], [6]]",[0.08233896 0.10076897 0.16119856 1.30635531 0.54154441]
138,-0.008121655939195893,"[[np.int64(0), 3, 6], [np.int64(1)], [np.int64(2)], [4], [5, 7]]",[0.66242501 0.10076897 0.07997568 0.04254282 1.30635531]
139,-0.00755087112667141,"[[np.int64(0), 2], [np.int64(1)], [3, 6], [4], [5, 7]]",[0.14976569 0.10076897 0.59206421 0.04254282 1.30635531]
140,-0.0067622096057440295,"[[np.int64(0), 3, 4], [np.int64(1)], [np.int64(2)], [5, 7], [6]]",[0.16206398 0.10076897 0.07997568 1.30635531 0.54154441]
141,-0.0057089999082267084,"[[np.int64(0)], [np.int64(1), 4, 6], [np.int64(2)], [np.int64(3)], [5, 7]]",[0.05946881 0.66435771 0.07997568 0.07949763 1.30635531]
142,-0.0031490285541933005,"[[np.int64(0)], [np.int64(1), 6], [np.int64(2), 3], [4], [5, 7]]",[0.05946881 0.61752967 0.16119856 0.04254282 1.30635531]
143,-0.0026633610522259765,"[[np.int64(0), np.int64(1), 6], [2], [3], [4], [5, 7]]",[0.67823805 0.07997568 0.07949763 0.04254282 1.30635531]
144,-0.0016677386930372684,"[[np.int64(0)], [np.int64(1)], [np.int64(2)], [np.int64(3), 4, 6], [5, 7]]",[0.05946881 0.10076897 0.07997568 0.63904511 1.30635531]
145,-0.0015191179811484545,"[[np.int64(0), 5, 6], [np.int64(1)], [np.int64(2), 7], [np.int64(3)], [np.int64(4)]]",[1.39585159 0.10076897 0.56680423 0.07949763 0.04254282]
146,-0.00042698736327739795,"[[np.int64(0)], [np.int64(1), 4, 5, 7], [np.int64(2)], [np.int64(3)], [6]]",[0.05946881 1.4238866  0.07997568 0.07949763 0.54154441]
147,0.0006928350514927573,"[[np.int64(0), 5, 7], [np.int64(1)], [np.int64(2), 4], [np.int64(3)], [6]]",[1.34686509 0.10076897 0.1145772  0.07949763 0.54154441]
148,0.0007082827359128352,"[[np.int64(0)], [np.int64(1)], [np.int64(2), 7], [np.int64(3), 4], [5, 6]]",[0.05946881 0.10076897 0.56680423 0.11189972 1.34429612]
149,0.0008611369775977096,"[[np.int64(0)], [np.int64(1), 4], [np.int64(2), 7], [np.int64(3)], [5, 6]]",[0.05946881 0.1330182  0.56680423 0.07949763 1.34429612]
150,0.0020546269932810723,"[[np.int64(0), np.int64(1)], [2], [3, 6], [4], [5, 7]]",[0.16095348 0.07997568 0.59206421 0.04254282 1.30635531]
151,0.0028922612329651542,"[[np.int64(0), 5, 7], [np.int64(1)], [np.int64(2)], [np.int64(3), 4], [6]]",[1.34686509 0.10076897 0.07997568 0.11189972 0.54154441]
152,0.002921114042024442,"[[np.int64(0)], [np.int64(1)], [np.int64(2)], [np.int64(3), 7], [np.int64(4), 5, 6]]",[0.05946881 0.10076897 0.07997568 0.51814856 1.422663  ]
153,0.003043054979785076,"[[np.int64(0), np.int64(1), 4], [2], [3], [5, 7], [6]]",[0.17353005 0.07997568 0.07949763 1.30635531 0.54154441]
154,0.0030451154746504727,"[[np.int64(0), 5, 7], [np.int64(1), 4], [np.int64(2)], [np.int64(3)], [6]]",[1.34686509 0.1330182  0.07997568 0.07949763 0.54154441]
155,0.0038514509631850657,"[[np.int64(0)], [np.int64(1), 4, 5, 6], [np.int64(2)], [np.int64(3)], [7]]",[0.05946881 1.44318771 0.07997568 0.07949763 0.51796485]
156,0.0061678659247128564,"[[np.int64(0)], [np.int64(1)], [np.int64(2), 6], [np.int64(3)], [np.int64(4), 5, 7]]",[0.05946881 0.10076897 0.55196474 0.07949763 1.38607812]
157,0.006517524756400217,"[[np.int64(0)], [np.int64(1), 6], [np.int64(2), 4], [np.int64(3)], [5, 7]]",[0.05946881 0.61752967 0.1145772  0.07949763 1.30635531]
158,0.008716950937872614,"[[np.int64(0)], [np.int64(1), 6], [np.int64(2)], [np.int64(3), 4], [5, 7]]",[0.05946881 0.61752967 0.07997568 0.11189972 1.30635531]
159,0.010240213828377254,"[[np.int64(0), 4], [np.int64(1)], [np.int64(2), 7], [np.int64(3)], [5, 6]]",[0.08233896 0.10076897 0.56680423 0.07949763 1.34429612]
160,0.010711640213274531,"[[np.int64(0)], [np.int64(1)], [np.int64(2), 4], [np.int64(3), 6], [5, 7]]",[0.05946881 0.10076897 0.1145772  0.59206421 1.30635531]
161,0.011880607110661856,"[[np.int64(0)], [np.int64(1), 5, 7], [np.int64(2)], [np.int64(3)], [np.int64(4), 6]]",[0.05946881 1.35445737 0.07997568 0.07949763 0.59866603]
162,0.013063920636431803,"[[np.int64(0)], [np.int64(1), 4], [np.int64(2)], [np.int64(3), 6], [5, 7]]",[0.05946881 0.1330182  0.07997568 0.59206421 1.30635531]
163,0.013447179158697864,"[[np.int64(0)], [np.int64(1), 5, 6], [np.int64(2)], [np.int64(3)], [np.int64(4), 7]]",[0.05946881 1.37511442 0.07997568 0.07949763 0.57644241]
164,0.016091296305727365,"[[np.int64(0), 3], [np.int64(1), 5, 7], [np.int64(2)], [4], [6]]",[0.14933456 1.35445737 0.07997568 0.04254282 0.54154441]
165,0.016138208529618225,"[[np.int64(0), 2], [np.int64(1), 5, 7], [3], [4], [6]]",[0.14976569 1.35445737 0.07949763 0.04254282 0.54154441]
166,0.01753523697632753,"[[np.int64(0), 5, 7], [np.int64(1), 6], [np.int64(2)], [np.int64(3)], [np.int64(4)]]",[1.34686509 0.61752967 0.07997568 0.07949763 0.04254282]
167,0.017998764847927617,"[[np.int64(0)], [np.int64(1), 3, 6], [np.int64(2)], [4], [5, 7]]",[0.05946881 0.67760475 0.07997568 0.04254282 1.30635531]
168,0.018248882030337032,"[[np.int64(0), 4], [np.int64(1), 6], [np.int64(2)], [np.int64(3)], [5, 7]]",[0.08233896 0.61752967 0.07997568 0.07949763 1.30635531]
169,0.019013801492976157,"[[np.int64(0), 3], [np.int64(1), 5, 6], [np.int64(2)], [4], [7]]",[0.14933456 1.37511442 0.07997568 0.04254282 0.51796485]
170,0.019060713716867905,"[[np.int64(0), 2], [np.int64(1), 5, 6], [3], [4], [7]]",[0.14976569 1.37511442 0.07949763 0.04254282 0.51796485]
171,0.02043232603468148,"[[np.int64(0)], [np.int64(1)], [np.int64(2)], [np.int64(3), 4, 5, 6], [7]]",[0.05946881 0.10076897 0.07997568 1.4053355  0.51796485]
172,0.021729352433201843,"[[np.int64(0), 5, 7], [np.int64(1)], [np.int64(2)], [np.int64(3), 6], [np.int64(4)]]",[1.34686509 0.10076897 0.07997568 0.59206421 0.04254282]
173,0.022442997487211347,"[[np.int64(0), 4], [np.int64(1)], [np.int64(2)], [np.int64(3), 6], [5, 7]]",[0.08233896 0.10076897 0.07997568 0.59206421 1.30635531]
174,0.024734166558971094,"[[np.int64(0)], [np.int64(1), 5, 7], [np.int64(2), 3], [4], [6]]",[0.05946881 1.35445737 0.16119856 0.04254282 0.54154441]
175,0.02593553960981243,"[[np.int64(0), 6], [np.int64(1), 5, 7], [np.int64(2)], [np.int64(3)], [np.int64(4)]]",[0.60153708 1.35445737 0.07997568 0.07949763 0.04254282]
176,0.025992024739719177,"[[np.int64(0)], [np.int64(1), 2], [3, 7], [4], [5, 6]]",[0.05946881 0.1934978  0.51814856 0.04254282 1.34429612]
177,0.027656671746219885,"[[np.int64(0)], [np.int64(1), 5, 6], [np.int64(2), 3], [4], [7]]",[0.05946881 1.37511442 0.16119856 0.04254282 0.51796485]
178,0.02842396488998311,"[[np.int64(0), 2], [np.int64(1)], [3, 7], [4], [5, 6]]",[0.14976569 0.10076897 0.51814856 0.04254282 1.34429612]
179,0.030180908471879597,"[[np.int64(0)], [np.int64(1)], [np.int64(2)], [np.int64(3), 5, 6], [np.int64(4), 7]]",[0.05946881 0.10076897 0.07997568 1.33710936 0.57644241]
180,0.032502777323251575,"[[np.int64(0), 2, 6], [np.int64(1)], [3], [4], [5, 7]]",[0.62227862 0.10076897 0.07949763 0.04254282 1.30635531]
181,0.03295116418440447,"[[np.int64(0)], [np.int64(1)], [np.int64(2)], [np.int64(3), 4, 7], [5, 6]]",[0.05946881 0.10076897 0.07997568 0.56648539 1.34429612]
182,0.032979737687993005,"[[np.int64(0), 3], [np.int64(1)], [np.int64(2), 6], [4], [5, 7]]",[0.14933456 0.10076897 0.55196474 0.04254282 1.30635531]
183,0.03336250287978437,"[[np.int64(0)], [np.int64(1), 2], [3, 5, 6], [4], [7]]",[0.05946881 0.1934978  1.33710936 0.04254282 0.51796485]
184,0.03379257629053001,"[[np.int64(0)], [np.int64(1), 3], [np.int64(2), 6], [4], [5, 7]]",[0.05946881 0.18982188 0.55196474 0.04254282 1.30635531]
185,0.03440071986956461,"[[np.int64(0)], [np.int64(1), 5, 7], [np.int64(2), 4], [np.int64(3)], [6]]",[0.05946881 1.35445737 0.1145772  0.07949763 0.54154441]
186,0.035794443030049194,"[[np.int64(0), 2], [np.int64(1)], [3, 5, 6], [4], [7]]",[0.14976569 0.10076897 1.33710936 0.04254282 0.51796485]
187,0.0365795449723505,"[[np.int64(0), np.int64(1), 5, 6], [2], [3], [4], [7]]",[1.4273856  0.07997568 0.07949763 0.04254282 0.51796485]
188,0.03660014605103701,"[[np.int64(0)], [np.int64(1), 5, 7], [np.int64(2)], [np.int64(3), 4], [6]]",[0.05946881 1.35445737 0.07997568 0.11189972 0.54154441]
189,0.036689837061598674,"[[np.int64(0)], [np.int64(1), 3, 7], [np.int64(2)], [4], [5, 6]]",[0.05946881 0.62097287 0.07997568 0.04254282 1.34429612]
190,0.0367103561640465,"[[np.int64(0)], [np.int64(1)], [np.int64(2), 4, 6], [np.int64(3)], [5, 7]]",[0.05946881 0.10076897 0.60114506 0.07949763 1.30635531]
191,0.03732322505681385,"[[np.int64(0)], [np.int64(1), 5, 6], [np.int64(2), 4], [np.int64(3)], [7]]",[0.05946881 1.37511442 0.1145772  0.07949763 0.51796485]
192,0.03802946300993604,"[[np.int64(0), np.int64(1)], [2], [3, 7], [4], [5, 6]]",[0.16095348 0.07997568 0.51814856 0.04254282 1.34429612]
193,0.038898866832975276,"[[np.int64(0), 3, 7], [np.int64(1)], [np.int64(2)], [4], [5, 6]]",[0.57746367 0.10076897 0.07997568 0.04254282 1.34429612]
194,0.039522651238286244,"[[np.int64(0)], [np.int64(1), 5, 6], [np.int64(2)], [np.int64(3), 4], [7]]",[0.05946881 1.37511442 0.07997568 0.11189972 0.51796485]
195,0.039903731552578314,"[[np.int64(0), 7], [np.int64(1), 5, 6], [np.int64(2)], [np.int64(3)], [np.int64(4)]]",[0.56691184 1.37511442 0.07997568 0.07949763 0.04254282]
196,0.042632148031837236,"[[np.int64(0), np.int64(1)], [2, 6], [3], [4], [5, 7]]",[0.16095348 0.55196474 0.07949763 0.04254282 1.30635531]
197,0.043660863941688,"[[np.int64(0), 3, 5, 6], [np.int64(1)], [np.int64(2)], [4], [7]]",[1.39903295 0.10076897 0.07997568 0.04254282 0.51796485]
198,0.04377036303925097,"[[np.int64(0)], [np.int64(1)], [np.int64(2), 4, 5, 7], [np.int64(3)], [6]]",[0.05946881 0.10076897 1.35889596 0.07949763 0.54154441]
199,0.044702726540617466,"[[np.int64(0), np.int64(1), 5, 7], [2], [3], [4], [6]]",[1.39568287 0.07997568 0.07949763 0.04254282 0.54154441]
200,0.04539994115000168,"[[np.int64(0), np.int64(1)], [2], [3, 5, 6], [4], [7]]",[0.16095348 0.07997568 1.33710936 0.04254282 0.51796485]
201,0.046132077143501427,"[[np.int64(0), 4], [np.int64(1), 5, 7], [np.int64(2)], [np.int64(3)], [6]]",[0.08233896 1.35445737 0.07997568 0.07949763 0.54154441]
202,0.04665850169434105,"[[np.int64(0), 5, 6], [np.int64(1)], [np.int64(2)], [np.int64(3), 7], [np.int64(4)]]",[1.39585159 0.10076897 0.07997568 0.51814856 0.04254282]
203,0.0466864762299295,"[[np.int64(0)], [np.int64(1)], [np.int64(2), 4], [np.int64(3), 7], [5, 6]]",[0.05946881 0.10076897 0.1145772  0.51814856 1.34429612]
204,0.04903875665308677,"[[np.int64(0)], [np.int64(1), 4], [np.int64(2)], [np.int64(3), 7], [5, 6]]",[0.05946881 0.1330182  0.07997568 0.51814856 1.34429612]
205,0.04905458233075066,"[[np.int64(0), 4], [np.int64(1), 5, 6], [np.int64(2)], [np.int64(3)], [7]]",[0.08233896 1.37511442 0.07997568 0.07949763 0.51796485]
206,0.05348858743330309,"[[np.int64(0)], [np.int64(1)], [np.int64(2), 6], [np.int64(3), 4], [5, 7]]",[0.05946881 0.10076897 0.55196474 0.11189972 1.30635531]
207,0.05361559249184644,"[[np.int64(0)], [np.int64(1), 7], [np.int64(2)], [np.int64(3), 5, 6], [np.int64(4)]]",[0.05946881 0.61123388 0.07997568 1.33710936 0.04254282]
208,0.053641441674987966,"[[np.int64(0)], [np.int64(1), 4], [np.int64(2), 6], [np.int64(3)], [5, 7]]",[0.05946881 0.1330182  0.55196474 0.07949763 1.30635531]
209,0.05405695436999558,"[[np.int64(0)], [np.int64(1)], [np.int64(2), 4], [np.int64(3), 5, 6], [7]]",[0.05946881 0.10076897 0.1145772  1.33710936 0.51796485]
210,0.05537841935757415,"[[np.int64(0)], [np.int64(1), 2, 6], [3], [4], [5, 7]]",[0.05946881 0.64070315 0.07949763 0.04254282 1.30635531]
211,0.0554372372512737,"[[np.int64(0)], [np.int64(1), 5, 7], [np.int64(2)], [np.int64(3), 6], [np.int64(4)]]",[0.05946881 1.35445737 0.07997568 0.59206421 0.04254282]
212,0.05640923479315285,"[[np.int64(0)], [np.int64(1), 4], [np.int64(2)], [np.int64(3), 5, 6], [7]]",[0.05946881 0.1330182  0.07997568 1.33710936 0.51796485]
213,0.056637460865759603,"[[np.int64(0), 7], [np.int64(1)], [np.int64(2)], [np.int64(3), 5, 6], [np.int64(4)]]",[0.56691184 0.10076897 0.07997568 1.33710936 0.04254282]
214,0.05841783350386631,"[[np.int64(0), 4], [np.int64(1)], [np.int64(2)], [np.int64(3), 7], [5, 6]]",[0.08233896 0.10076897 0.07997568 0.51814856 1.34429612]
215,0.05843023793634705,"[[np.int64(0)], [np.int64(1)], [np.int64(2), 5, 7], [np.int64(3)], [np.int64(4), 6]]",[0.05946881 0.10076897 1.28711445 0.07949763 0.59866603]
216,0.06051821739542351,"[[np.int64(0)], [np.int64(1), 5, 6], [np.int64(2), 7], [np.int64(3)], [np.int64(4)]]",[0.05946881 1.37511442 0.56680423 0.07949763 0.04254282]
217,0.062306873471758006,"[[np.int64(0), 5, 7], [np.int64(1)], [np.int64(2), 6], [np.int64(3)], [np.int64(4)]]",[1.34686509 0.10076897 0.55196474 0.07949763 0.04254282]
218,0.06264092713141256,"[[np.int64(0), 3], [np.int64(1)], [np.int64(2), 5, 7], [4], [6]]",[0.14933456 0.10076897 1.28711445 0.04254282 0.54154441]
219,0.06302051852576795,"[[np.int64(0), 4], [np.int64(1)], [np.int64(2), 6], [np.int64(3)], [5, 7]]",[0.08233896 0.10076897 0.55196474 0.07949763 1.30635531]
220,0.06345376573394956,"[[np.int64(0)], [np.int64(1), 3], [np.int64(2), 5, 7], [4], [6]]",[0.05946881 0.18982188 1.28711445 0.04254282 0.54154441]
221,0.0657883116439324,"[[np.int64(0), 4], [np.int64(1)], [np.int64(2)], [np.int64(3), 5, 6], [7]]",[0.08233896 0.10076897 0.07997568 1.33710936 0.51796485]
222,0.06815622292906465,"[[np.int64(0)], [np.int64(1)], [np.int64(2), 3, 7], [4], [5, 6]]",[0.05946881 0.10076897 0.56871319 0.04254282 1.34429612]
223,0.0686247044215289,"[[np.int64(0)], [np.int64(1), 2], [3], [4, 6, 7], [5]]",[0.05946881 0.1934978  0.07949763 1.23398519 0.548872  ]
224,0.06918408364438466,"[[np.int64(0)], [np.int64(1)], [np.int64(2), 4, 5, 6], [np.int64(3)], [7]]",[0.05946881 0.10076897 1.35706179 0.07949763 0.51796485]
225,0.07060043299406438,"[[np.int64(0)], [np.int64(1)], [np.int64(2), 3, 6], [4], [5, 7]]",[0.05946881 0.10076897 0.6042098  0.04254282 1.30635531]
226,0.07100973234790198,"[[np.int64(0), 3], [np.int64(1)], [np.int64(2)], [4, 6, 7], [5]]",[0.14933456 0.10076897 0.07997568 1.23398519 0.548872  ]
227,0.07105664457179328,"[[np.int64(0), 2], [np.int64(1)], [3], [4, 6, 7], [5]]",[0.14976569 0.10076897 0.07949763 1.23398519 0.548872  ]
228,0.07182257095043898,"[[np.int64(0)], [np.int64(1), 3], [np.int64(2)], [4, 6, 7], [5]]",[0.05946881 0.18982188 0.07997568 1.23398519 0.548872  ]
229,0.07229333747525679,"[[np.int64(0), np.int64(1)], [2, 5, 7], [3], [4], [6]]",[0.16095348 1.28711445 0.07949763 0.04254282 0.54154441]
230,0.07248517043549807,"[[np.int64(0), 6], [np.int64(1)], [np.int64(2), 5, 7], [np.int64(3)], [np.int64(4)]]",[0.60153708 0.10076897 1.28711445 0.07949763 0.04254282]
231,0.07725194670860525,"[[np.int64(0)], [np.int64(1)], [np.int64(2), 7], [np.int64(3), 5, 6], [np.int64(4)]]",[0.05946881 0.10076897 0.56680423 1.33710936 0.04254282]
232,0.07789299830730823,"[[np.int64(0)], [np.int64(1), 2], [3], [4, 5], [6, 7]]",[0.05946881 0.1934978  0.07949763 0.61266008 1.16092882]
233,0.0796526026011457,"[[np.int64(0)], [np.int64(1)], [np.int64(2), 3], [4, 6, 7], [5]]",[0.05946881 0.10076897 0.16119856 1.23398519 0.548872  ]
234,0.08027802623368085,"[[np.int64(0), 3], [np.int64(1)], [np.int64(2)], [4, 5], [6, 7]]",[0.14933456 0.10076897 0.07997568 0.61266008 1.16092882]
235,0.08032493845757216,"[[np.int64(0), 2], [np.int64(1)], [3], [4, 5], [6, 7]]",[0.14976569 0.10076897 0.07949763 0.61266008 1.16092882]
236,0.08066214269174576,"[[np.int64(0), np.int64(1)], [2], [3], [4, 6, 7], [5]]",[0.16095348 0.07997568 0.07949763 1.23398519 0.548872  ]
237,0.08109086483621786,"[[np.int64(0)], [np.int64(1), 3], [np.int64(2)], [4, 5], [6, 7]]",[0.05946881 0.18982188 0.07997568 0.61266008 1.16092882]
238,0.08113209226305473,"[[np.int64(0)], [np.int64(1)], [np.int64(2), 5, 6], [np.int64(3)], [np.int64(4), 7]]",[0.05946881 0.10076897 1.28663622 0.07949763 0.57644241]
239,0.08164685924635062,"[[np.int64(0), 2, 5, 7], [np.int64(1)], [3], [4], [6]]",[1.33794544 0.10076897 0.07949763 0.04254282 0.54154441]
240,0.0831497768767222,"[[np.int64(0)], [np.int64(1)], [np.int64(2), 5, 7], [np.int64(3), 4], [6]]",[0.05946881 0.10076897 1.28711445 0.11189972 0.54154441]
241,0.08330263111840752,"[[np.int64(0)], [np.int64(1), 4], [np.int64(2), 5, 7], [np.int64(3)], [6]]",[0.05946881 0.1330182  1.28711445 0.07949763 0.54154441]
242,0.08377374614359301,"[[np.int64(0)], [np.int64(1)], [np.int64(2)], [np.int64(3), 4, 5, 7], [6]]",[0.05946881 0.10076897 0.07997568 1.31841452 0.54154441]
243,0.08669871459733303,"[[np.int64(0), 3], [np.int64(1)], [np.int64(2), 5, 6], [4], [7]]",[0.14933456 0.10076897 1.28663622 0.04254282 0.51796485]
244,0.08751155319987003,"[[np.int64(0)], [np.int64(1), 3], [np.int64(2), 5, 6], [4], [7]]",[0.05946881 0.18982188 1.28663622 0.04254282 0.51796485]
245,0.08785772480665344,"[[np.int64(0)], [np.int64(1), 2, 3], [4], [5], [6, 7]]",[0.05946881 0.28427595 0.04254282 0.548872   1.16092882]
246,0.08810133851860824,"[[np.int64(0), np.int64(1), np.int64(2)], [3], [4], [5], [6, 7]]",[0.26400351 0.07949763 0.04254282 0.548872   1.16092882]
247,0.0887701318435914,"[[np.int64(0), 3], [np.int64(1), 2], [4], [5], [6, 7]]",[0.14933456 0.1934978  0.04254282 0.548872   1.16092882]
248,0.08892089648692458,"[[np.int64(0)], [np.int64(1)], [np.int64(2), 3], [4, 5], [6, 7]]",[0.05946881 0.10076897 0.16119856 0.61266008 1.16092882]
249,0.08947682635438081,"[[np.int64(0), 2, 3], [np.int64(1)], [4], [5], [6, 7]]",[0.24135669 0.10076897 0.04254282 0.548872   1.16092882]
250,0.08981505396478351,"[[np.int64(0), 5], [np.int64(1)], [np.int64(2)], [np.int64(3)], [np.int64(4), 6, 7]]",[0.59990361 0.10076897 0.07997568 0.07949763 1.23398519]
251,0.08993043657752509,"[[np.int64(0), np.int64(1)], [2], [3], [4, 5], [6, 7]]",[0.16095348 0.07997568 0.07949763 0.61266008 1.16092882]
252,0.09125229282362657,"[[np.int64(0), np.int64(1), 3], [2], [4], [5], [6, 7]]",[0.26037451 0.07997568 0.04254282 0.548872   1.16092882]
253,0.09201491059639277,"[[np.int64(0), 2], [np.int64(1), 3], [4], [5], [6, 7]]",[0.14976569 0.18982188 0.04254282 0.548872   1.16092882]
254,0.09268170796918707,"[[np.int64(0), 4], [np.int64(1)], [np.int64(2), 5, 7], [np.int64(3)], [6]]",[0.08233896 0.10076897 1.28711445 0.07949763 0.54154441]
255,0.09465895995675488,"[[np.int64(0), 2, 5, 6], [np.int64(1)], [3], [4], [7]]",[1.3485129  0.10076897 0.07949763 0.04254282 0.51796485]
256,0.09601475828982986,"[[np.int64(0)], [np.int64(1), 5, 7], [np.int64(2), 6], [np.int64(3)], [np.int64(4)]]",[0.05946881 1.35445737 0.55196474 0.07949763 0.04254282]
257,0.09623419485921758,"[[np.int64(0)], [np.int64(1)], [np.int64(2)], [np.int64(3), 5, 7], [np.int64(4), 6]]",[0.05946881 0.10076897 0.07997568 1.24883245 0.59866603]
258,0.09635112494117726,"[[np.int64(0), np.int64(1)], [2, 5, 6], [3], [4], [7]]",[0.16095348 1.28663622 0.07949763 0.04254282 0.51796485]
259,0.09779275262008502,"[[np.int64(0)], [np.int64(1), 6], [np.int64(2), 5, 7], [np.int64(3)], [np.int64(4)]]",[0.05946881 0.61752967 1.28711445 0.07949763 0.04254282]
260,0.09805985612791002,"[[np.int64(0)], [np.int64(1), 2], [3, 5, 7], [4], [6]]",[0.05946881 0.1934978  1.24883245 0.04254282 0.54154441]
261,0.10049179627817395,"[[np.int64(0), 2], [np.int64(1)], [3, 5, 7], [4], [6]]",[0.14976569 0.10076897 1.24883245 0.04254282 0.54154441]
262,0.10064408370464983,"[[np.int64(0), 6, 7], [np.int64(1)], [np.int64(2)], [np.int64(3)], [np.int64(4), 5]]",[1.21039969 0.10076897 0.07997568 0.07949763 0.61266008]
263,0.10198686807695934,"[[np.int64(0)], [np.int64(1)], [np.int64(2), 5, 7], [np.int64(3), 6], [np.int64(4)]]",[0.05946881 0.10076897 1.28711445 0.59206421 0.04254282]
264,0.10456677628302158,"[[np.int64(0)], [np.int64(1), 7], [np.int64(2), 5, 6], [np.int64(3)], [np.int64(4)]]",[0.05946881 0.61123388 1.28663622 0.07949763 0.04254282]
265,0.10651103792079741,"[[np.int64(0)], [np.int64(1), 3, 5, 6], [np.int64(2)], [4], [7]]",[0.05946881 1.37748294 0.07997568 0.04254282 0.51796485]
266,0.10720756434264267,"[[np.int64(0)], [np.int64(1)], [np.int64(2), 5, 6], [np.int64(3), 4], [7]]",[0.05946881 0.10076897 1.28663622 0.11189972 0.51796485]
267,0.10736041858432799,"[[np.int64(0)], [np.int64(1), 4], [np.int64(2), 5, 6], [np.int64(3)], [7]]",[0.05946881 0.1330182  1.28663622 0.07949763 0.51796485]
268,0.10757545346047337,"[[np.int64(0), 5], [np.int64(1), 2], [3], [4], [6, 7]]",[0.59990361 0.1934978  0.07949763 0.04254282 1.16092882]
269,0.10758864465693474,"[[np.int64(0), 7], [np.int64(1)], [np.int64(2), 5, 6], [np.int64(3)], [np.int64(4)]]",[0.56691184 0.10076897 1.28663622 0.07949763 0.04254282]
270,0.10869583707091257,"[[np.int64(0)], [np.int64(1), 5, 6], [np.int64(2)], [np.int64(3), 7], [np.int64(4)]]",[0.05946881 1.37511442 0.07997568 0.51814856 0.04254282]
271,0.10913618931456082,"[[np.int64(0), 6, 7], [np.int64(1), 2], [3], [4], [5]]",[1.21039969 0.1934978  0.07949763 0.04254282 0.548872  ]
272,0.10927898158890148,"[[np.int64(0)], [np.int64(1), 2], [3, 4], [5], [6, 7]]",[0.05946881 0.1934978  0.11189972 0.548872   1.16092882]
273,0.10945044036705198,"[[np.int64(0), np.int64(1)], [2, 3], [4], [5], [6, 7]]",[0.16095348 0.16119856 0.04254282 0.548872   1.16092882]
274,0.10946458333380171,"[[np.int64(0), 3], [np.int64(1)], [np.int64(2), 4], [5], [6, 7]]",[0.14933456 0.10076897 0.1145772  0.548872   1.16092882]
275,0.11009729439812688,"[[np.int64(0), np.int64(1)], [2], [3, 5, 7], [4], [6]]",[0.16095348 0.07997568 1.24883245 0.04254282 0.54154441]
276,0.11027742193633916,"[[np.int64(0)], [np.int64(1), 3], [np.int64(2), 4], [5], [6, 7]]",[0.05946881 0.18982188 0.1145772  0.548872   1.16092882]
277,0.1102891273583686,"[[np.int64(0), 6], [np.int64(1)], [np.int64(2)], [np.int64(3), 5, 7], [np.int64(4)]]",[0.60153708 0.10076897 0.07997568 1.24883245 0.04254282]
278,0.11077331998938345,"[[np.int64(0), 5], [np.int64(1), 3], [np.int64(2)], [4], [6, 7]]",[0.59990361 0.18982188 0.07997568 0.04254282 1.16092882]
279,0.11104845476392633,"[[np.int64(0), 4, 6, 7], [np.int64(1)], [np.int64(2)], [np.int64(3)], [5]]",[1.26378339 0.10076897 0.07997568 0.07949763 0.548872  ]
280,0.11171092173916541,"[[np.int64(0), 2], [np.int64(1)], [3, 4], [5], [6, 7]]",[0.14976569 0.10076897 0.11189972 0.548872   1.16092882]
281,0.11181686375695898,"[[np.int64(0), 3], [np.int64(1), 4], [np.int64(2)], [5], [6, 7]]",[0.14933456 0.1330182  0.07997568 0.548872   1.16092882]
282,0.11186377598085073,"[[np.int64(0), 2], [np.int64(1), 4], [3], [5], [6, 7]]",[0.14976569 0.1330182  0.07949763 0.548872   1.16092882]
283,0.11233405584347045,"[[np.int64(0), 6, 7], [np.int64(1), 3], [np.int64(2)], [4], [5]]",[1.21039969 0.18982188 0.07997568 0.04254282 0.548872  ]
284,0.11292280391415765,"[[np.int64(0)], [np.int64(1), 2, 5, 7], [3], [4], [6]]",[0.05946881 1.34796966 0.07949763 0.04254282 0.54154441]
285,0.11673949543510798,"[[np.int64(0), 4], [np.int64(1)], [np.int64(2), 5, 6], [np.int64(3)], [7]]",[0.08233896 0.10076897 1.28663622 0.07949763 0.51796485]
286,0.11737314350170536,"[[np.int64(0)], [np.int64(1), 2, 4], [3], [5], [6, 7]]",[0.05946881 0.21780572 0.07949763 0.548872   1.16092882]
287,0.11860335164009017,"[[np.int64(0), 5], [np.int64(1)], [np.int64(2), 3], [4], [6, 7]]",[0.59990361 0.10076897 0.16119856 0.04254282 1.16092882]
288,0.11875430761811989,"[[np.int64(0)], [np.int64(1)], [np.int64(2), 4], [np.int64(3), 5, 7], [6]]",[0.05946881 0.10076897 0.1145772  1.24883245 0.54154441]
289,0.11875601279561865,"[[np.int64(0), 4, 5], [np.int64(1)], [np.int64(2)], [np.int64(3)], [6, 7]]",[0.64401901 0.10076897 0.07997568 0.07949763 1.16092882]
290,0.1188109126813659,"[[np.int64(0), 4], [np.int64(1), 2], [3], [5], [6, 7]]",[0.08233896 0.1934978  0.07949763 0.548872   1.16092882]
291,0.11911699367764594,"[[np.int64(0), np.int64(1)], [2, 4], [3], [5], [6, 7]]",[0.16095348 0.1145772  0.07949763 0.548872   1.16092882]
292,0.11940390394532896,"[[np.int64(0), 3, 5, 7], [np.int64(1)], [np.int64(2)], [4], [6]]",[1.29971035 0.10076897 0.07997568 0.04254282 0.54154441]
293,0.12016408749417717,"[[np.int64(0), 6, 7], [np.int64(1)], [np.int64(2), 3], [4], [5]]",[1.21039969 0.10076897 0.16119856 0.04254282 0.548872  ]
294,0.12045973401020316,"[[np.int64(0)], [np.int64(1), 4], [np.int64(2), 3], [5], [6, 7]]",[0.05946881 0.1330182  0.16119856 0.548872   1.16092882]
295,0.12110658804127716,"[[np.int64(0)], [np.int64(1), 4], [np.int64(2)], [np.int64(3), 5, 7], [6]]",[0.05946881 0.1330182  0.07997568 1.24883245 0.54154441]
296,0.12131641985911834,"[[np.int64(0), np.int64(1)], [2], [3, 4], [5], [6, 7]]",[0.16095348 0.07997568 0.11189972 0.548872   1.16092882]
297,0.12200877921027597,"[[np.int64(0), 4], [np.int64(1), 3], [np.int64(2)], [5], [6, 7]]",[0.08233896 0.18982188 0.07997568 0.548872   1.16092882]
298,0.12277043621208783,"[[np.int64(0)], [np.int64(1), 3, 4], [np.int64(2)], [5], [6, 7]]",[0.05946881 0.21193038 0.07997568 0.548872   1.16092882]
299,0.12292979751532318,"[[np.int64(0)], [np.int64(1), 6, 7], [np.int64(2)], [np.int64(3)], [np.int64(4), 5]]",[0.05946881 1.22941414 0.07997568 0.07949763 0.61266008]
300,0.12395509172382013,"[[np.int64(0)], [np.int64(1), 4, 6, 7], [np.int64(2)], [np.int64(3)], [5]]",[0.05946881 1.29217692 0.07997568 0.07949763 0.548872  ]
301,0.12654480715676897,"[[np.int64(0)], [np.int64(1), 5], [np.int64(2)], [np.int64(3)], [np.int64(4), 6, 7]]",[0.05946881 0.60447402 0.07997568 0.07949763 1.23398519]
302,0.12824818743963684,"[[np.int64(0)], [np.int64(1)], [np.int64(2), 3, 4], [5], [6, 7]]",[0.05946881 0.10076897 0.18565934 0.548872   1.16092882]
303,0.1282699049506837,"[[np.int64(0), 5], [np.int64(1)], [np.int64(2), 4], [np.int64(3)], [6, 7]]",[0.59990361 0.10076897 0.1145772  0.07949763 1.16092882]
304,0.12918416050274928,"[[np.int64(0), 2, 4], [np.int64(1)], [3], [5], [6, 7]]",[0.16469454 0.10076897 0.07949763 0.548872   1.16092882]
305,0.12983064080477114,"[[np.int64(0), 6, 7], [np.int64(1)], [np.int64(2), 4], [np.int64(3)], [5]]",[1.21039969 0.10076897 0.1145772  0.07949763 0.548872  ]
306,0.1298388108609827,"[[np.int64(0), 4], [np.int64(1)], [np.int64(2), 3], [5], [6, 7]]",[0.08233896 0.10076897 0.16119856 0.548872   1.16092882]
307,0.13046933113215609,"[[np.int64(0), 5], [np.int64(1)], [np.int64(2)], [np.int64(3), 4], [6, 7]]",[0.59990361 0.10076897 0.07997568 0.11189972 1.16092882]
308,0.13048566489205715,"[[np.int64(0), 4], [np.int64(1)], [np.int64(2)], [np.int64(3), 5, 7], [6]]",[0.08233896 0.10076897 0.07997568 1.24883245 0.54154441]
309,0.1306221853738414,"[[np.int64(0), 5], [np.int64(1), 4], [np.int64(2)], [np.int64(3)], [6, 7]]",[0.59990361 0.1330182  0.07997568 0.07949763 1.16092882]
310,0.13133667446033037,"[[np.int64(0), 3, 4], [np.int64(1)], [np.int64(2)], [5], [6, 7]]",[0.16206398 0.10076897 0.07997568 0.548872   1.16092882]
311,0.13203006698624264,"[[np.int64(0), 6, 7], [np.int64(1)], [np.int64(2)], [np.int64(3), 4], [5]]",[1.21039969 0.10076897 0.07997568 0.11189972 0.548872  ]
312,0.13218292122792885,"[[np.int64(0), 6, 7], [np.int64(1), 4], [np.int64(2)], [np.int64(3)], [5]]",[1.21039969 0.1330182  0.07997568 0.07949763 0.548872  ]
313,0.1338069310516068,"[[np.int64(0), 3], [np.int64(1), 6, 7], [np.int64(2)], [4], [5]]",[0.14933456 1.22941414 0.07997568 0.04254282 0.548872  ]
314,0.1338538432754981,"[[np.int64(0), 2], [np.int64(1), 6, 7], [3], [4], [5]]",[0.14976569 1.22941414 0.07949763 0.04254282 0.548872  ]
315,0.1355967095429551,"[[np.int64(0)], [np.int64(1), 6], [np.int64(2)], [np.int64(3), 5, 7], [np.int64(4)]]",[0.05946881 0.61752967 0.07997568 1.24883245 0.04254282]
316,0.1390844210130764,"[[np.int64(0)], [np.int64(1)], [np.int64(2)], [np.int64(3), 5], [np.int64(4), 6, 7]]",[0.05946881 0.10076897 0.07997568 0.57066307 1.23398519]
317,0.14114193904585903,"[[np.int64(0), np.int64(1), 4], [2], [3], [5], [6, 7]]",[0.17353005 0.07997568 0.07949763 0.548872   1.16092882]
318,0.14244980130485052,"[[np.int64(0)], [np.int64(1), 6, 7], [np.int64(2), 3], [4], [5]]",[0.05946881 1.22941414 0.16119856 0.04254282 0.548872  ]
319,0.14610668913682412,"[[np.int64(0)], [np.int64(1), 4, 5], [np.int64(2)], [np.int64(3)], [6, 7]]",[0.05946881 0.6579685  0.07997568 0.07949763 1.16092882]
320,0.14669023457883146,"[[np.int64(0), 3], [np.int64(1), 5], [np.int64(2)], [4], [6, 7]]",[0.14933456 0.60447402 0.07997568 0.04254282 1.16092882]
321,0.14673714680272276,"[[np.int64(0), 2], [np.int64(1), 5], [3], [4], [6, 7]]",[0.14976569 0.60447402 0.07949763 0.04254282 1.16092882]
322,0.14945808376569536,"[[np.int64(0)], [np.int64(1)], [np.int64(2), 5], [np.int64(3)], [np.int64(4), 6, 7]]",[0.05946881 0.10076897 0.56076745 0.07949763 1.23398519]
323,0.15211635461544404,"[[np.int64(0)], [np.int64(1), 6, 7], [np.int64(2), 4], [np.int64(3)], [5]]",[0.05946881 1.22941414 0.1145772  0.07949763 0.548872  ]
324,0.15261225266848832,"[[np.int64(0), 5], [np.int64(1), 6, 7], [np.int64(2)], [np.int64(3)], [np.int64(4)]]",[0.59990361 1.22941414 0.07997568 0.07949763 0.04254282]
325,0.15345728297370087,"[[np.int64(0), np.int64(1), 6, 7], [2], [3], [4], [5]]",[1.27960071 0.07997568 0.07949763 0.04254282 0.548872  ]
326,0.15392462736593826,"[[np.int64(0)], [np.int64(1), 3, 5, 7], [np.int64(2)], [4], [6]]",[0.05946881 1.30648979 0.07997568 0.04254282 0.54154441]
327,0.15426435518306247,"[[np.int64(0)], [np.int64(1), 2, 5, 6], [3], [4], [7]]",[0.05946881 1.33020767 0.07949763 0.04254282 0.51796485]
328,0.15431578079691644,"[[np.int64(0)], [np.int64(1), 6, 7], [np.int64(2)], [np.int64(3), 4], [5]]",[0.05946881 1.22941414 0.07997568 0.11189972 0.548872  ]
329,0.1553331048320752,"[[np.int64(0)], [np.int64(1), 5], [np.int64(2), 3], [4], [6, 7]]",[0.05946881 0.60447402 0.16119856 0.04254282 1.16092882]
330,0.1568448205087658,"[[np.int64(0)], [np.int64(1), 2], [3, 5], [4], [6, 7]]",[0.05946881 0.1934978  0.57066307 0.04254282 1.16092882]
331,0.15849344875144666,"[[np.int64(0)], [np.int64(1)], [np.int64(2)], [np.int64(3), 4, 5], [6, 7]]",[0.05946881 0.10076897 0.07997568 0.6243104  1.16092882]
332,0.15927676065903018,"[[np.int64(0), 2], [np.int64(1)], [3, 5], [4], [6, 7]]",[0.14976569 0.10076897 0.57066307 0.04254282 1.16092882]
333,0.1638477118893813,"[[np.int64(0), 4], [np.int64(1), 6, 7], [np.int64(2)], [np.int64(3)], [5]]",[0.08233896 1.22941414 0.07997568 0.07949763 0.548872  ]
334,0.16477985064683853,"[[np.int64(0), np.int64(1), 5], [2], [3], [4], [6, 7]]",[0.65622132 0.07997568 0.07949763 0.04254282 1.16092882]
335,0.16499965814266915,"[[np.int64(0)], [np.int64(1), 5], [np.int64(2), 4], [np.int64(3)], [6, 7]]",[0.05946881 0.60447402 0.1145772  0.07949763 1.16092882]
336,0.16666768532259324,"[[np.int64(0)], [np.int64(1)], [np.int64(2), 4, 5], [np.int64(3)], [6, 7]]",[0.05946881 0.10076897 0.61661422 0.07949763 1.16092882]
337,0.16705629204980088,"[[np.int64(0), 6, 7], [np.int64(1), 5], [np.int64(2)], [np.int64(3)], [np.int64(4)]]",[1.21039969 0.60447402 0.07997568 0.07949763 0.04254282]
338,0.16719908432414154,"[[np.int64(0)], [np.int64(1), 5], [np.int64(2)], [np.int64(3), 4], [6, 7]]",[0.05946881 0.60447402 0.07997568 0.11189972 1.16092882]
339,0.16766705415930172,"[[np.int64(0), 3, 5], [np.int64(1)], [np.int64(2)], [4], [6, 7]]",[0.63206278 0.10076897 0.07997568 0.04254282 1.16092882]
340,0.16787226745212536,"[[np.int64(0), np.int64(1), np.int64(2), np.int64(3)], [4], [5], [6], [7]]",[0.36514978 0.04254282 0.548872   0.54154441 0.51796485]
341,0.16803204313354314,"[[np.int64(0)], [np.int64(1), 2, 3], [4, 5], [6], [7]]",[0.05946881 0.28427595 0.61266008 0.54154441 0.51796485]
342,0.1682756568454984,"[[np.int64(0), np.int64(1), np.int64(2)], [3], [4, 5], [6], [7]]",[0.26400351 0.07949763 0.61266008 0.54154441 0.51796485]
343,0.1688822587789831,"[[np.int64(0), np.int64(1)], [2], [3, 5], [4], [6, 7]]",[0.16095348 0.07997568 0.57066307 0.04254282 1.16092882]
344,0.1689444501704811,"[[np.int64(0), 3], [np.int64(1), 2], [4, 5], [6], [7]]",[0.14933456 0.1934978  0.61266008 0.54154441 0.51796485]
345,0.1696035111877574,"[[np.int64(0), 3], [np.int64(1)], [np.int64(2), 5], [4], [6, 7]]",[0.14933456 0.10076897 0.56076745 0.04254282 1.16092882]
346,0.16965114468127052,"[[np.int64(0), 2, 3], [np.int64(1)], [4, 5], [6], [7]]",[0.24135669 0.10076897 0.61266008 0.54154441 0.51796485]
347,0.17041634979029485,"[[np.int64(0)], [np.int64(1), 3], [np.int64(2), 5], [4], [6, 7]]",[0.05946881 0.18982188 0.56076745 0.04254282 1.16092882]
348,0.17142661115051627,"[[np.int64(0), np.int64(1), 3], [2], [4, 5], [6], [7]]",[0.26037451 0.07997568 0.61266008 0.54154441 0.51796485]
349,0.17218922892328248,"[[np.int64(0), 2], [np.int64(1), 3], [4, 5], [6], [7]]",[0.14976569 0.18982188 0.61266008 0.54154441 0.51796485]
350,0.1733425543355489,"[[np.int64(0)], [np.int64(1), 2, 3], [4, 7], [5], [6]]",[0.05946881 0.28427595 0.57644241 0.548872   0.54154441]
351,0.17358616804750326,"[[np.int64(0), np.int64(1), np.int64(2)], [3], [4, 7], [5], [6]]",[0.26400351 0.07949763 0.57644241 0.548872   0.54154441]
352,0.17425496137248642,"[[np.int64(0), 3], [np.int64(1), 2], [4, 7], [5], [6]]",[0.14933456 0.1934978  0.57644241 0.548872   0.54154441]
353,0.17469848747476124,"[[np.int64(0)], [np.int64(1), 2, 3], [4, 6], [5], [7]]",[0.05946881 0.28427595 0.59866603 0.548872   0.51796485]
354,0.1749421011867165,"[[np.int64(0), np.int64(1), np.int64(2)], [3], [4, 6], [5], [7]]",[0.26400351 0.07949763 0.59866603 0.548872   0.51796485]
355,0.17496165588327584,"[[np.int64(0), 2, 3], [np.int64(1)], [4, 7], [5], [6]]",[0.24135669 0.10076897 0.57644241 0.548872   0.54154441]
356,0.1756108945116992,"[[np.int64(0), 3], [np.int64(1), 2], [4, 6], [5], [7]]",[0.14933456 0.1934978  0.59866603 0.548872   0.51796485]
357,0.17631758902248862,"[[np.int64(0), 2, 3], [np.int64(1)], [4, 6], [5], [7]]",[0.24135669 0.10076897 0.59866603 0.548872   0.51796485]
358,0.17638075017526944,"[[np.int64(0)], [np.int64(1)], [np.int64(2), 5, 6], [np.int64(3), 7], [np.int64(4)]]",[0.05946881 0.10076897 1.28663622 0.51814856 0.04254282]
359,0.17673101541660596,"[[np.int64(0), 4], [np.int64(1), 5], [np.int64(2)], [np.int64(3)], [6, 7]]",[0.08233896 0.60447402 0.07997568 0.07949763 1.16092882]
360,0.17673712235252204,"[[np.int64(0), np.int64(1), 3], [2], [4, 7], [5], [6]]",[0.26037451 0.07997568 0.57644241 0.548872   0.54154441]
361,0.1774997401252878,"[[np.int64(0), 2], [np.int64(1), 3], [4, 7], [5], [6]]",[0.14976569 0.18982188 0.57644241 0.548872   0.54154441]
362,0.17753927199897657,"[[np.int64(0)], [np.int64(1)], [np.int64(2), 4], [np.int64(3), 5], [6, 7]]",[0.05946881 0.10076897 0.1145772  0.57066307 1.16092882]
363,0.17808762913581244,"[[np.int64(0), 2, 5], [np.int64(1)], [3], [4], [6, 7]]",[0.62212026 0.10076897 0.07949763 0.04254282 1.16092882]
364,0.17809305549173482,"[[np.int64(0), np.int64(1), 3], [2], [4, 6], [5], [7]]",[0.26037451 0.07997568 0.59866603 0.548872   0.51796485]
365,0.1787886934745675,"[[np.int64(0), 6], [np.int64(1), 2], [3], [4, 5], [7]]",[0.60153708 0.1934978  0.07949763 0.61266008 0.51796485]
366,0.17885567326450058,"[[np.int64(0), 2], [np.int64(1), 3], [4, 6], [5], [7]]",[0.14976569 0.18982188 0.59866603 0.548872   0.51796485]
367,0.17925592153160164,"[[np.int64(0), np.int64(1)], [2, 5], [3], [4], [6, 7]]",[0.16095348 0.56076745 0.07949763 0.04254282 1.16092882]
368,0.1795959059061083,"[[np.int64(0), 6, 7], [np.int64(1)], [np.int64(2)], [np.int64(3), 5], [np.int64(4)]]",[1.21039969 0.10076897 0.07997568 0.57066307 0.04254282]
369,0.1798915524221334,"[[np.int64(0)], [np.int64(1), 4], [np.int64(2)], [np.int64(3), 5], [6, 7]]",[0.05946881 0.1330182  0.07997568 0.57066307 1.16092882]
370,0.18036834603838559,"[[np.int64(0)], [np.int64(1)], [np.int64(2), 6], [np.int64(3), 5, 7], [np.int64(4)]]",[0.05946881 0.10076897 0.55196474 1.24883245 0.04254282]
371,0.18198656000347713,"[[np.int64(0), 6], [np.int64(1), 3], [np.int64(2)], [4, 5], [7]]",[0.60153708 0.18982188 0.07997568 0.61266008 0.51796485]
372,0.18202598267586056,"[[np.int64(0)], [np.int64(1)], [np.int64(2), 3, 5, 6], [4], [7]]",[0.05946881 0.10076897 1.2811747  0.04254282 0.51796485]
373,0.18409920467657237,"[[np.int64(0), 6], [np.int64(1), 2], [3], [4, 7], [5]]",[0.60153708 0.1934978  0.07949763 0.57644241 0.548872  ]
374,0.187297071205482,"[[np.int64(0), 6], [np.int64(1), 3], [np.int64(2)], [4, 7], [5]]",[0.60153708 0.18982188 0.07997568 0.57644241 0.548872  ]
375,0.1887534199739127,"[[np.int64(0), 6], [np.int64(1), 2, 3], [4], [5], [7]]",[0.60153708 0.28427595 0.04254282 0.548872   0.51796485]
376,0.18919753978254295,"[[np.int64(0), 3], [np.int64(1), 7], [np.int64(2)], [4, 5], [6]]",[0.14933456 0.61123388 0.07997568 0.61266008 0.54154441]
377,0.18924445200643403,"[[np.int64(0), 2], [np.int64(1), 7], [3], [4, 5], [6]]",[0.14976569 0.61123388 0.07949763 0.61266008 0.54154441]
378,0.18927062927291338,"[[np.int64(0), 4], [np.int64(1)], [np.int64(2)], [np.int64(3), 5], [6, 7]]",[0.08233896 0.10076897 0.07997568 0.57066307 1.16092882]
379,0.18962475869394235,"[[np.int64(0), np.int64(1)], [2, 3], [4, 5], [6], [7]]",[0.16095348 0.16119856 0.61266008 0.54154441 0.51796485]
380,0.18981659165418385,"[[np.int64(0), 6], [np.int64(1)], [np.int64(2), 3], [4, 5], [7]]",[0.60153708 0.10076897 0.16119856 0.61266008 0.51796485]
381,0.1898343802300837,"[[np.int64(0), 7], [np.int64(1), 2], [3], [4, 5], [6]]",[0.56691184 0.1934978  0.07949763 0.61266008 0.54154441]
382,0.18996956865872683,"[[np.int64(0), 6, 7], [np.int64(1)], [np.int64(2), 5], [np.int64(3)], [np.int64(4)]]",[1.21039969 0.10076897 0.56076745 0.07949763 0.04254282]
383,0.19001080201285214,"[[np.int64(0)], [np.int64(1)], [np.int64(2), 4, 6, 7], [np.int64(3)], [5]]",[0.05946881 0.10076897 1.20532792 0.07949763 0.548872  ]
384,0.19011236093306794,"[[np.int64(0)], [np.int64(1)], [np.int64(2), 5], [np.int64(3), 4], [6, 7]]",[0.05946881 0.10076897 0.56076745 0.11189972 1.16092882]
385,0.1902652151747528,"[[np.int64(0)], [np.int64(1), 4], [np.int64(2), 5], [np.int64(3)], [6, 7]]",[0.05946881 0.1330182  0.56076745 0.07949763 1.16092882]
386,0.19133778822751246,"[[np.int64(0)], [np.int64(1)], [np.int64(2), 6, 7], [np.int64(3)], [np.int64(4), 5]]",[0.05946881 0.10076897 1.14021286 0.07949763 0.61266008]
387,0.19303224675899333,"[[np.int64(0), 7], [np.int64(1), 3], [np.int64(2)], [4, 5], [6]]",[0.56691184 0.18982188 0.07997568 0.61266008 0.54154441]
388,0.19306028298936817,"[[np.int64(0), 5], [np.int64(1), 2], [3], [4, 7], [6]]",[0.59990361 0.1934978  0.07949763 0.57644241 0.54154441]
389,0.19441621612858095,"[[np.int64(0), 5], [np.int64(1), 2], [3], [4, 6], [7]]",[0.59990361 0.1934978  0.07949763 0.59866603 0.51796485]
390,0.19493526989594723,"[[np.int64(0), np.int64(1)], [2, 3], [4, 7], [5], [6]]",[0.16095348 0.16119856 0.57644241 0.548872   0.54154441]
391,0.19512710285618895,"[[np.int64(0), 6], [np.int64(1)], [np.int64(2), 3], [4, 7], [5]]",[0.60153708 0.10076897 0.16119856 0.57644241 0.548872  ]
392,0.19586398412376083,"[[np.int64(0), 3], [np.int64(1), 7], [np.int64(2)], [4, 6], [5]]",[0.14933456 0.61123388 0.07997568 0.59866603 0.548872  ]
393,0.1959108963476519,"[[np.int64(0), 2], [np.int64(1), 7], [3], [4, 6], [5]]",[0.14976569 0.61123388 0.07949763 0.59866603 0.548872  ]
394,0.19625814951827825,"[[np.int64(0), 5], [np.int64(1), 3], [np.int64(2)], [4, 7], [6]]",[0.59990361 0.18982188 0.07997568 0.57644241 0.54154441]
395,0.19629120303516,"[[np.int64(0), np.int64(1)], [2, 3], [4, 6], [5], [7]]",[0.16095348 0.16119856 0.59866603 0.548872   0.51796485]
396,0.19650082457130136,"[[np.int64(0), 7], [np.int64(1), 2], [3], [4, 6], [5]]",[0.56691184 0.1934978  0.07949763 0.59866603 0.548872  ]
397,0.19761408265749103,"[[np.int64(0), 5], [np.int64(1), 3], [np.int64(2)], [4, 6], [7]]",[0.59990361 0.18982188 0.07997568 0.59866603 0.51796485]
398,0.19771449828670895,"[[np.int64(0), 5], [np.int64(1), 2, 3], [4], [6], [7]]",[0.59990361 0.28427595 0.04254282 0.54154441 0.51796485]
399,0.19784041003578667,"[[np.int64(0)], [np.int64(1), 7], [np.int64(2), 3], [4, 5], [6]]",[0.05946881 0.61123388 0.16119856 0.61266008 0.54154441]
400,0.1983963399032429,"[[np.int64(0), 2, 3], [np.int64(1), 7], [4], [5], [6]]",[0.24135669 0.61123388 0.04254282 0.548872   0.54154441]
401,0.1989378868644458,"[[np.int64(0)], [np.int64(1)], [np.int64(2)], [np.int64(3), 6, 7], [np.int64(4), 5]]",[0.05946881 0.10076897 0.07997568 1.13213471 0.61266008]
402,0.19904178308662845,"[[np.int64(0), 6], [np.int64(1), 7], [np.int64(2)], [np.int64(3)], [np.int64(4), 5]]",[0.60153708 0.61123388 0.07997568 0.07949763 0.61266008]
403,0.1996442920255319,"[[np.int64(0), 4], [np.int64(1)], [np.int64(2), 5], [np.int64(3)], [6, 7]]",[0.08233896 0.10076897 0.56076745 0.07949763 1.16092882]
404,0.19966164012709142,"[[np.int64(0), np.int64(1), np.int64(2)], [3, 4], [5], [6], [7]]",[0.26400351 0.11189972 0.548872   0.54154441 0.51796485]
405,0.1996986911002112,"[[np.int64(0), 7], [np.int64(1), 3], [np.int64(2)], [4, 6], [5]]",[0.56691184 0.18982188 0.07997568 0.59866603 0.548872  ]
406,0.19979910672942913,"[[np.int64(0), 7], [np.int64(1), 2, 3], [4], [5], [6]]",[0.56691184 0.28427595 0.04254282 0.548872   0.54154441]
407,0.1998103268312572,"[[np.int64(0)], [np.int64(1)], [np.int64(2)], [np.int64(3), 4, 6, 7], [5]]",[0.05946881 0.10076897 0.07997568 1.19505035 0.548872  ]
408,0.20061316825063757,"[[np.int64(0), np.int64(1), 3], [2, 4], [5], [6], [7]]",[0.26037451 0.1145772  0.548872   0.54154441 0.51796485]
409,0.20086227840970006,"[[np.int64(0), 7], [np.int64(1)], [np.int64(2), 3], [4, 5], [6]]",[0.56691184 0.10076897 0.16119856 0.61266008 0.54154441]
410,0.2011899822045491,"[[np.int64(0), 2, 3], [np.int64(1), 4], [5], [6], [7]]",[0.24135669 0.1330182  0.548872   0.54154441 0.51796485]
411,0.2018816197167812,"[[np.int64(0)], [np.int64(1), 6, 7], [np.int64(2)], [np.int64(3), 5], [np.int64(4)]]",[0.05946881 1.22941414 0.07997568 0.57066307 0.04254282]
412,0.20221492176379563,"[[np.int64(0), 3], [np.int64(1)], [np.int64(2), 6, 7], [4], [5]]",[0.14933456 0.10076897 1.14021286 0.04254282 0.548872  ]
413,0.20302776036633263,"[[np.int64(0)], [np.int64(1), 3], [np.int64(2), 6, 7], [4], [5]]",[0.05946881 0.18982188 1.14021286 0.04254282 0.548872  ]
414,0.20408818116898497,"[[np.int64(0), 5], [np.int64(1)], [np.int64(2), 3], [4, 7], [6]]",[0.59990361 0.10076897 0.16119856 0.57644241 0.54154441]
415,0.20450685437700433,"[[np.int64(0)], [np.int64(1), 7], [np.int64(2), 3], [4, 6], [5]]",[0.05946881 0.61123388 0.16119856 0.59866603 0.548872  ]
416,0.2048016390788241,"[[np.int64(0), 3], [np.int64(1), 4, 7], [np.int64(2)], [5], [6]]",[0.14933456 0.65941785 0.07997568 0.548872   0.54154441]
417,0.2048485513027154,"[[np.int64(0), 2], [np.int64(1), 4, 7], [3], [5], [6]]",[0.14976569 0.65941785 0.07949763 0.548872   0.54154441]
418,0.2051278027608412,"[[np.int64(0), 4, 6], [np.int64(1), 2], [3], [5], [7]]",[0.63898605 0.1934978  0.07949763 0.548872   0.51796485]
419,0.2052096459538244,"[[np.int64(0)], [np.int64(1), 3, 5], [np.int64(2)], [4], [6, 7]]",[0.05946881 0.63582035 0.07997568 0.04254282 1.16092882]
420,0.20544411430819776,"[[np.int64(0), 5], [np.int64(1)], [np.int64(2), 3], [4, 6], [7]]",[0.59990361 0.10076897 0.16119856 0.59866603 0.51796485]
421,0.20648130358552685,"[[np.int64(0), 3], [np.int64(1), 6], [np.int64(2)], [4, 5], [7]]",[0.14933456 0.61752967 0.07997568 0.61266008 0.51796485]
422,0.20652821580941838,"[[np.int64(0), 2], [np.int64(1), 6], [3], [4, 5], [7]]",[0.14976569 0.61752967 0.07949763 0.61266008 0.51796485]
423,0.2074224367324189,"[[np.int64(0), 4, 5], [np.int64(1), 2], [3], [6], [7]]",[0.64401901 0.1934978  0.07949763 0.54154441 0.51796485]
424,0.2074299924743559,"[[np.int64(0)], [np.int64(1), 2], [3, 6, 7], [4], [5]]",[0.05946881 0.1934978  1.13213471 0.04254282 0.548872  ]
425,0.20752872275091794,"[[np.int64(0), 7], [np.int64(1)], [np.int64(2), 3], [4, 6], [5]]",[0.56691184 0.10076897 0.16119856 0.59866603 0.548872  ]
426,0.20829039111602787,"[[np.int64(0)], [np.int64(1), 2], [3, 6], [4, 5], [7]]",[0.05946881 0.1934978  0.59206421 0.61266008 0.51796485]
427,0.20830428984232974,"[[np.int64(0)], [np.int64(1)], [np.int64(2), 3, 5, 7], [4], [6]]",[0.05946881 0.10076897 1.23131684 0.04254282 0.54154441]
428,0.20832566928975105,"[[np.int64(0), 4, 6], [np.int64(1), 3], [np.int64(2)], [5], [7]]",[0.63898605 0.18982188 0.07997568 0.548872   0.51796485]
429,0.2084245953648789,"[[np.int64(0), 3], [np.int64(1), 2, 4], [5], [6], [7]]",[0.14933456 0.21780572 0.548872   0.54154441 0.51796485]
430,0.20894995750760148,"[[np.int64(0), 4], [np.int64(1), 2, 3], [5], [6], [7]]",[0.08233896 0.28427595 0.548872   0.54154441 0.51796485]
431,0.20937176429326998,"[[np.int64(0), np.int64(1), 7], [2], [3], [4, 5], [6]]",[0.66089657 0.07997568 0.07949763 0.61266008 0.54154441]
432,0.20986193262462027,"[[np.int64(0), 2], [np.int64(1)], [3, 6, 7], [4], [5]]",[0.14976569 0.10076897 1.13213471 0.04254282 0.548872  ]
433,0.210151546453768,"[[np.int64(0), 3, 6], [np.int64(1)], [np.int64(2)], [4, 5], [7]]",[0.66242501 0.10076897 0.07997568 0.61266008 0.51796485]
434,0.21017467675616053,"[[np.int64(0), 6], [np.int64(1), 2], [3, 4], [5], [7]]",[0.60153708 0.1934978  0.11189972 0.548872   0.51796485]
435,0.21062030326132897,"[[np.int64(0), 4, 5], [np.int64(1), 3], [np.int64(2)], [6], [7]]",[0.64401901 0.18982188 0.07997568 0.54154441 0.51796485]
436,0.21072233126629247,"[[np.int64(0), 2], [np.int64(1)], [3, 6], [4, 5], [7]]",[0.14976569 0.10076897 0.59206421 0.61266008 0.51796485]
437,0.2111731171035982,"[[np.int64(0), 6], [np.int64(1), 3], [np.int64(2), 4], [5], [7]]",[0.60153708 0.18982188 0.1145772  0.548872   0.51796485]
438,0.21179181478753195,"[[np.int64(0), 3], [np.int64(1), 6], [np.int64(2)], [4, 7], [5]]",[0.14933456 0.61752967 0.07997568 0.57644241 0.548872  ]
439,0.21183872701142326,"[[np.int64(0), 2], [np.int64(1), 6], [3], [4, 7], [5]]",[0.14976569 0.61752967 0.07949763 0.57644241 0.548872  ]
440,0.21186733210763942,"[[np.int64(0), np.int64(1)], [2, 6, 7], [3], [4], [5]]",[0.16095348 1.14021286 0.07949763 0.04254282 0.548872  ]
441,0.21225528246939995,"[[np.int64(0)], [np.int64(1), 6, 7], [np.int64(2), 5], [np.int64(3)], [np.int64(4)]]",[0.05946881 1.22941414 0.56076745 0.07949763 0.04254282]
442,0.21225977556593767,"[[np.int64(0), 2, 6, 7], [np.int64(1)], [3], [4], [5]]",[1.20000493 0.10076897 0.07949763 0.04254282 0.548872  ]
443,0.2123854421775333,"[[np.int64(0)], [np.int64(1), 2, 5], [3], [4], [6, 7]]",[0.05946881 0.62912261 0.07949763 0.04254282 1.16092882]
444,0.21283389399930153,"[[np.int64(0), 3], [np.int64(1)], [np.int64(2), 7], [4, 5], [6]]",[0.14933456 0.10076897 0.56680423 0.61266008 0.54154441]
445,0.21344450933206782,"[[np.int64(0)], [np.int64(1), 4, 7], [np.int64(2), 3], [5], [6]]",[0.05946881 0.65941785 0.16119856 0.548872   0.54154441]
446,0.2136009023180332,"[[np.int64(0)], [np.int64(1), 2], [3, 6], [4, 7], [5]]",[0.05946881 0.1934978  0.59206421 0.57644241 0.548872  ]
447,0.21364673260183853,"[[np.int64(0)], [np.int64(1), 3], [np.int64(2), 7], [4, 5], [6]]",[0.05946881 0.18982188 0.56680423 0.61266008 0.54154441]
448,0.21386880029915245,"[[np.int64(0), 2], [np.int64(1), 3, 4], [5], [6], [7]]",[0.14976569 0.21193038 0.548872   0.54154441 0.51796485]
449,0.21464588238290983,"[[np.int64(0), 6], [np.int64(1), 4, 7], [np.int64(2)], [np.int64(3)], [5]]",[0.60153708 0.65941785 0.07997568 0.07949763 0.548872  ]
450,0.21466930574064258,"[[np.int64(0), 5], [np.int64(1), 7], [np.int64(2)], [np.int64(3)], [np.int64(4), 6]]",[0.59990361 0.61123388 0.07997568 0.07949763 0.59866603]
451,0.2148175563771444,"[[np.int64(0), 4, 7], [np.int64(1), 2], [3], [5], [6]]",[0.60571674 0.1934978  0.07949763 0.548872   0.54154441]
452,0.2151241738387708,"[[np.int64(0)], [np.int64(1), 6], [np.int64(2), 3], [4, 5], [7]]",[0.05946881 0.61752967 0.16119856 0.61266008 0.51796485]
453,0.2154620576557731,"[[np.int64(0), 3, 6], [np.int64(1)], [np.int64(2)], [4, 7], [5]]",[0.66242501 0.10076897 0.07997568 0.57644241 0.548872  ]
454,0.21560984134073813,"[[np.int64(0), np.int64(1), 6], [2], [3], [4, 5], [7]]",[0.67823805 0.07997568 0.07949763 0.61266008 0.51796485]
455,0.2156801037062266,"[[np.int64(0), 2, 3], [np.int64(1), 6], [4], [5], [7]]",[0.24135669 0.61752967 0.04254282 0.548872   0.51796485]
456,0.21603284246829757,"[[np.int64(0), 2], [np.int64(1)], [3, 6], [4, 7], [5]]",[0.14976569 0.10076897 0.59206421 0.57644241 0.548872  ]
457,0.21603820863448808,"[[np.int64(0), np.int64(1), 7], [2], [3], [4, 6], [5]]",[0.66089657 0.07997568 0.07949763 0.59866603 0.548872  ]
458,0.21615570094045755,"[[np.int64(0), 4, 6], [np.int64(1)], [np.int64(2), 3], [5], [7]]",[0.63898605 0.10076897 0.16119856 0.548872   0.51796485]
459,0.21765292218053212,"[[np.int64(0)], [np.int64(1), 2, 3, 4], [5], [6], [7]]",[0.05946881 0.29844315 0.548872   0.54154441 0.51796485]
460,0.21794881186589832,"[[np.int64(0)], [np.int64(1), 2, 7], [3], [4, 5], [6]]",[0.05946881 0.6728264  0.07949763 0.61266008 0.54154441]
461,0.21801542290605425,"[[np.int64(0), 4, 7], [np.int64(1), 3], [np.int64(2)], [5], [6]]",[0.60571674 0.18982188 0.07997568 0.548872   0.54154441]
462,0.21826883866896418,"[[np.int64(0), 6], [np.int64(1), 2, 4], [3], [5], [7]]",[0.60153708 0.21780572 0.07949763 0.548872   0.51796485]
463,0.2183840968826638,"[[np.int64(0), 3], [np.int64(1), 7], [np.int64(2), 4], [5], [6]]",[0.14933456 0.61123388 0.1145772  0.548872   0.54154441]
464,0.21845033491203592,"[[np.int64(0), 4, 5], [np.int64(1)], [np.int64(2), 3], [6], [7]]",[0.64401901 0.10076897 0.16119856 0.54154441 0.51796485]
465,0.21849873132732855,"[[np.int64(0), np.int64(1), np.int64(2)], [3, 6], [4], [5], [7]]",[0.26400351 0.59206421 0.04254282 0.548872   0.51796485]
466,0.21856178687615602,"[[np.int64(0), 6], [np.int64(1), 7], [np.int64(2), 3], [4], [5]]",[0.60153708 0.61123388 0.16119856 0.04254282 0.548872  ]
467,0.21864365206367853,"[[np.int64(0), 3, 6], [np.int64(1), 2], [4], [5], [7]]",[0.66242501 0.1934978  0.04254282 0.548872   0.51796485]
468,0.21913575506895655,"[[np.int64(0), 5], [np.int64(1), 2], [3, 4], [6], [7]]",[0.59990361 0.1934978  0.11189972 0.54154441 0.51796485]
469,0.21946743074457276,"[[np.int64(0), np.int64(1)], [2], [3, 6, 7], [4], [5]]",[0.16095348 0.07997568 1.13213471 0.04254282 0.548872  ]
470,0.21950033834051963,"[[np.int64(0), 3], [np.int64(1)], [np.int64(2), 7], [4, 6], [5]]",[0.14933456 0.10076897 0.56680423 0.59866603 0.548872  ]
471,0.21981296197897926,"[[np.int64(0), 3, 6, 7], [np.int64(1)], [np.int64(2)], [4], [5]]",[1.19197369 0.10076897 0.07997568 0.04254282 0.548872  ]
472,0.2200030983971304,"[[np.int64(0), 3, 4], [np.int64(1), 2], [5], [6], [7]]",[0.16206398 0.1934978  0.548872   0.54154441 0.51796485]
473,0.22013419541639379,"[[np.int64(0), 5], [np.int64(1), 3], [np.int64(2), 4], [6], [7]]",[0.59990361 0.18982188 0.1145772  0.54154441 0.51796485]
474,0.22031317694305663,"[[np.int64(0)], [np.int64(1), 3], [np.int64(2), 7], [4, 6], [5]]",[0.05946881 0.18982188 0.56680423 0.59866603 0.548872  ]
475,0.22032782938624473,"[[np.int64(0), np.int64(1)], [2], [3, 6], [4, 5], [7]]",[0.16095348 0.07997568 0.59206421 0.61266008 0.51796485]
476,0.22043468504077568,"[[np.int64(0)], [np.int64(1), 6], [np.int64(2), 3], [4, 7], [5]]",[0.05946881 0.61752967 0.16119856 0.57644241 0.548872  ]
477,0.2206304352880275,"[[np.int64(0), 2], [np.int64(1), 7], [3, 4], [5], [6]]",[0.14976569 0.61123388 0.11189972 0.548872   0.54154441]
478,0.220920352542743,"[[np.int64(0), np.int64(1), 6], [2], [3], [4, 7], [5]]",[0.67823805 0.07997568 0.07949763 0.57644241 0.548872  ]
479,0.22102024338067783,"[[np.int64(0), 5], [np.int64(1)], [np.int64(2), 6, 7], [np.int64(3)], [np.int64(4)]]",[0.59990361 0.10076897 1.14021286 0.07949763 0.04254282]
480,0.2210484509684596,"[[np.int64(0), 2, 4], [np.int64(1), 3], [5], [6], [7]]",[0.16469454 0.18982188 0.548872   0.54154441 0.51796485]
481,0.22122036351167695,"[[np.int64(0), 7], [np.int64(1), 2], [3, 4], [5], [6]]",[0.56691184 0.1934978  0.11189972 0.548872   0.54154441]
482,0.22135542917746198,"[[np.int64(0), 6], [np.int64(1), 4], [np.int64(2), 3], [5], [7]]",[0.60153708 0.1330182  0.16119856 0.548872   0.51796485]
483,0.2222188038591144,"[[np.int64(0), 7], [np.int64(1), 3], [np.int64(2), 4], [5], [6]]",[0.56691184 0.18982188 0.1145772  0.548872   0.54154441]
484,0.2224863043431453,"[[np.int64(0), np.int64(1)], [2, 7], [3], [4, 5], [6]]",[0.16095348 0.56680423 0.07949763 0.61266008 0.54154441]
485,0.22267813730338748,"[[np.int64(0), 6], [np.int64(1)], [np.int64(2), 7], [np.int64(3)], [np.int64(4), 5]]",[0.60153708 0.10076897 0.56680423 0.07949763 0.61266008]
486,0.2227237715091055,"[[np.int64(0)], [np.int64(1)], [np.int64(2), 6, 7], [np.int64(3), 4], [5]]",[0.05946881 0.10076897 1.14021286 0.11189972 0.548872  ]
487,0.22287662575079104,"[[np.int64(0)], [np.int64(1), 4], [np.int64(2), 6, 7], [np.int64(3)], [5]]",[0.05946881 0.1330182  1.14021286 0.07949763 0.548872  ]
488,0.2234026203900763,"[[np.int64(0), 2, 7], [np.int64(1)], [3], [4, 5], [6]]",[0.62607243 0.10076897 0.07949763 0.61266008 0.54154441]
489,0.223441336021021,"[[np.int64(0), 3], [np.int64(1), 4, 6], [np.int64(2)], [5], [7]]",[0.14933456 0.66435771 0.07997568 0.548872   0.51796485]
490,0.22348824824491254,"[[np.int64(0), 2], [np.int64(1), 4, 6], [3], [5], [7]]",[0.14976569 0.66435771 0.07949763 0.548872   0.51796485]
491,0.22360696069570585,"[[np.int64(0), 5], [np.int64(1), 4, 7], [np.int64(2)], [np.int64(3)], [6]]",[0.59990361 0.65941785 0.07997568 0.07949763 0.54154441]
492,0.22366613137934666,"[[np.int64(0), 6], [np.int64(1), 3, 4], [np.int64(2)], [5], [7]]",[0.60153708 0.21193038 0.07997568 0.548872   0.51796485]
493,0.22380816058924746,"[[np.int64(0), np.int64(1), 3], [2, 7], [4], [5], [6]]",[0.26037451 0.56680423 0.04254282 0.548872   0.54154441]
494,0.22461525620711686,"[[np.int64(0)], [np.int64(1), 2, 7], [3], [4, 6], [5]]",[0.05946881 0.6728264  0.07949763 0.59866603 0.548872  ]
495,0.22509756930983693,"[[np.int64(0)], [np.int64(1), 2], [3, 4, 6], [5], [7]]",[0.05946881 0.1934978  0.63904511 0.548872   0.51796485]
496,0.22538089237290215,"[[np.int64(0), 4, 6], [np.int64(1), 7], [np.int64(2)], [np.int64(3)], [5]]",[0.63898605 0.61123388 0.07997568 0.07949763 0.548872  ]
497,0.22563834058825005,"[[np.int64(0), np.int64(1)], [2], [3, 6], [4, 7], [5]]",[0.16095348 0.07997568 0.59206421 0.57644241 0.548872  ]
498,0.2258454545567612,"[[np.int64(0), 4, 7], [np.int64(1)], [np.int64(2), 3], [5], [6]]",[0.60571674 0.10076897 0.16119856 0.548872   0.54154441]
499,0.22608571287242563,"[[np.int64(0), 3], [np.int64(1)], [np.int64(2), 4, 7], [5], [6]]",[0.14933456 0.10076897 0.61734049 0.548872   0.54154441]
500,0.2268985514749624,"[[np.int64(0)], [np.int64(1), 3], [np.int64(2), 4, 7], [5], [6]]",[0.05946881 0.18982188 0.61734049 0.548872   0.54154441]
501,0.2272299169817602,"[[np.int64(0), 5], [np.int64(1), 2, 4], [3], [6], [7]]",[0.59990361 0.21780572 0.07949763 0.54154441 0.51796485]
502,0.2273712336451288,"[[np.int64(0), 7], [np.int64(1), 6], [np.int64(2)], [np.int64(3)], [np.int64(4), 5]]",[0.56691184 0.61752967 0.07997568 0.07949763 0.61266008]
503,0.22742846698495134,"[[np.int64(0), np.int64(1), np.int64(2), 4], [3], [5], [6], [7]]",[0.26863877 0.07949763 0.548872   0.54154441 0.51796485]
504,0.2275228651889516,"[[np.int64(0), 5], [np.int64(1), 7], [np.int64(2), 3], [4], [6]]",[0.59990361 0.61123388 0.16119856 0.04254282 0.54154441]
505,0.2275295094601013,"[[np.int64(0), 2], [np.int64(1)], [3, 4, 6], [5], [7]]",[0.14976569 0.10076897 0.63904511 0.548872   0.51796485]
506,0.22767552634448052,"[[np.int64(0), 4, 5], [np.int64(1), 7], [np.int64(2)], [np.int64(3)], [6]]",[0.64401901 0.61123388 0.07997568 0.07949763 0.54154441]
507,0.228124443964566,"[[np.int64(0)], [np.int64(1)], [np.int64(2), 4], [np.int64(3), 6, 7], [5]]",[0.05946881 0.10076897 0.1145772  1.13213471 0.548872  ]
508,0.2282283401867493,"[[np.int64(0), 6], [np.int64(1), 7], [np.int64(2), 4], [np.int64(3)], [5]]",[0.60153708 0.61123388 0.1145772  0.07949763 0.548872  ]
509,0.22854348072808928,"[[np.int64(0)], [np.int64(1), 7], [np.int64(2)], [np.int64(3), 6], [np.int64(4), 5]]",[0.05946881 0.61123388 0.07997568 0.59206421 0.61266008]
510,0.22862034201761072,"[[np.int64(0), 5], [np.int64(1)], [np.int64(2)], [np.int64(3), 6, 7], [np.int64(4)]]",[0.59990361 0.10076897 0.07997568 1.13213471 0.04254282]
511,0.22865110057903903,"[[np.int64(0), 2, 3, 4], [np.int64(1)], [5], [6], [7]]",[0.2461448  0.10076897 0.548872   0.54154441 0.51796485]
512,0.22882594540218237,"[[np.int64(0), 3], [np.int64(1), 2, 7], [4], [5], [6]]",[0.14933456 0.6728264  0.04254282 0.548872   0.54154441]
513,0.22889176808279732,"[[np.int64(0), np.int64(1), 7], [2, 3], [4], [5], [6]]",[0.66089657 0.16119856 0.04254282 0.548872   0.54154441]
514,0.2289520496466544,"[[np.int64(0), np.int64(1)], [2, 3, 4], [5], [6], [7]]",[0.16095348 0.18565934 0.548872   0.54154441 0.51796485]
515,0.2291438826068961,"[[np.int64(0), 6], [np.int64(1)], [np.int64(2), 3, 4], [5], [7]]",[0.60153708 0.10076897 0.18565934 0.548872   0.51796485]
516,0.22915274868436364,"[[np.int64(0), np.int64(1)], [2, 7], [3], [4, 6], [5]]",[0.16095348 0.56680423 0.07949763 0.59866603 0.548872  ]
517,0.22931452542448083,"[[np.int64(0), 7], [np.int64(1), 2, 4], [3], [5], [6]]",[0.56691184 0.21780572 0.07949763 0.548872   0.54154441]
518,0.23006906473129418,"[[np.int64(0), 2, 7], [np.int64(1)], [3], [4, 6], [5]]",[0.62607243 0.10076897 0.07949763 0.59866603 0.548872  ]
519,0.23031650749025823,"[[np.int64(0), 5], [np.int64(1), 4], [np.int64(2), 3], [6], [7]]",[0.59990361 0.1330182  0.16119856 0.54154441 0.51796485]
520,0.2304277663682215,"[[np.int64(0), 6], [np.int64(1), 7], [np.int64(2)], [np.int64(3), 4], [5]]",[0.60153708 0.61123388 0.07997568 0.11189972 0.548872  ]
521,0.2304767243877237,"[[np.int64(0)], [np.int64(1), 4], [np.int64(2)], [np.int64(3), 6, 7], [5]]",[0.05946881 0.1330182  0.07997568 1.13213471 0.548872  ]
522,0.23059713640441348,"[[np.int64(0), 5], [np.int64(1), 6], [np.int64(2)], [np.int64(3)], [np.int64(4), 7]]",[0.59990361 0.61752967 0.07997568 0.07949763 0.57644241]
523,0.2315653491020031,"[[np.int64(0), 7], [np.int64(1)], [np.int64(2)], [np.int64(3), 6], [np.int64(4), 5]]",[0.56691184 0.10076897 0.07997568 0.59206421 0.61266008]
524,0.23208420627426496,"[[np.int64(0)], [np.int64(1), 4, 6], [np.int64(2), 3], [5], [7]]",[0.05946881 0.66435771 0.16119856 0.548872   0.51796485]
525,0.2321135492263462,"[[np.int64(0)], [np.int64(1), 2, 6, 7], [3], [4], [5]]",[0.05946881 1.22145132 0.07949763 0.04254282 0.548872  ]
526,0.23217506410772626,"[[np.int64(0), 3], [np.int64(1), 5], [np.int64(2)], [4, 7], [6]]",[0.14933456 0.60447402 0.07997568 0.57644241 0.54154441]
527,0.23222197633161756,"[[np.int64(0), 2], [np.int64(1), 5], [3], [4, 7], [6]]",[0.14976569 0.60447402 0.07949763 0.57644241 0.54154441]
528,0.23225570260157036,"[[np.int64(0), 4], [np.int64(1)], [np.int64(2), 6, 7], [np.int64(3)], [5]]",[0.08233896 0.10076897 1.14021286 0.07949763 0.548872  ]
529,0.2324011159329784,"[[np.int64(0), 7], [np.int64(1), 4], [np.int64(2), 3], [5], [6]]",[0.56691184 0.1330182  0.16119856 0.548872   0.54154441]
530,0.23262720969214268,"[[np.int64(0), 5], [np.int64(1), 3, 4], [np.int64(2)], [6], [7]]",[0.59990361 0.21193038 0.07997568 0.54154441 0.51796485]
531,0.23277884747144206,"[[np.int64(0), np.int64(1), 3, 4], [2], [5], [6], [7]]",[0.26281034 0.07997568 0.548872   0.54154441 0.51796485]
532,0.23353099724693926,"[[np.int64(0), 3], [np.int64(1), 5], [np.int64(2)], [4, 6], [7]]",[0.14933456 0.60447402 0.07997568 0.59866603 0.51796485]
533,0.2335779094708308,"[[np.int64(0), 2], [np.int64(1), 5], [3], [4, 6], [7]]",[0.14976569 0.60447402 0.07949763 0.59866603 0.51796485]
534,0.23436810944220765,"[[np.int64(0), 6], [np.int64(1), 3], [np.int64(2), 7], [4], [5]]",[0.60153708 0.18982188 0.56680423 0.04254282 0.548872  ]
535,0.2347118181348633,"[[np.int64(0), 7], [np.int64(1), 3, 4], [np.int64(2)], [5], [6]]",[0.56691184 0.21193038 0.07997568 0.548872   0.54154441]
536,0.23479125186128758,"[[np.int64(0), 5], [np.int64(1)], [np.int64(2)], [np.int64(3), 6], [np.int64(4), 7]]",[0.59990361 0.10076897 0.07997568 0.59206421 0.57644241]
537,0.23509259252889714,"[[np.int64(0), 2, 7], [np.int64(1), 3], [4], [5], [6]]",[0.62607243 0.18982188 0.04254282 0.548872   0.54154441]
538,0.23512984513026525,"[[np.int64(0), np.int64(1), 6], [2, 3], [4], [5], [7]]",[0.67823805 0.16119856 0.04254282 0.548872   0.51796485]
539,0.2356678606856477,"[[np.int64(0), 3], [np.int64(1), 6], [np.int64(2), 4], [5], [7]]",[0.14933456 0.61752967 0.1145772  0.548872   0.51796485]
540,0.2357381232162694,"[[np.int64(0), np.int64(1)], [2, 4, 7], [3], [5], [6]]",[0.16095348 0.61734049 0.07949763 0.548872   0.54154441]
541,0.23592995617651114,"[[np.int64(0), 6], [np.int64(1)], [np.int64(2), 4, 7], [np.int64(3)], [5]]",[0.60153708 0.10076897 0.61734049 0.07949763 0.548872  ]
542,0.2359529542134573,"[[np.int64(0)], [np.int64(1)], [np.int64(2), 3, 5], [4], [6, 7]]",[0.05946881 0.10076897 0.58428376 0.04254282 1.16092882]
543,0.23606335302642112,"[[np.int64(0), 2, 3], [np.int64(1), 5], [4], [6], [7]]",[0.24135669 0.60447402 0.04254282 0.54154441 0.51796485]
544,0.23627196724089194,"[[np.int64(0)], [np.int64(1), 3, 6], [np.int64(2)], [4, 5], [7]]",[0.05946881 0.67760475 0.07997568 0.61266008 0.51796485]
545,0.2371350075800538,"[[np.int64(0), np.int64(1)], [2], [3, 4, 6], [5], [7]]",[0.16095348 0.07997568 0.63904511 0.548872   0.51796485]
546,0.23715814099999744,"[[np.int64(0), 3], [np.int64(1), 4, 5], [np.int64(2)], [6], [7]]",[0.14933456 0.6579685  0.07997568 0.54154441 0.51796485]
547,0.2371677009884987,"[[np.int64(0)], [np.int64(1), 7], [np.int64(2), 3, 4], [5], [6]]",[0.05946881 0.61123388 0.18565934 0.548872   0.54154441]
548,0.23718941849954556,"[[np.int64(0), 5], [np.int64(1), 7], [np.int64(2), 4], [np.int64(3)], [6]]",[0.59990361 0.61123388 0.1145772  0.07949763 0.54154441]
549,0.23720505322388896,"[[np.int64(0), 2], [np.int64(1), 4, 5], [3], [6], [7]]",[0.14976569 0.6579685  0.07949763 0.54154441 0.51796485]
550,0.2379141990910114,"[[np.int64(0), 2], [np.int64(1), 6], [3, 4], [5], [7]]",[0.14976569 0.61752967 0.11189972 0.548872   0.51796485]
551,0.23797284626919324,"[[np.int64(0), 5], [np.int64(1), 2], [3, 6], [4], [7]]",[0.59990361 0.1934978  0.59206421 0.04254282 0.51796485]
552,0.23810367405161093,"[[np.int64(0), 2, 4], [np.int64(1), 7], [3], [5], [6]]",[0.16469454 0.61123388 0.07949763 0.548872   0.54154441]
553,0.23810496091969213,"[[np.int64(0), 5], [np.int64(1)], [np.int64(2), 3, 4], [6], [7]]",[0.59990361 0.10076897 0.18565934 0.54154441 0.51796485]
554,0.2383056599574016,"[[np.int64(0), 5], [np.int64(1)], [np.int64(2), 7], [np.int64(3)], [np.int64(4), 6]]",[0.59990361 0.10076897 0.56680423 0.07949763 0.59866603]
555,0.23855832139339084,"[[np.int64(0), np.int64(1), 7], [2, 4], [3], [5], [6]]",[0.66089657 0.1145772  0.07949763 0.548872   0.54154441]
556,0.23867018870626788,"[[np.int64(0), 6], [np.int64(1), 2, 7], [3], [4], [5]]",[0.60153708 0.6728264  0.07949763 0.04254282 0.548872  ]
557,0.23867896624408202,"[[np.int64(0), np.int64(1), np.int64(2), 7], [3], [4], [5], [6]]",[0.7328103  0.07949763 0.04254282 0.548872   0.54154441]
558,0.23875832440984435,"[[np.int64(0), 4], [np.int64(1), 7], [np.int64(2), 3], [5], [6]]",[0.08233896 0.61123388 0.16119856 0.548872   0.54154441]
559,0.23889674167573993,"[[np.int64(0), 3, 6], [np.int64(1), 7], [np.int64(2)], [4], [5]]",[0.66242501 0.61123388 0.07997568 0.04254282 0.548872  ]
560,0.23933810355388885,"[[np.int64(0), 3, 6], [np.int64(1)], [np.int64(2), 4], [5], [7]]",[0.66242501 0.10076897 0.1145772  0.548872   0.51796485]
561,0.23938884468101773,"[[np.int64(0), 5], [np.int64(1), 7], [np.int64(2)], [np.int64(3), 4], [6]]",[0.59990361 0.61123388 0.07997568 0.11189972 0.54154441]
562,0.23946752648826442,"[[np.int64(0), 2], [np.int64(1), 7], [3, 6], [4], [5]]",[0.14976569 0.61123388 0.59206421 0.04254282 0.548872  ]
563,0.23985580123850303,"[[np.int64(0), 4], [np.int64(1)], [np.int64(2)], [np.int64(3), 6, 7], [5]]",[0.08233896 0.10076897 0.07997568 1.13213471 0.548872  ]
564,0.24005745471191364,"[[np.int64(0), 7], [np.int64(1), 2], [3, 6], [4], [5]]",[0.56691184 0.1934978  0.59206421 0.04254282 0.548872  ]
565,0.24018956936241231,"[[np.int64(0), 7], [np.int64(1)], [np.int64(2), 3, 4], [5], [6]]",[0.56691184 0.10076897 0.18565934 0.548872   0.54154441]
566,0.24025618800919202,"[[np.int64(0), 3, 4], [np.int64(1), 7], [np.int64(2)], [5], [6]]",[0.16206398 0.61123388 0.07997568 0.548872   0.54154441]
567,0.24075774757486323,"[[np.int64(0), np.int64(1), 7], [2], [3, 4], [5], [6]]",[0.66089657 0.07997568 0.11189972 0.548872   0.54154441]
568,0.24081793436097,"[[np.int64(0)], [np.int64(1), 5], [np.int64(2), 3], [4, 7], [6]]",[0.05946881 0.60447402 0.16119856 0.57644241 0.54154441]
569,0.2408362611622763,"[[np.int64(0), np.int64(1), 4], [2, 3], [5], [6], [7]]",[0.17353005 0.16119856 0.548872   0.54154441 0.51796485]
570,0.2414942188332987,"[[np.int64(0)], [np.int64(1), 2, 4, 7], [3], [5], [6]]",[0.05946881 0.71306907 0.07949763 0.548872   0.54154441]
571,0.2415824784428966,"[[np.int64(0)], [np.int64(1), 3, 6], [np.int64(2)], [4, 7], [5]]",[0.05946881 0.67760475 0.07997568 0.57644241 0.548872  ]
572,0.24169038397704612,"[[np.int64(0), 3, 6], [np.int64(1), 4], [np.int64(2)], [5], [7]]",[0.66242501 0.1330182  0.07997568 0.548872   0.51796485]
573,0.242019307411812,"[[np.int64(0), 6], [np.int64(1), 5], [np.int64(2)], [np.int64(3)], [np.int64(4), 7]]",[0.60153708 0.60447402 0.07997568 0.07949763 0.57644241]
574,0.24217386750018322,"[[np.int64(0)], [np.int64(1), 5], [np.int64(2), 3], [4, 6], [7]]",[0.05946881 0.60447402 0.16119856 0.59866603 0.51796485]
575,0.24224665763790276,"[[np.int64(0), 5], [np.int64(1), 4, 6], [np.int64(2)], [np.int64(3)], [7]]",[0.59990361 0.66435771 0.07997568 0.07949763 0.51796485]
576,0.2422611687895706,"[[np.int64(0), 2], [np.int64(1), 4], [3, 6], [5], [7]]",[0.14976569 0.1330182  0.59206421 0.548872   0.51796485]
577,0.24232965003766127,"[[np.int64(0)], [np.int64(1), 2], [3, 5], [4, 7], [6]]",[0.05946881 0.1934978  0.57066307 0.57644241 0.54154441]
578,0.24291151439218917,"[[np.int64(0)], [np.int64(1), 3, 6, 7], [np.int64(2)], [4], [5]]",[0.05946881 1.21017531 0.07997568 0.04254282 0.548872  ]
579,0.2433291877550039,"[[np.int64(0), 5], [np.int64(1), 3], [np.int64(2), 7], [4], [6]]",[0.59990361 0.18982188 0.56680423 0.04254282 0.54154441]
580,0.2436855831768736,"[[np.int64(0)], [np.int64(1), 2], [3, 5], [4, 6], [7]]",[0.05946881 0.1934978  0.57066307 0.59866603 0.51796485]
581,0.24414758002437065,"[[np.int64(0)], [np.int64(1), 4, 7], [np.int64(2)], [np.int64(3), 6], [5]]",[0.05946881 0.65941785 0.07997568 0.59206421 0.548872  ]
582,0.24433126608062317,"[[np.int64(0), 7], [np.int64(1), 4, 6], [np.int64(2)], [np.int64(3)], [5]]",[0.56691184 0.66435771 0.07997568 0.07949763 0.548872  ]
583,0.24437273152257988,"[[np.int64(0), 3], [np.int64(1), 4], [np.int64(2), 7], [5], [6]]",[0.14933456 0.1330182  0.56680423 0.548872   0.54154441]
584,0.2446485285346074,"[[np.int64(0), np.int64(1), 4, 7], [2], [3], [5], [6]]",[0.68940788 0.07997568 0.07949763 0.548872   0.54154441]
585,0.2447615901879252,"[[np.int64(0), 2], [np.int64(1)], [3, 5], [4, 7], [6]]",[0.14976569 0.10076897 0.57066307 0.57644241 0.54154441]
586,0.24479639844085876,"[[np.int64(0), np.int64(1), 6], [2, 4], [3], [5], [7]]",[0.67823805 0.1145772  0.07949763 0.548872   0.51796485]
587,0.2448066289919355,"[[np.int64(0), 5], [np.int64(1), 6], [np.int64(2), 3], [4], [7]]",[0.59990361 0.61752967 0.16119856 0.04254282 0.51796485]
588,0.24489103448930738,"[[np.int64(0), 5], [np.int64(1)], [np.int64(2), 4, 7], [np.int64(3)], [6]]",[0.59990361 0.10076897 0.61734049 0.07949763 0.54154441]
589,0.24495929014746443,"[[np.int64(0), 4, 5], [np.int64(1), 6], [np.int64(2)], [np.int64(3)], [7]]",[0.64401901 0.61752967 0.07997568 0.07949763 0.51796485]
590,0.24535065892189833,"[[np.int64(0)], [np.int64(1), 7], [np.int64(2)], [np.int64(3), 4, 6], [5]]",[0.05946881 0.61123388 0.07997568 0.63904511 0.548872  ]
591,0.24580101125324116,"[[np.int64(0)], [np.int64(1), 4, 5], [np.int64(2), 3], [6], [7]]",[0.05946881 0.6579685  0.16119856 0.54154441 0.51796485]
592,0.2459095226396677,"[[np.int64(0), np.int64(1), 3, 6], [2], [4], [5], [7]]",[0.74868125 0.07997568 0.04254282 0.548872   0.51796485]
593,0.246117523327138,"[[np.int64(0), 2], [np.int64(1)], [3, 5], [4, 6], [7]]",[0.14976569 0.10076897 0.57066307 0.59866603 0.51796485]
594,0.24628791885309154,"[[np.int64(0), 5], [np.int64(1)], [np.int64(2)], [np.int64(3), 4, 6], [7]]",[0.59990361 0.10076897 0.07997568 0.63904511 0.51796485]
595,0.24663138959263287,"[[np.int64(0), 3, 4, 6], [np.int64(1)], [np.int64(2)], [5], [7]]",[0.68973324 0.10076897 0.07997568 0.548872   0.51796485]
596,0.24689123743465613,"[[np.int64(0), 7], [np.int64(1), 6], [np.int64(2), 3], [4], [5]]",[0.56691184 0.61752967 0.16119856 0.04254282 0.548872  ]
597,0.24699582462233116,"[[np.int64(0), np.int64(1), 6], [2], [3, 4], [5], [7]]",[0.67823805 0.07997568 0.11189972 0.548872   0.51796485]
598,0.2470023843040834,"[[np.int64(0), 6], [np.int64(1), 4, 5], [np.int64(2)], [np.int64(3)], [7]]",[0.60153708 0.6579685  0.07997568 0.07949763 0.51796485]
599,0.2471598726882469,"[[np.int64(0)], [np.int64(1), 2], [3, 4, 5], [6], [7]]",[0.05946881 0.1934978  0.6243104  0.54154441 0.51796485]
600,0.24719601300106686,"[[np.int64(0), 2], [np.int64(1), 3, 6], [4], [5], [7]]",[0.14976569 0.67760475 0.04254282 0.548872   0.51796485]
601,0.2472274790469564,"[[np.int64(0), np.int64(1), np.int64(2)], [3, 5], [4], [6], [7]]",[0.26400351 0.57066307 0.04254282 0.54154441 0.51796485]
602,0.2476312670190639,"[[np.int64(0), 5], [np.int64(1), 2, 7], [3], [4], [6]]",[0.59990361 0.6728264  0.07949763 0.04254282 0.54154441]
603,0.247770536310425,"[[np.int64(0)], [np.int64(1), 2, 4], [3, 6], [5], [7]]",[0.05946881 0.21780572 0.59206421 0.548872   0.51796485]
604,0.24798571948797443,"[[np.int64(0)], [np.int64(1), 6], [np.int64(2), 7], [np.int64(3)], [np.int64(4), 5]]",[0.05946881 0.61752967 0.56680423 0.07949763 0.61266008]
605,0.24837252729581194,"[[np.int64(0), 7], [np.int64(1)], [np.int64(2)], [np.int64(3), 4, 6], [5]]",[0.56691184 0.10076897 0.07997568 0.63904511 0.548872  ]
606,0.24901724658966118,"[[np.int64(0), 4, 6], [np.int64(1)], [np.int64(2), 7], [np.int64(3)], [5]]",[0.63898605 0.10076897 0.56680423 0.07949763 0.548872  ]
607,0.24915340560433852,"[[np.int64(0), 4, 5], [np.int64(1)], [np.int64(2)], [np.int64(3), 6], [7]]",[0.64401901 0.10076897 0.07997568 0.59206421 0.51796485]
608,0.2492083054900862,"[[np.int64(0), 4], [np.int64(1), 2], [3, 6], [5], [7]]",[0.08233896 0.1934978  0.59206421 0.548872   0.51796485]
609,0.24933479514749202,"[[np.int64(0)], [np.int64(1), 2, 7], [3, 4], [5], [6]]",[0.05946881 0.6728264  0.11189972 0.548872   0.54154441]
610,0.2495143864863658,"[[np.int64(0), np.int64(1)], [2, 4], [3, 6], [5], [7]]",[0.16095348 0.1145772  0.59206421 0.548872   0.51796485]
611,0.2495918128385115,"[[np.int64(0), 2], [np.int64(1)], [3, 4, 5], [6], [7]]",[0.14976569 0.10076897 0.6243104  0.54154441 0.51796485]
612,0.25026468017573356,"[[np.int64(0), np.int64(1), 5], [2], [3], [4, 7], [6]]",[0.65622132 0.07997568 0.07949763 0.57644241 0.54154441]
613,0.25077597971621546,"[[np.int64(0), 2, 6], [np.int64(1)], [3], [4, 5], [7]]",[0.62227862 0.10076897 0.07949763 0.61266008 0.51796485]
614,0.25125294008095733,"[[np.int64(0), 3], [np.int64(1)], [np.int64(2), 6], [4, 5], [7]]",[0.14933456 0.10076897 0.55196474 0.61266008 0.51796485]
615,0.2513118805612393,"[[np.int64(0), 4, 5], [np.int64(1)], [np.int64(2), 7], [np.int64(3)], [6]]",[0.64401901 0.10076897 0.56680423 0.07949763 0.54154441]
616,0.25162061331494656,"[[np.int64(0), np.int64(1), 5], [2], [3], [4, 6], [7]]",[0.65622132 0.07997568 0.07949763 0.59866603 0.51796485]
617,0.2520657786834941,"[[np.int64(0)], [np.int64(1), 3], [np.int64(2), 6], [4, 5], [7]]",[0.05946881 0.18982188 0.55196474 0.61266008 0.51796485]
618,0.2521798349448483,"[[np.int64(0)], [np.int64(1)], [np.int64(2), 7], [np.int64(3), 6], [np.int64(4), 5]]",[0.05946881 0.10076897 0.56680423 0.59206421 0.61266008]
619,0.2522425387212879,"[[np.int64(0), np.int64(1), 4, 6], [2], [3], [5], [7]]",[0.70539343 0.07997568 0.07949763 0.548872   0.51796485]
620,0.2523544097921895,"[[np.int64(0), 4, 7], [np.int64(1), 6], [np.int64(2)], [np.int64(3)], [5]]",[0.60571674 0.61752967 0.07997568 0.07949763 0.548872  ]
621,0.25315188368819674,"[[np.int64(0), 3, 5], [np.int64(1)], [np.int64(2)], [4, 7], [6]]",[0.63206278 0.10076897 0.07997568 0.57644241 0.54154441]
622,0.253872287624739,"[[np.int64(0), np.int64(1)], [2, 7], [3, 4], [5], [6]]",[0.16095348 0.56680423 0.11189972 0.548872   0.54154441]
623,0.2540641205849805,"[[np.int64(0), 6], [np.int64(1)], [np.int64(2), 7], [np.int64(3), 4], [5]]",[0.60153708 0.10076897 0.56680423 0.11189972 0.548872  ]
624,0.25421697482666583,"[[np.int64(0), 6], [np.int64(1), 4], [np.int64(2), 7], [np.int64(3)], [5]]",[0.60153708 0.1330182  0.56680423 0.07949763 0.548872  ]
625,0.2543670883078779,"[[np.int64(0), np.int64(1)], [2], [3, 5], [4, 7], [6]]",[0.16095348 0.07997568 0.57066307 0.57644241 0.54154441]
626,0.2544209273065414,"[[np.int64(0), 7], [np.int64(1), 5], [np.int64(2)], [np.int64(3)], [np.int64(4), 6]]",[0.56691184 0.60447402 0.07997568 0.07949763 0.59866603]
627,0.2544514647914826,"[[np.int64(0)], [np.int64(1), 6], [np.int64(2), 3, 4], [5], [7]]",[0.05946881 0.61752967 0.18565934 0.548872   0.51796485]
628,0.25447318230252947,"[[np.int64(0), 5], [np.int64(1), 6], [np.int64(2), 4], [np.int64(3)], [7]]",[0.59990361 0.61752967 0.1145772  0.07949763 0.51796485]
629,0.25450781682740975,"[[np.int64(0), 3, 5], [np.int64(1)], [np.int64(2)], [4, 6], [7]]",[0.63206278 0.10076897 0.07997568 0.59866603 0.51796485]
630,0.25455892126811963,"[[np.int64(0), 6], [np.int64(1)], [np.int64(2)], [np.int64(3), 5], [np.int64(4), 7]]",[0.60153708 0.10076897 0.07997568 0.57066307 0.57644241]
631,0.2545646469758964,"[[np.int64(0), 4], [np.int64(1), 3], [np.int64(2), 7], [5], [6]]",[0.08233896 0.18982188 0.56680423 0.548872   0.54154441]
632,0.25478860367166956,"[[np.int64(0), 2, 7], [np.int64(1)], [3, 4], [5], [6]]",[0.62607243 0.10076897 0.11189972 0.548872   0.54154441]
633,0.25494145791335465,"[[np.int64(0), 2, 7], [np.int64(1), 4], [3], [5], [6]]",[0.62607243 0.1330182  0.07949763 0.548872   0.54154441]
634,0.25508834071665265,"[[np.int64(0), 3], [np.int64(1)], [np.int64(2), 5], [4, 7], [6]]",[0.14933456 0.10076897 0.56076745 0.57644241 0.54154441]
635,0.2553263039777083,"[[np.int64(0)], [np.int64(1), 3, 4], [np.int64(2), 7], [5], [6]]",[0.05946881 0.21193038 0.56680423 0.548872   0.54154441]
636,0.25538743785459483,"[[np.int64(0), 2, 4], [np.int64(1), 6], [3], [5], [7]]",[0.16469454 0.61752967 0.07949763 0.548872   0.51796485]
637,0.2557230214470909,"[[np.int64(0), np.int64(1)], [2], [3, 5], [4, 6], [7]]",[0.16095348 0.07997568 0.57066307 0.59866603 0.51796485]
638,0.2559011793191899,"[[np.int64(0)], [np.int64(1), 3], [np.int64(2), 5], [4, 7], [6]]",[0.05946881 0.18982188 0.56076745 0.57644241 0.54154441]
639,0.25604208821282826,"[[np.int64(0), 4], [np.int64(1), 6], [np.int64(2), 3], [5], [7]]",[0.08233896 0.61752967 0.16119856 0.548872   0.51796485]
640,0.25605111000584224,"[[np.int64(0), 3], [np.int64(1), 5], [np.int64(2), 4], [6], [7]]",[0.14933456 0.60447402 0.1145772  0.54154441 0.51796485]
641,0.25608649091822033,"[[np.int64(0), 2, 6], [np.int64(1)], [3], [4, 7], [5]]",[0.62227862 0.10076897 0.07949763 0.57644241 0.548872  ]
642,0.256228799999334,"[[np.int64(0), 6], [np.int64(1), 5], [np.int64(2), 3], [4], [7]]",[0.60153708 0.60447402 0.16119856 0.04254282 0.51796485]
643,0.2563271042082562,"[[np.int64(0), 2, 4, 7], [np.int64(1)], [3], [5], [6]]",[0.65693602 0.10076897 0.07949763 0.548872   0.54154441]
644,0.2563334780961024,"[[np.int64(0), 3, 5], [np.int64(1), 2], [4], [6], [7]]",[0.63206278 0.1934978  0.04254282 0.54154441 0.51796485]
645,0.2564442738558659,"[[np.int64(0), 3], [np.int64(1)], [np.int64(2), 5], [4, 6], [7]]",[0.14933456 0.10076897 0.56076745 0.59866603 0.51796485]
646,0.2565485252490638,"[[np.int64(0), 4, 7], [np.int64(1)], [np.int64(2)], [np.int64(3), 6], [5]]",[0.60571674 0.10076897 0.07997568 0.59206421 0.548872  ]
647,0.25655779074524965,"[[np.int64(0), 7], [np.int64(1), 6], [np.int64(2), 4], [np.int64(3)], [5]]",[0.56691184 0.61752967 0.1145772  0.07949763 0.548872  ]
648,0.256563451282962,"[[np.int64(0), 3], [np.int64(1)], [np.int64(2), 6], [4, 7], [5]]",[0.14933456 0.10076897 0.55196474 0.57644241 0.548872  ]
649,0.25667260848400164,"[[np.int64(0), 5], [np.int64(1), 6], [np.int64(2)], [np.int64(3), 4], [7]]",[0.59990361 0.61752967 0.07997568 0.11189972 0.51796485]
650,0.2572571124584029,"[[np.int64(0)], [np.int64(1), 3], [np.int64(2), 5], [4, 6], [7]]",[0.05946881 0.18982188 0.56076745 0.59866603 0.51796485]
651,0.257376289885499,"[[np.int64(0)], [np.int64(1), 3], [np.int64(2), 6], [4, 7], [5]]",[0.05946881 0.18982188 0.55196474 0.57644241 0.548872  ]
652,0.2575399518121759,"[[np.int64(0), 3, 4], [np.int64(1), 6], [np.int64(2)], [5], [7]]",[0.16206398 0.61752967 0.07997568 0.548872   0.51796485]
653,0.2577191371857668,"[[np.int64(0), 3], [np.int64(1)], [np.int64(2), 4, 5], [6], [7]]",[0.14933456 0.10076897 0.61661422 0.54154441 0.51796485]
654,0.25773003782821013,"[[np.int64(0)], [np.int64(1), 7], [np.int64(2), 4], [np.int64(3), 6], [5]]",[0.05946881 0.61123388 0.1145772  0.59206421 0.548872  ]
655,0.2577405156760251,"[[np.int64(0), 6], [np.int64(1), 2], [3, 5], [4], [7]]",[0.60153708 0.1934978  0.57066307 0.04254282 0.51796485]
656,0.25774999657266284,"[[np.int64(0)], [np.int64(1), 5], [np.int64(2), 6, 7], [np.int64(3)], [np.int64(4)]]",[0.05946881 0.60447402 1.14021286 0.07949763 0.04254282]
657,0.2580480710595996,"[[np.int64(0), 7], [np.int64(1), 4, 5], [np.int64(2)], [np.int64(3)], [6]]",[0.56691184 0.6579685  0.07997568 0.07949763 0.54154441]
658,0.2582259358812544,"[[np.int64(0), 5], [np.int64(1), 7], [np.int64(2)], [np.int64(3), 6], [np.int64(4)]]",[0.59990361 0.61123388 0.07997568 0.59206421 0.04254282]
659,0.25829744841120594,"[[np.int64(0), 2], [np.int64(1), 5], [3, 4], [6], [7]]",[0.14976569 0.60447402 0.11189972 0.54154441 0.51796485]
660,0.25853197578830356,"[[np.int64(0)], [np.int64(1), 3], [np.int64(2), 4, 5], [6], [7]]",[0.05946881 0.18982188 0.61661422 0.54154441 0.51796485]
661,0.25862648574841796,"[[np.int64(0)], [np.int64(1), 2], [3, 7], [4, 5], [6]]",[0.05946881 0.1934978  0.51814856 0.61266008 0.54154441]
662,0.25866729775940356,"[[np.int64(0), 5], [np.int64(1)], [np.int64(2), 4], [np.int64(3), 6], [7]]",[0.59990361 0.10076897 0.1145772  0.59206421 0.51796485]
663,0.2587572169267218,"[[np.int64(0), 7], [np.int64(1), 6], [np.int64(2)], [np.int64(3), 4], [5]]",[0.56691184 0.61752967 0.07997568 0.11189972 0.548872  ]
664,0.2588628530242576,"[[np.int64(0), 3], [np.int64(1), 6], [np.int64(2), 7], [4], [5]]",[0.14933456 0.61752967 0.56680423 0.04254282 0.548872  ]
665,0.2588667262399569,"[[np.int64(0), 4], [np.int64(1), 2, 7], [3], [5], [6]]",[0.08233896 0.6728264  0.07949763 0.548872   0.54154441]
666,0.25919731095846377,"[[np.int64(0), np.int64(1)], [2], [3, 4, 5], [6], [7]]",[0.16095348 0.07997568 0.6243104  0.54154441 0.51796485]
667,0.2593891439187055,"[[np.int64(0), 6], [np.int64(1)], [np.int64(2)], [np.int64(3), 4, 5], [7]]",[0.60153708 0.10076897 0.07997568 0.6243104  0.51796485]
668,0.2595815533114689,"[[np.int64(0), 2, 4], [np.int64(1)], [3, 6], [5], [7]]",[0.16469454 0.10076897 0.59206421 0.548872   0.51796485]
669,0.25959483877510037,"[[np.int64(0), np.int64(1), 7], [2], [3, 6], [4], [5]]",[0.66089657 0.07997568 0.59206421 0.04254282 0.548872  ]
670,0.26075190620212374,"[[np.int64(0), 7], [np.int64(1)], [np.int64(2), 4], [np.int64(3), 6], [5]]",[0.56691184 0.10076897 0.1145772  0.59206421 0.548872  ]
671,0.26075209610459393,"[[np.int64(0), np.int64(1), 3], [2, 5], [4], [6], [7]]",[0.26037451 0.56076745 0.04254282 0.54154441 0.51796485]
672,0.26090535042480156,"[[np.int64(0), np.int64(1)], [2, 6], [3], [4, 5], [7]]",[0.16095348 0.55196474 0.07949763 0.61266008 0.51796485]
673,0.2610195781825613,"[[np.int64(0), 5], [np.int64(1), 4], [np.int64(2)], [np.int64(3), 6], [7]]",[0.59990361 0.1330182  0.07997568 0.59206421 0.51796485]
674,0.2610584258986819,"[[np.int64(0), 2], [np.int64(1)], [3, 7], [4, 5], [6]]",[0.14976569 0.10076897 0.51814856 0.61266008 0.54154441]
675,0.26123753836109787,"[[np.int64(0)], [np.int64(1), 6], [np.int64(2), 4, 7], [np.int64(3)], [5]]",[0.05946881 0.61752967 0.61734049 0.07949763 0.548872  ]
676,0.26222720667090305,"[[np.int64(0), np.int64(1), 3], [2, 6], [4], [5], [7]]",[0.26037451 0.55196474 0.04254282 0.548872   0.51796485]
677,0.2624659518550361,"[[np.int64(0), 2, 6], [np.int64(1), 3], [4], [5], [7]]",[0.62227862 0.18982188 0.04254282 0.548872   0.51796485]
678,0.2625330958924985,"[[np.int64(0), 3, 6], [np.int64(1)], [np.int64(2), 7], [4], [5]]",[0.66242501 0.10076897 0.56680423 0.04254282 0.548872  ]
679,0.26302519889777654,"[[np.int64(0), 5], [np.int64(1)], [np.int64(2), 7], [np.int64(3), 4], [6]]",[0.59990361 0.10076897 0.56680423 0.11189972 0.54154441]
680,0.2630479054960806,"[[np.int64(0), 4, 6], [np.int64(1), 5], [np.int64(2)], [np.int64(3)], [7]]",[0.63898605 0.60447402 0.07997568 0.07949763 0.51796485]
681,0.26310418662528123,"[[np.int64(0), 7], [np.int64(1), 4], [np.int64(2)], [np.int64(3), 6], [5]]",[0.56691184 0.1330182  0.07997568 0.59206421 0.548872  ]
682,0.2631780531394621,"[[np.int64(0), 5], [np.int64(1), 4], [np.int64(2), 7], [np.int64(3)], [6]]",[0.59990361 0.1330182  0.56680423 0.07949763 0.54154441]
683,0.26337273352897705,"[[np.int64(0)], [np.int64(1), 3, 4, 6], [np.int64(2)], [5], [7]]",[0.05946881 0.71429206 0.07997568 0.548872   0.51796485]
684,0.263572458664707,"[[np.int64(0), 2, 5], [np.int64(1)], [3], [4, 7], [6]]",[0.62212026 0.10076897 0.07949763 0.57644241 0.54154441]
685,0.2638925422259508,"[[np.int64(0), 3, 4], [np.int64(1)], [np.int64(2), 7], [5], [6]]",[0.16206398 0.10076897 0.56680423 0.548872   0.54154441]
686,0.26393867278893524,"[[np.int64(0)], [np.int64(1), 7], [np.int64(2)], [np.int64(3), 5], [np.int64(4), 6]]",[0.05946881 0.61123388 0.07997568 0.57066307 0.59866603]
687,0.2644741727632558,"[[np.int64(0), np.int64(1), 5], [2, 3], [4], [6], [7]]",[0.65622132 0.16119856 0.04254282 0.54154441 0.51796485]
688,0.2647407510604969,"[[np.int64(0), np.int64(1)], [2, 5], [3], [4, 7], [6]]",[0.16095348 0.56076745 0.07949763 0.57644241 0.54154441]
689,0.26492839180392025,"[[np.int64(0), 2, 5], [np.int64(1)], [3], [4, 6], [7]]",[0.62212026 0.10076897 0.07949763 0.59866603 0.51796485]
690,0.2649325840207384,"[[np.int64(0), 6], [np.int64(1)], [np.int64(2), 5], [np.int64(3)], [np.int64(4), 7]]",[0.60153708 0.10076897 0.56076745 0.07949763 0.57644241]
691,0.26494575192346836,"[[np.int64(0)], [np.int64(1), 4, 6], [np.int64(2), 7], [np.int64(3)], [5]]",[0.05946881 0.66435771 0.56680423 0.07949763 0.548872  ]
692,0.26529293008963584,"[[np.int64(0)], [np.int64(1), 2], [3, 7], [4, 6], [5]]",[0.05946881 0.1934978  0.51814856 0.59866603 0.548872  ]
693,0.26535009520959596,"[[np.int64(0)], [np.int64(1), 5], [np.int64(2)], [np.int64(3), 6, 7], [np.int64(4)]]",[0.05946881 0.60447402 0.07997568 1.13213471 0.04254282]
694,0.2654316538179722,"[[np.int64(0)], [np.int64(1)], [np.int64(2), 4, 7], [np.int64(3), 6], [5]]",[0.05946881 0.10076897 0.61734049 0.59206421 0.548872  ]
695,0.2654585243410128,"[[np.int64(0)], [np.int64(1), 3, 6], [np.int64(2), 4], [5], [7]]",[0.05946881 0.67760475 0.1145772  0.548872   0.51796485]
696,0.26586069209329377,"[[np.int64(0), 3], [np.int64(1)], [np.int64(2), 4, 6], [5], [7]]",[0.14933456 0.10076897 0.60114506 0.548872   0.51796485]
697,0.265895353309928,"[[np.int64(0), 6], [np.int64(1), 5], [np.int64(2), 4], [np.int64(3)], [7]]",[0.60153708 0.60447402 0.1145772  0.07949763 0.51796485]
698,0.26595442239405687,"[[np.int64(0), 5], [np.int64(1), 3, 6], [np.int64(2)], [4], [7]]",[0.59990361 0.67760475 0.07997568 0.04254282 0.51796485]
699,0.26609668419970967,"[[np.int64(0), np.int64(1)], [2, 5], [3], [4, 6], [7]]",[0.16095348 0.56076745 0.07949763 0.59866603 0.51796485]
700,0.2662158616268062,"[[np.int64(0), np.int64(1)], [2, 6], [3], [4, 7], [5]]",[0.16095348 0.55196474 0.07949763 0.57644241 0.548872  ]
701,0.266673530695831,"[[np.int64(0)], [np.int64(1), 3], [np.int64(2), 4, 6], [5], [7]]",[0.05946881 0.18982188 0.60114506 0.548872   0.51796485]
702,0.26696054116284884,"[[np.int64(0), 7], [np.int64(1)], [np.int64(2)], [np.int64(3), 5], [np.int64(4), 6]]",[0.56691184 0.10076897 0.07997568 0.57066307 0.59866603]
703,0.26727448675485044,"[[np.int64(0), 7], [np.int64(1), 5], [np.int64(2), 3], [4], [6]]",[0.56691184 0.60447402 0.16119856 0.04254282 0.54154441]
704,0.26737154752961056,"[[np.int64(0), np.int64(1)], [2, 4, 5], [3], [6], [7]]",[0.16095348 0.61661422 0.07949763 0.54154441 0.51796485]
705,0.26741296230030875,"[[np.int64(0)], [np.int64(1), 7], [np.int64(2)], [np.int64(3), 4, 5], [6]]",[0.05946881 0.61123388 0.07997568 0.6243104  0.54154441]
706,0.2675633804898525,"[[np.int64(0), 6], [np.int64(1)], [np.int64(2), 4, 5], [np.int64(3)], [7]]",[0.60153708 0.10076897 0.61661422 0.07949763 0.51796485]
707,0.2677248702399,"[[np.int64(0), 2], [np.int64(1)], [3, 7], [4, 6], [5]]",[0.14976569 0.10076897 0.51814856 0.59866603 0.548872  ]
708,0.26799139077946865,"[[np.int64(0), np.int64(1), 6], [2, 7], [3], [4], [5]]",[0.67823805 0.56680423 0.07949763 0.04254282 0.548872  ]
709,0.2680390308367775,"[[np.int64(0), 7], [np.int64(1), 3, 6], [np.int64(2)], [4], [5]]",[0.56691184 0.67760475 0.07997568 0.04254282 0.548872  ]
710,0.26809477949140015,"[[np.int64(0), 6], [np.int64(1), 5], [np.int64(2)], [np.int64(3), 4], [7]]",[0.60153708 0.60447402 0.07997568 0.11189972 0.51796485]
711,0.2681718863477285,"[[np.int64(0)], [np.int64(1), 2, 7], [3, 6], [4], [5]]",[0.05946881 0.6728264  0.59206421 0.04254282 0.548872  ]
712,0.26819627420789205,"[[np.int64(0), 2], [np.int64(1), 7], [3, 5], [4], [6]]",[0.14976569 0.61123388 0.57066307 0.04254282 0.54154441]
713,0.2687862024315413,"[[np.int64(0), 7], [np.int64(1), 2], [3, 5], [4], [6]]",[0.56691184 0.1934978  0.57066307 0.04254282 0.54154441]
714,0.2688348259597184,"[[np.int64(0), np.int64(1), np.int64(2)], [3, 7], [4], [5], [6]]",[0.26400351 0.51814856 0.04254282 0.548872   0.54154441]
715,0.26898701313865736,"[[np.int64(0)], [np.int64(1)], [np.int64(2), 7], [np.int64(3), 4, 6], [5]]",[0.05946881 0.10076897 0.56680423 0.63904511 0.548872  ]
716,0.26912100176664566,"[[np.int64(0)], [np.int64(1), 7], [np.int64(2), 6], [np.int64(3)], [np.int64(4), 5]]",[0.05946881 0.61123388 0.55196474 0.07949763 0.61266008]
717,0.2693242980702979,"[[np.int64(0)], [np.int64(1), 3, 7], [np.int64(2)], [4, 5], [6]]",[0.05946881 0.62097287 0.07997568 0.61266008 0.54154441]
718,0.2694315794150324,"[[np.int64(0), 2, 7], [np.int64(1), 6], [3], [4], [5]]",[0.62607243 0.61752967 0.07949763 0.04254282 0.548872  ]
719,0.26946139510214717,"[[np.int64(0), 4], [np.int64(1), 7], [np.int64(2)], [np.int64(3), 6], [5]]",[0.08233896 0.61123388 0.07997568 0.59206421 0.548872  ]
720,0.26995191960152276,"[[np.int64(0), 2, 5], [np.int64(1), 3], [4], [6], [7]]",[0.62212026 0.18982188 0.04254282 0.54154441 0.51796485]
721,0.27028961042897004,"[[np.int64(0)], [np.int64(1)], [np.int64(2), 6, 7], [np.int64(3), 5], [np.int64(4)]]",[0.05946881 0.10076897 1.14021286 0.57066307 0.04254282]
722,0.27043483067422214,"[[np.int64(0), 7], [np.int64(1)], [np.int64(2)], [np.int64(3), 4, 5], [6]]",[0.56691184 0.10076897 0.07997568 0.6243104  0.54154441]
723,0.2706639240186348,"[[np.int64(0), np.int64(1)], [2], [3, 7], [4, 5], [6]]",[0.16095348 0.07997568 0.51814856 0.61266008 0.54154441]
724,0.27085575697887654,"[[np.int64(0), 6], [np.int64(1)], [np.int64(2)], [np.int64(3), 7], [np.int64(4), 5]]",[0.60153708 0.10076897 0.07997568 0.51814856 0.61266008]
725,0.27098991650919846,"[[np.int64(0), 2], [np.int64(1), 4], [3, 5], [6], [7]]",[0.14976569 0.1330182  0.57066307 0.54154441 0.51796485]
726,0.2713120449575539,"[[np.int64(0), 6], [np.int64(1), 3], [np.int64(2), 5], [4], [7]]",[0.60153708 0.18982188 0.56076745 0.04254282 0.51796485]
727,0.27152100505327303,"[[np.int64(0)], [np.int64(1), 5], [np.int64(2)], [np.int64(3), 6], [np.int64(4), 7]]",[0.05946881 0.60447402 0.07997568 0.59206421 0.57644241]
728,0.2715333278416743,"[[np.int64(0), 3, 7], [np.int64(1)], [np.int64(2)], [4, 5], [6]]",[0.57746367 0.10076897 0.07997568 0.61266008 0.54154441]
729,0.2715393318545791,"[[np.int64(0), np.int64(1), 4], [2], [3, 6], [5], [7]]",[0.17353005 0.07997568 0.59206421 0.548872   0.51796485]
730,0.27214287014055927,"[[np.int64(0), 7], [np.int64(1)], [np.int64(2), 6], [np.int64(3)], [np.int64(4), 5]]",[0.56691184 0.10076897 0.55196474 0.07949763 0.61266008]
731,0.2727093788249757,"[[np.int64(0), np.int64(1)], [2, 7], [3, 6], [4], [5]]",[0.16095348 0.56680423 0.59206421 0.04254282 0.548872  ]
732,0.272737659112384,"[[np.int64(0), 4, 7], [np.int64(1), 5], [np.int64(2)], [np.int64(3)], [6]]",[0.60571674 0.60447402 0.07997568 0.07949763 0.54154441]
733,0.27287632774399895,"[[np.int64(0)], [np.int64(1), 4, 7], [np.int64(2)], [np.int64(3), 5], [6]]",[0.05946881 0.65941785 0.07997568 0.57066307 0.54154441]
734,0.27362569487190624,"[[np.int64(0), 2, 7], [np.int64(1)], [3, 6], [4], [5]]",[0.62607243 0.10076897 0.59206421 0.04254282 0.548872  ]
735,0.2736516217505378,"[[np.int64(0)], [np.int64(1), 2, 6], [3], [4, 5], [7]]",[0.05946881 0.64070315 0.07949763 0.61266008 0.51796485]
736,0.2736978068114799,"[[np.int64(0), np.int64(1), 4], [2, 7], [3], [5], [6]]",[0.17353005 0.56680423 0.07949763 0.548872   0.54154441]
737,0.27407773080301423,"[[np.int64(0)], [np.int64(1), 2], [3, 4, 7], [5], [6]]",[0.05946881 0.1934978  0.56648539 0.548872   0.54154441]
738,0.2741407260738493,"[[np.int64(0), np.int64(1), 5], [2, 4], [3], [6], [7]]",[0.65622132 0.1145772  0.07949763 0.54154441 0.51796485]
739,0.27431233554155443,"[[np.int64(0)], [np.int64(1), 7], [np.int64(2), 5], [np.int64(3)], [np.int64(4), 6]]",[0.05946881 0.61123388 0.56076745 0.07949763 0.59866603]
740,0.27483471411167715,"[[np.int64(0)], [np.int64(1), 5], [np.int64(2), 3, 4], [6], [7]]",[0.05946881 0.60447402 0.18565934 0.54154441 0.51796485]
741,0.27492042201306055,"[[np.int64(0), np.int64(1), 4, 5], [2], [3], [6], [7]]",[0.69004314 0.07997568 0.07949763 0.54154441 0.51796485]
742,0.27503541314938684,"[[np.int64(0)], [np.int64(1), 5], [np.int64(2), 7], [np.int64(3)], [np.int64(4), 6]]",[0.05946881 0.60447402 0.56680423 0.07949763 0.59866603]
743,0.27536877289984396,"[[np.int64(0), 5], [np.int64(1)], [np.int64(2), 6], [np.int64(3)], [np.int64(4), 7]]",[0.59990361 0.10076897 0.55196474 0.07949763 0.57644241]
744,0.2755131024371378,"[[np.int64(0), np.int64(1)], [2, 4, 6], [3], [5], [7]]",[0.16095348 0.60114506 0.07949763 0.548872   0.51796485]
745,0.2755871988714551,"[[np.int64(0)], [np.int64(1), 7], [np.int64(2), 4, 5], [np.int64(3)], [6]]",[0.05946881 0.61123388 0.61661422 0.07949763 0.54154441]
746,0.27558751935238845,"[[np.int64(0), 4, 6], [np.int64(1)], [np.int64(2)], [np.int64(3), 5], [7]]",[0.63898605 0.10076897 0.07997568 0.57066307 0.51796485]
747,0.27577068717478936,"[[np.int64(0), 2, 4], [np.int64(1), 5], [3], [6], [7]]",[0.16469454 0.60447402 0.07949763 0.54154441 0.51796485]
748,0.2759907424115158,"[[np.int64(0)], [np.int64(1), 3, 7], [np.int64(2)], [4, 6], [5]]",[0.05946881 0.62097287 0.07997568 0.59866603 0.548872  ]
749,0.2763401522553217,"[[np.int64(0), np.int64(1), 5], [2], [3, 4], [6], [7]]",[0.65622132 0.07997568 0.11189972 0.54154441 0.51796485]
750,0.2764253375330228,"[[np.int64(0), 4], [np.int64(1), 5], [np.int64(2), 3], [6], [7]]",[0.08233896 0.60447402 0.16119856 0.54154441 0.51796485]
751,0.2764992840300531,"[[np.int64(0)], [np.int64(1), 2, 4], [3, 5], [6], [7]]",[0.05946881 0.21780572 0.57066307 0.54154441 0.51796485]
752,0.27650408194554443,"[[np.int64(0)], [np.int64(1), 4, 5], [np.int64(2)], [np.int64(3), 6], [7]]",[0.05946881 0.6579685  0.07997568 0.59206421 0.51796485]
753,0.27650967095327816,"[[np.int64(0), 2], [np.int64(1)], [3, 4, 7], [5], [6]]",[0.14976569 0.10076897 0.56648539 0.548872   0.54154441]
754,0.27656375479891815,"[[np.int64(0), 3, 6], [np.int64(1), 5], [np.int64(2)], [4], [7]]",[0.66242501 0.60447402 0.07997568 0.04254282 0.51796485]
755,0.2765865677081638,"[[np.int64(0), 3, 5], [np.int64(1), 7], [np.int64(2)], [4], [6]]",[0.63206278 0.61123388 0.07997568 0.04254282 0.54154441]
756,0.2769410400654442,"[[np.int64(0), 7], [np.int64(1), 5], [np.int64(2), 4], [np.int64(3)], [6]]",[0.56691184 0.60447402 0.1145772  0.07949763 0.54154441]
757,0.2770279295863127,"[[np.int64(0), 3, 5], [np.int64(1)], [np.int64(2), 4], [6], [7]]",[0.63206278 0.10076897 0.1145772  0.54154441 0.51796485]
758,0.27713453961144263,"[[np.int64(0), 2], [np.int64(1), 5], [3, 6], [4], [7]]",[0.14976569 0.60447402 0.59206421 0.04254282 0.51796485]
759,0.27718988161494984,"[[np.int64(0), 4], [np.int64(1), 3, 6], [np.int64(2)], [5], [7]]",[0.08233896 0.67760475 0.07997568 0.548872   0.51796485]
760,0.2773303683598527,"[[np.int64(0), np.int64(1)], [2], [3, 7], [4, 6], [5]]",[0.16095348 0.07997568 0.51814856 0.59866603 0.548872  ]
761,0.2773342039154678,"[[np.int64(0), 7], [np.int64(1)], [np.int64(2), 5], [np.int64(3)], [np.int64(4), 6]]",[0.56691184 0.10076897 0.56076745 0.07949763 0.59866603]
762,0.27765477128383886,"[[np.int64(0), 3, 4, 5], [np.int64(1)], [np.int64(2)], [6], [7]]",[0.66603745 0.10076897 0.07997568 0.54154441 0.51796485]
763,0.27766817464113935,"[[np.int64(0), 5], [np.int64(1), 6], [np.int64(2), 7], [np.int64(3)], [np.int64(4)]]",[0.59990361 0.61752967 0.56680423 0.07949763 0.04254282]
764,0.27792320113237046,"[[np.int64(0), 3, 4], [np.int64(1), 5], [np.int64(2)], [6], [7]]",[0.16206398 0.60447402 0.07997568 0.54154441 0.51796485]
765,0.2779370532097136,"[[np.int64(0), 4], [np.int64(1), 2], [3, 5], [6], [7]]",[0.08233896 0.1934978  0.57066307 0.54154441 0.51796485]
766,0.27799360528808625,"[[np.int64(0), 6], [np.int64(1), 7], [np.int64(2)], [np.int64(3), 5], [np.int64(4)]]",[0.60153708 0.61123388 0.07997568 0.57066307 0.04254282]
767,0.27819977218289216,"[[np.int64(0), 3, 7], [np.int64(1)], [np.int64(2)], [4, 6], [5]]",[0.57746367 0.10076897 0.07997568 0.59866603 0.548872  ]
768,0.2782431342059939,"[[np.int64(0), np.int64(1)], [2, 4], [3, 5], [6], [7]]",[0.16095348 0.1145772  0.57066307 0.54154441 0.51796485]
769,0.2784349671662356,"[[np.int64(0), 6], [np.int64(1)], [np.int64(2), 4], [np.int64(3), 5], [7]]",[0.60153708 0.10076897 0.1145772  0.57066307 0.51796485]
770,0.2785230247366197,"[[np.int64(0), 3], [np.int64(1), 7], [np.int64(2), 5], [4], [6]]",[0.14933456 0.61123388 0.56076745 0.04254282 0.54154441]
771,0.2786090672453687,"[[np.int64(0), 7], [np.int64(1)], [np.int64(2), 4, 5], [np.int64(3)], [6]]",[0.56691184 0.10076897 0.61661422 0.07949763 0.54154441]
772,0.27866255690244524,"[[np.int64(0)], [np.int64(1), 4, 5], [np.int64(2), 7], [np.int64(3)], [6]]",[0.05946881 0.6579685  0.56680423 0.07949763 0.54154441]
773,0.27896213295254313,"[[np.int64(0)], [np.int64(1), 2, 6], [3], [4, 7], [5]]",[0.05946881 0.64070315 0.07949763 0.57644241 0.548872  ]
774,0.2791404662469166,"[[np.int64(0), 7], [np.int64(1), 5], [np.int64(2)], [np.int64(3), 4], [6]]",[0.56691184 0.60447402 0.07997568 0.11189972 0.54154441]
775,0.2792461023444519,"[[np.int64(0), 3], [np.int64(1), 5], [np.int64(2), 7], [4], [6]]",[0.14933456 0.60447402 0.56680423 0.04254282 0.54154441]
776,0.2793478625887871,"[[np.int64(0), 6], [np.int64(1), 2], [3, 7], [4], [5]]",[0.60153708 0.1934978  0.51814856 0.04254282 0.548872  ]
777,0.279371702769567,"[[np.int64(0)], [np.int64(1), 6], [np.int64(2), 7], [np.int64(3), 4], [5]]",[0.05946881 0.61752967 0.56680423 0.11189972 0.548872  ]
778,0.2793802100094702,"[[np.int64(0), 3, 5], [np.int64(1), 4], [np.int64(2)], [6], [7]]",[0.63206278 0.1330182  0.07997568 0.54154441 0.51796485]
779,0.2795211749381874,"[[np.int64(0), 2, 6], [np.int64(1), 7], [3], [4], [5]]",[0.62227862 0.61123388 0.07949763 0.04254282 0.548872  ]
780,0.27986650345270636,"[[np.int64(0)], [np.int64(1), 6], [np.int64(2)], [np.int64(3), 5], [np.int64(4), 7]]",[0.05946881 0.61752967 0.07997568 0.57066307 0.57644241]
781,0.27999813530292883,"[[np.int64(0), 3], [np.int64(1), 7], [np.int64(2), 6], [4], [5]]",[0.14933456 0.61123388 0.55196474 0.04254282 0.548872  ]
782,0.2800254334515846,"[[np.int64(0), 3, 7], [np.int64(1), 2], [4], [5], [6]]",[0.57746367 0.1934978  0.04254282 0.548872   0.54154441]
783,0.2802483438304728,"[[np.int64(0), 2], [np.int64(1), 3, 7], [4], [5], [6]]",[0.14976569 0.62097287 0.04254282 0.548872   0.54154441]
784,0.28078724758939266,"[[np.int64(0), 6], [np.int64(1), 4], [np.int64(2)], [np.int64(3), 5], [7]]",[0.60153708 0.1330182  0.07997568 0.57066307 0.51796485]
785,0.28131666703792635,"[[np.int64(0), 3], [np.int64(1), 4], [np.int64(2), 5], [6], [7]]",[0.14933456 0.1330182  0.56076745 0.54154441 0.51796485]
786,0.2816207876812926,"[[np.int64(0)], [np.int64(1), 5], [np.int64(2), 4, 7], [np.int64(3)], [6]]",[0.05946881 0.60447402 0.61734049 0.07949763 0.54154441]
787,0.2817482338366595,"[[np.int64(0), 5], [np.int64(1), 3], [np.int64(2), 6], [4], [7]]",[0.59990361 0.18982188 0.55196474 0.04254282 0.51796485]
788,0.28186229009801345,"[[np.int64(0), 5], [np.int64(1)], [np.int64(2), 7], [np.int64(3), 6], [np.int64(4)]]",[0.59990361 0.10076897 0.56680423 0.59206421 0.04254282]
789,0.2821619629978087,"[[np.int64(0), 2, 6], [np.int64(1)], [3, 4], [5], [7]]",[0.62227862 0.10076897 0.11189972 0.548872   0.51796485]
790,0.2823148172394938,"[[np.int64(0), 2, 6], [np.int64(1), 4], [3], [5], [7]]",[0.62227862 0.1330182  0.07949763 0.548872   0.51796485]
791,0.2823577317130703,"[[np.int64(0), 7], [np.int64(1), 3], [np.int64(2), 5], [4], [6]]",[0.56691184 0.18982188 0.56076745 0.04254282 0.54154441]
792,0.28279177760423524,"[[np.int64(0), 3], [np.int64(1), 4], [np.int64(2), 6], [5], [7]]",[0.14933456 0.1330182  0.55196474 0.548872   0.51796485]
793,0.283017672045077,"[[np.int64(0)], [np.int64(1), 5], [np.int64(2)], [np.int64(3), 4, 6], [7]]",[0.05946881 0.60447402 0.07997568 0.63904511 0.51796485]
794,0.2832499904966177,"[[np.int64(0)], [np.int64(1), 4, 7], [np.int64(2), 5], [np.int64(3)], [6]]",[0.05946881 0.65941785 0.56076745 0.07949763 0.54154441]
795,0.2833360893732053,"[[np.int64(0), np.int64(1), np.int64(2), 6], [3], [4], [5], [7]]",[0.71173274 0.07949763 0.04254282 0.548872   0.51796485]
796,0.2837186724681269,"[[np.int64(0)], [np.int64(1), 4], [np.int64(2), 7], [np.int64(3), 6], [5]]",[0.05946881 0.1330182  0.56680423 0.59206421 0.548872  ]
797,0.2837287537789823,"[[np.int64(0)], [np.int64(1), 7], [np.int64(2), 4, 6], [np.int64(3)], [5]]",[0.05946881 0.61123388 0.60114506 0.07949763 0.548872  ]
798,0.28383284227937944,"[[np.int64(0), 7], [np.int64(1), 3], [np.int64(2), 6], [4], [5]]",[0.56691184 0.18982188 0.55196474 0.04254282 0.548872  ]
799,0.284528755286821,"[[np.int64(0), 3], [np.int64(1), 2, 6], [4], [5], [7]]",[0.14933456 0.64070315 0.04254282 0.548872   0.51796485]
800,0.28466601371017575,"[[np.int64(0), 5], [np.int64(1)], [np.int64(2), 4, 6], [np.int64(3)], [7]]",[0.59990361 0.10076897 0.60114506 0.07949763 0.51796485]
801,0.28469672610329244,"[[np.int64(0)], [np.int64(1), 6], [np.int64(2)], [np.int64(3), 4, 5], [7]]",[0.05946881 0.61752967 0.07997568 0.6243104  0.51796485]
802,0.2847251010629268,"[[np.int64(0)], [np.int64(1), 4, 7], [np.int64(2), 6], [np.int64(3)], [5]]",[0.05946881 0.65941785 0.55196474 0.07949763 0.548872  ]
803,0.28505639667360794,"[[np.int64(0), 2, 4, 6], [np.int64(1)], [3], [5], [7]]",[0.65178628 0.10076897 0.07949763 0.548872   0.51796485]
804,0.28527727296869165,"[[np.int64(0), 4, 7], [np.int64(1)], [np.int64(2)], [np.int64(3), 5], [6]]",[0.60571674 0.10076897 0.07997568 0.57066307 0.54154441]
805,0.2854800380108762,"[[np.int64(0), 2], [np.int64(1), 6], [3, 5], [4], [7]]",[0.14976569 0.61752967 0.57066307 0.04254282 0.51796485]
806,0.28587592007887697,"[[np.int64(0), 2, 4, 5], [np.int64(1)], [3], [6], [7]]",[0.65829435 0.10076897 0.07949763 0.54154441 0.51796485]
807,0.2859611821050074,"[[np.int64(0), 4, 6], [np.int64(1)], [np.int64(2), 5], [np.int64(3)], [7]]",[0.63898605 0.10076897 0.56076745 0.07949763 0.51796485]
808,0.2861151690732311,"[[np.int64(0), np.int64(1)], [2], [3, 4, 7], [5], [6]]",[0.16095348 0.07997568 0.56648539 0.548872   0.54154441]
809,0.2863070020334726,"[[np.int64(0), 6], [np.int64(1)], [np.int64(2)], [np.int64(3), 4, 7], [5]]",[0.60153708 0.10076897 0.07997568 0.56648539 0.548872  ]
810,0.2864587855478382,"[[np.int64(0)], [np.int64(1), 7], [np.int64(2), 4], [np.int64(3), 5], [6]]",[0.05946881 0.61123388 0.1145772  0.57066307 0.54154441]
811,0.28648327963289066,"[[np.int64(0), 5], [np.int64(1)], [np.int64(2)], [np.int64(3), 7], [np.int64(4), 6]]",[0.59990361 0.10076897 0.07997568 0.51814856 0.59866603]
812,0.28675062215289593,"[[np.int64(0), 7], [np.int64(1)], [np.int64(2), 4, 6], [np.int64(3)], [5]]",[0.56691184 0.10076897 0.60114506 0.07949763 0.548872  ]
813,0.2870071426846743,"[[np.int64(0), 2, 5], [np.int64(1), 7], [3], [4], [6]]",[0.62212026 0.61123388 0.07949763 0.04254282 0.54154441]
814,0.28757502700569404,"[[np.int64(0)], [np.int64(1)], [np.int64(2), 7], [np.int64(3), 5], [np.int64(4), 6]]",[0.05946881 0.10076897 0.56680423 0.57066307 0.59866603]
815,0.28826337181852235,"[[np.int64(0)], [np.int64(1)], [np.int64(2), 5], [np.int64(3), 6, 7], [np.int64(4)]]",[0.05946881 0.10076897 0.56076745 1.13213471 0.04254282]
816,0.2883089409015831,"[[np.int64(0), 5], [np.int64(1), 2], [3, 7], [4], [6]]",[0.59990361 0.1934978  0.51814856 0.04254282 0.54154441]
817,0.288310301031097,"[[np.int64(0), 2, 4], [np.int64(1)], [3, 5], [6], [7]]",[0.16469454 0.10076897 0.57066307 0.54154441 0.51796485]
818,0.288323586494728,"[[np.int64(0), np.int64(1), 7], [2], [3, 5], [4], [6]]",[0.66089657 0.07997568 0.57066307 0.04254282 0.54154441]
819,0.28836726804070545,"[[np.int64(0), 6], [np.int64(1), 7], [np.int64(2), 5], [np.int64(3)], [np.int64(4)]]",[0.60153708 0.61123388 0.56076745 0.07949763 0.04254282]
820,0.2886535166796227,"[[np.int64(0)], [np.int64(1), 3, 6], [np.int64(2), 7], [4], [5]]",[0.05946881 0.67760475 0.56680423 0.04254282 0.548872  ]
821,0.2888736353870289,"[[np.int64(0)], [np.int64(1)], [np.int64(2), 3, 6], [4, 5], [7]]",[0.05946881 0.10076897 0.6042098  0.61266008 0.51796485]
822,0.2889036338620321,"[[np.int64(0), 4], [np.int64(1), 6], [np.int64(2), 7], [np.int64(3)], [5]]",[0.08233896 0.61752967 0.56680423 0.07949763 0.548872  ]
823,0.2889056926658522,"[[np.int64(0), 2, 3, 6], [np.int64(1)], [4], [5], [7]]",[0.68489179 0.10076897 0.04254282 0.548872   0.51796485]
824,0.28909034564853786,"[[np.int64(0), 6], [np.int64(1), 5], [np.int64(2), 7], [np.int64(3)], [np.int64(4)]]",[0.60153708 0.60447402 0.56680423 0.07949763 0.04254282]
825,0.2894806539217518,"[[np.int64(0), 7], [np.int64(1)], [np.int64(2), 4], [np.int64(3), 5], [6]]",[0.56691184 0.10076897 0.1145772  0.57066307 0.54154441]
826,0.2896479307442956,"[[np.int64(0), 2, 5], [np.int64(1)], [3, 4], [6], [7]]",[0.62212026 0.10076897 0.11189972 0.54154441 0.51796485]
827,0.2897309266428949,"[[np.int64(0), 4, 5], [np.int64(1)], [np.int64(2), 6], [np.int64(3)], [7]]",[0.64401901 0.10076897 0.55196474 0.07949763 0.51796485]
828,0.2898007849859805,"[[np.int64(0), 2, 5], [np.int64(1), 4], [3], [6], [7]]",[0.62212026 0.1330182  0.07949763 0.54154441 0.51796485]
829,0.2898148287352269,"[[np.int64(0), 2, 7], [np.int64(1), 5], [3], [4], [6]]",[0.62607243 0.60447402 0.07949763 0.04254282 0.54154441]
830,0.29000754022458985,"[[np.int64(0), np.int64(1), 3, 7], [2], [4], [5], [6]]",[0.68100368 0.07997568 0.04254282 0.548872   0.54154441]
831,0.290045674910667,"[[np.int64(0), 6], [np.int64(1), 3, 7], [np.int64(2)], [4], [5]]",[0.60153708 0.62097287 0.07997568 0.04254282 0.548872  ]
832,0.29024016620532533,"[[np.int64(0)], [np.int64(1), 6], [np.int64(2), 5], [np.int64(3)], [np.int64(4), 7]]",[0.05946881 0.61752967 0.56076745 0.07949763 0.57644241]
833,0.2906944754827194,"[[np.int64(0)], [np.int64(1), 3, 5], [np.int64(2)], [4, 7], [6]]",[0.05946881 0.63582035 0.07997568 0.57644241 0.54154441]
834,0.29081622314008504,"[[np.int64(0), np.int64(1)], [2, 5], [3, 4], [6], [7]]",[0.16095348 0.56076745 0.11189972 0.54154441 0.51796485]
835,0.291008056100327,"[[np.int64(0), 6], [np.int64(1)], [np.int64(2), 5], [np.int64(3), 4], [7]]",[0.60153708 0.10076897 0.56076745 0.11189972 0.51796485]
836,0.29104931651706734,"[[np.int64(0)], [np.int64(1)], [np.int64(2), 7], [np.int64(3), 4, 5], [6]]",[0.05946881 0.10076897 0.56680423 0.6243104  0.54154441]
837,0.2911609103420121,"[[np.int64(0), 6], [np.int64(1), 4], [np.int64(2), 5], [np.int64(3)], [7]]",[0.60153708 0.1330182  0.56076745 0.07949763 0.51796485]
838,0.2915085824912429,"[[np.int64(0), 4], [np.int64(1), 3], [np.int64(2), 5], [6], [7]]",[0.08233896 0.18982188 0.56076745 0.54154441 0.51796485]
839,0.29151602468619564,"[[np.int64(0)], [np.int64(1), 4, 6], [np.int64(2)], [np.int64(3), 5], [7]]",[0.05946881 0.66435771 0.07997568 0.57066307 0.51796485]
840,0.2918329343449091,"[[np.int64(0), 7], [np.int64(1), 4], [np.int64(2)], [np.int64(3), 5], [6]]",[0.56691184 0.1330182  0.07997568 0.57066307 0.54154441]
841,0.292050408621932,"[[np.int64(0)], [np.int64(1), 3, 5], [np.int64(2)], [4, 6], [7]]",[0.05946881 0.63582035 0.07997568 0.59866603 0.51796485]
842,0.29227023949305453,"[[np.int64(0)], [np.int64(1), 3, 4], [np.int64(2), 5], [6], [7]]",[0.05946881 0.21193038 0.56076745 0.54154441 0.51796485]
843,0.29229133370639415,"[[np.int64(0), np.int64(1)], [2, 6], [3, 4], [5], [7]]",[0.16095348 0.55196474 0.11189972 0.548872   0.51796485]
844,0.29259726342196046,"[[np.int64(0), 2], [np.int64(1), 4], [3, 7], [5], [6]]",[0.14976569 0.1330182  0.51814856 0.548872   0.54154441]
845,0.29287096267443924,"[[np.int64(0)], [np.int64(1), 6], [np.int64(2), 4, 5], [np.int64(3)], [7]]",[0.05946881 0.61752967 0.61661422 0.07949763 0.51796485]
846,0.292983693057552,"[[np.int64(0), 4], [np.int64(1), 3], [np.int64(2), 6], [5], [7]]",[0.08233896 0.18982188 0.55196474 0.548872   0.51796485]
847,0.2930977493189064,"[[np.int64(0), 4], [np.int64(1)], [np.int64(2), 7], [np.int64(3), 6], [5]]",[0.08233896 0.10076897 0.56680423 0.59206421 0.548872  ]
848,0.29374535005936364,"[[np.int64(0)], [np.int64(1), 3, 4], [np.int64(2), 6], [5], [7]]",[0.05946881 0.21193038 0.55196474 0.548872   0.51796485]
849,0.2938703315111477,"[[np.int64(0), 3, 5], [np.int64(1), 6], [np.int64(2)], [4], [7]]",[0.63206278 0.61752967 0.07997568 0.04254282 0.51796485]
850,0.29416040153760004,"[[np.int64(0)], [np.int64(1)], [np.int64(2), 4, 7], [np.int64(3), 5], [6]]",[0.05946881 0.10076897 0.61734049 0.57066307 0.54154441]
851,0.2941841465890338,"[[np.int64(0)], [np.int64(1)], [np.int64(2), 3, 6], [4, 7], [5]]",[0.05946881 0.10076897 0.6042098  0.57644241 0.548872  ]
852,0.2944342816621994,"[[np.int64(0)], [np.int64(1)], [np.int64(2), 5], [np.int64(3), 6], [np.int64(4), 7]]",[0.05946881 0.10076897 0.56076745 0.59206421 0.57644241]
853,0.29456166354219593,"[[np.int64(0), np.int64(1), 6], [2], [3, 5], [4], [7]]",[0.67823805 0.07997568 0.57066307 0.04254282 0.51796485]
854,0.2950691312191702,"[[np.int64(0)], [np.int64(1), 3, 4, 7], [np.int64(2)], [5], [6]]",[0.05946881 0.65901611 0.07997568 0.548872   0.54154441]
855,0.2951772434555586,"[[np.int64(0), np.int64(1), 5], [2], [3, 6], [4], [7]]",[0.65622132 0.07997568 0.59206421 0.04254282 0.51796485]
856,0.29526808034626884,"[[np.int64(0), 5], [np.int64(1)], [np.int64(2)], [np.int64(3), 4, 7], [6]]",[0.59990361 0.10076897 0.07997568 0.56648539 0.54154441]
857,0.2953970509513888,"[[np.int64(0)], [np.int64(1), 5], [np.int64(2), 4], [np.int64(3), 6], [7]]",[0.05946881 0.60447402 0.1145772  0.59206421 0.51796485]
858,0.2956509357213106,"[[np.int64(0), 4, 7], [np.int64(1)], [np.int64(2), 5], [np.int64(3)], [6]]",[0.60571674 0.10076897 0.56076745 0.07949763 0.54154441]
859,0.2958067885396036,"[[np.int64(0), 3], [np.int64(1), 6], [np.int64(2), 5], [4], [7]]",[0.14933456 0.61752967 0.56076745 0.04254282 0.51796485]
860,0.29616333916346327,"[[np.int64(0)], [np.int64(1), 6], [np.int64(2)], [np.int64(3), 7], [np.int64(4), 5]]",[0.05946881 0.61752967 0.07997568 0.51814856 0.61266008]
861,0.296308010040889,"[[np.int64(0), 2], [np.int64(1), 3, 5], [4], [6], [7]]",[0.14976569 0.63582035 0.04254282 0.54154441 0.51796485]
862,0.2969006340673568,"[[np.int64(0)], [np.int64(1), 2, 7], [3, 5], [4], [6]]",[0.05946881 0.6728264  0.57066307 0.04254282 0.54154441]
863,0.29706507813131333,"[[np.int64(0)], [np.int64(1)], [np.int64(2), 4, 5], [np.int64(3), 6], [7]]",[0.05946881 0.10076897 0.61661422 0.59206421 0.51796485]
864,0.29712604628761996,"[[np.int64(0), 4, 7], [np.int64(1)], [np.int64(2), 6], [np.int64(3)], [5]]",[0.60571674 0.10076897 0.55196474 0.07949763 0.548872  ]
865,0.29719486626515046,"[[np.int64(0), 4, 6], [np.int64(1)], [np.int64(2)], [np.int64(3), 7], [5]]",[0.63898605 0.10076897 0.07997568 0.51814856 0.548872  ]
866,0.2973357184124592,"[[np.int64(0), np.int64(1), 5], [2, 7], [3], [4], [6]]",[0.65622132 0.56680423 0.07949763 0.04254282 0.54154441]
867,0.29787027170642855,"[[np.int64(0)], [np.int64(1), 2, 5], [3], [4, 7], [6]]",[0.05946881 0.62912261 0.07949763 0.57644241 0.54154441]
868,0.29797755744715326,"[[np.int64(0), 7], [np.int64(1), 5], [np.int64(2)], [np.int64(3), 6], [np.int64(4)]]",[0.56691184 0.60447402 0.07997568 0.59206421 0.04254282]
869,0.2981066309428153,"[[np.int64(0)], [np.int64(1), 2, 4], [3, 7], [5], [6]]",[0.05946881 0.21780572 0.51814856 0.548872   0.54154441]
870,0.29819014282177525,"[[np.int64(0), 4], [np.int64(1), 7], [np.int64(2)], [np.int64(3), 5], [6]]",[0.08233896 0.61123388 0.07997568 0.57066307 0.54154441]
871,0.29851085517041853,"[[np.int64(0)], [np.int64(1), 3, 7], [np.int64(2), 4], [5], [6]]",[0.05946881 0.62097287 0.1145772  0.548872   0.54154441]
872,0.2985529618571512,"[[np.int64(0)], [np.int64(1), 2, 4, 6], [3], [5], [7]]",[0.05946881 0.67958988 0.07949763 0.548872   0.51796485]
873,0.298697249247347,"[[np.int64(0), np.int64(1), 7], [2, 5], [3], [4], [6]]",[0.66089657 0.56076745 0.07949763 0.04254282 0.54154441]
874,0.2988034569198108,"[[np.int64(0), 5], [np.int64(1), 7], [np.int64(2), 6], [np.int64(3)], [np.int64(4)]]",[0.59990361 0.61123388 0.55196474 0.07949763 0.04254282]
875,0.29900675322346304,"[[np.int64(0), 5], [np.int64(1), 3, 7], [np.int64(2)], [4], [6]]",[0.59990361 0.62097287 0.07997568 0.04254282 0.54154441]
876,0.2990318744819296,"[[np.int64(0)], [np.int64(1), 7], [np.int64(2), 5], [np.int64(3), 4], [6]]",[0.05946881 0.61123388 0.56076745 0.11189972 0.54154441]
877,0.2992262048456409,"[[np.int64(0)], [np.int64(1), 2, 5], [3], [4, 6], [7]]",[0.05946881 0.62912261 0.07949763 0.59866603 0.51796485]
878,0.29947703140784454,"[[np.int64(0), 3, 6], [np.int64(1)], [np.int64(2), 5], [4], [7]]",[0.66242501 0.10076897 0.56076745 0.04254282 0.51796485]
879,0.2994895002367286,"[[np.int64(0), 4, 5], [np.int64(1)], [np.int64(2)], [np.int64(3), 7], [6]]",[0.64401901 0.10076897 0.07997568 0.51814856 0.54154441]
880,0.2995444001224761,"[[np.int64(0), 4], [np.int64(1), 2], [3, 7], [5], [6]]",[0.08233896 0.1934978  0.51814856 0.548872   0.54154441]
881,0.299754952089762,"[[np.int64(0)], [np.int64(1), 5], [np.int64(2), 7], [np.int64(3), 4], [6]]",[0.05946881 0.60447402 0.56680423 0.11189972 0.54154441]
882,0.2998504811187559,"[[np.int64(0), np.int64(1)], [2, 4], [3, 7], [5], [6]]",[0.16095348 0.1145772  0.51814856 0.548872   0.54154441]
883,0.3000423140789976,"[[np.int64(0), 6], [np.int64(1)], [np.int64(2), 4], [np.int64(3), 7], [5]]",[0.60153708 0.10076897 0.1145772  0.51814856 0.548872  ]
884,0.30017235981365653,"[[np.int64(0), np.int64(1), 7], [2, 6], [3], [4], [5]]",[0.66089657 0.55196474 0.07949763 0.04254282 0.548872  ]
885,0.30022292192492284,"[[np.int64(0), 3, 5], [np.int64(1)], [np.int64(2), 7], [4], [6]]",[0.63206278 0.10076897 0.56680423 0.04254282 0.54154441]
886,0.300268079574207,"[[np.int64(0), np.int64(1), 4], [2], [3, 5], [6], [7]]",[0.17353005 0.07997568 0.57066307 0.54154441 0.51796485]
887,0.3005069850482389,"[[np.int64(0)], [np.int64(1), 7], [np.int64(2), 6], [np.int64(3), 4], [5]]",[0.05946881 0.61123388 0.55196474 0.11189972 0.548872  ]
888,0.3007198849417949,"[[np.int64(0), 3, 7], [np.int64(1)], [np.int64(2), 4], [5], [6]]",[0.57746367 0.10076897 0.1145772  0.548872   0.54154441]
889,0.300790683937763,"[[np.int64(0)], [np.int64(1)], [np.int64(2), 3, 7], [4, 5], [6]]",[0.05946881 0.10076897 0.56871319 0.61266008 0.54154441]
890,0.30083647774129707,"[[np.int64(0), 3, 4], [np.int64(1)], [np.int64(2), 5], [6], [7]]",[0.16206398 0.10076897 0.56076745 0.54154441 0.51796485]
891,0.30143812654460356,"[[np.int64(0), np.int64(1)], [2, 7], [3, 5], [4], [6]]",[0.16095348 0.56680423 0.57066307 0.04254282 0.54154441]
892,0.3014442449794321,"[[np.int64(0), 5], [np.int64(1)], [np.int64(2), 6], [np.int64(3), 4], [7]]",[0.59990361 0.10076897 0.55196474 0.11189972 0.51796485]
893,0.30159709922111744,"[[np.int64(0), 5], [np.int64(1), 4], [np.int64(2), 6], [np.int64(3)], [7]]",[0.59990361 0.1330182  0.55196474 0.07949763 0.51796485]
894,0.30162995950484506,"[[np.int64(0), 6], [np.int64(1)], [np.int64(2), 7], [np.int64(3), 5], [np.int64(4)]]",[0.60153708 0.10076897 0.56680423 0.57066307 0.04254282]
895,0.30188968743881484,"[[np.int64(0)], [np.int64(1), 4, 6], [np.int64(2), 5], [np.int64(3)], [7]]",[0.05946881 0.66435771 0.56076745 0.07949763 0.51796485]
896,0.3020537428558432,"[[np.int64(0), 7], [np.int64(1)], [np.int64(2), 5], [np.int64(3), 4], [6]]",[0.56691184 0.10076897 0.56076745 0.11189972 0.54154441]
897,0.3022065970975283,"[[np.int64(0), 7], [np.int64(1), 4], [np.int64(2), 5], [np.int64(3)], [6]]",[0.56691184 0.1330182  0.56076745 0.07949763 0.54154441]
898,0.3023115883076064,"[[np.int64(0), 3, 4], [np.int64(1)], [np.int64(2), 6], [5], [7]]",[0.16206398 0.10076897 0.55196474 0.548872   0.51796485]
899,0.3023544425915343,"[[np.int64(0), 2, 7], [np.int64(1)], [3, 5], [4], [6]]",[0.62607243 0.10076897 0.57066307 0.04254282 0.54154441]
900,0.3023945945021549,"[[np.int64(0), 6], [np.int64(1), 4], [np.int64(2)], [np.int64(3), 7], [5]]",[0.60153708 0.1330182  0.07997568 0.51814856 0.548872  ]
901,0.30307216536495263,"[[np.int64(0), 3, 7], [np.int64(1), 4], [np.int64(2)], [5], [6]]",[0.57746367 0.1330182  0.07997568 0.548872   0.54154441]
902,0.3033340769037034,"[[np.int64(0), 5], [np.int64(1), 2, 6], [3], [4], [7]]",[0.59990361 0.64070315 0.07949763 0.04254282 0.51796485]
903,0.30343689404070684,"[[np.int64(0), 3], [np.int64(1), 2, 5], [4], [6], [7]]",[0.14933456 0.62912261 0.04254282 0.54154441 0.51796485]
904,0.3035288534221523,"[[np.int64(0), 7], [np.int64(1)], [np.int64(2), 6], [np.int64(3), 4], [5]]",[0.56691184 0.10076897 0.55196474 0.11189972 0.548872  ]
905,0.3036817076638376,"[[np.int64(0), 7], [np.int64(1), 4], [np.int64(2), 6], [np.int64(3)], [5]]",[0.56691184 0.1330182  0.55196474 0.07949763 0.548872  ]
906,0.30374254935082234,"[[np.int64(0)], [np.int64(1), 6], [np.int64(2), 4], [np.int64(3), 5], [7]]",[0.05946881 0.61752967 0.1145772  0.57066307 0.51796485]
907,0.3039825979922859,"[[np.int64(0), np.int64(1), 3, 5], [2], [4], [6], [7]]",[0.69793578 0.07997568 0.04254282 0.54154441 0.51796485]
908,0.3042909064876582,"[[np.int64(0), 2, 5], [np.int64(1), 6], [3], [4], [7]]",[0.62212026 0.61752967 0.07949763 0.04254282 0.51796485]
909,0.3049353262948147,"[[np.int64(0), np.int64(1), 6], [2, 5], [3], [4], [7]]",[0.67823805 0.56076745 0.07949763 0.04254282 0.51796485]
910,0.30503760503213107,"[[np.int64(0)], [np.int64(1), 2, 6], [3, 4], [5], [7]]",[0.05946881 0.64070315 0.11189972 0.548872   0.51796485]
911,0.3054186853464236,"[[np.int64(0), 7], [np.int64(1), 2, 6], [3], [4], [5]]",[0.56691184 0.64070315 0.07949763 0.04254282 0.548872  ]
912,0.3058182862275818,"[[np.int64(0)], [np.int64(1), 3, 4, 5], [np.int64(2)], [6], [7]]",[0.05946881 0.6791741  0.07997568 0.54154441 0.51796485]
913,0.3059309486540034,"[[np.int64(0)], [np.int64(1)], [np.int64(2), 5], [np.int64(3), 4, 6], [7]]",[0.05946881 0.10076897 0.56076745 0.63904511 0.51796485]
914,0.30610534112108323,"[[np.int64(0), 6], [np.int64(1), 3, 5], [np.int64(2)], [4], [7]]",[0.60153708 0.63582035 0.07997568 0.04254282 0.51796485]
915,0.30632305584658637,"[[np.int64(0), 7], [np.int64(1), 6], [np.int64(2)], [np.int64(3), 5], [np.int64(4)]]",[0.56691184 0.61752967 0.07997568 0.57066307 0.04254282]
916,0.30665723784132615,"[[np.int64(0), 3, 4, 7], [np.int64(1)], [np.int64(2)], [5], [6]]",[0.60612783 0.10076897 0.07997568 0.548872   0.54154441]
917,0.30708738492363796,"[[np.int64(0), 2], [np.int64(1), 6], [3, 7], [4], [5]]",[0.14976569 0.61752967 0.51814856 0.04254282 0.548872  ]
918,0.30712840822532583,"[[np.int64(0), 4], [np.int64(1), 5], [np.int64(2)], [np.int64(3), 6], [7]]",[0.08233896 0.60447402 0.07997568 0.59206421 0.51796485]
919,0.30722745805046237,"[[np.int64(0)], [np.int64(1), 2, 3, 7], [4], [5], [6]]",[0.05946881 0.68429064 0.04254282 0.548872   0.54154441]
920,0.30745712827898153,"[[np.int64(0)], [np.int64(1)], [np.int64(2), 3, 7], [4, 6], [5]]",[0.05946881 0.10076897 0.56871319 0.59866603 0.548872  ]
921,0.3084850219445323,"[[np.int64(0), 2, 5], [np.int64(1)], [3, 6], [4], [7]]",[0.62212026 0.10076897 0.59206421 0.04254282 0.51796485]
922,0.3085638055743942,"[[np.int64(0), 4], [np.int64(1), 7], [np.int64(2), 5], [np.int64(3)], [6]]",[0.08233896 0.61123388 0.56076745 0.07949763 0.54154441]
923,0.3090033923917934,"[[np.int64(0), 5], [np.int64(1)], [np.int64(2), 4], [np.int64(3), 7], [6]]",[0.59990361 0.10076897 0.1145772  0.51814856 0.54154441]
924,0.30928688318222664,"[[np.int64(0), 4], [np.int64(1), 5], [np.int64(2), 7], [np.int64(3)], [6]]",[0.08233896 0.60447402 0.56680423 0.07949763 0.54154441]
925,0.3094031792671563,"[[np.int64(0), np.int64(1)], [2, 3, 6], [4], [5], [7]]",[0.16095348 0.6042098  0.04254282 0.548872   0.51796485]
926,0.30965331434032195,"[[np.int64(0), np.int64(1)], [2, 5], [3, 6], [4], [7]]",[0.16095348 0.56076745 0.59206421 0.04254282 0.51796485]
927,0.3099176479438588,"[[np.int64(0), 2, 4], [np.int64(1)], [3, 7], [5], [6]]",[0.16469454 0.10076897 0.51814856 0.548872   0.54154441]
928,0.3100389161407038,"[[np.int64(0), 4], [np.int64(1), 7], [np.int64(2), 6], [np.int64(3)], [5]]",[0.08233896 0.61123388 0.55196474 0.07949763 0.548872  ]
929,0.31024221244435557,"[[np.int64(0), 4], [np.int64(1), 3, 7], [np.int64(2)], [5], [6]]",[0.08233896 0.62097287 0.07997568 0.548872   0.54154441]
930,0.31064174232682595,"[[np.int64(0), np.int64(1), 4], [2, 5], [3], [6], [7]]",[0.17353005 0.56076745 0.07949763 0.54154441 0.51796485]
931,0.3107946562698185,"[[np.int64(0)], [np.int64(1), 2, 4, 5], [3], [6], [7]]",[0.05946881 0.67467578 0.07949763 0.54154441 0.51796485]
932,0.31120530643988653,"[[np.int64(0), np.int64(1), np.int64(2), 5], [3], [4], [6], [7]]",[0.69119112 0.07949763 0.04254282 0.54154441 0.51796485]
933,0.3113556728149509,"[[np.int64(0), 5], [np.int64(1), 4], [np.int64(2)], [np.int64(3), 7], [6]]",[0.59990361 0.1330182  0.07997568 0.51814856 0.54154441]
934,0.3116145842180591,"[[np.int64(0)], [np.int64(1), 6], [np.int64(2)], [np.int64(3), 4, 7], [5]]",[0.05946881 0.61752967 0.07997568 0.56648539 0.548872  ]
935,0.3118684279721027,"[[np.int64(0), 2, 3, 7], [np.int64(1)], [4], [5], [6]]",[0.6383495  0.10076897 0.04254282 0.548872   0.54154441]
936,0.3120985260918292,"[[np.int64(0)], [np.int64(1), 5], [np.int64(2), 6], [np.int64(3)], [np.int64(4), 7]]",[0.05946881 0.60447402 0.55196474 0.07949763 0.57644241]
937,0.3121168528931355,"[[np.int64(0), np.int64(1), 4], [2, 6], [3], [5], [7]]",[0.17353005 0.55196474 0.07949763 0.548872   0.51796485]
938,0.3124474201877545,"[[np.int64(0)], [np.int64(1), 4], [np.int64(2), 7], [np.int64(3), 5], [6]]",[0.05946881 0.1330182  0.56680423 0.57066307 0.54154441]
939,0.31259417330271155,"[[np.int64(0)], [np.int64(1), 2, 3, 6], [4], [5], [7]]",[0.05946881 0.70250348 0.04254282 0.548872   0.51796485]
940,0.3131233715989574,"[[np.int64(0)], [np.int64(1), 4, 6], [np.int64(2)], [np.int64(3), 7], [5]]",[0.05946881 0.66435771 0.07997568 0.51814856 0.548872  ]
941,0.31328113734479257,"[[np.int64(0), 6], [np.int64(1), 2, 5], [3], [4], [7]]",[0.60153708 0.62912261 0.07949763 0.04254282 0.51796485]
942,0.31362212125195676,"[[np.int64(0)], [np.int64(1)], [np.int64(2), 3, 4, 6], [5], [7]]",[0.05946881 0.10076897 0.64324938 0.548872   0.51796485]
943,0.3145695361245957,"[[np.int64(0), 4], [np.int64(1), 2, 6], [3], [5], [7]]",[0.08233896 0.64070315 0.07949763 0.548872   0.51796485]
944,0.31457052138083497,"[[np.int64(0)], [np.int64(1), 3, 5], [np.int64(2), 4], [6], [7]]",[0.05946881 0.63582035 0.1145772  0.54154441 0.51796485]
945,0.3154739066247594,"[[np.int64(0), 4], [np.int64(1), 6], [np.int64(2)], [np.int64(3), 5], [7]]",[0.08233896 0.61752967 0.07997568 0.57066307 0.51796485]
946,0.3161690104549577,"[[np.int64(0), np.int64(1), 6], [2], [3, 7], [4], [5]]",[0.67823805 0.07997568 0.51814856 0.04254282 0.548872  ]
947,0.3163156382849137,"[[np.int64(0)], [np.int64(1), 6], [np.int64(2), 5], [np.int64(3), 4], [7]]",[0.05946881 0.61752967 0.56076745 0.11189972 0.51796485]
948,0.31669671859920556,"[[np.int64(0), 7], [np.int64(1), 6], [np.int64(2), 5], [np.int64(3)], [np.int64(4)]]",[0.56691184 0.61752967 0.56076745 0.07949763 0.04254282]
949,0.3170816029841004,"[[np.int64(0)], [np.int64(1), 4, 5], [np.int64(2), 6], [np.int64(3)], [7]]",[0.05946881 0.6579685  0.55196474 0.07949763 0.51796485]
950,0.31715102787659966,"[[np.int64(0), 7], [np.int64(1), 3, 5], [np.int64(2)], [4], [6]]",[0.56691184 0.63582035 0.07997568 0.04254282 0.54154441]
951,0.31718818806136584,"[[np.int64(0), 2, 6], [np.int64(1), 5], [3], [4], [7]]",[0.62227862 0.60447402 0.07949763 0.04254282 0.51796485]
952,0.31756228686663013,"[[np.int64(0), 3, 7], [np.int64(1), 6], [np.int64(2)], [4], [5]]",[0.57746367 0.61752967 0.07997568 0.04254282 0.548872  ]
953,0.31761883060900087,"[[np.int64(0)], [np.int64(1), 7], [np.int64(2), 3, 6], [4], [5]]",[0.05946881 0.61123388 0.6042098  0.04254282 0.548872  ]
954,0.3176651484261075,"[[np.int64(0), 3], [np.int64(1), 5], [np.int64(2), 6], [4], [7]]",[0.14933456 0.60447402 0.55196474 0.04254282 0.51796485]
955,0.31786896568216627,"[[np.int64(0)], [np.int64(1), 7], [np.int64(2), 5], [np.int64(3), 6], [np.int64(4)]]",[0.05946881 0.61123388 0.56076745 0.59206421 0.04254282]
956,0.31855609054019407,"[[np.int64(0), 5], [np.int64(1)], [np.int64(2), 3, 6], [4], [7]]",[0.59990361 0.10076897 0.6042098  0.04254282 0.51796485]
957,0.3185920432899989,"[[np.int64(0)], [np.int64(1), 5], [np.int64(2), 7], [np.int64(3), 6], [np.int64(4)]]",[0.05946881 0.60447402 0.56680423 0.59206421 0.04254282]
958,0.3191495367550856,"[[np.int64(0)], [np.int64(1)], [np.int64(2), 3, 6, 7], [4], [5]]",[0.05946881 0.10076897 1.113144   0.04254282 0.548872  ]
959,0.3204124729103073,"[[np.int64(0)], [np.int64(1), 4], [np.int64(2), 3, 6], [5], [7]]",[0.05946881 0.1330182  0.6042098  0.548872   0.51796485]
960,0.32064069898291425,"[[np.int64(0), 7], [np.int64(1)], [np.int64(2), 3, 6], [4], [5]]",[0.56691184 0.10076897 0.6042098  0.04254282 0.548872  ]
961,0.3206626079834729,"[[np.int64(0)], [np.int64(1), 4], [np.int64(2), 5], [np.int64(3), 6], [7]]",[0.05946881 0.1330182  0.56076745 0.59206421 0.51796485]
962,0.32089083405607965,"[[np.int64(0), 7], [np.int64(1)], [np.int64(2), 5], [np.int64(3), 6], [np.int64(4)]]",[0.56691184 0.10076897 0.56076745 0.59206421 0.04254282]
963,0.32132022781789105,"[[np.int64(0), np.int64(1)], [2, 3, 7], [4], [5], [6]]",[0.16095348 0.56871319 0.04254282 0.548872   0.54154441]
964,0.321395766902161,"[[np.int64(0)], [np.int64(1), 5], [np.int64(2), 4, 6], [np.int64(3)], [7]]",[0.05946881 0.60447402 0.60114506 0.07949763 0.51796485]
965,0.3214377837423523,"[[np.int64(0)], [np.int64(1)], [np.int64(2), 3, 5], [4, 7], [6]]",[0.05946881 0.10076897 0.58428376 0.57644241 0.54154441]
966,0.32151206077813255,"[[np.int64(0), 6], [np.int64(1)], [np.int64(2), 3, 7], [4], [5]]",[0.60153708 0.10076897 0.56871319 0.04254282 0.548872  ]
967,0.32182649703853383,"[[np.int64(0), 4], [np.int64(1)], [np.int64(2), 7], [np.int64(3), 5], [6]]",[0.08233896 0.10076897 0.56680423 0.57066307 0.54154441]
968,0.321875426486969,"[[np.int64(0), np.int64(1), 4], [2], [3, 7], [5], [6]]",[0.17353005 0.07997568 0.51814856 0.548872   0.54154441]
969,0.32279371688156533,"[[np.int64(0)], [np.int64(1)], [np.int64(2), 3, 5], [4, 6], [7]]",[0.05946881 0.10076897 0.58428376 0.59866603 0.51796485]
970,0.3232130328248757,"[[np.int64(0)], [np.int64(1), 5], [np.int64(2)], [np.int64(3), 7], [np.int64(4), 6]]",[0.05946881 0.60447402 0.07997568 0.51814856 0.59866603]
971,0.3239457437860167,"[[np.int64(0)], [np.int64(1), 2, 5], [3, 4], [6], [7]]",[0.05946881 0.62912261 0.11189972 0.54154441 0.51796485]
972,0.3241832366634785,"[[np.int64(0)], [np.int64(1)], [np.int64(2), 3, 4, 7], [5], [6]]",[0.05946881 0.10076897 0.60910871 0.548872   0.54154441]
973,0.32432682410030855,"[[np.int64(0), 7], [np.int64(1), 2, 5], [3], [4], [6]]",[0.56691184 0.62912261 0.07949763 0.04254282 0.54154441]
974,0.3246381399481366,"[[np.int64(0)], [np.int64(1)], [np.int64(2), 6], [np.int64(3), 5], [np.int64(4), 7]]",[0.05946881 0.10076897 0.55196474 0.57066307 0.57644241]
975,0.3251204081319665,"[[np.int64(0), 2, 3, 5], [np.int64(1)], [4], [6], [7]]",[0.65600468 0.10076897 0.04254282 0.54154441 0.51796485]
976,0.3253498962635841,"[[np.int64(0)], [np.int64(1), 6], [np.int64(2), 4], [np.int64(3), 7], [5]]",[0.05946881 0.61752967 0.1145772  0.51814856 0.548872  ]
977,0.3255974521949687,"[[np.int64(0)], [np.int64(1), 3, 6], [np.int64(2), 5], [4], [7]]",[0.05946881 0.67760475 0.56076745 0.04254282 0.51796485]
978,0.3258457943166282,"[[np.int64(0), 5], [np.int64(1), 6], [np.int64(2)], [np.int64(3), 7], [np.int64(4)]]",[0.59990361 0.61752967 0.07997568 0.51814856 0.04254282]
979,0.32584756937737813,"[[np.int64(0), 4], [np.int64(1), 6], [np.int64(2), 5], [np.int64(3)], [7]]",[0.08233896 0.61752967 0.56076745 0.07949763 0.51796485]
980,0.3263018786547722,"[[np.int64(0), 4], [np.int64(1), 3, 5], [np.int64(2)], [6], [7]]",[0.08233896 0.63582035 0.07997568 0.54154441 0.51796485]
981,0.32684017657793407,"[[np.int64(0)], [np.int64(1), 4, 5], [np.int64(2)], [np.int64(3), 7], [6]]",[0.05946881 0.6579685  0.07997568 0.51814856 0.54154441]
982,0.326937541689432,"[[np.int64(0)], [np.int64(1), 6], [np.int64(2), 7], [np.int64(3), 5], [np.int64(4)]]",[0.05946881 0.61752967 0.56680423 0.57066307 0.04254282]
983,0.3274706342438327,"[[np.int64(0), 2], [np.int64(1), 5], [3, 7], [4], [6]]",[0.14976569 0.60447402 0.51814856 0.04254282 0.54154441]
984,0.3294683625987229,"[[np.int64(0)], [np.int64(1)], [np.int64(2), 6], [np.int64(3), 4, 5], [7]]",[0.05946881 0.10076897 0.55196474 0.6243104  0.51796485]
985,0.32972780191767326,"[[np.int64(0), 2, 6], [np.int64(1)], [3, 5], [4], [7]]",[0.62227862 0.10076897 0.57066307 0.04254282 0.51796485]
986,0.3297915497610868,"[[np.int64(0), 4], [np.int64(1)], [np.int64(2), 3, 6], [5], [7]]",[0.08233896 0.10076897 0.6042098  0.548872   0.51796485]
987,0.3300416848342522,"[[np.int64(0), 4], [np.int64(1)], [np.int64(2), 5], [np.int64(3), 6], [7]]",[0.08233896 0.10076897 0.56076745 0.59206421 0.51796485]
988,0.33047313909092857,"[[np.int64(0), 5], [np.int64(1)], [np.int64(2), 3, 7], [4], [6]]",[0.59990361 0.10076897 0.56871319 0.04254282 0.54154441]
989,0.3319978335382541,"[[np.int64(0)], [np.int64(1), 5], [np.int64(2)], [np.int64(3), 4, 7], [6]]",[0.05946881 0.60447402 0.07997568 0.56648539 0.54154441]
990,0.3323295214610418,"[[np.int64(0)], [np.int64(1), 4], [np.int64(2), 3, 7], [5], [6]]",[0.05946881 0.1330182  0.56871319 0.548872   0.54154441]
991,0.3334776748784811,"[[np.int64(0), 4], [np.int64(1), 2, 5], [3], [6], [7]]",[0.08233896 0.62912261 0.07949763 0.54154441 0.51796485]
992,0.3339353807584684,"[[np.int64(0)], [np.int64(1)], [np.int64(2), 4, 6], [np.int64(3), 5], [7]]",[0.05946881 0.10076897 0.60114506 0.57066307 0.51796485]
993,0.3342093140640576,"[[np.int64(0)], [np.int64(1)], [np.int64(2), 3, 4, 5], [6], [7]]",[0.05946881 0.10076897 0.62998979 0.54154441 0.51796485]
994,0.335754764494115,"[[np.int64(0), np.int64(1), 5], [2, 6], [3], [4], [7]]",[0.65622132 0.55196474 0.07949763 0.04254282 0.51796485]
995,0.33665681642047485,"[[np.int64(0), np.int64(1)], [2, 3, 5], [4], [6], [7]]",[0.16095348 0.58428376 0.04254282 0.54154441 0.51796485]
996,0.33684864938071635,"[[np.int64(0), 6], [np.int64(1)], [np.int64(2), 3, 5], [4], [7]]",[0.60153708 0.10076897 0.58428376 0.04254282 0.51796485]
997,0.33708125353752116,"[[np.int64(0), 4], [np.int64(1), 6], [np.int64(2)], [np.int64(3), 7], [5]]",[0.08233896 0.61752967 0.07997568 0.51814856 0.548872  ]
998,0.3372679653240267,"[[np.int64(0), 6], [np.int64(1), 5], [np.int64(2)], [np.int64(3), 7], [np.int64(4)]]",[0.60153708 0.60447402 0.07997568 0.51814856 0.04254282]
999,0.3377655137194451,"[[np.int64(0)], [np.int64(1), 3, 5], [np.int64(2), 7], [4], [6]]",[0.05946881 0.63582035 0.56680423 0.04254282 0.54154441]
1000,0.33794553618682444,"[[np.int64(0), 3, 7], [np.int64(1), 5], [np.int64(2)], [4], [6]]",[0.57746367 0.60447402 0.07997568 0.04254282 0.54154441]
1001,0.33817399817141736,"[[np.int64(0)], [np.int64(1), 5], [np.int64(2), 6], [np.int64(3), 4], [7]]",[0.05946881 0.60447402 0.55196474 0.11189972 0.51796485]
1002,0.33855507848570965,"[[np.int64(0), 7], [np.int64(1), 5], [np.int64(2), 6], [np.int64(3)], [np.int64(4)]]",[0.56691184 0.60447402 0.55196474 0.07949763 0.04254282]
1003,0.338641968006578,"[[np.int64(0), 3, 5], [np.int64(1)], [np.int64(2), 6], [4], [7]]",[0.63206278 0.10076897 0.55196474 0.04254282 0.51796485]
1004,0.33985717262625914,"[[np.int64(0), np.int64(1)], [2, 6], [3, 5], [4], [7]]",[0.16095348 0.55196474 0.57066307 0.04254282 0.51796485]
1005,0.3409349756588935,"[[np.int64(0)], [np.int64(1)], [np.int64(2), 6], [np.int64(3), 7], [np.int64(4), 5]]",[0.05946881 0.10076897 0.55196474 0.51814856 0.61266008]
1006,0.3417085983118213,"[[np.int64(0), 4], [np.int64(1)], [np.int64(2), 3, 7], [5], [6]]",[0.08233896 0.10076897 0.56871319 0.548872   0.54154441]
1007,0.3427828349862534,"[[np.int64(0)], [np.int64(1), 2, 5], [3, 6], [4], [7]]",[0.05946881 0.62912261 0.59206421 0.04254282 0.51796485]
1008,0.34487246776231917,"[[np.int64(0)], [np.int64(1), 7], [np.int64(2), 3, 5], [4], [6]]",[0.05946881 0.61123388 0.58428376 0.04254282 0.54154441]
1009,0.3455133380879485,"[[np.int64(0), np.int64(1), 5], [2], [3, 7], [4], [6]]",[0.65622132 0.07997568 0.51814856 0.04254282 0.54154441]
1010,0.34573314558377843,"[[np.int64(0)], [np.int64(1), 5], [np.int64(2), 4], [np.int64(3), 7], [6]]",[0.05946881 0.60447402 0.1145772  0.51814856 0.54154441]
1011,0.34612630943380207,"[[np.int64(0)], [np.int64(1)], [np.int64(2), 5], [np.int64(3), 7], [np.int64(4), 6]]",[0.05946881 0.10076897 0.56076745 0.51814856 0.59866603]
1012,0.3468196429627195,"[[np.int64(0)], [np.int64(1), 6], [np.int64(2), 3, 7], [4], [5]]",[0.05946881 0.61752967 0.56871319 0.04254282 0.548872  ]
1013,0.3474011727637032,"[[np.int64(0)], [np.int64(1)], [np.int64(2), 4, 5], [np.int64(3), 7], [6]]",[0.05946881 0.10076897 0.61661422 0.51814856 0.54154441]
1014,0.3476661100636258,"[[np.int64(0)], [np.int64(1), 4], [np.int64(2), 3, 5], [6], [7]]",[0.05946881 0.1330182  0.58428376 0.54154441 0.51796485]
1015,0.3477059292638822,"[[np.int64(0), 4], [np.int64(1), 5], [np.int64(2), 6], [np.int64(3)], [7]]",[0.08233896 0.60447402 0.55196474 0.07949763 0.51796485]
1016,0.3478943361362328,"[[np.int64(0), 7], [np.int64(1)], [np.int64(2), 3, 5], [4], [6]]",[0.56691184 0.10076897 0.58428376 0.04254282 0.54154441]
1017,0.34807282396810324,"[[np.int64(0)], [np.int64(1), 7], [np.int64(2), 6], [np.int64(3), 5], [np.int64(4)]]",[0.05946881 0.61123388 0.55196474 0.57066307 0.04254282]
1018,0.3508664662694101,"[[np.int64(0)], [np.int64(1), 4], [np.int64(2), 6], [np.int64(3), 5], [7]]",[0.05946881 0.1330182  0.55196474 0.57066307 0.51796485]
1019,0.35109469234201685,"[[np.int64(0), 7], [np.int64(1)], [np.int64(2), 6], [np.int64(3), 5], [np.int64(4)]]",[0.56691184 0.10076897 0.55196474 0.57066307 0.04254282]
1020,0.35133514883043504,"[[np.int64(0), 2, 6], [np.int64(1)], [3, 7], [4], [5]]",[0.62227862 0.10076897 0.51814856 0.04254282 0.548872  ]
1021,0.35260344395199583,"[[np.int64(0)], [np.int64(1), 2, 6], [3, 5], [4], [7]]",[0.05946881 0.64070315 0.57066307 0.04254282 0.51796485]
1022,0.35491111014718046,"[[np.int64(0)], [np.int64(1)], [np.int64(2), 5], [np.int64(3), 4, 7], [6]]",[0.05946881 0.10076897 0.56076745 0.56648539 0.54154441]
1023,0.3552858437321793,"[[np.int64(0)], [np.int64(1), 5], [np.int64(2), 3, 6], [4], [7]]",[0.05946881 0.60447402 0.6042098  0.04254282 0.51796485]
1024,0.35554272767123063,"[[np.int64(0)], [np.int64(1)], [np.int64(2), 4, 6], [np.int64(3), 7], [5]]",[0.05946881 0.10076897 0.60114506 0.51814856 0.548872  ]
1025,0.3563862207134896,"[[np.int64(0)], [np.int64(1)], [np.int64(2), 6], [np.int64(3), 4, 7], [5]]",[0.05946881 0.10076897 0.55196474 0.56648539 0.548872  ]
1026,0.35704518691440534,"[[np.int64(0), 4], [np.int64(1)], [np.int64(2), 3, 5], [6], [7]]",[0.08233896 0.10076897 0.58428376 0.54154441 0.51796485]
1027,0.35746450285771547,"[[np.int64(0), 4], [np.int64(1), 5], [np.int64(2)], [np.int64(3), 7], [6]]",[0.08233896 0.60447402 0.07997568 0.51814856 0.54154441]
1028,0.3586497830243749,"[[np.int64(0)], [np.int64(1), 3, 7], [np.int64(2), 5], [4], [6]]",[0.05946881 0.62097287 0.56076745 0.04254282 0.54154441]
1029,0.35882111657692217,"[[np.int64(0), 2, 5], [np.int64(1)], [3, 7], [4], [6]]",[0.62212026 0.10076897 0.51814856 0.04254282 0.54154441]
1030,0.3599894089727116,"[[np.int64(0), np.int64(1)], [2, 5], [3, 7], [4], [6]]",[0.16095348 0.56076745 0.51814856 0.04254282 0.54154441]
1031,0.360124893590684,"[[np.int64(0)], [np.int64(1), 3, 7], [np.int64(2), 6], [4], [5]]",[0.05946881 0.62097287 0.55196474 0.04254282 0.548872  ]
1032,0.36018124193295353,"[[np.int64(0), 6], [np.int64(1)], [np.int64(2), 5], [np.int64(3), 7], [np.int64(4)]]",[0.60153708 0.10076897 0.56076745 0.51814856 0.04254282]
1033,0.3602310597762248,"[[np.int64(0)], [np.int64(1), 2, 3, 5], [4], [6], [7]]",[0.05946881 0.66219419 0.04254282 0.54154441 0.51796485]
1034,0.36024554312018964,"[[np.int64(0), 4], [np.int64(1)], [np.int64(2), 6], [np.int64(3), 5], [7]]",[0.08233896 0.10076897 0.55196474 0.57066307 0.51796485]
1035,0.36085881279575105,"[[np.int64(0), 3, 7], [np.int64(1)], [np.int64(2), 5], [4], [6]]",[0.57746367 0.10076897 0.56076745 0.04254282 0.54154441]
1036,0.3614645195390209,"[[np.int64(0), np.int64(1)], [2, 6], [3, 7], [4], [5]]",[0.16095348 0.55196474 0.51814856 0.04254282 0.548872  ]
1037,0.3621562315653033,"[[np.int64(0)], [np.int64(1), 6], [np.int64(2), 3, 5], [4], [7]]",[0.05946881 0.61752967 0.58428376 0.04254282 0.51796485]
1038,0.36233392336206016,"[[np.int64(0), 3, 7], [np.int64(1)], [np.int64(2), 6], [4], [5]]",[0.57746367 0.10076897 0.55196474 0.04254282 0.548872  ]
1039,0.3672028922829138,"[[np.int64(0)], [np.int64(1), 5], [np.int64(2), 3, 7], [4], [6]]",[0.05946881 0.60447402 0.56871319 0.04254282 0.54154441]
1040,0.37061743081205867,"[[np.int64(0), 5], [np.int64(1)], [np.int64(2), 6], [np.int64(3), 7], [np.int64(4)]]",[0.59990361 0.10076897 0.55196474 0.51814856 0.04254282]
1041,0.37099870261586276,"[[np.int64(0)], [np.int64(1), 4], [np.int64(2), 5], [np.int64(3), 7], [6]]",[0.05946881 0.1330182  0.56076745 0.51814856 0.54154441]
1042,0.3724738131821721,"[[np.int64(0)], [np.int64(1), 4], [np.int64(2), 6], [np.int64(3), 7], [5]]",[0.05946881 0.1330182  0.55196474 0.51814856 0.548872  ]
1043,0.3742107908647583,"[[np.int64(0)], [np.int64(1), 2, 6], [3, 7], [4], [5]]",[0.05946881 0.64070315 0.51814856 0.04254282 0.548872  ]
1044,0.37618455980110044,"[[np.int64(0)], [np.int64(1), 3, 5], [np.int64(2), 6], [4], [7]]",[0.05946881 0.63582035 0.55196474 0.04254282 0.51796485]
1045,0.3803777794666421,"[[np.int64(0), 4], [np.int64(1)], [np.int64(2), 5], [np.int64(3), 7], [6]]",[0.08233896 0.10076897 0.56076745 0.51814856 0.54154441]
1046,0.38185289003295164,"[[np.int64(0), 4], [np.int64(1)], [np.int64(2), 6], [np.int64(3), 7], [5]]",[0.08233896 0.10076897 0.55196474 0.51814856 0.548872  ]
1047,0.38548882411754004,"[[np.int64(0)], [np.int64(1), 6], [np.int64(2), 5], [np.int64(3), 7], [np.int64(4)]]",[0.05946881 0.61752967 0.56076745 0.51814856 0.04254282]
1048,0.39311892961864325,"[[np.int64(0)], [np.int64(1), 2, 5], [3, 7], [4], [6]]",[0.05946881 0.62912261 0.51814856 0.04254282 0.54154441]
1049,0.4073471840040441,"[[np.int64(0)], [np.int64(1), 5], [np.int64(2), 6], [np.int64(3), 7], [np.int64(4)]]",[0.05946881 0.60447402 0.55196474 0.51814856 0.04254282]
