,inter_metric,motifs,motif_metric
0,-0.44601870726714044,"[[np.int64(0)], [np.int64(1), 2], [3], [4, 5, 6, 7]]",[0.05946881 0.1934978  0.07949763 2.29750061]
1,-0.44363367934076736,"[[np.int64(0), 3], [np.int64(1)], [np.int64(2)], [4, 5, 6, 7]]",[0.14933456 0.10076897 0.07997568 2.29750061]
2,-0.44358676711687606,"[[np.int64(0), 2], [np.int64(1)], [3], [4, 5, 6, 7]]",[0.14976569 0.10076897 0.07949763 2.29750061]
3,-0.44282084073823036,"[[np.int64(0)], [np.int64(1), 3], [np.int64(2)], [4, 5, 6, 7]]",[0.05946881 0.18982188 0.07997568 2.29750061]
4,-0.43499080908752363,"[[np.int64(0)], [np.int64(1)], [np.int64(2), 3], [4, 5, 6, 7]]",[0.05946881 0.10076897 0.16119856 2.29750061]
5,-0.4339812689969236,"[[np.int64(0), np.int64(1)], [2], [3], [4, 5, 6, 7]]",[0.16095348 0.07997568 0.07949763 2.29750061]
6,-0.4055404374530136,"[[np.int64(0)], [np.int64(1), 2, 3], [4], [5, 6, 7]]",[0.05946881 0.28427595 0.04254282 2.20319899]
7,-0.4052968237410588,"[[np.int64(0), np.int64(1), np.int64(2)], [3], [4], [5, 6, 7]]",[0.26400351 0.07949763 0.04254282 2.20319899]
8,-0.4046280304160761,"[[np.int64(0), 3], [np.int64(1), 2], [4], [5, 6, 7]]",[0.14933456 0.1934978  0.04254282 2.20319899]
9,-0.40392133590528667,"[[np.int64(0), 2, 3], [np.int64(1)], [4], [5, 6, 7]]",[0.24135669 0.10076897 0.04254282 2.20319899]
10,-0.40214586943604047,"[[np.int64(0), np.int64(1), 3], [2], [4], [5, 6, 7]]",[0.26037451 0.07997568 0.04254282 2.20319899]
11,-0.4013832516632747,"[[np.int64(0), 2], [np.int64(1), 3], [4], [5, 6, 7]]",[0.14976569 0.18982188 0.04254282 2.20319899]
12,-0.3951577512005793,"[[np.int64(0), 4, 5, 6, 7], [np.int64(1)], [np.int64(2)], [np.int64(3)]]",[2.3188616  0.10076897 0.07997568 0.07949763]
13,-0.38411918067076556,"[[np.int64(0)], [np.int64(1), 2], [3, 4], [5, 6, 7]]",[0.05946881 0.1934978  0.11189972 2.20319899]
14,-0.38394772189261506,"[[np.int64(0), np.int64(1)], [2, 3], [4], [5, 6, 7]]",[0.16095348 0.16119856 0.04254282 2.20319899]
15,-0.3839335789258649,"[[np.int64(0), 3], [np.int64(1)], [np.int64(2), 4], [5, 6, 7]]",[0.14933456 0.10076897 0.1145772  2.20319899]
16,-0.3831207403233279,"[[np.int64(0)], [np.int64(1), 3], [np.int64(2), 4], [5, 6, 7]]",[0.05946881 0.18982188 0.1145772  2.20319899]
17,-0.3816872405205012,"[[np.int64(0), 2], [np.int64(1)], [3, 4], [5, 6, 7]]",[0.14976569 0.10076897 0.11189972 2.20319899]
18,-0.3815812985027076,"[[np.int64(0), 3], [np.int64(1), 4], [np.int64(2)], [5, 6, 7]]",[0.14933456 0.1330182  0.07997568 2.20319899]
19,-0.3815343862788163,"[[np.int64(0), 2], [np.int64(1), 4], [3], [5, 6, 7]]",[0.14976569 0.1330182  0.07949763 2.20319899]
20,-0.3760250187579621,"[[np.int64(0)], [np.int64(1), 2, 4], [3], [5, 6, 7]]",[0.05946881 0.21780572 0.07949763 2.20319899]
21,-0.3758247672209434,"[[np.int64(0), 5, 6, 7], [np.int64(1), 2], [3], [4]]",[2.24423265 0.1934978  0.07949763 0.04254282]
22,-0.37458724957830114,"[[np.int64(0), 4], [np.int64(1), 2], [3], [5, 6, 7]]",[0.08233896 0.1934978  0.07949763 2.20319899]
23,-0.3742811685820211,"[[np.int64(0), np.int64(1)], [2, 4], [3], [5, 6, 7]]",[0.16095348 0.1145772  0.07949763 2.20319899]
24,-0.3729384282494639,"[[np.int64(0)], [np.int64(1), 4], [np.int64(2), 3], [5, 6, 7]]",[0.05946881 0.1330182  0.16119856 2.20319899]
25,-0.3726269006920333,"[[np.int64(0), 5, 6, 7], [np.int64(1), 3], [np.int64(2)], [4]]",[2.24423265 0.18982188 0.07997568 0.04254282]
26,-0.3720817424005487,"[[np.int64(0), np.int64(1)], [2], [3, 4], [5, 6, 7]]",[0.16095348 0.07997568 0.11189972 2.20319899]
27,-0.37138938304939106,"[[np.int64(0), 4], [np.int64(1), 3], [np.int64(2)], [5, 6, 7]]",[0.08233896 0.18982188 0.07997568 2.20319899]
28,-0.3706277260475792,"[[np.int64(0)], [np.int64(1), 3, 4], [np.int64(2)], [5, 6, 7]]",[0.05946881 0.21193038 0.07997568 2.20319899]
29,-0.36514997482002975,"[[np.int64(0)], [np.int64(1)], [np.int64(2), 3, 4], [5, 6, 7]]",[0.05946881 0.10076897 0.18565934 2.20319899]
30,-0.36479686904132613,"[[np.int64(0), 5, 6, 7], [np.int64(1)], [np.int64(2), 3], [4]]",[2.24423265 0.10076897 0.16119856 0.04254282]
31,-0.36421400175691776,"[[np.int64(0), 2, 4], [np.int64(1)], [3], [5, 6, 7]]",[0.16469454 0.10076897 0.07949763 2.20319899]
32,-0.36355935139868434,"[[np.int64(0), 4], [np.int64(1)], [np.int64(2), 3], [5, 6, 7]]",[0.08233896 0.10076897 0.16119856 2.20319899]
33,-0.36206148779933667,"[[np.int64(0), 3, 4], [np.int64(1)], [np.int64(2)], [5, 6, 7]]",[0.16206398 0.10076897 0.07997568 2.20319899]
34,-0.35513031573073306,"[[np.int64(0), 5, 6, 7], [np.int64(1)], [np.int64(2), 4], [np.int64(3)]]",[2.24423265 0.10076897 0.1145772  0.07949763]
35,-0.3529308895492602,"[[np.int64(0), 5, 6, 7], [np.int64(1)], [np.int64(2)], [np.int64(3), 4]]",[2.24423265 0.10076897 0.07997568 0.11189972]
36,-0.3527780353075758,"[[np.int64(0), 5, 6, 7], [np.int64(1), 4], [np.int64(2)], [np.int64(3)]]",[2.24423265 0.1330182  0.07997568 0.07949763]
37,-0.35225622321380756,"[[np.int64(0), np.int64(1), 4], [2], [3], [5, 6, 7]]",[0.17353005 0.07997568 0.07949763 2.20319899]
38,-0.34552136104870046,"[[np.int64(0)], [np.int64(1), 4, 5, 6, 7], [np.int64(2)], [np.int64(3)]]",[0.05946881 2.31052538 0.07997568 0.07949763]
39,-0.31442427229191194,"[[np.int64(0), 3], [np.int64(1), 5, 6, 7], [np.int64(2)], [4]]",[0.14933456 2.22651735 0.07997568 0.04254282]
40,-0.31437736006802064,"[[np.int64(0), 2], [np.int64(1), 5, 6, 7], [3], [4]]",[0.14976569 2.22651735 0.07949763 0.04254282]
41,-0.3057814020386682,"[[np.int64(0)], [np.int64(1), 5, 6, 7], [np.int64(2), 3], [4]]",[0.05946881 2.22651735 0.16119856 0.04254282]
42,-0.29611484872807425,"[[np.int64(0)], [np.int64(1), 5, 6, 7], [np.int64(2), 4], [np.int64(3)]]",[0.05946881 2.22651735 0.1145772  0.07949763]
43,-0.2939154225466023,"[[np.int64(0)], [np.int64(1), 5, 6, 7], [np.int64(2)], [np.int64(3), 4]]",[0.05946881 2.22651735 0.07997568 0.11189972]
44,-0.2863367146456546,"[[np.int64(0), np.int64(1), 5, 6, 7], [2], [3], [4]]",[2.26826671 0.07997568 0.07949763 0.04254282]
45,-0.28438349145413744,"[[np.int64(0), 4], [np.int64(1), 5, 6, 7], [np.int64(2)], [np.int64(3)]]",[0.08233896 2.22651735 0.07997568 0.07949763]
46,-0.25712651208495574,"[[np.int64(0)], [np.int64(1)], [np.int64(2)], [np.int64(3), 4, 5, 6, 7]]",[0.05946881 0.10076897 0.07997568 2.20085919]
47,-0.25655237415074206,"[[np.int64(0)], [np.int64(1)], [np.int64(2), 4, 5, 6, 7], [np.int64(3)]]",[0.05946881 0.10076897 2.2007631  0.07949763]
48,-0.22826159701285498,"[[np.int64(0)], [np.int64(1), 2], [3, 5, 6, 7], [4]]",[0.05946881 0.1934978  2.11669831 0.04254282]
49,-0.2258296568625915,"[[np.int64(0), 2], [np.int64(1)], [3, 5, 6, 7], [4]]",[0.14976569 0.10076897 2.11669831 0.04254282]
50,-0.22310300497079583,"[[np.int64(0), 3], [np.int64(1)], [np.int64(2), 5, 6, 7], [4]]",[0.14933456 0.10076897 2.11440279 0.04254282]
51,-0.22229016636825882,"[[np.int64(0)], [np.int64(1), 3], [np.int64(2), 5, 6, 7], [4]]",[0.05946881 0.18982188 2.11440279 0.04254282]
52,-0.21622415874263812,"[[np.int64(0), np.int64(1)], [2], [3, 5, 6, 7], [4]]",[0.16095348 0.07997568 2.11669831 0.04254282]
53,-0.21345059462695248,"[[np.int64(0), np.int64(1)], [2, 5, 6, 7], [3], [4]]",[0.16095348 2.11440279 0.07949763 0.04254282]
54,-0.20756714552264466,"[[np.int64(0)], [np.int64(1)], [np.int64(2), 4], [np.int64(3), 5, 6, 7]]",[0.05946881 0.10076897 0.1145772  2.11669831]
55,-0.20744142178406877,"[[np.int64(0), 3, 5, 6, 7], [np.int64(1)], [np.int64(2)], [4]]",[2.16810008 0.10076897 0.07997568 0.04254282]
56,-0.20521486509948694,"[[np.int64(0)], [np.int64(1), 4], [np.int64(2)], [np.int64(3), 5, 6, 7]]",[0.05946881 0.1330182  0.07997568 2.11669831]
57,-0.2046209454444914,"[[np.int64(0), 2, 5, 6, 7], [np.int64(1)], [3], [4]]",[2.16575765 0.10076897 0.07949763 0.04254282]
58,-0.20259415522548663,"[[np.int64(0)], [np.int64(1)], [np.int64(2), 5, 6, 7], [np.int64(3), 4]]",[0.05946881 0.10076897 2.11440279 0.11189972]
59,-0.20244130098380175,"[[np.int64(0)], [np.int64(1), 4], [np.int64(2), 5, 6, 7], [np.int64(3)]]",[0.05946881 0.1330182  2.11440279 0.07949763]
60,-0.19583578824870784,"[[np.int64(0), 4], [np.int64(1)], [np.int64(2)], [np.int64(3), 5, 6, 7]]",[0.08233896 0.10076897 0.07997568 2.11669831]
61,-0.1930622241330222,"[[np.int64(0), 4], [np.int64(1)], [np.int64(2), 5, 6, 7], [np.int64(3)]]",[0.08233896 0.10076897 2.11440279 0.07949763]
62,-0.1480374185920974,"[[np.int64(0)], [np.int64(1), 2, 5, 6, 7], [3], [4]]",[0.05946881 2.15047429 0.07949763 0.04254282]
63,-0.14761311617887296,"[[np.int64(0)], [np.int64(1), 3, 5, 6, 7], [np.int64(2)], [4]]",[0.05946881 2.14957194 0.07997568 0.04254282]
64,-0.10042647239194169,"[[np.int64(0)], [np.int64(1), 2, 3], [4, 5, 6], [7]]",[0.05946881 0.28427595 1.422663   0.51796485]
65,-0.10018285867998689,"[[np.int64(0), np.int64(1), np.int64(2)], [3], [4, 5, 6], [7]]",[0.26400351 0.07949763 1.422663   0.51796485]
66,-0.09951406535500373,"[[np.int64(0), 3], [np.int64(1), 2], [4, 5, 6], [7]]",[0.14933456 0.1934978  1.422663   0.51796485]
67,-0.09880737084421432,"[[np.int64(0), 2, 3], [np.int64(1)], [4, 5, 6], [7]]",[0.24135669 0.10076897 1.422663   0.51796485]
68,-0.09703190437496811,"[[np.int64(0), np.int64(1), 3], [2], [4, 5, 6], [7]]",[0.26037451 0.07997568 1.422663   0.51796485]
69,-0.09626928660220191,"[[np.int64(0), 2], [np.int64(1), 3], [4, 5, 6], [7]]",[0.14976569 0.18982188 1.422663   0.51796485]
70,-0.08742114691541936,"[[np.int64(0)], [np.int64(1), 2, 3], [4, 5, 7], [6]]",[0.05946881 0.28427595 1.38607812 0.54154441]
71,-0.087177533203465,"[[np.int64(0), np.int64(1), np.int64(2)], [3], [4, 5, 7], [6]]",[0.26400351 0.07949763 1.38607812 0.54154441]
72,-0.0865087398784814,"[[np.int64(0), 3], [np.int64(1), 2], [4, 5, 7], [6]]",[0.14933456 0.1934978  1.38607812 0.54154441]
73,-0.08600744298557572,"[[np.int64(0), np.int64(1), np.int64(2), np.int64(3)], [4], [5, 6], [7]]",[0.36514978 0.04254282 1.34429612 0.51796485]
74,-0.08580204536769198,"[[np.int64(0), 2, 3], [np.int64(1)], [4, 5, 7], [6]]",[0.24135669 0.10076897 1.38607812 0.54154441]
75,-0.08402657889844622,"[[np.int64(0), np.int64(1), 3], [2], [4, 5, 7], [6]]",[0.26037451 0.07997568 1.38607812 0.54154441]
76,-0.08326396112568046,"[[np.int64(0), 2], [np.int64(1), 3], [4, 5, 7], [6]]",[0.14976569 0.18982188 1.38607812 0.54154441]
77,-0.08053715610215262,"[[np.int64(0)], [np.int64(1), 2, 3], [4, 7], [5, 6]]",[0.05946881 0.28427595 0.57644241 1.34429612]
78,-0.08029354239019781,"[[np.int64(0), np.int64(1), np.int64(2)], [3], [4, 7], [5, 6]]",[0.26400351 0.07949763 0.57644241 1.34429612]
79,-0.07962474906521422,"[[np.int64(0), 3], [np.int64(1), 2], [4, 7], [5, 6]]",[0.14933456 0.1934978  0.57644241 1.34429612]
80,-0.07926097574294211,"[[np.int64(0), 3], [np.int64(1), 7], [np.int64(2)], [4, 5, 6]]",[0.14933456 0.61123388 0.07997568 1.422663  ]
81,-0.0792140635190508,"[[np.int64(0), 2], [np.int64(1), 7], [3], [4, 5, 6]]",[0.14976569 0.61123388 0.07949763 1.422663  ]
82,-0.07891805455442524,"[[np.int64(0), 2, 3], [np.int64(1)], [4, 7], [5, 6]]",[0.24135669 0.10076897 0.57644241 1.34429612]
83,-0.0788337568315427,"[[np.int64(0), np.int64(1)], [2, 3], [4, 5, 6], [7]]",[0.16095348 0.16119856 1.422663   0.51796485]
84,-0.07862413529540202,"[[np.int64(0), 7], [np.int64(1), 2], [3], [4, 5, 6]]",[0.56691184 0.1934978  0.07949763 1.422663  ]
85,-0.07714258808517904,"[[np.int64(0), np.int64(1), 3], [2], [4, 7], [5, 6]]",[0.26037451 0.07997568 0.57644241 1.34429612]
86,-0.07666449657439589,"[[np.int64(0), 6], [np.int64(1), 2], [3], [4, 5, 7]]",[0.60153708 0.1934978  0.07949763 1.38607812]
87,-0.07637997031241284,"[[np.int64(0), 2], [np.int64(1), 3], [4, 7], [5, 6]]",[0.14976569 0.18982188 0.57644241 1.34429612]
88,-0.0754262687664915,"[[np.int64(0), 7], [np.int64(1), 3], [np.int64(2)], [4, 5, 6]]",[0.56691184 0.18982188 0.07997568 1.422663  ]
89,-0.07346663004548581,"[[np.int64(0), 6], [np.int64(1), 3], [np.int64(2)], [4, 5, 7]]",[0.60153708 0.18982188 0.07997568 1.38607812]
90,-0.07164618436984149,"[[np.int64(0), np.int64(1), np.int64(2), np.int64(3)], [4], [5, 7], [6]]",[0.36514978 0.04254282 1.30635531 0.54154441]
91,-0.07061810548969838,"[[np.int64(0)], [np.int64(1), 7], [np.int64(2), 3], [4, 5, 6]]",[0.05946881 0.61123388 0.16119856 1.422663  ]
92,-0.06759623711578477,"[[np.int64(0), 7], [np.int64(1)], [np.int64(2), 3], [4, 5, 6]]",[0.56691184 0.10076897 0.16119856 1.422663  ]
93,-0.06582843135502081,"[[np.int64(0), np.int64(1)], [2, 3], [4, 5, 7], [6]]",[0.16095348 0.16119856 1.38607812 0.54154441]
94,-0.06563659839477953,"[[np.int64(0), 6], [np.int64(1)], [np.int64(2), 3], [4, 5, 7]]",[0.60153708 0.10076897 0.16119856 1.38607812]
95,-0.06481996434720427,"[[np.int64(0)], [np.int64(1), 2, 3], [4, 6], [5, 7]]",[0.05946881 0.28427595 0.59866603 1.30635531]
96,-0.06457635063524991,"[[np.int64(0), np.int64(1), np.int64(2)], [3], [4, 6], [5, 7]]",[0.26400351 0.07949763 0.59866603 1.30635531]
97,-0.06390755731026676,"[[np.int64(0), 3], [np.int64(1), 2], [4, 6], [5, 7]]",[0.14933456 0.1934978  0.59866603 1.30635531]
98,-0.06320086279947734,"[[np.int64(0), 2, 3], [np.int64(1)], [4, 6], [5, 7]]",[0.24135669 0.10076897 0.59866603 1.30635531]
99,-0.061559951381698674,"[[np.int64(0), 4, 5, 6], [np.int64(1), 2], [3], [7]]",[1.45454581 0.1934978  0.07949763 0.51796485]
100,-0.061425396330231585,"[[np.int64(0), np.int64(1), 3], [2], [4, 6], [5, 7]]",[0.26037451 0.07997568 0.59866603 1.30635531]
101,-0.06134330003696542,"[[np.int64(0), 5, 6], [np.int64(1), 2], [3], [4, 7]]",[1.39585159 0.1934978  0.07949763 0.57644241]
102,-0.060662778557464936,"[[np.int64(0), 2], [np.int64(1), 3], [4, 6], [5, 7]]",[0.14976569 0.18982188 0.59866603 1.30635531]
103,-0.05908675123221485,"[[np.int64(0), np.int64(1), 7], [2], [3], [4, 5, 6]]",[0.66089657 0.07997568 0.07949763 1.422663  ]
104,-0.05894444054175363,"[[np.int64(0), np.int64(1)], [2, 3], [4, 7], [5, 6]]",[0.16095348 0.16119856 0.57644241 1.34429612]
105,-0.0583620848527886,"[[np.int64(0), 4, 5, 6], [np.int64(1), 3], [np.int64(2)], [7]]",[1.45454581 0.18982188 0.07997568 0.51796485]
106,-0.05814543350805579,"[[np.int64(0), 5, 6], [np.int64(1), 3], [np.int64(2)], [4, 7]]",[1.39585159 0.18982188 0.07997568 0.57644241]
107,-0.056689084739625084,"[[np.int64(0), 5, 6], [np.int64(1), 2, 3], [4], [7]]",[1.39585159 0.28427595 0.04254282 0.51796485]
108,-0.055624621526183304,"[[np.int64(0), 3], [np.int64(1)], [np.int64(2), 7], [4, 5, 6]]",[0.14933456 0.10076897 0.56680423 1.422663  ]
109,-0.0554833705344584,"[[np.int64(0), 2, 3], [np.int64(1), 7], [4], [5, 6]]",[0.24135669 0.61123388 0.04254282 1.34429612]
110,-0.0548117829236463,"[[np.int64(0)], [np.int64(1), 3], [np.int64(2), 7], [4, 5, 6]]",[0.05946881 0.18982188 0.56680423 1.422663  ]
111,-0.054218070310609434,"[[np.int64(0), np.int64(1), np.int64(2)], [3, 4], [5, 6], [7]]",[0.26400351 0.11189972 1.34429612 0.51796485]
112,-0.05408060370827217,"[[np.int64(0), 7], [np.int64(1), 2, 3], [4], [5, 6]]",[0.56691184 0.28427595 0.04254282 1.34429612]
113,-0.05326654218706306,"[[np.int64(0), np.int64(1), 3], [2, 4], [5, 6], [7]]",[0.26037451 0.1145772  1.34429612 0.51796485]
114,-0.05268972823315199,"[[np.int64(0), 2, 3], [np.int64(1), 4], [5, 6], [7]]",[0.24135669 0.1330182  1.34429612 0.51796485]
115,-0.050765031848053255,"[[np.int64(0), 6], [np.int64(1), 2, 3], [4], [5, 7]]",[0.60153708 0.28427595 0.04254282 1.30635531]
116,-0.05053205320208232,"[[np.int64(0), 4, 5, 6], [np.int64(1)], [np.int64(2), 3], [7]]",[1.45454581 0.10076897 0.16119856 0.51796485]
117,-0.05050970365958607,"[[np.int64(0)], [np.int64(1), 2, 7], [3], [4, 5, 6]]",[0.05946881 0.6728264  0.07949763 1.422663  ]
118,-0.05031540185734906,"[[np.int64(0), 5, 6], [np.int64(1)], [np.int64(2), 3], [4, 7]]",[1.39585159 0.10076897 0.16119856 0.57644241]
119,-0.04907807135887676,"[[np.int64(0), 3], [np.int64(1), 4, 7], [np.int64(2)], [5, 6]]",[0.14933456 0.65941785 0.07997568 1.34429612]
120,-0.04903115913498546,"[[np.int64(0), 2], [np.int64(1), 4, 7], [3], [5, 6]]",[0.14976569 0.65941785 0.07949763 1.34429612]
121,-0.04897188646343631,"[[np.int64(0), 3], [np.int64(1), 6], [np.int64(2)], [4, 5, 7]]",[0.14933456 0.61752967 0.07997568 1.38607812]
122,-0.048924974239545005,"[[np.int64(0), 2], [np.int64(1), 6], [3], [4, 5, 7]]",[0.14976569 0.61752967 0.07949763 1.38607812]
123,-0.048461817207051006,"[[np.int64(0)], [np.int64(1)], [np.int64(2), 3, 5, 6, 7], [4]]",[0.05946881 0.10076897 2.02962735 0.04254282]
124,-0.04716279893293507,"[[np.int64(0)], [np.int64(1), 2], [3, 6], [4, 5, 7]]",[0.05946881 0.1934978  0.59206421 1.38607812]
125,-0.04597221118233952,"[[np.int64(0), np.int64(1)], [2, 7], [3], [4, 5, 6]]",[0.16095348 0.56680423 0.07949763 1.422663  ]
126,-0.045455115072822405,"[[np.int64(0), 3], [np.int64(1), 2, 4], [5, 6], [7]]",[0.14933456 0.21780572 1.34429612 0.51796485]
127,-0.045301643595195173,"[[np.int64(0), 3, 6], [np.int64(1)], [np.int64(2)], [4, 5, 7]]",[0.66242501 0.10076897 0.07997568 1.38607812]
128,-0.045055895135408974,"[[np.int64(0), 2, 7], [np.int64(1)], [3], [4, 5, 6]]",[0.62607243 0.10076897 0.07949763 1.422663  ]
129,-0.04492975293009982,"[[np.int64(0), 4], [np.int64(1), 2, 3], [5, 6], [7]]",[0.08233896 0.28427595 1.34429612 0.51796485]
130,-0.04473085878267069,"[[np.int64(0), 2], [np.int64(1)], [3, 6], [4, 5, 7]]",[0.14976569 0.10076897 0.59206421 1.38607812]
131,-0.04322724878680617,"[[np.int64(0), np.int64(1)], [2, 3], [4, 6], [5, 7]]",[0.16095348 0.16119856 0.59866603 1.30635531]
132,-0.04130686176963749,"[[np.int64(0), 4, 5, 6], [np.int64(1), 7], [np.int64(2)], [np.int64(3)]]",[1.45454581 0.61123388 0.07997568 0.07949763]
133,-0.040435201105633034,"[[np.int64(0)], [np.int64(1), 4, 7], [np.int64(2), 3], [5, 6]]",[0.05946881 0.65941785 0.16119856 1.34429612]
134,-0.04032901621019258,"[[np.int64(0)], [np.int64(1), 6], [np.int64(2), 3], [4, 5, 7]]",[0.05946881 0.61752967 0.16119856 1.38607812]
135,-0.04001091013854863,"[[np.int64(0), 2], [np.int64(1), 3, 4], [5, 6], [7]]",[0.14976569 0.21193038 1.34429612 0.51796485]
136,-0.03985681169487432,"[[np.int64(0), np.int64(1), np.int64(2)], [3, 4], [5, 7], [6]]",[0.26400351 0.11189972 1.30635531 0.54154441]
137,-0.03984334870822526,"[[np.int64(0), np.int64(1), 6], [2], [3], [4, 5, 7]]",[0.67823805 0.07997568 0.07949763 1.38607812]
138,-0.039062154060556686,"[[np.int64(0), 4, 7], [np.int64(1), 2], [3], [5, 6]]",[0.60571674 0.1934978  0.07949763 1.34429612]
139,-0.03890528357132794,"[[np.int64(0), np.int64(1), 3], [2, 4], [5, 7], [6]]",[0.26037451 0.1145772  1.30635531 0.54154441]
140,-0.03832846961741687,"[[np.int64(0), 2, 3], [np.int64(1), 4], [5, 7], [6]]",[0.24135669 0.1330182  1.30635531 0.54154441]
141,-0.03750893914966058,"[[np.int64(0), 4, 5, 7], [np.int64(1), 2], [3], [6]]",[1.40691524 0.1934978  0.07949763 0.54154441]
142,-0.03622678825716896,"[[np.int64(0)], [np.int64(1), 2, 3, 4], [5, 6], [7]]",[0.05946881 0.29844315 1.34429612 0.51796485]
143,-0.03586428753164661,"[[np.int64(0), 4, 7], [np.int64(1), 3], [np.int64(2)], [5, 6]]",[0.60571674 0.18982188 0.07997568 1.34429612]
144,-0.03549561355503705,"[[np.int64(0), 3], [np.int64(1), 7], [np.int64(2), 4], [5, 6]]",[0.14933456 0.61123388 0.1145772  1.34429612]
145,-0.035267827957377484,"[[np.int64(0), 5, 6], [np.int64(1), 2], [3, 4], [7]]",[1.39585159 0.1934978  0.11189972 0.51796485]
146,-0.03512536066271821,"[[np.int64(0), np.int64(1)], [2], [3, 6], [4, 5, 7]]",[0.16095348 0.07997568 0.59206421 1.38607812]
147,-0.03458042152650176,"[[np.int64(0), 5, 7], [np.int64(1), 2], [3], [4, 6]]",[1.34686509 0.1934978  0.07949763 0.59866603]
148,-0.03439064906112499,"[[np.int64(0), 4, 6], [np.int64(1), 2], [3], [5, 7]]",[0.63898605 0.1934978  0.07949763 1.30635531]
149,-0.03431107262075095,"[[np.int64(0), 4, 5, 7], [np.int64(1), 3], [np.int64(2)], [6]]",[1.40691524 0.18982188 0.07997568 0.54154441]
150,-0.034269387609939805,"[[np.int64(0), 5, 6], [np.int64(1), 3], [np.int64(2), 4], [7]]",[1.39585159 0.18982188 0.1145772  0.51796485]
151,-0.033876612040570464,"[[np.int64(0), 3, 4], [np.int64(1), 2], [5, 6], [7]]",[0.16206398 0.1934978  1.34429612 0.51796485]
152,-0.03324927514967335,"[[np.int64(0), 2], [np.int64(1), 7], [3, 4], [5, 6]]",[0.14976569 0.61123388 0.11189972 1.34429612]
153,-0.03283125946924148,"[[np.int64(0), 2, 4], [np.int64(1), 3], [5, 6], [7]]",[0.16469454 0.18982188 1.34429612 0.51796485]
154,-0.032659346926024124,"[[np.int64(0), 7], [np.int64(1), 2], [3, 4], [5, 6]]",[0.56691184 0.1934978  0.11189972 1.34429612]
155,-0.031660906578586445,"[[np.int64(0), 7], [np.int64(1), 3], [np.int64(2), 4], [5, 6]]",[0.56691184 0.18982188 0.1145772  1.34429612]
156,-0.03138255499759168,"[[np.int64(0), 5, 7], [np.int64(1), 3], [np.int64(2)], [4, 6]]",[1.34686509 0.18982188 0.07997568 0.59866603]
157,-0.03128213936837376,"[[np.int64(0), 5, 7], [np.int64(1), 2, 3], [4], [6]]",[1.34686509 0.28427595 0.04254282 0.54154441]
158,-0.031192782532214913,"[[np.int64(0), 4, 6], [np.int64(1), 3], [np.int64(2)], [5, 7]]",[0.63898605 0.18982188 0.07997568 1.30635531]
159,-0.031093856457087288,"[[np.int64(0), 3], [np.int64(1), 2, 4], [5, 7], [6]]",[0.14933456 0.21780572 1.30635531 0.54154441]
160,-0.03079662233062841,"[[np.int64(0), 5, 6], [np.int64(1), 4, 7], [np.int64(2)], [np.int64(3)]]",[1.39585159 0.65941785 0.07997568 0.07949763]
161,-0.03056849431436426,"[[np.int64(0), 4], [np.int64(1), 2, 3], [5, 7], [6]]",[0.08233896 0.28427595 1.30635531 0.54154441]
162,-0.030071549848453394,"[[np.int64(0), np.int64(1), 3], [2, 7], [4], [5, 6]]",[0.26037451 0.56680423 0.04254282 1.34429612]
163,-0.029343775065805655,"[[np.int64(0), 6], [np.int64(1), 2], [3, 4], [5, 7]]",[0.60153708 0.1934978  0.11189972 1.30635531]
164,-0.028345334718367976,"[[np.int64(0), 6], [np.int64(1), 3], [np.int64(2), 4], [5, 7]]",[0.60153708 0.18982188 0.1145772  1.30635531]
165,-0.02803425588094033,"[[np.int64(0), 4, 7], [np.int64(1)], [np.int64(2), 3], [5, 6]]",[0.60571674 0.10076897 0.16119856 1.34429612]
166,-0.027793997565275674,"[[np.int64(0), 3], [np.int64(1)], [np.int64(2), 4, 7], [5, 6]]",[0.14933456 0.10076897 0.61734049 1.34429612]
167,-0.027173666044573164,"[[np.int64(0), 5, 6], [np.int64(1), 2, 4], [3], [7]]",[1.39585159 0.21780572 0.07949763 0.51796485]
168,-0.026981158962738228,"[[np.int64(0)], [np.int64(1), 3], [np.int64(2), 4, 7], [5, 6]]",[0.05946881 0.18982188 0.61734049 1.34429612]
169,-0.026880717837381773,"[[np.int64(0), 5, 6], [np.int64(1), 7], [np.int64(2), 3], [4]]",[1.39585159 0.61123388 0.16119856 0.04254282]
170,-0.02648104097004378,"[[np.int64(0), 4, 5, 7], [np.int64(1)], [np.int64(2), 3], [6]]",[1.40691524 0.10076897 0.16119856 0.54154441]
171,-0.02645124345274974,"[[np.int64(0), np.int64(1), np.int64(2), 4], [3], [5, 6], [7]]",[0.26863877 0.07949763 1.34429612 0.51796485]
172,-0.025649651522813954,"[[np.int64(0), 2], [np.int64(1), 3, 4], [5, 7], [6]]",[0.14976569 0.21193038 1.30635531 0.54154441]
173,-0.025228609858662487,"[[np.int64(0), 2, 3, 4], [np.int64(1)], [5, 6], [7]]",[0.2461448  0.10076897 1.34429612 0.51796485]
174,-0.025053765035518705,"[[np.int64(0), 3], [np.int64(1), 2, 7], [4], [5, 6]]",[0.14933456 0.6728264  0.04254282 1.34429612]
175,-0.024987942354903758,"[[np.int64(0), np.int64(1), 7], [2, 3], [4], [5, 6]]",[0.66089657 0.16119856 0.04254282 1.34429612]
176,-0.02492766079104669,"[[np.int64(0), np.int64(1)], [2, 3, 4], [5, 6], [7]]",[0.16095348 0.18565934 1.34429612 0.51796485]
177,-0.024565185013220248,"[[np.int64(0), 7], [np.int64(1), 2, 4], [3], [5, 6]]",[0.56691184 0.21780572 0.07949763 1.34429612]
178,-0.024087075536075808,"[[np.int64(0), 5, 6], [np.int64(1), 4], [np.int64(2), 3], [7]]",[1.39585159 0.1330182  0.16119856 0.51796485]
179,-0.023838348115739372,"[[np.int64(0), 2, 3], [np.int64(1), 6], [4], [5, 7]]",[0.24135669 0.61752967 0.04254282 1.30635531]
180,-0.023552523346884957,"[[np.int64(0), 5, 7], [np.int64(1)], [np.int64(2), 3], [4, 6]]",[1.34686509 0.10076897 0.16119856 0.59866603]
181,-0.023362750881508187,"[[np.int64(0), 4, 6], [np.int64(1)], [np.int64(2), 3], [5, 7]]",[0.63898605 0.10076897 0.16119856 1.30635531]
182,-0.021865529641433845,"[[np.int64(0)], [np.int64(1), 2, 3, 4], [5, 7], [6]]",[0.05946881 0.29844315 1.30635531 0.54154441]
183,-0.021776373334191135,"[[np.int64(0), 5, 6], [np.int64(1), 3, 4], [np.int64(2)], [7]]",[1.39585159 0.21193038 0.07997568 0.51796485]
184,-0.021478594504722448,"[[np.int64(0), 7], [np.int64(1), 4], [np.int64(2), 3], [5, 6]]",[0.56691184 0.1330182  0.16119856 1.34429612]
185,-0.021249613153001334,"[[np.int64(0), 6], [np.int64(1), 2, 4], [3], [5, 7]]",[0.60153708 0.21780572 0.07949763 1.30635531]
186,-0.021100862966259015,"[[np.int64(0), np.int64(1), 3, 4], [2], [5, 6], [7]]",[0.26281034 0.07997568 1.34429612 0.51796485]
187,-0.021019720494637628,"[[np.int64(0), np.int64(1), np.int64(2)], [3, 6], [4], [5, 7]]",[0.26400351 0.59206421 0.04254282 1.30635531]
188,-0.020874799758287654,"[[np.int64(0), 3, 6], [np.int64(1), 2], [4], [5, 7]]",[0.66242501 0.1934978  0.04254282 1.30635531]
189,-0.019515353424835347,"[[np.int64(0), 3, 4], [np.int64(1), 2], [5, 7], [6]]",[0.16206398 0.1934978  1.30635531 0.54154441]
190,-0.01918122280807122,"[[np.int64(0)], [np.int64(1), 3, 6], [np.int64(2)], [4, 5, 7]]",[0.05946881 0.67760475 0.07997568 1.38607812]
191,-0.019167892302837775,"[[np.int64(0), 7], [np.int64(1), 3, 4], [np.int64(2)], [5, 6]]",[0.56691184 0.21193038 0.07997568 1.34429612]
192,-0.01878711790880372,"[[np.int64(0), 2, 7], [np.int64(1), 3], [4], [5, 6]]",[0.62607243 0.18982188 0.04254282 1.34429612]
193,-0.018470000853506363,"[[np.int64(0), 2, 4], [np.int64(1), 3], [5, 7], [6]]",[0.16469454 0.18982188 1.30635531 0.54154441]
194,-0.018163022644503535,"[[np.int64(0), 6], [np.int64(1), 4], [np.int64(2), 3], [5, 7]]",[0.60153708 0.1330182  0.16119856 1.30635531]
195,-0.018141587221431443,"[[np.int64(0), np.int64(1)], [2, 4, 7], [3], [5, 6]]",[0.16095348 0.61734049 0.07949763 1.34429612]
196,-0.01767050755287869,"[[np.int64(0), 4, 5, 6], [np.int64(1)], [np.int64(2), 7], [np.int64(3)]]",[1.45454581 0.10076897 0.56680423 0.07949763]
197,-0.017214164526788256,"[[np.int64(0), 5, 6], [np.int64(1), 7], [np.int64(2), 4], [np.int64(3)]]",[1.39585159 0.61123388 0.1145772  0.07949763]
198,-0.01671200944920237,"[[np.int64(0)], [np.int64(1), 7], [np.int64(2), 3, 4], [5, 6]]",[0.05946881 0.61123388 0.18565934 1.34429612]
199,-0.01629862210664168,"[[np.int64(0), 5, 6], [np.int64(1)], [np.int64(2), 3, 4], [7]]",[1.39585159 0.10076897 0.18565934 0.51796485]
200,-0.016077115800945396,"[[np.int64(0), 3], [np.int64(1), 4, 6], [np.int64(2)], [5, 7]]",[0.14933456 0.66435771 0.07997568 1.30635531]
201,-0.016030203577053648,"[[np.int64(0), 2], [np.int64(1), 4, 6], [3], [5, 7]]",[0.14976569 0.66435771 0.07949763 1.30635531]
202,-0.015852320442619305,"[[np.int64(0), 6], [np.int64(1), 3, 4], [np.int64(2)], [5, 7]]",[0.60153708 0.21193038 0.07997568 1.30635531]
203,-0.01577603638608993,"[[np.int64(0), 2, 4], [np.int64(1), 7], [3], [5, 6]]",[0.16469454 0.61123388 0.07949763 1.34429612]
204,-0.015321389044309797,"[[np.int64(0), np.int64(1), 7], [2, 4], [3], [5, 6]]",[0.66089657 0.1145772  0.07949763 1.34429612]
205,-0.015200744193618831,"[[np.int64(0), np.int64(1), np.int64(2), 7], [3], [4], [5, 6]]",[0.7328103  0.07949763 0.04254282 1.34429612]
206,-0.01512138602785651,"[[np.int64(0), 4], [np.int64(1), 7], [np.int64(2), 3], [5, 6]]",[0.08233896 0.61123388 0.16119856 1.34429612]
207,-0.015014738345315859,"[[np.int64(0), 5, 6], [np.int64(1), 7], [np.int64(2)], [np.int64(3), 4]]",[1.39585159 0.61123388 0.07997568 0.11189972]
208,-0.014420882512128586,"[[np.int64(0)], [np.int64(1), 2], [3, 4, 6], [5, 7]]",[0.05946881 0.1934978  0.63904511 1.30635531]
209,-0.013690141075288764,"[[np.int64(0), 7], [np.int64(1)], [np.int64(2), 3, 4], [5, 6]]",[0.56691184 0.10076897 0.18565934 1.34429612]
210,-0.013623522428508839,"[[np.int64(0), 3, 4], [np.int64(1), 7], [np.int64(2)], [5, 6]]",[0.16206398 0.61123388 0.07997568 1.34429612]
211,-0.0131219628628374,"[[np.int64(0), np.int64(1), 7], [2], [3, 4], [5, 6]]",[0.66089657 0.07997568 0.11189972 1.34429612]
212,-0.013043449275424557,"[[np.int64(0), np.int64(1), 4], [2, 3], [5, 6], [7]]",[0.17353005 0.16119856 1.34429612 0.51796485]
213,-0.012385491604402166,"[[np.int64(0)], [np.int64(1), 2, 4, 7], [3], [5, 6]]",[0.05946881 0.71306907 0.07949763 1.34429612]
214,-0.012089984837015066,"[[np.int64(0), np.int64(1), np.int64(2), 4], [3], [5, 7], [6]]",[0.26863877 0.07949763 1.30635531 0.54154441]
215,-0.011988942361864652,"[[np.int64(0), 2], [np.int64(1)], [3, 4, 6], [5, 7]]",[0.14976569 0.10076897 0.63904511 1.30635531]
216,-0.011074395271329696,"[[np.int64(0), 5, 6], [np.int64(1), 3], [np.int64(2), 7], [4]]",[1.39585159 0.18982188 0.56680423 0.04254282]
217,-0.01086735124292737,"[[np.int64(0), 2, 3, 4], [np.int64(1)], [5, 7], [6]]",[0.2461448  0.10076897 1.30635531 0.54154441]
218,-0.010795103255995642,"[[np.int64(0), 3], [np.int64(1), 4, 5, 7], [np.int64(2)], [6]]",[0.14933456 1.4238866  0.07997568 0.54154441]
219,-0.010748191032104337,"[[np.int64(0), 2], [np.int64(1), 4, 5, 7], [3], [6]]",[0.14976569 1.4238866  0.07949763 0.54154441]
220,-0.010566402175311573,"[[np.int64(0), np.int64(1)], [2, 3, 4], [5, 7], [6]]",[0.16095348 0.18565934 1.30635531 0.54154441]
221,-0.010374569215070295,"[[np.int64(0), 6], [np.int64(1)], [np.int64(2), 3, 4], [5, 7]]",[0.60153708 0.10076897 0.18565934 1.30635531]
222,-0.009860882586126607,"[[np.int64(0), 5, 7], [np.int64(1), 2], [3, 4], [6]]",[1.34686509 0.1934978  0.11189972 0.54154441]
223,-0.00983202977706732,"[[np.int64(0)], [np.int64(1), 2], [3, 7], [4, 5, 6]]",[0.05946881 0.1934978  0.51814856 1.422663  ]
224,-0.009512548537026433,"[[np.int64(0), 5, 6], [np.int64(1)], [np.int64(2), 4, 7], [np.int64(3)]]",[1.39585159 0.10076897 0.61734049 0.07949763]
225,-0.009506978915120534,"[[np.int64(0), 3], [np.int64(1), 4], [np.int64(2), 7], [5, 6]]",[0.14933456 0.1330182  0.56680423 1.34429612]
226,-0.009231181903093688,"[[np.int64(0), np.int64(1), 4, 7], [2], [3], [5, 6]]",[0.68940788 0.07997568 0.07949763 1.34429612]
227,-0.008862442238688928,"[[np.int64(0), 5, 7], [np.int64(1), 3], [np.int64(2), 4], [6]]",[1.34686509 0.18982188 0.1145772  0.54154441]
228,-0.007434245547701224,"[[np.int64(0)], [np.int64(1), 4, 6], [np.int64(2), 3], [5, 7]]",[0.05946881 0.66435771 0.16119856 1.30635531]
229,-0.0074000896268029415,"[[np.int64(0), 2], [np.int64(1)], [3, 7], [4, 5, 6]]",[0.14976569 0.10076897 0.51814856 1.422663  ]
230,-0.0067723160072703514,"[[np.int64(0), 5, 6], [np.int64(1), 2, 7], [3], [4]]",[1.39585159 0.6728264  0.07949763 0.04254282]
231,-0.006739604350523898,"[[np.int64(0), np.int64(1), 3, 4], [2], [5, 7], [6]]",[0.26281034 0.07997568 1.30635531 0.54154441]
232,-0.006516664929533622,"[[np.int64(0), 3], [np.int64(1), 4, 5, 6], [np.int64(2)], [7]]",[0.14933456 1.44318771 0.07997568 0.51796485]
233,-0.0064697527056418735,"[[np.int64(0), 2], [np.int64(1), 4, 5, 6], [3], [7]]",[0.14976569 1.44318771 0.07949763 0.51796485]
234,-0.0046772103327477055,"[[np.int64(0), 2, 6], [np.int64(1)], [3], [4, 5, 7]]",[0.62227862 0.10076897 0.07949763 1.38607812]
235,-0.004544915290209062,"[[np.int64(0)], [np.int64(1), 2, 7], [3, 4], [5, 6]]",[0.05946881 0.6728264  0.11189972 1.34429612]
236,-0.004388606691700936,"[[np.int64(0), np.int64(1), 6], [2, 3], [4], [5, 7]]",[0.67823805 0.16119856 0.04254282 1.30635531]
237,-0.0042002499680062755,"[[np.int64(0), 3], [np.int64(1)], [np.int64(2), 6], [4, 5, 7]]",[0.14933456 0.10076897 0.55196474 1.38607812]
238,-0.003850591136318471,"[[np.int64(0), 3], [np.int64(1), 6], [np.int64(2), 4], [5, 7]]",[0.14933456 0.61752967 0.1145772  1.30635531]
239,-0.0033874113654688287,"[[np.int64(0)], [np.int64(1), 3], [np.int64(2), 6], [4, 5, 7]]",[0.05946881 0.18982188 0.55196474 1.38607812]
240,-0.002383444241911725,"[[np.int64(0), np.int64(1)], [2], [3, 4, 6], [5, 7]]",[0.16095348 0.07997568 0.63904511 1.30635531]
241,-0.002152233002751913,"[[np.int64(0)], [np.int64(1), 4, 5, 7], [np.int64(2), 3], [6]]",[0.05946881 1.4238866  0.16119856 0.54154441]
242,-0.0017667206733222862,"[[np.int64(0), 5, 7], [np.int64(1), 2, 4], [3], [6]]",[1.34686509 0.21780572 0.07949763 0.54154441]
243,-0.0016042527309547694,"[[np.int64(0), 2], [np.int64(1), 6], [3, 4], [5, 7]]",[0.14976569 0.61752967 0.11189972 1.30635531]
244,-0.0009508599519101324,"[[np.int64(0), 6], [np.int64(1), 4, 5, 7], [np.int64(2)], [np.int64(3)]]",[0.60153708 1.4238866  0.07997568 0.07949763]
245,-0.00018034826807733495,"[[np.int64(0), 3, 6], [np.int64(1)], [np.int64(2), 4], [5, 7]]",[0.66242501 0.10076897 0.1145772  1.30635531]
246,-7.422812962065706e-06,"[[np.int64(0), np.int64(1)], [2, 7], [3, 4], [5, 6]]",[0.16095348 0.56680423 0.11189972 1.34429612]
247,2.791426538406583e-05,"[[np.int64(0), 4, 5, 7], [np.int64(1), 6], [np.int64(2)], [np.int64(3)]]",[1.40691524 0.61752967 0.07997568 0.07949763]
248,0.0006849365381955685,"[[np.int64(0), 4], [np.int64(1), 3], [np.int64(2), 7], [5, 6]]",[0.08233896 0.18982188 0.56680423 1.34429612]
249,0.0008657825448126211,"[[np.int64(0)], [np.int64(1), 3, 7], [np.int64(2)], [4, 5, 6]]",[0.05946881 0.62097287 0.07997568 1.422663  ]
250,0.0009088932339684774,"[[np.int64(0), 2, 7], [np.int64(1)], [3, 4], [5, 6]]",[0.62607243 0.10076897 0.11189972 1.34429612]
251,0.001061747475653796,"[[np.int64(0), 2, 7], [np.int64(1), 4], [3], [5, 6]]",[0.62607243 0.1330182  0.07949763 1.34429612]
252,0.0013178093403105606,"[[np.int64(0), np.int64(1), 4], [2, 3], [5, 7], [6]]",[0.17353005 0.16119856 1.30635531 0.54154441]
253,0.0013198698351759575,"[[np.int64(0), 5, 7], [np.int64(1), 4], [np.int64(2), 3], [6]]",[1.34686509 0.1330182  0.16119856 0.54154441]
254,0.0014465935400074237,"[[np.int64(0)], [np.int64(1), 3, 4], [np.int64(2), 7], [5, 6]]",[0.05946881 0.21193038 0.56680423 1.34429612]
255,0.0015124912179431682,"[[np.int64(0), 3], [np.int64(1), 5, 7], [np.int64(2)], [4, 6]]",[0.14933456 1.35445737 0.07997568 0.59866603]
256,0.0015594034418344727,"[[np.int64(0), 2], [np.int64(1), 5, 7], [3], [4, 6]]",[0.14976569 1.35445737 0.07949763 0.59866603]
257,0.0021262053237105505,"[[np.int64(0)], [np.int64(1), 4, 5, 6], [np.int64(2), 3], [7]]",[0.05946881 1.44318771 0.16119856 0.51796485]
258,0.0021719321550803805,"[[np.int64(0), 3, 6], [np.int64(1), 4], [np.int64(2)], [5, 7]]",[0.66242501 0.1330182  0.07997568 1.30635531]
259,0.002205408493149541,"[[np.int64(0), np.int64(1)], [2], [3, 7], [4, 5, 6]]",[0.16095348 0.07997568 0.51814856 1.422663  ]
260,0.0024473937705549176,"[[np.int64(0), 2, 4, 7], [np.int64(1)], [3], [5, 6]]",[0.65693602 0.10076897 0.07949763 1.34429612]
261,0.0027427169676048635,"[[np.int64(0), 2], [np.int64(1), 4], [3, 6], [5, 7]]",[0.14976569 0.1330182  0.59206421 1.30635531]
262,0.003074812316189224,"[[np.int64(0), 3, 7], [np.int64(1)], [np.int64(2)], [4, 5, 6]]",[0.57746367 0.10076897 0.07997568 1.422663  ]
263,0.003079063265978732,"[[np.int64(0), 3], [np.int64(1), 5, 6], [np.int64(2)], [4, 7]]",[0.14933456 1.37511442 0.07997568 0.57644241]
264,0.0031259754898709247,"[[np.int64(0), 2], [np.int64(1), 5, 6], [3], [4, 7]]",[0.14976569 1.37511442 0.07949763 0.57644241]
265,0.003630572037060187,"[[np.int64(0), 5, 7], [np.int64(1), 3, 4], [np.int64(2)], [6]]",[1.34686509 0.21193038 0.07997568 0.54154441]
266,0.004044846997425022,"[[np.int64(0), 2, 3], [np.int64(1), 5, 7], [4], [6]]",[0.24135669 1.35445737 0.04254282 0.54154441]
267,0.004222029722258824,"[[np.int64(0), 4, 5, 7], [np.int64(1)], [np.int64(2)], [np.int64(3), 6]]",[1.40691524 0.10076897 0.07997568 0.59206421]
268,0.004987015802255357,"[[np.int64(0), 4], [np.int64(1), 2, 7], [3], [5, 6]]",[0.08233896 0.6728264  0.07949763 1.34429612]
269,0.005277946618893026,"[[np.int64(0), np.int64(1), 6], [2, 4], [3], [5, 7]]",[0.67823805 0.1145772  0.07949763 1.30635531]
270,0.0054521603758379555,"[[np.int64(0), np.int64(1)], [2, 6], [3], [4, 5, 7]]",[0.16095348 0.55196474 0.07949763 1.38607812]
271,0.006391070817701738,"[[np.int64(0), np.int64(1), 3, 6], [2], [4], [5, 7]]",[0.74868125 0.07997568 0.04254282 1.30635531]
272,0.006967352184673814,"[[np.int64(0), 2, 3], [np.int64(1), 5, 6], [4], [7]]",[0.24135669 1.37511442 0.04254282 0.51796485]
273,0.007112937770666683,"[[np.int64(0), 3, 4, 6], [np.int64(1)], [np.int64(2)], [5, 7]]",[0.68973324 0.10076897 0.07997568 1.30635531]
274,0.007477372800364979,"[[np.int64(0), np.int64(1), 6], [2], [3, 4], [5, 7]]",[0.67823805 0.07997568 0.11189972 1.30635531]
275,0.007677561179100678,"[[np.int64(0), 2], [np.int64(1), 3, 6], [4], [5, 7]]",[0.14976569 0.67760475 0.04254282 1.30635531]
276,0.0076791822155901635,"[[np.int64(0)], [np.int64(1), 2], [3, 4, 5, 6], [7]]",[0.05946881 0.1934978  1.4053355  0.51796485]
277,0.008252084488459488,"[[np.int64(0)], [np.int64(1), 2, 4], [3, 6], [5, 7]]",[0.05946881 0.21780572 0.59206421 1.30635531]
278,0.008621615871443389,"[[np.int64(0), 5, 6], [np.int64(1)], [np.int64(2), 7], [np.int64(3), 4]]",[1.39585159 0.10076897 0.56680423 0.11189972]
279,0.008774470113128263,"[[np.int64(0), 5, 6], [np.int64(1), 4], [np.int64(2), 7], [np.int64(3)]]",[1.39585159 0.1330182  0.56680423 0.07949763]
280,0.008976208614110526,"[[np.int64(0), 5, 7], [np.int64(1), 2], [3, 6], [4]]",[1.34686509 0.1934978  0.59206421 0.04254282]
281,0.009108323264609197,"[[np.int64(0), 5, 7], [np.int64(1)], [np.int64(2), 3, 4], [6]]",[1.34686509 0.10076897 0.18565934 0.54154441]
282,0.00968985366812003,"[[np.int64(0), 4], [np.int64(1), 2], [3, 6], [5, 7]]",[0.08233896 0.1934978  0.59206421 1.30635531]
283,0.009995934664400075,"[[np.int64(0), np.int64(1)], [2, 4], [3, 6], [5, 7]]",[0.16095348 0.1145772  0.59206421 1.30635531]
284,0.010012831788249521,"[[np.int64(0), 3, 4], [np.int64(1)], [np.int64(2), 7], [5, 6]]",[0.16206398 0.10076897 0.56680423 1.34429612]
285,0.010111122365854541,"[[np.int64(0), 2], [np.int64(1)], [3, 4, 5, 6], [7]]",[0.14976569 0.10076897 1.4053355  0.51796485]
286,0.010155361471186897,"[[np.int64(0)], [np.int64(1), 5, 7], [np.int64(2), 3], [4, 6]]",[0.05946881 1.35445737 0.16119856 0.59866603]
287,0.01172193351922246,"[[np.int64(0)], [np.int64(1), 5, 6], [np.int64(2), 3], [4, 7]]",[0.05946881 1.37511442 0.16119856 0.57644241]
288,0.012724086899321918,"[[np.int64(0), np.int64(1), 4, 6], [2], [3], [5, 7]]",[0.70539343 0.07997568 0.07949763 1.30635531]
289,0.01325001998282005,"[[np.int64(0), 5, 7], [np.int64(1), 4, 6], [np.int64(2)], [np.int64(3)]]",[1.34686509 0.66435771 0.07997568 0.07949763]
290,0.014373265130068535,"[[np.int64(0), 7], [np.int64(1), 4, 5, 6], [np.int64(2)], [np.int64(3)]]",[0.56691184 1.44318771 0.07997568 0.07949763]
291,0.014933012969516657,"[[np.int64(0)], [np.int64(1), 6], [np.int64(2), 3, 4], [5, 7]]",[0.05946881 0.61752967 0.18565934 1.30635531]
292,0.014955115522017337,"[[np.int64(0), np.int64(1), np.int64(2)], [3, 7], [4], [5, 6]]",[0.26400351 0.51814856 0.04254282 1.34429612]
293,0.015809991336853457,"[[np.int64(0), 5, 7], [np.int64(1), 6], [np.int64(2), 3], [4]]",[1.34686509 0.61752967 0.16119856 0.04254282]
294,0.015868986032629095,"[[np.int64(0), 2, 4], [np.int64(1), 6], [3], [5, 7]]",[0.16469454 0.61752967 0.07949763 1.30635531]
295,0.016523636390862073,"[[np.int64(0), 4], [np.int64(1), 6], [np.int64(2), 3], [5, 7]]",[0.08233896 0.61752967 0.16119856 1.30635531]
296,0.017291281198009045,"[[np.int64(0), 5, 7], [np.int64(1)], [np.int64(2)], [np.int64(3), 4, 6]]",[1.34686509 0.10076897 0.07997568 0.63904511]
297,0.01742776465278828,"[[np.int64(0)], [np.int64(1), 2], [3, 5, 6], [4, 7]]",[0.05946881 0.1934978  1.33710936 0.57644241]
298,0.018021499990209744,"[[np.int64(0), 3, 4], [np.int64(1), 6], [np.int64(2)], [5, 7]]",[0.16206398 0.61752967 0.07997568 1.30635531]
299,0.018198431701575313,"[[np.int64(0)], [np.int64(1), 2, 6], [3], [4, 5, 7]]",[0.05946881 0.64070315 0.07949763 1.38607812]
300,0.019716620485807024,"[[np.int64(0), np.int64(1)], [2], [3, 4, 5, 6], [7]]",[0.16095348 0.07997568 1.4053355  0.51796485]
301,0.01981809637377907,"[[np.int64(0), np.int64(1), 4], [2, 7], [3], [5, 6]]",[0.17353005 0.56680423 0.07949763 1.34429612]
302,0.019859704803052214,"[[np.int64(0), 2], [np.int64(1)], [3, 5, 6], [4, 7]]",[0.14976569 0.10076897 1.33710936 0.57644241]
303,0.020063101489502966,"[[np.int64(0), 2, 4], [np.int64(1)], [3, 6], [5, 7]]",[0.16469454 0.10076897 0.59206421 1.30635531]
304,0.020198020365313152,"[[np.int64(0)], [np.int64(1), 2], [3, 4, 7], [5, 6]]",[0.05946881 0.1934978  0.56648539 1.34429612]
305,0.020644806745353517,"[[np.int64(0), np.int64(1), 5, 6], [2], [3], [4, 7]]",[1.4273856  0.07997568 0.07949763 0.57644241]
306,0.022325593662082976,"[[np.int64(0), np.int64(1), np.int64(2)], [3, 5, 6], [4], [7]]",[0.26400351 1.33710936 0.04254282 0.51796485]
307,0.02262996051557753,"[[np.int64(0), 2], [np.int64(1)], [3, 4, 7], [5, 6]]",[0.14976569 0.10076897 0.56648539 1.34429612]
308,0.022708754848936863,"[[np.int64(0), np.int64(1), 3], [2, 6], [4], [5, 7]]",[0.26037451 0.55196474 0.04254282 1.30635531]
309,0.022947500033070334,"[[np.int64(0), 2, 6], [np.int64(1), 3], [4], [5, 7]]",[0.62227862 0.18982188 0.04254282 1.30635531]
310,0.023854281707011538,"[[np.int64(0)], [np.int64(1), 3, 4, 6], [np.int64(2)], [5, 7]]",[0.05946881 0.71429206 0.07997568 1.30635531]
311,0.024032603976845923,"[[np.int64(0), 3], [np.int64(1), 5, 7], [np.int64(2), 4], [6]]",[0.14933456 1.35445737 0.1145772  0.54154441]
312,0.024210293970337915,"[[np.int64(0), 6], [np.int64(1), 5, 7], [np.int64(2), 3], [4]]",[0.60153708 1.35445737 0.16119856 0.04254282]
313,0.02547654464744653,"[[np.int64(0), 5, 7], [np.int64(1), 6], [np.int64(2), 4], [np.int64(3)]]",[1.34686509 0.61752967 0.1145772  0.07949763]
314,0.02594007251904662,"[[np.int64(0)], [np.int64(1), 3, 6], [np.int64(2), 4], [5, 7]]",[0.05946881 0.67760475 0.1145772  1.30635531]
315,0.02614572301388396,"[[np.int64(0), 3, 7], [np.int64(1), 2], [4], [5, 6]]",[0.57746367 0.1934978  0.04254282 1.34429612]
316,0.026278942382209625,"[[np.int64(0), 2], [np.int64(1), 5, 7], [3, 4], [6]]",[0.14976569 1.35445737 0.11189972 0.54154441]
317,0.02634224027132781,"[[np.int64(0), 3], [np.int64(1)], [np.int64(2), 4, 6], [5, 7]]",[0.14933456 0.10076897 0.60114506 1.30635531]
318,0.02636863339277129,"[[np.int64(0), 2], [np.int64(1), 3, 7], [4], [5, 6]]",[0.14976569 0.62097287 0.04254282 1.34429612]
319,0.02695510916409516,"[[np.int64(0), 3], [np.int64(1), 5, 6], [np.int64(2), 4], [7]]",[0.14933456 1.37511442 0.1145772  0.51796485]
320,0.027155078873865257,"[[np.int64(0)], [np.int64(1), 3], [np.int64(2), 4, 6], [5, 7]]",[0.05946881 0.18982188 0.60114506 1.30635531]
321,0.027675970828918928,"[[np.int64(0), 5, 7], [np.int64(1), 6], [np.int64(2)], [np.int64(3), 4]]",[1.34686509 0.61752967 0.07997568 0.11189972]
322,0.02772612571469102,"[[np.int64(0), 3, 5, 6], [np.int64(1)], [np.int64(2)], [4, 7]]",[1.39903295 0.10076897 0.07997568 0.57644241]
323,0.02793227182765179,"[[np.int64(0)], [np.int64(1), 7], [np.int64(2)], [np.int64(3), 4, 5, 6]]",[0.05946881 0.61123388 0.07997568 1.4053355 ]
324,0.02855083768955069,"[[np.int64(0)], [np.int64(1), 4, 5, 7], [np.int64(2)], [np.int64(3), 6]]",[0.05946881 1.4238866  0.07997568 0.59206421]
325,0.029201447569459305,"[[np.int64(0), 2], [np.int64(1), 5, 6], [3, 4], [7]]",[0.14976569 1.37511442 0.11189972 0.51796485]
326,0.02946520292300514,"[[np.int64(0), np.int64(1)], [2], [3, 5, 6], [4, 7]]",[0.16095348 0.07997568 1.33710936 0.57644241]
327,0.029670660104320845,"[[np.int64(0), 5, 7], [np.int64(1)], [np.int64(2), 4], [np.int64(3), 6]]",[1.34686509 0.10076897 0.1145772  0.59206421]
328,0.030123921452833713,"[[np.int64(0), np.int64(1), 5, 7], [2], [3], [4, 6]]",[1.39568287 0.07997568 0.07949763 0.59866603]
329,0.030507112122610813,"[[np.int64(0), 4, 5, 6], [np.int64(1)], [np.int64(2)], [np.int64(3), 7]]",[1.45454581 0.10076897 0.07997568 0.51814856]
330,0.030721743494896536,"[[np.int64(0), np.int64(1), 4, 5, 6], [2], [3], [7]]",[1.47578623 0.07997568 0.07949763 0.51796485]
331,0.030907720122596682,"[[np.int64(0), 3, 5, 6], [np.int64(1), 2], [4], [7]]",[1.39903295 0.1934978  0.04254282 0.51796485]
332,0.03095414020156495,"[[np.int64(0), 7], [np.int64(1)], [np.int64(2)], [np.int64(3), 4, 5, 6]]",[0.56691184 0.10076897 0.07997568 1.4053355 ]
333,0.031029399467084495,"[[np.int64(0), 4, 6], [np.int64(1), 5, 7], [np.int64(2)], [np.int64(3)]]",[0.63898605 1.35445737 0.07997568 0.07949763]
334,0.032020880032613164,"[[np.int64(0), np.int64(1), 4], [2], [3, 6], [5, 7]]",[0.17353005 0.07997568 0.59206421 1.30635531]
335,0.03202294052747856,"[[np.int64(0), 5, 7], [np.int64(1), 4], [np.int64(2)], [np.int64(3), 6]]",[1.34686509 0.1330182  0.07997568 0.59206421]
336,0.03223545863553001,"[[np.int64(0), np.int64(1)], [2], [3, 4, 7], [5, 6]]",[0.16095348 0.07997568 0.56648539 1.34429612]
337,0.03233216841227815,"[[np.int64(0)], [np.int64(1)], [np.int64(2), 3, 7], [4, 5, 6]]",[0.05946881 0.10076897 0.56871319 1.422663  ]
338,0.03340224714653228,"[[np.int64(0), 3], [np.int64(1)], [np.int64(2), 4, 5, 7], [6]]",[0.14933456 0.10076897 1.35889596 0.54154441]
339,0.03342044533806554,"[[np.int64(0)], [np.int64(1)], [np.int64(2), 3, 6], [4, 5, 7]]",[0.05946881 0.10076897 0.6042098  1.38607812]
340,0.03387684728093143,"[[np.int64(0), 6], [np.int64(1), 5, 7], [np.int64(2), 4], [np.int64(3)]]",[0.60153708 1.35445737 0.1145772  0.07949763]
341,0.03390535787524929,"[[np.int64(0), 5, 6], [np.int64(1), 2], [3, 7], [4]]",[1.39585159 0.1934978  0.51814856 0.04254282]
342,0.034215085749069285,"[[np.int64(0)], [np.int64(1), 3], [np.int64(2), 4, 5, 7], [6]]",[0.05946881 0.18982188 1.35889596 0.54154441]
343,0.03485429933287598,"[[np.int64(0), np.int64(1), 5, 6], [2, 3], [4], [7]]",[1.4273856  0.16119856 0.04254282 0.51796485]
344,0.03498775097291418,"[[np.int64(0)], [np.int64(1), 4, 5, 6], [np.int64(2), 7], [np.int64(3)]]",[0.05946881 1.44318771 0.56680423 0.07949763]
345,0.03599465061517204,"[[np.int64(0), np.int64(1)], [2, 4, 6], [3], [5, 7]]",[0.16095348 0.60114506 0.07949763 1.30635531]
346,0.036076273462404274,"[[np.int64(0), 6], [np.int64(1), 5, 7], [np.int64(2)], [np.int64(3), 4]]",[0.60153708 1.35445737 0.07997568 0.11189972]
347,0.036127829786889,"[[np.int64(0), np.int64(1), 3, 7], [2], [4], [5, 6]]",[0.68100368 0.07997568 0.04254282 1.34429612]
348,0.036957784738974375,"[[np.int64(0), 5, 7], [np.int64(1), 3, 6], [np.int64(2)], [4]]",[1.34686509 0.67760475 0.07997568 0.04254282]
349,0.03748899192395072,"[[np.int64(0), np.int64(1), 4, 5, 7], [2], [3], [6]]",[1.44543942 0.07997568 0.07949763 0.54154441]
350,0.03765020822254872,"[[np.int64(0), 3, 4, 5, 6], [np.int64(1)], [np.int64(2)], [7]]",[1.44758642 0.10076897 0.07997568 0.51796485]
351,0.03767142979298388,"[[np.int64(0), 4], [np.int64(1), 3, 6], [np.int64(2)], [5, 7]]",[0.08233896 0.67760475 0.07997568 1.30635531]
352,0.038178485913103355,"[[np.int64(0), 7], [np.int64(1), 5, 6], [np.int64(2), 3], [4]]",[0.56691184 1.37511442 0.16119856 0.04254282]
353,0.03871755298425983,"[[np.int64(0), 2], [np.int64(1), 4], [3, 7], [5, 6]]",[0.14976569 0.1330182  0.51814856 1.34429612]
354,0.04086449731993502,"[[np.int64(0), 5, 6], [np.int64(1)], [np.int64(2)], [np.int64(3), 4, 7]]",[1.39585159 0.10076897 0.07997568 0.56648539]
355,0.041189420781469366,"[[np.int64(0)], [np.int64(1), 3, 4, 7], [np.int64(2)], [5, 6]]",[0.05946881 0.65901611 0.07997568 1.34429612]
356,0.042643511175842974,"[[np.int64(0), 2, 6], [np.int64(1)], [3, 4], [5, 7]]",[0.62227862 0.10076897 0.11189972 1.30635531]
357,0.04279636541752785,"[[np.int64(0), 2, 6], [np.int64(1), 4], [3], [5, 7]]",[0.62227862 0.1330182  0.07949763 1.30635531]
358,0.04281620808268105,"[[np.int64(0)], [np.int64(1), 5, 7], [np.int64(2), 3, 4], [6]]",[0.05946881 1.35445737 0.18565934 0.54154441]
359,0.042977480901142506,"[[np.int64(0), np.int64(1), 5, 7], [2, 3], [4], [6]]",[1.39568287 0.16119856 0.04254282 0.54154441]
360,0.04305465749037651,"[[np.int64(0), np.int64(1)], [2, 4, 5, 7], [3], [6]]",[0.16095348 1.35889596 0.07949763 0.54154441]
361,0.04324649045061779,"[[np.int64(0), 6], [np.int64(1)], [np.int64(2), 4, 5, 7], [np.int64(3)]]",[0.60153708 0.10076897 1.35889596 0.07949763]
362,0.04327332578226928,"[[np.int64(0), 3], [np.int64(1), 4], [np.int64(2), 6], [5, 7]]",[0.14933456 0.1330182  0.55196474 1.30635531]
363,0.04329438882301906,"[[np.int64(0), 2], [np.int64(1), 7], [3, 5, 6], [4]]",[0.14976569 0.61123388 1.33710936 0.04254282]
364,0.04364165827063671,"[[np.int64(0), 4, 7], [np.int64(1), 5, 6], [np.int64(2)], [np.int64(3)]]",[0.60571674 1.37511442 0.07997568 0.07949763]
365,0.04375218114579349,"[[np.int64(0), 2, 4], [np.int64(1), 5, 7], [3], [6]]",[0.16469454 1.35445737 0.07949763 0.54154441]
366,0.04381763755123913,"[[np.int64(0), np.int64(1), np.int64(2), 6], [3], [4], [5, 7]]",[0.71173274 0.07949763 0.04254282 1.30635531]
367,0.043884317046668286,"[[np.int64(0), 7], [np.int64(1), 2], [3, 5, 6], [4]]",[0.56691184 0.1934978  1.33710936 0.04254282]
368,0.04422692050511401,"[[np.int64(0)], [np.int64(1), 2, 4], [3, 7], [5, 6]]",[0.05946881 0.21780572 0.51814856 1.34429612]
369,0.04440683150402691,"[[np.int64(0), 4], [np.int64(1), 5, 7], [np.int64(2), 3], [6]]",[0.08233896 1.35445737 0.16119856 0.54154441]
370,0.0445208526434695,"[[np.int64(0), np.int64(1), 5, 6], [2, 4], [3], [7]]",[1.4273856  0.1145772  0.07949763 0.51796485]
371,0.04454524876992183,"[[np.int64(0), 3, 6], [np.int64(1), 5, 7], [np.int64(2)], [4]]",[0.66242501 1.35445737 0.07997568 0.04254282]
372,0.04460317019712923,"[[np.int64(0), 5, 6], [np.int64(1), 3, 7], [np.int64(2)], [4]]",[1.39585159 0.62097287 0.07997568 0.04254282]
373,0.044631144732717676,"[[np.int64(0)], [np.int64(1), 3, 7], [np.int64(2), 4], [5, 6]]",[0.05946881 0.62097287 0.1145772  1.34429612]
374,0.04479955076081499,"[[np.int64(0), 4, 5, 7], [np.int64(1)], [np.int64(2), 6], [np.int64(3)]]",[1.40691524 0.10076897 0.55196474 0.07949763]
375,0.04501030346485546,"[[np.int64(0), 3], [np.int64(1), 2, 6], [4], [5, 7]]",[0.14933456 0.64070315 0.04254282 1.30635531]
376,0.04511603358244631,"[[np.int64(0), 2], [np.int64(1), 5, 7], [3, 6], [4]]",[0.14976569 1.35445737 0.59206421 0.04254282]
377,0.045537944851641754,"[[np.int64(0), 2, 4, 6], [np.int64(1)], [3], [5, 7]]",[0.65178628 0.10076897 0.07949763 1.30635531]
378,0.045664689684774995,"[[np.int64(0), 4], [np.int64(1), 2], [3, 7], [5, 6]]",[0.08233896 0.1934978  0.51814856 1.34429612]
379,0.04573871326993029,"[[np.int64(0)], [np.int64(1), 5, 6], [np.int64(2), 3, 4], [7]]",[0.05946881 1.37511442 0.18565934 0.51796485]
380,0.04590469510337414,"[[np.int64(0), 3, 4], [np.int64(1), 5, 7], [np.int64(2)], [6]]",[0.16206398 1.35445737 0.07997568 0.54154441]
381,0.045970770681054596,"[[np.int64(0), np.int64(1)], [2, 4], [3, 7], [5, 6]]",[0.16095348 0.1145772  0.51814856 1.34429612]
382,0.04608803112432547,"[[np.int64(0), 2], [np.int64(1), 4], [3, 5, 6], [7]]",[0.14976569 0.1330182  1.33710936 0.51796485]
383,0.04667468633304228,"[[np.int64(0), 2, 4], [np.int64(1), 5, 6], [3], [7]]",[0.16469454 1.37511442 0.07949763 0.51796485]
384,0.04672027882494145,"[[np.int64(0), np.int64(1), 5, 6], [2], [3, 4], [7]]",[1.4273856  0.07997568 0.11189972 0.51796485]
385,0.04684017450409428,"[[np.int64(0), 3, 7], [np.int64(1)], [np.int64(2), 4], [5, 6]]",[0.57746367 0.10076897 0.1145772  1.34429612]
386,0.04732933669127615,"[[np.int64(0), 4], [np.int64(1), 5, 6], [np.int64(2), 3], [7]]",[0.08233896 1.37511442 0.16119856 0.51796485]
387,0.04784503922369732,"[[np.int64(0), 7], [np.int64(1), 5, 6], [np.int64(2), 4], [np.int64(3)]]",[0.56691184 1.37511442 0.1145772  0.07949763]
388,0.047974442359125735,"[[np.int64(0)], [np.int64(1), 4, 7], [np.int64(2)], [np.int64(3), 5, 6]]",[0.05946881 0.65941785 0.07997568 1.33710936]
389,0.048062122043628364,"[[np.int64(0), 3], [np.int64(1)], [np.int64(2), 5, 7], [4, 6]]",[0.14933456 0.10076897 1.28711445 0.59866603]
390,0.048827200290623374,"[[np.int64(0), 3, 4], [np.int64(1), 5, 6], [np.int64(2)], [7]]",[0.16206398 1.37511442 0.07997568 0.51796485]
391,0.048874960646165366,"[[np.int64(0)], [np.int64(1), 3], [np.int64(2), 5, 7], [4, 6]]",[0.05946881 0.18982188 1.28711445 0.59866603]
392,0.04919245492725155,"[[np.int64(0), 3, 7], [np.int64(1), 4], [np.int64(2)], [5, 6]]",[0.57746367 0.1330182  0.07997568 1.34429612]
393,0.049387240843886016,"[[np.int64(0), 2, 3, 6], [np.int64(1)], [4], [5, 7]]",[0.68489179 0.10076897 0.04254282 1.30635531]
394,0.050044465405169714,"[[np.int64(0), 7], [np.int64(1), 5, 6], [np.int64(2)], [np.int64(3), 4]]",[0.56691184 1.37511442 0.07997568 0.11189972]
395,0.050150101502704825,"[[np.int64(0), 3], [np.int64(1), 5, 6], [np.int64(2), 7], [4]]",[0.14933456 1.37511442 0.56680423 0.04254282]
396,0.0509991660160809,"[[np.int64(0)], [np.int64(1), 5, 7], [np.int64(2)], [np.int64(3), 4, 6]]",[0.05946881 1.35445737 0.07997568 0.63904511]
397,0.051160809734657864,"[[np.int64(0), 3, 5, 6], [np.int64(1), 7], [np.int64(2)], [4]]",[1.39903295 0.61123388 0.07997568 0.04254282]
398,0.05156862604441059,"[[np.int64(0)], [np.int64(1)], [np.int64(2), 7], [np.int64(3), 4, 5, 6]]",[0.05946881 0.10076897 0.56680423 1.4053355 ]
399,0.05159739864518009,"[[np.int64(0)], [np.int64(1), 2, 4], [3, 5, 6], [7]]",[0.05946881 0.21780572 1.33710936 0.51796485]
400,0.051602171612807,"[[np.int64(0), 3, 5, 6], [np.int64(1)], [np.int64(2), 4], [7]]",[1.39903295 0.10076897 0.1145772  0.51796485]
401,0.052369944292355974,"[[np.int64(0), np.int64(1), 3], [2, 5, 7], [4], [6]]",[0.26037451 1.28711445 0.04254282 0.54154441]
402,0.052524786839545534,"[[np.int64(0)], [np.int64(1), 5, 6], [np.int64(2), 4, 7], [np.int64(3)]]",[0.05946881 1.37511442 0.61734049 0.07949763]
403,0.05264403421173647,"[[np.int64(0), np.int64(1), 5, 7], [2, 4], [3], [6]]",[1.39568287 0.1145772  0.07949763 0.54154441]
404,0.05275159618157632,"[[np.int64(0), 5, 7], [np.int64(1), 3], [np.int64(2), 6], [4]]",[1.34686509 0.18982188 0.55196474 0.04254282]
405,0.052772881884428635,"[[np.int64(0), np.int64(1)], [2, 6], [3, 4], [5, 7]]",[0.16095348 0.55196474 0.11189972 1.30635531]
406,0.05277752740362507,"[[np.int64(0), 3, 4, 7], [np.int64(1)], [np.int64(2)], [5, 6]]",[0.60612783 0.10076897 0.07997568 1.34429612]
407,0.053035167824840634,"[[np.int64(0), 4], [np.int64(1), 2], [3, 5, 6], [7]]",[0.08233896 0.1934978  1.33710936 0.51796485]
408,0.05334124882112068,"[[np.int64(0), np.int64(1)], [2, 4], [3, 5, 6], [7]]",[0.16095348 0.1145772  1.33710936 0.51796485]
409,0.05334774761276151,"[[np.int64(0)], [np.int64(1), 2, 3, 7], [4], [5, 6]]",[0.05946881 0.68429064 0.04254282 1.34429612]
410,0.053465241235585825,"[[np.int64(0), 4], [np.int64(1), 3], [np.int64(2), 6], [5, 7]]",[0.08233896 0.18982188 0.55196474 1.30635531]
411,0.05395445203596427,"[[np.int64(0), 3, 5, 6], [np.int64(1), 4], [np.int64(2)], [7]]",[1.39903295 0.1330182  0.07997568 0.51796485]
412,0.05422689823739768,"[[np.int64(0)], [np.int64(1), 3, 4], [np.int64(2), 6], [5, 7]]",[0.05946881 0.21193038 0.55196474 1.30635531]
413,0.05459980936546005,"[[np.int64(0), 5, 6], [np.int64(1)], [np.int64(2), 4], [np.int64(3), 7]]",[1.39585159 0.10076897 0.1145772  0.51814856]
414,0.054843460393208865,"[[np.int64(0), np.int64(1), 5, 7], [2], [3, 4], [6]]",[1.39568287 0.07997568 0.11189972 0.54154441]
415,0.05566937605509281,"[[np.int64(0), 5, 7], [np.int64(1)], [np.int64(2), 4, 6], [np.int64(3)]]",[1.34686509 0.10076897 0.60114506 0.07949763]
416,0.05603793750615793,"[[np.int64(0), 2, 4], [np.int64(1)], [3, 7], [5, 6]]",[0.16469454 0.10076897 0.51814856 1.34429612]
417,0.056362502006654935,"[[np.int64(0), 4], [np.int64(1), 3, 7], [np.int64(2)], [5, 6]]",[0.08233896 0.62097287 0.07997568 1.34429612]
418,0.05695208978861732,"[[np.int64(0), 5, 6], [np.int64(1), 4], [np.int64(2)], [np.int64(3), 7]]",[1.39585159 0.1330182  0.07997568 0.51814856]
419,0.05734418149187226,"[[np.int64(0)], [np.int64(1), 2, 3], [4, 6, 7], [5]]",[0.05946881 0.28427595 1.23398519 0.548872  ]
420,0.057587795203827064,"[[np.int64(0), np.int64(1), np.int64(2)], [3], [4, 6, 7], [5]]",[0.26400351 0.07949763 1.23398519 0.548872  ]
421,0.057714532387472595,"[[np.int64(0), np.int64(1)], [2, 5, 7], [3], [4, 6]]",[0.16095348 1.28711445 0.07949763 0.59866603]
422,0.0579887175344016,"[[np.int64(0), 2, 3, 7], [np.int64(1)], [4], [5, 6]]",[0.6383495  0.10076897 0.04254282 1.34429612]
423,0.05825658852881066,"[[np.int64(0), 3], [np.int64(1), 2], [4, 6, 7], [5]]",[0.14933456 0.1934978  1.23398519 0.548872  ]
424,0.05881596775166553,"[[np.int64(0), 3], [np.int64(1)], [np.int64(2), 4, 5, 6], [7]]",[0.14933456 0.10076897 1.35706179 0.51796485]
425,0.05896328303959919,"[[np.int64(0), 2, 3], [np.int64(1)], [4, 6, 7], [5]]",[0.24135669 0.10076897 1.23398519 0.548872  ]
426,0.05903451003518523,"[[np.int64(0)], [np.int64(1), 2, 4, 6], [3], [5, 7]]",[0.05946881 0.67958988 0.07949763 1.30635531]
427,0.059628806354202535,"[[np.int64(0)], [np.int64(1), 3], [np.int64(2), 4, 5, 6], [7]]",[0.05946881 0.18982188 1.35706179 0.51796485]
428,0.060375387583818885,"[[np.int64(0), 4, 7], [np.int64(1)], [np.int64(2)], [np.int64(3), 5, 6]]",[0.60571674 0.10076897 0.07997568 1.33710936]
429,0.0607188278934796,"[[np.int64(0), 2, 7], [np.int64(1), 5, 6], [3], [4]]",[0.62607243 1.37511442 0.07949763 0.04254282]
430,0.06073874950884539,"[[np.int64(0), np.int64(1), 3], [2], [4, 6, 7], [5]]",[0.26037451 0.07997568 1.23398519 0.548872  ]
431,0.06150136728161204,"[[np.int64(0), 2], [np.int64(1), 3], [4, 6, 7], [5]]",[0.14976569 0.18982188 1.23398519 0.548872  ]
432,0.061556900162965,"[[np.int64(0)], [np.int64(1), 7], [np.int64(2), 4], [np.int64(3), 5, 6]]",[0.05946881 0.61123388 0.1145772  1.33710936]
433,0.06279313648564022,"[[np.int64(0), 3, 4], [np.int64(1)], [np.int64(2), 6], [5, 7]]",[0.16206398 0.10076897 0.55196474 1.30635531]
434,0.06292989314531638,"[[np.int64(0), 6], [np.int64(1), 3], [np.int64(2), 5, 7], [4]]",[0.60153708 0.18982188 1.28711445 0.04254282]
435,0.0633785449223927,"[[np.int64(0)], [np.int64(1), 5, 7], [np.int64(2), 4], [np.int64(3), 6]]",[0.05946881 1.35445737 0.1145772  0.59206421]
436,0.06340841564622401,"[[np.int64(0), 2, 4], [np.int64(1)], [3, 5, 6], [7]]",[0.16469454 0.10076897 1.33710936 0.51796485]
437,0.06342170110985501,"[[np.int64(0), np.int64(1), 7], [2], [3, 5, 6], [4]]",[0.66089657 0.07997568 1.33710936 0.04254282]
438,0.0645787685368786,"[[np.int64(0), 7], [np.int64(1)], [np.int64(2), 4], [np.int64(3), 5, 6]]",[0.56691184 0.10076897 0.1145772  1.33710936]
439,0.06551915321016555,"[[np.int64(0)], [np.int64(1), 2, 6], [3, 4], [5, 7]]",[0.05946881 0.64070315 0.11189972 1.30635531]
440,0.06645269969623291,"[[np.int64(0), np.int64(1), np.int64(2), np.int64(3)], [4], [5], [6, 7]]",[0.36514978 0.04254282 0.548872   1.16092882]
441,0.06661247537765114,"[[np.int64(0)], [np.int64(1), 2, 3], [4, 5], [6, 7]]",[0.05946881 0.28427595 0.61266008 1.16092882]
442,0.06685608908960639,"[[np.int64(0), np.int64(1), np.int64(2)], [3], [4, 5], [6, 7]]",[0.26400351 0.07949763 0.61266008 1.16092882]
443,0.06693104896003632,"[[np.int64(0), 7], [np.int64(1), 4], [np.int64(2)], [np.int64(3), 5, 6]]",[0.56691184 0.1330182  0.07997568 1.33710936]
444,0.06706805415856643,"[[np.int64(0), 2, 5, 7], [np.int64(1)], [3], [4, 6]]",[1.33794544 0.10076897 0.07949763 0.59866603]
445,0.06744051738018975,"[[np.int64(0), np.int64(1)], [2, 3, 7], [4], [5, 6]]",[0.16095348 0.56871319 0.04254282 1.34429612]
446,0.0675248824145891,"[[np.int64(0), 3], [np.int64(1), 2], [4, 5], [6, 7]]",[0.14933456 0.1934978  0.61266008 1.16092882]
447,0.06771584498207961,"[[np.int64(0), np.int64(1), 5, 6], [2, 7], [3], [4]]",[1.4273856  0.56680423 0.07949763 0.04254282]
448,0.06799571604926813,"[[np.int64(0), np.int64(1), 4], [2], [3, 7], [5, 6]]",[0.17353005 0.07997568 0.51814856 1.34429612]
449,0.06823157692537851,"[[np.int64(0), 2, 3], [np.int64(1)], [4, 5], [6, 7]]",[0.24135669 0.10076897 0.61266008 1.16092882]
450,0.06846837809550976,"[[np.int64(0), np.int64(1)], [2, 4, 5, 6], [3], [7]]",[0.16095348 1.35706179 0.07949763 0.51796485]
451,0.0685540726352043,"[[np.int64(0)], [np.int64(1), 6], [np.int64(2), 4, 5, 7], [np.int64(3)]]",[0.05946881 0.61752967 1.35889596 0.07949763]
452,0.06912835872810685,"[[np.int64(0)], [np.int64(1), 4, 5, 7], [np.int64(2), 6], [np.int64(3)]]",[0.05946881 1.4238866  0.55196474 0.07949763]
453,0.06925851615272727,"[[np.int64(0)], [np.int64(1)], [np.int64(2), 4, 7], [np.int64(3), 5, 6]]",[0.05946881 0.10076897 0.61734049 1.33710936]
454,0.06988472744518992,"[[np.int64(0), np.int64(1)], [2, 3, 6], [4], [5, 7]]",[0.16095348 0.6042098  0.04254282 1.30635531]
455,0.07000704339462471,"[[np.int64(0), np.int64(1), 3], [2], [4, 5], [6, 7]]",[0.26037451 0.07997568 0.61266008 1.16092882]
456,0.07030352622577762,"[[np.int64(0)], [np.int64(1)], [np.int64(2), 3, 4, 7], [5, 6]]",[0.05946881 0.10076897 0.60910871 1.34429612]
457,0.07065895124801536,"[[np.int64(0)], [np.int64(1), 5, 6], [np.int64(2), 7], [np.int64(3), 4]]",[0.05946881 1.37511442 0.56680423 0.11189972]
458,0.07076397637033605,"[[np.int64(0), 3], [np.int64(1)], [np.int64(2), 5, 6], [4, 7]]",[0.14933456 0.10076897 1.28663622 0.57644241]
459,0.07076966116739047,"[[np.int64(0), 2], [np.int64(1), 3], [4, 5], [6, 7]]",[0.14976569 0.18982188 0.61266008 1.16092882]
460,0.07102060232450214,"[[np.int64(0)], [np.int64(1), 2], [3, 4, 5, 7], [6]]",[0.05946881 0.1934978  1.31841452 0.54154441]
461,0.07157681497287349,"[[np.int64(0)], [np.int64(1), 3], [np.int64(2), 5, 6], [4, 7]]",[0.05946881 0.18982188 1.28663622 0.57644241]
462,0.07199874868248379,"[[np.int64(0)], [np.int64(1), 2, 7], [3, 5, 6], [4]]",[0.05946881 0.6728264  1.33710936 0.04254282]
463,0.07208084420652572,"[[np.int64(0), 2, 4, 5, 7], [np.int64(1)], [3], [6]]",[1.39005428 0.10076897 0.07949763 0.54154441]
464,0.0720915819561685,"[[np.int64(0), 2, 5, 7], [np.int64(1), 3], [4], [6]]",[1.33794544 0.18982188 0.04254282 0.54154441]
465,0.0724476073243494,"[[np.int64(0), 5, 7], [np.int64(1)], [np.int64(2), 6], [np.int64(3), 4]]",[1.34686509 0.10076897 0.55196474 0.11189972]
466,0.07259840107116933,"[[np.int64(0), np.int64(1), 4], [2, 6], [3], [5, 7]]",[0.17353005 0.55196474 0.07949763 1.30635531]
467,0.07260046156603472,"[[np.int64(0), 5, 7], [np.int64(1), 4], [np.int64(2), 6], [np.int64(3)]]",[1.34686509 0.1330182  0.55196474 0.07949763]
468,0.07274818809207906,"[[np.int64(0)], [np.int64(1)], [np.int64(2), 4, 5, 7], [np.int64(3), 6]]",[0.05946881 0.10076897 1.35889596 0.59206421]
469,0.07293451522568883,"[[np.int64(0), 3], [np.int64(1), 4], [np.int64(2), 5, 7], [6]]",[0.14933456 0.1330182  1.28711445 0.54154441]
470,0.07307572148074559,"[[np.int64(0)], [np.int64(1), 2, 3, 6], [4], [5, 7]]",[0.05946881 0.70250348 0.04254282 1.30635531]
471,0.07328825743690226,"[[np.int64(0), 4], [np.int64(1), 7], [np.int64(2)], [np.int64(3), 5, 6]]",[0.08233896 0.61123388 0.07997568 1.33710936]
472,0.07345254247476607,"[[np.int64(0), 2], [np.int64(1)], [3, 4, 5, 7], [6]]",[0.14976569 0.10076897 1.31841452 0.54154441]
473,0.07368055159344555,"[[np.int64(0), np.int64(1), 5, 7], [2], [3, 6], [4]]",[1.39568287 0.07997568 0.59206421 0.04254282]
474,0.07410366942999058,"[[np.int64(0)], [np.int64(1)], [np.int64(2), 3, 4, 6], [5, 7]]",[0.05946881 0.10076897 0.64324938 1.30635531]
475,0.07433743924862046,"[[np.int64(0), 5, 7], [np.int64(1), 2, 6], [3], [4]]",[1.34686509 0.64070315 0.07949763 0.04254282]
476,0.07479716395141711,"[[np.int64(0), 3, 5, 6], [np.int64(1)], [np.int64(2), 7], [4]]",[1.39903295 0.10076897 0.56680423 0.04254282]
477,0.07505108430262997,"[[np.int64(0), 4], [np.int64(1), 2, 6], [3], [5, 7]]",[0.08233896 0.64070315 0.07949763 1.30635531]
478,0.07510990219632951,"[[np.int64(0), 4], [np.int64(1), 5, 7], [np.int64(2)], [np.int64(3), 6]]",[0.08233896 1.35445737 0.07997568 0.59206421]
479,0.07536619418933377,"[[np.int64(0), np.int64(1), 4], [2], [3, 5, 6], [7]]",[0.17353005 0.07997568 1.33710936 0.51796485]
480,0.07606955606459476,"[[np.int64(0), 5, 6], [np.int64(1)], [np.int64(2), 3, 7], [4]]",[1.39585159 0.10076897 0.56871319 0.04254282]
481,0.07642773175827688,"[[np.int64(0), np.int64(1), 3], [2, 5, 6], [4], [7]]",[0.26037451 1.28663622 0.04254282 0.51796485]
482,0.07653624115973079,"[[np.int64(0), np.int64(1)], [2, 7], [3, 5, 6], [4]]",[0.16095348 0.56680423 1.33710936 0.04254282]
483,0.07668402943735408,"[[np.int64(0)], [np.int64(1), 7], [np.int64(2), 4, 5, 6], [np.int64(3)]]",[0.05946881 0.61123388 1.35706179 0.07949763]
484,0.07706191014569219,"[[np.int64(0), 5], [np.int64(1), 2], [3], [4, 6, 7]]",[0.59990361 0.1934978  0.07949763 1.23398519]
485,0.07745255720666133,"[[np.int64(0), 2, 7], [np.int64(1)], [3, 5, 6], [4]]",[0.62607243 0.10076897 1.33710936 0.04254282]
486,0.07757903029276969,"[[np.int64(0), 4, 6], [np.int64(1)], [np.int64(2), 5, 7], [np.int64(3)]]",[0.63898605 0.10076897 1.28711445 0.07949763]
487,0.07844981102334092,"[[np.int64(0)], [np.int64(1), 4], [np.int64(2), 3, 7], [5, 6]]",[0.05946881 0.1330182  0.56871319 1.34429612]
488,0.07872422172975746,"[[np.int64(0), 2, 5, 6], [np.int64(1)], [3], [4, 7]]",[1.3485129  0.10076897 0.07949763 0.57644241]
489,0.0789368970522708,"[[np.int64(0), np.int64(1)], [2, 3], [4, 6, 7], [5]]",[0.16095348 0.16119856 1.23398519 0.548872  ]
490,0.07970589781126769,"[[np.int64(0), 7], [np.int64(1)], [np.int64(2), 4, 5, 6], [np.int64(3)]]",[0.56691184 0.10076897 1.35706179 0.07949763]
491,0.08019088234047977,"[[np.int64(0), 4], [np.int64(1), 5, 6], [np.int64(2), 7], [np.int64(3)]]",[0.08233896 1.37511442 0.56680423 0.07949763]
492,0.08025977667460182,"[[np.int64(0), 5], [np.int64(1), 3], [np.int64(2)], [4, 6, 7]]",[0.59990361 0.18982188 0.07997568 1.23398519]
493,0.08041638671418028,"[[np.int64(0), np.int64(1)], [2, 5, 6], [3], [4, 7]]",[0.16095348 1.28663622 0.07949763 0.57644241]
494,0.0808940210883411,"[[np.int64(0)], [np.int64(1), 4], [np.int64(2), 3, 6], [5, 7]]",[0.05946881 0.1330182  0.6042098  1.30635531]
495,0.08243407132784775,"[[np.int64(0), np.int64(1)], [2, 5, 7], [3, 4], [6]]",[0.16095348 1.28711445 0.11189972 0.54154441]
496,0.08262590428808947,"[[np.int64(0), 6], [np.int64(1)], [np.int64(2), 5, 7], [np.int64(3), 4]]",[0.60153708 0.10076897 1.28711445 0.11189972]
497,0.08277875852977434,"[[np.int64(0), 6], [np.int64(1), 4], [np.int64(2), 5, 7], [np.int64(3)]]",[0.60153708 0.1330182  1.28711445 0.07949763]
498,0.083058040594719,"[[np.int64(0), np.int64(1)], [2], [3, 4, 5, 7], [6]]",[0.16095348 0.07997568 1.31841452 0.54154441]
499,0.08312643067900538,"[[np.int64(0), 4], [np.int64(1), 3], [np.int64(2), 5, 7], [6]]",[0.08233896 0.18982188 1.28711445 0.54154441]
500,0.08316537064840279,"[[np.int64(0)], [np.int64(1), 4, 5, 6], [np.int64(2)], [np.int64(3), 7]]",[0.05946881 1.44318771 0.07997568 0.51814856]
501,0.08324987355496027,"[[np.int64(0), 6], [np.int64(1)], [np.int64(2)], [np.int64(3), 4, 5, 7]]",[0.60153708 0.10076897 0.07997568 1.31841452]
502,0.08348105104012582,"[[np.int64(0)], [np.int64(1), 2], [3, 5, 7], [4, 6]]",[0.05946881 0.1934978  1.24883245 0.59866603]
503,0.08388808768081724,"[[np.int64(0)], [np.int64(1), 3, 4], [np.int64(2), 5, 7], [6]]",[0.05946881 0.21193038 1.28711445 0.54154441]
504,0.0851036826665732,"[[np.int64(0), 2, 5, 6], [np.int64(1), 3], [4], [7]]",[1.3485129  0.18982188 0.04254282 0.51796485]
505,0.0851696820323693,"[[np.int64(0), 2, 6], [np.int64(1), 5, 7], [3], [4]]",[0.62227862 1.35445737 0.07949763 0.04254282]
506,0.08564664239711117,"[[np.int64(0), 3], [np.int64(1), 5, 7], [np.int64(2), 6], [4]]",[0.14933456 1.35445737 0.55196474 0.04254282]
507,0.08591299119038975,"[[np.int64(0), 2], [np.int64(1)], [3, 5, 7], [4, 6]]",[0.14976569 0.10076897 1.24883245 0.59866603]
508,0.08644887805614321,"[[np.int64(0), 2, 4, 5, 6], [np.int64(1)], [3], [7]]",[1.3992658  0.10076897 0.07949763 0.51796485]
509,0.08702294691020773,"[[np.int64(0), np.int64(1), np.int64(2)], [3, 5, 7], [4], [6]]",[0.26400351 1.24883245 0.04254282 0.54154441]
510,0.08742463672736633,"[[np.int64(0), 3], [np.int64(1), 6], [np.int64(2), 5, 7], [4]]",[0.14933456 0.61752967 1.28711445 0.04254282]
511,0.08754553480288152,"[[np.int64(0)], [np.int64(1), 4], [np.int64(2), 7], [np.int64(3), 5, 6]]",[0.05946881 0.1330182  0.56680423 1.33710936]
512,0.08782888787412002,"[[np.int64(0), 4], [np.int64(1)], [np.int64(2), 3, 7], [5, 6]]",[0.08233896 0.10076897 0.56871319 1.34429612]
513,0.08789093988555852,"[[np.int64(0), 6, 7], [np.int64(1), 2], [3], [4, 5]]",[1.21039969 0.1934978  0.07949763 0.61266008]
514,0.08808980832530855,"[[np.int64(0), 5], [np.int64(1)], [np.int64(2), 3], [4, 6, 7]]",[0.59990361 0.10076897 0.16119856 1.23398519]
515,0.08820519093805013,"[[np.int64(0), np.int64(1)], [2, 3], [4, 5], [6, 7]]",[0.16095348 0.16119856 0.61266008 1.16092882]
516,0.08937726087316467,"[[np.int64(0)], [np.int64(1), 5, 7], [np.int64(2), 4, 6], [np.int64(3)]]",[0.05946881 1.35445737 0.60114506 0.07949763]
517,0.08955945288511158,"[[np.int64(0), 5, 7], [np.int64(1)], [np.int64(2), 3, 6], [4]]",[1.34686509 0.10076897 0.6042098  0.04254282]
518,0.09027309793912064,"[[np.int64(0), 4], [np.int64(1)], [np.int64(2), 3, 6], [5, 7]]",[0.08233896 0.10076897 0.6042098  1.30635531]
519,0.09057629969380043,"[[np.int64(0)], [np.int64(1), 3, 5, 6], [np.int64(2)], [4, 7]]",[0.05946881 1.37748294 0.07997568 0.57644241]
520,0.09108880641446815,"[[np.int64(0), 6, 7], [np.int64(1), 3], [np.int64(2)], [4, 5]]",[1.21039969 0.18982188 0.07997568 0.61266008]
521,0.09109487959560747,"[[np.int64(0), 3, 6], [np.int64(1)], [np.int64(2), 5, 7], [4]]",[0.66242501 0.10076897 1.28711445 0.04254282]
522,0.09112130535087815,"[[np.int64(0)], [np.int64(1), 3, 4, 5, 6], [np.int64(2)], [7]]",[0.05946881 1.43541549 0.07997568 0.51796485]
523,0.09178759309894158,"[[np.int64(0), 2, 5, 7], [np.int64(1)], [3, 4], [6]]",[1.33794544 0.10076897 0.11189972 0.54154441]
524,0.0919404473406269,"[[np.int64(0), 2, 5, 7], [np.int64(1), 4], [3], [6]]",[1.33794544 0.1330182  0.07949763 0.54154441]
525,0.09245432592905978,"[[np.int64(0), 3, 4], [np.int64(1)], [np.int64(2), 5, 7], [6]]",[0.16206398 0.10076897 1.28711445 0.54154441]
526,0.09350753562657665,"[[np.int64(0)], [np.int64(1), 4, 6], [np.int64(2), 5, 7], [np.int64(3)]]",[0.05946881 0.66435771 1.28711445 0.07949763]
527,0.09397771202355365,"[[np.int64(0)], [np.int64(1), 2, 4, 5, 7], [3], [6]]",[0.05946881 1.40945758 0.07949763 0.54154441]
528,0.09419866039030289,"[[np.int64(0), 3], [np.int64(1), 7], [np.int64(2), 5, 6], [4]]",[0.14933456 0.61123388 1.28663622 0.04254282]
529,0.09551848931034268,"[[np.int64(0), np.int64(1)], [2], [3, 5, 7], [4, 6]]",[0.16095348 0.07997568 1.24883245 0.59866603]
530,0.09618983425197047,"[[np.int64(0), 2], [np.int64(1), 3, 5, 6], [4], [7]]",[0.14976569 1.37748294 0.04254282 0.51796485]
531,0.09629493053081672,"[[np.int64(0), 5], [np.int64(1), 2, 3], [4], [6, 7]]",[0.59990361 0.28427595 0.04254282 1.16092882]
532,0.09655317448257739,"[[np.int64(0), np.int64(1), 6], [2, 5, 7], [3], [4]]",[0.67823805 1.28711445 0.07949763 0.04254282]
533,0.09692461165366151,"[[np.int64(0), 4], [np.int64(1)], [np.int64(2), 7], [np.int64(3), 5, 6]]",[0.08233896 0.10076897 0.56680423 1.33710936]
534,0.09699230269160974,"[[np.int64(0), 3], [np.int64(1), 4], [np.int64(2), 5, 6], [7]]",[0.14933456 0.1330182  1.28663622 0.51796485]
535,0.09753598353927684,"[[np.int64(0), 6], [np.int64(1), 2], [3, 5, 7], [4]]",[0.60153708 0.1934978  1.24883245 0.04254282]
536,0.09754879684176565,"[[np.int64(0)], [np.int64(1)], [np.int64(2), 5, 7], [np.int64(3), 4, 6]]",[0.05946881 0.10076897 1.28711445 0.63904511]
537,0.09785566638490417,"[[np.int64(0), 6, 7], [np.int64(1), 2, 3], [4], [5]]",[1.21039969 0.28427595 0.04254282 0.548872  ]
538,0.0980333673667535,"[[np.int64(0), 7], [np.int64(1), 3], [np.int64(2), 5, 6], [4]]",[0.56691184 0.18982188 1.28663622 0.04254282]
539,0.0982420723711992,"[[np.int64(0), np.int64(1), np.int64(2)], [3, 4], [5], [6, 7]]",[0.26400351 0.11189972 0.548872   1.16092882]
540,0.09829531094483501,"[[np.int64(0), 4, 6, 7], [np.int64(1), 2], [3], [5]]",[1.26378339 0.1934978  0.07949763 0.548872  ]
541,0.0983439988263739,"[[np.int64(0)], [np.int64(1), 2, 5, 7], [3], [4, 6]]",[0.05946881 1.34796966 0.07949763 0.59866603]
542,0.09837463340208563,"[[np.int64(0), 2], [np.int64(1), 5, 6], [3, 7], [4]]",[0.14976569 1.37511442 0.51814856 0.04254282]
543,0.09891883806517487,"[[np.int64(0), 6, 7], [np.int64(1)], [np.int64(2), 3], [4, 5]]",[1.21039969 0.10076897 0.16119856 0.61266008]
544,0.09892562615030087,"[[np.int64(0)], [np.int64(1), 4, 7], [np.int64(2), 5, 6], [np.int64(3)]]",[0.05946881 0.65941785 1.28663622 0.07949763]
545,0.09919360049474557,"[[np.int64(0), np.int64(1), 3], [2, 4], [5], [6, 7]]",[0.26037451 0.1145772  0.548872   1.16092882]
546,0.09977041444865709,"[[np.int64(0), 2, 3], [np.int64(1), 4], [5], [6, 7]]",[0.24135669 0.1330182  0.548872   1.16092882]
547,0.10127116252808488,"[[np.int64(0), np.int64(1)], [2, 5, 7], [3, 6], [4]]",[0.16095348 1.28711445 0.59206421 0.04254282]
548,0.10149317747374464,"[[np.int64(0), 4, 6, 7], [np.int64(1), 3], [np.int64(2)], [5]]",[1.26378339 0.18982188 0.07997568 0.548872  ]
549,0.10215890574972475,"[[np.int64(0), 2, 5, 6], [np.int64(1), 7], [3], [4]]",[1.3485129  0.61123388 0.07949763 0.04254282]
550,0.10225959051458844,"[[np.int64(0), np.int64(1), 4], [2, 5, 7], [3], [6]]",[0.17353005 1.28711445 0.07949763 0.54154441]
551,0.10255468802143941,"[[np.int64(0), 3], [np.int64(1), 2, 5, 7], [4], [6]]",[0.14933456 1.34796966 0.04254282 0.54154441]
552,0.10290183269650699,"[[np.int64(0)], [np.int64(1), 5, 6], [np.int64(2)], [np.int64(3), 4, 7]]",[0.05946881 1.37511442 0.07997568 0.56648539]
553,0.10334054961473393,"[[np.int64(0), np.int64(1), 3, 5, 6], [2], [4], [7]]",[1.44012223 0.07997568 0.04254282 0.51796485]
554,0.10479969380934584,"[[np.int64(0), 2, 5, 6], [np.int64(1)], [3, 4], [7]]",[1.3485129  0.10076897 0.11189972 0.51796485]
555,0.10482509885754476,"[[np.int64(0), 3, 5, 7], [np.int64(1)], [np.int64(2)], [4, 6]]",[1.29971035 0.10076897 0.07997568 0.59866603]
556,0.10495254805103116,"[[np.int64(0), 2, 5, 6], [np.int64(1), 4], [3], [7]]",[1.3485129  0.1330182  0.07949763 0.51796485]
557,0.10600286897652733,"[[np.int64(0), 4, 5], [np.int64(1), 2], [3], [6, 7]]",[0.64401901 0.1934978  0.07949763 1.16092882]
558,0.10615549214242126,"[[np.int64(0)], [np.int64(1), 5, 7], [np.int64(2), 6], [np.int64(3), 4]]",[0.05946881 1.35445737 0.55196474 0.11189972]
559,0.10643056884230395,"[[np.int64(0), 2, 5, 7], [np.int64(1), 6], [3], [4]]",[1.33794544 0.61752967 0.07949763 0.04254282]
560,0.10649185879376866,"[[np.int64(0), np.int64(1)], [2, 5, 6], [3, 4], [7]]",[0.16095348 1.28663622 0.11189972 0.51796485]
561,0.1066507601262372,"[[np.int64(0), 3, 5, 7], [np.int64(1), 2], [4], [6]]",[1.29971035 0.1934978  0.04254282 0.54154441]
562,0.10700502760898667,"[[np.int64(0), 3], [np.int64(1), 2, 4], [5], [6, 7]]",[0.14933456 0.21780572 0.548872   1.16092882]
563,0.10718421814492629,"[[np.int64(0), 4], [np.int64(1), 3], [np.int64(2), 5, 6], [7]]",[0.08233896 0.18982188 1.28663622 0.51796485]
564,0.10753038975170881,"[[np.int64(0), 4], [np.int64(1), 2, 3], [5], [6, 7]]",[0.08233896 0.28427595 0.548872   1.16092882]
565,0.10793348647267642,"[[np.int64(0)], [np.int64(1), 6], [np.int64(2), 5, 7], [np.int64(3), 4]]",[0.05946881 0.61752967 1.28711445 0.11189972]
566,0.10794587514673726,"[[np.int64(0)], [np.int64(1), 3, 4], [np.int64(2), 5, 6], [7]]",[0.05946881 0.21193038 1.28663622 0.51796485]
567,0.10855745573954723,"[[np.int64(0)], [np.int64(1), 6], [np.int64(2)], [np.int64(3), 4, 5, 7]]",[0.05946881 0.61752967 0.07997568 1.31841452]
568,0.10884953534507735,"[[np.int64(0), 3, 7], [np.int64(1), 5, 6], [np.int64(2)], [4]]",[0.57746367 1.37511442 0.07997568 0.04254282]
569,0.10920073550543696,"[[np.int64(0), 4, 5], [np.int64(1), 3], [np.int64(2)], [6, 7]]",[0.64401901 0.18982188 0.07997568 1.16092882]
570,0.10932320912445137,"[[np.int64(0), 4, 6, 7], [np.int64(1)], [np.int64(2), 3], [5]]",[1.26378339 0.10076897 0.16119856 0.548872  ]
571,0.11062468429917827,"[[np.int64(0), 2, 5, 7], [np.int64(1)], [3, 6], [4]]",[1.33794544 0.10076897 0.59206421 0.04254282]
572,0.11078538437245022,"[[np.int64(0), 2], [np.int64(1), 4], [3, 5, 7], [6]]",[0.14976569 0.1330182  1.24883245 0.54154441]
573,0.11132657137499358,"[[np.int64(0), 4, 7], [np.int64(1)], [np.int64(2), 5, 6], [np.int64(3)]]",[0.60571674 0.10076897 1.28663622 0.07949763]
574,0.1120373150869769,"[[np.int64(0), 3, 4, 5, 7], [np.int64(1)], [np.int64(2)], [6]]",[1.34961976 0.10076897 0.07997568 0.54154441]
575,0.11228045617123517,"[[np.int64(0)], [np.int64(1), 4], [np.int64(2), 5, 7], [np.int64(3), 6]]",[0.05946881 0.1330182  1.28711445 0.59206421]
576,0.11239893132552492,"[[np.int64(0), 6], [np.int64(1), 2, 5, 7], [3], [4]]",[0.60153708 1.34796966 0.07949763 0.04254282]
577,0.11244923254326045,"[[np.int64(0), 2], [np.int64(1), 3, 4], [5], [6, 7]]",[0.14976569 0.21193038 0.548872   1.16092882]
578,0.11256168162260449,"[[np.int64(0), 3], [np.int64(1), 6, 7], [np.int64(2)], [4, 5]]",[0.14933456 1.22941414 0.07997568 0.61266008]
579,0.1126085938464958,"[[np.int64(0), 2], [np.int64(1), 6, 7], [3], [4, 5]]",[0.14976569 1.22941414 0.07949763 0.61266008]
580,0.11358697583110189,"[[np.int64(0), 3], [np.int64(1), 4, 6, 7], [np.int64(2)], [5]]",[0.14933456 1.29217692 0.07997568 0.548872  ]
581,0.11363388805499319,"[[np.int64(0), 2], [np.int64(1), 4, 6, 7], [3], [5]]",[0.14976569 1.29217692 0.07949763 0.548872  ]
582,0.11425807263200172,"[[np.int64(0), np.int64(1), 5, 7], [2, 6], [3], [4]]",[1.39568287 0.55196474 0.07949763 0.04254282]
583,0.11437288490103015,"[[np.int64(0), np.int64(1), 7], [2, 5, 6], [3], [4]]",[0.66089657 1.28663622 0.07949763 0.04254282]
584,0.11445234559191597,"[[np.int64(0)], [np.int64(1), 3, 5, 6], [np.int64(2), 4], [7]]",[0.05946881 1.37748294 0.1145772  0.51796485]
585,0.11470751013561298,"[[np.int64(0)], [np.int64(1), 7], [np.int64(2), 5, 6], [np.int64(3), 4]]",[0.05946881 0.61123388 1.28663622 0.11189972]
586,0.11538298721564022,"[[np.int64(0), 4, 6], [np.int64(1)], [np.int64(2)], [np.int64(3), 5, 7]]",[0.63898605 0.10076897 0.07997568 1.24883245]
587,0.11568742323488568,"[[np.int64(0), 4], [np.int64(1), 5, 7], [np.int64(2), 6], [np.int64(3)]]",[0.08233896 1.35445737 0.55196474 0.07949763]
588,0.11589346465756822,"[[np.int64(0), np.int64(1), 5, 6], [2], [3, 7], [4]]",[1.4273856  0.07997568 0.51814856 0.04254282]
589,0.11617669126405028,"[[np.int64(0), 3], [np.int64(1), 5], [np.int64(2)], [4, 6, 7]]",[0.14933456 0.60447402 0.07997568 1.23398519]
590,0.11622360348794203,"[[np.int64(0), 2], [np.int64(1), 5], [3], [4, 6, 7]]",[0.14976569 0.60447402 0.07949763 1.23398519]
591,0.11623335442464011,"[[np.int64(0)], [np.int64(1), 2, 3, 4], [5], [6, 7]]",[0.05946881 0.29844315 0.548872   1.16092882]
592,0.11629475189330529,"[[np.int64(0)], [np.int64(1), 2, 4], [3, 5, 7], [6]]",[0.05946881 0.21780572 1.24883245 0.54154441]
593,0.11651211339498024,"[[np.int64(0), 3, 4], [np.int64(1)], [np.int64(2), 5, 6], [7]]",[0.16206398 0.10076897 1.28663622 0.51796485]
594,0.11663714474203157,"[[np.int64(0)], [np.int64(1), 5, 6], [np.int64(2), 4], [np.int64(3), 7]]",[0.05946881 1.37511442 0.1145772  0.51814856]
595,0.11703076715614369,"[[np.int64(0), 4, 5], [np.int64(1)], [np.int64(2), 3], [6, 7]]",[0.64401901 0.10076897 0.16119856 1.16092882]
596,0.11703285208768088,"[[np.int64(0), 7], [np.int64(1), 3, 5, 6], [np.int64(2)], [4]]",[0.56691184 1.37748294 0.07997568 0.04254282]
597,0.11721530038273142,"[[np.int64(0)], [np.int64(1), 3, 6], [np.int64(2), 5, 7], [4]]",[0.05946881 0.67760475 1.28711445 0.04254282]
598,0.11746541756514084,"[[np.int64(0), 4], [np.int64(1), 6], [np.int64(2), 5, 7], [np.int64(3)]]",[0.08233896 0.61752967 1.28711445 0.07949763]
599,0.11771618731306432,"[[np.int64(0), 5], [np.int64(1), 2], [3, 4], [6, 7]]",[0.59990361 0.1934978  0.11189972 1.16092882]
600,0.11772937850952658,"[[np.int64(0), 7], [np.int64(1)], [np.int64(2), 5, 6], [np.int64(3), 4]]",[0.56691184 0.10076897 1.28663622 0.11189972]
601,0.11773252107296539,"[[np.int64(0), 4], [np.int64(1), 2], [3, 5, 7], [6]]",[0.08233896 0.1934978  1.24883245 0.54154441]
602,0.11788223275121146,"[[np.int64(0), 7], [np.int64(1), 4], [np.int64(2), 5, 6], [np.int64(3)]]",[0.56691184 0.1330182  1.28663622 0.07949763]
603,0.11803860206924544,"[[np.int64(0), np.int64(1)], [2, 4], [3, 5, 7], [6]]",[0.16095348 0.1145772  1.24883245 0.54154441]
604,0.1182304350294876,"[[np.int64(0), 6], [np.int64(1)], [np.int64(2), 4], [np.int64(3), 5, 7]]",[0.60153708 0.10076897 0.1145772  1.24883245]
605,0.11858353064123861,"[[np.int64(0), 3, 4], [np.int64(1), 2], [5], [6, 7]]",[0.16206398 0.1934978  0.548872   1.16092882]
606,0.118714627660502,"[[np.int64(0), 5], [np.int64(1), 3], [np.int64(2), 4], [6, 7]]",[0.59990361 0.18982188 0.1145772  1.16092882]
607,0.11927692316715177,"[[np.int64(0), 6, 7], [np.int64(1), 2], [3, 4], [5]]",[1.21039969 0.1934978  0.11189972 0.548872  ]
608,0.1196288832125676,"[[np.int64(0), 2, 4], [np.int64(1), 3], [5], [6, 7]]",[0.16469454 0.18982188 0.548872   1.16092882]
609,0.12027536351458945,"[[np.int64(0), 6, 7], [np.int64(1), 3], [np.int64(2), 4], [5]]",[1.21039969 0.18982188 0.1145772  0.548872  ]
610,0.12058271545264487,"[[np.int64(0), 6], [np.int64(1), 4], [np.int64(2)], [np.int64(3), 5, 7]]",[0.60153708 0.1330182  0.07997568 1.24883245]
611,0.12084491458750257,"[[np.int64(0), np.int64(1), np.int64(2), 5, 7], [3], [4], [6]]",[1.39951636 0.07949763 0.04254282 0.54154441]
612,0.12120455187584867,"[[np.int64(0)], [np.int64(1), 6, 7], [np.int64(2), 3], [4, 5]]",[0.05946881 1.22941414 0.16119856 0.61266008]
613,0.12165953302201515,"[[np.int64(0), 4], [np.int64(1)], [np.int64(2), 5, 7], [np.int64(3), 6]]",[0.08233896 0.10076897 1.28711445 0.59206421]
614,0.12176048174330445,"[[np.int64(0), 2, 3], [np.int64(1), 6, 7], [4], [5]]",[0.24135669 1.22941414 0.04254282 0.548872  ]
615,0.12222984608434562,"[[np.int64(0)], [np.int64(1), 4, 6, 7], [np.int64(2), 3], [5]]",[0.05946881 1.29217692 0.16119856 0.548872  ]
616,0.1230635377667495,"[[np.int64(0)], [np.int64(1), 2, 5, 7], [3, 4], [6]]",[0.05946881 1.34796966 0.11189972 0.54154441]
617,0.12326733770318299,"[[np.int64(0)], [np.int64(1), 5, 7], [np.int64(2), 3, 6], [4]]",[0.05946881 1.35445737 0.6042098  0.04254282]
618,0.1242394412280774,"[[np.int64(0), 4], [np.int64(1), 7], [np.int64(2), 5, 6], [np.int64(3)]]",[0.08233896 0.61123388 1.28663622 0.07949763]
619,0.12481956151729401,"[[np.int64(0)], [np.int64(1), 5], [np.int64(2), 3], [4, 6, 7]]",[0.05946881 0.60447402 0.16119856 1.23398519]
620,0.12527550587412772,"[[np.int64(0), 2], [np.int64(1), 6], [3, 5, 7], [4]]",[0.14976569 0.61752967 1.24883245 0.04254282]
621,0.1258103492258682,"[[np.int64(0), 5], [np.int64(1), 2, 4], [3], [6, 7]]",[0.59990361 0.21780572 0.07949763 1.16092882]
622,0.1260088992290589,"[[np.int64(0), np.int64(1), np.int64(2), 4], [3], [5], [6, 7]]",[0.26863877 0.07949763 0.548872   1.16092882]
623,0.12618370286585368,"[[np.int64(0), 4], [np.int64(1), 3, 5, 6], [np.int64(2)], [7]]",[0.08233896 1.37748294 0.07997568 0.51796485]
624,0.12631737798050935,"[[np.int64(0), np.int64(1), 4], [2, 5, 6], [3], [7]]",[0.17353005 1.28663622 0.07949763 0.51796485]
625,0.12633127719398463,"[[np.int64(0)], [np.int64(1), 2], [3, 5], [4, 6, 7]]",[0.05946881 0.1934978  0.57066307 1.23398519]
626,0.1272315328231466,"[[np.int64(0), 2, 3, 4], [np.int64(1)], [5], [6, 7]]",[0.2461448  0.10076897 0.548872   1.16092882]
627,0.12734521161644796,"[[np.int64(0), 3, 5, 7], [np.int64(1)], [np.int64(2), 4], [6]]",[1.29971035 0.10076897 0.1145772  0.54154441]
628,0.1273710850799561,"[[np.int64(0), 6, 7], [np.int64(1), 2, 4], [3], [5]]",[1.21039969 0.21780572 0.07949763 0.548872  ]
629,0.12753248189076238,"[[np.int64(0), np.int64(1)], [2, 3, 4], [5], [6, 7]]",[0.16095348 0.18565934 0.548872   1.16092882]
630,0.12810576889434877,"[[np.int64(0), 2, 4], [np.int64(1)], [3, 5, 7], [6]]",[0.16469454 0.10076897 1.24883245 0.54154441]
631,0.12836850201596883,"[[np.int64(0), 4], [np.int64(1), 5, 6], [np.int64(2)], [np.int64(3), 7]]",[0.08233896 1.37511442 0.07997568 0.51814856]
632,0.128763217344249,"[[np.int64(0), 2], [np.int64(1)], [3, 5], [4, 6, 7]]",[0.14976569 0.10076897 0.57066307 1.23398519]
633,0.12889693973436644,"[[np.int64(0), 5], [np.int64(1), 4], [np.int64(2), 3], [6, 7]]",[0.59990361 0.1330182  0.16119856 1.16092882]
634,0.12969749203960568,"[[np.int64(0), 3, 5, 7], [np.int64(1), 4], [np.int64(2)], [6]]",[1.29971035 0.1330182  0.07997568 0.54154441]
635,0.1304576755884539,"[[np.int64(0), 6, 7], [np.int64(1), 4], [np.int64(2), 3], [5]]",[1.21039969 0.1330182  0.16119856 0.548872  ]
636,0.13120764193625112,"[[np.int64(0), 5], [np.int64(1), 3, 4], [np.int64(2)], [6, 7]]",[0.59990361 0.21193038 0.07997568 1.16092882]
637,0.13131149254944718,"[[np.int64(0)], [np.int64(1), 4, 6], [np.int64(2)], [np.int64(3), 5, 7]]",[0.05946881 0.66435771 0.07997568 1.24883245]
638,0.13135927971555006,"[[np.int64(0), np.int64(1), 3, 4], [2], [5], [6, 7]]",[0.26281034 0.07997568 0.548872   1.16092882]
639,0.13221203354469946,"[[np.int64(0), np.int64(1), 6, 7], [2], [3], [4, 5]]",[1.27960071 0.07997568 0.07949763 0.61266008]
640,0.13239229744798342,"[[np.int64(0), 5], [np.int64(1), 4, 6, 7], [np.int64(2)], [np.int64(3)]]",[0.59990361 1.29217692 0.07997568 0.07949763]
641,0.13259546885921392,"[[np.int64(0), 4], [np.int64(1), 2, 5, 7], [3], [6]]",[0.08233896 1.34796966 0.07949763 0.54154441]
642,0.13276837779033812,"[[np.int64(0), 6, 7], [np.int64(1), 3, 4], [np.int64(2)], [5]]",[1.21039969 0.21193038 0.07997568 0.548872  ]
643,0.13426630733205736,"[[np.int64(0), np.int64(1), 5], [2], [3], [4, 6, 7]]",[0.65622132 0.07997568 0.07949763 1.23398519]
644,0.13435713140544747,"[[np.int64(0), np.int64(1), 6], [2], [3, 5, 7], [4]]",[0.67823805 0.07997568 1.24883245 0.04254282]
645,0.13464378527052911,"[[np.int64(0), 2, 3], [np.int64(1), 5], [4], [6, 7]]",[0.24135669 0.60447402 0.04254282 1.16092882]
646,0.13573857324410543,"[[np.int64(0), 3], [np.int64(1), 4, 5], [np.int64(2)], [6, 7]]",[0.14933456 0.6579685  0.07997568 1.16092882]
647,0.13578548546799674,"[[np.int64(0), 2], [np.int64(1), 4, 5], [3], [6, 7]]",[0.14976569 0.6579685  0.07949763 1.16092882]
648,0.13667519643167125,"[[np.int64(0)], [np.int64(1), 2, 4, 5, 6], [3], [7]]",[0.05946881 1.39033965 0.07949763 0.51796485]
649,0.13668539316380013,"[[np.int64(0), 5], [np.int64(1)], [np.int64(2), 3, 4], [6, 7]]",[0.59990361 0.10076897 0.18565934 1.16092882]
650,0.137153510844521,"[[np.int64(0), 3, 5], [np.int64(1)], [np.int64(2)], [4, 6, 7]]",[0.63206278 0.10076897 0.07997568 1.23398519]
651,0.1371789616568062,"[[np.int64(0)], [np.int64(1), 3, 4, 5, 7], [np.int64(2)], [6]]",[0.05946881 1.36577828 0.07997568 0.54154441]
652,0.13764733793052608,"[[np.int64(0)], [np.int64(1), 3, 5, 6], [np.int64(2), 7], [4]]",[0.05946881 1.37748294 0.56680423 0.04254282]
653,0.13810689144116672,"[[np.int64(0)], [np.int64(1), 5, 6], [np.int64(2), 3, 7], [4]]",[0.05946881 1.37511442 0.56871319 0.04254282]
654,0.13824612901788758,"[[np.int64(0), 6, 7], [np.int64(1)], [np.int64(2), 3, 4], [5]]",[1.21039969 0.10076897 0.18565934 0.548872  ]
655,0.1383296169560655,"[[np.int64(0)], [np.int64(1), 2, 5, 6], [3], [4, 7]]",[0.05946881 1.33020767 0.07949763 0.57644241]
656,0.13836871546420149,"[[np.int64(0), np.int64(1)], [2], [3, 5], [4, 6, 7]]",[0.16095348 0.07997568 0.57066307 1.23398519]
657,0.13908996787297667,"[[np.int64(0), 3], [np.int64(1)], [np.int64(2), 5], [4, 6, 7]]",[0.14933456 0.10076897 0.56076745 1.23398519]
658,0.13934582227815406,"[[np.int64(0)], [np.int64(1), 3, 5, 7], [np.int64(2)], [4, 6]]",[0.05946881 1.30648979 0.07997568 0.59866603]
659,0.13941669340638407,"[[np.int64(0), np.int64(1), 4], [2, 3], [5], [6, 7]]",[0.17353005 0.16119856 0.548872   1.16092882]
660,0.13990280647551367,"[[np.int64(0)], [np.int64(1), 3], [np.int64(2), 5], [4, 6, 7]]",[0.05946881 0.18982188 0.56076745 1.23398519]
661,0.14006354743745852,"[[np.int64(0), np.int64(1), 4], [2], [3, 5, 7], [6]]",[0.17353005 0.07997568 1.24883245 0.54154441]
662,0.14174823872272535,"[[np.int64(0), 3], [np.int64(1), 6, 7], [np.int64(2), 4], [5]]",[0.14933456 1.22941414 0.1145772  0.548872  ]
663,0.14190062896698574,"[[np.int64(0)], [np.int64(1), 2, 5, 7], [3, 6], [4]]",[0.05946881 1.34796966 0.59206421 0.04254282]
664,0.1435380172140741,"[[np.int64(0)], [np.int64(1), 6], [np.int64(2), 4], [np.int64(3), 5, 7]]",[0.05946881 0.61752967 0.1145772  1.24883245]
665,0.14360342369711088,"[[np.int64(0), 2], [np.int64(1), 3, 5, 7], [4], [6]]",[0.14976569 1.30648979 0.04254282 0.54154441]
666,0.14389623929034379,"[[np.int64(0), 3], [np.int64(1), 2, 5, 6], [4], [7]]",[0.14933456 1.33020767 0.04254282 0.51796485]
667,0.14399457712808905,"[[np.int64(0), 2], [np.int64(1), 6, 7], [3, 4], [5]]",[0.14976569 1.22941414 0.11189972 0.548872  ]
668,0.14418761354128273,"[[np.int64(0), 3, 5, 7], [np.int64(1), 6], [np.int64(2)], [4]]",[1.29971035 0.61752967 0.07997568 0.04254282]
669,0.14438144349734916,"[[np.int64(0)], [np.int64(1), 4, 5], [np.int64(2), 3], [6, 7]]",[0.05946881 0.6579685  0.16119856 1.16092882]
670,0.1457403049323549,"[[np.int64(0)], [np.int64(1), 2], [3, 4, 5], [6, 7]]",[0.05946881 0.1934978  0.6243104  1.16092882]
671,0.14580791129106396,"[[np.int64(0), np.int64(1), np.int64(2)], [3, 5], [4], [6, 7]]",[0.26400351 0.57066307 0.04254282 1.16092882]
672,0.14662701802312306,"[[np.int64(0), np.int64(1), np.int64(2), np.int64(3)], [4, 5], [6], [7]]",[0.36514978 0.61266008 0.54154441 0.51796485]
673,0.14757408582103082,"[[np.int64(0), 2, 5], [np.int64(1)], [3], [4, 6, 7]]",[0.62212026 0.10076897 0.07949763 1.23398519]
674,0.14817224508261972,"[[np.int64(0), 2], [np.int64(1)], [3, 4, 5], [6, 7]]",[0.14976569 0.10076897 0.6243104  1.16092882]
675,0.1484980033296024,"[[np.int64(0)], [np.int64(1)], [np.int64(2), 4, 5, 6], [np.int64(3), 7]]",[0.05946881 0.10076897 1.35706179 0.51814856]
676,0.14874237821682046,"[[np.int64(0), np.int64(1)], [2, 5], [3], [4, 6, 7]]",[0.16095348 0.56076745 0.07949763 1.23398519]
677,0.1508870070290138,"[[np.int64(0), 5], [np.int64(1), 6, 7], [np.int64(2), 3], [4]]",[0.59990361 1.22941414 0.16119856 0.04254282]
678,0.1510396681845423,"[[np.int64(0), 4, 5], [np.int64(1), 6, 7], [np.int64(2)], [np.int64(3)]]",[0.64401901 1.22941414 0.07997568 0.07949763]
679,0.1511407791008912,"[[np.int64(0), np.int64(1), np.int64(2), 5, 6], [3], [4], [7]]",[1.39280005 0.07949763 0.04254282 0.51796485]
680,0.15173203733422636,"[[np.int64(0), np.int64(1), 6, 7], [2, 3], [4], [5]]",[1.27960071 0.16119856 0.04254282 0.548872  ]
681,0.15193752922512793,"[[np.int64(0), np.int64(1), np.int64(2), np.int64(3)], [4, 7], [5], [6]]",[0.36514978 0.57644241 0.548872   0.54154441]
682,0.15290999269825223,"[[np.int64(0), np.int64(1), 4, 6, 7], [2], [3], [5]]",[1.32269082 0.07997568 0.07949763 0.548872  ]
683,0.15329346236434116,"[[np.int64(0), np.int64(1), np.int64(2), np.int64(3)], [4, 6], [5], [7]]",[0.36514978 0.59866603 0.548872   0.51796485]
684,0.1533290922349777,"[[np.int64(0)], [np.int64(1)], [np.int64(2), 6], [np.int64(3), 4, 5, 7]]",[0.05946881 0.10076897 0.55196474 1.31841452]
685,0.15340075477730508,"[[np.int64(0), 6], [np.int64(1), 3, 5, 7], [np.int64(2)], [4]]",[0.60153708 1.30648979 0.07997568 0.04254282]
686,0.15463154224995002,"[[np.int64(0), 3], [np.int64(1), 5], [np.int64(2), 4], [6, 7]]",[0.14933456 0.60447402 0.1145772  1.16092882]
687,0.1549139103402104,"[[np.int64(0), 3, 5], [np.int64(1), 2], [4], [6, 7]]",[0.63206278 0.1934978  0.04254282 1.16092882]
688,0.15526937448801093,"[[np.int64(0), 4], [np.int64(1), 6], [np.int64(2)], [np.int64(3), 5, 7]]",[0.08233896 0.61752967 0.07997568 1.24883245]
689,0.1561046307150744,"[[np.int64(0), 6, 7], [np.int64(1), 4, 5], [np.int64(2)], [np.int64(3)]]",[1.21039969 0.6579685  0.07997568 0.07949763]
690,0.15621541368007508,"[[np.int64(0), 4, 6, 7], [np.int64(1), 5], [np.int64(2)], [np.int64(3)]]",[1.26378339 0.60447402 0.07997568 0.07949763]
691,0.15629956942987455,"[[np.int64(0), 3], [np.int64(1)], [np.int64(2), 4, 5], [6, 7]]",[0.14933456 0.10076897 0.61661422 1.16092882]
692,0.15687788065531416,"[[np.int64(0), 2], [np.int64(1), 5], [3, 4], [6, 7]]",[0.14976569 0.60447402 0.11189972 1.16092882]
693,0.15711240803241155,"[[np.int64(0)], [np.int64(1), 3], [np.int64(2), 4, 5], [6, 7]]",[0.05946881 0.18982188 0.61661422 1.16092882]
694,0.1577777432025722,"[[np.int64(0), np.int64(1)], [2], [3, 4, 5], [6, 7]]",[0.16095348 0.07997568 0.6243104  1.16092882]
695,0.1593325283487017,"[[np.int64(0), np.int64(1), 3], [2, 5], [4], [6, 7]]",[0.26037451 0.56076745 0.04254282 1.16092882]
696,0.16053184282856048,"[[np.int64(0)], [np.int64(1), 6, 7], [np.int64(2), 3, 4], [5]]",[0.05946881 1.22941414 0.18565934 0.548872  ]
697,0.16055356033960733,"[[np.int64(0), 5], [np.int64(1), 6, 7], [np.int64(2), 4], [np.int64(3)]]",[0.59990361 1.22941414 0.1145772  0.07949763]
698,0.16139859064482032,"[[np.int64(0), np.int64(1), 6, 7], [2, 4], [3], [5]]",[1.27960071 0.1145772  0.07949763 0.548872  ]
699,0.16146781589167247,"[[np.int64(0), 2, 4], [np.int64(1), 6, 7], [3], [5]]",[0.16469454 1.22941414 0.07949763 0.548872  ]
700,0.16179982581539099,"[[np.int64(0), np.int64(1), 3, 5, 7], [2], [4], [6]]",[1.3580834  0.07997568 0.04254282 0.54154441]
701,0.16186593503705682,"[[np.int64(0)], [np.int64(1), 3, 5, 7], [np.int64(2), 4], [6]]",[0.05946881 1.30648979 0.1145772  0.54154441]
702,0.16212246624990634,"[[np.int64(0), 4], [np.int64(1), 6, 7], [np.int64(2), 3], [5]]",[0.08233896 1.22941414 0.16119856 0.548872  ]
703,0.16275298652107972,"[[np.int64(0), 5], [np.int64(1), 6, 7], [np.int64(2)], [np.int64(3), 4]]",[0.59990361 1.22941414 0.07997568 0.11189972]
704,0.16305460500736357,"[[np.int64(0), np.int64(1), 5], [2, 3], [4], [6, 7]]",[0.65622132 0.16119856 0.04254282 1.16092882]
705,0.16359801682629183,"[[np.int64(0), np.int64(1), 6, 7], [2], [3, 4], [5]]",[1.27960071 0.07997568 0.11189972 0.548872  ]
706,0.16362032984925357,"[[np.int64(0), 3, 4], [np.int64(1), 6, 7], [np.int64(2)], [5]]",[0.16206398 1.22941414 0.07997568 0.548872  ]
707,0.16428396968278447,"[[np.int64(0)], [np.int64(1)], [np.int64(2), 3, 4, 5, 6], [7]]",[0.05946881 0.10076897 1.34145954 0.51796485]
708,0.16440508903565343,"[[np.int64(0)], [np.int64(1), 2, 5, 6], [3, 4], [7]]",[0.05946881 1.33020767 0.11189972 0.51796485]
709,0.16478616934994594,"[[np.int64(0), 7], [np.int64(1), 2, 5, 6], [3], [4]]",[0.56691184 1.33020767 0.07949763 0.04254282]
710,0.16533104641032548,"[[np.int64(0), 6, 7], [np.int64(1), 5], [np.int64(2), 3], [4]]",[1.21039969 0.60447402 0.16119856 0.04254282]
711,0.16595197977371834,"[[np.int64(0), np.int64(1)], [2, 4, 5], [3], [6, 7]]",[0.16095348 0.61661422 0.07949763 1.16092882]
712,0.16609124444886358,"[[np.int64(0)], [np.int64(1)], [np.int64(2), 3, 5, 6], [4, 7]]",[0.05946881 0.10076897 1.2811747  0.57644241]
713,0.16684276208701654,"[[np.int64(0), 6, 7], [np.int64(1), 2], [3, 5], [4]]",[1.21039969 0.1934978  0.57066307 0.04254282]
714,0.1675081705449104,"[[np.int64(0), 6], [np.int64(1), 2, 3], [4, 5], [7]]",[0.60153708 0.28427595 0.61266008 0.51796485]
715,0.16849139032969696,"[[np.int64(0), 6, 7], [np.int64(1)], [np.int64(2)], [np.int64(3), 4, 5]]",[1.21039969 0.10076897 0.07997568 0.6243104 ]
716,0.16853235184563076,"[[np.int64(0), 2, 5], [np.int64(1), 3], [4], [6, 7]]",[0.62212026 0.18982188 0.04254282 1.16092882]
717,0.1687550275363825,"[[np.int64(0), 4, 6, 7], [np.int64(1)], [np.int64(2)], [np.int64(3), 5]]",[1.26378339 0.10076897 0.07997568 0.57066307]
718,0.16924999624984505,"[[np.int64(0), 2, 3, 5, 6], [np.int64(1)], [4], [7]]",[1.3534195  0.10076897 0.04254282 0.51796485]
719,0.16952326978092502,"[[np.int64(0), 2, 6], [np.int64(1)], [3, 5, 7], [4]]",[0.62227862 0.10076897 1.24883245 0.04254282]
720,0.16957034875330645,"[[np.int64(0), 2], [np.int64(1), 4], [3, 5], [6, 7]]",[0.14976569 0.1330182  0.57066307 1.16092882]
721,0.17058674580086386,"[[np.int64(0)], [np.int64(1)], [np.int64(2), 5, 6], [np.int64(3), 4, 7]]",[0.05946881 0.10076897 1.28663622 0.56648539]
722,0.1727211583179571,"[[np.int64(0), np.int64(1), 5], [2, 4], [3], [6, 7]]",[0.65622132 0.1145772  0.07949763 1.16092882]
723,0.17281868174691573,"[[np.int64(0), 6], [np.int64(1), 2, 3], [4, 7], [5]]",[0.60153708 0.28427595 0.57644241 0.548872  ]
724,0.1734151463557856,"[[np.int64(0)], [np.int64(1), 5], [np.int64(2), 3, 4], [6, 7]]",[0.05946881 0.60447402 0.18565934 1.16092882]
725,0.17350085425716877,"[[np.int64(0), np.int64(1), 4, 5], [2], [3], [6, 7]]",[0.69004314 0.07997568 0.07949763 1.16092882]
726,0.17359729231099408,"[[np.int64(0), 4], [np.int64(1), 3, 5, 7], [np.int64(2)], [6]]",[0.08233896 1.30648979 0.07997568 0.54154441]
727,0.1737308486217204,"[[np.int64(0)], [np.int64(1)], [np.int64(2), 4, 6], [np.int64(3), 5, 7]]",[0.05946881 0.10076897 0.60114506 1.24883245]
728,0.1739370201281183,"[[np.int64(0), 4], [np.int64(1), 2, 5, 6], [3], [7]]",[0.08233896 1.33020767 0.07949763 0.51796485]
729,0.1739728796419726,"[[np.int64(0), 2, 5, 6], [np.int64(1)], [3, 7], [4]]",[1.3485129  0.10076897 0.51814856 0.04254282]
730,0.17432541867805806,"[[np.int64(0)], [np.int64(1), 3, 7], [np.int64(2), 5, 6], [4]]",[0.05946881 0.62097287 1.28663622 0.04254282]
731,0.17435111941889758,"[[np.int64(0), 2, 4], [np.int64(1), 5], [3], [6, 7]]",[0.16469454 0.60447402 0.07949763 1.16092882]
732,0.174696102639043,"[[np.int64(0)], [np.int64(1), 3, 5], [np.int64(2)], [4, 6, 7]]",[0.05946881 0.63582035 0.07997568 1.23398519]
733,0.17492058449942993,"[[np.int64(0), np.int64(1), 5], [2], [3, 4], [6, 7]]",[0.65622132 0.07997568 0.11189972 1.16092882]
734,0.17499759972091944,"[[np.int64(0), 6, 7], [np.int64(1), 5], [np.int64(2), 4], [np.int64(3)]]",[1.21039969 0.60447402 0.1145772  0.07949763]
735,0.17500576977713056,"[[np.int64(0), 4], [np.int64(1), 5], [np.int64(2), 3], [6, 7]]",[0.08233896 0.60447402 0.16119856 1.16092882]
736,0.17507971627416108,"[[np.int64(0)], [np.int64(1), 2, 4], [3, 5], [6, 7]]",[0.05946881 0.21780572 0.57066307 1.16092882]
737,0.17560836183042117,"[[np.int64(0), 3, 5], [np.int64(1)], [np.int64(2), 4], [6, 7]]",[0.63206278 0.10076897 0.1145772  1.16092882]
738,0.17566504462639498,"[[np.int64(0), np.int64(1)], [2, 5, 6], [3, 7], [4]]",[0.16095348 1.28663622 0.51814856 0.04254282]
739,0.17623520352794708,"[[np.int64(0), 3, 4, 5], [np.int64(1)], [np.int64(2)], [6, 7]]",[0.66603745 0.10076897 0.07997568 1.16092882]
740,0.17650363337647867,"[[np.int64(0), 3, 4], [np.int64(1), 5], [np.int64(2)], [6, 7]]",[0.16206398 0.60447402 0.07997568 1.16092882]
741,0.17651748545382162,"[[np.int64(0), 4], [np.int64(1), 2], [3, 5], [6, 7]]",[0.08233896 0.1934978  0.57066307 1.16092882]
742,0.17653444844943422,"[[np.int64(0), 3, 7], [np.int64(1)], [np.int64(2), 5, 6], [4]]",[0.57746367 0.10076897 1.28663622 0.04254282]
743,0.17666562690084353,"[[np.int64(0), 6, 7], [np.int64(1)], [np.int64(2), 4, 5], [np.int64(3)]]",[1.21039969 0.10076897 0.61661422 0.07949763]
744,0.17682356645010167,"[[np.int64(0), np.int64(1)], [2, 4], [3, 5], [6, 7]]",[0.16095348 0.1145772  0.57066307 1.16092882]
745,0.17715109047424038,"[[np.int64(0), 2, 3], [np.int64(1), 7], [4, 5], [6]]",[0.24135669 0.61123388 0.61266008 0.54154441]
746,0.17719702590239184,"[[np.int64(0), 6, 7], [np.int64(1), 5], [np.int64(2)], [np.int64(3), 4]]",[1.21039969 0.60447402 0.07997568 0.11189972]
747,0.17796064225357844,"[[np.int64(0), 3, 5], [np.int64(1), 4], [np.int64(2)], [6, 7]]",[0.63206278 0.1330182  0.07997568 1.16092882]
748,0.17855385730042705,"[[np.int64(0), 7], [np.int64(1), 2, 3], [4, 5], [6]]",[0.56691184 0.28427595 0.61266008 0.54154441]
749,0.17912869028900147,"[[np.int64(0), 4, 6, 7], [np.int64(1)], [np.int64(2), 5], [np.int64(3)]]",[1.26378339 0.10076897 0.56076745 0.07949763]
750,0.17964268612013345,"[[np.int64(0), 3], [np.int64(1)], [np.int64(2), 4, 6, 7], [5]]",[0.14933456 0.10076897 1.20532792 0.548872  ]
751,0.17965264048951068,"[[np.int64(0), np.int64(1)], [2, 6], [3, 5, 7], [4]]",[0.16095348 0.55196474 1.24883245 0.04254282]
752,0.17989709928203412,"[[np.int64(0), 3], [np.int64(1), 4], [np.int64(2), 5], [6, 7]]",[0.14933456 0.1330182  0.56076745 1.16092882]
753,0.1804142913685456,"[[np.int64(0), 6, 7], [np.int64(1), 3], [np.int64(2), 5], [4]]",[1.21039969 0.18982188 0.56076745 0.04254282]
754,0.1804555247226709,"[[np.int64(0)], [np.int64(1), 3], [np.int64(2), 4, 6, 7], [5]]",[0.05946881 0.18982188 1.20532792 0.548872  ]
755,0.18096967233479377,"[[np.int64(0), 3], [np.int64(1)], [np.int64(2), 6, 7], [4, 5]]",[0.14933456 0.10076897 1.14021286 0.61266008]
756,0.1813102771269861,"[[np.int64(0), np.int64(1)], [2, 3, 5, 6], [4], [7]]",[0.16095348 1.2811747  0.04254282 0.51796485]
757,0.1816616644962763,"[[np.int64(0)], [np.int64(1), 4, 6, 7], [np.int64(2)], [np.int64(3), 5]]",[0.05946881 1.29217692 0.07997568 0.57066307]
758,0.18177976005971175,"[[np.int64(0), 5], [np.int64(1), 2, 3], [4, 7], [6]]",[0.59990361 0.28427595 0.57644241 0.54154441]
759,0.18178251093733078,"[[np.int64(0)], [np.int64(1), 3], [np.int64(2), 6, 7], [4, 5]]",[0.05946881 0.18982188 1.14021286 0.61266008]
760,0.1818718988627519,"[[np.int64(0)], [np.int64(1), 2, 5], [3], [4, 6, 7]]",[0.05946881 0.62912261 0.07949763 1.23398519]
761,0.18313569319892453,"[[np.int64(0), 5], [np.int64(1), 2, 3], [4, 6], [7]]",[0.59990361 0.28427595 0.59866603 0.51796485]
762,0.18381753481545804,"[[np.int64(0), 2, 3], [np.int64(1), 7], [4, 6], [5]]",[0.24135669 0.61123388 0.59866603 0.548872  ]
763,0.18445635232298496,"[[np.int64(0), 2, 4, 5], [np.int64(1)], [3], [6, 7]]",[0.65829435 0.10076897 0.07949763 1.16092882]
764,0.18522030164164516,"[[np.int64(0), 7], [np.int64(1), 2, 3], [4, 6], [5]]",[0.56691184 0.28427595 0.59866603 0.548872  ]
765,0.1861847430453536,"[[np.int64(0)], [np.int64(1), 2], [3, 6, 7], [4, 5]]",[0.05946881 0.1934978  1.13213471 0.61266008]
766,0.18667433826954616,"[[np.int64(0)], [np.int64(1), 4], [np.int64(2), 5, 6], [np.int64(3), 7]]",[0.05946881 0.1330182  1.28663622 0.51814856]
767,0.186890733275205,"[[np.int64(0), 2, 4], [np.int64(1)], [3, 5], [6, 7]]",[0.16469454 0.10076897 0.57066307 1.16092882]
768,0.1870571830121659,"[[np.int64(0)], [np.int64(1), 2], [3, 4, 6, 7], [5]]",[0.05946881 0.1934978  1.19505035 0.548872  ]
769,0.18753721357722686,"[[np.int64(0), 6, 7], [np.int64(1)], [np.int64(2), 4], [np.int64(3), 5]]",[1.21039969 0.10076897 0.1145772  0.57066307]
770,0.1882283629884034,"[[np.int64(0), 2, 5], [np.int64(1)], [3, 4], [6, 7]]",[0.62212026 0.10076897 0.11189972 1.16092882]
771,0.18838121723008827,"[[np.int64(0), 2, 5], [np.int64(1), 4], [3], [6, 7]]",[0.62212026 0.1330182  0.07949763 1.16092882]
772,0.18861668319561797,"[[np.int64(0), 2], [np.int64(1)], [3, 6, 7], [4, 5]]",[0.14976569 0.10076897 1.13213471 0.61266008]
773,0.1889592500367132,"[[np.int64(0), 3, 5, 7], [np.int64(1)], [np.int64(2), 6], [4]]",[1.29971035 0.10076897 0.55196474 0.04254282]
774,0.18920634371004086,"[[np.int64(0)], [np.int64(1)], [np.int64(2), 3, 4, 5, 7], [6]]",[0.05946881 0.10076897 1.29295761 0.54154441]
775,0.18929509646397769,"[[np.int64(0), np.int64(1)], [2, 4, 6, 7], [3], [5]]",[0.16095348 1.20532792 0.07949763 0.548872  ]
776,0.18939665538419304,"[[np.int64(0), np.int64(1)], [2, 5], [3, 4], [6, 7]]",[0.16095348 0.56076745 0.11189972 1.16092882]
777,0.18948912316243005,"[[np.int64(0), 2], [np.int64(1)], [3, 4, 6, 7], [5]]",[0.14976569 0.10076897 1.19505035 0.548872  ]
778,0.18952592846883043,"[[np.int64(0)], [np.int64(1), 7], [np.int64(2), 3, 5, 6], [4]]",[0.05946881 0.61123388 1.2811747  0.04254282]
779,0.18988949400038435,"[[np.int64(0), 6, 7], [np.int64(1), 4], [np.int64(2)], [np.int64(3), 5]]",[1.21039969 0.1330182  0.07997568 0.57066307]
780,0.19008901473535067,"[[np.int64(0), 4], [np.int64(1), 3], [np.int64(2), 5], [6, 7]]",[0.08233896 0.18982188 0.56076745 1.16092882]
781,0.190622082678638,"[[np.int64(0), np.int64(1)], [2, 6, 7], [3], [4, 5]]",[0.16095348 1.14021286 0.07949763 0.61266008]
782,0.19066193413266186,"[[np.int64(0)], [np.int64(1), 4], [np.int64(2), 6], [np.int64(3), 5, 7]]",[0.05946881 0.1330182  0.55196474 1.24883245]
783,0.19077710414036986,"[[np.int64(0)], [np.int64(1), 6, 7], [np.int64(2)], [np.int64(3), 4, 5]]",[0.05946881 1.22941414 0.07997568 0.6243104 ]
784,0.19085067173716252,"[[np.int64(0)], [np.int64(1), 3, 4], [np.int64(2), 5], [6, 7]]",[0.05946881 0.21193038 0.56076745 1.16092882]
785,0.1910145261369356,"[[np.int64(0), 2, 6, 7], [np.int64(1)], [3], [4, 5]]",[1.20000493 0.10076897 0.07949763 0.61266008]
786,0.19156041604795404,"[[np.int64(0), 2], [np.int64(1), 6, 7], [3, 5], [4]]",[0.14976569 1.22941414 0.57066307 0.04254282]
787,0.1919439389247395,"[[np.int64(0), np.int64(1), 3], [2, 6, 7], [4], [5]]",[0.26037451 1.14021286 0.04254282 0.548872  ]
788,0.19203532724889505,"[[np.int64(0)], [np.int64(1), 4, 6, 7], [np.int64(2), 5], [np.int64(3)]]",[0.05946881 1.29217692 0.56076745 0.07949763]
789,0.19231957077013728,"[[np.int64(0)], [np.int64(1), 4], [np.int64(2), 3, 5, 6], [7]]",[0.05946881 0.1330182  1.2811747  0.51796485]
790,0.19239891181524804,"[[np.int64(0)], [np.int64(1), 2, 6], [3, 5, 7], [4]]",[0.05946881 0.64070315 1.24883245 0.04254282]
791,0.19254779684274403,"[[np.int64(0), 7], [np.int64(1)], [np.int64(2), 3, 5, 6], [4]]",[0.56691184 0.10076897 1.2811747  0.04254282]
792,0.19275518977052197,"[[np.int64(0), 2, 3], [np.int64(1), 4, 7], [5], [6]]",[0.24135669 0.65941785 0.548872   0.54154441]
793,0.19372548475454598,"[[np.int64(0)], [np.int64(1)], [np.int64(2), 3, 5, 7], [4, 6]]",[0.05946881 0.10076897 1.23131684 0.59866603]
794,0.19384727983118433,"[[np.int64(0), 4, 6], [np.int64(1), 2, 3], [5], [7]]",[0.63898605 0.28427595 0.548872   0.51796485]
795,0.1944348542772245,"[[np.int64(0), 2, 3], [np.int64(1), 6], [4, 5], [7]]",[0.24135669 0.61752967 0.61266008 0.51796485]
796,0.1948884422849968,"[[np.int64(0), 2], [np.int64(1), 3, 5], [4], [6, 7]]",[0.14976569 0.63582035 0.04254282 1.16092882]
797,0.1960534151203257,"[[np.int64(0), 4], [np.int64(1)], [np.int64(2), 5, 6], [np.int64(3), 7]]",[0.08233896 0.10076897 1.28663622 0.51814856]
798,0.19614191380276225,"[[np.int64(0), 4, 5], [np.int64(1), 2, 3], [6], [7]]",[0.64401901 0.28427595 0.54154441 0.51796485]
799,0.19639308325665406,"[[np.int64(0), np.int64(1), np.int64(2)], [3, 6, 7], [4], [5]]",[0.26400351 1.13213471 0.04254282 0.548872  ]
800,0.19725348189832603,"[[np.int64(0), np.int64(1), np.int64(2)], [3, 6], [4, 5], [7]]",[0.26400351 0.59206421 0.61266008 0.51796485]
801,0.19731653744715394,"[[np.int64(0), 6], [np.int64(1), 7], [np.int64(2), 3], [4, 5]]",[0.60153708 0.61123388 0.16119856 0.61266008]
802,0.19739840263467645,"[[np.int64(0), 3, 6], [np.int64(1), 2], [4, 5], [7]]",[0.66242501 0.1934978  0.61266008 0.51796485]
803,0.1982221813155709,"[[np.int64(0), np.int64(1)], [2], [3, 6, 7], [4, 5]]",[0.16095348 0.07997568 1.13213471 0.61266008]
804,0.19844800773701543,"[[np.int64(0), 5], [np.int64(1)], [np.int64(2), 4, 6, 7], [np.int64(3)]]",[0.59990361 0.10076897 1.20532792 0.07949763]
805,0.19856771254997696,"[[np.int64(0), 3, 6, 7], [np.int64(1)], [np.int64(2)], [4, 5]]",[1.19197369 0.10076897 0.07997568 0.61266008]
806,0.19884851181831475,"[[np.int64(0), np.int64(1), 4], [2], [3, 5], [6, 7]]",[0.17353005 0.07997568 0.57066307 1.16092882]
807,0.19895134071151688,"[[np.int64(0)], [np.int64(1), 6, 7], [np.int64(2), 4, 5], [np.int64(3)]]",[0.05946881 1.22941414 0.61661422 0.07949763]
808,0.19909462128238276,"[[np.int64(0), np.int64(1)], [2], [3, 4, 6, 7], [5]]",[0.16095348 0.07997568 1.19505035 0.548872  ]
809,0.19941690998540507,"[[np.int64(0), 3, 4], [np.int64(1)], [np.int64(2), 5], [6, 7]]",[0.16206398 0.10076897 0.56076745 1.16092882]
810,0.1997453654792296,"[[np.int64(0), 2, 3], [np.int64(1), 6], [4, 7], [5]]",[0.24135669 0.61752967 0.57644241 0.548872  ]
811,0.19995070954822558,"[[np.int64(0), 3, 5], [np.int64(1), 6, 7], [np.int64(2)], [4]]",[0.63206278 1.22941414 0.07997568 0.04254282]
812,0.2000410109834414,"[[np.int64(0), 4], [np.int64(1)], [np.int64(2), 6], [np.int64(3), 5, 7]]",[0.08233896 0.10076897 0.55196474 1.24883245]
813,0.200110302511318,"[[np.int64(0), 6, 7], [np.int64(1)], [np.int64(2), 5], [np.int64(3), 4]]",[1.21039969 0.10076897 0.56076745 0.11189972]
814,0.20026315675300332,"[[np.int64(0), 6, 7], [np.int64(1), 4], [np.int64(2), 5], [np.int64(3)]]",[1.21039969 0.1330182  0.56076745 0.07949763]
815,0.20169864762091683,"[[np.int64(0), 4], [np.int64(1)], [np.int64(2), 3, 5, 6], [7]]",[0.08233896 0.10076897 1.2811747  0.51796485]
816,0.2018871665766815,"[[np.int64(0), 3], [np.int64(1), 6, 7], [np.int64(2), 5], [4]]",[0.14933456 1.22941414 0.56076745 0.04254282]
817,0.2020173262848144,"[[np.int64(0), 3], [np.int64(1), 2, 5], [4], [6, 7]]",[0.14933456 0.62912261 0.04254282 1.16092882]
818,0.20256291116024538,"[[np.int64(0), np.int64(1), 3], [2, 7], [4, 5], [6]]",[0.26037451 0.56680423 0.61266008 0.54154441]
819,0.20256303023639433,"[[np.int64(0), np.int64(1), 3, 5], [2], [4], [6, 7]]",[0.69793578 0.07997568 0.04254282 1.16092882]
820,0.20256399310033135,"[[np.int64(0), np.int64(1), np.int64(2)], [3, 6], [4, 7], [5]]",[0.26400351 0.59206421 0.57644241 0.548872  ]
821,0.20270449827575598,"[[np.int64(0), 2, 6, 7], [np.int64(1), 3], [4], [5]]",[1.20000493 0.18982188 0.04254282 0.548872  ]
822,0.20270891383668177,"[[np.int64(0), 3, 6], [np.int64(1), 2], [4, 7], [5]]",[0.66242501 0.1934978  0.57644241 0.548872  ]
823,0.20353703344748753,"[[np.int64(0), 4, 7], [np.int64(1), 2, 3], [5], [6]]",[0.60571674 0.28427595 0.548872   0.54154441]
824,0.20439871847169,"[[np.int64(0)], [np.int64(1), 3, 4, 5], [np.int64(2)], [6, 7]]",[0.05946881 0.6791741  0.07997568 1.16092882]
825,0.20543941089867612,"[[np.int64(0)], [np.int64(1)], [np.int64(2), 3, 5], [4, 6, 7]]",[0.05946881 0.10076897 0.58428376 1.23398519]
826,0.2065739901718302,"[[np.int64(0), 2, 3, 5, 7], [np.int64(1)], [4], [6]]",[1.29251595 0.10076897 0.04254282 0.54154441]
827,0.2070598181598875,"[[np.int64(0), 3, 6, 7], [np.int64(1), 2], [4], [5]]",[1.19197369 0.1934978  0.04254282 0.548872  ]
828,0.20758069597318007,"[[np.int64(0), 3], [np.int64(1), 2, 7], [4, 5], [6]]",[0.14933456 0.6728264  0.61266008 0.54154441]
829,0.20758858429345506,"[[np.int64(0), np.int64(1)], [2, 3, 5, 7], [4], [6]]",[0.16095348 1.23131684 0.04254282 0.54154441]
830,0.20764651865379546,"[[np.int64(0), np.int64(1), 7], [2, 3], [4, 5], [6]]",[0.66089657 0.16119856 0.61266008 0.54154441]
831,0.207780417253697,"[[np.int64(0), 6], [np.int64(1)], [np.int64(2), 3, 5, 7], [4]]",[0.60153708 0.10076897 1.23131684 0.04254282]
832,0.20824753255542072,"[[np.int64(0), 5], [np.int64(1)], [np.int64(2)], [np.int64(3), 4, 6, 7]]",[0.59990361 0.10076897 0.07997568 1.19505035]
833,0.20922217457093373,"[[np.int64(0), np.int64(1), 4], [2, 5], [3], [6, 7]]",[0.17353005 0.56076745 0.07949763 1.16092882]
834,0.20922935550146327,"[[np.int64(0), np.int64(1), 3], [2, 7], [4, 6], [5]]",[0.26037451 0.56680423 0.59866603 0.548872  ]
835,0.2093602048673311,"[[np.int64(0), 2, 4, 6, 7], [np.int64(1)], [3], [5]]",[1.24544732 0.10076897 0.07949763 0.548872  ]
836,0.2093750885139265,"[[np.int64(0)], [np.int64(1), 2, 4, 5], [3], [6, 7]]",[0.05946881 0.67467578 0.07949763 1.16092882]
837,0.20978573868399453,"[[np.int64(0), np.int64(1), np.int64(2), 5], [3], [4], [6, 7]]",[0.69119112 0.07949763 0.04254282 1.16092882]
838,0.2098229273879002,"[[np.int64(0)], [np.int64(1), 6, 7], [np.int64(2), 4], [np.int64(3), 5]]",[0.05946881 1.22941414 0.1145772  0.57066307]
839,0.21037128452473608,"[[np.int64(0), 2, 5], [np.int64(1), 6, 7], [3], [4]]",[0.62212026 1.22941414 0.07949763 0.04254282]
840,0.21086829979734434,"[[np.int64(0)], [np.int64(1), 2, 6, 7], [3], [4, 5]]",[0.05946881 1.22145132 0.07949763 0.61266008]
841,0.2111638557461566,"[[np.int64(0), np.int64(1), 6, 7], [2], [3, 5], [4]]",[1.27960071 0.07997568 0.57066307 0.04254282]
842,0.2113948867127189,"[[np.int64(0), 2, 3], [np.int64(1), 4, 6], [5], [7]]",[0.24135669 0.66435771 0.548872   0.51796485]
843,0.21146496609049592,"[[np.int64(0), 5], [np.int64(1), 3], [np.int64(2), 6, 7], [4]]",[0.59990361 0.18982188 1.14021286 0.04254282]
844,0.21250850985807213,"[[np.int64(0), 3], [np.int64(1), 4], [np.int64(2), 6, 7], [5]]",[0.14933456 0.1330182  1.14021286 0.548872  ]
845,0.21292063674343487,"[[np.int64(0), 6], [np.int64(1), 4, 7], [np.int64(2), 3], [5]]",[0.60153708 0.65941785 0.16119856 0.548872  ]
846,0.21294406010116784,"[[np.int64(0), 5], [np.int64(1), 7], [np.int64(2), 3], [4, 6]]",[0.59990361 0.61123388 0.16119856 0.59866603]
847,0.21312286001320535,"[[np.int64(0), 6], [np.int64(1), 3], [np.int64(2), 7], [4, 5]]",[0.60153708 0.18982188 0.56680423 0.61266008]
848,0.21315095362494318,"[[np.int64(0)], [np.int64(1), 3, 5], [np.int64(2), 4], [6, 7]]",[0.05946881 0.63582035 0.1145772  1.16092882]
849,0.21384734309989462,"[[np.int64(0), 2, 7], [np.int64(1), 3], [4, 5], [6]]",[0.62607243 0.18982188 0.61266008 0.54154441]
850,0.21388459570126317,"[[np.int64(0), np.int64(1), 6], [2, 3], [4, 5], [7]]",[0.67823805 0.16119856 0.61266008 0.51796485]
851,0.2140606600921351,"[[np.int64(0), np.int64(1), np.int64(2)], [3, 4, 6], [5], [7]]",[0.26400351 0.63904511 0.548872   0.51796485]
852,0.21424714031439818,"[[np.int64(0), 3], [np.int64(1), 2, 7], [4, 6], [5]]",[0.14933456 0.6728264  0.59866603 0.548872  ]
853,0.21431296299501312,"[[np.int64(0), np.int64(1), 7], [2, 3], [4, 6], [5]]",[0.66089657 0.16119856 0.59866603 0.548872  ]
854,0.2152075875320747,"[[np.int64(0), 6, 7], [np.int64(1), 3, 5], [np.int64(2)], [4]]",[1.21039969 0.63582035 0.07997568 0.04254282]
855,0.21581473003336948,"[[np.int64(0), np.int64(1), 3], [2, 4, 7], [5], [6]]",[0.26037451 0.61734049 0.548872   0.54154441]
856,0.21586719819851918,"[[np.int64(0), 5], [np.int64(1), 2], [3, 6, 7], [4]]",[0.59990361 0.1934978  1.13213471 0.04254282]
857,0.2159205620151674,"[[np.int64(0), np.int64(1), np.int64(2), np.int64(3), np.int64(4)], [5], [6], [7]]",[0.35964431 0.548872   0.54154441 0.51796485]
858,0.21712904959189916,"[[np.int64(0), 6], [np.int64(1), 2, 3, 4], [5], [7]]",[0.60153708 0.29844315 0.548872   0.51796485]
859,0.2174249392772658,"[[np.int64(0), 6], [np.int64(1), 2, 7], [3], [4, 5]]",[0.60153708 0.6728264  0.07949763 0.61266008]
860,0.21743371681507995,"[[np.int64(0), np.int64(1), np.int64(2), 7], [3], [4, 5], [6]]",[0.7328103  0.07949763 0.61266008 0.54154441]
861,0.21765149224673763,"[[np.int64(0), 3, 6], [np.int64(1), 7], [np.int64(2)], [4, 5]]",[0.66242501 0.61123388 0.07997568 0.61266008]
862,0.2182222770592619,"[[np.int64(0), 2], [np.int64(1), 7], [3, 6], [4, 5]]",[0.14976569 0.61123388 0.59206421 0.61266008]
863,0.21859787793660623,"[[np.int64(0)], [np.int64(1), 4], [np.int64(2), 3, 5, 7], [6]]",[0.05946881 0.1330182  1.23131684 0.54154441]
864,0.21881220528291156,"[[np.int64(0), 7], [np.int64(1), 2], [3, 6], [4, 5]]",[0.56691184 0.1934978  0.59206421 0.61266008]
865,0.21911281746184486,"[[np.int64(0), 3, 4, 6, 7], [np.int64(1)], [np.int64(2)], [5]]",[1.23521666 0.10076897 0.07997568 0.548872  ]
866,0.21919510690326804,"[[np.int64(0), np.int64(1), 6], [2, 3], [4, 7], [5]]",[0.67823805 0.16119856 0.57644241 0.548872  ]
867,0.21944765889673157,"[[np.int64(0), 4, 5], [np.int64(1)], [np.int64(2), 6, 7], [np.int64(3)]]",[0.64401901 0.10076897 1.14021286 0.07949763]
868,0.21983490167696074,"[[np.int64(0)], [np.int64(1), 2, 4, 6, 7], [3], [5]]",[0.05946881 1.27627279 0.07949763 0.548872  ]
869,0.22012861479942392,"[[np.int64(0), 2, 3], [np.int64(1), 5], [4, 7], [6]]",[0.24135669 0.60447402 0.57644241 0.54154441]
870,0.220155520718897,"[[np.int64(0), 2], [np.int64(1), 4], [3, 6, 7], [5]]",[0.14976569 0.1330182  1.13213471 0.548872  ]
871,0.22051378744111272,"[[np.int64(0), 2, 7], [np.int64(1), 3], [4, 6], [5]]",[0.62607243 0.18982188 0.59866603 0.548872  ]
872,0.22148454793863714,"[[np.int64(0), 2, 3], [np.int64(1), 5], [4, 6], [7]]",[0.24135669 0.60447402 0.59866603 0.51796485]
873,0.2215375184987758,"[[np.int64(0), np.int64(1), 6, 7], [2, 5], [3], [4]]",[1.27960071 0.56076745 0.07949763 0.04254282]
874,0.22155428466183724,"[[np.int64(0), 4], [np.int64(1), 6, 7], [np.int64(2)], [np.int64(3), 5]]",[0.08233896 1.22941414 0.07997568 0.57066307]
875,0.2216662649631873,"[[np.int64(0)], [np.int64(1), 3, 6, 7], [np.int64(2)], [4, 5]]",[0.05946881 1.21017531 0.07997568 0.61266008]
876,0.22174543333362795,"[[np.int64(0), 3], [np.int64(1), 2, 6, 7], [4], [5]]",[0.14933456 1.22145132 0.04254282 0.548872  ]
877,0.2218817150562309,"[[np.int64(0), 5], [np.int64(1), 4, 7], [np.int64(2), 3], [6]]",[0.59990361 0.65941785 0.16119856 0.54154441]
878,0.22200806596023126,"[[np.int64(0), np.int64(1)], [2, 6, 7], [3, 4], [5]]",[0.16095348 1.14021286 0.11189972 0.548872  ]
879,0.22203810804219648,"[[np.int64(0), 5], [np.int64(1), 2], [3, 6], [4, 7]]",[0.59990361 0.1934978  0.59206421 0.57644241]
880,0.22238338375578404,"[[np.int64(0), 6, 7], [np.int64(1), 2, 5], [3], [4]]",[1.21039969 0.62912261 0.07949763 0.04254282]
881,0.22239601632199113,"[[np.int64(0)], [np.int64(1), 6, 7], [np.int64(2), 5], [np.int64(3), 4]]",[0.05946881 1.22941414 0.56076745 0.11189972]
882,0.22240050941852885,"[[np.int64(0), 2, 6, 7], [np.int64(1)], [3, 4], [5]]",[1.20000493 0.10076897 0.11189972 0.548872  ]
883,0.22252617603012448,"[[np.int64(0)], [np.int64(1), 2, 5], [3, 4], [6, 7]]",[0.05946881 0.62912261 0.11189972 1.16092882]
884,0.22255336366021417,"[[np.int64(0), 2, 6, 7], [np.int64(1), 4], [3], [5]]",[1.20000493 0.1330182  0.07949763 0.548872  ]
885,0.2227004253113889,"[[np.int64(0), 4], [np.int64(1), 3], [np.int64(2), 6, 7], [5]]",[0.08233896 0.18982188 1.14021286 0.548872  ]
886,0.22346208231320053,"[[np.int64(0)], [np.int64(1), 3, 4], [np.int64(2), 6, 7], [5]]",[0.05946881 0.21193038 1.14021286 0.548872  ]
887,0.2234799734573223,"[[np.int64(0)], [np.int64(1), 3, 5, 7], [np.int64(2), 6], [4]]",[0.05946881 1.30648979 0.55196474 0.04254282]
888,0.22365564673342764,"[[np.int64(0), 4, 6], [np.int64(1), 7], [np.int64(2), 3], [5]]",[0.63898605 0.61123388 0.16119856 0.548872  ]
889,0.22370084037607474,"[[np.int64(0), 2, 3, 5], [np.int64(1)], [4], [6, 7]]",[0.65600468 0.10076897 0.04254282 1.16092882]
890,0.22410016115629805,"[[np.int64(0), np.int64(1), np.int64(2), 7], [3], [4, 6], [5]]",[0.7328103  0.07949763 0.59866603 0.548872  ]
891,0.22466427321066584,"[[np.int64(0), np.int64(1), 3, 6], [2], [4, 5], [7]]",[0.74868125 0.07997568 0.61266008 0.51796485]
892,0.22488231089888022,"[[np.int64(0), 4], [np.int64(1), 3, 5], [np.int64(2)], [6, 7]]",[0.08233896 0.63582035 0.07997568 1.16092882]
893,0.22511169169169531,"[[np.int64(0), 2, 3], [np.int64(1), 4, 5], [6], [7]]",[0.24135669 0.6579685  0.54154441 0.51796485]
894,0.22564598800565405,"[[np.int64(0), 7], [np.int64(1), 6], [np.int64(2), 3], [4, 5]]",[0.56691184 0.61752967 0.16119856 0.61266008]
895,0.22566488823975095,"[[np.int64(0)], [np.int64(1), 2, 4], [3, 6, 7], [5]]",[0.05946881 0.21780572 1.13213471 0.548872  ]
896,0.22595028070500578,"[[np.int64(0), 4, 5], [np.int64(1), 7], [np.int64(2), 3], [6]]",[0.64401901 0.61123388 0.16119856 0.54154441]
897,0.22595076357206456,"[[np.int64(0), 2], [np.int64(1), 3, 6], [4, 5], [7]]",[0.14976569 0.67760475 0.61266008 0.51796485]
898,0.22609012790469518,"[[np.int64(0), 5], [np.int64(1), 2, 3, 4], [6], [7]]",[0.59990361 0.29844315 0.54154441 0.51796485]
899,0.22637467888632945,"[[np.int64(0), 6], [np.int64(1), 3], [np.int64(2), 4, 7], [5]]",[0.60153708 0.18982188 0.61734049 0.548872  ]
900,0.22704775753366446,"[[np.int64(0), 4, 5], [np.int64(1)], [np.int64(2)], [np.int64(3), 6, 7]]",[0.64401901 0.10076897 0.07997568 1.13213471]
901,0.2271026574194115,"[[np.int64(0), 4], [np.int64(1), 2], [3, 6, 7], [5]]",[0.08233896 0.1934978  1.13213471 0.548872  ]
902,0.22740873841569154,"[[np.int64(0), np.int64(1)], [2, 4], [3, 6, 7], [5]]",[0.16095348 0.1145772  1.13213471 0.548872  ]
903,0.22775426965009804,"[[np.int64(0), 3, 6, 7], [np.int64(1)], [np.int64(2), 4], [5]]",[1.19197369 0.10076897 0.1145772  0.548872  ]
904,0.227976954787386,"[[np.int64(0), 4], [np.int64(1)], [np.int64(2), 3, 5, 7], [6]]",[0.08233896 0.10076897 1.23131684 0.54154441]
905,0.2281747363474158,"[[np.int64(0), 7], [np.int64(1), 2, 3, 4], [5], [6]]",[0.56691184 0.29844315 0.548872   0.54154441]
906,0.22875038266721992,"[[np.int64(0), 5], [np.int64(1), 3], [np.int64(2), 7], [4, 6]]",[0.59990361 0.18982188 0.56680423 0.59866603]
907,0.22887189076493875,"[[np.int64(0), 5], [np.int64(1), 6], [np.int64(2), 3], [4, 7]]",[0.59990361 0.61752967 0.16119856 0.57644241]
908,0.22966823007868964,"[[np.int64(0)], [np.int64(1), 2, 3, 5, 6], [4], [7]]",[0.05946881 1.33430143 0.04254282 0.51796485]
909,0.22997478441267072,"[[np.int64(0), np.int64(1), 3, 6], [2], [4, 7], [5]]",[0.74868125 0.07997568 0.57644241 0.548872  ]
910,0.23010655007325553,"[[np.int64(0), 3, 6, 7], [np.int64(1), 4], [np.int64(2)], [5]]",[1.19197369 0.1330182  0.07997568 0.548872  ]
911,0.2310745815868951,"[[np.int64(0), np.int64(1), np.int64(2), 6, 7], [3], [4], [5]]",[1.28195909 0.07949763 0.04254282 0.548872  ]
912,0.23112610294058022,"[[np.int64(0), 3], [np.int64(1), 2, 4, 7], [5], [6]]",[0.14933456 0.71306907 0.548872   0.54154441]
913,0.231160977233269,"[[np.int64(0), 5], [np.int64(1)], [np.int64(2), 6, 7], [np.int64(3), 4]]",[0.59990361 0.10076897 1.14021286 0.11189972]
914,0.23126127477406966,"[[np.int64(0), 2], [np.int64(1), 3, 6], [4, 7], [5]]",[0.14976569 0.67760475 0.57644241 0.548872  ]
915,0.2312927408199592,"[[np.int64(0), np.int64(1), np.int64(2)], [3, 5], [4, 7], [6]]",[0.26400351 0.57066307 0.57644241 0.54154441]
916,0.2313138314749541,"[[np.int64(0), 5], [np.int64(1), 4], [np.int64(2), 6, 7], [np.int64(3)]]",[0.59990361 0.1330182  1.14021286 0.07949763]
917,0.23192794741445621,"[[np.int64(0), 4], [np.int64(1), 6, 7], [np.int64(2), 5], [np.int64(3)]]",[0.08233896 1.22941414 0.56076745 0.07949763]
918,0.23202832056144285,"[[np.int64(0), 3, 4], [np.int64(1)], [np.int64(2), 6, 7], [5]]",[0.16206398 0.10076897 1.14021286 0.548872  ]
919,0.23205810712258912,"[[np.int64(0), 4], [np.int64(1), 2, 5], [3], [6, 7]]",[0.08233896 0.62912261 0.07949763 1.16092882]
920,0.23259031072336223,"[[np.int64(0), 2], [np.int64(1), 3, 6, 7], [4], [5]]",[0.14976569 1.21017531 0.04254282 0.548872  ]
921,0.23264867395917177,"[[np.int64(0), np.int64(1), np.int64(2)], [3, 5], [4, 6], [7]]",[0.26400351 0.57066307 0.59866603 0.51796485]
922,0.23278974630816562,"[[np.int64(0)], [np.int64(1)], [np.int64(2), 3, 4, 5], [6, 7]]",[0.05946881 0.10076897 0.62998979 1.16092882]
923,0.23283229302427566,"[[np.int64(0)], [np.int64(1), 3, 4, 6, 7], [np.int64(2)], [5]]",[0.05946881 1.26279735 0.07997568 0.548872  ]
924,0.23305246193127993,"[[np.int64(0), 5], [np.int64(1), 2, 7], [3], [4, 6]]",[0.59990361 0.6728264  0.07949763 0.59866603]
925,0.23308799943828373,"[[np.int64(0)], [np.int64(1), 6], [np.int64(2), 3, 5, 7], [4]]",[0.05946881 0.61752967 1.23131684 0.04254282]
926,0.23325559154301878,"[[np.int64(0), 3, 6], [np.int64(1), 4, 7], [np.int64(2)], [5]]",[0.66242501 0.65941785 0.07997568 0.548872  ]
927,0.23353477503400022,"[[np.int64(0), 5], [np.int64(1), 2], [3, 4, 6], [7]]",[0.59990361 0.1934978  0.63904511 0.51796485]
928,0.2335782748682802,"[[np.int64(0)], [np.int64(1), 2, 5, 6], [3, 7], [4]]",[0.05946881 1.33020767 0.51814856 0.04254282]
929,0.23382637635554326,"[[np.int64(0), 2], [np.int64(1), 4, 7], [3, 6], [5]]",[0.14976569 0.65941785 0.59206421 0.548872  ]
930,0.23387824577354133,"[[np.int64(0), 3, 4, 6], [np.int64(1), 2], [5], [7]]",[0.68973324 0.1934978  0.548872   0.51796485]
931,0.23502945525307117,"[[np.int64(0), 2], [np.int64(1), 7], [3, 4, 6], [5]]",[0.14976569 0.61123388 0.63904511 0.548872  ]
932,0.23517776092900067,"[[np.int64(0)], [np.int64(1), 5], [np.int64(2), 4, 6, 7], [np.int64(3)]]",[0.05946881 0.60447402 1.20532792 0.07949763]
933,0.23523724866458284,"[[np.int64(0), np.int64(1)], [2, 3, 5], [4], [6, 7]]",[0.16095348 0.58428376 0.04254282 1.16092882]
934,0.23533575719912592,"[[np.int64(0), 5], [np.int64(1), 3], [np.int64(2), 4, 7], [6]]",[0.59990361 0.18982188 0.61734049 0.54154441]
935,0.23561938347672062,"[[np.int64(0), 7], [np.int64(1), 2], [3, 4, 6], [5]]",[0.56691184 0.1934978  0.63904511 0.548872  ]
936,0.2361229634705453,"[[np.int64(0), np.int64(1), np.int64(2)], [3, 4, 5], [6], [7]]",[0.26400351 0.6243104  0.54154441 0.51796485]
937,0.23615104637200868,"[[np.int64(0), 2, 3, 4], [np.int64(1), 7], [5], [6]]",[0.2461448  0.61123388 0.548872   0.54154441]
938,0.23640026178524698,"[[np.int64(0), 4, 5], [np.int64(1), 2], [3, 6], [7]]",[0.64401901 0.1934978  0.59206421 0.51796485]
939,0.2365616496887295,"[[np.int64(0), 5], [np.int64(1)], [np.int64(2), 4], [np.int64(3), 6, 7]]",[0.59990361 0.10076897 0.1145772  1.13213471]
940,0.23664382839986553,"[[np.int64(0), 6], [np.int64(1), 7], [np.int64(2), 3, 4], [5]]",[0.60153708 0.61123388 0.18565934 0.548872  ]
941,0.23687854782907358,"[[np.int64(0), 3, 6], [np.int64(1), 2, 4], [5], [7]]",[0.66242501 0.21780572 0.548872   0.51796485]
942,0.2374759052407951,"[[np.int64(0), 2, 4], [np.int64(1)], [3, 6, 7], [5]]",[0.16469454 0.10076897 1.13213471 0.548872  ]
943,0.2376176035952553,"[[np.int64(0), 3], [np.int64(1), 6], [np.int64(2), 7], [4, 5]]",[0.14933456 0.61752967 0.56680423 0.61266008]
944,0.2383495893460983,"[[np.int64(0), np.int64(1), 7], [2], [3, 6], [4, 5]]",[0.66089657 0.07997568 0.59206421 0.61266008]
945,0.23866277344217535,"[[np.int64(0)], [np.int64(1), 2, 3, 5, 7], [4], [6]]",[0.05946881 1.30172733 0.04254282 0.54154441]
946,0.23891393011188722,"[[np.int64(0), 5], [np.int64(1), 4], [np.int64(2)], [np.int64(3), 6, 7]]",[0.59990361 0.1330182  0.07997568 1.13213471]
947,0.2394619692994795,"[[np.int64(0), 4, 6], [np.int64(1), 3], [np.int64(2), 7], [5]]",[0.63898605 0.18982188 0.56680423 0.548872  ]
948,0.24029406177233703,"[[np.int64(0), 6], [np.int64(1), 5], [np.int64(2), 3], [4, 7]]",[0.60153708 0.60447402 0.16119856 0.57644241]
949,0.24039873986910543,"[[np.int64(0), 3, 5], [np.int64(1), 2], [4, 7], [6]]",[0.63206278 0.1934978  0.57644241 0.54154441]
950,0.24052141199842825,"[[np.int64(0), 5], [np.int64(1), 4, 6], [np.int64(2), 3], [7]]",[0.59990361 0.66435771 0.16119856 0.51796485]
951,0.2405507549505097,"[[np.int64(0), 5], [np.int64(1), 2, 6, 7], [3], [4]]",[0.59990361 1.22145132 0.07949763 0.04254282]
952,0.24097034624466573,"[[np.int64(0), 6], [np.int64(1), 2, 4, 7], [3], [5]]",[0.60153708 0.71306907 0.07949763 0.548872  ]
953,0.2409819572419014,"[[np.int64(0), np.int64(1), 3], [2, 6], [4, 5], [7]]",[0.26037451 0.55196474 0.61266008 0.51796485]
954,0.241220702426034,"[[np.int64(0), 2, 6], [np.int64(1), 3], [4, 5], [7]]",[0.62227862 0.18982188 0.61266008 0.51796485]
955,0.24128784646349666,"[[np.int64(0), 3, 6], [np.int64(1)], [np.int64(2), 7], [4, 5]]",[0.66242501 0.10076897 0.56680423 0.61266008]
956,0.2417546730083182,"[[np.int64(0), 3, 5], [np.int64(1), 2], [4, 6], [7]]",[0.63206278 0.1934978  0.59866603 0.51796485]
957,0.24175660327105764,"[[np.int64(0), 4, 5], [np.int64(1), 3], [np.int64(2), 7], [6]]",[0.64401901 0.18982188 0.56680423 0.54154441]
958,0.2418057774490281,"[[np.int64(0), 6], [np.int64(1), 2], [3, 5], [4, 7]]",[0.60153708 0.1934978  0.57066307 0.57644241]
959,0.2418256345288463,"[[np.int64(0), np.int64(1), 3, 6, 7], [2], [4], [5]]",[1.27072999 0.07997568 0.04254282 0.548872  ]
960,0.24183358514697195,"[[np.int64(0), np.int64(1), 4], [2, 6, 7], [3], [5]]",[0.17353005 1.14021286 0.07949763 0.548872  ]
961,0.2422542830789376,"[[np.int64(0)], [np.int64(1), 2, 6, 7], [3, 4], [5]]",[0.05946881 1.22145132 0.11189972 0.548872  ]
962,0.2426060204411482,"[[np.int64(0), 7], [np.int64(1), 4, 6], [np.int64(2), 3], [5]]",[0.56691184 0.66435771 0.16119856 0.548872  ]
963,0.2429232828951322,"[[np.int64(0), np.int64(1), 4, 7], [2, 3], [5], [6]]",[0.68940788 0.16119856 0.548872   0.54154441]
964,0.2432340445079897,"[[np.int64(0), 4, 5], [np.int64(1), 6], [np.int64(2), 3], [7]]",[0.64401901 0.61752967 0.16119856 0.51796485]
965,0.2437640485635395,"[[np.int64(0), 4, 6], [np.int64(1), 2, 7], [3], [5]]",[0.63898605 0.6728264  0.07949763 0.548872  ]
966,0.24379538142997204,"[[np.int64(0), 4, 7], [np.int64(1), 2], [3, 6], [5]]",[0.60571674 0.1934978  0.59206421 0.548872  ]
967,0.24481735787759673,"[[np.int64(0), np.int64(1), 3], [2, 5], [4, 7], [6]]",[0.26037451 0.56076745 0.57644241 0.54154441]
968,0.24497728574740574,"[[np.int64(0)], [np.int64(1), 5], [np.int64(2)], [np.int64(3), 4, 6, 7]]",[0.05946881 0.60447402 0.07997568 1.19505035]
969,0.24527713866460843,"[[np.int64(0), 6], [np.int64(1), 4, 5], [np.int64(2), 3], [7]]",[0.60153708 0.6579685  0.16119856 0.51796485]
970,0.245604906712662,"[[np.int64(0), 5], [np.int64(1), 7], [np.int64(2), 3, 4], [6]]",[0.59990361 0.61123388 0.18565934 0.54154441]
971,0.24595089579170804,"[[np.int64(0), 6, 7], [np.int64(1)], [np.int64(2), 3, 5], [4]]",[1.21039969 0.10076897 0.58428376 0.04254282]
972,0.24605868253511742,"[[np.int64(0), 4, 5], [np.int64(1), 2, 7], [3], [6]]",[0.64401901 0.6728264  0.07949763 0.54154441]
973,0.24617329101680951,"[[np.int64(0), np.int64(1), 3], [2, 5], [4, 6], [7]]",[0.26037451 0.56076745 0.59866603 0.51796485]
974,0.24624654230773357,"[[np.int64(0)], [np.int64(1), 4], [np.int64(2), 3, 5], [6, 7]]",[0.05946881 0.1330182  0.58428376 1.16092882]
975,0.24629246844390562,"[[np.int64(0), np.int64(1), 3], [2, 6], [4, 7], [5]]",[0.26037451 0.55196474 0.57644241 0.548872  ]
976,0.2465312136280391,"[[np.int64(0), 2, 6], [np.int64(1), 3], [4, 7], [5]]",[0.62227862 0.18982188 0.57644241 0.548872  ]
977,0.24663600009961417,"[[np.int64(0), 6], [np.int64(1), 2], [3, 4, 5], [7]]",[0.60153708 0.1934978  0.6243104  0.51796485]
978,0.2467461413504668,"[[np.int64(0), np.int64(1), 6], [2, 7], [3], [4, 5]]",[0.67823805 0.56680423 0.07949763 0.61266008]
979,0.24677182691807453,"[[np.int64(0), 2, 4, 7], [np.int64(1), 3], [5], [6]]",[0.65693602 0.18982188 0.548872   0.54154441]
980,0.2467937814077752,"[[np.int64(0), 7], [np.int64(1), 3, 6], [np.int64(2)], [4, 5]]",[0.56691184 0.67760475 0.07997568 0.61266008]
981,0.24679833523793726,"[[np.int64(0)], [np.int64(1), 4, 5], [np.int64(2), 6, 7], [np.int64(3)]]",[0.05946881 0.6579685  1.14021286 0.07949763]
982,0.24683804934685893,"[[np.int64(0), 3, 6], [np.int64(1), 7], [np.int64(2), 4], [5]]",[0.66242501 0.61123388 0.1145772  0.548872  ]
983,0.24692663691872663,"[[np.int64(0)], [np.int64(1), 2, 7], [3, 6], [4, 5]]",[0.05946881 0.6728264  0.59206421 0.61266008]
984,0.2469738096065075,"[[np.int64(0), np.int64(1), 7], [2, 3, 4], [5], [6]]",[0.66089657 0.18565934 0.548872   0.54154441]
985,0.24738188067994393,"[[np.int64(0), 3], [np.int64(1), 5], [np.int64(2), 6, 7], [4]]",[0.14933456 0.60447402 1.14021286 0.04254282]
986,0.2474481543467102,"[[np.int64(0), np.int64(1), 3], [2, 4, 5], [6], [7]]",[0.26037451 0.61661422 0.54154441 0.51796485]
987,0.2475895765307159,"[[np.int64(0), np.int64(1), np.int64(2)], [3, 7], [4, 5], [6]]",[0.26400351 0.51814856 0.61266008 0.54154441]
988,0.2477173747853081,"[[np.int64(0)], [np.int64(1)], [np.int64(2), 4, 6, 7], [np.int64(3), 5]]",[0.05946881 0.10076897 1.20532792 0.57066307]
989,0.24818632998603052,"[[np.int64(0), 2, 7], [np.int64(1), 6], [3], [4, 5]]",[0.62607243 0.61752967 0.07949763 0.61266008]
990,0.2485394345362586,"[[np.int64(0), np.int64(1), 5], [2, 3], [4, 7], [6]]",[0.65622132 0.16119856 0.57644241 0.54154441]
991,0.24881092255885884,"[[np.int64(0), 6], [np.int64(1), 2, 7], [3, 4], [5]]",[0.60153708 0.6728264  0.11189972 0.548872  ]
992,0.24881970009667342,"[[np.int64(0), np.int64(1), np.int64(2), 7], [3, 4], [5], [6]]",[0.7328103  0.11189972 0.548872   0.54154441]
993,0.24943368378390463,"[[np.int64(0), np.int64(1), 4], [2], [3, 6, 7], [5]]",[0.17353005 0.07997568 1.13213471 0.548872  ]
994,0.2498953676754716,"[[np.int64(0), np.int64(1), 5], [2, 3], [4, 6], [7]]",[0.65622132 0.16119856 0.59866603 0.51796485]
995,0.2499314245574622,"[[np.int64(0), 5], [np.int64(1), 2, 4, 7], [3], [6]]",[0.59990361 0.71306907 0.07949763 0.54154441]
996,0.2500196841670599,"[[np.int64(0), 5], [np.int64(1), 3, 6], [np.int64(2)], [4, 7]]",[0.59990361 0.67760475 0.07997568 0.57644241]
997,0.25051729308181314,"[[np.int64(0), np.int64(1), 4, 6], [2, 3], [5], [7]]",[0.70539343 0.16119856 0.548872   0.51796485]
998,0.2506291641527145,"[[np.int64(0), 4, 7], [np.int64(1), 6], [np.int64(2), 3], [5]]",[0.60571674 0.61752967 0.16119856 0.548872  ]
999,0.2508528220633084,"[[np.int64(0)], [np.int64(1), 3, 6, 7], [np.int64(2), 4], [5]]",[0.05946881 1.21017531 0.1145772  0.548872  ]
1000,0.2508694224683792,"[[np.int64(0), 3], [np.int64(1), 6], [np.int64(2), 4, 7], [5]]",[0.14933456 0.61752967 0.61734049 0.548872  ]
1001,0.2513487201163527,"[[np.int64(0), 5], [np.int64(1), 3, 6, 7], [np.int64(2)], [4]]",[0.59990361 1.21017531 0.07997568 0.04254282]
1002,0.2514641293959736,"[[np.int64(0), np.int64(1)], [2, 7], [3, 6], [4, 5]]",[0.16095348 0.56680423 0.59206421 0.61266008]
1003,0.25178621417140223,"[[np.int64(0), 4], [np.int64(1), 2, 6, 7], [3], [5]]",[0.08233896 1.22145132 0.07949763 0.548872  ]
1004,0.2523804454429044,"[[np.int64(0), 2, 7], [np.int64(1)], [3, 6], [4, 5]]",[0.62607243 0.10076897 0.59206421 0.61266008]
1005,0.2525847857485337,"[[np.int64(0), 5], [np.int64(1), 4, 7], [np.int64(2)], [np.int64(3), 6]]",[0.59990361 0.65941785 0.07997568 0.59206421]
1006,0.25269568166706646,"[[np.int64(0), 7], [np.int64(1), 5], [np.int64(2), 3], [4, 6]]",[0.56691184 0.60447402 0.16119856 0.59866603]
1007,0.2530515298601501,"[[np.int64(0), 2], [np.int64(1), 3, 4, 6], [5], [7]]",[0.14976569 0.71429206 0.548872   0.51796485]
1008,0.253211886653975,"[[np.int64(0), np.int64(1), 6], [2, 3, 4], [5], [7]]",[0.67823805 0.18565934 0.548872   0.51796485]
1009,0.2534348101749926,"[[np.int64(0), 2, 3, 4], [np.int64(1), 6], [5], [7]]",[0.2461448  0.61752967 0.548872   0.51796485]
1010,0.25361746912010785,"[[np.int64(0), 2], [np.int64(1), 7], [3, 5], [4, 6]]",[0.14976569 0.61123388 0.57066307 0.59866603]
1011,0.2537878646460616,"[[np.int64(0), 5], [np.int64(1), 7], [np.int64(2)], [np.int64(3), 4, 6]]",[0.59990361 0.61123388 0.07997568 0.63904511]
1012,0.25385083031078626,"[[np.int64(0), np.int64(1), 3, 6], [2, 4], [5], [7]]",[0.74868125 0.1145772  0.548872   0.51796485]
1013,0.25401718137452556,"[[np.int64(0), 2, 5], [np.int64(1), 3], [4, 7], [6]]",[0.62212026 0.18982188 0.57644241 0.54154441]
1014,0.25413133538560273,"[[np.int64(0), 3, 4, 6], [np.int64(1), 7], [np.int64(2)], [5]]",[0.68973324 0.61123388 0.07997568 0.548872  ]
1015,0.2542073973437575,"[[np.int64(0), 7], [np.int64(1), 2], [3, 5], [4, 6]]",[0.56691184 0.1934978  0.57066307 0.59866603]
1016,0.25425602087193355,"[[np.int64(0), np.int64(1), np.int64(2)], [3, 7], [4, 6], [5]]",[0.26400351 0.51814856 0.59866603 0.548872  ]
1017,0.25439843387487016,"[[np.int64(0)], [np.int64(1), 4, 5], [np.int64(2)], [np.int64(3), 6, 7]]",[0.05946881 0.6579685  0.07997568 1.13213471]
1018,0.25453966533662076,"[[np.int64(0), 3, 6], [np.int64(1)], [np.int64(2), 4, 7], [5]]",[0.66242501 0.10076897 0.61734049 0.548872  ]
1019,0.25457763603074945,"[[np.int64(0), 3], [np.int64(1), 4, 6], [np.int64(2), 7], [5]]",[0.14933456 0.66435771 0.56680423 0.548872  ]
1020,0.25480243138907555,"[[np.int64(0), 6], [np.int64(1), 3, 4], [np.int64(2), 7], [5]]",[0.60153708 0.21193038 0.56680423 0.548872  ]
1021,0.2550288915407686,"[[np.int64(0), 2], [np.int64(1), 5], [3, 6, 7], [4]]",[0.14976569 0.60447402 1.13213471 0.04254282]
1022,0.25515676753990735,"[[np.int64(0), np.int64(1), 7], [2], [3, 4, 6], [5]]",[0.66089657 0.07997568 0.63904511 0.548872  ]
1023,0.25537311451373856,"[[np.int64(0), 2, 5], [np.int64(1), 3], [4, 6], [7]]",[0.62212026 0.18982188 0.59866603 0.51796485]
1024,0.2553773067305569,"[[np.int64(0), 6], [np.int64(1), 3], [np.int64(2), 5], [4, 7]]",[0.60153708 0.18982188 0.56076745 0.57644241]
1025,0.25552691447576437,"[[np.int64(0), 2, 7], [np.int64(1), 3, 4], [5], [6]]",[0.62607243 0.21193038 0.548872   0.54154441]
1026,0.25558970925423785,"[[np.int64(0), np.int64(1), 3], [2, 4, 6], [5], [7]]",[0.26037451 0.60114506 0.548872   0.51796485]
1027,0.25562561915851334,"[[np.int64(0), 4], [np.int64(1)], [np.int64(2), 3, 5], [6, 7]]",[0.08233896 0.10076897 0.58428376 1.16092882]
1028,0.2562077420345883,"[[np.int64(0), 5], [np.int64(1), 2, 4], [3, 6], [7]]",[0.59990361 0.21780572 0.59206421 0.51796485]
1029,0.25632282542012463,"[[np.int64(0), 7], [np.int64(1), 4, 5], [np.int64(2), 3], [6]]",[0.56691184 0.6579685  0.16119856 0.54154441]
1030,0.256406292037779,"[[np.int64(0), np.int64(1), np.int64(2), 4], [3, 6], [5], [7]]",[0.26863877 0.59206421 0.548872   0.51796485]
1031,0.2566533513973084,"[[np.int64(0), 4, 5], [np.int64(1), 7], [np.int64(2)], [np.int64(3), 6]]",[0.64401901 0.61123388 0.07997568 0.59206421]
1032,0.25709175863148137,"[[np.int64(0), 2], [np.int64(1), 7], [3, 4, 5], [6]]",[0.14976569 0.61123388 0.6243104  0.54154441]
1033,0.25727989786637684,"[[np.int64(0), 3, 6], [np.int64(1), 2, 7], [4], [5]]",[0.66242501 0.6728264  0.04254282 0.548872  ]
1034,0.2574267344820862,"[[np.int64(0), 2, 6, 7], [np.int64(1), 5], [3], [4]]",[1.20000493 0.60447402 0.07949763 0.04254282]
1035,0.2576816868551306,"[[np.int64(0), 7], [np.int64(1), 2], [3, 4, 5], [6]]",[0.56691184 0.1934978  0.6243104  0.54154441]
1036,0.2577720008716551,"[[np.int64(0), 5], [np.int64(1), 2, 7], [3, 4], [6]]",[0.59990361 0.6728264  0.11189972 0.54154441]
1037,0.2580081031996708,"[[np.int64(0), 6], [np.int64(1), 3], [np.int64(2), 4, 5], [7]]",[0.60153708 0.18982188 0.61661422 0.51796485]
1038,0.2581026131597848,"[[np.int64(0), 6], [np.int64(1), 2], [3, 7], [4, 5]]",[0.60153708 0.1934978  0.51814856 0.61266008]
1039,0.25827592550918554,"[[np.int64(0), 2, 6], [np.int64(1), 7], [3], [4, 5]]",[0.62227862 0.61123388 0.07949763 0.61266008]
1040,0.2582923504773089,"[[np.int64(0), 7], [np.int64(1), 2, 4], [3, 6], [5]]",[0.56691184 0.21780572 0.59206421 0.548872  ]
1041,0.2586393441998289,"[[np.int64(0), 3, 4], [np.int64(1), 2, 7], [5], [6]]",[0.16206398 0.6728264  0.548872   0.54154441]
1042,0.25875288587392653,"[[np.int64(0), 3], [np.int64(1), 7], [np.int64(2), 6], [4, 5]]",[0.14933456 0.61123388 0.55196474 0.61266008]
1043,0.2587801840225825,"[[np.int64(0), 3, 7], [np.int64(1), 2], [4, 5], [6]]",[0.57746367 0.1934978  0.61266008 0.54154441]
1044,0.2588114920203326,"[[np.int64(0)], [np.int64(1), 2, 3, 5], [4], [6, 7]]",[0.05946881 0.66219419 0.04254282 1.16092882]
1045,0.25900309440147007,"[[np.int64(0), 2], [np.int64(1), 3, 7], [4, 5], [6]]",[0.14976569 0.62097287 0.61266008 0.54154441]
1046,0.2591850948525596,"[[np.int64(0)], [np.int64(1)], [np.int64(2), 6, 7], [np.int64(3), 4, 5]]",[0.05946881 0.10076897 1.14021286 0.6243104 ]
1047,0.25999796022359023,"[[np.int64(0), np.int64(1), 6], [2, 4, 7], [3], [5]]",[0.67823805 0.61734049 0.07949763 0.548872  ]
1048,0.26062901657192117,"[[np.int64(0), 3, 6], [np.int64(1), 5], [np.int64(2)], [4, 7]]",[0.66242501 0.60447402 0.07997568 0.57644241]
1049,0.26065178872753636,"[[np.int64(0), np.int64(1), np.int64(2), 4, 7], [3], [5], [6]]",[0.7533803  0.07949763 0.548872   0.54154441]
1050,0.26119980138444565,"[[np.int64(0), 2], [np.int64(1), 5], [3, 6], [4, 7]]",[0.14976569 0.60447402 0.59206421 0.57644241]
1051,0.26132265985660563,"[[np.int64(0), 4, 6], [np.int64(1), 5], [np.int64(2), 3], [7]]",[0.63898605 0.60447402 0.16119856 0.51796485]
1052,0.2620077626203796,"[[np.int64(0), 3, 5], [np.int64(1), 7], [np.int64(2)], [4, 6]]",[0.63206278 0.61123388 0.07997568 0.59866603]
1053,0.26209083994420324,"[[np.int64(0), np.int64(1), np.int64(2), 6], [3], [4, 5], [7]]",[0.71173274 0.07949763 0.61266008 0.51796485]
1054,0.26255512407517134,"[[np.int64(0), 2], [np.int64(1), 4, 7], [3, 5], [6]]",[0.14976569 0.65941785 0.57066307 0.54154441]
1055,0.2625841793372452,"[[np.int64(0), 4], [np.int64(1), 3, 6, 7], [np.int64(2)], [5]]",[0.08233896 1.21017531 0.07997568 0.548872  ]
1056,0.2625875928503776,"[[np.int64(0), 7], [np.int64(1), 3], [np.int64(2), 6], [4, 5]]",[0.56691184 0.18982188 0.55196474 0.61266008]
1057,0.2628343755332967,"[[np.int64(0), 4, 6], [np.int64(1), 2], [3, 5], [7]]",[0.63898605 0.1934978  0.57066307 0.51796485]
1058,0.2628886705156459,"[[np.int64(0), 5], [np.int64(1), 6], [np.int64(2), 3, 4], [7]]",[0.59990361 0.61752967 0.18565934 0.51796485]
1059,0.26304082158531217,"[[np.int64(0), np.int64(1), np.int64(2)], [3, 4, 7], [5], [6]]",[0.26400351 0.56648539 0.548872   0.54154441]
1060,0.2632835058578191,"[[np.int64(0), 3], [np.int64(1), 2, 6], [4, 5], [7]]",[0.14933456 0.64070315 0.61266008 0.51796485]
1061,0.26373381511253546,"[[np.int64(0)], [np.int64(1), 2, 7], [3, 4, 6], [5]]",[0.05946881 0.6728264  0.63904511 0.548872  ]
1062,0.26376350970187157,"[[np.int64(0), 5], [np.int64(1), 3, 4], [np.int64(2), 7], [6]]",[0.59990361 0.21193038 0.56680423 0.54154441]
1063,0.26391514748117095,"[[np.int64(0), np.int64(1), 3, 4], [2, 7], [5], [6]]",[0.26281034 0.56680423 0.548872   0.54154441]
1064,0.2639442196488355,"[[np.int64(0), 3], [np.int64(1), 7], [np.int64(2), 5], [4, 6]]",[0.14933456 0.61123388 0.56076745 0.59866603]
1065,0.26438183791011105,"[[np.int64(0), 4, 5], [np.int64(1), 3, 6], [np.int64(2)], [7]]",[0.64401901 0.67760475 0.07997568 0.51796485]
1066,0.26466729725666815,"[[np.int64(0), 3], [np.int64(1), 5], [np.int64(2), 7], [4, 6]]",[0.14933456 0.60447402 0.56680423 0.59866603]
1067,0.2647159482690977,"[[np.int64(0), np.int64(1)], [2, 4, 7], [3, 6], [5]]",[0.16095348 0.61734049 0.59206421 0.548872  ]
1068,0.26490162746474755,"[[np.int64(0), 3, 4, 5], [np.int64(1), 2], [6], [7]]",[0.66603745 0.1934978  0.54154441 0.51796485]
1069,0.2649732789583661,"[[np.int64(0), 7], [np.int64(1), 6], [np.int64(2), 3, 4], [5]]",[0.56691184 0.61752967 0.18565934 0.548872  ]
1070,0.26497992089512734,"[[np.int64(0), 3, 6, 7], [np.int64(1), 5], [np.int64(2)], [4]]",[1.19197369 0.60447402 0.07997568 0.04254282]
1071,0.2651463624215247,"[[np.int64(0), 2, 7], [np.int64(1), 4, 6], [3], [5]]",[0.62607243 0.66435771 0.07949763 0.548872  ]
1072,0.2652190829787364,"[[np.int64(0), 3], [np.int64(1), 7], [np.int64(2), 4, 5], [6]]",[0.14933456 0.61123388 0.61661422 0.54154441]
1073,0.2654466283638004,"[[np.int64(0), 3, 7], [np.int64(1), 2], [4, 6], [5]]",[0.57746367 0.1934978  0.59866603 0.548872  ]
1074,0.26547149674795145,"[[np.int64(0), np.int64(1), 5], [2, 6, 7], [3], [4]]",[0.65622132 1.14021286 0.07949763 0.04254282]
1075,0.26561209346419234,"[[np.int64(0), 3, 6], [np.int64(1), 4, 5], [np.int64(2)], [7]]",[0.66242501 0.6579685  0.07997568 0.51796485]
1076,0.2656695387426884,"[[np.int64(0), 2], [np.int64(1), 3, 7], [4, 6], [5]]",[0.14976569 0.62097287 0.59866603 0.548872  ]
1077,0.2658134956096623,"[[np.int64(0), 5], [np.int64(1), 3], [np.int64(2), 6], [4, 7]]",[0.59990361 0.18982188 0.55196474 0.57644241]
1078,0.2661672435523734,"[[np.int64(0), 5], [np.int64(1), 7], [np.int64(2), 4], [np.int64(3), 6]]",[0.59990361 0.61123388 0.1145772  0.59206421]
1079,0.26618287827671705,"[[np.int64(0), 2], [np.int64(1), 4, 5], [3, 6], [7]]",[0.14976569 0.6579685  0.59206421 0.51796485]
1080,0.2668890897116758,"[[np.int64(0), 6], [np.int64(1), 7], [np.int64(2)], [np.int64(3), 4, 5]]",[0.60153708 0.61123388 0.07997568 0.6243104 ]
1081,0.2670814991044388,"[[np.int64(0), 2, 4], [np.int64(1), 7], [3, 6], [5]]",[0.16469454 0.61123388 0.59206421 0.548872  ]
1082,0.2674013511462079,"[[np.int64(0), np.int64(1), np.int64(2), 6], [3], [4, 7], [5]]",[0.71173274 0.07949763 0.57644241 0.548872  ]
1083,0.2674082672506204,"[[np.int64(0)], [np.int64(1), 3, 6], [np.int64(2), 7], [4, 5]]",[0.05946881 0.67760475 0.56680423 0.61266008]
1084,0.2675361464462189,"[[np.int64(0), np.int64(1), 7], [2, 4], [3, 6], [5]]",[0.66089657 0.1145772  0.59206421 0.548872  ]
1085,0.2676567912969099,"[[np.int64(0), np.int64(1), np.int64(2), 7], [3, 6], [4], [5]]",[0.7328103  0.59206421 0.04254282 0.548872  ]
1086,0.2676604432368501,"[[np.int64(0), 2, 3, 6], [np.int64(1)], [4, 5], [7]]",[0.68489179 0.10076897 0.61266008 0.51796485]
1087,0.26777892662528613,"[[np.int64(0), 7], [np.int64(1), 3], [np.int64(2), 5], [4, 6]]",[0.56691184 0.18982188 0.56076745 0.59866603]
1088,0.26789056235633235,"[[np.int64(0)], [np.int64(1)], [np.int64(2), 5], [np.int64(3), 4, 6, 7]]",[0.05946881 0.10076897 0.56076745 1.19505035]
1089,0.267890730425254,"[[np.int64(0)], [np.int64(1), 5], [np.int64(2), 6, 7], [np.int64(3), 4]]",[0.05946881 0.60447402 1.14021286 0.11189972]
1090,0.26823660960238094,"[[np.int64(0)], [np.int64(1), 6, 7], [np.int64(2), 3, 5], [4]]",[0.05946881 1.22941414 0.58428376 0.04254282]
1091,0.2682713075897827,"[[np.int64(0), np.int64(1)], [2, 7], [3, 4, 6], [5]]",[0.16095348 0.56680423 0.63904511 0.548872  ]
1092,0.2682944410097263,"[[np.int64(0), 3], [np.int64(1), 4, 5], [np.int64(2), 7], [6]]",[0.14933456 0.6579685  0.56680423 0.54154441]
1093,0.26835870026041464,"[[np.int64(0), 3, 5], [np.int64(1)], [np.int64(2), 6, 7], [4]]",[0.63206278 0.10076897 1.14021286 0.04254282]
1094,0.2685940170598242,"[[np.int64(0), 3], [np.int64(1), 2, 6], [4, 7], [5]]",[0.14933456 0.64070315 0.57644241 0.548872  ]
1095,0.2687622907955878,"[[np.int64(0), np.int64(1), 3, 7], [2], [4, 5], [6]]",[0.68100368 0.07997568 0.61266008 0.54154441]
1096,0.2688004254816647,"[[np.int64(0), 6], [np.int64(1), 3, 7], [np.int64(2)], [4, 5]]",[0.60153708 0.62097287 0.07997568 0.61266008]
1097,0.26905378995518725,"[[np.int64(0), 7], [np.int64(1), 3], [np.int64(2), 4, 5], [6]]",[0.56691184 0.18982188 0.61661422 0.54154441]
1098,0.26918762363671345,"[[np.int64(0), 2, 7], [np.int64(1)], [3, 4, 6], [5]]",[0.62607243 0.10076897 0.63904511 0.548872  ]
1099,0.2695452997838792,"[[np.int64(0), 2], [np.int64(1), 6], [3, 5], [4, 7]]",[0.14976569 0.61752967 0.57066307 0.57644241]
1100,0.26957390488009514,"[[np.int64(0), np.int64(1)], [2, 6, 7], [3, 5], [4]]",[0.16095348 1.14021286 0.57066307 0.04254282]
1101,0.26967474408526115,"[[np.int64(0), 5], [np.int64(1), 6], [np.int64(2), 4, 7], [np.int64(3)]]",[0.59990361 0.61752967 0.61734049 0.07949763]
1102,0.2699663483383934,"[[np.int64(0), 2, 6, 7], [np.int64(1)], [3, 5], [4]]",[1.20000493 0.10076897 0.57066307 0.04254282]
1103,0.270472043886127,"[[np.int64(0)], [np.int64(1), 2, 4, 7], [3, 6], [5]]",[0.05946881 0.71306907 0.59206421 0.548872  ]
1104,0.2709454175754431,"[[np.int64(0), 3, 5], [np.int64(1), 4, 7], [np.int64(2)], [6]]",[0.63206278 0.65941785 0.07997568 0.54154441]
1105,0.27101241347290905,"[[np.int64(0), 4, 7], [np.int64(1), 5], [np.int64(2), 3], [6]]",[0.60571674 0.60447402 0.16119856 0.54154441]
1106,0.27125267178857393,"[[np.int64(0), 3], [np.int64(1), 5], [np.int64(2), 4, 7], [6]]",[0.14933456 0.60447402 0.61734049 0.54154441]
1107,0.271437704443807,"[[np.int64(0), np.int64(1), 3, 4, 6], [2], [5], [7]]",[0.76569589 0.07997568 0.548872   0.51796485]
1108,0.2717769575548359,"[[np.int64(0), 4, 7], [np.int64(1), 3, 6], [np.int64(2)], [5]]",[0.60571674 0.67760475 0.07997568 0.548872  ]
1109,0.27180993925314056,"[[np.int64(0), 5], [np.int64(1), 3, 4, 6], [np.int64(2)], [7]]",[0.59990361 0.71429206 0.07997568 0.51796485]
1110,0.27235245515536577,"[[np.int64(0), 6], [np.int64(1), 4, 7], [np.int64(2)], [np.int64(3), 5]]",[0.60153708 0.65941785 0.07997568 0.57066307]
1111,0.2724283375968901,"[[np.int64(0), 2, 5], [np.int64(1), 7], [3], [4, 6]]",[0.62212026 0.61123388 0.07949763 0.59866603]
1112,0.2725241291496001,"[[np.int64(0), 4, 7], [np.int64(1), 2], [3, 5], [6]]",[0.60571674 0.1934978  0.57066307 0.54154441]
1113,0.2726964683762496,"[[np.int64(0), 2], [np.int64(1), 5], [3, 4, 6], [7]]",[0.14976569 0.60447402 0.63904511 0.51796485]
1114,0.2728266839867748,"[[np.int64(0), 3, 6], [np.int64(1), 4], [np.int64(2), 7], [5]]",[0.66242501 0.1330182  0.56680423 0.548872  ]
1115,0.2728818746038988,"[[np.int64(0), 3], [np.int64(1), 4, 7], [np.int64(2), 5], [6]]",[0.14933456 0.65941785 0.56076745 0.54154441]
1116,0.272970954438855,"[[np.int64(0), 2, 3, 6], [np.int64(1)], [4, 7], [5]]",[0.68489179 0.10076897 0.57644241 0.548872  ]
1117,0.27307159538488435,"[[np.int64(0), np.int64(1), 5], [2], [3, 6, 7], [4]]",[0.65622132 0.07997568 1.13213471 0.04254282]
1118,0.2731951763735856,"[[np.int64(0), np.int64(1), 4, 5], [2, 3], [6], [7]]",[0.69004314 0.16119856 0.54154441 0.51796485]
1119,0.27329140288071474,"[[np.int64(0)], [np.int64(1), 5], [np.int64(2), 4], [np.int64(3), 6, 7]]",[0.05946881 0.60447402 0.1145772  1.13213471]
1120,0.2733606378862634,"[[np.int64(0), 3], [np.int64(1), 7], [np.int64(2), 4, 6], [5]]",[0.14933456 0.61123388 0.60114506 0.548872  ]
1121,0.2733829576476319,"[[np.int64(0), 5], [np.int64(1), 4, 6], [np.int64(2), 7], [np.int64(3)]]",[0.59990361 0.66435771 0.56680423 0.07949763]
1122,0.27355385821438105,"[[np.int64(0), 6], [np.int64(1), 2], [3, 4, 7], [5]]",[0.60153708 0.1934978  0.56648539 0.548872  ]
1123,0.2736263535874355,"[[np.int64(0), np.int64(1), 4, 7], [2], [3, 6], [5]]",[0.68940788 0.07997568 0.59206421 0.548872  ]
1124,0.2737301358137989,"[[np.int64(0), 5], [np.int64(1), 2], [3, 7], [4, 6]]",[0.59990361 0.1934978  0.51814856 0.59866603]
1125,0.273744781406944,"[[np.int64(0), np.int64(1), 7], [2], [3, 5], [4, 6]]",[0.66089657 0.07997568 0.57066307 0.59866603]
1126,0.2738180594951871,"[[np.int64(0), 2, 3, 4], [np.int64(1), 5], [6], [7]]",[0.2461448  0.60447402 0.54154441 0.51796485]
1127,0.27386885954213547,"[[np.int64(0), 5], [np.int64(1)], [np.int64(2), 4, 7], [np.int64(3), 6]]",[0.59990361 0.10076897 0.61734049 0.59206421]
1128,0.2738800248054667,"[[np.int64(0), 2, 6], [np.int64(1), 4, 7], [3], [5]]",[0.62227862 0.65941785 0.07949763 0.548872  ]
1129,0.27389454769586075,"[[np.int64(0), 7], [np.int64(1), 3, 4, 6], [np.int64(2)], [5]]",[0.56691184 0.71429206 0.07997568 0.548872  ]
1130,0.2738957300651761,"[[np.int64(0), 5], [np.int64(1), 3, 6], [np.int64(2), 4], [7]]",[0.59990361 0.67760475 0.1145772  0.51796485]
1131,0.2743108415230444,"[[np.int64(0), 6], [np.int64(1), 5], [np.int64(2), 3, 4], [7]]",[0.60153708 0.60447402 0.18565934 0.51796485]
1132,0.2743569851702081,"[[np.int64(0), 3], [np.int64(1), 4, 7], [np.int64(2), 6], [5]]",[0.14933456 0.65941785 0.55196474 0.548872  ]
1133,0.27437552243446506,"[[np.int64(0), 2], [np.int64(1), 6], [3, 4, 5], [7]]",[0.14976569 0.61752967 0.6243104  0.51796485]
1134,0.2745683738614977,"[[np.int64(0), 3, 5], [np.int64(1), 2, 4], [6], [7]]",[0.63206278 0.21780572 0.54154441 0.51796485]
1135,0.27480998561724146,"[[np.int64(0), 2, 4], [np.int64(1), 3, 6], [5], [7]]",[0.16469454 0.67760475 0.548872   0.51796485]
1136,0.27495943006063905,"[[np.int64(0)], [np.int64(1)], [np.int64(2), 4, 5], [np.int64(3), 6, 7]]",[0.05946881 0.10076897 0.61661422 1.13213471]
1137,0.2750633262828224,"[[np.int64(0), 6], [np.int64(1), 7], [np.int64(2), 4, 5], [np.int64(3)]]",[0.60153708 0.61123388 0.61661422 0.07949763]
1138,0.2751107364199943,"[[np.int64(0), 5], [np.int64(1), 3], [np.int64(2), 4, 6], [7]]",[0.59990361 0.18982188 0.60114506 0.51796485]
1139,0.2752360236474427,"[[np.int64(0), 2, 7], [np.int64(1), 5], [3], [4, 6]]",[0.62607243 0.60447402 0.07949763 0.59866603]
1140,0.27542873513680566,"[[np.int64(0), np.int64(1), 3, 7], [2], [4, 6], [5]]",[0.68100368 0.07997568 0.59866603 0.548872  ]
1141,0.2755011193834265,"[[np.int64(0), 2, 4, 6], [np.int64(1), 3], [5], [7]]",[0.65178628 0.18982188 0.548872   0.51796485]
1142,0.27597541144142035,"[[np.int64(0), 6], [np.int64(1), 2, 4], [3, 5], [7]]",[0.60153708 0.21780572 0.57066307 0.51796485]
1143,0.2759803385078963,"[[np.int64(0), 7], [np.int64(1), 3, 6], [np.int64(2), 4], [5]]",[0.56691184 0.67760475 0.1145772  0.548872  ]
1144,0.2760955901571933,"[[np.int64(0), 4, 5], [np.int64(1), 6], [np.int64(2), 7], [np.int64(3)]]",[0.64401901 0.61752967 0.56680423 0.07949763]
1145,0.2763206427886953,"[[np.int64(0), 2, 4, 5], [np.int64(1), 3], [6], [7]]",[0.65829435 0.18982188 0.54154441 0.51796485]
1146,0.27640590481482574,"[[np.int64(0), 4, 6], [np.int64(1), 3], [np.int64(2), 5], [7]]",[0.63898605 0.18982188 0.56076745 0.51796485]
1147,0.276609092071892,"[[np.int64(0), 5], [np.int64(1), 2, 7], [3, 6], [4]]",[0.59990361 0.6728264  0.59206421 0.04254282]
1148,0.27704582264939637,"[[np.int64(0), np.int64(1), 3, 6], [2, 7], [4], [5]]",[0.74868125 0.56680423 0.04254282 0.548872  ]
1149,0.27719534486271447,"[[np.int64(0), 7], [np.int64(1), 3], [np.int64(2), 4, 6], [5]]",[0.56691184 0.18982188 0.60114506 0.548872  ]
1150,0.2772190709183173,"[[np.int64(0), np.int64(1), 7], [2], [3, 4, 5], [6]]",[0.66089657 0.07997568 0.6243104  0.54154441]
1151,0.27742266151771866,"[[np.int64(0), 4], [np.int64(1), 5], [np.int64(2), 6, 7], [np.int64(3)]]",[0.08233896 0.60447402 1.14021286 0.07949763]
1152,0.27742421886282065,"[[np.int64(0), 5], [np.int64(1)], [np.int64(2), 7], [np.int64(3), 4, 6]]",[0.59990361 0.10076897 0.56680423 0.63904511]
1153,0.27776768960236153,"[[np.int64(0), 3, 4, 6], [np.int64(1)], [np.int64(2), 7], [5]]",[0.68973324 0.10076897 0.56680423 0.548872  ]
1154,0.27793559328415074,"[[np.int64(0), 3, 5], [np.int64(1), 6], [np.int64(2)], [4, 7]]",[0.63206278 0.61752967 0.07997568 0.57644241]
1155,0.27813212463206005,"[[np.int64(0), np.int64(1), 6], [2, 7], [3, 4], [5]]",[0.67823805 0.56680423 0.11189972 0.548872  ]
1156,0.2781386843138123,"[[np.int64(0), 6], [np.int64(1), 4, 5], [np.int64(2), 7], [np.int64(3)]]",[0.60153708 0.6579685  0.56680423 0.07949763]
1157,0.27862692531519895,"[[np.int64(0), np.int64(1), 6], [2], [3, 5], [4, 7]]",[0.67823805 0.07997568 0.57066307 0.57644241]
1158,0.2788631674005011,"[[np.int64(0), 2, 7], [np.int64(1), 4, 5], [3], [6]]",[0.62607243 0.6579685  0.07949763 0.54154441]
1159,0.27892711038465445,"[[np.int64(0), np.int64(1), 7], [2, 6], [3], [4, 5]]",[0.66089657 0.55196474 0.07949763 0.61266008]
1160,0.2792425052285614,"[[np.int64(0), np.int64(1), 5], [2], [3, 6], [4, 7]]",[0.65622132 0.07997568 0.59206421 0.57644241]
1161,0.2795723132676238,"[[np.int64(0), 2, 7], [np.int64(1), 6], [3, 4], [5]]",[0.62607243 0.61752967 0.11189972 0.548872  ]
1162,0.27987205031260665,"[[np.int64(0), 3], [np.int64(1), 6], [np.int64(2), 5], [4, 7]]",[0.14933456 0.61752967 0.56076745 0.57644241]
1163,0.2801756493527132,"[[np.int64(0), 4, 5], [np.int64(1), 3], [np.int64(2), 6], [7]]",[0.64401901 0.18982188 0.55196474 0.51796485]
1164,0.2802897056140674,"[[np.int64(0), 4, 5], [np.int64(1)], [np.int64(2), 7], [np.int64(3), 6]]",[0.64401901 0.10076897 0.56680423 0.59206421]
1165,0.28037327181389204,"[[np.int64(0), 2], [np.int64(1), 3, 5], [4, 7], [6]]",[0.14976569 0.63582035 0.57644241 0.54154441]
1166,0.28058319852324654,"[[np.int64(0)], [np.int64(1), 4], [np.int64(2), 6, 7], [np.int64(3), 5]]",[0.05946881 0.1330182  1.14021286 0.57066307]
1167,0.2806600861237445,"[[np.int64(0)], [np.int64(1), 3, 6], [np.int64(2), 4, 7], [5]]",[0.05946881 0.67760475 0.61734049 0.548872  ]
1168,0.28109691509265966,"[[np.int64(0), 6], [np.int64(1), 5], [np.int64(2), 4, 7], [np.int64(3)]]",[0.60153708 0.60447402 0.61734049 0.07949763]
1169,0.2811108138042102,"[[np.int64(0), 2, 4, 7], [np.int64(1), 6], [3], [5]]",[0.65693602 0.61752967 0.07949763 0.548872  ]
1170,0.28119482101736826,"[[np.int64(0), 2], [np.int64(1), 4, 6], [3, 5], [7]]",[0.14976569 0.66435771 0.57066307 0.51796485]
1171,0.2813659925519536,"[[np.int64(0), 2, 5], [np.int64(1), 4, 7], [3], [6]]",[0.62212026 0.65941785 0.07949763 0.54154441]
1172,0.28172920495310505,"[[np.int64(0), 2], [np.int64(1), 3, 5], [4, 6], [7]]",[0.14976569 0.63582035 0.59866603 0.51796485]
1173,0.2823218289795726,"[[np.int64(0)], [np.int64(1), 2, 7], [3, 5], [4, 6]]",[0.05946881 0.6728264  0.57066307 0.59866603]
1174,0.28250284678172033,"[[np.int64(0), 3], [np.int64(1), 6], [np.int64(2), 4, 5], [7]]",[0.14933456 0.61752967 0.61661422 0.51796485]
1175,0.2825149365271773,"[[np.int64(0), 5], [np.int64(1), 2], [3, 4, 7], [6]]",[0.59990361 0.1934978  0.56648539 0.54154441]
1176,0.28255621428696553,"[[np.int64(0), np.int64(1), 5], [2, 3, 4], [6], [7]]",[0.65622132 0.18565934 0.54154441 0.51796485]
1177,0.28272611790798474,"[[np.int64(0), 6], [np.int64(1), 4, 7], [np.int64(2), 5], [np.int64(3)]]",[0.60153708 0.65941785 0.56076745 0.07949763]
1178,0.282756913324675,"[[np.int64(0), np.int64(1), 5], [2, 7], [3], [4, 6]]",[0.65622132 0.56680423 0.07949763 0.59866603]
1179,0.2829002738019035,"[[np.int64(0), 2, 6], [np.int64(1), 3, 4], [5], [7]]",[0.62227862 0.21193038 0.548872   0.51796485]
1180,0.2830874651453581,"[[np.int64(0), 4, 6], [np.int64(1), 7], [np.int64(2)], [np.int64(3), 5]]",[0.63898605 0.61123388 0.07997568 0.57066307]
1181,0.283378838731017,"[[np.int64(0), np.int64(1), 4, 6], [2, 7], [3], [5]]",[0.70539343 0.56680423 0.07949763 0.548872  ]
1182,0.2834571479657848,"[[np.int64(0), np.int64(1), 6], [2], [3, 4, 5], [7]]",[0.67823805 0.07997568 0.6243104  0.51796485]
1183,0.2835422931808478,"[[np.int64(0), 3, 6], [np.int64(1)], [np.int64(2), 5], [4, 7]]",[0.66242501 0.10076897 0.56076745 0.57644241]
1184,0.28391928296618296,"[[np.int64(0), 2, 7], [np.int64(1), 4], [3, 6], [5]]",[0.62607243 0.1330182  0.59206421 0.548872  ]
1185,0.284118444159563,"[[np.int64(0), np.int64(1), 7], [2, 5], [3], [4, 6]]",[0.66089657 0.56076745 0.07949763 0.59866603]
1186,0.2841734359174217,"[[np.int64(0), 7], [np.int64(1), 2, 6], [3], [4, 5]]",[0.56691184 0.64070315 0.07949763 0.61266008]
1187,0.28442794813567884,"[[np.int64(0), 5], [np.int64(1), 3, 7], [np.int64(2)], [4, 6]]",[0.59990361 0.62097287 0.07997568 0.59866603]
1188,0.2844417224460587,"[[np.int64(0), 4, 6], [np.int64(1), 2], [3, 7], [5]]",[0.63898605 0.1934978  0.51814856 0.548872  ]
1189,0.28450506247003715,"[[np.int64(0), 3, 6], [np.int64(1), 5], [np.int64(2), 4], [7]]",[0.66242501 0.60447402 0.1145772  0.51796485]
1190,0.2845278753792828,"[[np.int64(0), 3, 5], [np.int64(1), 7], [np.int64(2), 4], [6]]",[0.63206278 0.61123388 0.1145772  0.54154441]
1191,0.28474792755034284,"[[np.int64(0), 2], [np.int64(1), 3, 4, 7], [5], [6]]",[0.14976569 0.65901611 0.548872   0.54154441]
1192,0.28502276015465156,"[[np.int64(0), 4], [np.int64(1), 5], [np.int64(2)], [np.int64(3), 6, 7]]",[0.08233896 0.60447402 0.07997568 1.13213471]
1193,0.28513503975740706,"[[np.int64(0), np.int64(1), np.int64(2), 4], [3, 5], [6], [7]]",[0.26863877 0.57066307 0.54154441 0.51796485]
1194,0.28515471707680873,"[[np.int64(0), 3, 4, 5], [np.int64(1), 7], [np.int64(2)], [6]]",[0.66603745 0.61123388 0.07997568 0.54154441]
1195,0.2853049292610841,"[[np.int64(0), 2, 4, 7], [np.int64(1)], [3, 6], [5]]",[0.65693602 0.10076897 0.59206421 0.548872  ]
1196,0.2853565282785606,"[[np.int64(0), 7], [np.int64(1), 5], [np.int64(2), 3, 4], [6]]",[0.56691184 0.60447402 0.18565934 0.54154441]
1197,0.2853933074894641,"[[np.int64(0), np.int64(1), 7], [2, 4, 5], [3], [6]]",[0.66089657 0.61661422 0.07949763 0.54154441]
1198,0.28564411683713864,"[[np.int64(0), 3, 5], [np.int64(1)], [np.int64(2), 7], [4, 6]]",[0.63206278 0.10076897 0.56680423 0.59866603]
1199,0.28579611849094544,"[[np.int64(0)], [np.int64(1), 2, 7], [3, 4, 5], [6]]",[0.05946881 0.6728264  0.6243104  0.54154441]
1200,0.2858421354946361,"[[np.int64(0), 2], [np.int64(1), 6], [3, 7], [4, 5]]",[0.14976569 0.61752967 0.51814856 0.61266008]
1201,0.28593491295920526,"[[np.int64(0), 6], [np.int64(1), 7], [np.int64(2), 4], [np.int64(3), 5]]",[0.60153708 0.61123388 0.1145772  0.57066307]
1202,0.2859822086214603,"[[np.int64(0)], [np.int64(1), 2, 3, 7], [4, 5], [6]]",[0.05946881 0.68429064 0.61266008 0.54154441]
1203,0.28609565843112894,"[[np.int64(0), 4, 7], [np.int64(1), 3], [np.int64(2), 5], [6]]",[0.60571674 0.18982188 0.56076745 0.54154441]
1204,0.2861730896499617,"[[np.int64(0), 3, 6], [np.int64(1)], [np.int64(2), 4, 5], [7]]",[0.66242501 0.10076897 0.61661422 0.51796485]
1205,0.28637937387385826,"[[np.int64(0), 2, 5], [np.int64(1)], [3, 6, 7], [4]]",[0.62212026 0.10076897 1.13213471 0.04254282]
1206,0.28673635641763684,"[[np.int64(0), 4, 5], [np.int64(1), 2], [3, 7], [6]]",[0.64401901 0.1934978  0.51814856 0.54154441]
1207,0.2868593214568196,"[[np.int64(0), np.int64(1)], [2, 7], [3, 5], [4, 6]]",[0.16095348 0.56680423 0.57066307 0.59866603]
1208,0.28702109819693655,"[[np.int64(0), 7], [np.int64(1), 2, 4], [3, 5], [6]]",[0.56691184 0.21780572 0.57066307 0.54154441]
1209,0.2870258961124277,"[[np.int64(0), 7], [np.int64(1), 4, 5], [np.int64(2)], [np.int64(3), 6]]",[0.56691184 0.6579685  0.07997568 0.59206421]
1210,0.2873993386767064,"[[np.int64(0), 5], [np.int64(1), 2, 6], [3], [4, 7]]",[0.59990361 0.64070315 0.07949763 0.57644241]
1211,0.28750215581370986,"[[np.int64(0), 3], [np.int64(1), 2, 5], [4, 7], [6]]",[0.14933456 0.62912261 0.57644241 0.54154441]
1212,0.2875476662696477,"[[np.int64(0), np.int64(1)], [2, 5], [3, 6, 7], [4]]",[0.16095348 0.56076745 1.13213471 0.04254282]
1213,0.28757076899743805,"[[np.int64(0), 4, 7], [np.int64(1), 3], [np.int64(2), 6], [5]]",[0.60571674 0.18982188 0.55196474 0.548872  ]
1214,0.2877756375037501,"[[np.int64(0), 2, 7], [np.int64(1)], [3, 5], [4, 6]]",[0.62607243 0.10076897 0.57066307 0.59866603]
1215,0.28780890849373053,"[[np.int64(0), 5], [np.int64(1), 6], [np.int64(2), 7], [np.int64(3), 4]]",[0.59990361 0.61752967 0.56680423 0.11189972]
1216,0.2878445512927845,"[[np.int64(0), 4], [np.int64(1), 2, 7], [3, 6], [5]]",[0.08233896 0.6728264  0.59206421 0.548872  ]
1217,0.28789319750405395,"[[np.int64(0), 3, 6, 7], [np.int64(1)], [np.int64(2), 5], [4]]",[1.19197369 0.10076897 0.56076745 0.04254282]
1218,0.2880478597652891,"[[np.int64(0), np.int64(1), 3, 5], [2], [4, 7], [6]]",[0.69793578 0.07997568 0.57644241 0.54154441]
1219,0.28815792983815425,"[[np.int64(0), np.int64(1)], [2, 3, 6], [4, 5], [7]]",[0.16095348 0.6042098  0.61266008 0.51796485]
1220,0.2881848459644323,"[[np.int64(0), 3], [np.int64(1), 2, 4, 6], [5], [7]]",[0.14933456 0.67958988 0.548872   0.51796485]
1221,0.28835616826066124,"[[np.int64(0), 2, 5], [np.int64(1), 6], [3], [4, 7]]",[0.62212026 0.61752967 0.07949763 0.57644241]
1222,0.2886762518219046,"[[np.int64(0), 3, 4], [np.int64(1), 6], [np.int64(2), 7], [5]]",[0.16206398 0.61752967 0.56680423 0.548872  ]
1223,0.2888541271776788,"[[np.int64(0), 2, 7], [np.int64(1), 3, 6], [4], [5]]",[0.62607243 0.67760475 0.04254282 0.548872  ]
1224,0.2888580889529224,"[[np.int64(0), 3], [np.int64(1), 2, 5], [4, 6], [7]]",[0.14933456 0.62912261 0.59866603 0.51796485]
1225,0.2890005880678177,"[[np.int64(0), np.int64(1), 6], [2, 5], [3], [4, 7]]",[0.67823805 0.56076745 0.07949763 0.57644241]
1226,0.2893422878565812,"[[np.int64(0), np.int64(1), 5], [2, 4, 7], [3], [6]]",[0.65622132 0.61734049 0.07949763 0.54154441]
1227,0.2894037929045017,"[[np.int64(0), np.int64(1), 3, 5], [2], [4, 6], [7]]",[0.69793578 0.07997568 0.59866603 0.51796485]
1228,0.2895851145176398,"[[np.int64(0), 3, 5], [np.int64(1), 4, 6], [np.int64(2)], [7]]",[0.63206278 0.66435771 0.07997568 0.51796485]
1229,0.2896619087907788,"[[np.int64(0), 2, 6], [np.int64(1), 7], [3, 4], [5]]",[0.62227862 0.61123388 0.11189972 0.548872  ]
1230,0.28982012199880236,"[[np.int64(0)], [np.int64(1), 2, 6, 7], [3, 5], [4]]",[0.05946881 1.22145132 0.57066307 0.04254282]
1231,0.2899622753740263,"[[np.int64(0), 4], [np.int64(1)], [np.int64(2), 6, 7], [np.int64(3), 5]]",[0.08233896 0.10076897 1.14021286 0.57066307]
1232,0.29017060289408625,"[[np.int64(0), 6], [np.int64(1), 3, 5], [np.int64(2)], [4, 7]]",[0.60153708 0.63582035 0.07997568 0.57644241]
1233,0.29033361096819266,"[[np.int64(0), np.int64(1)], [2, 7], [3, 4, 5], [6]]",[0.16095348 0.56680423 0.6243104  0.54154441]
1234,0.29038624154839043,"[[np.int64(0), 2, 5], [np.int64(1), 3, 4], [6], [7]]",[0.62212026 0.21193038 0.54154441 0.51796485]
1235,0.2905254439284346,"[[np.int64(0), 6], [np.int64(1)], [np.int64(2), 7], [np.int64(3), 4, 5]]",[0.60153708 0.10076897 0.56680423 0.6243104 ]
1236,0.2906231785431006,"[[np.int64(0), 2, 3, 7], [np.int64(1)], [4, 5], [6]]",[0.6383495  0.10076897 0.61266008 0.54154441]
1237,0.2906652756036583,"[[np.int64(0), np.int64(1), np.int64(2), np.int64(3), 6], [4], [5], [7]]",[0.78390118 0.04254282 0.548872   0.51796485]
1238,0.2907391722203656,"[[np.int64(0), np.int64(1), 5], [2], [3, 4, 6], [7]]",[0.65622132 0.07997568 0.63904511 0.51796485]
1239,0.2912499270151234,"[[np.int64(0), 2, 7], [np.int64(1)], [3, 4, 5], [6]]",[0.62607243 0.10076897 0.6243104  0.54154441]
1240,0.2913489238737095,"[[np.int64(0)], [np.int64(1), 2, 3, 6], [4, 5], [7]]",[0.05946881 0.70250348 0.61266008 0.51796485]
1241,0.2915215715460959,"[[np.int64(0), 3], [np.int64(1), 4, 6], [np.int64(2), 5], [7]]",[0.14933456 0.66435771 0.56076745 0.51796485]
1242,0.2916313845369314,"[[np.int64(0), np.int64(1), 6], [2, 4, 5], [3], [7]]",[0.67823805 0.61661422 0.07949763 0.51796485]
1243,0.2917463669044218,"[[np.int64(0), 6], [np.int64(1), 3, 4], [np.int64(2), 5], [7]]",[0.60153708 0.21193038 0.56076745 0.51796485]
1244,0.29179834850878117,"[[np.int64(0), 3, 4, 6], [np.int64(1), 5], [np.int64(2)], [7]]",[0.68973324 0.60447402 0.07997568 0.51796485]
1245,0.29215587819228994,"[[np.int64(0), 5], [np.int64(1), 4], [np.int64(2), 7], [np.int64(3), 6]]",[0.59990361 0.1330182  0.56680423 0.59206421]
1246,0.2921659595031456,"[[np.int64(0), 5], [np.int64(1), 7], [np.int64(2), 4, 6], [np.int64(3)]]",[0.59990361 0.61123388 0.60114506 0.07949763]
1247,0.29222949136904464,"[[np.int64(0), 3, 5], [np.int64(1)], [np.int64(2), 4, 7], [6]]",[0.63206278 0.10076897 0.61734049 0.54154441]
1248,0.29255028371753533,"[[np.int64(0), 2, 5], [np.int64(1)], [3, 6], [4, 7]]",[0.62212026 0.10076897 0.59206421 0.57644241]
1249,0.292556342466578,"[[np.int64(0), 2, 4, 6], [np.int64(1), 7], [3], [5]]",[0.65178628 0.61123388 0.07949763 0.548872  ]
1250,0.2926486529626784,"[[np.int64(0)], [np.int64(1), 2, 3, 7], [4, 6], [5]]",[0.05946881 0.68429064 0.59866603 0.548872  ]
1251,0.2931623067870901,"[[np.int64(0), 5], [np.int64(1), 4, 7], [np.int64(2), 6], [np.int64(3)]]",[0.59990361 0.65941785 0.55196474 0.07949763]
1252,0.29337586587184683,"[[np.int64(0), 2, 4, 5], [np.int64(1), 7], [3], [6]]",[0.65829435 0.61123388 0.07949763 0.54154441]
1253,0.29344469598872536,"[[np.int64(0), np.int64(1)], [2, 4, 7], [3, 5], [6]]",[0.16095348 0.61734049 0.57066307 0.54154441]
1254,0.29346112789797707,"[[np.int64(0), 4, 6], [np.int64(1), 7], [np.int64(2), 5], [np.int64(3)]]",[0.63898605 0.61123388 0.56076745 0.07949763]
1255,0.29346844104015934,"[[np.int64(0), np.int64(1)], [2, 3, 6], [4, 7], [5]]",[0.16095348 0.6042098  0.57644241 0.548872  ]
1256,0.2934768232257967,"[[np.int64(0), np.int64(1), np.int64(2), 6], [3, 4], [5], [7]]",[0.71173274 0.11189972 0.548872   0.51796485]
1257,0.2935348623969911,"[[np.int64(0), np.int64(1), 7], [2, 4, 6], [3], [5]]",[0.66089657 0.60114506 0.07949763 0.548872  ]
1258,0.29353948621196047,"[[np.int64(0), 7], [np.int64(1), 5], [np.int64(2)], [np.int64(3), 4, 6]]",[0.56691184 0.60447402 0.07997568 0.63904511]
1259,0.2936365289489671,"[[np.int64(0), 6], [np.int64(1)], [np.int64(2), 4, 7], [np.int64(3), 5]]",[0.60153708 0.10076897 0.61734049 0.57066307]
1260,0.29371857611332475,"[[np.int64(0), np.int64(1)], [2, 5], [3, 6], [4, 7]]",[0.16095348 0.56076745 0.59206421 0.57644241]
1261,0.2939040940222346,"[[np.int64(0), 3, 4, 7], [np.int64(1), 2], [5], [6]]",[0.60612783 0.1934978  0.548872   0.54154441]
1262,0.2941842055058097,"[[np.int64(0), 4, 6], [np.int64(1), 5], [np.int64(2), 7], [np.int64(3)]]",[0.63898605 0.60447402 0.56680423 0.07949763]
1263,0.29450903353870594,"[[np.int64(0)], [np.int64(1), 3, 4, 6], [np.int64(2), 7], [5]]",[0.05946881 0.71429206 0.56680423 0.548872  ]
1264,0.29454525863053727,"[[np.int64(0), 6], [np.int64(1), 3, 4, 7], [np.int64(2)], [5]]",[0.60153708 0.65901611 0.07997568 0.548872  ]
1265,0.29492376102595586,"[[np.int64(0), np.int64(1), 6], [2], [3, 7], [4, 5]]",[0.67823805 0.07997568 0.51814856 0.61266008]
1266,0.29496972389880094,"[[np.int64(0), 3, 5], [np.int64(1), 2, 7], [4], [6]]",[0.63206278 0.6728264  0.04254282 0.54154441]
1267,0.2951395347679384,"[[np.int64(0), 4, 6], [np.int64(1), 3, 7], [np.int64(2)], [5]]",[0.63898605 0.62097287 0.07997568 0.548872  ]
1268,0.2952185402701759,"[[np.int64(0), 7], [np.int64(1), 6], [np.int64(2)], [np.int64(3), 4, 5]]",[0.56691184 0.61752967 0.07997568 0.6243104 ]
1269,0.29527056821288955,"[[np.int64(0), np.int64(1), np.int64(2), 5], [3], [4, 7], [6]]",[0.69119112 0.07949763 0.57644241 0.54154441]
1270,0.2954970825587544,"[[np.int64(0), 2], [np.int64(1), 3, 4, 5], [6], [7]]",[0.14976569 0.6791741  0.54154441 0.51796485]
1271,0.29581024682406665,"[[np.int64(0), 2, 4], [np.int64(1), 7], [3, 5], [6]]",[0.16469454 0.61123388 0.57066307 0.54154441]
1272,0.2962648941658468,"[[np.int64(0), np.int64(1), 7], [2, 4], [3, 5], [6]]",[0.66089657 0.1145772  0.57066307 0.54154441]
1273,0.29631703743762783,"[[np.int64(0), 3, 7], [np.int64(1), 6], [np.int64(2)], [4, 5]]",[0.57746367 0.61752967 0.07997568 0.61266008]
1274,0.29634424710692486,"[[np.int64(0), np.int64(1), np.int64(2), np.int64(3), 7], [4], [5], [6]]",[0.75464266 0.04254282 0.548872   0.54154441]
1275,0.29634937258243865,"[[np.int64(0), np.int64(1)], [2, 4, 5], [3, 6], [7]]",[0.16095348 0.61661422 0.59206421 0.51796485]
1276,0.2963735811799988,"[[np.int64(0)], [np.int64(1), 7], [np.int64(2), 3, 6], [4, 5]]",[0.05946881 0.61123388 0.6042098  0.61266008]
1277,0.2963767614787238,"[[np.int64(0), 6], [np.int64(1), 2, 7], [3, 5], [4]]",[0.60153708 0.6728264  0.57066307 0.04254282]
1278,0.29638553901653775,"[[np.int64(0), np.int64(1), np.int64(2), 7], [3, 5], [4], [6]]",[0.7328103  0.57066307 0.04254282 0.54154441]
1279,0.29640563845882184,"[[np.int64(0), 2, 3, 6], [np.int64(1), 7], [4], [5]]",[0.68489179 0.61123388 0.04254282 0.548872  ]
1280,0.29662650135210256,"[[np.int64(0), np.int64(1), np.int64(2), 5], [3], [4, 6], [7]]",[0.69119112 0.07949763 0.59866603 0.51796485]
1281,0.2966594350757146,"[[np.int64(0)], [np.int64(1), 2, 3, 6], [4, 7], [5]]",[0.05946881 0.70250348 0.57644241 0.548872  ]
1282,0.297090722403786,"[[np.int64(0), 5], [np.int64(1), 3, 6], [np.int64(2), 7], [4]]",[0.59990361 0.67760475 0.56680423 0.04254282]
1283,0.2971478765372655,"[[np.int64(0), 2, 5], [np.int64(1), 7], [3, 4], [6]]",[0.62212026 0.61123388 0.11189972 0.54154441]
1284,0.29723087243586477,"[[np.int64(0), 4, 5], [np.int64(1), 7], [np.int64(2), 6], [np.int64(3)]]",[0.64401901 0.61123388 0.55196474 0.07949763]
1285,0.29728962288431826,"[[np.int64(0), 2, 3, 7], [np.int64(1)], [4, 6], [5]]",[0.6383495  0.10076897 0.59866603 0.548872  ]
1286,0.29734639911779537,"[[np.int64(0), 6], [np.int64(1), 2, 5], [3], [4, 7]]",[0.60153708 0.62912261 0.07949763 0.57644241]
1287,0.2974341687395168,"[[np.int64(0), 4, 5], [np.int64(1), 3, 7], [np.int64(2)], [6]]",[0.64401901 0.62097287 0.07997568 0.54154441]
1288,0.29758275835418235,"[[np.int64(0), 6], [np.int64(1), 2, 4], [3, 7], [5]]",[0.60153708 0.21780572 0.51814856 0.548872  ]
1289,0.29790428732608354,"[[np.int64(0)], [np.int64(1)], [np.int64(2), 3, 6, 7], [4, 5]]",[0.05946881 0.10076897 1.113144   0.61266008]
1290,0.29794884789570864,"[[np.int64(0), np.int64(1), 3, 7], [2, 4], [5], [6]]",[0.68100368 0.1145772  0.548872   0.54154441]
1291,0.2979869825817856,"[[np.int64(0), 6], [np.int64(1), 3, 7], [np.int64(2), 4], [5]]",[0.60153708 0.62097287 0.1145772  0.548872  ]
1292,0.29826032921697987,"[[np.int64(0), 3, 7], [np.int64(1), 2, 4], [5], [6]]",[0.57746367 0.21780572 0.548872   0.54154441]
1293,0.29850800189329685,"[[np.int64(0), 6], [np.int64(1), 7], [np.int64(2), 5], [np.int64(3), 4]]",[0.60153708 0.61123388 0.56076745 0.11189972]
1294,0.29855695991279907,"[[np.int64(0)], [np.int64(1), 4], [np.int64(2), 5], [np.int64(3), 6, 7]]",[0.05946881 0.1330182  0.56076745 1.13213471]
1295,0.29919928076012847,"[[np.int64(0), 2, 3, 6], [np.int64(1), 4], [5], [7]]",[0.68489179 0.1330182  0.548872   0.51796485]
1296,0.29920079160575463,"[[np.int64(0)], [np.int64(1), 2, 4, 7], [3, 5], [6]]",[0.05946881 0.71306907 0.57066307 0.54154441]
1297,0.29923107950112904,"[[np.int64(0), 6], [np.int64(1), 5], [np.int64(2), 7], [np.int64(3), 4]]",[0.60153708 0.60447402 0.56680423 0.11189972]
1298,0.2993954495539122,"[[np.int64(0), 7], [np.int64(1)], [np.int64(2), 3, 6], [4, 5]]",[0.56691184 0.10076897 0.6042098  0.61266008]
1299,0.2999555625878181,"[[np.int64(0), 2, 7], [np.int64(1), 5], [3, 4], [6]]",[0.62607243 0.60447402 0.11189972 0.54154441]
1300,0.3000056894941503,"[[np.int64(0), 2, 5], [np.int64(1), 4, 6], [3], [7]]",[0.62212026 0.66435771 0.07949763 0.51796485]
1301,0.3000749783888885,"[[np.int64(0), np.int64(1)], [2, 3, 7], [4, 5], [6]]",[0.16095348 0.56871319 0.61266008 0.54154441]
1302,0.30026681134913025,"[[np.int64(0), 6], [np.int64(1)], [np.int64(2), 3, 7], [4, 5]]",[0.60153708 0.10076897 0.56871319 0.61266008]
1303,0.3004265403770998,"[[np.int64(0), 3], [np.int64(1), 2, 4, 5], [6], [7]]",[0.14933456 0.67467578 0.54154441 0.51796485]
1304,0.3008590829965172,"[[np.int64(0), np.int64(1), 3, 4], [2, 5], [6], [7]]",[0.26281034 0.56076745 0.54154441 0.51796485]
1305,0.3012534498343691,"[[np.int64(0), 2, 6], [np.int64(1), 5], [3], [4, 7]]",[0.62227862 0.60447402 0.07949763 0.57644241]
1306,0.30129338054923216,"[[np.int64(0), 2], [np.int64(1), 6], [3, 4, 7], [5]]",[0.14976569 0.61752967 0.56648539 0.548872  ]
1307,0.30149406312440474,"[[np.int64(0), 2, 4, 7], [np.int64(1), 5], [3], [6]]",[0.65693602 0.60447402 0.07949763 0.54154441]
1308,0.3017154841652121,"[[np.int64(0), 4, 7], [np.int64(1), 5], [np.int64(2)], [np.int64(3), 6]]",[0.60571674 0.60447402 0.07997568 0.59206421]
1309,0.3017304101991103,"[[np.int64(0), 3], [np.int64(1), 5], [np.int64(2), 6], [4, 7]]",[0.14933456 0.60447402 0.55196474 0.57644241]
1310,0.3017614924197569,"[[np.int64(0), 4, 5], [np.int64(1), 2, 6], [3], [7]]",[0.64401901 0.64070315 0.07949763 0.51796485]
1311,0.3018116391822667,"[[np.int64(0), 3, 5], [np.int64(1), 6], [np.int64(2), 4], [7]]",[0.63206278 0.61752967 0.1145772  0.51796485]
1312,0.3020378388530789,"[[np.int64(0), 7], [np.int64(1), 4, 6], [np.int64(2)], [np.int64(3), 5]]",[0.56691184 0.66435771 0.07997568 0.57066307]
1313,0.30218255578352693,"[[np.int64(0), 5], [np.int64(1), 3, 4], [np.int64(2), 6], [7]]",[0.59990361 0.21193038 0.55196474 0.51796485]
1314,0.3023341935628263,"[[np.int64(0), np.int64(1), 3, 4], [2, 6], [5], [7]]",[0.26281034 0.55196474 0.548872   0.51796485]
1315,0.30235510130706333,"[[np.int64(0), np.int64(1), 4, 7], [2], [3, 5], [6]]",[0.68940788 0.07997568 0.57066307 0.54154441]
1316,0.30243848087979264,"[[np.int64(0), 3, 4, 5], [np.int64(1), 6], [np.int64(2)], [7]]",[0.66603745 0.61752967 0.07997568 0.51796485]
1317,0.3025029712133145,"[[np.int64(0), np.int64(1), 6], [2, 4], [3, 5], [7]]",[0.67823805 0.1145772  0.57066307 0.51796485]
1318,0.30257222278881546,"[[np.int64(0), 7], [np.int64(1), 3, 5], [np.int64(2)], [4, 6]]",[0.56691184 0.63582035 0.07997568 0.59866603]
1319,0.3026213523131971,"[[np.int64(0), 5], [np.int64(1)], [np.int64(2), 3, 6], [4, 7]]",[0.59990361 0.10076897 0.6042098  0.57644241]
1320,0.3026756318643078,"[[np.int64(0), np.int64(1), 4], [2, 7], [3, 6], [5]]",[0.17353005 0.56680423 0.59206421 0.548872  ]
1321,0.3027920536599378,"[[np.int64(0), 7], [np.int64(1), 3, 4], [np.int64(2), 5], [6]]",[0.56691184 0.21193038 0.56076745 0.54154441]
1322,0.3028021679301305,"[[np.int64(0), 2], [np.int64(1), 4, 6], [3, 7], [5]]",[0.14976569 0.66435771 0.51814856 0.548872  ]
1323,0.3031185511266774,"[[np.int64(0), np.int64(1), 5], [2, 4], [3, 6], [7]]",[0.65622132 0.1145772  0.59206421 0.51796485]
1324,0.3033927768413227,"[[np.int64(0), 7], [np.int64(1), 6], [np.int64(2), 4, 5], [np.int64(3)]]",[0.56691184 0.61752967 0.61661422 0.07949763]
1325,0.3035063369433333,"[[np.int64(0), 5], [np.int64(1), 3, 4, 7], [np.int64(2)], [6]]",[0.59990361 0.65901611 0.07997568 0.54154441]
1326,0.30389824706588864,"[[np.int64(0), np.int64(1), 4, 5], [2], [3, 6], [7]]",[0.69004314 0.07997568 0.59206421 0.51796485]
1327,0.3040469507093393,"[[np.int64(0), 2, 5], [np.int64(1)], [3, 4, 6], [7]]",[0.62212026 0.10076897 0.63904511 0.51796485]
1328,0.30426716422624733,"[[np.int64(0), 7], [np.int64(1), 3, 4], [np.int64(2), 6], [5]]",[0.56691184 0.21193038 0.55196474 0.548872  ]
1329,0.304565023924283,"[[np.int64(0)], [np.int64(1), 7], [np.int64(2), 4, 5], [np.int64(3), 6]]",[0.05946881 0.61123388 0.61661422 0.59206421]
1330,0.30474851222761745,"[[np.int64(0), 2, 4], [np.int64(1), 5], [3, 6], [7]]",[0.16469454 0.60447402 0.59206421 0.51796485]
1331,0.30521524310512915,"[[np.int64(0), np.int64(1)], [2, 5], [3, 4, 6], [7]]",[0.16095348 0.56076745 0.63904511 0.51796485]
1332,0.3052944136389488,"[[np.int64(0), 6], [np.int64(1), 3, 4, 5], [np.int64(2)], [7]]",[0.60153708 0.6791741  0.07997568 0.51796485]
1333,0.3059012920549369,"[[np.int64(0)], [np.int64(1), 3, 5], [np.int64(2), 6, 7], [4]]",[0.05946881 0.63582035 1.14021286 0.04254282]
1334,0.30591886511827204,"[[np.int64(0), 7], [np.int64(1), 5], [np.int64(2), 4], [np.int64(3), 6]]",[0.56691184 0.60447402 0.1145772  0.59206421]
1335,0.30605672202278944,"[[np.int64(0), np.int64(1), 4, 5], [2, 7], [3], [6]]",[0.69004314 0.56680423 0.07949763 0.54154441]
1336,0.30623652672664026,"[[np.int64(0), 2, 6], [np.int64(1), 4, 5], [3], [7]]",[0.62227862 0.6579685  0.07949763 0.51796485]
1337,0.3065438366669784,"[[np.int64(0), 5], [np.int64(1), 2, 4], [3, 7], [6]]",[0.59990361 0.21780572 0.51814856 0.54154441]
1338,0.3066648449958722,"[[np.int64(0), np.int64(1), np.int64(2), 4, 6], [3], [5], [7]]",[0.7309468  0.07949763 0.548872   0.51796485]
1339,0.3067035854618294,"[[np.int64(0), 6], [np.int64(1), 2, 3, 7], [4], [5]]",[0.60153708 0.68429064 0.04254282 0.548872  ]
1340,0.3067134870913819,"[[np.int64(0), 3], [np.int64(1), 4, 5], [np.int64(2), 6], [7]]",[0.14933456 0.6579685  0.55196474 0.51796485]
1341,0.3067180349640144,"[[np.int64(0)], [np.int64(1)], [np.int64(2), 3, 4, 6, 7], [5]]",[0.05946881 0.10076897 1.16811832 0.548872  ]
1342,0.3067238193621171,"[[np.int64(0), 4, 6], [np.int64(1)], [np.int64(2), 7], [np.int64(3), 5]]",[0.63898605 0.10076897 0.56680423 0.57066307]
1343,0.30674142273010685,"[[np.int64(0), np.int64(1)], [2, 3, 7], [4, 6], [5]]",[0.16095348 0.56871319 0.59866603 0.548872  ]
1344,0.30674238667016906,"[[np.int64(0), np.int64(1), np.int64(2), 4], [3, 7], [5], [6]]",[0.26863877 0.51814856 0.548872   0.54154441]
1345,0.3069480608945818,"[[np.int64(0), 5], [np.int64(1), 3, 7], [np.int64(2), 4], [6]]",[0.59990361 0.62097287 0.1145772  0.54154441]
1346,0.3069769772008146,"[[np.int64(0), 3, 6], [np.int64(1), 7], [np.int64(2), 5], [4]]",[0.66242501 0.61123388 0.56076745 0.04254282]
1347,0.3069901675813145,"[[np.int64(0), 5], [np.int64(1), 2, 4, 6], [3], [7]]",[0.59990361 0.67958988 0.07949763 0.51796485]
1348,0.3074764522650504,"[[np.int64(0), np.int64(1), 5], [2, 7], [3, 4], [6]]",[0.65622132 0.56680423 0.11189972 0.54154441]
1349,0.3075868922981968,"[[np.int64(0), 7], [np.int64(1)], [np.int64(2), 4, 5], [np.int64(3), 6]]",[0.56691184 0.10076897 0.61661422 0.59206421]
1350,0.3076403819552731,"[[np.int64(0)], [np.int64(1), 4, 5], [np.int64(2), 7], [np.int64(3), 6]]",[0.05946881 0.6579685  0.56680423 0.59206421]
1351,0.30770005480864704,"[[np.int64(0), 3, 6], [np.int64(1), 5], [np.int64(2), 7], [4]]",[0.66242501 0.60447402 0.56680423 0.04254282]
1352,0.3078623164466474,"[[np.int64(0), 2, 4], [np.int64(1), 3, 7], [5], [6]]",[0.16469454 0.62097287 0.548872   0.54154441]
1353,0.30793603676357795,"[[np.int64(0), 4], [np.int64(1)], [np.int64(2), 5], [np.int64(3), 6, 7]]",[0.08233896 0.10076897 0.56076745 1.13213471]
1354,0.3083261816246785,"[[np.int64(0), 4], [np.int64(1), 3, 6], [np.int64(2), 7], [5]]",[0.08233896 0.67760475 0.56680423 0.548872  ]
1355,0.3083364235342667,"[[np.int64(0), 3, 4], [np.int64(1), 7], [np.int64(2), 5], [6]]",[0.16206398 0.61123388 0.56076745 0.54154441]
1356,0.30845815877178984,"[[np.int64(0), 2, 3, 6, 7], [np.int64(1)], [4], [5]]",[1.18330418 0.10076897 0.04254282 0.548872  ]
1357,0.30879107129356775,"[[np.int64(0), 3, 4, 5], [np.int64(1)], [np.int64(2), 7], [6]]",[0.66603745 0.10076897 0.56680423 0.54154441]
1358,0.30883798309993815,"[[np.int64(0), np.int64(1), 7], [2, 5], [3, 4], [6]]",[0.66089657 0.56076745 0.11189972 0.54154441]
1359,0.30894419077240176,"[[np.int64(0), 5], [np.int64(1), 7], [np.int64(2), 6], [np.int64(3), 4]]",[0.59990361 0.61123388 0.55196474 0.11189972]
1360,0.3090595011420991,"[[np.int64(0), 3, 4], [np.int64(1), 5], [np.int64(2), 7], [6]]",[0.16206398 0.60447402 0.56680423 0.54154441]
1361,0.30907477602403466,"[[np.int64(0), 7], [np.int64(1), 2, 4, 6], [3], [5]]",[0.56691184 0.67958988 0.07949763 0.548872  ]
1362,0.3091566120644822,"[[np.int64(0), 4, 7], [np.int64(1), 2, 6], [3], [5]]",[0.60571674 0.64070315 0.07949763 0.548872  ]
1363,0.30918566990496976,"[[np.int64(0), 2, 3, 5], [np.int64(1)], [4, 7], [6]]",[0.65600468 0.10076897 0.57644241 0.54154441]
1364,0.3096627139679715,"[[np.int64(0)], [np.int64(1), 3, 6], [np.int64(2), 5], [4, 7]]",[0.05946881 0.67760475 0.56076745 0.57644241]
1365,0.30974801901252436,"[[np.int64(0), 7], [np.int64(1), 2, 5], [3], [4, 6]]",[0.56691184 0.62912261 0.07949763 0.59866603]
1366,0.30977061950212104,"[[np.int64(0), 3, 6], [np.int64(1), 4], [np.int64(2), 5], [7]]",[0.66242501 0.1330182  0.56076745 0.51796485]
1367,0.30981153410057605,"[[np.int64(0), 3, 4], [np.int64(1), 7], [np.int64(2), 6], [5]]",[0.16206398 0.61123388 0.55196474 0.548872  ]
1368,0.30994911149374405,"[[np.int64(0), np.int64(1), 4, 6], [2], [3, 5], [7]]",[0.70539343 0.07997568 0.57066307 0.51796485]
1369,0.3100609825646454,"[[np.int64(0), 4, 7], [np.int64(1), 6], [np.int64(2)], [np.int64(3), 5]]",[0.60571674 0.61752967 0.07997568 0.57066307]
1370,0.31027078368118577,"[[np.int64(0), 6], [np.int64(1), 2, 4, 5], [3], [7]]",[0.60153708 0.67467578 0.07949763 0.51796485]
1371,0.3103130936662475,"[[np.int64(0), np.int64(1), 7], [2, 6], [3, 4], [5]]",[0.66089657 0.55196474 0.11189972 0.548872  ]
1372,0.3103750060805519,"[[np.int64(0), np.int64(1), 6], [2], [3, 4, 7], [5]]",[0.67823805 0.07997568 0.56648539 0.548872  ]
1373,0.3105165100191989,"[[np.int64(0), 3, 5], [np.int64(1), 4], [np.int64(2), 7], [6]]",[0.63206278 0.1330182  0.56680423 0.54154441]
1374,0.3105416030441823,"[[np.int64(0), 2, 3, 5], [np.int64(1)], [4, 6], [7]]",[0.65600468 0.10076897 0.59866603 0.51796485]
1375,0.3105986127341207,"[[np.int64(0)], [np.int64(1), 5], [np.int64(2), 4, 7], [np.int64(3), 6]]",[0.05946881 0.60447402 0.61734049 0.59206421]
1376,0.31065962967483074,"[[np.int64(0), 2, 4, 5], [np.int64(1), 6], [3], [7]]",[0.65829435 0.61752967 0.07949763 0.51796485]
1377,0.3109917499172643,"[[np.int64(0)], [np.int64(1), 3, 6, 7], [np.int64(2), 5], [4]]",[0.05946881 1.21017531 0.56076745 0.04254282]
1378,0.3110276510094421,"[[np.int64(0), 3], [np.int64(1), 5], [np.int64(2), 4, 6], [7]]",[0.14933456 0.60447402 0.60114506 0.51796485]
1379,0.3111992009783553,"[[np.int64(0), 4, 6], [np.int64(1), 3, 5], [np.int64(2)], [7]]",[0.63898605 0.63582035 0.07997568 0.51796485]
1380,0.3119235475991218,"[[np.int64(0), 6], [np.int64(1), 4], [np.int64(2), 7], [np.int64(3), 5]]",[0.60153708 0.1330182  0.56680423 0.57066307]
1381,0.3119239056634049,"[[np.int64(0), np.int64(1), 3, 5], [2, 4], [6], [7]]",[0.69793578 0.1145772  0.54154441 0.51796485]
1382,0.31197768047627994,"[[np.int64(0)], [np.int64(1), 4, 7], [np.int64(2), 3, 6], [5]]",[0.05946881 0.65941785 0.6042098  0.548872  ]
1383,0.3120815940468338,"[[np.int64(0), 2, 3, 4, 6], [np.int64(1)], [5], [7]]",[0.70425872 0.10076897 0.548872   0.51796485]
1384,0.31222781554944556,"[[np.int64(0)], [np.int64(1), 4, 7], [np.int64(2), 5], [np.int64(3), 6]]",[0.05946881 0.65941785 0.56076745 0.59206421]
1385,0.31229351043708564,"[[np.int64(0)], [np.int64(1), 3, 6], [np.int64(2), 4, 5], [7]]",[0.05946881 0.67760475 0.61661422 0.51796485]
1386,0.3124115016056981,"[[np.int64(0), 7], [np.int64(1), 4, 6], [np.int64(2), 5], [np.int64(3)]]",[0.56691184 0.66435771 0.56076745 0.07949763]
1387,0.3126480306858104,"[[np.int64(0), 2, 7], [np.int64(1), 4], [3, 5], [6]]",[0.62607243 0.1330182  0.57066307 0.54154441]
1388,0.3127287640596823,"[[np.int64(0), np.int64(1), 4, 7], [2, 5], [3], [6]]",[0.68940788 0.56076745 0.07949763 0.54154441]
1389,0.3128918291560485,"[[np.int64(0), 2], [np.int64(1), 5], [3, 7], [4, 6]]",[0.14976569 0.60447402 0.51814856 0.59866603]
1390,0.3129064157030823,"[[np.int64(0), np.int64(1)], [2, 3, 4, 6], [5], [7]]",[0.16095348 0.64324938 0.548872   0.51796485]
1391,0.3130940106270508,"[[np.int64(0), 2, 4], [np.int64(1), 6], [3, 5], [7]]",[0.16469454 0.61752967 0.57066307 0.51796485]
1392,0.313277069873122,"[[np.int64(0), 3, 7], [np.int64(1), 4, 6], [np.int64(2)], [5]]",[0.57746367 0.66435771 0.07997568 0.548872  ]
1393,0.3134308944469735,"[[np.int64(0)], [np.int64(1), 7], [np.int64(2), 5], [np.int64(3), 4, 6]]",[0.05946881 0.61123388 0.56076745 0.63904511]
1394,0.31347481075629435,"[[np.int64(0), 5], [np.int64(1), 2, 6], [3, 4], [7]]",[0.59990361 0.64070315 0.11189972 0.51796485]
1395,0.3137930636906765,"[[np.int64(0), 2, 6], [np.int64(1)], [3, 5], [4, 7]]",[0.62227862 0.10076897 0.57066307 0.57644241]
1396,0.3139897581647426,"[[np.int64(0), np.int64(1), 3, 6], [2, 5], [4], [7]]",[0.74868125 0.56076745 0.04254282 0.51796485]
1397,0.31403367698071194,"[[np.int64(0), 2, 4, 7], [np.int64(1)], [3, 5], [6]]",[0.65693602 0.10076897 0.57066307 0.54154441]
1398,0.31404664879220223,"[[np.int64(0), 6], [np.int64(1), 3, 5], [np.int64(2), 4], [7]]",[0.60153708 0.63582035 0.1145772  0.51796485]
1399,0.3141539720548059,"[[np.int64(0)], [np.int64(1), 5], [np.int64(2), 7], [np.int64(3), 4, 6]]",[0.05946881 0.60447402 0.56680423 0.63904511]
1400,0.3141797888895159,"[[np.int64(0), np.int64(1), 3, 4, 7], [2], [5], [6]]",[0.69937425 0.07997568 0.548872   0.54154441]
1401,0.3142038746259914,"[[np.int64(0), np.int64(1), 4, 7], [2, 6], [3], [5]]",[0.68940788 0.55196474 0.07949763 0.548872  ]
1402,0.3142643635177056,"[[np.int64(0), 7], [np.int64(1), 6], [np.int64(2), 4], [np.int64(3), 5]]",[0.56691184 0.61752967 0.1145772  0.57066307]
1403,0.3143421540844682,"[[np.int64(0), 3, 4], [np.int64(1), 2, 6], [5], [7]]",[0.16206398 0.64070315 0.548872   0.51796485]
1404,0.3144316403402494,"[[np.int64(0), 2, 5], [np.int64(1), 6], [3, 4], [7]]",[0.62212026 0.61752967 0.11189972 0.51796485]
1405,0.314711625117708,"[[np.int64(0), 3, 4, 6], [np.int64(1)], [np.int64(2), 5], [7]]",[0.68973324 0.10076897 0.56076745 0.51796485]
1406,0.3148537451317055,"[[np.int64(0), 2, 4, 5], [np.int64(1)], [3, 6], [7]]",[0.65829435 0.10076897 0.59206421 0.51796485]
1407,0.31507606014740586,"[[np.int64(0), np.int64(1), 6], [2, 5], [3, 4], [7]]",[0.67823805 0.56076745 0.11189972 0.51796485]
1408,0.3155594191990143,"[[np.int64(0), 7], [np.int64(1), 2, 6], [3, 4], [5]]",[0.56691184 0.64070315 0.11189972 0.548872  ]
1409,0.3156646637746252,"[[np.int64(0), 5], [np.int64(1), 2, 3, 7], [4], [6]]",[0.59990361 0.68429064 0.04254282 0.54154441]
1410,0.3158330261130211,"[[np.int64(0)], [np.int64(1), 6], [np.int64(2), 7], [np.int64(3), 4, 5]]",[0.05946881 0.61752967 0.56680423 0.6243104 ]
1411,0.3158943340031444,"[[np.int64(0), 5], [np.int64(1)], [np.int64(2), 3, 7], [4, 6]]",[0.59990361 0.10076897 0.56871319 0.59866603]
1412,0.3159849677375024,"[[np.int64(0), 2, 5], [np.int64(1), 7], [3, 6], [4]]",[0.62212026 0.61123388 0.59206421 0.04254282]
1413,0.31634010039446525,"[[np.int64(0), 7], [np.int64(1), 3, 4, 5], [np.int64(2)], [6]]",[0.56691184 0.6791741  0.07997568 0.54154441]
1414,0.3164527628208871,"[[np.int64(0), 7], [np.int64(1)], [np.int64(2), 5], [np.int64(3), 4, 6]]",[0.56691184 0.10076897 0.56076745 0.63904511]
1415,0.3165189729091067,"[[np.int64(0), 2], [np.int64(1), 4, 5], [3, 7], [6]]",[0.14976569 0.6579685  0.51814856 0.54154441]
1416,0.3165732990124124,"[[np.int64(0), 4], [np.int64(1), 2, 7], [3, 5], [6]]",[0.08233896 0.6728264  0.57066307 0.54154441]
1417,0.3169835060562476,"[[np.int64(0), 4, 5], [np.int64(1)], [np.int64(2), 3, 6], [7]]",[0.64401901 0.10076897 0.6042098  0.51796485]
1418,0.3183749972020642,"[[np.int64(0), 4, 6], [np.int64(1), 2, 5], [3], [7]]",[0.63898605 0.62912261 0.07949763 0.51796485]
1419,0.31843383120621116,"[[np.int64(0), np.int64(1)], [2, 3, 6, 7], [4], [5]]",[0.16095348 1.113144   0.04254282 0.548872  ]
1420,0.31862328634126236,"[[np.int64(0), 2, 6], [np.int64(1)], [3, 4, 5], [7]]",[0.62227862 0.10076897 0.6243104  0.51796485]
1421,0.3187786100388086,"[[np.int64(0), 2, 5], [np.int64(1), 4], [3, 6], [7]]",[0.62212026 0.1330182  0.59206421 0.51796485]
1422,0.318792653788055,"[[np.int64(0), 2, 7], [np.int64(1), 5], [3, 6], [4]]",[0.62607243 0.60447402 0.59206421 0.04254282]
1423,0.3189441111335538,"[[np.int64(0)], [np.int64(1), 6], [np.int64(2), 4, 7], [np.int64(3), 5]]",[0.05946881 0.61752967 0.61734049 0.57066307]
1424,0.3196683494414514,"[[np.int64(0)], [np.int64(1), 2, 3, 4, 7], [5], [6]]",[0.05946881 0.71439257 0.548872   0.54154441]
1425,0.3198200262671178,"[[np.int64(0), np.int64(1), 5], [2, 6], [3], [4, 7]]",[0.65622132 0.55196474 0.07949763 0.57644241]
1426,0.3200517899422226,"[[np.int64(0), 5], [np.int64(1), 6], [np.int64(2)], [np.int64(3), 4, 7]]",[0.59990361 0.61752967 0.07997568 0.56648539]
1427,0.320322774246363,"[[np.int64(0), np.int64(1), 4, 6], [2, 5], [3], [7]]",[0.70539343 0.56076745 0.07949763 0.51796485]
1428,0.3204346453172644,"[[np.int64(0), 4, 7], [np.int64(1), 6], [np.int64(2), 5], [np.int64(3)]]",[0.60571674 0.61752967 0.56076745 0.07949763]
1429,0.3206771869155791,"[[np.int64(0)], [np.int64(1), 2, 5], [3, 6, 7], [4]]",[0.05946881 0.62912261 1.13213471 0.04254282]
1430,0.32072207819347764,"[[np.int64(0), np.int64(1)], [2, 3, 5], [4, 7], [6]]",[0.16095348 0.58428376 0.57644241 0.54154441]
1431,0.3208889545946585,"[[np.int64(0), 4, 7], [np.int64(1), 3, 5], [np.int64(2)], [6]]",[0.60571674 0.63582035 0.07997568 0.54154441]
1432,0.32091391115371914,"[[np.int64(0), 6], [np.int64(1)], [np.int64(2), 3, 5], [4, 7]]",[0.60153708 0.10076897 0.58428376 0.57644241]
1433,0.3210313790268746,"[[np.int64(0), 5], [np.int64(1), 2, 3, 6], [4], [7]]",[0.59990361 0.70250348 0.04254282 0.51796485]
1434,0.32112206704492685,"[[np.int64(0)], [np.int64(1), 7], [np.int64(2), 3, 4, 6], [5]]",[0.05946881 0.61123388 0.64324938 0.548872  ]
1435,0.321316470436702,"[[np.int64(0), 7], [np.int64(1), 2, 4, 5], [3], [6]]",[0.56691184 0.67467578 0.07949763 0.54154441]
1436,0.3213460402924777,"[[np.int64(0), np.int64(1), np.int64(2), 5], [3, 4], [6], [7]]",[0.69119112 0.11189972 0.54154441 0.51796485]
1437,0.3215605773231207,"[[np.int64(0), 5], [np.int64(1), 4, 6], [np.int64(2)], [np.int64(3), 7]]",[0.59990361 0.66435771 0.07997568 0.51814856]
1438,0.3216766298694269,"[[np.int64(0), 2], [np.int64(1), 5], [3, 4, 7], [6]]",[0.14976569 0.60447402 0.56648539 0.54154441]
1439,0.32205932697612005,"[[np.int64(0), 5], [np.int64(1)], [np.int64(2), 3, 4, 6], [7]]",[0.59990361 0.10076897 0.64324938 0.51796485]
1440,0.32207801133269087,"[[np.int64(0), np.int64(1)], [2, 3, 5], [4, 6], [7]]",[0.16095348 0.58428376 0.59866603 0.51796485]
1441,0.32216201606637895,"[[np.int64(0), 2, 3, 7], [np.int64(1), 4], [5], [6]]",[0.6383495  0.1330182  0.548872   0.54154441]
1442,0.3226523246959241,"[[np.int64(0)], [np.int64(1), 4, 6], [np.int64(2), 7], [np.int64(3), 5]]",[0.05946881 0.66435771 0.56680423 0.57066307]
1443,0.3227072297795808,"[[np.int64(0), 3, 5], [np.int64(1)], [np.int64(2), 6], [4, 7]]",[0.63206278 0.10076897 0.55196474 0.57644241]
1444,0.32284433545520774,"[[np.int64(0), np.int64(1), 3, 4, 5], [2], [6], [7]]",[0.72161686 0.07997568 0.54154441 0.51796485]
1445,0.323115987469595,"[[np.int64(0), 7], [np.int64(1), 2, 3, 6], [4], [5]]",[0.56691184 0.70250348 0.04254282 0.548872  ]
1446,0.3231867086316611,"[[np.int64(0)], [np.int64(1), 3, 5], [np.int64(2), 7], [4, 6]]",[0.05946881 0.63582035 0.56680423 0.59866603]
1447,0.32336673109904046,"[[np.int64(0), 3, 7], [np.int64(1), 5], [np.int64(2)], [4, 6]]",[0.57746367 0.60447402 0.07997568 0.59866603]
1448,0.32342187119738375,"[[np.int64(0), 6], [np.int64(1), 2, 5], [3, 4], [7]]",[0.60153708 0.62912261 0.11189972 0.51796485]
1449,0.323467531114604,"[[np.int64(0), np.int64(1)], [2, 3, 4, 7], [5], [6]]",[0.16095348 0.60910871 0.548872   0.54154441]
1450,0.3236593640748455,"[[np.int64(0), 6], [np.int64(1)], [np.int64(2), 3, 4, 7], [5]]",[0.60153708 0.10076897 0.60910871 0.548872  ]
1451,0.32371345425030484,"[[np.int64(0), 2, 5], [np.int64(1), 3, 6], [4], [7]]",[0.62212026 0.67760475 0.04254282 0.51796485]
1452,0.32392198265706384,"[[np.int64(0), 2, 4], [np.int64(1), 3, 5], [6], [7]]",[0.16469454 0.63582035 0.54154441 0.51796485]
1453,0.32392243439926216,"[[np.int64(0), np.int64(1)], [2, 6], [3, 5], [4, 7]]",[0.16095348 0.55196474 0.57066307 0.57644241]
1454,0.3241103181260765,"[[np.int64(0), np.int64(1), 6], [2, 4], [3, 7], [5]]",[0.67823805 0.1145772  0.51814856 0.548872  ]
1455,0.32414393541884046,"[[np.int64(0), 7], [np.int64(1)], [np.int64(2), 3, 4, 6], [5]]",[0.56691184 0.10076897 0.64324938 0.548872  ]
1456,0.32427320983268215,"[[np.int64(0), 4, 5], [np.int64(1), 6], [np.int64(2)], [np.int64(3), 7]]",[0.64401901 0.61752967 0.07997568 0.51814856]
1457,0.3243786257009731,"[[np.int64(0), 4, 7], [np.int64(1)], [np.int64(2), 3, 6], [5]]",[0.60571674 0.10076897 0.6042098  0.548872  ]
1458,0.3246287607741385,"[[np.int64(0), 4, 7], [np.int64(1)], [np.int64(2), 5], [np.int64(3), 6]]",[0.60571674 0.10076897 0.56076745 0.59206421]
1459,0.3250066315208766,"[[np.int64(0), 3, 5], [np.int64(1), 6], [np.int64(2), 7], [4]]",[0.63206278 0.61752967 0.56680423 0.04254282]
1460,0.32509233554771866,"[[np.int64(0), 7], [np.int64(1), 3, 5], [np.int64(2), 4], [6]]",[0.56691184 0.63582035 0.1145772  0.54154441]
1461,0.3255035945377487,"[[np.int64(0), 3, 7], [np.int64(1), 6], [np.int64(2), 4], [5]]",[0.57746367 0.61752967 0.1145772  0.548872  ]
1462,0.3255743935337172,"[[np.int64(0)], [np.int64(1), 6], [np.int64(2), 3, 7], [4, 5]]",[0.05946881 0.61752967 0.56871319 0.61266008]
1463,0.32562018733725084,"[[np.int64(0), 3, 4], [np.int64(1), 6], [np.int64(2), 5], [7]]",[0.16206398 0.61752967 0.56076745 0.51796485]
1464,0.3256979635519244,"[[np.int64(0), np.int64(1), 6], [2, 7], [3, 5], [4]]",[0.67823805 0.56680423 0.57066307 0.04254282]
1465,0.32605603633316393,"[[np.int64(0), 5], [np.int64(1), 7], [np.int64(2), 3, 6], [4]]",[0.59990361 0.61123388 0.6042098  0.04254282]
1466,0.3263135434652873,"[[np.int64(0), np.int64(1), 5], [2, 7], [3, 6], [4]]",[0.65622132 0.56680423 0.59206421 0.04254282]
1467,0.3263163039893011,"[[np.int64(0), 6], [np.int64(1), 4, 5], [np.int64(2)], [np.int64(3), 7]]",[0.60153708 0.6579685  0.07997568 0.51814856]
1468,0.32639099783291403,"[[np.int64(0)], [np.int64(1), 2, 3, 4, 6], [5], [7]]",[0.05946881 0.73124948 0.548872   0.51796485]
1469,0.32660592063540417,"[[np.int64(0), 4, 6], [np.int64(1)], [np.int64(2), 3, 7], [5]]",[0.63898605 0.10076897 0.56871319 0.548872  ]
1470,0.32683745245179696,"[[np.int64(0), 7], [np.int64(1), 6], [np.int64(2), 5], [np.int64(3), 4]]",[0.56691184 0.61752967 0.56076745 0.11189972]
1471,0.3268480967592562,"[[np.int64(0)], [np.int64(1), 2, 5], [3, 6], [4, 7]]",[0.05946881 0.62912261 0.59206421 0.57644241]
1472,0.3269001229955182,"[[np.int64(0), 4], [np.int64(1), 2, 3, 7], [5], [6]]",[0.08233896 0.68429064 0.548872   0.54154441]
1473,0.32699387485209885,"[[np.int64(0), 3, 7], [np.int64(1), 4, 5], [np.int64(2)], [6]]",[0.57746367 0.6579685  0.07997568 0.54154441]
1474,0.3271381521874881,"[[np.int64(0), 2, 7], [np.int64(1), 6], [3, 5], [4]]",[0.62607243 0.61752967 0.57066307 0.04254282]
1475,0.327328921913957,"[[np.int64(0), 2, 6], [np.int64(1), 5], [3, 4], [7]]",[0.62227862 0.60447402 0.11189972 0.51796485]
1476,0.32742493922700966,"[[np.int64(0), np.int64(1), 7], [2, 3, 6], [4], [5]]",[0.66089657 0.6042098  0.04254282 0.548872  ]
1477,0.3275867424792489,"[[np.int64(0), 5], [np.int64(1)], [np.int64(2), 3, 6, 7], [4]]",[0.59990361 0.10076897 1.113144   0.04254282]
1478,0.32760341715098384,"[[np.int64(0), 7], [np.int64(1), 4, 5], [np.int64(2), 6], [np.int64(3)]]",[0.56691184 0.6579685  0.55196474 0.07949763]
1479,0.32767507430017506,"[[np.int64(0), np.int64(1), 7], [2, 5], [3, 6], [4]]",[0.66089657 0.56076745 0.59206421 0.04254282]
1480,0.32786761772133555,"[[np.int64(0), np.int64(1), np.int64(2), 4, 5], [3], [6], [7]]",[0.71707163 0.07949763 0.54154441 0.51796485]
1481,0.3280647508183674,"[[np.int64(0), 4, 7], [np.int64(1), 2, 5], [3], [6]]",[0.60571674 0.62912261 0.07949763 0.54154441]
1482,0.328752657049848,"[[np.int64(0), np.int64(1)], [2, 6], [3, 4, 5], [7]]",[0.16095348 0.55196474 0.6243104  0.51796485]
1483,0.32884967863447034,"[[np.int64(0), 5], [np.int64(1), 4], [np.int64(2), 3, 6], [7]]",[0.59990361 0.1330182  0.6042098  0.51796485]
1484,0.3289005546069823,"[[np.int64(0), 4, 5], [np.int64(1)], [np.int64(2), 3, 7], [6]]",[0.64401901 0.10076897 0.56871319 0.54154441]
1485,0.3291172670774496,"[[np.int64(0), np.int64(1), 5], [2, 4, 6], [3], [7]]",[0.65622132 0.60114506 0.07949763 0.51796485]
1486,0.32912477103473603,"[[np.int64(0)], [np.int64(1), 2, 3, 6, 7], [4], [5]]",[0.05946881 1.20393773 0.04254282 0.548872  ]
1487,0.3294431248493619,"[[np.int64(0)], [np.int64(1), 4], [np.int64(2), 3, 6, 7], [5]]",[0.05946881 0.1330182  1.113144   0.548872  ]
1488,0.3297720831635671,"[[np.int64(0)], [np.int64(1), 3, 5], [np.int64(2), 4, 7], [6]]",[0.05946881 0.63582035 0.61734049 0.54154441]
1489,0.33008989940143296,"[[np.int64(0), 2, 6], [np.int64(1)], [3, 7], [4, 5]]",[0.62227862 0.10076897 0.51814856 0.61266008]
1490,0.3302233555897567,"[[np.int64(0), 2, 4, 6], [np.int64(1), 5], [3], [7]]",[0.65178628 0.60447402 0.07949763 0.51796485]
1491,0.3302936626745354,"[[np.int64(0)], [np.int64(1), 7], [np.int64(2), 3, 5], [4, 6]]",[0.05946881 0.61123388 0.58428376 0.59866603]
1492,0.3309342870771903,"[[np.int64(0), 7], [np.int64(1), 4], [np.int64(2), 3, 6], [5]]",[0.56691184 0.1330182  0.6042098  0.548872  ]
1493,0.3309345330001643,"[[np.int64(0), np.int64(1), 5], [2], [3, 7], [4, 6]]",[0.65622132 0.07997568 0.51814856 0.59866603]
1494,0.33118442215035615,"[[np.int64(0), 7], [np.int64(1), 4], [np.int64(2), 5], [np.int64(3), 6]]",[0.56691184 0.1330182  0.56076745 0.59206421]
1495,0.33140437958393565,"[[np.int64(0), np.int64(1), 4], [2, 7], [3, 5], [6]]",[0.17353005 0.56680423 0.57066307 0.54154441]
1496,0.3314409474372799,"[[np.int64(0), 3, 4, 7], [np.int64(1), 6], [np.int64(2)], [5]]",[0.60612783 0.61752967 0.07997568 0.548872  ]
1497,0.3314529690540522,"[[np.int64(0)], [np.int64(1), 3, 4, 6], [np.int64(2), 5], [7]]",[0.05946881 0.71429206 0.56076745 0.51796485]
1498,0.3314739609496211,"[[np.int64(0), 6], [np.int64(1), 5], [np.int64(2)], [np.int64(3), 4, 7]]",[0.60153708 0.60447402 0.07997568 0.56648539]
1499,0.3315564584065058,"[[np.int64(0), np.int64(1), 4, 6], [2], [3, 7], [5]]",[0.70539343 0.07997568 0.51814856 0.548872  ]
1500,0.3318056488724088,"[[np.int64(0), 6], [np.int64(1), 4], [np.int64(2), 3, 7], [5]]",[0.60153708 0.1330182  0.56871319 0.548872  ]
1501,0.3318908465049015,"[[np.int64(0), 3, 6], [np.int64(1), 2, 5], [4], [7]]",[0.66242501 0.62912261 0.04254282 0.51796485]
1502,0.33191758106904445,"[[np.int64(0), 7], [np.int64(1), 5], [np.int64(2), 4, 6], [np.int64(3)]]",[0.56691184 0.60447402 0.60114506 0.07949763]
1503,0.3320044705899128,"[[np.int64(0), 3, 5], [np.int64(1)], [np.int64(2), 4, 6], [7]]",[0.63206278 0.10076897 0.60114506 0.51796485]
1504,0.3322668382477676,"[[np.int64(0), 4], [np.int64(1), 2, 3, 6], [5], [7]]",[0.08233896 0.70250348 0.548872   0.51796485]
1505,0.33262035392493683,"[[np.int64(0), 2, 3, 5], [np.int64(1), 7], [4], [6]]",[0.65600468 0.61123388 0.04254282 0.54154441]
1506,0.33262044238764177,"[[np.int64(0), 5], [np.int64(1)], [np.int64(2), 3, 4, 7], [6]]",[0.59990361 0.10076897 0.60910871 0.54154441]
1507,0.33321967520959395,"[[np.int64(0), np.int64(1)], [2, 4, 6], [3, 5], [7]]",[0.16095348 0.60114506 0.57066307 0.51796485]
1508,0.3332502928383536,"[[np.int64(0), 3, 4], [np.int64(1), 2, 5], [6], [7]]",[0.16206398 0.62912261 0.54154441 0.51796485]
1509,0.3333155310484486,"[[np.int64(0), 7], [np.int64(1)], [np.int64(2), 3, 5], [4, 6]]",[0.56691184 0.10076897 0.58428376 0.59866603]
1510,0.3334936085151827,"[[np.int64(0), np.int64(1)], [2, 3, 4, 5], [6], [7]]",[0.16095348 0.62998979 0.54154441 0.51796485]
1511,0.3336854414754242,"[[np.int64(0), 6], [np.int64(1)], [np.int64(2), 3, 4, 5], [7]]",[0.60153708 0.10076897 0.62998979 0.51796485]
1512,0.3336883962138719,"[[np.int64(0), 2, 3, 4, 7], [np.int64(1)], [5], [6]]",[0.65907236 0.10076897 0.548872   0.54154441]
1513,0.3337871019877472,"[[np.int64(0), 5], [np.int64(1), 6], [np.int64(2), 4], [np.int64(3), 7]]",[0.59990361 0.61752967 0.1145772  0.51814856]
1514,0.3340726515820005,"[[np.int64(0), 2, 3, 6], [np.int64(1), 5], [4], [7]]",[0.68489179 0.60447402 0.04254282 0.51796485]
1515,0.33446755795289995,"[[np.int64(0), 7], [np.int64(1), 2, 5], [3, 4], [6]]",[0.56691184 0.62912261 0.11189972 0.54154441]
1516,0.3347013575398128,"[[np.int64(0), 2, 4], [np.int64(1), 6], [3, 7], [5]]",[0.16469454 0.61752967 0.51814856 0.548872  ]
1517,0.3351188980020148,"[[np.int64(0), np.int64(1), 3, 5], [2, 7], [4], [6]]",[0.69793578 0.56680423 0.04254282 0.54154441]
1518,0.335413996226243,"[[np.int64(0), 2, 3, 5], [np.int64(1), 4], [6], [7]]",[0.65600468 0.1330182  0.54154441 0.51796485]
1519,0.3361192663618522,"[[np.int64(0), 7], [np.int64(1), 3, 6], [np.int64(2), 5], [4]]",[0.56691184 0.67760475 0.56076745 0.04254282]
1520,0.33665213756805623,"[[np.int64(0), 2, 3, 7], [np.int64(1), 6], [4], [5]]",[0.6383495  0.61752967 0.04254282 0.548872  ]
1521,0.33666870572499885,"[[np.int64(0)], [np.int64(1), 2, 6], [3, 5], [4, 7]]",[0.05946881 0.64070315 0.57066307 0.57644241]
1522,0.33695458623731045,"[[np.int64(0)], [np.int64(1), 3, 4, 5], [np.int64(2), 7], [6]]",[0.05946881 0.6791741  0.56680423 0.54154441]
1523,0.33696830839169256,"[[np.int64(0)], [np.int64(1), 7], [np.int64(2), 6], [np.int64(3), 4, 5]]",[0.05946881 0.61123388 0.55196474 0.6243104 ]
1524,0.33722774771064334,"[[np.int64(0), 2, 6], [np.int64(1), 7], [3, 5], [4]]",[0.62227862 0.61123388 0.57066307 0.04254282]
1525,0.3372416411308121,"[[np.int64(0), 6], [np.int64(1), 3, 5], [np.int64(2), 7], [4]]",[0.60153708 0.63582035 0.56680423 0.04254282]
1526,0.3372914955540567,"[[np.int64(0), 4], [np.int64(1), 7], [np.int64(2), 3, 6], [5]]",[0.08233896 0.61123388 0.6042098  0.548872  ]
1527,0.3375416306272221,"[[np.int64(0), 4], [np.int64(1), 7], [np.int64(2), 5], [np.int64(3), 6]]",[0.08233896 0.61123388 0.56076745 0.59206421]
1528,0.33796612421750116,"[[np.int64(0), 2, 7], [np.int64(1), 3, 5], [4], [6]]",[0.62607243 0.63582035 0.04254282 0.54154441]
1529,0.3382647082350545,"[[np.int64(0), 4], [np.int64(1), 5], [np.int64(2), 7], [np.int64(3), 6]]",[0.08233896 0.60447402 0.56680423 0.59206421]
1530,0.3383447637510604,"[[np.int64(0)], [np.int64(1), 2, 5], [3, 4, 6], [7]]",[0.05946881 0.62912261 0.63904511 0.51796485]
1531,0.33882220170014143,"[[np.int64(0), 4], [np.int64(1)], [np.int64(2), 3, 6, 7], [5]]",[0.08233896 0.10076897 1.113144   0.548872  ]
1532,0.3388796441616819,"[[np.int64(0)], [np.int64(1), 3, 7], [np.int64(2), 6], [4, 5]]",[0.05946881 0.62097287 0.55196474 0.61266008]
1533,0.33923131762959846,"[[np.int64(0)], [np.int64(1), 4, 7], [np.int64(2), 3, 5], [6]]",[0.05946881 0.65941785 0.58428376 0.54154441]
1534,0.3393511055051823,"[[np.int64(0)], [np.int64(1), 5], [np.int64(2), 3, 6], [4, 7]]",[0.05946881 0.60447402 0.6042098  0.57644241]
1535,0.3393694323064884,"[[np.int64(0), np.int64(1), 4], [2, 3, 6], [5], [7]]",[0.17353005 0.6042098  0.548872   0.51796485]
1536,0.33961956737965404,"[[np.int64(0), np.int64(1), 4], [2, 5], [3, 6], [7]]",[0.17353005 0.56076745 0.59206421 0.51796485]
1537,0.3397193337135429,"[[np.int64(0), np.int64(1), 5], [2], [3, 4, 7], [6]]",[0.65622132 0.07997568 0.56648539 0.54154441]
1538,0.33977248132264637,"[[np.int64(0)], [np.int64(1), 2, 4, 5], [3, 6], [7]]",[0.05946881 0.67467578 0.59206421 0.51796485]
1539,0.3399901767656064,"[[np.int64(0), 7], [np.int64(1)], [np.int64(2), 6], [np.int64(3), 4, 5]]",[0.56691184 0.10076897 0.55196474 0.6243104 ]
1540,0.34002139001194953,"[[np.int64(0), 2, 6], [np.int64(1), 4], [3, 5], [7]]",[0.62227862 0.1330182  0.57066307 0.51796485]
1541,0.3401831314927144,"[[np.int64(0), np.int64(1), np.int64(2), 5], [3, 6], [4], [7]]",[0.69119112 0.59206421 0.04254282 0.51796485]
1542,0.34021927011001885,"[[np.int64(0), np.int64(1)], [2, 6], [3, 7], [4, 5]]",[0.16095348 0.55196474 0.51814856 0.61266008]
1543,0.34076672718520484,"[[np.int64(0), 5], [np.int64(1), 4], [np.int64(2), 3, 7], [6]]",[0.59990361 0.1330182  0.56871319 0.54154441]
1544,0.34104266214566104,"[[np.int64(0), np.int64(1), np.int64(2), 6], [3, 5], [4], [7]]",[0.71173274 0.57066307 0.04254282 0.51796485]
1545,0.3410886739330583,"[[np.int64(0), 3, 7], [np.int64(1)], [np.int64(2), 6], [4, 5]]",[0.57746367 0.10076897 0.55196474 0.61266008]
1546,0.34143532655143827,"[[np.int64(0)], [np.int64(1), 7], [np.int64(2), 4, 6], [np.int64(3), 5]]",[0.05946881 0.61123388 0.60114506 0.57066307]
1547,0.34149892837558493,"[[np.int64(0)], [np.int64(1), 2, 6], [3, 4, 5], [7]]",[0.05946881 0.64070315 0.6243104  0.51796485]
1548,0.3416298651717302,"[[np.int64(0), 2, 3, 4, 5], [np.int64(1)], [6], [7]]",[0.68203804 0.10076897 0.54154441 0.51796485]
1549,0.3417092598570275,"[[np.int64(0)], [np.int64(1), 7], [np.int64(2), 3, 4, 5], [6]]",[0.05946881 0.61123388 0.62998979 0.54154441]
1550,0.3419425092379884,"[[np.int64(0), 4, 6], [np.int64(1)], [np.int64(2), 3, 5], [7]]",[0.63898605 0.10076897 0.58428376 0.51796485]
1551,0.34229300520376826,"[[np.int64(0), 4, 7], [np.int64(1), 5], [np.int64(2), 6], [np.int64(3)]]",[0.60571674 0.60447402 0.55196474 0.07949763]
1552,0.34236182518129854,"[[np.int64(0), 4, 6], [np.int64(1), 5], [np.int64(2)], [np.int64(3), 7]]",[0.63898605 0.60447402 0.07997568 0.51814856]
1553,0.34243167383538253,"[[np.int64(0)], [np.int64(1), 4, 7], [np.int64(2), 6], [np.int64(3), 5]]",[0.05946881 0.65941785 0.55196474 0.57066307]
1554,0.3425344259692116,"[[np.int64(0)], [np.int64(1), 4, 6], [np.int64(2), 3, 7], [5]]",[0.05946881 0.66435771 0.56871319 0.548872  ]
1555,0.3427629694460639,"[[np.int64(0), 2, 4, 6], [np.int64(1)], [3, 5], [7]]",[0.65178628 0.10076897 0.57066307 0.51796485]
1556,0.3440709779365907,"[[np.int64(0)], [np.int64(1), 3, 7], [np.int64(2), 5], [4, 6]]",[0.05946881 0.62097287 0.56076745 0.59866603]
1557,0.344242311489138,"[[np.int64(0), 2, 5], [np.int64(1)], [3, 7], [4, 6]]",[0.62212026 0.10076897 0.51814856 0.59866603]
1558,0.3442963215492276,"[[np.int64(0)], [np.int64(1), 2, 3, 5], [4, 7], [6]]",[0.05946881 0.66219419 0.57644241 0.54154441]
1559,0.3443341823974535,"[[np.int64(0)], [np.int64(1), 4, 5], [np.int64(2), 3, 6], [7]]",[0.05946881 0.6579685  0.6042098  0.51796485]
1560,0.34434859517368643,"[[np.int64(0), 6], [np.int64(1), 7], [np.int64(2), 3, 5], [4]]",[0.60153708 0.61123388 0.58428376 0.04254282]
1561,0.3444571949253519,"[[np.int64(0), 7], [np.int64(1)], [np.int64(2), 4, 6], [np.int64(3), 5]]",[0.56691184 0.10076897 0.60114506 0.57066307]
1562,0.344475768104445,"[[np.int64(0), np.int64(1), 4, 5], [2, 6], [3], [7]]",[0.69004314 0.55196474 0.07949763 0.51796485]
1563,0.3447311282309411,"[[np.int64(0), 7], [np.int64(1)], [np.int64(2), 3, 4, 5], [6]]",[0.56691184 0.10076897 0.62998979 0.54154441]
1564,0.3452092729951457,"[[np.int64(0), 6], [np.int64(1), 5], [np.int64(2), 4], [np.int64(3), 7]]",[0.60153708 0.60447402 0.1145772  0.51814856]
1565,0.34527011714002454,"[[np.int64(0), 4], [np.int64(1), 3, 6], [np.int64(2), 5], [7]]",[0.08233896 0.67760475 0.56076745 0.51796485]
1566,0.34534584126649137,"[[np.int64(0)], [np.int64(1), 3, 7], [np.int64(2), 4, 5], [6]]",[0.05946881 0.62097287 0.61661422 0.54154441]
1567,0.3454106038849276,"[[np.int64(0), np.int64(1)], [2, 5], [3, 7], [4, 6]]",[0.16095348 0.56076745 0.51814856 0.59866603]
1568,0.34554114445602946,"[[np.int64(0), 2, 6], [np.int64(1)], [3, 4, 7], [5]]",[0.62227862 0.10076897 0.56648539 0.548872  ]
1569,0.34558006482521186,"[[np.int64(0), np.int64(1), 6], [2, 3, 7], [4], [5]]",[0.67823805 0.56871319 0.04254282 0.548872  ]
1570,0.34565225468844063,"[[np.int64(0)], [np.int64(1), 2, 3, 5], [4, 6], [7]]",[0.05946881 0.66219419 0.59866603 0.51796485]
1571,0.3458868438579432,"[[np.int64(0), 3, 7], [np.int64(1), 5], [np.int64(2), 4], [6]]",[0.57746367 0.60447402 0.1145772  0.54154441]
1572,0.34589549834670597,"[[np.int64(0), np.int64(1), 5], [2, 6], [3, 4], [7]]",[0.65622132 0.55196474 0.11189972 0.51796485]
1573,0.34614191379954784,"[[np.int64(0), 3, 5], [np.int64(1), 7], [np.int64(2), 6], [4]]",[0.63206278 0.61123388 0.55196474 0.04254282]
1574,0.3462214933383063,"[[np.int64(0)], [np.int64(1), 6], [np.int64(2), 3, 5], [4, 7]]",[0.05946881 0.61752967 0.58428376 0.57644241]
1575,0.34628000770796685,"[[np.int64(0), 3, 7], [np.int64(1)], [np.int64(2), 5], [4, 6]]",[0.57746367 0.10076897 0.56076745 0.59866603]
1576,0.3466102066344878,"[[np.int64(0), 4], [np.int64(1), 6], [np.int64(2), 7], [np.int64(3), 5]]",[0.08233896 0.61752967 0.56680423 0.57066307]
1577,0.34668546721482874,"[[np.int64(0), np.int64(1)], [2, 4, 5], [3, 7], [6]]",[0.16095348 0.61661422 0.51814856 0.54154441]
1578,0.34687730017507024,"[[np.int64(0), 6], [np.int64(1)], [np.int64(2), 4, 5], [np.int64(3), 7]]",[0.60153708 0.10076897 0.61661422 0.51814856]
1579,0.34714223747499284,"[[np.int64(0), 6], [np.int64(1), 4], [np.int64(2), 3, 5], [7]]",[0.60153708 0.1330182  0.58428376 0.51796485]
1580,0.34721011737522334,"[[np.int64(0), 3, 4, 5], [np.int64(1)], [np.int64(2), 6], [7]]",[0.66603745 0.10076897 0.55196474 0.51796485]
1581,0.34726324038996736,"[[np.int64(0), np.int64(1), np.int64(2), np.int64(3), 5], [4], [6], [7]]",[0.73463082 0.04254282 0.54154441 0.51796485]
1582,0.3474785472237547,"[[np.int64(0), 3, 4], [np.int64(1), 5], [np.int64(2), 6], [7]]",[0.16206398 0.60447402 0.55196474 0.51796485]
1583,0.34755487103786753,"[[np.int64(0), 3, 7], [np.int64(1)], [np.int64(2), 4, 5], [6]]",[0.57746367 0.10076897 0.61661422 0.54154441]
1584,0.3486958123383008,"[[np.int64(0), 7], [np.int64(1), 5], [np.int64(2), 6], [np.int64(3), 4]]",[0.56691184 0.60447402 0.55196474 0.11189972]
1585,0.34893555610085425,"[[np.int64(0), 3, 5], [np.int64(1), 4], [np.int64(2), 6], [7]]",[0.63206278 0.1330182  0.55196474 0.51796485]
1586,0.3489669462594325,"[[np.int64(0)], [np.int64(1), 6], [np.int64(2), 3, 4, 7], [5]]",[0.05946881 0.61752967 0.60910871 0.548872  ]
1587,0.34927981733322366,"[[np.int64(0), 2, 6], [np.int64(1), 3, 7], [4], [5]]",[0.62227862 0.62097287 0.04254282 0.548872  ]
1588,0.3499041177279205,"[[np.int64(0), 2, 3, 5], [np.int64(1), 6], [4], [7]]",[0.65600468 0.61752967 0.04254282 0.51796485]
1589,0.35067253378344,"[[np.int64(0), 3, 5], [np.int64(1), 2, 6], [4], [7]]",[0.63206278 0.64070315 0.04254282 0.51796485]
1590,0.35128648085722314,"[[np.int64(0), np.int64(1), 4], [2, 3, 7], [5], [6]]",[0.17353005 0.56871319 0.548872   0.54154441]
1591,0.3516322628542916,"[[np.int64(0), 4, 7], [np.int64(1)], [np.int64(2), 3, 5], [6]]",[0.60571674 0.10076897 0.58428376 0.54154441]
1592,0.35182419675747445,"[[np.int64(0), 3, 4, 7], [np.int64(1), 5], [np.int64(2)], [6]]",[0.60612783 0.60447402 0.07997568 0.54154441]
1593,0.35262408719512983,"[[np.int64(0)], [np.int64(1), 5], [np.int64(2), 3, 7], [4, 6]]",[0.05946881 0.60447402 0.56871319 0.59866603]
1594,0.3529655414357562,"[[np.int64(0)], [np.int64(1), 2, 6], [3, 7], [4, 5]]",[0.05946881 0.64070315 0.51814856 0.61266008]
1595,0.35302711220251637,"[[np.int64(0), 2, 5], [np.int64(1)], [3, 4, 7], [6]]",[0.62212026 0.10076897 0.56648539 0.54154441]
1596,0.35330464915313664,"[[np.int64(0), 7], [np.int64(1), 2, 5], [3, 6], [4]]",[0.56691184 0.62912261 0.59206421 0.04254282]
1597,0.35345464575906727,"[[np.int64(0), np.int64(1), 5], [2, 4], [3, 7], [6]]",[0.65622132 0.1145772  0.51814856 0.54154441]
1598,0.3534873961740186,"[[np.int64(0)], [np.int64(1), 3, 7], [np.int64(2), 4, 6], [5]]",[0.05946881 0.62097287 0.60114506 0.548872  ]
1599,0.354195404598306,"[[np.int64(0), np.int64(1)], [2, 5], [3, 4, 7], [6]]",[0.16095348 0.56076745 0.56648539 0.54154441]
1600,0.3542343416982787,"[[np.int64(0), np.int64(1), 4, 5], [2], [3, 7], [6]]",[0.69004314 0.07997568 0.51814856 0.54154441]
1601,0.3543872375585475,"[[np.int64(0), 6], [np.int64(1)], [np.int64(2), 5], [np.int64(3), 4, 7]]",[0.60153708 0.10076897 0.56076745 0.56648539]
1602,0.3546785763803282,"[[np.int64(0), np.int64(1), 7], [2, 3, 5], [4], [6]]",[0.66089657 0.58428376 0.04254282 0.54154441]
1603,0.35482702212235573,"[[np.int64(0), np.int64(1)], [2, 4, 6], [3, 7], [5]]",[0.16095348 0.60114506 0.51814856 0.548872  ]
1604,0.3548326190600759,"[[np.int64(0), 4, 7], [np.int64(1)], [np.int64(2), 6], [np.int64(3), 5]]",[0.60571674 0.10076897 0.55196474 0.57066307]
1605,0.3550846068600071,"[[np.int64(0), 2, 4], [np.int64(1), 5], [3, 7], [6]]",[0.16469454 0.60447402 0.51814856 0.54154441]
1606,0.3552568486868828,"[[np.int64(0), 5], [np.int64(1), 6], [np.int64(2), 3, 7], [4]]",[0.59990361 0.61752967 0.56871319 0.04254282]
1607,0.35567051516461534,"[[np.int64(0), np.int64(1)], [2, 6], [3, 4, 7], [5]]",[0.16095348 0.55196474 0.56648539 0.548872  ]
1608,0.35569642594539475,"[[np.int64(0), 3, 7], [np.int64(1)], [np.int64(2), 4, 6], [5]]",[0.57746367 0.10076897 0.60114506 0.548872  ]
1609,0.356251230948188,"[[np.int64(0)], [np.int64(1), 4, 5], [np.int64(2), 3, 7], [6]]",[0.05946881 0.6579685  0.56871319 0.54154441]
1610,0.35625953462960713,"[[np.int64(0)], [np.int64(1), 2, 4, 6], [3, 5], [7]]",[0.05946881 0.67958988 0.57066307 0.51796485]
1611,0.35676578507971035,"[[np.int64(0), 2, 5], [np.int64(1), 3, 7], [4], [6]]",[0.62212026 0.62097287 0.04254282 0.54154441]
1612,0.357035386888251,"[[np.int64(0), 2, 3, 7], [np.int64(1), 5], [4], [6]]",[0.6383495  0.60447402 0.04254282 0.54154441]
1613,0.3574381786645009,"[[np.int64(0), 4], [np.int64(1), 3, 5], [np.int64(2), 7], [6]]",[0.08233896 0.63582035 0.56680423 0.54154441]
1614,0.3578710145717954,"[[np.int64(0)], [np.int64(1), 4, 6], [np.int64(2), 3, 5], [7]]",[0.05946881 0.66435771 0.58428376 0.51796485]
1615,0.35787893258611225,"[[np.int64(0), np.int64(1), 7], [2, 6], [3, 5], [4]]",[0.66089657 0.55196474 0.57066307 0.04254282]
1616,0.35808777574966455,"[[np.int64(0), np.int64(1), 3, 7], [2, 5], [4], [6]]",[0.68100368 0.56076745 0.04254282 0.54154441]
1617,0.3581259104357417,"[[np.int64(0), 6], [np.int64(1), 3, 7], [np.int64(2), 5], [4]]",[0.60153708 0.62097287 0.56076745 0.04254282]
1618,0.35818792423050905,"[[np.int64(0), 7], [np.int64(1), 4], [np.int64(2), 3, 5], [6]]",[0.56691184 0.1330182  0.58428376 0.54154441]
1619,0.3587890801681053,"[[np.int64(0)], [np.int64(1), 5], [np.int64(2), 3, 4, 6], [7]]",[0.05946881 0.60447402 0.64324938 0.51796485]
1620,0.3589930236600114,"[[np.int64(0)], [np.int64(1), 6], [np.int64(2), 3, 4, 5], [7]]",[0.05946881 0.61752967 0.62998979 0.51796485]
1621,0.3595628863159739,"[[np.int64(0), np.int64(1), 3, 7], [2, 6], [4], [5]]",[0.68100368 0.55196474 0.04254282 0.548872  ]
1622,0.35970718718759165,"[[np.int64(0), 6], [np.int64(1), 2, 3, 5], [4], [7]]",[0.60153708 0.66219419 0.04254282 0.51796485]
1623,0.36024982157410346,"[[np.int64(0)], [np.int64(1), 3, 5], [np.int64(2), 6], [4, 7]]",[0.05946881 0.63582035 0.55196474 0.57644241]
1624,0.36091665342779566,"[[np.int64(0), np.int64(1), 6], [2, 3, 5], [4], [7]]",[0.67823805 0.58428376 0.04254282 0.51796485]
1625,0.3613882804362931,"[[np.int64(0), 7], [np.int64(1), 4], [np.int64(2), 6], [np.int64(3), 5]]",[0.56691184 0.1330182  0.55196474 0.57066307]
1626,0.36162873692471176,"[[np.int64(0), 2, 6], [np.int64(1), 4], [3, 7], [5]]",[0.62227862 0.1330182  0.51814856 0.548872  ]
1627,0.36245549993130943,"[[np.int64(0), 4], [np.int64(1), 2, 5], [3, 6], [7]]",[0.08233896 0.62912261 0.59206421 0.51796485]
1628,0.36265000905842326,"[[np.int64(0), np.int64(1), np.int64(2), 6], [3, 7], [4], [5]]",[0.71173274 0.51814856 0.04254282 0.548872  ]
1629,0.3630073439074677,"[[np.int64(0), np.int64(1), 5], [2, 3, 6], [4], [7]]",[0.65622132 0.6042098  0.04254282 0.51796485]
1630,0.3631252581188793,"[[np.int64(0), 7], [np.int64(1), 2, 6], [3, 5], [4]]",[0.56691184 0.64070315 0.57066307 0.04254282]
1631,0.36314936674424536,"[[np.int64(0)], [np.int64(1), 3, 4, 7], [np.int64(2), 5], [6]]",[0.05946881 0.65901611 0.56076745 0.54154441]
1632,0.3639799333953935,"[[np.int64(0), 5], [np.int64(1)], [np.int64(2), 4, 6], [np.int64(3), 7]]",[0.59990361 0.10076897 0.60114506 0.51814856]
1633,0.3643164956712339,"[[np.int64(0)], [np.int64(1), 5], [np.int64(2), 3, 6, 7], [4]]",[0.05946881 0.60447402 1.113144   0.04254282]
1634,0.36437031635882566,"[[np.int64(0), 2, 4, 6], [np.int64(1)], [3, 7], [5]]",[0.65178628 0.10076897 0.51814856 0.548872  ]
1635,0.3645451327073752,"[[np.int64(0), 4], [np.int64(1), 7], [np.int64(2), 3, 5], [6]]",[0.08233896 0.61123388 0.58428376 0.54154441]
1636,0.3646244773105545,"[[np.int64(0)], [np.int64(1), 3, 4, 7], [np.int64(2), 6], [5]]",[0.05946881 0.65901611 0.55196474 0.548872  ]
1637,0.3648234264376531,"[[np.int64(0), 5], [np.int64(1)], [np.int64(2), 6], [np.int64(3), 4, 7]]",[0.59990361 0.10076897 0.55196474 0.56648539]
1638,0.3651898397640949,"[[np.int64(0), 2, 4, 5], [np.int64(1)], [3, 7], [6]]",[0.65829435 0.10076897 0.51814856 0.54154441]
1639,0.36527510179022515,"[[np.int64(0), 4, 6], [np.int64(1)], [np.int64(2), 5], [np.int64(3), 7]]",[0.63898605 0.10076897 0.56076745 0.51814856]
1640,0.3653394835436401,"[[np.int64(0), 2, 6], [np.int64(1), 3, 5], [4], [7]]",[0.62227862 0.63582035 0.04254282 0.51796485]
1641,0.36580765789906255,"[[np.int64(0), 7], [np.int64(1), 5], [np.int64(2), 3, 6], [4]]",[0.56691184 0.60447402 0.6042098  0.04254282]
1642,0.3664923079077751,"[[np.int64(0), 4], [np.int64(1), 6], [np.int64(2), 3, 7], [5]]",[0.08233896 0.61752967 0.56871319 0.548872  ]
1643,0.36662306945980694,"[[np.int64(0), np.int64(1), 4], [2, 3, 5], [6], [7]]",[0.17353005 0.58428376 0.54154441 0.51796485]
1644,0.36667901969428085,"[[np.int64(0), 6], [np.int64(1), 5], [np.int64(2), 3, 7], [4]]",[0.60153708 0.60447402 0.56871319 0.04254282]
1645,0.367361439965209,"[[np.int64(0)], [np.int64(1), 2, 3, 4, 5], [6], [7]]",[0.05946881 0.69760663 0.54154441 0.51796485]
1646,0.3677454889131593,"[[np.int64(0), 4], [np.int64(1), 7], [np.int64(2), 6], [np.int64(3), 5]]",[0.08233896 0.61123388 0.55196474 0.57066307]
1647,0.36841678649035203,"[[np.int64(0)], [np.int64(1), 2, 6], [3, 4, 7], [5]]",[0.05946881 0.64070315 0.56648539 0.548872  ]
1648,0.36856209931484707,"[[np.int64(0), 5], [np.int64(1), 3, 7], [np.int64(2), 6], [4]]",[0.59990361 0.62097287 0.55196474 0.04254282]
1649,0.36904484632811263,"[[np.int64(0), 4, 5], [np.int64(1)], [np.int64(2), 6], [np.int64(3), 7]]",[0.64401901 0.10076897 0.55196474 0.51814856]
1650,0.36911470467119867,"[[np.int64(0), 2, 5], [np.int64(1), 4], [3, 7], [6]]",[0.62212026 0.1330182  0.51814856 0.54154441]
1651,0.3693501955796268,"[[np.int64(0)], [np.int64(1), 5], [np.int64(2), 3, 4, 7], [6]]",[0.05946881 0.60447402 0.60910871 0.54154441]
1652,0.36954706238443547,"[[np.int64(0)], [np.int64(1), 3, 5], [np.int64(2), 4, 6], [7]]",[0.05946881 0.63582035 0.60114506 0.51796485]
1653,0.36982342566559145,"[[np.int64(0), np.int64(1), 4], [2, 6], [3, 5], [7]]",[0.17353005 0.55196474 0.57066307 0.51796485]
1654,0.3704748300272298,"[[np.int64(0), 6], [np.int64(1), 4], [np.int64(2), 5], [np.int64(3), 7]]",[0.60153708 0.1330182  0.56076745 0.51814856]
1655,0.37075287394310785,"[[np.int64(0), 7], [np.int64(1), 2, 3, 5], [4], [6]]",[0.56691184 0.66219419 0.04254282 0.54154441]
1656,0.3711524008900271,"[[np.int64(0), 3, 7], [np.int64(1), 4], [np.int64(2), 5], [6]]",[0.57746367 0.1330182  0.56076745 0.54154441]
1657,0.37218488235965674,"[[np.int64(0)], [np.int64(1), 6], [np.int64(2), 4, 5], [np.int64(3), 7]]",[0.05946881 0.61752967 0.61661422 0.51814856]
1658,0.37227610889705165,"[[np.int64(0), 4], [np.int64(1), 2, 6], [3, 5], [7]]",[0.08233896 0.64070315 0.57066307 0.51796485]
1659,0.3726275114563362,"[[np.int64(0), 3, 7], [np.int64(1), 4], [np.int64(2), 6], [5]]",[0.57746367 0.1330182  0.55196474 0.548872  ]
1660,0.37267804573218655,"[[np.int64(0), 7], [np.int64(1), 6], [np.int64(2), 3, 5], [4]]",[0.56691184 0.61752967 0.58428376 0.04254282]
1661,0.37353794408367014,"[[np.int64(0), np.int64(1), 3, 5], [2, 6], [4], [7]]",[0.69793578 0.55196474 0.04254282 0.51796485]
1662,0.3743644891389226,"[[np.int64(0), 3, 7], [np.int64(1), 2, 6], [4], [5]]",[0.57746367 0.64070315 0.04254282 0.548872  ]
1663,0.37473747336640106,"[[np.int64(0), 3, 4, 7], [np.int64(1)], [np.int64(2), 5], [6]]",[0.60612783 0.10076897 0.56076745 0.54154441]
1664,0.3749243924582022,"[[np.int64(0), np.int64(1), 5], [2, 3, 7], [4], [6]]",[0.65622132 0.56871319 0.04254282 0.54154441]
1665,0.3749585086772351,"[[np.int64(0), 4], [np.int64(1), 5], [np.int64(2), 3, 6], [7]]",[0.08233896 0.60447402 0.6042098  0.51796485]
1666,0.37537363231896603,"[[np.int64(0)], [np.int64(1), 3, 4, 5], [np.int64(2), 6], [7]]",[0.05946881 0.6791741  0.55196474 0.51796485]
1667,0.3762125839327102,"[[np.int64(0), 3, 4, 7], [np.int64(1)], [np.int64(2), 6], [5]]",[0.60612783 0.10076897 0.55196474 0.548872  ]
1668,0.37786688154236914,"[[np.int64(0)], [np.int64(1), 2, 4, 6], [3, 7], [5]]",[0.05946881 0.67958988 0.51814856 0.548872  ]
1669,0.37832244796943026,"[[np.int64(0), 4], [np.int64(1), 3, 7], [np.int64(2), 5], [6]]",[0.08233896 0.62097287 0.56076745 0.54154441]
1670,0.37854012453085906,"[[np.int64(0)], [np.int64(1), 2, 5], [3, 7], [4, 6]]",[0.05946881 0.62912261 0.51814856 0.59866603]
1671,0.37969481974313446,"[[np.int64(0)], [np.int64(1), 6], [np.int64(2), 5], [np.int64(3), 4, 7]]",[0.05946881 0.61752967 0.56076745 0.56648539]
1672,0.3797975585357396,"[[np.int64(0), 4], [np.int64(1), 3, 7], [np.int64(2), 6], [5]]",[0.08233896 0.62097287 0.55196474 0.548872  ]
1673,0.3799037247212804,"[[np.int64(0), 4], [np.int64(1), 2, 3, 5], [6], [7]]",[0.08233896 0.66219419 0.54154441 0.51796485]
1674,0.3809110189063354,"[[np.int64(0), 5], [np.int64(1), 4], [np.int64(2), 6], [np.int64(3), 7]]",[0.59990361 0.1330182  0.55196474 0.51814856]
1675,0.38120360712403256,"[[np.int64(0)], [np.int64(1), 4, 6], [np.int64(2), 5], [np.int64(3), 7]]",[0.05946881 0.66435771 0.56076745 0.51814856]
1676,0.3818288965103591,"[[np.int64(0), 4], [np.int64(1), 6], [np.int64(2), 3, 5], [7]]",[0.08233896 0.61752967 0.58428376 0.51796485]
1677,0.3826479965889211,"[[np.int64(0), 5], [np.int64(1), 2, 6], [3, 7], [4]]",[0.59990361 0.64070315 0.51814856 0.04254282]
1678,0.38360482617287595,"[[np.int64(0), 2, 5], [np.int64(1), 6], [3, 7], [4]]",[0.62212026 0.61752967 0.51814856 0.04254282]
1679,0.3842492459800324,"[[np.int64(0), np.int64(1), 6], [2, 5], [3, 7], [4]]",[0.67823805 0.56076745 0.51814856 0.04254282]
1680,0.3856425223917048,"[[np.int64(0), 3, 7], [np.int64(1), 6], [np.int64(2), 5], [4]]",[0.57746367 0.61752967 0.56076745 0.04254282]
1681,0.3867063739679839,"[[np.int64(0), 7], [np.int64(1), 3, 5], [np.int64(2), 6], [4]]",[0.56691184 0.63582035 0.55196474 0.04254282]
1682,0.3868755572279696,"[[np.int64(0), 4], [np.int64(1), 5], [np.int64(2), 3, 7], [6]]",[0.08233896 0.60447402 0.56871319 0.54154441]
1683,0.38732492524423767,"[[np.int64(0)], [np.int64(1), 2, 5], [3, 4, 7], [6]]",[0.05946881 0.62912261 0.56648539 0.54154441]
1684,0.3899556620120439,"[[np.int64(0), np.int64(1), 4], [2, 5], [3, 7], [6]]",[0.17353005 0.56076745 0.51814856 0.54154441]
1685,0.39010857595503623,"[[np.int64(0)], [np.int64(1), 2, 4, 5], [3, 7], [6]]",[0.05946881 0.67467578 0.51814856 0.54154441]
1686,0.3905192261251047,"[[np.int64(0), np.int64(1), np.int64(2), 5], [3, 7], [4], [6]]",[0.69119112 0.51814856 0.04254282 0.54154441]
1687,0.391430772578353,"[[np.int64(0), np.int64(1), 4], [2, 6], [3, 7], [5]]",[0.17353005 0.55196474 0.51814856 0.548872  ]
1688,0.3925950570300101,"[[np.int64(0), 6], [np.int64(1), 2, 5], [3, 7], [4]]",[0.60153708 0.62912261 0.51814856 0.04254282]
1689,0.39327262789280804,"[[np.int64(0), 3, 7], [np.int64(1), 2, 5], [4], [6]]",[0.57746367 0.62912261 0.04254282 0.54154441]
1690,0.3938834558098139,"[[np.int64(0), 4], [np.int64(1), 2, 6], [3, 7], [5]]",[0.08233896 0.64070315 0.51814856 0.548872  ]
1691,0.3958572247461565,"[[np.int64(0), 4], [np.int64(1), 3, 5], [np.int64(2), 6], [7]]",[0.08233896 0.63582035 0.55196474 0.51796485]
1692,0.3963955226693181,"[[np.int64(0)], [np.int64(1), 4, 5], [np.int64(2), 6], [np.int64(3), 7]]",[0.05946881 0.6579685  0.55196474 0.51814856]
1693,0.39650210774658357,"[[np.int64(0), 2, 6], [np.int64(1), 5], [3, 7], [4]]",[0.62227862 0.60447402 0.51814856 0.04254282]
1694,0.4007096865873787,"[[np.int64(0)], [np.int64(1), 5], [np.int64(2), 4, 6], [np.int64(3), 7]]",[0.05946881 0.60447402 0.60114506 0.51814856]
1695,0.4015531796296381,"[[np.int64(0)], [np.int64(1), 5], [np.int64(2), 6], [np.int64(3), 4, 7]]",[0.05946881 0.60447402 0.55196474 0.56648539]
1696,0.40516148906259586,"[[np.int64(0), 4], [np.int64(1), 6], [np.int64(2), 5], [np.int64(3), 7]]",[0.08233896 0.61752967 0.56076745 0.51814856]
1697,0.4075008822782087,"[[np.int64(0), 3, 7], [np.int64(1), 5], [np.int64(2), 6], [4]]",[0.57746367 0.60447402 0.55196474 0.04254282]
1698,0.41279159456369885,"[[np.int64(0), 4], [np.int64(1), 2, 5], [3, 7], [6]]",[0.08233896 0.62912261 0.51814856 0.54154441]
1699,0.4150686841793325,"[[np.int64(0), np.int64(1), 5], [2, 6], [3, 7], [4]]",[0.65622132 0.55196474 0.51814856 0.04254282]
1700,0.42701984894909994,"[[np.int64(0), 4], [np.int64(1), 5], [np.int64(2), 6], [np.int64(3), 7]]",[0.08233896 0.60447402 0.55196474 0.51814856]
