,a,b,c,abbc
0,0,9,12,0.00018692010377049668
1,14,11,2,0.00018692010377049665
2,12,9,0,0.00018692010377049665
3,3,6,15,0.00018692010377049657
4,1,4,13,0.00018692010377049657
5,2,11,14,0.00018692010377049657
6,15,6,3,0.00018692010377049651
7,13,4,1,0.00018692010377049651
8,5,0,9,0.00018692010377049592
9,9,0,5,0.00018692010377049592
10,6,15,10,0.00018692010377049586
11,10,15,6,0.00018692010377049584
12,7,2,11,0.00018692010377049576
13,4,13,8,0.0001869201037704957
14,8,13,4,0.0001869201037704957
15,11,2,7,0.00018692010377049567
16,5,12,9,0.0001869201037704955
17,9,12,5,0.00018692010377049538
18,8,1,4,0.00018692010377049527
19,10,3,6,0.00018692010377049524
20,7,14,11,0.00018692010377049521
21,4,1,8,0.00018692010377049521
22,6,3,10,0.0001869201037704952
23,11,14,7,0.00018692010377049516
24,13,8,1,0.00018692010377049454
25,0,5,12,0.00018692010377049445
26,1,8,13,0.00018692010377049437
27,12,5,0,0.00018692010377049435
28,3,10,15,0.00018692010377049432
29,15,10,3,0.0001869201037704943
30,2,7,14,0.00018692010377049427
31,14,7,2,0.0001869201037704942
32,1,0,3,0.00018561461663919385
33,3,0,1,0.00018561461663919385
34,2,3,0,0.00018561461663919372
35,11,8,9,0.0001856146166391937
36,6,7,4,0.00018561461663919366
37,9,8,11,0.00018561461663919366
38,4,7,6,0.00018561461663919366
39,0,3,2,0.0001856146166391936
40,7,4,5,0.00018561461663919358
41,10,11,8,0.00018561461663919355
42,8,11,10,0.00018561461663919355
43,5,4,7,0.00018561461663919355
44,13,12,15,0.0001856146166391935
45,12,15,14,0.0001856146166391935
46,14,15,12,0.00018561461663919344
47,15,12,13,0.00018561461663919344
48,2,1,0,0.0001856146166391934
49,0,1,2,0.00018561461663919334
50,8,9,10,0.00018561461663919323
51,10,9,8,0.0001856146166391932
52,3,2,1,0.00018561461663919317
53,12,13,14,0.00018561461663919312
54,6,5,4,0.00018561461663919312
55,1,2,3,0.00018561461663919312
56,13,14,15,0.00018561461663919312
57,11,10,9,0.00018561461663919312
58,14,13,12,0.0001856146166391931
59,9,10,11,0.0001856146166391931
60,15,14,13,0.0001856146166391931
61,4,5,6,0.00018561461663919306
62,7,6,5,0.00018561461663919304
63,5,6,7,0.00018561461663919293
64,14,11,7,2.6790901191000763e-05
65,7,11,14,2.6790901191000763e-05
66,8,4,1,2.679090119100071e-05
67,10,6,3,2.6790901191000682e-05
68,12,9,5,2.6790901191000682e-05
69,1,4,8,2.6790901191000682e-05
70,3,6,10,2.6790901191000655e-05
71,5,9,12,2.6790901191000628e-05
72,11,2,14,2.679090119099995e-05
73,14,2,11,2.679090119099995e-05
74,2,11,7,2.679090119099987e-05
75,6,15,3,2.679090119099987e-05
76,7,11,2,2.6790901190999842e-05
77,12,0,9,2.6790901190999842e-05
78,15,6,10,2.6790901190999842e-05
79,10,6,15,2.6790901190999842e-05
80,13,4,8,2.6790901190999815e-05
81,8,4,13,2.6790901190999815e-05
82,0,9,5,2.6790901190999815e-05
83,5,9,0,2.6790901190999815e-05
84,3,15,6,2.6790901190999815e-05
85,9,0,12,2.6790901190999815e-05
86,1,13,4,2.679090119099976e-05
87,4,13,1,2.679090119099976e-05
88,0,12,5,2.679090119099949e-05
89,5,12,0,2.679090119099949e-05
90,4,8,1,2.6790901190999462e-05
91,8,13,1,2.679090119099938e-05
92,7,2,14,2.679090119099938e-05
93,8,1,13,2.679090119099938e-05
94,10,15,3,2.679090119099938e-05
95,7,14,2,2.679090119099938e-05
96,1,8,4,2.679090119099938e-05
97,13,1,8,2.6790901190999354e-05
98,14,7,11,2.6790901190999354e-05
99,3,15,10,2.6790901190999354e-05
100,5,0,12,2.6790901190999354e-05
101,11,7,14,2.6790901190999354e-05
102,2,14,7,2.6790901190999327e-05
103,12,5,9,2.6790901190999327e-05
104,9,5,12,2.6790901190999327e-05
105,6,10,3,2.6790901190999327e-05
106,10,3,15,2.6790901190999327e-05
107,15,3,10,2.6790901190999327e-05
108,12,0,5,2.67909011909993e-05
109,1,13,8,2.67909011909993e-05
110,6,3,15,2.6790901190999273e-05
111,14,2,7,2.6790901190999273e-05
112,3,10,6,2.6790901190999273e-05
113,9,12,0,2.6790901190999245e-05
114,15,3,6,2.6790901190999245e-05
115,0,12,9,2.679090119099922e-05
116,2,14,11,2.679090119099922e-05
117,11,14,2,2.679090119099919e-05
118,13,1,4,2.6790901190999137e-05
119,4,1,13,2.6790901190999083e-05
120,4,8,13,2.6790901190998e-05
121,13,8,4,2.6790901190998e-05
122,15,10,6,2.679090119099797e-05
123,9,5,0,2.679090119099797e-05
124,0,5,9,2.6790901190997917e-05
125,6,10,15,2.6790901190997917e-05
126,11,7,2,2.679090119099789e-05
127,2,7,11,2.679090119099789e-05
128,1,3,2,2.605626962825242e-05
129,9,8,10,2.6056269628252392e-05
130,10,8,9,2.6056269628252392e-05
131,6,4,5,2.6056269628252392e-05
132,2,3,1,2.6056269628252365e-05
133,9,11,10,2.6056269628252365e-05
134,5,7,6,2.6056269628252365e-05
135,6,7,5,2.6056269628252365e-05
136,2,0,1,2.6056269628252365e-05
137,10,11,9,2.6056269628252338e-05
138,5,4,6,2.6056269628252338e-05
139,14,15,13,2.605626962825231e-05
140,1,0,2,2.605626962825231e-05
141,14,12,13,2.6056269628252284e-05
142,13,12,14,2.6056269628252284e-05
143,13,15,14,2.6056269628252257e-05
144,3,1,0,2.6056269628251796e-05
145,0,1,3,2.6056269628251742e-05
146,0,2,3,2.6056269628251742e-05
147,11,10,8,2.6056269628251715e-05
148,8,9,11,2.6056269628251688e-05
149,8,10,11,2.6056269628251688e-05
150,11,9,8,2.6056269628251688e-05
151,15,13,12,2.605626962825166e-05
152,3,2,0,2.605626962825166e-05
153,15,14,12,2.6056269628251633e-05
154,12,14,15,2.6056269628251633e-05
155,7,5,4,2.6056269628251633e-05
156,7,6,4,2.6056269628251633e-05
157,4,5,7,2.6056269628251633e-05
158,12,13,15,2.6056269628251606e-05
159,4,6,7,2.6056269628251606e-05
160,2,1,3,2.5842968807830767e-05
161,8,10,9,2.5842968807830713e-05
162,3,1,2,2.5842968807830713e-05
163,15,13,14,2.5842968807830686e-05
164,14,13,15,2.5842968807830686e-05
165,1,2,0,2.584296880783066e-05
166,7,5,6,2.584296880783066e-05
167,10,9,11,2.584296880783066e-05
168,11,9,10,2.584296880783066e-05
169,13,14,12,2.584296880783066e-05
170,0,2,1,2.584296880783066e-05
171,9,10,8,2.584296880783066e-05
172,6,5,7,2.584296880783063e-05
173,12,14,13,2.584296880783063e-05
174,5,6,4,2.5842968807830577e-05
175,4,6,5,2.584296880783055e-05
176,8,11,9,2.5842968807827596e-05
177,10,8,11,2.584296880782757e-05
178,7,4,6,2.584296880782757e-05
179,11,8,10,2.584296880782757e-05
180,6,4,7,2.584296880782754e-05
181,3,0,2,2.584296880782754e-05
182,2,0,3,2.5842968807827515e-05
183,0,3,1,2.5842968807827515e-05
184,9,11,8,2.5842968807827515e-05
185,4,7,5,2.5842968807827515e-05
186,1,3,0,2.5842968807827487e-05
187,5,7,4,2.584296880782746e-05
188,15,12,14,2.584296880782746e-05
189,14,12,15,2.584296880782746e-05
190,12,15,13,2.5842968807827433e-05
191,13,15,12,2.5842968807827406e-05
192,4,14,7,1.3736798192069601e-05
193,7,14,4,1.3736798192069588e-05
194,6,12,5,1.373679819206956e-05
195,5,12,6,1.3736798192069554e-05
196,0,10,3,1.3736798192069533e-05
197,1,8,2,1.3736798192069527e-05
198,13,7,14,1.373679819206952e-05
199,3,10,0,1.373679819206952e-05
200,12,5,15,1.373679819206952e-05
201,11,1,8,1.373679819206952e-05
202,15,5,12,1.373679819206952e-05
203,14,7,13,1.3736798192069513e-05
204,8,1,11,1.3736798192069513e-05
205,2,8,1,1.3736798192069513e-05
206,10,3,9,1.37367981920695e-05
207,11,13,8,1.3736798192069486e-05
208,15,10,12,1.3736798192069486e-05
209,8,13,11,1.3736798192069486e-05
210,4,2,7,1.373679819206948e-05
211,9,3,10,1.3736798192069473e-05
212,7,2,4,1.3736798192069473e-05
213,6,0,5,1.3736798192069473e-05
214,13,8,14,1.3736798192069473e-05
215,5,0,6,1.3736798192069473e-05
216,10,15,9,1.3736798192069466e-05
217,14,8,13,1.3736798192069466e-05
218,1,7,2,1.3736798192069466e-05
219,0,5,3,1.3736798192069452e-05
220,3,5,0,1.3736798192069452e-05
221,9,15,10,1.3736798192069445e-05
222,2,7,1,1.3736798192069445e-05
223,12,10,15,1.3736798192069445e-05
224,0,6,3,1.3736798192069025e-05
225,1,4,2,1.3736798192069019e-05
226,7,1,4,1.3736798192069019e-05
227,12,9,15,1.3736798192069012e-05
228,9,12,10,1.3736798192069012e-05
229,4,1,7,1.3736798192069005e-05
230,15,9,12,1.3736798192069005e-05
231,10,12,9,1.3736798192069005e-05
232,3,6,0,1.3736798192068998e-05
233,2,4,1,1.3736798192068985e-05
234,6,3,5,1.3736798192068978e-05
235,11,14,8,1.3736798192068971e-05
236,14,11,13,1.3736798192068964e-05
237,8,14,11,1.3736798192068958e-05
238,5,3,6,1.3736798192068958e-05
239,13,11,14,1.373679819206895e-05
240,3,9,0,1.3736798192066545e-05
241,9,0,10,1.3736798192066538e-05
242,1,11,2,1.3736798192066538e-05
243,5,15,6,1.3736798192066532e-05
244,0,9,3,1.3736798192066532e-05
245,6,15,5,1.3736798192066525e-05
246,15,6,12,1.3736798192066511e-05
247,10,0,9,1.3736798192066505e-05
248,11,2,8,1.3736798192066505e-05
249,13,4,14,1.3736798192066505e-05
250,12,6,15,1.3736798192066498e-05
251,14,4,13,1.3736798192066491e-05
252,2,11,1,1.3736798192066491e-05
253,8,2,11,1.3736798192066491e-05
254,7,13,4,1.373679819206647e-05
255,4,13,7,1.3736798192066464e-05
256,12,15,5,1.3706137765505296e-05
257,8,11,1,1.3706137765505296e-05
258,1,11,8,1.370613776550529e-05
259,5,15,12,1.3706137765505283e-05
260,3,0,10,1.370613776550527e-05
261,10,0,3,1.3706137765505262e-05
262,14,4,7,1.3706137765505249e-05
263,7,4,14,1.3706137765505235e-05
264,1,2,8,1.3706137765505168e-05
265,8,2,1,1.370613776550514e-05
266,14,13,7,1.3706137765505134e-05
267,7,13,14,1.3706137765505113e-05
268,5,6,12,1.37061377655051e-05
269,10,9,3,1.3706137765505086e-05
270,12,6,5,1.370613776550508e-05
271,3,9,10,1.3706137765505059e-05
272,11,8,2,1.3706137765503067e-05
273,9,3,0,1.3706137765503047e-05
274,2,8,11,1.370613776550304e-05
275,13,7,4,1.3706137765503033e-05
276,0,3,9,1.3706137765503033e-05
277,6,12,15,1.3706137765503026e-05
278,15,12,6,1.370613776550302e-05
279,4,7,13,1.370613776550302e-05
280,6,5,15,1.3706137765502965e-05
281,15,5,6,1.3706137765502958e-05
282,9,10,0,1.3706137765502918e-05
283,0,10,9,1.3706137765502918e-05
284,4,14,13,1.370613776550289e-05
285,13,14,4,1.3706137765502884e-05
286,11,1,2,1.3706137765502877e-05
287,2,1,11,1.370613776550287e-05
288,10,9,15,1.370613776550285e-05
289,13,14,8,1.370613776550285e-05
290,5,6,0,1.3706137765502843e-05
291,0,6,5,1.3706137765502843e-05
292,8,14,13,1.370613776550281e-05
293,15,9,10,1.3706137765502803e-05
294,7,1,2,1.3706137765502803e-05
295,2,1,7,1.3706137765502803e-05
296,13,11,8,1.3706137765502321e-05
297,10,12,15,1.3706137765502315e-05
298,15,12,10,1.3706137765502308e-05
299,0,3,5,1.3706137765502288e-05
300,8,11,13,1.3706137765502288e-05
301,5,3,0,1.370613776550228e-05
302,7,4,2,1.370613776550228e-05
303,2,4,7,1.3706137765502274e-05
304,12,10,9,1.3706137765501061e-05
305,9,10,12,1.3706137765501034e-05
306,1,2,4,1.3706137765501027e-05
307,4,2,1,1.370613776550102e-05
308,3,5,6,1.370613776550102e-05
309,6,5,3,1.3706137765500993e-05
310,11,13,14,1.3706137765500973e-05
311,14,13,11,1.3706137765500953e-05
312,1,7,4,1.370613776550056e-05
313,4,7,1,1.370613776550054e-05
314,11,8,14,1.3706137765500512e-05
315,6,0,3,1.3706137765500512e-05
316,14,8,11,1.3706137765500512e-05
317,9,15,12,1.3706137765500492e-05
318,12,15,9,1.3706137765500492e-05
319,3,0,6,1.3706137765500485e-05
320,15,7,6,1.3367943046417286e-05
321,13,5,4,1.3367943046417286e-05
322,0,4,5,1.3367943046417272e-05
323,5,4,0,1.3367943046417272e-05
324,10,14,15,1.3367943046417265e-05
325,9,1,0,1.3367943046417259e-05
326,4,12,13,1.3367943046417259e-05
327,6,7,15,1.3367943046417252e-05
328,4,5,13,1.3367943046417252e-05
329,0,1,5,1.3367943046417252e-05
330,15,14,10,1.3367943046417252e-05
331,1,9,8,1.3367943046417245e-05
332,5,1,0,1.3367943046417245e-05
333,8,12,13,1.3367943046417245e-05
334,11,3,2,1.3367943046417245e-05
335,0,1,9,1.3367943046417238e-05
336,0,8,9,1.3367943046417238e-05
337,2,3,11,1.3367943046417238e-05
338,8,9,13,1.3367943046417238e-05
339,13,12,8,1.3367943046417232e-05
340,13,12,4,1.3367943046417232e-05
341,13,9,8,1.3367943046417232e-05
342,3,11,10,1.3367943046417232e-05
343,10,11,3,1.3367943046417232e-05
344,10,11,15,1.3367943046417225e-05
345,9,8,0,1.3367943046417225e-05
346,15,11,10,1.3367943046417225e-05
347,2,6,7,1.3367943046417218e-05
348,3,2,10,1.3367943046417218e-05
349,7,3,2,1.3367943046417218e-05
350,15,14,6,1.3367943046417211e-05
351,8,9,1,1.3367943046417211e-05
352,10,2,3,1.3367943046417211e-05
353,2,3,7,1.3367943046417211e-05
354,6,14,15,1.3367943046417211e-05
355,8,0,1,1.3367943046417204e-05
356,7,6,2,1.3367943046417204e-05
357,11,10,2,1.3367943046417198e-05
358,2,10,11,1.3367943046417198e-05
359,14,6,7,1.3367943046417191e-05
360,1,0,8,1.3367943046417191e-05
361,12,13,5,1.3367943046417184e-05
362,5,13,12,1.3367943046417184e-05
363,5,4,12,1.336794304641717e-05
364,12,4,5,1.336794304641717e-05
365,7,6,14,1.336794304641717e-05
366,7,15,14,1.336794304641715e-05
367,14,15,7,1.336794304641715e-05
368,1,0,4,1.3367943046416717e-05
369,4,0,1,1.336794304641669e-05
370,1,5,4,1.3367943046416683e-05
371,4,5,1,1.3367943046416676e-05
372,11,10,14,1.3367943046416662e-05
373,12,8,9,1.3367943046416649e-05
374,14,10,11,1.3367943046416642e-05
375,6,7,3,1.3367943046416615e-05
376,9,8,12,1.3367943046416608e-05
377,3,2,6,1.3367943046416608e-05
378,12,13,9,1.3367943046416608e-05
379,3,7,6,1.3367943046416608e-05
380,14,15,11,1.3367943046416608e-05
381,11,15,14,1.3367943046416608e-05
382,9,13,12,1.3367943046416595e-05
383,6,2,3,1.3367943046416581e-05
384,10,14,11,1.3229315154909858e-05
385,15,11,14,1.3229315154909844e-05
386,11,14,10,1.3229315154909844e-05
387,14,11,15,1.3229315154909837e-05
388,1,4,0,1.3229315154909824e-05
389,5,1,4,1.3229315154909817e-05
390,2,6,3,1.322931515490981e-05
391,4,1,5,1.3229315154909803e-05
392,0,4,1,1.3229315154909803e-05
393,3,6,2,1.3229315154909803e-05
394,7,3,6,1.3229315154909797e-05
395,13,9,12,1.322931515490979e-05
396,9,12,8,1.322931515490979e-05
397,12,9,13,1.322931515490979e-05
398,6,3,7,1.3229315154909783e-05
399,8,12,9,1.3229315154909763e-05
400,15,7,14,1.3229315154909336e-05
401,14,7,15,1.3229315154909316e-05
402,2,10,3,1.3229315154909316e-05
403,13,5,12,1.3229315154909316e-05
404,11,3,10,1.3229315154909309e-05
405,10,3,11,1.3229315154909309e-05
406,9,1,8,1.3229315154909309e-05
407,3,10,2,1.3229315154909295e-05
408,12,5,13,1.3229315154909288e-05
409,7,14,6,1.3229315154909288e-05
410,8,1,9,1.3229315154909288e-05
411,0,8,1,1.3229315154909282e-05
412,1,8,0,1.3229315154909282e-05
413,6,14,7,1.3229315154909282e-05
414,4,12,5,1.3229315154909248e-05
415,5,12,4,1.3229315154909227e-05
416,0,5,1,1.322931515490893e-05
417,5,0,4,1.3229315154908923e-05
418,4,0,5,1.3229315154908923e-05
419,8,13,9,1.3229315154908916e-05
420,9,13,8,1.3229315154908916e-05
421,1,5,0,1.3229315154908916e-05
422,7,2,6,1.3229315154908895e-05
423,10,15,11,1.3229315154908895e-05
424,15,10,14,1.3229315154908889e-05
425,11,15,10,1.3229315154908889e-05
426,6,2,7,1.3229315154908889e-05
427,12,8,13,1.3229315154908882e-05
428,3,7,2,1.3229315154908868e-05
429,13,8,12,1.3229315154908862e-05
430,14,10,15,1.3229315154908862e-05
431,2,7,3,1.3229315154908855e-05
432,13,4,12,1.3229315154906937e-05
433,12,4,13,1.322931515490693e-05
434,2,11,3,1.3229315154906924e-05
435,5,13,4,1.3229315154906924e-05
436,10,2,11,1.322931515490691e-05
437,11,2,10,1.322931515490691e-05
438,3,11,2,1.322931515490691e-05
439,4,13,5,1.3229315154906896e-05
440,6,15,7,1.3229315154906896e-05
441,14,6,15,1.322931515490689e-05
442,0,9,1,1.3229315154906883e-05
443,15,6,14,1.3229315154906883e-05
444,7,15,6,1.3229315154906876e-05
445,1,9,0,1.322931515490687e-05
446,8,0,9,1.3229315154906849e-05
447,9,0,8,1.3229315154906842e-05
448,14,2,3,1.027084490646273e-05
449,1,0,12,1.027084490646273e-05
450,3,2,14,1.027084490646273e-05
451,12,0,1,1.0270844906462727e-05
452,12,13,1,1.0270844906462724e-05
453,1,13,12,1.0270844906462722e-05
454,3,15,14,1.0270844906462719e-05
455,7,6,10,1.0270844906462719e-05
456,14,15,3,1.0270844906462719e-05
457,8,4,5,1.0270844906462717e-05
458,8,9,5,1.0270844906462716e-05
459,10,6,7,1.0270844906462716e-05
460,7,11,10,1.0270844906462716e-05
461,5,4,8,1.0270844906462716e-05
462,10,11,7,1.0270844906462714e-05
463,5,9,8,1.0270844906462712e-05
464,6,10,11,1.0270844906462356e-05
465,11,10,6,1.0270844906462353e-05
466,0,12,13,1.0270844906462351e-05
467,13,12,0,1.0270844906462351e-05
468,6,7,11,1.027084490646235e-05
469,11,7,6,1.027084490646235e-05
470,4,5,9,1.027084490646235e-05
471,9,8,4,1.0270844906462348e-05
472,0,1,13,1.0270844906462348e-05
473,15,3,2,1.0270844906462346e-05
474,13,1,0,1.0270844906462346e-05
475,9,5,4,1.0270844906462346e-05
476,4,8,9,1.0270844906462345e-05
477,2,3,15,1.0270844906462341e-05
478,15,14,2,1.0270844906462341e-05
479,2,14,15,1.0270844906462341e-05
480,6,10,9,1.0242463054745248e-05
481,2,1,13,1.0242463054745245e-05
482,9,10,6,1.0242463054745245e-05
483,2,14,13,1.0242463054745243e-05
484,13,14,2,1.0242463054745241e-05
485,13,1,2,1.0242463054745241e-05
486,9,5,6,1.0242463054745236e-05
487,6,5,9,1.0242463054745235e-05
488,5,6,10,1.0242463054745058e-05
489,14,13,1,1.0242463054745053e-05
490,1,13,14,1.0242463054745052e-05
491,10,6,5,1.0242463054745052e-05
492,5,9,10,1.0242463054745045e-05
493,1,2,14,1.0242463054745045e-05
494,10,9,5,1.0242463054745045e-05
495,14,2,1,1.0242463054745041e-05
496,11,8,4,1.024246305474432e-05
497,4,8,11,1.024246305474432e-05
498,0,12,15,1.0242463054744316e-05
499,15,12,0,1.0242463054744316e-05
500,15,3,0,1.0242463054744313e-05
501,0,3,15,1.024246305474431e-05
502,11,7,4,1.0242463054744306e-05
503,4,7,11,1.0242463054744303e-05
504,12,0,3,1.0242463054744127e-05
505,3,15,12,1.0242463054744127e-05
506,12,15,3,1.0242463054744127e-05
507,3,0,12,1.0242463054744123e-05
508,7,11,8,1.0242463054744117e-05
509,8,11,7,1.0242463054744117e-05
510,8,4,7,1.0242463054744113e-05
511,7,4,8,1.0242463054744113e-05
512,9,0,2,1.0235050022088816e-05
513,2,0,9,1.0235050022088813e-05
514,6,15,13,1.0235050022088806e-05
515,13,15,6,1.0235050022088803e-05
516,2,11,9,1.0235050022088796e-05
517,9,11,2,1.0235050022088794e-05
518,6,4,13,1.0235050022088793e-05
519,13,4,6,1.0235050022088793e-05
520,3,1,4,1.0235050022088647e-05
521,3,6,4,1.0235050022088642e-05
522,4,1,3,1.0235050022088642e-05
523,4,6,3,1.0235050022088637e-05
524,14,11,9,1.023505002208863e-05
525,9,11,14,1.0235050022088628e-05
526,6,3,1,1.0235050022088627e-05
527,12,9,11,1.0235050022088627e-05
528,11,9,12,1.0235050022088627e-05
529,0,9,11,1.0235050022088625e-05
530,11,9,0,1.0235050022088623e-05
531,12,14,11,1.0235050022088623e-05
532,1,3,6,1.0235050022088623e-05
533,11,14,12,1.0235050022088623e-05
534,9,12,14,1.023505002208862e-05
535,1,4,6,1.0235050022088618e-05
536,0,2,11,1.0235050022088616e-05
537,6,4,1,1.0235050022088616e-05
538,4,13,15,1.0235050022088616e-05
539,14,12,9,1.0235050022088616e-05
540,11,2,0,1.0235050022088613e-05
541,15,13,4,1.023505002208861e-05
542,4,6,15,1.0235050022088603e-05
543,15,6,4,1.0235050022088601e-05
544,10,8,1,1.0235050022087976e-05
545,1,8,10,1.0235050022087973e-05
546,10,3,1,1.023505002208797e-05
547,1,3,10,1.0235050022087968e-05
548,14,7,5,1.0235050022087966e-05
549,5,12,14,1.0235050022087959e-05
550,5,7,14,1.0235050022087959e-05
551,14,12,5,1.0235050022087956e-05
552,8,1,3,1.0235050022087802e-05
553,3,1,8,1.02350500220878e-05
554,12,14,7,1.023505002208779e-05
555,3,10,8,1.023505002208779e-05
556,8,10,3,1.023505002208779e-05
557,7,14,12,1.0235050022087786e-05
558,12,5,7,1.0235050022087783e-05
559,7,5,12,1.0235050022087783e-05
560,7,2,0,1.0235050022087705e-05
561,0,2,7,1.0235050022087703e-05
562,2,7,5,1.0235050022087702e-05
563,2,0,5,1.0235050022087702e-05
564,5,0,2,1.0235050022087702e-05
565,8,10,15,1.0235050022087702e-05
566,15,13,8,1.02350500220877e-05
567,15,10,8,1.02350500220877e-05
568,5,7,2,1.02350500220877e-05
569,8,13,15,1.0235050022087698e-05
570,7,5,0,1.0235050022087698e-05
571,0,5,7,1.0235050022087698e-05
572,13,8,10,1.0235050022087691e-05
573,13,15,10,1.0235050022087688e-05
574,10,15,13,1.0235050022087688e-05
575,10,8,13,1.0235050022087685e-05
576,10,14,13,9.645622060634142e-06
577,13,14,10,9.64562206063414e-06
578,10,9,13,9.645622060634132e-06
579,13,9,10,9.645622060634127e-06
580,2,6,5,9.645622060634108e-06
581,5,6,2,9.645622060634106e-06
582,2,1,5,9.6456220606341e-06
583,5,1,2,9.645622060634093e-06
584,6,2,1,9.645622060633976e-06
585,1,2,6,9.645622060633974e-06
586,1,5,6,9.64562206063396e-06
587,6,5,1,9.645622060633959e-06
588,14,10,9,9.64562206063395e-06
589,9,10,14,9.64562206063395e-06
590,9,13,14,9.645622060633949e-06
591,14,13,9,9.645622060633945e-06
592,7,4,0,9.64562206063362e-06
593,7,3,0,9.64562206063362e-06
594,8,12,15,9.645622060633618e-06
595,15,12,8,9.645622060633618e-06
596,0,3,7,9.645622060633617e-06
597,0,4,7,9.645622060633615e-06
598,8,11,15,9.645622060633601e-06
599,15,11,8,9.645622060633598e-06
600,2,10,9,9.645622060633552e-06
601,9,10,2,9.64562206063355e-06
602,2,1,9,9.64562206063355e-06
603,9,1,2,9.645622060633545e-06
604,13,14,6,9.64562206063354e-06
605,6,14,13,9.645622060633537e-06
606,13,5,6,9.645622060633525e-06
607,6,5,13,9.645622060633522e-06
608,3,7,4,9.645622060633457e-06
609,12,15,11,9.645622060633456e-06
610,4,7,3,9.645622060633456e-06
611,12,8,11,9.645622060633456e-06
612,11,8,12,9.645622060633456e-06
613,11,15,12,9.645622060633452e-06
614,3,0,4,9.645622060633442e-06
615,4,0,3,9.645622060633439e-06
616,4,12,15,9.64562206063333e-06
617,15,12,4,9.64562206063333e-06
618,0,8,11,9.645622060633327e-06
619,11,8,0,9.645622060633327e-06
620,11,3,0,9.645622060633313e-06
621,0,3,11,9.64562206063331e-06
622,15,7,4,9.64562206063331e-06
623,4,7,15,9.64562206063331e-06
624,14,6,5,9.645622060633122e-06
625,5,6,14,9.64562206063312e-06
626,14,13,5,9.645622060633119e-06
627,5,13,14,9.645622060633115e-06
628,10,9,1,9.645622060633097e-06
629,10,2,1,9.645622060633097e-06
630,1,2,10,9.645622060633095e-06
631,1,9,10,9.645622060633091e-06
632,8,11,3,9.645622060632917e-06
633,3,11,8,9.645622060632914e-06
634,3,0,8,9.645622060632903e-06
635,8,0,3,9.645622060632902e-06
636,12,15,7,9.64562206063288e-06
637,7,15,12,9.645622060632876e-06
638,12,4,7,9.645622060632871e-06
639,7,4,12,9.64562206063287e-06
640,11,1,4,9.579296726758403e-06
641,11,14,4,9.5792967267584e-06
642,4,1,11,9.5792967267584e-06
643,4,14,11,9.579296726758396e-06
644,6,12,9,9.579296726758396e-06
645,9,12,6,9.579296726758396e-06
646,6,3,9,9.579296726758388e-06
647,9,3,6,9.579296726758386e-06
648,6,0,9,9.57929672675792e-06
649,9,0,6,9.579296726757917e-06
650,9,15,6,9.579296726757895e-06
651,6,15,9,9.579296726757893e-06
652,4,2,11,9.579296726757893e-06
653,11,13,4,9.57929672675789e-06
654,4,13,11,9.579296726757888e-06
655,11,2,4,9.579296726757888e-06
656,12,9,3,9.579296726757835e-06
657,3,9,12,9.579296726757834e-06
658,1,11,14,9.579296726757824e-06
659,1,4,14,9.579296726757824e-06
660,14,11,1,9.579296726757822e-06
661,14,4,1,9.57929672675782e-06
662,3,6,12,9.579296726757817e-06
663,12,6,3,9.579296726757813e-06
664,13,8,2,9.579296726757752e-06
665,2,8,13,9.579296726757749e-06
666,15,10,0,9.579296726757739e-06
667,0,10,15,9.579296726757737e-06
668,15,5,0,9.579296726757729e-06
669,0,5,15,9.579296726757729e-06
670,13,7,2,9.579296726757705e-06
671,2,7,13,9.579296726757702e-06
672,3,10,12,9.57929672675767e-06
673,12,10,3,9.579296726757668e-06
674,14,7,1,9.579296726757654e-06
675,1,7,14,9.579296726757652e-06
676,1,8,14,9.579296726757647e-06
677,14,8,1,9.579296726757644e-06
678,3,5,12,9.579296726757627e-06
679,12,5,3,9.579296726757627e-06
680,2,4,13,9.579296726757244e-06
681,13,4,2,9.579296726757239e-06
682,0,9,15,9.579296726757227e-06
683,15,9,0,9.579296726757226e-06
684,0,6,15,9.57929672675722e-06
685,15,6,0,9.579296726757214e-06
686,2,11,13,9.579296726757173e-06
687,13,11,2,9.579296726757173e-06
688,7,2,8,9.579296726757173e-06
689,8,2,7,9.579296726757171e-06
690,8,13,7,9.57929672675717e-06
691,5,15,10,9.579296726757168e-06
692,10,15,5,9.579296726757168e-06
693,7,13,8,9.579296726757168e-06
694,5,0,10,9.579296726757156e-06
695,10,0,5,9.579296726757156e-06
696,8,14,7,9.579296726757015e-06
697,7,14,8,9.579296726757015e-06
698,5,3,10,9.579296726756987e-06
699,10,3,5,9.579296726756987e-06
700,5,12,10,9.57929672675698e-06
701,10,12,5,9.579296726756977e-06
702,8,1,7,9.579296726756963e-06
703,7,1,8,9.579296726756961e-06
704,1,0,6,9.574269642757267e-06
705,6,0,1,9.574269642757265e-06
706,5,15,14,9.574269642757245e-06
707,14,15,5,9.574269642757245e-06
708,14,4,5,9.574269642757245e-06
709,5,4,14,9.574269642757243e-06
710,12,10,11,9.574269642757236e-06
711,11,10,12,9.574269642757233e-06
712,12,13,11,9.574269642757228e-06
713,3,9,8,9.574269642757228e-06
714,11,13,12,9.574269642757226e-06
715,7,6,12,9.574269642757226e-06
716,7,13,12,9.574269642757226e-06
717,8,9,3,9.574269642757226e-06
718,9,15,14,9.574269642757226e-06
719,12,6,7,9.574269642757226e-06
720,14,15,9,9.574269642757224e-06
721,1,0,10,9.574269642757223e-06
722,10,0,1,9.57426964275722e-06
723,12,13,7,9.57426964275722e-06
724,14,8,9,9.574269642757218e-06
725,1,7,6,9.574269642757218e-06
726,6,7,1,9.574269642757216e-06
727,3,2,8,9.574269642757216e-06
728,9,8,14,9.574269642757216e-06
729,8,2,3,9.574269642757216e-06
730,4,5,3,9.574269642757202e-06
731,4,2,3,9.574269642757202e-06
732,3,2,4,9.5742696427572e-06
733,10,11,1,9.5742696427572e-06
734,1,11,10,9.574269642757199e-06
735,3,5,4,9.574269642757197e-06
736,15,14,8,9.574269642757135e-06
737,8,14,15,9.574269642757131e-06
738,8,9,15,9.57426964275712e-06
739,15,9,8,9.574269642757118e-06
740,0,6,7,9.574269642757116e-06
741,7,6,0,9.574269642757114e-06
742,13,12,10,9.57426964275711e-06
743,10,12,13,9.574269642757107e-06
744,5,3,2,9.574269642757096e-06
745,0,1,7,9.574269642757096e-06
746,2,4,5,9.574269642757094e-06
747,7,1,0,9.574269642757092e-06
748,10,11,13,9.57426964275709e-06
749,2,3,5,9.57426964275709e-06
750,5,4,2,9.57426964275709e-06
751,13,11,10,9.574269642757089e-06
752,15,5,4,9.574269642756723e-06
753,4,5,15,9.574269642756721e-06
754,13,7,6,9.574269642756711e-06
755,6,7,13,9.574269642756708e-06
756,6,12,13,9.574269642756704e-06
757,15,14,4,9.574269642756701e-06
758,4,14,15,9.5742696427567e-06
759,9,3,2,9.574269642756697e-06
760,13,12,6,9.574269642756697e-06
761,2,3,9,9.574269642756694e-06
762,11,1,0,9.574269642756692e-06
763,0,1,11,9.57426964275669e-06
764,11,10,0,9.57426964275669e-06
765,2,8,9,9.574269642756689e-06
766,9,8,2,9.574269642756687e-06
767,0,10,11,9.574269642756686e-06
768,2,7,15,9.499784829750783e-06
769,15,7,2,9.499784829750781e-06
770,2,10,15,9.499784829750778e-06
771,15,10,2,9.499784829750778e-06
772,13,5,0,9.499784829750778e-06
773,0,5,13,9.499784829750776e-06
774,0,8,13,9.49978482975076e-06
775,13,8,0,9.499784829750756e-06
776,2,11,15,9.49978482975074e-06
777,15,11,2,9.499784829750737e-06
778,15,6,2,9.499784829750724e-06
779,13,9,0,9.499784829750724e-06
780,2,6,15,9.499784829750722e-06
781,0,9,13,9.49978482975072e-06
782,13,4,0,9.499784829750719e-06
783,0,4,13,9.49978482975071e-06
784,10,2,7,9.499784829750395e-06
785,7,2,10,9.499784829750388e-06
786,11,2,6,9.499784829750381e-06
787,6,2,11,9.499784829750381e-06
788,5,0,8,9.49978482975038e-06
789,8,0,5,9.49978482975038e-06
790,9,13,4,9.49978482975038e-06
791,4,13,9,9.499784829750378e-06
792,5,13,8,9.499784829750366e-06
793,9,0,4,9.499784829750364e-06
794,4,0,9,9.499784829750363e-06
795,8,13,5,9.499784829750361e-06
796,11,15,6,9.499784829750356e-06
797,6,15,11,9.499784829750353e-06
798,10,15,7,9.499784829750344e-06
799,7,15,10,9.499784829750342e-06
800,5,1,8,9.49978482975026e-06
801,8,1,5,9.49978482975026e-06
802,10,14,7,9.499784829750234e-06
803,7,14,10,9.499784829750232e-06
804,5,12,8,9.499784829750229e-06
805,8,12,5,9.499784829750226e-06
806,7,3,10,9.499784829750222e-06
807,10,3,7,9.499784829750219e-06
808,9,1,4,9.499784829749992e-06
809,4,1,9,9.499784829749992e-06
810,6,14,11,9.499784829749988e-06
811,11,14,6,9.499784829749988e-06
812,6,3,11,9.499784829749961e-06
813,11,3,6,9.499784829749961e-06
814,9,12,4,9.49978482974996e-06
815,4,12,9,9.49978482974996e-06
816,1,5,12,9.499784829749907e-06
817,3,7,14,9.499784829749907e-06
818,12,5,1,9.499784829749902e-06
819,14,7,3,9.4997848297499e-06
820,1,8,12,9.499784829749878e-06
821,12,8,1,9.499784829749877e-06
822,14,10,3,9.499784829749866e-06
823,3,10,14,9.499784829749865e-06
824,12,9,1,9.499784829749567e-06
825,1,9,12,9.499784829749563e-06
826,14,11,3,9.49978482974955e-06
827,3,11,14,9.499784829749548e-06
828,1,4,12,9.499784829749543e-06
829,12,4,1,9.499784829749541e-06
830,3,6,14,9.499784829749523e-06
831,14,6,3,9.499784829749517e-06
832,12,11,5,6.154507338578987e-06
833,5,11,12,6.154507338578987e-06
834,10,4,3,6.154507338578986e-06
835,3,4,10,6.154507338578985e-06
836,7,9,14,6.154507338578985e-06
837,14,9,7,6.154507338578985e-06
838,8,6,1,6.1545073385789846e-06
839,1,6,8,6.154507338578984e-06
840,0,14,9,6.15450733857897e-06
841,13,3,4,6.154507338578969e-06
842,4,3,13,6.1545073385789685e-06
843,9,14,0,6.1545073385789685e-06
844,15,1,6,6.154507338578968e-06
845,11,12,2,6.154507338578968e-06
846,2,12,11,6.154507338578968e-06
847,6,1,15,6.154507338578966e-06
848,10,1,15,6.15450733857895e-06
849,11,5,14,6.15450733857895e-06
850,2,12,7,6.15450733857895e-06
851,7,12,2,6.154507338578949e-06
852,6,8,3,6.154507338578949e-06
853,9,7,12,6.154507338578949e-06
854,8,3,13,6.154507338578949e-06
855,3,8,6,6.154507338578949e-06
856,1,10,4,6.154507338578949e-06
857,12,7,9,6.154507338578949e-06
858,13,3,8,6.154507338578949e-06
859,14,5,11,6.154507338578948e-06
860,5,14,0,6.154507338578948e-06
861,15,1,10,6.154507338578948e-06
862,0,14,5,6.154507338578948e-06
863,4,10,1,6.154507338578947e-06
864,7,9,2,6.15450733857894e-06
865,3,13,6,6.15450733857894e-06
866,12,2,9,6.15450733857894e-06
867,3,13,10,6.154507338578939e-06
868,7,0,14,6.154507338578939e-06
869,2,9,7,6.154507338578939e-06
870,8,6,13,6.154507338578939e-06
871,10,13,3,6.154507338578939e-06
872,13,6,8,6.154507338578939e-06
873,14,0,11,6.154507338578939e-06
874,0,11,5,6.154507338578939e-06
875,6,13,3,6.154507338578939e-06
876,11,0,14,6.154507338578939e-06
877,14,0,7,6.154507338578938e-06
878,9,2,12,6.154507338578938e-06
879,5,11,0,6.154507338578938e-06
880,10,4,15,6.154507338578938e-06
881,12,2,5,6.154507338578937e-06
882,15,4,10,6.154507338578937e-06
883,4,15,1,6.154507338578937e-06
884,1,15,4,6.154507338578937e-06
885,5,2,12,6.154507338578936e-06
886,8,15,1,6.154507338578935e-06
887,1,15,8,6.1545073385789346e-06
888,11,5,2,6.154507338578919e-06
889,9,7,0,6.1545073385789185e-06
890,4,10,13,6.1545073385789185e-06
891,13,10,4,6.1545073385789185e-06
892,6,8,15,6.1545073385789185e-06
893,2,5,11,6.1545073385789185e-06
894,15,8,6,6.154507338578918e-06
895,0,7,9,6.154507338578918e-06
896,10,4,9,6.153463715095822e-06
897,9,4,10,6.153463715095822e-06
898,8,6,11,6.153463715095819e-06
899,11,6,8,6.153463715095818e-06
900,5,11,6,6.153463715095818e-06
901,12,2,15,6.153463715095818e-06
902,15,2,12,6.153463715095818e-06
903,2,15,1,6.153463715095818e-06
904,14,0,13,6.1534637150958174e-06
905,0,13,3,6.1534637150958174e-06
906,6,11,5,6.1534637150958174e-06
907,3,13,0,6.1534637150958174e-06
908,1,15,2,6.1534637150958174e-06
909,13,0,14,6.153463715095817e-06
910,4,9,7,6.153463715095817e-06
911,7,9,4,6.153463715095817e-06
912,12,1,15,6.15346371509579e-06
913,5,8,6,6.15346371509579e-06
914,15,1,12,6.1534637150957895e-06
915,6,8,5,6.1534637150957895e-06
916,10,7,9,6.153463715095789e-06
917,14,3,13,6.153463715095789e-06
918,0,14,3,6.153463715095789e-06
919,13,3,14,6.153463715095789e-06
920,3,14,0,6.153463715095788e-06
921,1,12,2,6.153463715095788e-06
922,9,7,10,6.153463715095787e-06
923,11,5,8,6.153463715095787e-06
924,8,5,11,6.153463715095787e-06
925,7,10,4,6.153463715095787e-06
926,2,12,1,6.153463715095787e-06
927,4,10,7,6.153463715095786e-06
928,12,2,13,6.1492074910745725e-06
929,9,6,8,6.1492074910745725e-06
930,15,0,14,6.1492074910745725e-06
931,14,0,15,6.1492074910745725e-06
932,8,6,9,6.1492074910745725e-06
933,13,2,12,6.1492074910745725e-06
934,1,15,0,6.149207491074572e-06
935,11,4,10,6.149207491074572e-06
936,4,11,5,6.149207491074572e-06
937,0,15,1,6.149207491074572e-06
938,7,9,6,6.149207491074572e-06
939,10,4,11,6.149207491074571e-06
940,5,11,4,6.149207491074571e-06
941,2,13,3,6.149207491074571e-06
942,6,9,7,6.14920749107457e-06
943,3,13,2,6.14920749107457e-06
944,0,14,1,6.149207491074525e-06
945,10,5,11,6.149207491074524e-06
946,4,10,5,6.149207491074524e-06
947,15,1,14,6.149207491074524e-06
948,2,12,3,6.149207491074524e-06
949,12,3,13,6.149207491074524e-06
950,1,14,0,6.149207491074524e-06
951,3,12,2,6.149207491074523e-06
952,14,1,15,6.149207491074523e-06
953,13,3,12,6.149207491074523e-06
954,9,7,8,6.149207491074523e-06
955,7,8,6,6.1492074910745225e-06
956,8,7,9,6.1492074910745225e-06
957,5,10,4,6.1492074910745225e-06
958,6,8,7,6.149207491074522e-06
959,11,5,10,6.149207491074522e-06
960,0,11,7,3.4882091632454767e-06
961,7,11,0,3.488209163245476e-06
962,2,9,5,3.488209163245474e-06
963,5,9,2,3.4882091632454738e-06
964,1,13,6,3.4882091632454704e-06
965,6,13,1,3.4882091632454704e-06
966,8,4,15,3.4882091632454687e-06
967,15,4,8,3.4882091632454687e-06
968,12,0,11,3.4882091632454687e-06
969,13,6,10,3.4882091632454687e-06
970,10,6,13,3.4882091632454687e-06
971,3,15,4,3.4882091632454682e-06
972,4,15,3,3.488209163245468e-06
973,14,2,9,3.488209163245468e-06
974,11,0,12,3.4882091632454674e-06
975,9,2,14,3.488209163245467e-06
976,14,2,5,3.488209163245418e-06
977,5,2,14,3.488209163245417e-06
978,12,0,7,3.4882091632454166e-06
979,7,0,12,3.4882091632454166e-06
980,1,13,10,3.4882091632454157e-06
981,10,13,1,3.4882091632454153e-06
982,8,15,3,3.4882091632454145e-06
983,3,15,8,3.4882091632454145e-06
984,7,11,12,3.4882091632454e-06
985,12,11,7,3.4882091632453996e-06
986,14,9,5,3.488209163245399e-06
987,5,9,14,3.488209163245399e-06
988,8,4,3,3.488209163245394e-06
989,10,6,1,3.4882091632453933e-06
990,3,4,8,3.4882091632453933e-06
991,2,5,9,3.488209163245393e-06
992,1,6,10,3.4882091632453924e-06
993,9,5,2,3.488209163245392e-06
994,0,7,11,3.48820916324539e-06
995,11,7,0,3.488209163245389e-06
996,13,10,6,3.4882091632453865e-06
997,6,10,13,3.4882091632453865e-06
998,15,8,4,3.4882091632453797e-06
999,4,8,15,3.4882091632453797e-06
1000,11,7,12,3.4882091632453687e-06
1001,12,7,11,3.488209163245368e-06
1002,10,1,13,3.4882091632453666e-06
1003,4,3,15,3.4882091632453666e-06
1004,6,10,1,3.488209163245366e-06
1005,15,3,4,3.488209163245366e-06
1006,13,1,10,3.488209163245366e-06
1007,1,10,6,3.488209163245366e-06
1008,2,14,5,3.4882091632453658e-06
1009,5,14,2,3.4882091632453658e-06
1010,9,5,14,3.4882091632453653e-06
1011,15,3,8,3.4882091632453653e-06
1012,8,3,15,3.488209163245365e-06
1013,14,5,9,3.488209163245365e-06
1014,0,12,7,3.488209163245363e-06
1015,9,14,2,3.488209163245363e-06
1016,13,1,6,3.488209163245363e-06
1017,2,14,9,3.4882091632453624e-06
1018,6,1,13,3.4882091632453624e-06
1019,7,12,0,3.488209163245362e-06
1020,4,8,3,3.488209163245362e-06
1021,3,8,4,3.488209163245361e-06
1022,0,12,11,3.4882091632453603e-06
1023,11,12,0,3.4882091632453603e-06
1024,11,6,4,3.4634639062338913e-06
1025,4,6,11,3.4634639062338913e-06
1026,15,2,0,3.4634639062338883e-06
1027,0,2,15,3.463463906233888e-06
1028,4,9,11,3.463463906233886e-06
1029,15,13,0,3.4634639062338854e-06
1030,11,9,4,3.4634639062338854e-06
1031,0,13,15,3.4634639062338845e-06
1032,6,4,9,3.463463906233881e-06
1033,9,4,6,3.463463906233881e-06
1034,2,0,13,3.4634639062338803e-06
1035,13,0,2,3.4634639062338795e-06
1036,13,15,2,3.463463906233877e-06
1037,2,15,13,3.463463906233876e-06
1038,8,10,7,3.4634639062338752e-06
1039,7,10,8,3.4634639062338744e-06
1040,6,11,9,3.4634639062338744e-06
1041,9,11,6,3.4634639062338744e-06
1042,3,14,12,3.46346390623387e-06
1043,12,14,3,3.4634639062338684e-06
1044,8,5,7,3.463463906233868e-06
1045,7,5,8,3.463463906233867e-06
1046,12,1,3,3.463463906233866e-06
1047,3,1,12,3.463463906233866e-06
1048,5,8,10,3.463463906233857e-06
1049,10,8,5,3.463463906233857e-06
1050,14,3,1,3.463463906233854e-06
1051,1,3,14,3.463463906233854e-06
1052,10,7,5,3.463463906233853e-06
1053,5,7,10,3.463463906233853e-06
1054,14,12,1,3.4634639062338528e-06
1055,1,12,14,3.4634639062338523e-06
1056,8,10,5,3.4494063285461097e-06
1057,5,10,8,3.449406328546109e-06
1058,10,8,7,3.4494063285461063e-06
1059,7,8,10,3.4494063285461063e-06
1060,1,3,12,3.449406328546106e-06
1061,10,5,7,3.4494063285461055e-06
1062,12,3,1,3.449406328546105e-06
1063,14,1,3,3.449406328546105e-06
1064,7,5,10,3.449406328546105e-06
1065,3,1,14,3.4494063285461046e-06
1066,12,14,1,3.449406328546104e-06
1067,1,14,12,3.4494063285461038e-06
1068,14,12,3,3.449406328546101e-06
1069,3,12,14,3.449406328546101e-06
1070,8,7,5,3.449406328546101e-06
1071,5,7,8,3.4494063285461004e-06
1072,15,13,2,3.449406328546086e-06
1073,2,13,15,3.449406328546086e-06
1074,11,9,6,3.449406328546086e-06
1075,6,9,11,3.449406328546086e-06
1076,13,15,0,3.449406328546084e-06
1077,4,6,9,3.4494063285460835e-06
1078,0,2,13,3.4494063285460835e-06
1079,9,6,4,3.4494063285460835e-06
1080,15,0,2,3.4494063285460835e-06
1081,0,15,13,3.4494063285460835e-06
1082,13,2,0,3.4494063285460835e-06
1083,11,4,6,3.449406328546083e-06
1084,6,4,11,3.4494063285460826e-06
1085,2,0,15,3.4494063285460826e-06
1086,4,11,9,3.4494063285460818e-06
1087,9,11,4,3.4494063285460813e-06
1088,4,14,3,2.795953259325363e-06
1089,3,14,4,2.795953259325363e-06
1090,1,12,6,2.7959532593253597e-06
1091,6,12,1,2.7959532593253593e-06
1092,9,3,14,2.795953259325359e-06
1093,0,10,7,2.795953259325359e-06
1094,8,5,15,2.795953259325359e-06
1095,7,10,0,2.7959532593253584e-06
1096,14,3,9,2.7959532593253584e-06
1097,11,1,12,2.795953259325358e-06
1098,15,5,8,2.795953259325358e-06
1099,12,1,11,2.7959532593253576e-06
1100,10,7,13,2.795953259325357e-06
1101,13,7,10,2.795953259325357e-06
1102,5,8,2,2.7959532593253563e-06
1103,2,8,5,2.7959532593253563e-06
1104,15,2,4,2.7959532593253474e-06
1105,4,2,15,2.795953259325347e-06
1106,13,0,6,2.795953259325343e-06
1107,6,0,13,2.7959532593253428e-06
1108,11,13,0,2.7959532593253402e-06
1109,2,15,9,2.7959532593253402e-06
1110,9,15,2,2.7959532593253402e-06
1111,0,13,11,2.7959532593253402e-06
1112,11,6,12,2.7959532593253275e-06
1113,8,2,15,2.795953259325327e-06
1114,12,6,11,2.795953259325327e-06
1115,15,2,8,2.7959532593253267e-06
1116,13,0,10,2.7959532593253267e-06
1117,10,0,13,2.7959532593253267e-06
1118,9,4,14,2.7959532593253267e-06
1119,14,4,9,2.7959532593253263e-06
1120,7,13,0,2.7959532593253254e-06
1121,0,13,7,2.795953259325325e-06
1122,1,11,6,2.7959532593253246e-06
1123,6,11,1,2.795953259325324e-06
1124,4,9,3,2.7959532593253233e-06
1125,3,9,4,2.7959532593253233e-06
1126,8,5,3,2.7959532593253233e-06
1127,5,15,2,2.795953259325323e-06
1128,3,5,8,2.7959532593253224e-06
1129,2,15,5,2.795953259325322e-06
1130,10,7,1,2.7959532593253186e-06
1131,14,8,5,2.7959532593253186e-06
1132,5,8,14,2.795953259325318e-06
1133,1,7,10,2.7959532593253178e-06
1134,7,10,12,2.7959532593253165e-06
1135,12,10,7,2.795953259325316e-06
1136,2,4,9,2.795953259325302e-06
1137,9,4,2,2.7959532593253013e-06
1138,0,6,11,2.7959532593253013e-06
1139,11,6,0,2.7959532593253013e-06
1140,6,11,13,2.7959532593252987e-06
1141,13,11,6,2.7959532593252983e-06
1142,4,9,15,2.795953259325296e-06
1143,15,9,4,2.7959532593252953e-06
1144,14,3,5,2.795953259325279e-06
1145,5,3,14,2.7959532593252784e-06
1146,3,14,8,2.7959532593252784e-06
1147,8,14,3,2.795953259325278e-06
1148,1,12,10,2.7959532593252775e-06
1149,10,12,1,2.7959532593252767e-06
1150,7,1,12,2.795953259325276e-06
1151,12,1,7,2.7959532593252754e-06
1152,9,15,4,2.7948919994425345e-06
1153,4,15,9,2.7948919994425336e-06
1154,6,13,11,2.7948919994425324e-06
1155,11,13,6,2.7948919994425324e-06
1156,6,0,11,2.7948919994425315e-06
1157,11,0,6,2.794891999442531e-06
1158,14,8,3,2.7948919994425307e-06
1159,7,13,10,2.7948919994425303e-06
1160,10,13,7,2.7948919994425303e-06
1161,3,8,14,2.7948919994425294e-06
1162,5,2,8,2.794891999442529e-06
1163,4,2,9,2.794891999442529e-06
1164,8,2,5,2.794891999442529e-06
1165,9,2,4,2.7948919994425286e-06
1166,3,5,14,2.7948919994425286e-06
1167,14,5,3,2.7948919994425277e-06
1168,7,0,10,2.7948919994425277e-06
1169,10,0,7,2.7948919994425277e-06
1170,1,7,12,2.7948919994425273e-06
1171,5,15,8,2.794891999442527e-06
1172,14,4,3,2.794891999442527e-06
1173,1,10,12,2.794891999442527e-06
1174,3,4,14,2.794891999442527e-06
1175,12,7,1,2.794891999442527e-06
1176,8,15,5,2.7948919994425264e-06
1177,12,10,1,2.7948919994425264e-06
1178,14,9,3,2.7948919994425264e-06
1179,3,9,14,2.794891999442526e-06
1180,1,6,12,2.794891999442525e-06
1181,12,6,1,2.7948919994425247e-06
1182,12,11,1,2.7948919994425243e-06
1183,1,11,12,2.794891999442524e-06
1184,13,10,0,2.794891999442503e-06
1185,0,10,13,2.7948919994425027e-06
1186,15,8,2,2.7948919994425006e-06
1187,2,8,15,2.7948919994425e-06
1188,15,5,2,2.794891999442499e-06
1189,2,5,15,2.7948919994424985e-06
1190,11,12,6,2.794891999442498e-06
1191,6,12,11,2.794891999442498e-06
1192,13,7,0,2.7948919994424976e-06
1193,0,7,13,2.7948919994424972e-06
1194,9,14,4,2.794891999442496e-06
1195,4,14,9,2.794891999442496e-06
1196,0,11,13,2.7948919994424943e-06
1197,10,12,7,2.7948919994424943e-06
1198,13,11,0,2.794891999442494e-06
1199,7,12,10,2.794891999442494e-06
1200,2,9,15,2.794891999442493e-06
1201,15,9,2,2.7948919994424926e-06
1202,8,14,5,2.794891999442492e-06
1203,9,3,4,2.794891999442492e-06
1204,15,4,2,2.794891999442492e-06
1205,4,3,9,2.794891999442492e-06
1206,2,4,15,2.794891999442492e-06
1207,5,14,8,2.7948919994424917e-06
1208,11,1,6,2.7948919994424904e-06
1209,5,3,8,2.79489199944249e-06
1210,13,6,0,2.7948919994424896e-06
1211,8,3,5,2.7948919994424896e-06
1212,6,1,11,2.7948919994424896e-06
1213,0,6,13,2.794891999442489e-06
1214,7,1,10,2.794891999442489e-06
1215,10,1,7,2.7948919994424887e-06
1216,15,4,0,2.78296518751545e-06
1217,2,9,13,2.7829651875154495e-06
1218,13,9,2,2.7829651875154495e-06
1219,0,4,15,2.7829651875154495e-06
1220,2,6,13,2.782965187515448e-06
1221,13,6,2,2.782965187515448e-06
1222,0,11,15,2.7829651875154465e-06
1223,15,11,0,2.7829651875154465e-06
1224,8,3,7,2.7829651875154436e-06
1225,7,3,8,2.7829651875154436e-06
1226,5,1,10,2.7829651875154427e-06
1227,10,1,5,2.7829651875154427e-06
1228,7,12,8,2.782965187515442e-06
1229,8,12,7,2.782965187515442e-06
1230,10,14,5,2.7829651875154406e-06
1231,5,14,10,2.78296518751544e-06
1232,13,10,2,2.782965187515413e-06
1233,2,10,13,2.7829651875154122e-06
1234,2,5,13,2.782965187515412e-06
1235,13,5,2,2.7829651875154114e-06
1236,15,8,0,2.782965187515411e-06
1237,0,7,15,2.782965187515411e-06
1238,15,7,0,2.7829651875154106e-06
1239,0,8,15,2.7829651875154106e-06
1240,10,2,5,2.7829651875154084e-06
1241,7,0,8,2.7829651875154076e-06
1242,5,2,10,2.7829651875154076e-06
1243,8,0,7,2.782965187515407e-06
1244,5,13,10,2.782965187515407e-06
1245,10,13,5,2.782965187515406e-06
1246,7,15,8,2.782965187515405e-06
1247,8,15,7,2.782965187515405e-06
1248,9,13,6,2.7829651875154025e-06
1249,6,13,9,2.7829651875154025e-06
1250,9,2,6,2.782965187515402e-06
1251,6,2,9,2.782965187515402e-06
1252,11,15,4,2.7829651875154e-06
1253,4,15,11,2.7829651875153995e-06
1254,12,7,3,2.7829651875153995e-06
1255,11,0,4,2.7829651875153995e-06
1256,3,7,12,2.7829651875153995e-06
1257,4,0,11,2.782965187515399e-06
1258,14,5,1,2.782965187515397e-06
1259,1,5,14,2.782965187515397e-06
1260,14,10,1,2.7829651875153936e-06
1261,1,10,14,2.7829651875153936e-06
1262,3,8,12,2.7829651875153902e-06
1263,12,8,3,2.7829651875153902e-06
1264,6,1,9,2.7829651875153885e-06
1265,9,14,6,2.7829651875153885e-06
1266,6,14,9,2.782965187515388e-06
1267,9,1,6,2.7829651875153877e-06
1268,11,3,4,2.782965187515387e-06
1269,4,3,11,2.782965187515387e-06
1270,3,4,12,2.782965187515386e-06
1271,12,4,3,2.782965187515386e-06
1272,1,6,14,2.782965187515384e-06
1273,14,6,1,2.7829651875153834e-06
1274,14,9,1,2.7829651875153834e-06
1275,11,12,4,2.7829651875153834e-06
1276,1,9,14,2.7829651875153834e-06
1277,4,12,11,2.7829651875153826e-06
1278,12,11,3,2.782965187515381e-06
1279,3,11,12,2.78296518751538e-06
1280,6,9,13,2.7755447092122824e-06
1281,0,4,11,2.7755447092122824e-06
1282,11,4,0,2.775544709212282e-06
1283,13,9,6,2.775544709212282e-06
1284,15,11,4,2.7755447092122785e-06
1285,4,11,15,2.7755447092122785e-06
1286,7,3,12,2.775544709212278e-06
1287,12,3,7,2.775544709212278e-06
1288,10,14,1,2.7755447092122777e-06
1289,1,14,10,2.7755447092122777e-06
1290,5,1,14,2.775544709212276e-06
1291,14,1,5,2.775544709212276e-06
1292,9,6,2,2.775544709212276e-06
1293,2,6,9,2.7755447092122756e-06
1294,3,12,8,2.775544709212274e-06
1295,8,12,3,2.7755447092122735e-06
1296,0,15,11,2.7755447092122413e-06
1297,11,15,0,2.7755447092122413e-06
1298,6,2,13,2.7755447092122404e-06
1299,13,2,6,2.77554470921224e-06
1300,9,6,14,2.775544709212239e-06
1301,14,6,9,2.7755447092122387e-06
1302,7,8,12,2.7755447092122383e-06
1303,4,11,3,2.7755447092122383e-06
1304,5,13,2,2.775544709212238e-06
1305,3,11,4,2.775544709212238e-06
1306,12,8,7,2.775544709212238e-06
1307,3,7,8,2.775544709212238e-06
1308,2,13,9,2.775544709212237e-06
1309,8,7,3,2.775544709212237e-06
1310,9,13,2,2.775544709212237e-06
1311,2,13,5,2.775544709212237e-06
1312,15,0,8,2.775544709212236e-06
1313,15,0,4,2.775544709212236e-06
1314,5,10,14,2.775544709212236e-06
1315,14,10,5,2.775544709212236e-06
1316,10,5,1,2.775544709212236e-06
1317,1,5,10,2.775544709212236e-06
1318,4,0,15,2.7755447092122358e-06
1319,8,0,15,2.7755447092122358e-06
1320,1,9,6,2.7755447092122353e-06
1321,6,9,1,2.7755447092122353e-06
1322,13,2,10,2.7755447092122345e-06
1323,11,4,12,2.7755447092122345e-06
1324,12,4,11,2.7755447092122345e-06
1325,10,2,13,2.7755447092122345e-06
1326,7,15,0,2.775544709212234e-06
1327,0,15,7,2.7755447092122337e-06
1328,9,1,14,2.77554470921222e-06
1329,14,1,9,2.77554470921222e-06
1330,8,7,15,2.7755447092122193e-06
1331,15,7,8,2.7755447092122193e-06
1332,1,14,6,2.775544709212219e-06
1333,10,5,13,2.7755447092122184e-06
1334,13,5,10,2.7755447092122184e-06
1335,6,14,1,2.7755447092122184e-06
1336,12,3,11,2.7755447092122176e-06
1337,4,12,3,2.7755447092122176e-06
1338,3,12,4,2.7755447092122176e-06
1339,11,3,12,2.7755447092122167e-06
1340,5,10,2,2.7755447092122154e-06
1341,2,10,5,2.7755447092122154e-06
1342,0,8,7,2.7755447092122125e-06
1343,7,8,0,2.775544709212212e-06
1344,7,14,9,1.1626939034254133e-06
1345,9,14,7,1.1626939034254129e-06
1346,1,6,15,1.1626939034254108e-06
1347,15,6,1,1.1626939034254106e-06
1348,6,1,8,1.1626939034254089e-06
1349,8,1,6,1.1626939034254084e-06
1350,10,3,4,1.1626939034254057e-06
1351,4,3,10,1.1626939034254055e-06
1352,13,4,3,1.162693903425402e-06
1353,3,4,13,1.1626939034254017e-06
1354,11,12,5,1.162693903425401e-06
1355,5,12,11,1.1626939034254006e-06
1356,12,11,2,1.1626939034253998e-06
1357,2,11,12,1.1626939034253998e-06
1358,12,5,2,1.1626939034253917e-06
1359,2,5,12,1.1626939034253917e-06
1360,0,9,14,1.1626939034253917e-06
1361,14,9,0,1.1626939034253915e-06
1362,6,15,8,1.1626939034253883e-06
1363,8,15,6,1.1626939034253883e-06
1364,11,2,5,1.1626939034253858e-06
1365,5,2,11,1.1626939034253854e-06
1366,9,0,7,1.1626939034253851e-06
1367,7,0,9,1.162693903425385e-06
1368,0,7,14,1.1626939034253815e-06
1369,14,7,0,1.1626939034253815e-06
1370,12,9,2,1.1626939034253811e-06
1371,2,9,12,1.162693903425381e-06
1372,3,10,13,1.162693903425378e-06
1373,0,11,14,1.162693903425378e-06
1374,13,10,3,1.1626939034253777e-06
1375,14,11,0,1.1626939034253777e-06
1376,15,4,1,1.1626939034253767e-06
1377,1,4,15,1.1626939034253765e-06
1378,1,8,15,1.1626939034253741e-06
1379,15,8,1,1.1626939034253737e-06
1380,9,12,7,1.1626939034253722e-06
1381,7,12,9,1.1626939034253718e-06
1382,10,13,4,1.1626939034253718e-06
1383,10,1,4,1.1626939034253718e-06
1384,4,13,10,1.1626939034253716e-06
1385,4,1,10,1.1626939034253714e-06
1386,12,7,2,1.1626939034253714e-06
1387,6,3,8,1.1626939034253714e-06
1388,8,3,6,1.1626939034253714e-06
1389,2,7,12,1.162693903425371e-06
1390,3,6,13,1.1626939034253707e-06
1391,13,6,3,1.1626939034253705e-06
1392,10,15,4,1.1626939034253703e-06
1393,4,15,10,1.1626939034253701e-06
1394,6,13,8,1.1626939034253693e-06
1395,8,13,6,1.162693903425369e-06
1396,11,0,5,1.1626939034253688e-06
1397,5,0,11,1.1626939034253688e-06
1398,11,14,5,1.1626939034253684e-06
1399,5,14,11,1.162693903425368e-06
1400,3,8,13,1.1626939034253676e-06
1401,13,8,3,1.1626939034253671e-06
1402,15,10,1,1.162693903425366e-06
1403,1,10,15,1.1626939034253657e-06
1404,7,2,9,1.1626939034253652e-06
1405,9,2,7,1.1626939034253646e-06
1406,14,5,0,1.1626939034253578e-06
1407,0,5,14,1.1626939034253574e-06
1408,0,13,14,1.1598794020969748e-06
1409,14,13,0,1.159879402096974e-06
1410,4,9,10,1.159879402096974e-06
1411,10,9,4,1.1598794020969736e-06
1412,1,2,15,1.159879402096972e-06
1413,15,2,1,1.1598794020969719e-06
1414,5,6,11,1.1598794020969687e-06
1415,11,6,5,1.1598794020969683e-06
1416,8,11,6,1.1598794020969678e-06
1417,6,11,8,1.1598794020969676e-06
1418,9,4,7,1.159879402096967e-06
1419,7,4,9,1.1598794020969668e-06
1420,3,0,13,1.1598794020969644e-06
1421,13,0,3,1.1598794020969642e-06
1422,12,15,2,1.159879402096961e-06
1423,2,15,12,1.1598794020969608e-06
1424,9,10,7,1.1598794020969486e-06
1425,7,10,9,1.159879402096948e-06
1426,6,5,8,1.1598794020969452e-06
1427,8,5,6,1.1598794020969452e-06
1428,12,1,2,1.1598794020969354e-06
1429,2,1,12,1.159879402096935e-06
1430,5,8,11,1.159879402096933e-06
1431,11,8,5,1.1598794020969325e-06
1432,3,14,13,1.1598794020969318e-06
1433,13,14,3,1.1598794020969314e-06
1434,0,3,14,1.1598794020969274e-06
1435,14,3,0,1.1598794020969265e-06
1436,4,7,10,1.1598794020969213e-06
1437,10,7,4,1.1598794020969208e-06
1438,1,12,15,1.1598794020969151e-06
1439,15,12,1,1.1598794020969151e-06
1440,12,3,2,1.15773156333108e-06
1441,2,3,12,1.1577315633310793e-06
1442,0,1,14,1.1577315633310764e-06
1443,14,1,0,1.1577315633310762e-06
1444,11,10,5,1.1577315633310749e-06
1445,5,10,11,1.1577315633310742e-06
1446,8,7,6,1.157731563331074e-06
1447,6,7,8,1.1577315633310736e-06
1448,7,8,9,1.1577315633310728e-06
1449,9,8,7,1.1577315633310723e-06
1450,1,14,15,1.1577315633310715e-06
1451,15,14,1,1.1577315633310713e-06
1452,10,5,4,1.1577315633310702e-06
1453,4,5,10,1.15773156333107e-06
1454,3,12,13,1.1577315633310673e-06
1455,13,12,3,1.1577315633310668e-06
1456,2,13,12,1.157731563331035e-06
1457,12,13,2,1.1577315633310344e-06
1458,15,0,1,1.15773156333103e-06
1459,7,6,9,1.1577315633310296e-06
1460,1,0,15,1.1577315633310291e-06
1461,9,6,7,1.1577315633310291e-06
1462,0,15,14,1.1577315633310266e-06
1463,6,9,8,1.1577315633310266e-06
1464,5,4,11,1.1577315633310264e-06
1465,14,15,0,1.1577315633310264e-06
1466,8,9,6,1.1577315633310264e-06
1467,11,4,5,1.1577315633310262e-06
1468,13,2,3,1.1577315633310215e-06
1469,3,2,13,1.157731563331021e-06
1470,4,11,10,1.1577315633310194e-06
1471,10,11,4,1.1577315633310192e-06
1472,3,8,15,1.1153119137267518e-06
1473,15,8,3,1.1153119137267514e-06
1474,12,7,0,1.11531191372675e-06
1475,2,5,14,1.11531191372675e-06
1476,0,7,12,1.1153119137267495e-06
1477,4,3,8,1.1153119137267492e-06
1478,14,5,2,1.1153119137267492e-06
1479,8,3,4,1.1153119137267488e-06
1480,1,10,13,1.1153119137267484e-06
1481,7,12,11,1.1153119137267482e-06
1482,13,10,1,1.1153119137267482e-06
1483,11,12,7,1.115311913726748e-06
1484,5,14,9,1.1153119137267475e-06
1485,9,14,5,1.1153119137267475e-06
1486,10,1,6,1.1153119137267471e-06
1487,6,1,10,1.115311913726747e-06
1488,7,0,11,1.1153119137267365e-06
1489,9,2,5,1.1153119137267365e-06
1490,5,2,9,1.1153119137267365e-06
1491,11,0,7,1.1153119137267363e-06
1492,2,9,14,1.1153119137267357e-06
1493,6,13,10,1.1153119137267355e-06
1494,10,13,6,1.1153119137267355e-06
1495,14,9,2,1.1153119137267355e-06
1496,0,11,12,1.1153119137267348e-06
1497,12,11,0,1.1153119137267346e-06
1498,8,15,4,1.1153119137267344e-06
1499,1,6,13,1.1153119137267344e-06
1500,4,15,8,1.1153119137267342e-06
1501,13,6,1,1.115311913726734e-06
1502,15,4,3,1.1153119137267338e-06
1503,3,4,15,1.1153119137267338e-06
1504,3,12,1,1.0997644932247459e-06
1505,1,12,3,1.0997644932247457e-06
1506,12,1,14,1.0997644932247455e-06
1507,14,1,12,1.0997644932247453e-06
1508,14,3,12,1.0997644932247453e-06
1509,12,3,14,1.0997644932247453e-06
1510,8,5,10,1.0997644932247448e-06
1511,10,5,8,1.0997644932247446e-06
1512,8,7,10,1.0997644932247442e-06
1513,7,10,5,1.099764493224744e-06
1514,10,7,8,1.099764493224744e-06
1515,7,8,5,1.099764493224744e-06
1516,5,10,7,1.099764493224744e-06
1517,5,8,7,1.0997644932247438e-06
1518,3,14,1,1.0997644932247431e-06
1519,1,14,3,1.099764493224743e-06
1520,0,13,2,1.0997644932246923e-06
1521,2,13,0,1.0997644932246923e-06
1522,9,6,11,1.0997644932246919e-06
1523,11,6,9,1.0997644932246919e-06
1524,0,15,2,1.0997644932246915e-06
1525,2,15,0,1.099764493224691e-06
1526,9,4,11,1.0997644932246908e-06
1527,11,4,9,1.0997644932246904e-06
1528,13,0,15,1.0997644932246902e-06
1529,15,0,13,1.0997644932246898e-06
1530,15,2,13,1.0997644932246896e-06
1531,4,9,6,1.0997644932246893e-06
1532,6,9,4,1.0997644932246893e-06
1533,13,2,15,1.0997644932246893e-06
1534,4,11,6,1.0997644932246891e-06
1535,6,11,4,1.0997644932246891e-06
1536,13,3,2,5.012457135633398e-07
1537,2,3,13,5.012457135633394e-07
1538,11,10,4,5.012457135633367e-07
1539,2,12,13,5.012457135633365e-07
1540,4,10,11,5.012457135633365e-07
1541,15,14,0,5.012457135633361e-07
1542,0,14,15,5.01245713563336e-07
1543,9,7,6,5.012457135633359e-07
1544,6,7,9,5.012457135633358e-07
1545,13,12,2,5.012457135633352e-07
1546,6,8,9,5.01245713563335e-07
1547,9,8,6,5.012457135633346e-07
1548,11,5,4,5.012457135633337e-07
1549,4,5,11,5.012457135633333e-07
1550,10,4,5,5.01245713563331e-07
1551,5,4,10,5.012457135633308e-07
1552,8,9,7,5.012457135633308e-07
1553,7,9,8,5.012457135633308e-07
1554,15,1,0,5.012457135633296e-07
1555,8,6,7,5.012457135633294e-07
1556,7,6,8,5.01245713563329e-07
1557,0,1,15,5.012457135633281e-07
1558,14,15,1,5.012457135633265e-07
1559,1,15,14,5.012457135633264e-07
1560,3,13,12,5.012457135633263e-07
1561,10,11,5,5.012457135633262e-07
1562,5,11,10,5.012457135633259e-07
1563,1,0,14,5.012457135633255e-07
1564,12,13,3,5.012457135633254e-07
1565,14,0,1,5.01245713563325e-07
1566,3,2,12,5.012457135633247e-07
1567,12,2,3,5.012457135633242e-07
1568,13,3,0,4.935265742845865e-07
1569,0,3,13,4.935265742845864e-07
1570,15,12,2,4.935265742845821e-07
1571,2,12,15,4.935265742845817e-07
1572,6,8,11,4.935265742845813e-07
1573,11,8,6,4.935265742845812e-07
1574,9,7,4,4.935265742845806e-07
1575,4,7,9,4.935265742845804e-07
1576,14,0,3,4.935265742845724e-07
1577,3,0,14,4.93526574284572e-07
1578,8,11,5,4.935265742845673e-07
1579,5,11,8,4.935265742845664e-07
1580,10,4,7,4.93526574284564e-07
1581,7,4,10,4.935265742845635e-07
1582,12,15,1,4.935265742845612e-07
1583,1,15,12,4.935265742845612e-07
1584,11,5,6,4.935265742843392e-07
1585,6,5,11,4.935265742843389e-07
1586,15,1,2,4.935265742843367e-07
1587,9,10,4,4.935265742843363e-07
1588,2,1,15,4.935265742843363e-07
1589,4,10,9,4.935265742843357e-07
1590,13,14,0,4.935265742843327e-07
1591,0,14,13,4.935265742843322e-07
1592,3,13,14,4.935265742843219e-07
1593,14,13,3,4.935265742843216e-07
1594,8,6,5,4.935265742843194e-07
1595,7,9,10,4.935265742843192e-07
1596,5,6,8,4.93526574284319e-07
1597,10,9,7,4.935265742843187e-07
1598,1,2,12,4.935265742843169e-07
1599,12,2,1,4.935265742843168e-07
1600,6,8,13,4.879239822615644e-07
1601,13,8,6,4.879239822615642e-07
1602,9,7,2,4.879239822615599e-07
1603,2,7,9,4.879239822615595e-07
1604,15,10,4,4.879239822615567e-07
1605,4,10,15,4.879239822615559e-07
1606,11,5,0,4.879239822615508e-07
1607,0,5,11,4.879239822615504e-07
1608,5,0,14,4.879239822615464e-07
1609,14,0,5,4.879239822615463e-07
1610,8,13,3,4.879239822615413e-07
1611,3,13,8,4.87923982261541e-07
1612,10,15,1,4.879239822615404e-07
1613,1,15,10,4.879239822615399e-07
1614,7,2,12,4.87923982261539e-07
1615,12,2,7,4.87923982261539e-07
1616,9,0,14,4.879239822615372e-07
1617,14,0,9,4.879239822615371e-07
1618,12,2,11,4.879239822615318e-07
1619,11,2,12,4.879239822615315e-07
1620,8,6,15,4.879239822615308e-07
1621,15,6,8,4.879239822615307e-07
1622,0,9,7,4.879239822615288e-07
1623,7,9,0,4.879239822615281e-07
1624,13,4,10,4.879239822615271e-07
1625,10,4,13,4.879239822615267e-07
1626,1,15,6,4.879239822615259e-07
1627,6,15,1,4.879239822615254e-07
1628,3,13,4,4.879239822615249e-07
1629,5,11,2,4.879239822615248e-07
1630,2,11,5,4.879239822615247e-07
1631,4,13,3,4.879239822615246e-07
1632,14,7,9,4.879239822614695e-07
1633,9,7,14,4.879239822614693e-07
1634,13,3,10,4.879239822614691e-07
1635,15,1,8,4.879239822614691e-07
1636,8,1,15,4.879239822614691e-07
1637,10,3,13,4.879239822614687e-07
1638,12,5,11,4.879239822614678e-07
1639,11,5,12,4.879239822614677e-07
1640,2,12,5,4.879239822614667e-07
1641,5,12,2,4.879239822614667e-07
1642,3,10,4,4.879239822614653e-07
1643,0,14,7,4.879239822614649e-07
1644,4,10,3,4.879239822614649e-07
1645,7,14,0,4.879239822614647e-07
1646,1,8,6,4.879239822614587e-07
1647,6,8,1,4.879239822614585e-07
1648,9,12,2,4.879239822614274e-07
1649,2,12,9,4.879239822614274e-07
1650,6,3,13,4.87923982261413e-07
1651,13,3,6,4.879239822614128e-07
1652,0,14,11,4.879239822614098e-07
1653,11,14,0,4.87923982261409e-07
1654,4,1,15,4.879239822614075e-07
1655,15,1,4,4.879239822614071e-07
1656,1,4,10,4.879239822613999e-07
1657,10,4,1,4.879239822613993e-07
1658,8,6,3,4.879239822613991e-07
1659,3,6,8,4.879239822613985e-07
1660,5,11,14,4.879239822613984e-07
1661,14,11,5,4.87923982261398e-07
1662,12,9,7,4.879239822613948e-07
1663,7,9,12,4.879239822613946e-07
1664,11,6,1,3.4699435859442156e-07
1665,9,14,3,3.4699435859442156e-07
1666,1,6,11,3.4699435859442135e-07
1667,3,14,9,3.4699435859442114e-07
1668,6,11,12,3.469943585944205e-07
1669,4,3,14,3.469943585944203e-07
1670,12,11,6,3.469943585944203e-07
1671,14,3,4,3.469943585944201e-07
1672,11,12,1,3.4699435859441966e-07
1673,1,12,11,3.4699435859441923e-07
1674,14,9,4,3.4699435859441923e-07
1675,9,4,3,3.46994358594419e-07
1676,4,9,14,3.46994358594419e-07
1677,12,1,6,3.469943585944188e-07
1678,6,1,12,3.469943585944188e-07
1679,3,4,9,3.469943585944186e-07
1680,4,9,2,3.469943585944027e-07
1681,2,9,4,3.469943585944025e-07
1682,13,6,11,3.4699435859440187e-07
1683,9,2,15,3.4699435859440166e-07
1684,15,2,9,3.4699435859440166e-07
1685,11,6,13,3.4699435859440166e-07
1686,2,15,4,3.4699435859440145e-07
1687,4,15,2,3.4699435859440145e-07
1688,0,13,10,3.469943585944002e-07
1689,10,13,0,3.469943585944002e-07
1690,0,11,6,3.4699435859439975e-07
1691,11,0,13,3.4699435859439954e-07
1692,6,11,0,3.4699435859439954e-07
1693,7,0,13,3.4699435859439954e-07
1694,10,7,0,3.4699435859439933e-07
1695,13,0,7,3.4699435859439933e-07
1696,13,0,11,3.4699435859439933e-07
1697,0,7,10,3.469943585943991e-07
1698,9,4,15,3.469943585943989e-07
1699,15,4,9,3.469943585943989e-07
1700,15,2,5,3.469943585943989e-07
1701,5,2,15,3.469943585943985e-07
1702,7,10,13,3.469943585943985e-07
1703,13,10,7,3.469943585943985e-07
1704,8,15,2,3.4699435859439806e-07
1705,2,15,8,3.4699435859439806e-07
1706,0,13,6,3.4699435859439763e-07
1707,6,13,0,3.469943585943974e-07
1708,5,8,15,3.469943585943974e-07
1709,2,5,8,3.46994358594397e-07
1710,15,8,5,3.469943585943968e-07
1711,8,5,2,3.4699435859439615e-07
1712,5,8,3,3.469943585943733e-07
1713,3,8,5,3.4699435859437307e-07
1714,14,3,8,3.469943585943714e-07
1715,8,3,14,3.469943585943714e-07
1716,3,14,5,3.4699435859437116e-07
1717,12,7,10,3.4699435859437095e-07
1718,5,14,3,3.4699435859437095e-07
1719,10,1,12,3.4699435859437074e-07
1720,12,1,10,3.4699435859437074e-07
1721,7,10,1,3.4699435859437053e-07
1722,10,7,12,3.469943585943703e-07
1723,1,10,7,3.469943585943703e-07
1724,14,5,8,3.469943585943699e-07
1725,7,12,1,3.4699435859436926e-07
1726,8,5,14,3.4699435859436926e-07
1727,1,12,7,3.4699435859436905e-07
1728,14,1,10,3.411784258557906e-07
1729,7,8,3,3.411784258557906e-07
1730,10,1,14,3.411784258557904e-07
1731,10,5,14,3.4117842585578935e-07
1732,14,5,10,3.4117842585578935e-07
1733,3,12,7,3.4117842585578914e-07
1734,3,8,7,3.4117842585578914e-07
1735,7,12,3,3.411784258557887e-07
1736,8,7,12,3.411784258557881e-07
1737,1,14,5,3.4117842585578766e-07
1738,5,14,1,3.4117842585578724e-07
1739,12,7,8,3.4117842585578724e-07
1740,12,3,8,3.411784258557866e-07
1741,8,3,12,3.411784258557862e-07
1742,5,10,1,3.411784258557849e-07
1743,1,10,5,3.411784258557849e-07
1744,8,7,0,3.411784258557737e-07
1745,15,8,7,3.4117842585577347e-07
1746,7,8,15,3.4117842585577326e-07
1747,14,1,6,3.4117842585577326e-07
1748,5,10,13,3.4117842585577326e-07
1749,0,7,8,3.4117842585577326e-07
1750,3,12,11,3.4117842585577284e-07
1751,2,5,10,3.4117842585577284e-07
1752,11,12,3,3.4117842585577284e-07
1753,13,10,5,3.411784258557726e-07
1754,6,1,14,3.411784258557726e-07
1755,10,5,2,3.411784258557724e-07
1756,1,14,9,3.411784258557722e-07
1757,9,14,1,3.41178425855772e-07
1758,12,3,4,3.411784258557701e-07
1759,4,3,12,3.4117842585576987e-07
1760,9,2,13,3.4117842585575145e-07
1761,13,2,9,3.411784258557508e-07
1762,13,2,5,3.411784258557491e-07
1763,5,2,13,3.411784258557489e-07
1764,13,6,9,3.411784258557489e-07
1765,9,6,13,3.411784258557487e-07
1766,6,9,2,3.411784258557483e-07
1767,2,9,6,3.4117842585574806e-07
1768,2,13,6,3.4117842585574806e-07
1769,0,11,4,3.4117842585574806e-07
1770,4,11,0,3.4117842585574806e-07
1771,6,13,2,3.4117842585574785e-07
1772,15,4,11,3.4117842585574785e-07
1773,11,0,15,3.4117842585574743e-07
1774,11,4,15,3.411784258557472e-07
1775,15,0,11,3.411784258557472e-07
1776,4,15,0,3.41178425855747e-07
1777,0,15,4,3.411784258557468e-07
1778,1,6,9,3.411784258557466e-07
1779,11,4,3,3.4117842585574637e-07
1780,3,4,11,3.4117842585574637e-07
1781,8,15,0,3.4117842585574616e-07
1782,2,13,10,3.4117842585574573e-07
1783,0,15,8,3.4117842585574573e-07
1784,6,9,14,3.4117842585574573e-07
1785,14,9,6,3.4117842585574573e-07
1786,9,6,1,3.411784258557455e-07
1787,10,13,2,3.411784258557455e-07
1788,4,11,12,3.411784258557451e-07
1789,12,11,4,3.411784258557451e-07
1790,7,0,15,3.411784258557436e-07
1791,15,0,7,3.411784258557432e-07
1792,3,13,11,-3.701208846639251e-07
1793,14,0,6,-3.701208846639254e-07
1794,6,0,14,-3.701208846639256e-07
1795,4,2,12,-3.701208846639258e-07
1796,11,13,3,-3.7012088466392604e-07
1797,12,2,4,-3.7012088466392625e-07
1798,1,15,9,-3.7012088466392784e-07
1799,9,15,1,-3.7012088466392794e-07
1800,11,5,3,-3.7012088466393715e-07
1801,1,7,9,-3.7012088466393726e-07
1802,9,7,1,-3.7012088466393747e-07
1803,3,5,11,-3.701208846639377e-07
1804,4,10,12,-3.7012088466393853e-07
1805,12,10,4,-3.701208846639394e-07
1806,6,8,14,-3.7012088466394033e-07
1807,14,8,6,-3.7012088466394065e-07
1808,7,9,15,-3.70120884663969e-07
1809,15,9,7,-3.7012088466396987e-07
1810,2,4,10,-3.7012088466397156e-07
1811,10,4,2,-3.701208846639721e-07
1812,13,11,5,-3.701208846639722e-07
1813,0,6,8,-3.701208846639724e-07
1814,8,6,0,-3.701208846639725e-07
1815,5,11,13,-3.701208846639725e-07
1816,0,14,8,-3.70120884663981e-07
1817,8,14,0,-3.701208846639811e-07
1818,5,3,13,-3.7012088466398236e-07
1819,13,3,5,-3.701208846639829e-07
1820,2,12,10,-3.7012088466398353e-07
1821,10,12,2,-3.7012088466398406e-07
1822,7,1,15,-3.7012088466398427e-07
1823,15,1,7,-3.701208846639849e-07
1824,6,8,2,-3.701208846639865e-07
1825,2,12,6,-3.701208846639868e-07
1826,15,5,11,-3.701208846639868e-07
1827,6,12,2,-3.701208846639868e-07
1828,11,5,15,-3.701208846639869e-07
1829,2,8,6,-3.70120884663987e-07
1830,13,3,9,-3.70120884663987e-07
1831,9,3,13,-3.7012088466398723e-07
1832,9,7,13,-3.701208846639881e-07
1833,0,10,4,-3.701208846639883e-07
1834,4,10,0,-3.701208846639886e-07
1835,13,7,9,-3.701208846639887e-07
1836,15,1,11,-3.7012088466398946e-07
1837,4,14,0,-3.7012088466398956e-07
1838,0,14,4,-3.7012088466398967e-07
1839,11,1,15,-3.701208846639898e-07
1840,10,0,14,-3.701208846640097e-07
1841,14,0,10,-3.701208846640099e-07
1842,1,11,5,-3.7012088466401074e-07
1843,5,15,1,-3.7012088466401116e-07
1844,10,4,14,-3.701208846640114e-07
1845,14,4,10,-3.701208846640116e-07
1846,1,15,5,-3.701208846640118e-07
1847,3,9,7,-3.701208846640118e-07
1848,7,9,3,-3.701208846640118e-07
1849,5,11,1,-3.701208846640119e-07
1850,7,13,3,-3.7012088466401243e-07
1851,3,13,7,-3.7012088466401254e-07
1852,8,6,12,-3.701208846640138e-07
1853,12,6,8,-3.701208846640139e-07
1854,8,2,12,-3.7012088466401455e-07
1855,12,2,8,-3.7012088466401466e-07
1856,7,9,13,-3.725338371494419e-07
1857,13,9,7,-3.725338371494421e-07
1858,8,6,2,-3.725338371494439e-07
1859,10,14,0,-3.72533837149444e-07
1860,2,6,8,-3.725338371494442e-07
1861,5,11,15,-3.725338371494445e-07
1862,15,11,5,-3.7253383714944463e-07
1863,0,4,10,-3.7253383714944463e-07
1864,0,14,10,-3.7253383714944463e-07
1865,10,4,0,-3.7253383714944484e-07
1866,8,12,2,-3.725338371494463e-07
1867,2,12,8,-3.725338371494463e-07
1868,15,1,5,-3.7253383714944664e-07
1869,5,1,15,-3.725338371494476e-07
1870,13,3,7,-3.725338371494476e-07
1871,7,3,13,-3.72533837149448e-07
1872,2,12,4,-3.7253383714947936e-07
1873,0,8,6,-3.7253383714947936e-07
1874,6,8,0,-3.7253383714947946e-07
1875,4,12,2,-3.7253383714948e-07
1876,4,0,14,-3.725338371494802e-07
1877,14,0,4,-3.725338371494806e-07
1878,6,14,0,-3.7253383714948084e-07
1879,2,10,4,-3.7253383714948084e-07
1880,11,15,1,-3.7253383714948105e-07
1881,4,10,2,-3.7253383714948105e-07
1882,0,14,6,-3.7253383714948126e-07
1883,1,15,11,-3.7253383714948137e-07
1884,12,2,6,-3.725338371494816e-07
1885,6,2,12,-3.725338371494817e-07
1886,15,7,9,-3.725338371494819e-07
1887,9,1,15,-3.725338371494821e-07
1888,9,7,15,-3.725338371494821e-07
1889,15,1,9,-3.7253383714948264e-07
1890,13,5,11,-3.7253383714948274e-07
1891,3,13,9,-3.7253383714948317e-07
1892,9,13,3,-3.7253383714948317e-07
1893,11,5,13,-3.7253383714948327e-07
1894,3,7,9,-3.725338371494834e-07
1895,11,3,13,-3.725338371494838e-07
1896,9,7,3,-3.72533837149484e-07
1897,13,3,11,-3.7253383714948465e-07
1898,14,10,4,-3.7253383714948507e-07
1899,4,10,14,-3.725338371494852e-07
1900,11,5,1,-3.725338371494858e-07
1901,12,8,6,-3.725338371494859e-07
1902,1,5,11,-3.725338371494859e-07
1903,6,8,12,-3.7253383714948613e-07
1904,8,0,14,-3.725338371494986e-07
1905,14,0,8,-3.7253383714949884e-07
1906,3,13,5,-3.7253383714949937e-07
1907,8,6,14,-3.7253383714949937e-07
1908,5,13,3,-3.7253383714949947e-07
1909,3,11,5,-3.7253383714949947e-07
1910,5,11,3,-3.7253383714949947e-07
1911,12,2,10,-3.725338371495001e-07
1912,14,6,8,-3.725338371495003e-07
1913,7,9,1,-3.7253383714950064e-07
1914,10,2,12,-3.7253383714950074e-07
1915,1,15,7,-3.7253383714950095e-07
1916,7,15,1,-3.7253383714950117e-07
1917,1,9,7,-3.725338371495018e-07
1918,10,4,12,-3.725338371495021e-07
1919,12,4,10,-3.7253383714950244e-07
1920,12,8,2,-4.443729420273487e-07
1921,2,8,12,-4.443729420273488e-07
1922,0,10,14,-4.443729420273538e-07
1923,14,10,0,-4.4437294202735475e-07
1924,15,5,1,-4.443729420273597e-07
1925,1,5,15,-4.4437294202735994e-07
1926,8,0,6,-4.443729420273612e-07
1927,6,0,8,-4.4437294202736174e-07
1928,3,7,13,-4.4437294202736386e-07
1929,13,7,3,-4.443729420273645e-07
1930,10,2,4,-4.4437294202736894e-07
1931,4,2,10,-4.4437294202736894e-07
1932,11,13,5,-4.4437294202738185e-07
1933,5,13,11,-4.4437294202738217e-07
1934,10,14,4,-4.4437294202738323e-07
1935,4,14,10,-4.4437294202738376e-07
1936,7,15,9,-4.4437294202738757e-07
1937,9,15,7,-4.443729420273883e-07
1938,6,12,8,-4.443729420273884e-07
1939,8,12,6,-4.4437294202738884e-07
1940,7,3,9,-4.443729420273934e-07
1941,9,3,7,-4.4437294202739435e-07
1942,2,10,12,-4.4437294202739615e-07
1943,12,10,2,-4.4437294202739657e-07
1944,2,4,12,-4.443729420273988e-07
1945,12,4,2,-4.4437294202739954e-07
1946,3,5,13,-4.443729420274021e-07
1947,14,6,0,-4.443729420274026e-07
1948,15,9,1,-4.443729420274026e-07
1949,1,9,15,-4.443729420274029e-07
1950,0,6,14,-4.443729420274029e-07
1951,0,8,14,-4.4437294202740303e-07
1952,13,5,3,-4.4437294202740324e-07
1953,14,8,0,-4.4437294202740367e-07
1954,15,7,1,-4.443729420274059e-07
1955,1,7,15,-4.44372942027406e-07
1956,13,11,3,-4.443729420274065e-07
1957,11,1,5,-4.4437294202740705e-07
1958,5,1,11,-4.4437294202740705e-07
1959,3,11,13,-4.4437294202740727e-07
1960,10,12,4,-4.443729420274189e-07
1961,4,12,10,-4.4437294202741934e-07
1962,8,14,6,-4.443729420274333e-07
1963,6,14,8,-4.4437294202743395e-07
1964,11,3,5,-4.4437294202743416e-07
1965,5,3,11,-4.443729420274346e-07
1966,7,1,9,-4.443729420274351e-07
1967,9,1,7,-4.443729420274353e-07
1968,8,2,6,-4.4437294202745957e-07
1969,6,2,8,-4.4437294202745957e-07
1970,11,15,5,-4.443729420274707e-07
1971,4,0,10,-4.4437294202747143e-07
1972,5,15,11,-4.4437294202747164e-07
1973,10,0,4,-4.443729420274729e-07
1974,9,13,7,-4.443729420274785e-07
1975,7,13,9,-4.443729420274799e-07
1976,0,4,14,-4.443729420274941e-07
1977,14,4,0,-4.443729420274941e-07
1978,15,11,1,-4.443729420274944e-07
1979,1,11,15,-4.443729420274944e-07
1980,13,9,3,-4.443729420274975e-07
1981,3,9,13,-4.443729420274975e-07
1982,12,6,2,-4.443729420275051e-07
1983,2,6,12,-4.443729420275054e-07
1984,13,8,11,-1.0518462848320553e-06
1985,11,8,13,-1.0518462848320773e-06
1986,2,7,4,-1.051846284832084e-06
1987,0,3,6,-1.0518462848320926e-06
1988,6,3,0,-1.0518462848320926e-06
1989,6,5,12,-1.0518462848320993e-06
1990,12,15,10,-1.0518462848321027e-06
1991,4,7,2,-1.0518462848321027e-06
1992,5,0,3,-1.0518462848321214e-06
1993,3,0,5,-1.0518462848321214e-06
1994,12,5,6,-1.0518462848321214e-06
1995,10,15,12,-1.0518462848321214e-06
1996,8,11,14,-1.0518462848321552e-06
1997,14,11,8,-1.0518462848321603e-06
1998,9,12,15,-1.051846284832162e-06
1999,7,4,1,-1.0518462848321637e-06
2000,15,12,9,-1.0518462848321654e-06
2001,7,14,13,-1.0518462848321722e-06
2002,3,10,9,-1.0518462848321874e-06
2003,8,1,2,-1.0518462848321874e-06
2004,13,14,7,-1.0518462848321908e-06
2005,1,4,7,-1.051846284832196e-06
2006,9,10,3,-1.051846284832201e-06
2007,2,1,8,-1.0518462848322027e-06
2008,14,7,4,-1.051846284832228e-06
2009,4,7,14,-1.0518462848322298e-06
2010,11,8,1,-1.0518462848322366e-06
2011,15,12,5,-1.0518462848322569e-06
2012,5,12,15,-1.051846284832262e-06
2013,10,3,0,-1.0518462848322738e-06
2014,1,8,11,-1.0518462848322772e-06
2015,0,3,10,-1.0518462848322823e-06
2016,1,2,7,-1.0518462848336951e-06
2017,15,10,9,-1.051846284833702e-06
2018,7,2,1,-1.051846284833707e-06
2019,9,10,15,-1.0518462848337087e-06
2020,4,1,2,-1.0518462848337494e-06
2021,6,5,0,-1.0518462848337561e-06
2022,11,14,13,-1.0518462848337578e-06
2023,13,14,11,-1.051846284833763e-06
2024,2,1,4,-1.0518462848337646e-06
2025,0,5,6,-1.0518462848337697e-06
2026,5,6,3,-1.0518462848337765e-06
2027,3,6,5,-1.0518462848337815e-06
2028,10,9,12,-1.0518462848337934e-06
2029,12,9,10,-1.0518462848337968e-06
2030,8,13,14,-1.0518462848338019e-06
2031,14,13,8,-1.0518462848338171e-06
2032,0,9,10,-1.0518462848371273e-06
2033,10,9,0,-1.051846284837129e-06
2034,4,13,14,-1.051846284837146e-06
2035,14,13,4,-1.0518462848371493e-06
2036,1,2,11,-1.0518462848371714e-06
2037,11,2,1,-1.0518462848371714e-06
2038,5,6,15,-1.0518462848371815e-06
2039,15,6,5,-1.0518462848371832e-06
2040,12,15,6,-1.0518462848371832e-06
2041,3,0,9,-1.0518462848371883e-06
2042,9,0,3,-1.0518462848371917e-06
2043,6,15,12,-1.051846284837195e-06
2044,13,4,7,-1.0518462848372205e-06
2045,8,11,2,-1.0518462848372307e-06
2046,2,11,8,-1.0518462848372324e-06
2047,7,4,13,-1.0518462848372425e-06
2048,0,1,8,-1.1820346483399086e-06
2049,8,1,0,-1.1820346483399187e-06
2050,2,3,10,-1.1820346483399272e-06
2051,10,3,2,-1.1820346483399272e-06
2052,4,5,12,-1.182034648339929e-06
2053,11,10,3,-1.182034648339929e-06
2054,3,10,11,-1.1820346483399306e-06
2055,12,5,4,-1.182034648339934e-06
2056,13,12,5,-1.1820346483399442e-06
2057,5,12,13,-1.1820346483399475e-06
2058,9,8,1,-1.1820346483399492e-06
2059,1,8,9,-1.1820346483399543e-06
2060,15,14,7,-1.1820346483399543e-06
2061,14,7,6,-1.1820346483399577e-06
2062,6,7,14,-1.182034648339961e-06
2063,7,14,15,-1.1820346483399679e-06
2064,0,1,4,-1.182034648340659e-06
2065,6,3,2,-1.1820346483406641e-06
2066,2,3,6,-1.1820346483406641e-06
2067,9,12,13,-1.1820346483406692e-06
2068,15,14,11,-1.1820346483406743e-06
2069,13,12,9,-1.182034648340681e-06
2070,4,1,0,-1.1820346483406828e-06
2071,3,6,7,-1.1820346483406828e-06
2072,11,14,15,-1.1820346483406912e-06
2073,7,6,3,-1.1820346483406912e-06
2074,10,11,14,-1.182034648340737e-06
2075,14,11,10,-1.1820346483407438e-06
2076,8,9,12,-1.1820346483407471e-06
2077,1,4,5,-1.1820346483407624e-06
2078,5,4,1,-1.182034648340764e-06
2079,12,9,8,-1.182034648340776e-06
2080,1,0,9,-1.182034648343156e-06
2081,10,11,2,-1.182034648343156e-06
2082,9,0,1,-1.1820346483431663e-06
2083,2,11,10,-1.1820346483431781e-06
2084,3,2,11,-1.1820346483431866e-06
2085,4,13,12,-1.1820346483432018e-06
2086,6,15,14,-1.182034648343207e-06
2087,11,2,3,-1.1820346483432086e-06
2088,14,15,6,-1.1820346483432154e-06
2089,12,13,4,-1.1820346483432239e-06
2090,0,9,8,-1.1820346483432239e-06
2091,8,9,0,-1.182034648343251e-06
2092,5,4,13,-1.1820346483432577e-06
2093,13,4,5,-1.1820346483432611e-06
2094,15,6,7,-1.1820346483432916e-06
2095,7,6,15,-1.1820346483433221e-06
2096,11,10,15,-1.1820346483436152e-06
2097,15,10,11,-1.182034648343627e-06
2098,6,7,2,-1.1820346483436355e-06
2099,1,0,5,-1.1820346483436423e-06
2100,2,7,6,-1.1820346483436457e-06
2101,13,8,9,-1.1820346483436525e-06
2102,0,5,4,-1.1820346483436559e-06
2103,5,0,1,-1.182034648343666e-06
2104,9,8,13,-1.1820346483436677e-06
2105,3,2,7,-1.1820346483436728e-06
2106,8,13,12,-1.1820346483436745e-06
2107,4,5,0,-1.1820346483436762e-06
2108,7,2,3,-1.1820346483436762e-06
2109,14,15,10,-1.1820346483436931e-06
2110,12,13,8,-1.1820346483436948e-06
2111,10,15,14,-1.1820346483436965e-06
2112,4,10,6,-1.2092141981252853e-06
2113,6,10,4,-1.2092141981252857e-06
2114,11,5,9,-1.2092141981252857e-06
2115,9,5,11,-1.2092141981252862e-06
2116,6,8,4,-1.2092141981252862e-06
2117,4,8,6,-1.2092141981252866e-06
2118,13,1,15,-1.2092141981252887e-06
2119,15,1,13,-1.2092141981252887e-06
2120,9,7,11,-1.2092141981252891e-06
2121,0,14,2,-1.2092141981252891e-06
2122,0,12,2,-1.2092141981252896e-06
2123,11,7,9,-1.2092141981252896e-06
2124,2,14,0,-1.2092141981252896e-06
2125,13,3,15,-1.20921419812529e-06
2126,2,12,0,-1.2092141981252902e-06
2127,15,3,13,-1.2092141981252904e-06
2128,14,0,12,-1.209214198125338e-06
2129,12,0,14,-1.2092141981253387e-06
2130,8,6,10,-1.2092141981253391e-06
2131,12,2,14,-1.2092141981253395e-06
2132,14,2,12,-1.2092141981253395e-06
2133,5,9,7,-1.20921419812534e-06
2134,7,9,5,-1.2092141981253404e-06
2135,1,13,3,-1.2092141981253408e-06
2136,10,6,8,-1.2092141981253408e-06
2137,1,15,3,-1.2092141981253412e-06
2138,3,13,1,-1.2092141981253417e-06
2139,3,15,1,-1.2092141981253417e-06
2140,7,11,5,-1.209214198125342e-06
2141,5,11,7,-1.209214198125343e-06
2142,10,4,8,-1.2092141981253433e-06
2143,8,4,10,-1.2092141981253438e-06
2144,12,2,0,-1.215009001888229e-06
2145,0,2,12,-1.2150090018882294e-06
2146,15,1,3,-1.2150090018882294e-06
2147,3,1,15,-1.2150090018882298e-06
2148,15,13,3,-1.2150090018882298e-06
2149,3,13,15,-1.2150090018882302e-06
2150,4,6,8,-1.2150090018882307e-06
2151,0,14,12,-1.215009001888231e-06
2152,8,6,4,-1.2150090018882313e-06
2153,12,14,0,-1.215009001888232e-06
2154,7,5,11,-1.2150090018882328e-06
2155,11,5,7,-1.2150090018882328e-06
2156,11,9,7,-1.2150090018882328e-06
2157,7,9,11,-1.2150090018882332e-06
2158,4,10,8,-1.2150090018882345e-06
2159,8,10,4,-1.2150090018882345e-06
2160,5,7,9,-1.2150090018882637e-06
2161,10,4,6,-1.2150090018882641e-06
2162,9,7,5,-1.2150090018882643e-06
2163,6,4,10,-1.215009001888265e-06
2164,1,15,13,-1.2150090018882667e-06
2165,14,0,2,-1.2150090018882667e-06
2166,13,15,1,-1.2150090018882667e-06
2167,2,0,14,-1.2150090018882675e-06
2168,5,11,9,-1.2150090018882684e-06
2169,9,11,5,-1.2150090018882684e-06
2170,14,12,2,-1.2150090018882688e-06
2171,1,3,13,-1.2150090018882692e-06
2172,2,12,14,-1.2150090018882692e-06
2173,13,3,1,-1.21500900188827e-06
2174,6,8,10,-1.215009001888271e-06
2175,10,8,6,-1.2150090018882713e-06
2176,0,12,14,-1.548590009563539e-06
2177,5,7,11,-1.54859000956354e-06
2178,14,12,0,-1.5485900095635403e-06
2179,11,7,5,-1.5485900095635411e-06
2180,10,8,4,-1.548590009563542e-06
2181,4,8,10,-1.548590009563542e-06
2182,15,3,1,-1.5485900095635428e-06
2183,1,3,15,-1.5485900095635437e-06
2184,13,1,3,-1.5485900095635593e-06
2185,2,14,12,-1.5485900095635604e-06
2186,8,10,6,-1.5485900095635604e-06
2187,3,1,13,-1.5485900095635606e-06
2188,12,14,2,-1.5485900095635606e-06
2189,7,5,9,-1.548590009563561e-06
2190,6,10,8,-1.548590009563561e-06
2191,9,5,7,-1.5485900095635615e-06
2192,3,15,13,-1.5485900095636612e-06
2193,13,15,3,-1.548590009563663e-06
2194,12,0,2,-1.5485900095636631e-06
2195,2,0,12,-1.548590009563664e-06
2196,6,4,8,-1.5485900095636644e-06
2197,8,4,6,-1.548590009563666e-06
2198,7,11,9,-1.548590009563672e-06
2199,9,11,7,-1.5485900095636724e-06
2200,15,13,1,-1.5485900095636803e-06
2201,1,13,15,-1.5485900095636815e-06
2202,0,2,14,-1.5485900095636847e-06
2203,10,6,4,-1.5485900095636856e-06
2204,14,2,0,-1.548590009563686e-06
2205,4,6,10,-1.5485900095636868e-06
2206,11,9,5,-1.5485900095636906e-06
2207,5,9,11,-1.548590009563691e-06
2208,9,6,5,-5.301875571711833e-06
2209,5,6,9,-5.301875571711834e-06
2210,14,13,2,-5.301875571711847e-06
2211,2,13,14,-5.301875571711849e-06
2212,13,2,1,-5.301875571711853e-06
2213,1,2,13,-5.3018755717118545e-06
2214,6,9,10,-5.301875571711864e-06
2215,10,9,6,-5.301875571711864e-06
2216,9,10,5,-5.3018755717119105e-06
2217,10,5,6,-5.301875571711913e-06
2218,5,10,9,-5.301875571711914e-06
2219,6,5,10,-5.301875571711914e-06
2220,13,14,1,-5.301875571711917e-06
2221,14,1,2,-5.301875571711919e-06
2222,2,1,14,-5.301875571711919e-06
2223,1,14,13,-5.301875571711921e-06
2224,8,11,4,-5.301875571712372e-06
2225,4,11,8,-5.301875571712375e-06
2226,0,15,12,-5.3018755717123755e-06
2227,12,15,0,-5.301875571712376e-06
2228,11,4,7,-5.301875571712377e-06
2229,7,4,11,-5.301875571712379e-06
2230,3,0,15,-5.301875571712387e-06
2231,15,0,3,-5.3018755717123916e-06
2232,12,3,0,-5.301875571712436e-06
2233,0,3,12,-5.301875571712439e-06
2234,3,12,15,-5.301875571712441e-06
2235,15,12,3,-5.301875571712442e-06
2236,8,7,4,-5.301875571712446e-06
2237,4,7,8,-5.301875571712446e-06
2238,7,8,11,-5.30187557171245e-06
2239,11,8,7,-5.301875571712451e-06
2240,5,4,9,-5.306691173078841e-06
2241,9,4,5,-5.306691173078841e-06
2242,7,6,11,-5.306691173078844e-06
2243,11,6,7,-5.3066911730788465e-06
2244,12,13,0,-5.306691173078848e-06
2245,6,11,10,-5.30669117307885e-06
2246,0,13,12,-5.30669117307885e-06
2247,14,15,2,-5.306691173078851e-06
2248,1,0,13,-5.306691173078851e-06
2249,10,11,6,-5.306691173078851e-06
2250,2,15,14,-5.3066911730788516e-06
2251,13,0,1,-5.306691173078854e-06
2252,8,9,4,-5.306691173078855e-06
2253,4,9,8,-5.306691173078856e-06
2254,3,2,15,-5.306691173078857e-06
2255,15,2,3,-5.3066911730788575e-06
2256,10,7,6,-5.306691173078921e-06
2257,9,8,5,-5.306691173078923e-06
2258,5,8,9,-5.306691173078923e-06
2259,8,5,4,-5.306691173078924e-06
2260,6,7,10,-5.306691173078924e-06
2261,15,14,3,-5.306691173078926e-06
2262,3,14,15,-5.306691173078926e-06
2263,14,3,2,-5.306691173078927e-06
2264,2,3,14,-5.306691173078928e-06
2265,4,5,8,-5.306691173078928e-06
2266,0,1,12,-5.306691173078929e-06
2267,12,1,0,-5.306691173078929e-06
2268,1,12,13,-5.3066911730789295e-06
2269,13,12,1,-5.306691173078931e-06
2270,7,10,11,-5.306691173078932e-06
2271,11,10,7,-5.306691173078933e-06
2272,13,10,15,-5.310830459585258e-06
2273,15,10,13,-5.31083045958526e-06
2274,8,15,10,-5.310830459585262e-06
2275,10,15,8,-5.310830459585265e-06
2276,5,0,7,-5.310830459585268e-06
2277,7,0,5,-5.310830459585268e-06
2278,13,8,15,-5.31083045958527e-06
2279,15,8,13,-5.310830459585271e-06
2280,8,13,10,-5.310830459585272e-06
2281,5,2,7,-5.310830459585273e-06
2282,10,13,8,-5.310830459585273e-06
2283,7,2,5,-5.310830459585273e-06
2284,0,7,2,-5.310830459585275e-06
2285,2,7,0,-5.310830459585275e-06
2286,2,5,0,-5.310830459585279e-06
2287,0,5,2,-5.310830459585282e-06
2288,11,14,9,-5.310830459585493e-06
2289,9,14,11,-5.310830459585495e-06
2290,9,12,11,-5.310830459585496e-06
2291,11,12,9,-5.310830459585497e-06
2292,14,9,12,-5.3108304595854985e-06
2293,4,3,6,-5.3108304595854985e-06
2294,6,3,4,-5.310830459585499e-06
2295,12,9,14,-5.310830459585499e-06
2296,12,11,14,-5.310830459585504e-06
2297,14,11,12,-5.310830459585504e-06
2298,3,4,1,-5.310830459585507e-06
2299,1,4,3,-5.3108304595855095e-06
2300,1,6,3,-5.31083045958551e-06
2301,6,1,4,-5.310830459585512e-06
2302,4,1,6,-5.310830459585512e-06
2303,3,6,1,-5.310830459585513e-06
2304,11,2,9,-5.3108304595855264e-06
2305,9,2,11,-5.3108304595855264e-06
2306,4,13,6,-5.310830459585534e-06
2307,6,13,4,-5.310830459585534e-06
2308,13,4,15,-5.3108304595855375e-06
2309,15,4,13,-5.310830459585539e-06
2310,0,11,2,-5.310830459585541e-06
2311,15,6,13,-5.3108304595855425e-06
2312,4,15,6,-5.310830459585543e-06
2313,2,11,0,-5.310830459585544e-06
2314,13,6,15,-5.310830459585544e-06
2315,6,15,4,-5.310830459585546e-06
2316,9,0,11,-5.310830459585547e-06
2317,11,0,9,-5.310830459585549e-06
2318,2,9,0,-5.310830459585557e-06
2319,0,9,2,-5.310830459585559e-06
2320,12,7,14,-5.3108304595860355e-06
2321,3,8,1,-5.310830459586036e-06
2322,14,7,12,-5.310830459586036e-06
2323,8,3,10,-5.310830459586037e-06
2324,12,5,14,-5.310830459586037e-06
2325,14,5,12,-5.310830459586038e-06
2326,1,8,3,-5.310830459586039e-06
2327,5,12,7,-5.310830459586041e-06
2328,3,10,1,-5.310830459586041e-06
2329,10,3,8,-5.310830459586041e-06
2330,1,10,3,-5.310830459586041e-06
2331,8,1,10,-5.310830459586041e-06
2332,10,1,8,-5.310830459586041e-06
2333,7,12,5,-5.310830459586042e-06
2334,5,14,7,-5.310830459586044e-06
2335,7,14,5,-5.310830459586045e-06
2336,15,4,14,-6.177385335957193e-06
2337,14,4,15,-6.177385335957194e-06
2338,2,9,3,-6.177385335957194e-06
2339,3,9,2,-6.177385335957195e-06
2340,11,0,10,-6.1773853359571966e-06
2341,10,0,11,-6.177385335957197e-06
2342,8,2,9,-6.177385335957198e-06
2343,9,2,8,-6.177385335957198e-06
2344,12,6,13,-6.177385335957198e-06
2345,13,6,12,-6.177385335957198e-06
2346,5,15,4,-6.177385335957199e-06
2347,4,15,5,-6.1773853359572e-06
2348,7,13,6,-6.177385335957201e-06
2349,6,13,7,-6.177385335957202e-06
2350,1,11,0,-6.1773853359572025e-06
2351,0,11,1,-6.1773853359572025e-06
2352,4,3,5,-6.177385335957363e-06
2353,7,1,6,-6.177385335957365e-06
2354,2,4,3,-6.177385335957366e-06
2355,6,1,7,-6.177385335957367e-06
2356,3,4,2,-6.177385335957367e-06
2357,9,14,8,-6.177385335957368e-06
2358,5,3,4,-6.177385335957368e-06
2359,8,14,9,-6.177385335957369e-06
2360,2,8,3,-6.17738533595737e-06
2361,1,6,0,-6.17738533595737e-06
2362,10,12,11,-6.17738533595737e-06
2363,11,12,10,-6.177385335957371e-06
2364,5,14,4,-6.177385335957371e-06
2365,3,8,2,-6.177385335957372e-06
2366,15,9,14,-6.177385335957372e-06
2367,0,6,1,-6.177385335957373e-06
2368,14,9,15,-6.177385335957374e-06
2369,14,5,15,-6.177385335957374e-06
2370,4,14,5,-6.177385335957374e-06
2371,13,11,12,-6.177385335957375e-06
2372,12,11,13,-6.177385335957375e-06
2373,15,5,14,-6.177385335957376e-06
2374,0,10,1,-6.177385335957376e-06
2375,1,10,0,-6.177385335957377e-06
2376,11,1,10,-6.177385335957377e-06
2377,8,3,9,-6.177385335957379e-06
2378,10,1,11,-6.177385335957379e-06
2379,6,12,7,-6.177385335957381e-06
2380,7,12,6,-6.177385335957381e-06
2381,9,3,8,-6.177385335957381e-06
2382,13,7,12,-6.177385335957383e-06
2383,12,7,13,-6.177385335957384e-06
2384,4,2,5,-6.177385335957697e-06
2385,5,2,4,-6.177385335957698e-06
2386,14,8,15,-6.1773853359577005e-06
2387,3,5,2,-6.177385335957702e-06
2388,2,5,3,-6.177385335957702e-06
2389,8,15,9,-6.177385335957703e-06
2390,11,13,10,-6.177385335957704e-06
2391,10,13,11,-6.177385335957704e-06
2392,15,8,14,-6.177385335957704e-06
2393,9,15,8,-6.177385335957705e-06
2394,13,10,12,-6.177385335957705e-06
2395,12,10,13,-6.177385335957706e-06
2396,6,0,7,-6.177385335957707e-06
2397,7,0,6,-6.177385335957708e-06
2398,1,7,0,-6.1773853359577116e-06
2399,0,7,1,-6.177385335957713e-06
2400,8,7,13,-6.202427000452291e-06
2401,5,10,0,-6.202427000452294e-06
2402,6,12,3,-6.202427000452294e-06
2403,2,8,7,-6.202427000452296e-06
2404,3,12,6,-6.202427000452296e-06
2405,11,1,14,-6.202427000452296e-06
2406,0,10,5,-6.202427000452296e-06
2407,13,7,8,-6.202427000452296e-06
2408,7,8,2,-6.202427000452296e-06
2409,14,1,11,-6.202427000452298e-06
2410,12,3,9,-6.202427000452298e-06
2411,15,5,10,-6.202427000452299e-06
2412,10,5,15,-6.202427000452299e-06
2413,9,3,12,-6.2024270004523e-06
2414,4,14,1,-6.202427000452302e-06
2415,1,14,4,-6.202427000452302e-06
2416,2,13,11,-6.202427000452356e-06
2417,11,13,2,-6.202427000452356e-06
2418,13,2,4,-6.202427000452358e-06
2419,6,0,15,-6.202427000452359e-06
2420,4,2,13,-6.2024270004523594e-06
2421,9,15,0,-6.2024270004523594e-06
2422,15,0,6,-6.2024270004523594e-06
2423,0,15,9,-6.20242700045236e-06
2424,14,8,7,-6.202427000452368e-06
2425,7,8,14,-6.202427000452369e-06
2426,8,7,1,-6.202427000452375e-06
2427,5,10,12,-6.2024270004523755e-06
2428,12,10,5,-6.202427000452377e-06
2429,10,5,3,-6.202427000452378e-06
2430,1,7,8,-6.202427000452379e-06
2431,3,5,10,-6.202427000452379e-06
2432,2,13,7,-6.202427000452407e-06
2433,11,4,14,-6.202427000452408e-06
2434,14,4,11,-6.202427000452408e-06
2435,7,13,2,-6.202427000452408e-06
2436,15,0,10,-6.202427000452409e-06
2437,10,0,15,-6.202427000452411e-06
2438,9,6,12,-6.202427000452411e-06
2439,0,15,5,-6.202427000452411e-06
2440,8,2,13,-6.202427000452411e-06
2441,5,15,0,-6.202427000452411e-06
2442,12,6,9,-6.202427000452413e-06
2443,4,11,1,-6.202427000452413e-06
2444,13,2,8,-6.202427000452414e-06
2445,3,9,6,-6.202427000452414e-06
2446,1,11,4,-6.2024270004524145e-06
2447,6,9,3,-6.202427000452415e-06
2448,15,9,6,-6.202427000452707e-06
2449,11,4,2,-6.202427000452708e-06
2450,4,11,13,-6.202427000452709e-06
2451,13,11,4,-6.202427000452709e-06
2452,6,9,15,-6.202427000452709e-06
2453,2,4,11,-6.202427000452709e-06
2454,9,6,0,-6.202427000452711e-06
2455,0,6,9,-6.202427000452712e-06
2456,10,12,3,-6.20242700045272e-06
2457,3,12,10,-6.202427000452722e-06
2458,8,14,1,-6.202427000452723e-06
2459,5,3,12,-6.2024270004527245e-06
2460,12,3,5,-6.2024270004527245e-06
2461,7,1,14,-6.202427000452727e-06
2462,1,14,8,-6.202427000452728e-06
2463,14,1,7,-6.202427000452728e-06
2464,14,9,13,-6.21806011545538e-06
2465,13,9,14,-6.21806011545538e-06
2466,0,4,3,-6.218060115455381e-06
2467,11,12,8,-6.218060115455382e-06
2468,9,14,10,-6.218060115455382e-06
2469,15,11,12,-6.218060115455382e-06
2470,2,6,1,-6.218060115455383e-06
2471,8,12,11,-6.218060115455383e-06
2472,5,1,6,-6.218060115455384e-06
2473,12,11,15,-6.218060115455384e-06
2474,10,14,9,-6.2180601154553845e-06
2475,6,1,5,-6.2180601154553845e-06
2476,3,4,0,-6.2180601154553845e-06
2477,1,6,2,-6.218060115455385e-06
2478,7,3,4,-6.218060115455386e-06
2479,4,3,7,-6.218060115455386e-06
2480,2,10,1,-6.218060115455505e-06
2481,15,7,12,-6.218060115455506e-06
2482,12,7,15,-6.218060115455508e-06
2483,4,12,7,-6.218060115455508e-06
2484,1,10,2,-6.218060115455509e-06
2485,5,14,6,-6.21806011545551e-06
2486,3,8,0,-6.21806011545551e-06
2487,0,8,3,-6.21806011545551e-06
2488,11,3,8,-6.21806011545551e-06
2489,7,12,4,-6.21806011545551e-06
2490,8,3,11,-6.2180601154555115e-06
2491,6,14,5,-6.2180601154555115e-06
2492,14,5,13,-6.2180601154555115e-06
2493,13,5,14,-6.218060115455512e-06
2494,10,1,9,-6.218060115455514e-06
2495,9,1,10,-6.218060115455514e-06
2496,7,15,4,-6.218060115455592e-06
2497,15,4,12,-6.218060115455592e-06
2498,8,0,11,-6.218060115455593e-06
2499,12,4,15,-6.218060115455594e-06
2500,2,9,1,-6.2180601154555945e-06
2501,11,0,8,-6.2180601154555945e-06
2502,4,15,7,-6.2180601154555945e-06
2503,1,9,2,-6.218060115455596e-06
2504,6,13,5,-6.218060115455598e-06
2505,5,13,6,-6.218060115455598e-06
2506,14,6,13,-6.218060115455598e-06
2507,0,11,3,-6.2180601154556e-06
2508,10,2,9,-6.2180601154556e-06
2509,3,11,0,-6.2180601154556e-06
2510,9,2,10,-6.218060115455601e-06
2511,13,6,14,-6.218060115455602e-06
2512,5,2,6,-6.218060115455894e-06
2513,6,2,5,-6.218060115455895e-06
2514,11,15,8,-6.218060115455898e-06
2515,8,15,11,-6.218060115455898e-06
2516,9,13,10,-6.218060115455898e-06
2517,10,13,9,-6.2180601154558995e-06
2518,12,8,15,-6.2180601154559e-06
2519,4,0,7,-6.218060115455901e-06
2520,15,8,12,-6.218060115455901e-06
2521,7,0,4,-6.218060115455902e-06
2522,13,10,14,-6.218060115455903e-06
2523,14,10,13,-6.218060115455903e-06
2524,1,5,2,-6.2180601154559045e-06
2525,0,7,3,-6.2180601154559045e-06
2526,2,5,1,-6.218060115455905e-06
2527,3,7,0,-6.218060115455906e-06
2528,3,14,6,-6.241787402137655e-06
2529,6,14,3,-6.241787402137656e-06
2530,13,5,8,-6.241787402137659e-06
2531,8,5,13,-6.24178740213766e-06
2532,5,8,0,-6.241787402137661e-06
2533,2,10,7,-6.241787402137661e-06
2534,14,3,11,-6.2417874021376614e-06
2535,0,8,5,-6.241787402137662e-06
2536,1,12,4,-6.241787402137662e-06
2537,10,7,15,-6.241787402137663e-06
2538,7,10,2,-6.241787402137663e-06
2539,15,7,10,-6.241787402137664e-06
2540,11,3,14,-6.241787402137664e-06
2541,4,12,1,-6.241787402137665e-06
2542,9,1,12,-6.241787402137666e-06
2543,12,1,9,-6.241787402137667e-06
2544,8,0,13,-6.2417874021377106e-06
2545,13,0,8,-6.241787402137712e-06
2546,9,4,12,-6.241787402137715e-06
2547,3,11,6,-6.241787402137716e-06
2548,0,13,5,-6.241787402137716e-06
2549,2,15,7,-6.241787402137716e-06
2550,6,11,3,-6.241787402137716e-06
2551,5,13,0,-6.241787402137717e-06
2552,11,6,14,-6.241787402137717e-06
2553,12,4,9,-6.241787402137717e-06
2554,1,9,4,-6.241787402137717e-06
2555,7,15,2,-6.241787402137717e-06
2556,4,9,1,-6.241787402137718e-06
2557,14,6,11,-6.241787402137719e-06
2558,15,2,10,-6.241787402137721e-06
2559,10,2,15,-6.241787402137721e-06
2560,1,5,8,-6.241787402137734e-06
2561,10,7,3,-6.241787402137736e-06
2562,3,7,10,-6.241787402137737e-06
2563,7,10,14,-6.241787402137738e-06
2564,14,10,7,-6.241787402137738e-06
2565,8,5,1,-6.2417874021377385e-06
2566,5,8,12,-6.241787402137739e-06
2567,12,8,5,-6.24178740213774e-06
2568,8,12,1,-6.241787402137802e-06
2569,1,12,8,-6.241787402137804e-06
2570,10,14,3,-6.241787402137806e-06
2571,5,1,12,-6.241787402137806e-06
2572,14,3,7,-6.241787402137807e-06
2573,12,1,5,-6.241787402137807e-06
2574,7,3,14,-6.241787402137808e-06
2575,3,14,10,-6.24178740213781e-06
2576,11,15,2,-6.241787402137862e-06
2577,2,15,11,-6.241787402137863e-06
2578,4,0,13,-6.241787402137865e-06
2579,0,13,9,-6.241787402137866e-06
2580,9,13,0,-6.241787402137867e-06
2581,13,0,4,-6.241787402137868e-06
2582,6,2,15,-6.241787402137869e-06
2583,15,2,6,-6.24178740213787e-06
2584,4,9,13,-6.241787402137931e-06
2585,6,11,15,-6.2417874021379325e-06
2586,15,11,6,-6.2417874021379325e-06
2587,13,9,4,-6.241787402137934e-06
2588,11,6,2,-6.241787402137937e-06
2589,2,6,11,-6.241787402137937e-06
2590,9,4,0,-6.241787402137937e-06
2591,0,4,9,-6.241787402137937e-06
2592,0,6,12,-6.439272753032425e-06
2593,12,6,0,-6.439272753032425e-06
2594,14,4,2,-6.439272753032427e-06
2595,2,4,14,-6.439272753032428e-06
2596,3,9,15,-6.43927275303243e-06
2597,15,9,3,-6.439272753032431e-06
2598,13,11,1,-6.439272753032434e-06
2599,1,11,13,-6.439272753032434e-06
2600,8,2,4,-6.439272753032541e-06
2601,4,2,8,-6.439272753032542e-06
2602,11,13,7,-6.439272753032546e-06
2603,6,0,10,-6.439272753032546e-06
2604,7,13,11,-6.439272753032546e-06
2605,5,15,9,-6.439272753032546e-06
2606,9,15,5,-6.439272753032546e-06
2607,10,0,6,-6.439272753032547e-06
2608,8,14,4,-6.439272753032591e-06
2609,4,14,8,-6.439272753032592e-06
2610,10,12,6,-6.439272753032595e-06
2611,6,12,10,-6.439272753032595e-06
2612,5,3,9,-6.439272753032596e-06
2613,9,3,5,-6.4392727530325964e-06
2614,11,1,7,-6.4392727530326e-06
2615,7,1,11,-6.4392727530326015e-06
2616,2,8,14,-6.439272753032708e-06
2617,12,10,0,-6.439272753032709e-06
2618,14,8,2,-6.439272753032709e-06
2619,0,10,12,-6.43927275303271e-06
2620,13,7,1,-6.4392727530327125e-06
2621,1,7,13,-6.439272753032713e-06
2622,3,5,15,-6.439272753032717e-06
2623,15,5,3,-6.439272753032718e-06
2624,1,11,3,-6.449243819429366e-06
2625,3,11,1,-6.449243819429366e-06
2626,8,0,10,-6.449243819429367e-06
2627,10,0,8,-6.449243819429368e-06
2628,12,6,14,-6.4492438194293685e-06
2629,5,15,7,-6.4492438194293685e-06
2630,7,15,5,-6.4492438194293685e-06
2631,14,6,12,-6.4492438194293685e-06
2632,10,2,8,-6.449243819429369e-06
2633,8,2,10,-6.449243819429369e-06
2634,1,9,3,-6.44924381942937e-06
2635,3,9,1,-6.449243819429371e-06
2636,5,13,7,-6.449243819429373e-06
2637,7,13,5,-6.449243819429373e-06
2638,14,4,12,-6.4492438194293735e-06
2639,12,4,14,-6.4492438194293735e-06
2640,13,5,15,-6.449243819429382e-06
2641,15,5,13,-6.449243819429382e-06
2642,2,8,0,-6.449243819429384e-06
2643,0,8,2,-6.449243819429385e-06
2644,4,12,6,-6.449243819429385e-06
2645,11,3,9,-6.449243819429386e-06
2646,9,3,11,-6.449243819429386e-06
2647,0,10,2,-6.449243819429387e-06
2648,2,10,0,-6.449243819429387e-06
2649,6,12,4,-6.449243819429387e-06
2650,15,7,13,-6.449243819429388e-06
2651,4,14,6,-6.449243819429389e-06
2652,11,1,9,-6.449243819429389e-06
2653,13,7,15,-6.44924381942939e-06
2654,9,1,11,-6.44924381942939e-06
2655,6,14,4,-6.44924381942939e-06
2656,3,7,1,-6.449243819429404e-06
2657,1,7,3,-6.449243819429405e-06
2658,14,10,12,-6.449243819429407e-06
2659,12,10,14,-6.449243819429407e-06
2660,6,0,4,-6.449243819429409e-06
2661,11,15,9,-6.449243819429409e-06
2662,1,5,3,-6.449243819429409e-06
2663,11,13,9,-6.449243819429409e-06
2664,12,8,14,-6.44924381942941e-06
2665,3,5,1,-6.44924381942941e-06
2666,14,8,12,-6.449243819429411e-06
2667,4,0,6,-6.449243819429411e-06
2668,9,13,11,-6.449243819429411e-06
2669,9,15,11,-6.449243819429411e-06
2670,4,2,6,-6.449243819429412e-06
2671,6,2,4,-6.4492438194294125e-06
2672,0,6,2,-6.449243819429557e-06
2673,13,9,15,-6.449243819429558e-06
2674,2,6,0,-6.449243819429559e-06
2675,15,9,13,-6.449243819429559e-06
2676,5,3,7,-6.44924381942956e-06
2677,7,3,5,-6.44924381942956e-06
2678,7,1,5,-6.4492438194295624e-06
2679,2,4,0,-6.449243819429563e-06
2680,5,1,7,-6.449243819429563e-06
2681,0,4,2,-6.449243819429563e-06
2682,8,12,10,-6.449243819429564e-06
2683,13,11,15,-6.449243819429564e-06
2684,15,11,13,-6.449243819429565e-06
2685,10,12,8,-6.449243819429565e-06
2686,8,14,10,-6.449243819429565e-06
2687,10,14,8,-6.449243819429565e-06
2688,7,3,11,-6.465256741067995e-06
2689,11,3,7,-6.465256741067996e-06
2690,10,14,6,-6.4652567410679975e-06
2691,6,14,10,-6.465256741067998e-06
2692,5,1,9,-6.465256741067999e-06
2693,9,1,5,-6.465256741067999e-06
2694,8,12,4,-6.465256741068e-06
2695,4,12,8,-6.465256741068e-06
2696,13,9,1,-6.465256741068019e-06
2697,15,11,3,-6.4652567410680196e-06
2698,3,11,15,-6.4652567410680196e-06
2699,1,9,13,-6.4652567410680196e-06
2700,2,6,14,-6.46525674106802e-06
2701,14,6,2,-6.465256741068021e-06
2702,0,4,12,-6.465256741068028e-06
2703,12,4,0,-6.465256741068028e-06
2704,15,7,3,-6.465256741068093e-06
2705,1,5,13,-6.465256741068094e-06
2706,3,7,15,-6.465256741068094e-06
2707,13,5,1,-6.465256741068094e-06
2708,12,8,0,-6.4652567410680975e-06
2709,0,8,12,-6.4652567410680975e-06
2710,14,10,2,-6.465256741068099e-06
2711,2,10,14,-6.465256741068099e-06
2712,9,13,5,-6.4652567410681136e-06
2713,11,15,7,-6.465256741068114e-06
2714,5,13,9,-6.465256741068114e-06
2715,6,2,10,-6.465256741068116e-06
2716,7,15,11,-6.465256741068116e-06
2717,10,2,6,-6.465256741068116e-06
2718,4,0,8,-6.465256741068119e-06
2719,8,0,4,-6.4652567410681195e-06
2720,5,0,15,-6.540856820532227e-06
2721,14,11,4,-6.54085682053223e-06
2722,13,2,7,-6.540856820532231e-06
2723,6,9,12,-6.5408568205322314e-06
2724,12,9,6,-6.5408568205322314e-06
2725,7,2,13,-6.5408568205322314e-06
2726,15,0,5,-6.540856820532232e-06
2727,4,11,14,-6.540856820532234e-06
2728,2,13,8,-6.540856820532239e-06
2729,9,6,3,-6.54085682053224e-06
2730,8,13,2,-6.540856820532241e-06
2731,3,6,9,-6.540856820532241e-06
2732,11,4,1,-6.540856820532245e-06
2733,1,4,11,-6.540856820532247e-06
2734,10,15,0,-6.540856820532248e-06
2735,0,15,10,-6.540856820532249e-06
2736,15,10,5,-6.540856820532261e-06
2737,5,10,15,-6.540856820532263e-06
2738,1,14,11,-6.540856820532269e-06
2739,11,14,1,-6.540856820532269e-06
2740,13,8,7,-6.5408568205322696e-06
2741,7,8,13,-6.540856820532271e-06
2742,2,7,8,-6.540856820532275e-06
2743,10,5,0,-6.540856820532275e-06
2744,0,5,10,-6.5408568205322755e-06
2745,9,12,3,-6.540856820532276e-06
2746,3,12,9,-6.540856820532276e-06
2747,12,3,6,-6.540856820532276e-06
2748,8,7,2,-6.540856820532277e-06
2749,6,3,12,-6.540856820532277e-06
2750,14,1,4,-6.540856820532285e-06
2751,4,1,14,-6.5408568205322865e-06
2752,15,6,9,-6.540856820532292e-06
2753,9,6,15,-6.540856820532293e-06
2754,6,15,0,-6.5408568205323e-06
2755,0,15,6,-6.540856820532304e-06
2756,13,2,11,-6.540856820532308e-06
2757,11,2,13,-6.54085682053231e-06
2758,15,0,9,-6.540856820532312e-06
2759,4,13,2,-6.540856820532313e-06
2760,13,4,11,-6.540856820532313e-06
2761,2,13,4,-6.540856820532314e-06
2762,9,0,15,-6.540856820532314e-06
2763,11,4,13,-6.540856820532314e-06
2764,0,9,6,-6.5408568205323145e-06
2765,6,9,0,-6.540856820532315e-06
2766,4,11,2,-6.540856820532319e-06
2767,2,11,4,-6.5408568205323195e-06
2768,10,5,12,-6.540856820532482e-06
2769,12,5,10,-6.540856820532485e-06
2770,5,12,3,-6.540856820532487e-06
2771,3,12,5,-6.540856820532491e-06
2772,5,10,3,-6.540856820532496e-06
2773,3,10,5,-6.5408568205324966e-06
2774,1,14,7,-6.540856820532497e-06
2775,7,8,1,-6.540856820532499e-06
2776,7,14,1,-6.5408568205325e-06
2777,14,1,8,-6.5408568205325e-06
2778,8,7,14,-6.540856820532501e-06
2779,1,8,7,-6.540856820532501e-06
2780,8,1,14,-6.540856820532502e-06
2781,14,7,8,-6.5408568205325025e-06
2782,10,3,12,-6.540856820532512e-06
2783,12,3,10,-6.540856820532513e-06
2784,9,2,3,-6.565148438607191e-06
2785,3,2,9,-6.565148438607192e-06
2786,14,15,4,-6.565148438607192e-06
2787,13,6,7,-6.565148438607193e-06
2788,7,6,13,-6.5651484386071945e-06
2789,4,15,14,-6.5651484386071945e-06
2790,6,13,12,-6.565148438607198e-06
2791,12,13,6,-6.565148438607199e-06
2792,2,9,8,-6.565148438607199e-06
2793,8,9,2,-6.5651484386072e-06
2794,0,11,10,-6.5651484386072e-06
2795,1,0,11,-6.565148438607201e-06
2796,10,11,0,-6.565148438607202e-06
2797,11,0,1,-6.565148438607205e-06
2798,5,4,15,-6.565148438607206e-06
2799,15,4,5,-6.565148438607207e-06
2800,15,14,5,-6.565148438607208e-06
2801,5,14,15,-6.5651484386072114e-06
2802,2,3,8,-6.565148438607216e-06
2803,8,3,2,-6.5651484386072165e-06
2804,13,12,7,-6.565148438607219e-06
2805,7,12,13,-6.565148438607219e-06
2806,11,10,1,-6.565148438607222e-06
2807,1,10,11,-6.565148438607223e-06
2808,6,7,12,-6.565148438607225e-06
2809,0,1,10,-6.565148438607226e-06
2810,10,1,0,-6.5651484386072275e-06
2811,14,5,4,-6.5651484386072275e-06
2812,9,8,3,-6.565148438607228e-06
2813,12,7,6,-6.565148438607229e-06
2814,3,8,9,-6.565148438607229e-06
2815,4,5,14,-6.56514843860723e-06
2816,3,4,5,-6.565148438607328e-06
2817,5,4,3,-6.56514843860733e-06
2818,10,11,12,-6.565148438607344e-06
2819,4,3,2,-6.565148438607344e-06
2820,12,11,10,-6.5651484386073444e-06
2821,2,3,4,-6.565148438607345e-06
2822,4,5,2,-6.56514843860735e-06
2823,6,1,0,-6.565148438607351e-06
2824,1,6,7,-6.565148438607354e-06
2825,15,14,9,-6.565148438607354e-06
2826,7,6,1,-6.565148438607355e-06
2827,2,5,4,-6.565148438607355e-06
2828,13,12,11,-6.5651484386073554e-06
2829,11,12,13,-6.5651484386073554e-06
2830,0,1,6,-6.565148438607356e-06
2831,8,9,14,-6.565148438607357e-06
2832,14,9,8,-6.565148438607357e-06
2833,9,14,15,-6.565148438607357e-06
2834,5,2,3,-6.565148438607364e-06
2835,14,15,8,-6.565148438607364e-06
2836,3,2,5,-6.565148438607364e-06
2837,8,15,14,-6.565148438607366e-06
2838,10,13,12,-6.565148438607366e-06
2839,12,13,10,-6.565148438607366e-06
2840,11,10,13,-6.5651484386073665e-06
2841,6,7,0,-6.5651484386073665e-06
2842,13,10,11,-6.565148438607367e-06
2843,15,8,9,-6.565148438607368e-06
2844,0,7,6,-6.565148438607369e-06
2845,1,0,7,-6.56514843860737e-06
2846,9,8,15,-6.56514843860737e-06
2847,7,0,1,-6.565148438607372e-06
2848,13,0,9,-6.56791817762772e-06
2849,9,0,13,-6.56791817762772e-06
2850,15,6,11,-6.567918177627729e-06
2851,11,6,15,-6.56791817762773e-06
2852,15,2,11,-6.567918177627733e-06
2853,11,2,15,-6.567918177627734e-06
2854,6,11,2,-6.5679181776277366e-06
2855,7,2,15,-6.5679181776277366e-06
2856,2,11,6,-6.567918177627737e-06
2857,6,15,2,-6.567918177627738e-06
2858,9,4,13,-6.567918177627738e-06
2859,13,4,9,-6.567918177627738e-06
2860,15,2,7,-6.567918177627738e-06
2861,4,9,0,-6.567918177627738e-06
2862,0,9,4,-6.56791817762774e-06
2863,7,10,15,-6.567918177627742e-06
2864,15,10,7,-6.5679181776277425e-06
2865,4,13,0,-6.5679181776277425e-06
2866,0,13,4,-6.567918177627743e-06
2867,2,15,6,-6.567918177627743e-06
2868,5,8,13,-6.567918177627743e-06
2869,10,15,2,-6.567918177627743e-06
2870,8,13,0,-6.567918177627744e-06
2871,2,15,10,-6.567918177627744e-06
2872,5,0,13,-6.567918177627745e-06
2873,13,8,5,-6.567918177627745e-06
2874,0,13,8,-6.567918177627746e-06
2875,13,0,5,-6.567918177627747e-06
2876,10,7,2,-6.567918177627752e-06
2877,2,7,10,-6.567918177627752e-06
2878,8,5,0,-6.567918177627764e-06
2879,0,5,8,-6.567918177627765e-06
2880,12,1,4,-6.567918177627779e-06
2881,6,3,14,-6.567918177627781e-06
2882,14,3,6,-6.5679181776277815e-06
2883,9,12,1,-6.567918177627782e-06
2884,1,12,9,-6.567918177627782e-06
2885,4,1,12,-6.567918177627784e-06
2886,9,4,1,-6.5679181776277865e-06
2887,3,14,11,-6.5679181776277865e-06
2888,11,14,3,-6.567918177627788e-06
2889,11,6,3,-6.567918177627789e-06
2890,1,4,9,-6.567918177627791e-06
2891,3,6,11,-6.567918177627792e-06
2892,12,9,4,-6.567918177627793e-06
2893,4,9,12,-6.567918177627795e-06
2894,6,11,14,-6.5679181776277975e-06
2895,14,11,6,-6.567918177627801e-06
2896,12,5,8,-6.5679181776278534e-06
2897,8,5,12,-6.567918177627855e-06
2898,3,14,7,-6.567918177627856e-06
2899,7,14,3,-6.567918177627857e-06
2900,10,7,14,-6.567918177627858e-06
2901,14,7,10,-6.5679181776278585e-06
2902,5,8,1,-6.567918177627859e-06
2903,1,8,5,-6.56791817762786e-06
2904,1,12,5,-6.567918177627865e-06
2905,5,12,1,-6.567918177627867e-06
2906,10,3,14,-6.567918177627869e-06
2907,14,3,10,-6.567918177627869e-06
2908,7,10,3,-6.56791817762787e-06
2909,8,1,12,-6.567918177627871e-06
2910,12,1,8,-6.567918177627871e-06
2911,3,10,7,-6.567918177627873e-06
2912,1,2,5,-6.569062487949014e-06
2913,5,2,1,-6.569062487949017e-06
2914,14,13,10,-6.569062487949028e-06
2915,10,13,14,-6.56906248794903e-06
2916,6,5,2,-6.569062487949034e-06
2917,2,5,6,-6.5690624879490355e-06
2918,2,1,6,-6.569062487949046e-06
2919,9,10,13,-6.5690624879490465e-06
2920,13,10,9,-6.569062487949047e-06
2921,6,1,2,-6.569062487949047e-06
2922,13,14,9,-6.569062487949047e-06
2923,9,14,13,-6.569062487949052e-06
2924,14,9,10,-6.569062487949061e-06
2925,10,9,14,-6.569062487949063e-06
2926,1,6,5,-6.569062487949066e-06
2927,5,6,1,-6.569062487949066e-06
2928,14,5,6,-6.569062487949144e-06
2929,6,5,14,-6.569062487949146e-06
2930,9,10,1,-6.569062487949148e-06
2931,1,10,9,-6.569062487949148e-06
2932,5,14,13,-6.569062487949151e-06
2933,10,1,2,-6.569062487949151e-06
2934,2,1,10,-6.5690624879491516e-06
2935,13,14,5,-6.569062487949153e-06
2936,11,8,3,-6.56906248794923e-06
2937,3,8,11,-6.569062487949235e-06
2938,0,3,8,-6.569062487949248e-06
2939,8,3,0,-6.569062487949249e-06
2940,4,7,12,-6.569062487949255e-06
2941,15,12,7,-6.569062487949256e-06
2942,7,12,15,-6.569062487949256e-06
2943,12,7,4,-6.569062487949257e-06
2944,10,9,2,-6.569062487949269e-06
2945,2,9,10,-6.569062487949272e-06
2946,5,6,13,-6.5690624879492845e-06
2947,13,6,5,-6.569062487949286e-06
2948,9,2,1,-6.569062487949288e-06
2949,1,2,9,-6.5690624879492905e-06
2950,6,13,14,-6.569062487949293e-06
2951,14,13,6,-6.569062487949294e-06
2952,12,15,4,-6.569062487949396e-06
2953,15,4,7,-6.569062487949398e-06
2954,7,4,15,-6.569062487949398e-06
2955,4,15,12,-6.569062487949401e-06
2956,8,11,0,-6.569062487949405e-06
2957,0,11,8,-6.569062487949406e-06
2958,3,0,11,-6.5690624879494124e-06
2959,11,0,3,-6.5690624879494124e-06
2960,3,0,7,-6.569062487949478e-06
2961,7,0,3,-6.56906248794948e-06
2962,15,8,11,-6.569062487949483e-06
2963,11,8,15,-6.569062487949483e-06
2964,4,3,0,-6.569062487949493e-06
2965,0,3,4,-6.569062487949493e-06
2966,0,7,4,-6.569062487949493e-06
2967,4,7,0,-6.5690624879494955e-06
2968,8,15,12,-6.569062487949496e-06
2969,12,15,8,-6.569062487949496e-06
2970,7,4,3,-6.569062487949497e-06
2971,3,4,7,-6.569062487949498e-06
2972,11,12,15,-6.569062487949498e-06
2973,15,12,11,-6.569062487949499e-06
2974,8,11,12,-6.5690624879495005e-06
2975,12,11,8,-6.569062487949503e-06
2976,7,11,6,-8.78078321969582e-06
2977,6,11,7,-8.78078321969582e-06
2978,0,13,1,-8.78078321969582e-06
2979,3,15,2,-8.780783219695822e-06
2980,1,13,0,-8.780783219695822e-06
2981,12,0,13,-8.780783219695824e-06
2982,13,0,12,-8.780783219695826e-06
2983,2,15,3,-8.780783219695826e-06
2984,4,9,5,-8.780783219695827e-06
2985,5,9,4,-8.78078321969583e-06
2986,14,2,15,-8.78078321969583e-06
2987,11,6,10,-8.78078321969583e-06
2988,15,2,14,-8.78078321969583e-06
2989,10,6,11,-8.780783219695831e-06
2990,8,4,9,-8.780783219695831e-06
2991,9,4,8,-8.780783219695834e-06
2992,15,3,14,-8.780783219695834e-06
2993,14,3,15,-8.780783219695836e-06
2994,12,1,13,-8.78078321969584e-06
2995,13,1,12,-8.780783219695841e-06
2996,9,5,8,-8.780783219695841e-06
2997,8,5,9,-8.780783219695841e-06
2998,11,7,10,-8.780783219695843e-06
2999,2,14,3,-8.780783219695846e-06
3000,4,8,5,-8.780783219695846e-06
3001,0,12,1,-8.780783219695846e-06
3002,1,12,0,-8.780783219695846e-06
3003,5,8,4,-8.780783219695846e-06
3004,10,7,11,-8.780783219695846e-06
3005,6,10,7,-8.780783219695846e-06
3006,3,14,2,-8.780783219695848e-06
3007,7,10,6,-8.78078321969585e-06
3008,12,3,15,-8.813899811038415e-06
3009,2,14,1,-8.813899811038415e-06
3010,1,14,2,-8.813899811038415e-06
3011,7,8,4,-8.813899811038415e-06
3012,9,5,10,-8.813899811038417e-06
3013,10,5,9,-8.813899811038419e-06
3014,0,12,3,-8.813899811038419e-06
3015,3,12,0,-8.813899811038419e-06
3016,5,10,6,-8.813899811038419e-06
3017,4,8,7,-8.813899811038419e-06
3018,15,3,12,-8.81389981103842e-06
3019,14,1,13,-8.81389981103842e-06
3020,11,7,8,-8.81389981103842e-06
3021,13,1,14,-8.813899811038422e-06
3022,8,7,11,-8.813899811038422e-06
3023,6,10,5,-8.813899811038422e-06
3024,2,13,1,-8.81389981103862e-06
3025,1,13,2,-8.813899811038622e-06
3026,7,11,4,-8.813899811038624e-06
3027,4,11,7,-8.813899811038624e-06
3028,13,2,14,-8.813899811038625e-06
3029,14,2,13,-8.813899811038625e-06
3030,3,15,0,-8.813899811038627e-06
3031,9,6,10,-8.813899811038629e-06
3032,8,4,11,-8.813899811038629e-06
3033,0,15,3,-8.813899811038629e-06
3034,15,0,12,-8.813899811038629e-06
3035,12,0,15,-8.813899811038629e-06
3036,11,4,8,-8.813899811038629e-06
3037,10,6,9,-8.81389981103863e-06
3038,6,9,5,-8.813899811038632e-06
3039,5,9,6,-8.813899811038636e-06
3040,0,2,9,-8.88276096901737e-06
3041,13,6,4,-8.882760969017374e-06
3042,4,6,13,-8.882760969017374e-06
3043,9,2,0,-8.882760969017374e-06
3044,15,13,6,-8.882760969017377e-06
3045,6,13,15,-8.88276096901738e-06
3046,2,9,11,-8.882760969017384e-06
3047,11,9,2,-8.882760969017384e-06
3048,12,14,5,-8.88276096901752e-06
3049,5,14,12,-8.882760969017521e-06
3050,8,10,1,-8.882760969017523e-06
3051,1,10,8,-8.882760969017524e-06
3052,7,5,14,-8.882760969017528e-06
3053,14,5,7,-8.88276096901753e-06
3054,3,1,10,-8.882760969017533e-06
3055,10,1,3,-8.882760969017533e-06
3056,0,11,9,-8.88276096901758e-06
3057,9,11,0,-8.882760969017587e-06
3058,13,15,4,-8.88276096901759e-06
3059,4,15,13,-8.882760969017594e-06
3060,11,0,2,-8.882760969017597e-06
3061,2,0,11,-8.882760969017597e-06
3062,15,4,6,-8.8827609690176e-06
3063,6,4,15,-8.8827609690176e-06
3064,11,9,14,-8.882760969017716e-06
3065,4,6,1,-8.882760969017717e-06
3066,3,1,6,-8.882760969017717e-06
3067,12,14,9,-8.88276096901772e-06
3068,14,9,11,-8.88276096901772e-06
3069,9,14,12,-8.88276096901772e-06
3070,0,2,5,-8.88276096901772e-06
3071,1,6,4,-8.88276096901772e-06
3072,5,2,0,-8.88276096901772e-06
3073,8,10,13,-8.882760969017723e-06
3074,6,1,3,-8.882760969017723e-06
3075,13,10,8,-8.882760969017724e-06
3076,2,5,7,-8.882760969017724e-06
3077,15,13,10,-8.882760969017724e-06
3078,7,5,2,-8.882760969017726e-06
3079,10,13,15,-8.882760969017726e-06
3080,12,7,5,-8.882760969017741e-06
3081,3,8,10,-8.882760969017743e-06
3082,10,8,3,-8.882760969017745e-06
3083,7,12,14,-8.882760969017745e-06
3084,5,7,12,-8.882760969017746e-06
3085,8,3,1,-8.882760969017746e-06
3086,14,12,7,-8.88276096901775e-06
3087,1,3,8,-8.882760969017753e-06
3088,0,7,5,-8.88276096901782e-06
3089,5,7,0,-8.88276096901782e-06
3090,6,4,3,-8.88276096901782e-06
3091,2,0,7,-8.882760969017823e-06
3092,3,4,6,-8.882760969017824e-06
3093,7,0,2,-8.882760969017828e-06
3094,10,8,15,-8.882760969017828e-06
3095,11,12,14,-8.882760969017828e-06
3096,12,11,9,-8.88276096901783e-06
3097,14,12,11,-8.88276096901783e-06
3098,15,8,10,-8.88276096901783e-06
3099,4,3,1,-8.882760969017831e-06
3100,9,11,12,-8.882760969017831e-06
3101,1,3,4,-8.882760969017831e-06
3102,13,15,8,-8.882760969017833e-06
3103,8,15,13,-8.882760969017834e-06
3104,15,11,7,-3.30744913840286e-05
3105,2,6,10,-3.30744913840286e-05
3106,8,4,0,-3.30744913840286e-05
3107,10,6,2,-3.307449138402861e-05
3108,0,4,8,-3.307449138402861e-05
3109,7,11,15,-3.307449138402861e-05
3110,13,9,5,-3.3074491384028616e-05
3111,5,9,13,-3.3074491384028616e-05
3112,8,4,12,-3.3074491384028684e-05
3113,12,4,8,-3.3074491384028684e-05
3114,14,6,10,-3.30744913840287e-05
3115,8,0,12,-3.30744913840287e-05
3116,10,2,14,-3.30744913840287e-05
3117,12,0,8,-3.30744913840287e-05
3118,10,6,14,-3.30744913840287e-05
3119,14,2,10,-3.30744913840287e-05
3120,7,15,3,-3.3074491384028704e-05
3121,3,11,7,-3.3074491384028704e-05
3122,3,15,7,-3.3074491384028704e-05
3123,7,11,3,-3.307449138402871e-05
3124,5,13,1,-3.307449138402871e-05
3125,1,13,5,-3.307449138402872e-05
3126,0,12,8,-3.307449138402872e-05
3127,2,14,10,-3.3074491384028725e-05
3128,7,3,15,-3.3074491384028725e-05
3129,8,12,0,-3.3074491384028725e-05
3130,1,9,5,-3.307449138402873e-05
3131,10,14,2,-3.307449138402873e-05
3132,5,9,1,-3.307449138402873e-05
3133,15,3,7,-3.307449138402873e-05
3134,5,1,13,-3.307449138402874e-05
3135,13,1,5,-3.307449138402875e-05
3136,14,2,6,-3.307449138402889e-05
3137,6,2,14,-3.307449138402889e-05
3138,1,13,9,-3.3074491384028894e-05
3139,12,0,4,-3.3074491384028894e-05
3140,3,15,11,-3.3074491384028894e-05
3141,4,0,12,-3.30744913840289e-05
3142,9,13,1,-3.30744913840289e-05
3143,11,15,3,-3.30744913840289e-05
3144,9,5,1,-3.3074491384029e-05
3145,1,5,9,-3.307449138402901e-05
3146,6,10,14,-3.3074491384029016e-05
3147,4,8,12,-3.3074491384029016e-05
3148,12,8,4,-3.3074491384029016e-05
3149,14,10,6,-3.3074491384029016e-05
3150,11,7,3,-3.307449138402902e-05
3151,3,7,11,-3.307449138402902e-05
3152,6,10,2,-3.307449138402906e-05
3153,11,3,15,-3.307449138402906e-05
3154,2,10,6,-3.307449138402906e-05
3155,9,1,13,-3.307449138402906e-05
3156,6,14,2,-3.307449138402906e-05
3157,13,1,9,-3.307449138402906e-05
3158,2,14,6,-3.307449138402906e-05
3159,0,12,4,-3.307449138402907e-05
3160,15,3,11,-3.307449138402907e-05
3161,15,7,11,-3.307449138402907e-05
3162,4,8,0,-3.307449138402908e-05
3163,4,12,0,-3.307449138402908e-05
3164,13,5,9,-3.307449138402908e-05
3165,0,8,4,-3.307449138402908e-05
3166,11,7,15,-3.307449138402908e-05
3167,9,5,13,-3.307449138402908e-05
3168,9,11,13,-3.308076200801502e-05
3169,2,4,6,-3.3080762008015025e-05
3170,13,11,9,-3.3080762008015025e-05
3171,14,12,10,-3.3080762008015025e-05
3172,6,4,2,-3.3080762008015025e-05
3173,10,12,14,-3.308076200801503e-05
3174,14,4,6,-3.308076200801504e-05
3175,13,15,5,-3.308076200801504e-05
3176,5,15,13,-3.308076200801504e-05
3177,9,11,1,-3.3080762008015045e-05
3178,6,4,14,-3.3080762008015045e-05
3179,10,0,2,-3.3080762008015045e-05
3180,2,0,10,-3.308076200801505e-05
3181,5,3,1,-3.308076200801505e-05
3182,1,11,9,-3.308076200801505e-05
3183,1,3,5,-3.308076200801505e-05
3184,15,13,7,-3.308076200801506e-05
3185,7,13,15,-3.308076200801506e-05
3186,4,6,12,-3.308076200801507e-05
3187,3,9,11,-3.308076200801507e-05
3188,15,9,11,-3.308076200801508e-05
3189,11,9,3,-3.308076200801508e-05
3190,12,6,4,-3.308076200801508e-05
3191,8,2,0,-3.308076200801509e-05
3192,8,14,12,-3.308076200801509e-05
3193,11,9,15,-3.308076200801509e-05
3194,0,2,8,-3.308076200801509e-05
3195,3,1,7,-3.30807620080151e-05
3196,12,14,8,-3.30807620080151e-05
3197,4,6,0,-3.3080762008015106e-05
3198,0,6,4,-3.3080762008015106e-05
3199,7,1,3,-3.3080762008015106e-05
3200,13,15,9,-3.308076200801514e-05
3201,6,0,2,-3.308076200801515e-05
3202,9,15,13,-3.308076200801515e-05
3203,14,8,10,-3.3080762008015154e-05
3204,2,0,6,-3.3080762008015154e-05
3205,5,7,1,-3.308076200801516e-05
3206,1,7,5,-3.308076200801516e-05
3207,10,8,14,-3.308076200801516e-05
3208,12,10,8,-3.3080762008015194e-05
3209,3,5,7,-3.30807620080152e-05
3210,7,5,3,-3.30807620080152e-05
3211,8,10,12,-3.30807620080152e-05
3212,11,13,15,-3.3080762008015215e-05
3213,15,13,11,-3.3080762008015215e-05
3214,0,2,4,-3.308076200801523e-05
3215,4,2,0,-3.308076200801523e-05
3216,5,7,13,-3.308076200801542e-05
3217,13,7,5,-3.308076200801542e-05
3218,6,12,14,-3.3080762008015425e-05
3219,14,12,6,-3.308076200801543e-05
3220,2,8,10,-3.308076200801543e-05
3221,10,8,2,-3.308076200801543e-05
3222,9,3,1,-3.308076200801544e-05
3223,4,14,12,-3.3080762008015445e-05
3224,1,3,9,-3.3080762008015445e-05
3225,12,14,4,-3.3080762008015445e-05
3226,11,1,3,-3.3080762008015445e-05
3227,3,1,11,-3.308076200801545e-05
3228,15,5,7,-3.308076200801545e-05
3229,7,5,15,-3.308076200801545e-05
3230,8,10,0,-3.3080762008015466e-05
3231,0,10,8,-3.308076200801547e-05
3232,9,11,3,-3.3121876744604146e-05
3233,2,0,8,-3.3121876744604146e-05
3234,3,11,9,-3.3121876744604146e-05
3235,15,13,5,-3.312187674460415e-05
3236,13,15,7,-3.312187674460415e-05
3237,11,9,1,-3.312187674460415e-05
3238,8,0,2,-3.312187674460415e-05
3239,0,2,10,-3.312187674460416e-05
3240,7,15,13,-3.312187674460416e-05
3241,1,9,11,-3.312187674460416e-05
3242,4,6,14,-3.312187674460416e-05
3243,5,13,15,-3.312187674460416e-05
3244,14,6,4,-3.312187674460416e-05
3245,10,2,0,-3.312187674460416e-05
3246,6,4,12,-3.3121876744604167e-05
3247,12,4,6,-3.312187674460417e-05
3248,14,12,4,-3.312187674460419e-05
3249,1,3,11,-3.312187674460419e-05
3250,11,3,1,-3.312187674460419e-05
3251,4,12,14,-3.312187674460419e-05
3252,7,5,13,-3.3121876744604194e-05
3253,8,10,2,-3.31218767446042e-05
3254,15,7,5,-3.31218767446042e-05
3255,13,5,7,-3.31218767446042e-05
3256,2,10,8,-3.31218767446042e-05
3257,10,8,0,-3.312187674460421e-05
3258,12,14,6,-3.312187674460421e-05
3259,3,1,9,-3.312187674460421e-05
3260,5,7,15,-3.312187674460421e-05
3261,6,14,12,-3.312187674460421e-05
3262,0,8,10,-3.312187674460421e-05
3263,9,1,3,-3.3121876744604214e-05
3264,2,6,4,-3.312187674460426e-05
3265,5,1,3,-3.312187674460427e-05
3266,4,6,2,-3.312187674460427e-05
3267,10,14,12,-3.312187674460427e-05
3268,3,1,5,-3.312187674460427e-05
3269,13,9,11,-3.312187674460428e-05
3270,11,9,13,-3.312187674460428e-05
3271,12,14,10,-3.312187674460428e-05
3272,15,11,9,-3.312187674460428e-05
3273,7,3,1,-3.312187674460429e-05
3274,14,12,8,-3.312187674460429e-05
3275,9,11,15,-3.3121876744604295e-05
3276,0,4,6,-3.3121876744604295e-05
3277,1,3,7,-3.3121876744604295e-05
3278,6,4,0,-3.3121876744604295e-05
3279,8,12,14,-3.3121876744604295e-05
3280,7,5,1,-3.312187674460454e-05
3281,1,5,7,-3.312187674460454e-05
3282,15,13,9,-3.3121876744604546e-05
3283,9,13,15,-3.3121876744604546e-05
3284,8,10,14,-3.312187674460455e-05
3285,14,10,8,-3.312187674460455e-05
3286,6,2,0,-3.3121876744604566e-05
3287,0,2,6,-3.3121876744604566e-05
3288,3,7,5,-3.312187674460457e-05
3289,4,0,2,-3.312187674460458e-05
3290,11,15,13,-3.312187674460458e-05
3291,5,7,3,-3.312187674460458e-05
3292,2,0,4,-3.312187674460458e-05
3293,13,15,11,-3.312187674460459e-05
3294,10,8,12,-3.3121876744604593e-05
3295,12,8,10,-3.31218767446046e-05
3296,5,9,3,-3.319393861534949e-05
3297,8,4,14,-3.319393861534949e-05
3298,3,9,5,-3.319393861534949e-05
3299,14,4,8,-3.31939386153495e-05
3300,10,0,12,-3.31939386153495e-05
3301,3,15,5,-3.31939386153495e-05
3302,8,2,14,-3.31939386153495e-05
3303,12,0,10,-3.31939386153495e-05
3304,14,2,8,-3.31939386153495e-05
3305,7,11,1,-3.31939386153495e-05
3306,5,15,3,-3.3193938615349505e-05
3307,10,6,12,-3.3193938615349505e-05
3308,1,11,7,-3.3193938615349505e-05
3309,12,6,10,-3.319393861534951e-05
3310,1,13,7,-3.319393861534952e-05
3311,7,13,1,-3.319393861534952e-05
3312,10,6,0,-3.3193938615349864e-05
3313,0,6,10,-3.3193938615349864e-05
3314,7,11,13,-3.319393861534987e-05
3315,8,4,2,-3.319393861534988e-05
3316,2,4,8,-3.319393861534988e-05
3317,15,9,5,-3.319393861534988e-05
3318,13,11,7,-3.319393861534988e-05
3319,5,9,15,-3.319393861534988e-05
3320,13,1,7,-3.319393861534993e-05
3321,7,1,13,-3.319393861534993e-05
3322,10,12,0,-3.319393861534993e-05
3323,2,14,8,-3.3193938615349946e-05
3324,8,14,2,-3.3193938615349946e-05
3325,5,3,15,-3.3193938615349946e-05
3326,0,12,10,-3.3193938615349946e-05
3327,15,3,5,-3.3193938615349946e-05
3328,11,13,1,-3.319393861535016e-05
3329,1,13,11,-3.319393861535016e-05
3330,3,15,9,-3.319393861535016e-05
3331,9,15,3,-3.319393861535016e-05
3332,14,2,4,-3.319393861535016e-05
3333,4,2,14,-3.319393861535017e-05
3334,12,0,6,-3.3193938615350176e-05
3335,6,0,12,-3.3193938615350176e-05
3336,11,7,1,-3.319393861535022e-05
3337,1,7,11,-3.3193938615350224e-05
3338,3,5,9,-3.319393861535023e-05
3339,9,5,3,-3.319393861535023e-05
3340,4,8,14,-3.319393861535024e-05
3341,6,10,12,-3.319393861535024e-05
3342,14,8,4,-3.3193938615350244e-05
3343,12,10,6,-3.3193938615350244e-05
3344,13,7,11,-3.3193938615350325e-05
3345,11,7,13,-3.3193938615350325e-05
3346,2,14,4,-3.3193938615350325e-05
3347,4,14,2,-3.3193938615350325e-05
3348,11,1,13,-3.3193938615350325e-05
3349,13,1,11,-3.3193938615350325e-05
3350,4,8,2,-3.319393861535033e-05
3351,15,5,9,-3.319393861535033e-05
3352,2,8,4,-3.319393861535033e-05
3353,0,10,6,-3.319393861535034e-05
3354,6,10,0,-3.319393861535034e-05
3355,9,3,15,-3.319393861535034e-05
3356,9,5,15,-3.319393861535034e-05
3357,6,12,0,-3.319393861535034e-05
3358,15,3,9,-3.319393861535034e-05
3359,0,12,6,-3.319393861535034e-05
